0.000000000000000000e+00,1.484032158608021928e+04
2.083333333333333218e-02,1.437029741858349007e+04
4.166666666666666435e-02,1.434974297093365749e+04
6.250000000000000000e-02,1.486292404026134682e+04
8.333333333333332871e-02,1.446985701106676424e+04
1.041666666666666574e-01,1.406163332351271310e+04
1.250000000000000000e-01,1.465928840699636567e+04
1.458333333333333148e-01,1.522114043887161097e+04
1.666666666666666574e-01,1.401807840152626886e+04
1.875000000000000000e-01,1.334639453418692210e+04
2.083333333333333148e-01,1.517717814504071794e+04
2.291666666666666574e-01,1.525996732246577449e+04
2.500000000000000000e-01,1.427884432572731021e+04
2.708333333333333148e-01,1.405021214731401778e+04
2.916666666666666297e-01,1.434643787549159242e+04
3.125000000000000000e-01,1.445823527117487538e+04
3.333333333333333148e-01,1.510474767777094530e+04
3.541666666666666297e-01,1.446032267797709937e+04
3.750000000000000000e-01,1.372358119725259894e+04
3.958333333333333148e-01,1.461361262416846148e+04
4.166666666666666297e-01,1.567016601864422410e+04
4.375000000000000000e-01,1.376238070711937689e+04
4.583333333333333148e-01,1.335345898969706104e+04
4.791666666666666297e-01,1.557471091971725036e+04
5.000000000000000000e-01,1.521900061877854023e+04
5.208333333333332593e-01,1.276258318122956916e+04
5.416666666666666297e-01,1.414354624760702063e+04
5.625000000000000000e-01,1.616493610926025212e+04
5.833333333333332593e-01,1.445266934236921952e+04
6.041666666666666297e-01,1.272993574964380241e+04
6.250000000000000000e-01,1.471843185192314559e+04
6.458333333333332593e-01,1.580956835681843950e+04
6.666666666666666297e-01,1.358654362219087125e+04
6.875000000000000000e-01,1.351393354684149745e+04
7.083333333333332593e-01,1.530725252940710197e+04
7.291666666666666297e-01,1.485722858425211598e+04
7.500000000000000000e-01,1.355803069284087906e+04
7.708333333333332593e-01,1.444470405098802803e+04
7.916666666666666297e-01,1.468731499624903154e+04
8.125000000000000000e-01,1.444688996234435763e+04
8.333333333333332593e-01,1.472980933342285061e+04
8.541666666666666297e-01,1.449767202988337885e+04
8.750000000000000000e-01,1.420266211580488380e+04
8.958333333333332593e-01,1.473842765457037240e+04
9.166666666666666297e-01,1.499213950583325641e+04
9.375000000000000000e-01,1.377574110580560955e+04
9.583333333333332593e-01,1.404025512866079225e+04
9.791666666666666297e-01,1.540972927830866320e+04
1.000000000000000000e+00,1.460788667245658507e+04
1.020833333333333259e+00,1.297292397314987466e+04
1.041666666666666519e+00,1.483252281648474309e+04
1.062500000000000000e+00,1.615404624947803677e+04
1.083333333333333259e+00,1.373853239795365880e+04
1.104166666666666519e+00,1.272779341241970906e+04
1.125000000000000000e+00,1.531950012889821664e+04
1.145833333333333259e+00,1.594725708619668876e+04
1.166666666666666519e+00,1.279134014936144376e+04
1.187500000000000000e+00,1.315715091080334969e+04
1.208333333333333259e+00,1.616318617453513434e+04
1.229166666666666519e+00,1.537803216498488109e+04
1.250000000000000000e+00,1.272775366830655548e+04
1.270833333333333259e+00,1.373721479415897556e+04
1.291666666666666519e+00,1.610398591275520812e+04
1.312500000000000000e+00,1.418208504164823898e+04
1.333333333333333259e+00,1.322056128360562070e+04
1.354166666666666519e+00,1.493047311022461508e+04
1.375000000000000000e+00,1.529900557390014728e+04
1.395833333333333259e+00,1.366041058768813673e+04
1.416666666666666519e+00,1.440424825264502579e+04
1.437500000000000000e+00,1.507343262091464567e+04
1.458333333333333259e+00,1.420134215193182899e+04
1.479166666666666519e+00,1.421088248527405813e+04
1.500000000000000000e+00,1.471075894046037865e+04
1.520833333333333259e+00,1.438842164142423644e+04
1.541666666666666519e+00,1.444737506446064071e+04
1.562500000000000000e+00,1.504093924436732777e+04
1.583333333333333259e+00,1.413647047466138611e+04
1.604166666666666519e+00,1.374741190143374843e+04
1.625000000000000000e+00,1.504848850513267462e+04
1.645833333333333259e+00,1.530325800900764807e+04
1.666666666666666519e+00,1.355332258346883100e+04
1.687500000000000000e+00,1.358800952211053664e+04
1.708333333333333259e+00,1.543579981837152081e+04
1.729166666666666519e+00,1.507040663001928624e+04
1.750000000000000000e+00,1.309405923594615524e+04
1.770833333333333259e+00,1.421009695748563172e+04
1.791666666666666519e+00,1.555832482621890085e+04
1.812500000000000000e+00,1.441394626935874840e+04
1.833333333333333259e+00,1.358915639670263045e+04
1.854166666666666519e+00,1.503870509470921388e+04
1.875000000000000000e+00,1.504826392346080320e+04
1.895833333333333259e+00,1.358174753365560173e+04
1.916666666666666519e+00,1.417403789618366864e+04
1.937500000000000000e+00,1.530384880627310849e+04
1.958333333333333259e+00,1.451074178361535451e+04
1.979166666666666519e+00,1.358452036234656771e+04
2.000000000000000000e+00,1.486497904491190275e+04
2.020833333333333037e+00,1.514871594058411938e+04
2.041666666666666519e+00,1.358259955378408631e+04
2.062500000000000000e+00,1.420408067559497795e+04
2.083333333333333037e+00,1.530344867811731456e+04
2.104166666666666519e+00,1.442790915445178689e+04
2.125000000000000000e+00,1.376670463525521700e+04
2.145833333333333037e+00,1.475832190744727632e+04
2.166666666666666519e+00,1.499879521856137580e+04
2.187500000000000000e+00,1.405446742237298531e+04
2.208333333333333037e+00,1.427647779436893325e+04
2.229166666666666519e+00,1.448884441483622504e+04
2.250000000000000000e+00,1.459666857402832466e+04
2.270833333333333037e+00,1.446332601686955968e+04
2.291666666666666519e+00,1.492861397840944483e+04
2.312500000000000000e+00,1.398750328972784337e+04
2.333333333333333037e+00,1.399627551399507502e+04
2.354166666666666519e+00,1.510247345370611220e+04
2.375000000000000000e+00,1.488058572217357141e+04
2.395833333333333037e+00,1.342788946310013125e+04
2.416666666666666519e+00,1.442750243792297260e+04
2.437500000000000000e+00,1.579475061453941817e+04
2.458333333333333037e+00,1.404811854690890323e+04
2.479166666666666519e+00,1.272470371963038633e+04
2.500000000000000000e+00,1.500251931954420797e+04
2.520833333333333037e+00,1.591264635049467688e+04
2.541666666666666519e+00,1.361771779811165834e+04
2.562500000000000000e+00,1.283865942259621443e+04
2.583333333333333037e+00,1.564217200272457194e+04
2.604166666666666519e+00,1.601783256328003699e+04
2.625000000000000000e+00,1.272624402988797738e+04
2.645833333333333037e+00,1.328173106484511663e+04
2.666666666666666519e+00,1.616304251464789559e+04
2.687500000000000000e+00,1.516219148208436309e+04
2.708333333333333037e+00,1.272894364758469965e+04
2.729166666666666519e+00,1.409366245486287153e+04
2.750000000000000000e+00,1.596474128549839588e+04
2.770833333333333037e+00,1.444254134546743444e+04
2.791666666666666519e+00,1.320876346605138679e+04
2.812500000000000000e+00,1.444379261720808790e+04
2.833333333333333037e+00,1.546488705844705692e+04
2.854166666666666519e+00,1.439293736040343356e+04
2.875000000000000000e+00,1.367654067731811301e+04
2.895833333333333037e+00,1.474595318752234380e+04
2.916666666666666519e+00,1.467158525702522820e+04
2.937500000000000000e+00,1.459772017159163806e+04
2.958333333333333037e+00,1.444835181816749900e+04
2.979166666666666519e+00,1.377564675247390551e+04
3.000000000000000000e+00,1.444774289918016075e+04
3.020833333333333037e+00,1.537526713728755931e+04
3.041666666666666519e+00,1.444772619080276490e+04
3.062500000000000000e+00,1.319245972604615599e+04
3.083333333333333037e+00,1.479702196612527769e+04
3.104166666666666519e+00,1.595236648632662400e+04
3.125000000000000000e+00,1.380468966220891525e+04
3.145833333333333037e+00,1.272819003359550697e+04
3.166666666666666519e+00,1.530332341583546440e+04
3.187500000000000000e+00,1.616349417412586627e+04
3.208333333333333037e+00,1.302661804404814757e+04
3.229166666666666519e+00,1.296812579780921806e+04
3.250000000000000000e+00,1.616089487499939423e+04
3.270833333333333037e+00,1.532304030877273908e+04
3.291666666666666519e+00,1.272787216115651972e+04
3.312500000000000000e+00,1.365235559807738900e+04
3.333333333333333037e+00,1.615851075126325304e+04
3.354166666666666519e+00,1.459003422986038277e+04
3.375000000000000000e+00,1.309418586565310034e+04
3.395833333333333037e+00,1.444166872437450365e+04
3.416666666666666519e+00,1.543498184084325112e+04
3.437500000000000000e+00,1.416788187038273463e+04
3.458333333333333037e+00,1.377439206313646719e+04
3.479166666666666519e+00,1.467190629043291847e+04
3.500000000000000000e+00,1.449161015480544665e+04
3.520833333333333037e+00,1.494304565612906663e+04
3.541666666666666519e+00,1.444447669098927872e+04
3.562500000000000000e+00,1.366007932155302115e+04
3.583333333333333037e+00,1.444688470278783279e+04
3.604166666666666519e+00,1.565902448380426722e+04
3.625000000000000000e+00,1.429634928438342831e+04
3.645833333333333037e+00,1.301778434040520369e+04
3.666666666666666519e+00,1.515678404768777909e+04
3.687500000000000000e+00,1.576389456100400275e+04
3.708333333333333037e+00,1.327497858663090665e+04
3.729166666666666519e+00,1.324488034799933303e+04
3.750000000000000000e+00,1.616364036611072152e+04
3.770833333333333037e+00,1.472276768897199145e+04
3.791666666666666519e+00,1.283548020079839262e+04
3.812500000000000000e+00,1.439894891156363155e+04
3.833333333333333037e+00,1.616413854606708264e+04
3.854166666666666519e+00,1.403293750471099338e+04
3.875000000000000000e+00,1.290140671784099686e+04
3.895833333333333037e+00,1.530210631173336515e+04
3.916666666666666519e+00,1.553027880973136416e+04
3.937500000000000000e+00,1.358474054589919979e+04
3.958333333333333037e+00,1.365163356810166806e+04
3.979166666666666519e+00,1.530441835911669114e+04
4.000000000000000000e+00,1.451717231647008521e+04
4.020833333333333037e+00,1.368385527274803826e+04
4.041666666666666075e+00,1.444417855507480272e+04
4.062500000000000000e+00,1.484637223095407899e+04
4.083333333333333037e+00,1.444952237141256774e+04
4.104166666666666075e+00,1.452282409187894154e+04
4.125000000000000000e+00,1.444657749894114386e+04
4.145833333333333037e+00,1.380502980867801671e+04
4.166666666666666075e+00,1.478814710089110667e+04
4.187500000000000000e+00,1.530313126541205565e+04
4.208333333333333037e+00,1.396641196215985110e+04
4.229166666666666075e+00,1.374895930730779219e+04
4.250000000000000000e+00,1.551444588849414140e+04
4.270833333333333037e+00,1.524195888300677325e+04
4.291666666666666075e+00,1.277741972867858931e+04
4.312500000000000000e+00,1.395504565288647427e+04
4.333333333333333037e+00,1.599804837862098066e+04
4.354166666666666075e+00,1.451033182773167209e+04
4.375000000000000000e+00,1.272846970626803159e+04
4.395833333333333037e+00,1.480648733717219511e+04
4.416666666666666075e+00,1.602437560345201564e+04
4.437500000000000000e+00,1.358282599380871761e+04
4.458333333333333037e+00,1.329145144267040450e+04
4.479166666666666075e+00,1.530235472876716085e+04
4.500000000000000000e+00,1.519475670256125522e+04
4.520833333333333037e+00,1.352426335200372341e+04
4.541666666666666075e+00,1.420081025685305212e+04
4.562500000000000000e+00,1.515461045468415614e+04
4.583333333333333037e+00,1.444513612027650015e+04
4.604166666666666075e+00,1.418183874710663440e+04
4.625000000000000000e+00,1.444649316913532675e+04
4.645833333333333037e+00,1.448982170575126656e+04
4.666666666666666075e+00,1.444702974383435503e+04
4.687500000000000000e+00,1.498032842917646849e+04
4.708333333333333037e+00,1.419764880340567470e+04
4.729166666666666075e+00,1.384650478610408391e+04
4.750000000000000000e+00,1.474655629550624144e+04
4.770833333333333037e+00,1.530493848943989724e+04
4.791666666666666075e+00,1.373191383532280815e+04
4.812500000000000000e+00,1.358905935727110045e+04
4.833333333333333037e+00,1.547364798852392778e+04
4.854166666666666075e+00,1.528921515321736661e+04
4.875000000000000000e+00,1.279990522473021701e+04
4.895833333333333037e+00,1.401783191570496274e+04
4.916666666666666075e+00,1.616122983046243826e+04
4.937500000000000000e+00,1.457234631813500891e+04
4.958333333333333037e+00,1.272620852091734923e+04
4.979166666666666075e+00,1.455957243601496884e+04
5.000000000000000000e+00,1.616396021582938556e+04
5.020833333333333037e+00,1.346490060316744712e+04
5.041666666666666075e+00,1.309063718852839156e+04
5.062500000000000000e+00,1.530264483537526758e+04
5.083333333333333037e+00,1.554959327026422761e+04
5.104166666666666075e+00,1.358716722594545718e+04
5.125000000000000000e+00,1.358723043477096871e+04
5.145833333333333037e+00,1.530500227902424376e+04
5.166666666666666075e+00,1.479965897943963864e+04
5.187500000000000000e+00,1.380492311353529658e+04
5.208333333333333037e+00,1.444272559899653788e+04
5.229166666666666075e+00,1.485951045508520838e+04
5.250000000000000000e+00,1.444379421348781761e+04
5.270833333333333037e+00,1.456620312857876343e+04
5.291666666666666075e+00,1.462014733883370354e+04
5.312500000000000000e+00,1.393227899286192405e+04
5.333333333333333037e+00,1.472210394644635016e+04
5.354166666666666075e+00,1.530395034613931421e+04
5.375000000000000000e+00,1.375532835466114193e+04
5.395833333333333037e+00,1.354225201628462673e+04
5.416666666666666075e+00,1.522104335650961002e+04
5.437500000000000000e+00,1.530643977909826572e+04
5.458333333333333037e+00,1.288036304685464347e+04
5.479166666666666075e+00,1.393748720969440546e+04
5.500000000000000000e+00,1.616120155890185561e+04
5.520833333333333037e+00,1.467992110197386137e+04
5.541666666666666075e+00,1.272663359332934124e+04
5.562500000000000000e+00,1.447929879814605374e+04
5.583333333333333037e+00,1.616350781677081613e+04
5.604166666666666075e+00,1.386921215003126781e+04
5.625000000000000000e+00,1.302148171744066349e+04
5.645833333333333037e+00,1.530363983684094637e+04
5.666666666666666075e+00,1.549369830202954472e+04
5.687500000000000000e+00,1.351742175235725153e+04
5.708333333333333037e+00,1.370939414108886194e+04
5.729166666666666075e+00,1.530476221278788580e+04
5.750000000000000000e+00,1.450941287968497272e+04
5.770833333333333037e+00,1.369779643386778480e+04
5.791666666666666075e+00,1.447569946620353949e+04
5.812500000000000000e+00,1.488443835241826673e+04
5.833333333333333037e+00,1.444793724961491534e+04
5.854166666666666075e+00,1.464914337730633633e+04
5.875000000000000000e+00,1.461662459033152845e+04
5.895833333333333037e+00,1.375244049245486895e+04
5.916666666666666075e+00,1.485254279743706138e+04
5.937500000000000000e+00,1.530679257667536513e+04
5.958333333333333037e+00,1.368932404803581449e+04
5.979166666666666075e+00,1.351796171447189045e+04
6.000000000000000000e+00,1.523742178991127366e+04
6.020833333333333037e+00,1.523786574048817783e+04
6.041666666666666075e+00,1.302009612903382367e+04
6.062500000000000000e+00,1.428981155751863116e+04
6.083333333333333037e+00,1.587773184434920404e+04
6.104166666666666075e+00,1.449459236801385487e+04
6.125000000000000000e+00,1.272937901986072029e+04
6.145833333333333037e+00,1.484854158840801756e+04
6.166666666666666075e+00,1.598994579896147479e+04
6.187500000000000000e+00,1.358328377190195897e+04
6.208333333333333037e+00,1.346763831333697817e+04
6.229166666666666075e+00,1.530406355332241583e+04
6.250000000000000000e+00,1.530694388656620140e+04
6.270833333333333037e+00,1.323712249329522820e+04
6.291666666666666075e+00,1.399537206536386293e+04
6.312500000000000000e+00,1.545104653831003816e+04
6.333333333333333037e+00,1.444528997237070507e+04
6.354166666666666075e+00,1.382974282523625880e+04
6.375000000000000000e+00,1.444753173876177971e+04
6.395833333333333037e+00,1.489885789235587436e+04
6.416666666666666075e+00,1.444749996073539296e+04
6.437500000000000000e+00,1.424111970464639671e+04
6.458333333333333037e+00,1.474742448929314560e+04
6.479166666666666075e+00,1.444856865438459135e+04
6.500000000000000000e+00,1.465171288124427156e+04
6.520833333333333037e+00,1.445137647052639659e+04
6.541666666666666075e+00,1.399417129086712521e+04
6.562500000000000000e+00,1.445013419015590625e+04
6.583333333333333037e+00,1.509684794270784550e+04
6.604166666666666075e+00,1.440406566931766429e+04
6.625000000000000000e+00,1.358610104578183746e+04
6.645833333333333037e+00,1.484801270032558023e+04
6.666666666666666075e+00,1.530677111336250164e+04
6.687500000000000000e+00,1.350021818130538304e+04
6.708333333333333037e+00,1.358638016099148808e+04
6.729166666666666075e+00,1.592940029112055345e+04
6.750000000000000000e+00,1.498649376995581042e+04
6.770833333333333037e+00,1.272415289535260672e+04
6.791666666666666075e+00,1.417568219492402932e+04
6.812500000000000000e+00,1.616178693652470247e+04
6.833333333333333037e+00,1.444814739157265649e+04
6.854166666666666075e+00,1.272641052373143248e+04
6.875000000000000000e+00,1.491029373155365829e+04
6.895833333333333037e+00,1.595213865204891408e+04
6.916666666666666075e+00,1.338991833611100446e+04
6.937500000000000000e+00,1.330737994115681067e+04
6.958333333333333037e+00,1.528807846744832932e+04
6.979166666666666075e+00,1.502191427254816881e+04
7.000000000000000000e+00,1.358895281165129927e+04
7.020833333333333037e+00,1.438967895569830944e+04
7.041666666666666075e+00,1.504668440688161718e+04
7.062500000000000000e+00,1.444581002496977089e+04
7.083333333333333037e+00,1.421184251852099260e+04
7.104166666666666075e+00,1.444371348836209654e+04
7.125000000000000000e+00,1.438504669430200374e+04
7.145833333333333037e+00,1.444616770732600708e+04
7.166666666666666075e+00,1.501992655854442273e+04
7.187500000000000000e+00,1.417378916941517673e+04
7.208333333333333037e+00,1.401271582254235909e+04
7.229166666666666075e+00,1.503978194904526754e+04
7.250000000000000000e+00,1.480705721900721619e+04
7.270833333333333037e+00,1.359934197599346953e+04
7.291666666666666075e+00,1.444747270829627087e+04
7.312500000000000000e+00,1.588922373046058055e+04
7.333333333333333037e+00,1.408762768104411225e+04
7.354166666666666075e+00,1.274937387149319693e+04
7.375000000000000000e+00,1.502284137078585263e+04
7.395833333333333037e+00,1.591625885997067962e+04
7.416666666666666075e+00,1.343968255753935591e+04
7.437500000000000000e+00,1.272912297513659723e+04
7.458333333333333037e+00,1.596150463569626663e+04
7.479166666666666075e+00,1.577442373412376037e+04
7.500000000000000000e+00,1.272597498945849657e+04
7.520833333333333037e+00,1.335578162315032023e+04
7.541666666666666075e+00,1.616238040669458496e+04
7.562500000000000000e+00,1.513753975842573345e+04
7.583333333333333037e+00,1.272739473713689222e+04
7.604166666666666075e+00,1.429522244051999587e+04
7.625000000000000000e+00,1.573169839198475529e+04
7.645833333333333037e+00,1.410119648077400780e+04
7.666666666666666075e+00,1.337428658963070484e+04
7.687500000000000000e+00,1.531175951786931910e+04
7.708333333333333037e+00,1.479615591816833330e+04
7.729166666666666075e+00,1.391566495299130111e+04
7.750000000000000000e+00,1.540347568773667808e+04
7.770833333333333037e+00,1.508240708788475968e+04
7.791666666666666075e+00,1.439399744900333462e+04
7.812500000000000000e+00,1.541834180202682546e+04
7.833333333333333037e+00,1.451346279145584413e+04
7.854166666666666075e+00,1.386451484427622563e+04
7.875000000000000000e+00,1.478280485689407215e+04
7.895833333333333037e+00,1.532945199725005295e+04
7.916666666666666075e+00,1.400916552700962347e+04
7.937500000000000000e+00,1.360402052218997051e+04
7.958333333333333037e+00,1.532901210485132469e+04
7.979166666666666075e+00,1.533408627800950489e+04
8.000000000000000000e+00,1.331742788878477586e+04
8.020833333333332149e+00,1.396070589392405964e+04
8.041666666666666075e+00,1.615406642450332947e+04
8.062500000000000000e+00,1.467266813276617177e+04
8.083333333333332149e+00,1.277100653674447676e+04
8.104166666666666075e+00,1.436353213387048891e+04
8.125000000000000000e+00,1.615441010407896465e+04
8.145833333333332149e+00,1.363112732529584537e+04
8.166666666666666075e+00,1.329236925465252716e+04
8.187500000000000000e+00,1.532062361523849904e+04
8.208333333333332149e+00,1.529386469086595753e+04
8.229166666666666075e+00,1.360077638527521049e+04
8.250000000000000000e+00,1.395075053492686857e+04
8.270833333333332149e+00,1.516262593807563098e+04
8.291666666666666075e+00,1.420103398041815308e+04
8.312500000000000000e+00,1.407777146857237676e+04
8.333333333333332149e+00,1.445163102624638850e+04
8.354166666666666075e+00,1.434040495406030095e+04
8.375000000000000000e+00,1.446685533109282915e+04
8.395833333333332149e+00,1.521467114210892760e+04
8.416666666666666075e+00,1.417187966327204776e+04
8.437500000000000000e+00,1.381352570733156608e+04
8.458333333333332149e+00,1.512305367461711649e+04
8.479166666666666075e+00,1.521810495865256235e+04
8.500000000000000000e+00,1.339781022417189160e+04
8.520833333333332149e+00,1.360315773373202319e+04
8.541666666666666075e+00,1.611998889307341597e+04
8.562500000000000000e+00,1.480527022042909812e+04
8.583333333333332149e+00,1.272353500248672572e+04
8.604166666666666075e+00,1.431458597932898192e+04
8.625000000000000000e+00,1.599209625382814920e+04
8.645833333333332149e+00,1.418941708488258155e+04
8.666666666666666075e+00,1.280419655339279052e+04
8.687500000000000000e+00,1.526270920027484317e+04
8.708333333333332149e+00,1.562094950402823451e+04
8.729166666666666075e+00,1.338172465525009829e+04
8.750000000000000000e+00,1.358937465585369864e+04
8.770833333333332149e+00,1.530500353827612344e+04
8.791666666666666075e+00,1.490758546783469865e+04
8.812500000000000000e+00,1.375189777795560803e+04
8.833333333333332149e+00,1.488345847372305434e+04
8.854166666666666075e+00,1.472003936372326280e+04
8.875000000000000000e+00,1.391061889019794035e+04
8.895833333333332149e+00,1.446028420794588237e+04
8.916666666666666075e+00,1.530752857067254081e+04
8.937500000000000000e+00,1.399268341045476700e+04
8.958333333333332149e+00,1.382932941655797185e+04
8.979166666666666075e+00,1.530646531747249901e+04
9.000000000000000000e+00,1.468938684262905736e+04
9.020833333333332149e+00,1.346476006953553951e+04
9.041666666666666075e+00,1.454885344013678696e+04
9.062500000000000000e+00,1.530733464389765140e+04
9.083333333333332149e+00,1.382005051225572606e+04
9.104166666666666075e+00,1.380694780586062916e+04
9.125000000000000000e+00,1.530444564383347461e+04
9.145833333333332149e+00,1.466917629869134180e+04
9.166666666666666075e+00,1.358674008439631871e+04
9.187500000000000000e+00,1.485950518734467914e+04
9.208333333333332149e+00,1.530640758317101063e+04
9.229166666666666075e+00,1.347347492835575395e+04
9.250000000000000000e+00,1.402312609061379044e+04
9.270833333333332149e+00,1.525383702409662874e+04
9.291666666666666075e+00,1.461741645174416772e+04
9.312500000000000000e+00,1.358265032112571862e+04
9.333333333333332149e+00,1.469605662098244647e+04
9.354166666666666075e+00,1.712063649932415501e+04
9.375000000000000000e+00,1.408523580506415965e+04
9.395833333333332149e+00,1.344742052959603097e+04
9.416666666666666075e+00,1.555354219138619010e+04
9.437500000000000000e+00,1.532213888459983355e+04
9.458333333333332149e+00,1.368274024889209250e+04
9.479166666666666075e+00,1.358121246645071733e+04
9.500000000000000000e+00,1.534443737005174989e+04
9.520833333333332149e+00,1.530866503141143403e+04
9.541666666666666075e+00,1.346267419153897208e+04
9.562500000000000000e+00,1.407042254923259316e+04
9.583333333333332149e+00,1.563986924360458579e+04
9.604166666666666075e+00,1.433201171929740303e+04
9.625000000000000000e+00,1.360778822018111532e+04
9.645833333333332149e+00,1.450868143117020736e+04
9.666666666666666075e+00,1.460376746448803169e+04
9.687500000000000000e+00,1.481650309908945201e+04
9.708333333333332149e+00,1.448420870198178091e+04
9.729166666666666075e+00,1.420454865605323721e+04
9.750000000000000000e+00,1.445868387489319502e+04
9.770833333333332149e+00,1.490059574869012067e+04
9.791666666666666075e+00,1.446030844322662233e+04
9.812500000000000000e+00,1.407412814243307002e+04
9.833333333333332149e+00,1.455093318483246549e+04
9.854166666666666075e+00,1.531593072764621320e+04
9.875000000000000000e+00,1.386007077546341316e+04
9.895833333333332149e+00,1.360064219890257300e+04
9.916666666666666075e+00,1.530367665319689331e+04
9.937500000000000000e+00,1.531741792522934702e+04
9.958333333333332149e+00,1.308985058578067765e+04
9.979166666666666075e+00,1.382498303996081086e+04
1.000000000000000000e+01,1.617107784224969873e+04
1.002083333333333215e+01,1.460481114928679017e+04
1.004166666666666607e+01,1.273543387416180849e+04
1.006250000000000000e+01,1.439819512461798877e+04
1.008333333333333215e+01,1.617008423518277414e+04
1.010416666666666607e+01,1.405920241160746082e+04
1.012500000000000000e+01,1.285964861132568331e+04
1.014583333333333215e+01,1.530061652857442459e+04
1.016666666666666607e+01,1.134599852283688961e+04
1.018750000000000000e+01,1.217239296367797215e+04
1.020833333333333215e+01,1.289716353647812866e+04
1.022916666666666607e+01,1.364182258035395716e+04
1.025000000000000000e+01,1.360789941151842504e+04
1.027083333333333215e+01,1.382241565619914400e+04
1.029166666666666607e+01,1.511897168870241148e+04
1.031250000000000000e+01,1.435367896653955540e+04
1.033333333333333215e+01,1.383899669912629179e+04
1.035416666666666607e+01,1.429042835324382395e+04
1.037500000000000000e+01,1.522099958033907387e+04
1.039583333333333215e+01,1.426443926005822505e+04
1.041666666666666607e+01,1.357764343576931424e+04
1.043750000000000000e+01,1.520355246418630486e+04
1.045833333333333215e+01,1.490269250889549221e+04
1.047916666666666607e+01,1.348613906959197629e+04
1.050000000000000000e+01,1.399164221795817502e+04
1.052083333333333215e+01,1.530147538327167058e+04
1.054166666666666607e+01,1.447010647431496182e+04
1.056250000000000000e+01,1.364611581625524195e+04
1.058333333333333215e+01,1.537852335922500424e+04
1.060416666666666607e+01,1.482953621414836016e+04
1.062500000000000000e+01,1.357872484157992949e+04
1.064583333333333215e+01,1.438786358908486727e+04
1.066666666666666607e+01,1.530078676073462339e+04
1.068750000000000000e+01,1.410234505921249001e+04
1.070833333333333215e+01,1.339285119257169936e+04
1.072916666666666607e+01,1.529745964805490439e+04
1.075000000000000000e+01,1.480615136003964653e+04
1.077083333333333215e+01,1.376215832992769356e+04
1.079166666666666607e+01,1.466327825112248684e+04
1.081250000000000000e+01,1.530140658624002026e+04
1.083333333333333215e+01,1.382785053707345651e+04
1.085416666666666607e+01,1.396874479020165381e+04
1.087500000000000000e+01,1.530049377306457973e+04
1.089583333333333215e+01,1.456743540115031647e+04
1.091666666666666607e+01,1.341484208103260971e+04
1.093750000000000000e+01,1.475340647089820777e+04
1.095833333333333215e+01,1.521953413974812429e+04
1.097916666666666607e+01,1.358390413069944043e+04
1.100000000000000000e+01,1.418342432970382652e+04
1.102083333333333215e+01,1.530094206834031866e+04
1.104166666666666607e+01,1.445219533416975537e+04
1.106250000000000000e+01,1.344544745884706572e+04
1.108333333333333215e+01,1.481223958287355708e+04
1.110416666666666607e+01,1.502994882911298919e+04
1.112500000000000000e+01,1.362709201132440285e+04
1.114583333333333215e+01,1.429690942170251583e+04
1.116666666666666607e+01,1.545082642586082147e+04
1.118750000000000000e+01,1.429936940851751933e+04
1.120833333333333215e+01,1.396810899795231671e+04
1.122916666666666607e+01,1.521256663846776064e+04
1.125000000000000000e+01,1.464104167844410767e+04
1.127083333333333215e+01,1.358212677142269968e+04
1.129166666666666607e+01,1.440352609053749256e+04
1.131250000000000000e+01,1.530170326967780784e+04
1.133333333333333215e+01,1.424219190058449385e+04
1.135416666666666607e+01,1.366450690654875143e+04
1.137500000000000000e+01,1.498431930076116259e+04
1.139583333333333215e+01,1.477781555742872661e+04
1.141666666666666607e+01,1.365040322377803386e+04
1.143750000000000000e+01,1.445136741398392041e+04
1.145833333333333215e+01,1.530328098805539048e+04
1.147916666666666607e+01,1.397659996325344036e+04
1.150000000000000000e+01,1.410533837446243706e+04
1.152083333333333215e+01,1.530163827596695046e+04
1.154166666666666607e+01,1.467322846353215937e+04
1.156250000000000000e+01,1.358267011001619903e+04
1.158333333333333215e+01,1.422257503944848941e+04
1.160416666666666607e+01,1.530234745433548960e+04
1.162500000000000000e+01,1.398908776247821515e+04
1.164583333333333215e+01,1.399843350172854116e+04
1.166666666666666607e+01,1.527400638874692959e+04
1.168750000000000000e+01,1.381689214485868797e+04
1.170833333333333215e+01,1.305825750139223965e+04
1.172916666666666607e+01,1.349718026391913372e+04
1.175000000000000000e+01,1.504632361412417595e+04
1.177083333333333215e+01,1.444173257545115484e+04
1.179166666666666607e+01,1.433435627876138460e+04
1.181250000000000000e+01,1.438810198916648733e+04
1.183333333333333215e+01,1.445534690891368882e+04
1.185416666666666607e+01,1.503546940625512070e+04
1.187500000000000000e+01,1.589464205385115929e+04
1.189583333333333215e+01,1.569084014306194149e+04
1.191666666666666607e+01,1.396454862085873538e+04
1.193750000000000000e+01,1.546053284393133436e+04
1.195833333333333215e+01,1.500985814385957929e+04
1.197916666666666607e+01,1.323382800913563187e+04
1.200000000000000000e+01,1.497808765087409847e+04
1.202083333333333215e+01,1.562349434844626012e+04
1.204166666666666607e+01,1.350914099531867032e+04
1.206250000000000000e+01,1.376021134368591083e+04
1.208333333333333215e+01,1.540924193057394950e+04
1.210416666666666607e+01,1.490174167141848375e+04
1.212500000000000000e+01,1.360833586375464438e+04
1.214583333333333215e+01,1.447979996007456793e+04
1.216666666666666607e+01,1.532253374197467929e+04
1.218750000000000000e+01,1.389554997796440512e+04
1.220833333333333215e+01,1.394013555222499781e+04
1.222916666666666607e+01,1.532574735735120339e+04
1.225000000000000000e+01,1.447144761404769088e+04
1.227083333333333215e+01,1.339549080711925853e+04
1.229166666666666607e+01,1.496040348363350859e+04
1.231250000000000000e+01,1.532750587240826644e+04
1.233333333333333215e+01,1.358504999870799656e+04
1.235416666666666607e+01,1.378043689344704399e+04
1.237500000000000000e+01,1.530459218780538504e+04
1.239583333333333215e+01,1.473299239411563030e+04
1.241666666666666607e+01,1.358542903595947428e+04
1.243750000000000000e+01,1.458505880217064987e+04
1.245833333333333215e+01,1.493513760099829233e+04
1.247916666666666607e+01,1.444056659321192274e+04
1.250000000000000000e+01,1.429988415463077763e+04
1.252083333333333215e+01,1.444171281483113853e+04
1.254166666666666607e+01,1.416917454259593069e+04
1.256250000000000000e+01,1.452916198215714030e+04
1.258333333333333215e+01,1.529046793622452242e+04
1.260416666666666607e+01,1.404489688394190671e+04
1.262500000000000000e+01,1.368621383477258496e+04
1.264583333333333215e+01,1.528227218641107902e+04
1.266666666666666607e+01,1.530333602771315418e+04
1.268750000000000000e+01,1.310639150898524167e+04
1.270833333333333215e+01,1.369207222822057884e+04
1.272916666666666607e+01,1.592640695865028465e+04
1.275000000000000000e+01,1.465888745803028360e+04
1.277083333333333215e+01,1.274015425307439364e+04
1.279166666666666607e+01,1.460101054364769516e+04
1.281250000000000000e+01,1.615984305661387043e+04
1.283333333333333215e+01,1.370927983872815457e+04
1.285416666666666607e+01,1.312906620015020599e+04
1.287500000000000000e+01,1.529854320167817059e+04
1.289583333333333215e+01,1.548774412322075295e+04
1.291666666666666607e+01,1.356343138964540776e+04
1.293750000000000000e+01,1.381575577183944188e+04
1.295833333333333215e+01,1.529983628407214565e+04
1.297916666666666607e+01,1.432443299050180576e+04
1.300000000000000000e+01,1.401743302394164493e+04
1.302083333333333215e+01,1.446490828298989800e+04
1.304166666666666607e+01,1.454782854593769662e+04
1.306250000000000000e+01,1.444151026696591725e+04
1.308333333333333215e+01,1.476133675836597467e+04
1.310416666666666607e+01,1.466203540547875309e+04
1.312500000000000000e+01,1.364654980452478048e+04
1.314583333333333215e+01,1.467064617755631480e+04
1.316666666666666607e+01,1.530503263748262179e+04
1.318750000000000000e+01,1.388108343840394809e+04
1.320833333333333215e+01,1.397652971644423815e+04
1.322916666666666607e+01,1.551899904529538617e+04
1.325000000000000000e+01,1.464049587696507660e+04
1.327083333333333215e+01,1.272683003752794320e+04
1.329166666666666607e+01,1.503739224821376774e+04
1.331250000000000000e+01,1.586292189280079401e+04
1.333333333333333215e+01,1.339612479693742716e+04
1.335416666666666607e+01,1.290817504832323903e+04
1.337500000000000000e+01,1.607459205167640903e+04
1.339583333333333215e+01,1.560549945467849830e+04
1.341666666666666607e+01,1.272135567234956034e+04
1.343750000000000000e+01,1.335717570214100124e+04
1.345833333333333215e+01,1.601105090683296658e+04
1.347916666666666607e+01,1.456847831692369073e+04
1.350000000000000000e+01,1.272824681639362461e+04
1.352083333333333215e+01,1.477700809945025321e+04
1.354166666666666607e+01,1.573120211603355347e+04
1.356250000000000000e+01,1.388305396582515823e+04
1.358333333333333215e+01,1.338515805850410834e+04
1.360416666666666607e+01,1.534073211073759740e+04
1.362500000000000000e+01,1.516794744681851807e+04
1.364583333333333215e+01,1.358519297139368427e+04
1.366666666666666607e+01,1.430653348163203555e+04
1.368750000000000000e+01,1.491460342098746696e+04
1.370833333333333215e+01,1.443921059565650285e+04
1.372916666666666607e+01,1.423067484031922504e+04
1.375000000000000000e+01,1.476325548680912470e+04
1.377083333333333215e+01,1.471491815651382058e+04
1.379166666666666607e+01,1.424344073998162639e+04
1.381250000000000000e+01,1.479595076601201436e+04
1.383333333333333215e+01,1.429132534936914817e+04
1.385416666666666607e+01,1.357916232616025445e+04
1.387500000000000000e+01,1.498354069234509006e+04
1.389583333333333215e+01,1.529657828459067969e+04
1.391666666666666607e+01,1.371150281008146339e+04
1.393750000000000000e+01,1.357875456034046510e+04
1.395833333333333215e+01,1.563106870399441323e+04
1.397916666666666607e+01,1.517617240253280397e+04
1.400000000000000000e+01,1.271784675882814554e+04
1.402083333333333215e+01,1.415226696821019868e+04
1.404166666666666607e+01,1.615529382763673129e+04
1.406250000000000000e+01,1.447250630967739198e+04
1.408333333333333215e+01,1.272086751733533674e+04
1.410416666666666607e+01,1.458894947659190439e+04
1.412500000000000000e+01,1.597847301504294228e+04
1.414583333333333215e+01,1.322496309910638229e+04
1.416666666666666607e+01,1.332073040175998904e+04
1.418750000000000000e+01,1.553049555838870583e+04
1.420833333333333215e+01,1.632404261759942165e+04
1.422916666666666607e+01,1.401867316271114760e+04
1.425000000000000000e+01,1.465612036543614158e+04
1.427083333333333215e+01,1.520554918279593767e+04
1.429166666666666607e+01,1.460798580615322135e+04
1.431250000000000000e+01,1.431080544403742169e+04
1.433333333333333215e+01,1.470455922253679819e+04
1.435416666666666607e+01,1.460817462402733145e+04
1.437500000000000000e+01,1.447207221142237904e+04
1.439583333333333215e+01,1.497829181868099840e+04
1.441666666666666607e+01,1.450414773689022695e+04
1.443750000000000000e+01,1.359226918973443753e+04
1.445833333333333215e+01,1.498685958891875271e+04
1.447916666666666607e+01,1.530712049665730592e+04
1.450000000000000000e+01,1.355798619450224942e+04
1.452083333333333215e+01,1.358883123100999364e+04
1.454166666666666607e+01,1.562445929120352594e+04
1.456250000000000000e+01,1.499962768167770992e+04
1.458333333333333215e+01,1.274757576724230603e+04
1.460416666666666607e+01,1.451715146931177151e+04
1.462500000000000000e+01,1.616566329296522599e+04
1.464583333333333215e+01,1.399646027770727233e+04
1.466666666666666607e+01,1.281694686244401964e+04
1.468750000000000000e+01,1.529101607346723540e+04
1.470833333333333215e+01,1.559327480859187926e+04
1.472916666666666607e+01,1.345427101792146277e+04
1.475000000000000000e+01,1.355007545586123888e+04
1.477083333333333215e+01,1.530489718954654745e+04
1.479166666666666607e+01,1.484898452844743588e+04
1.481250000000000000e+01,1.368472503085255084e+04
1.483333333333333215e+01,1.455326419087394243e+04
1.485416666666666607e+01,1.460333866384963039e+04
1.487500000000000000e+01,1.444574585288997332e+04
1.489583333333333215e+01,1.467710714735631336e+04
1.491666666666666607e+01,1.442279031761972146e+04
1.493750000000000000e+01,1.358055523057617029e+04
1.495833333333333215e+01,1.498392806649589693e+04
1.497916666666666607e+01,1.530366853148620066e+04
1.500000000000000000e+01,1.382188682957374112e+04
1.502083333333333215e+01,1.381205286078418067e+04
1.504166666666666607e+01,1.563997074630004863e+04
1.506250000000000000e+01,1.513630039122875314e+04
1.508333333333333215e+01,1.273953846436170716e+04
1.510416666666666607e+01,1.426126460611699440e+04
1.512500000000000000e+01,1.616330850361819830e+04
1.514583333333333215e+01,1.392360482804575076e+04
1.516666666666666607e+01,1.273389716697010954e+04
1.518750000000000000e+01,1.526815788168631479e+04
1.520833333333333215e+01,1.560733038868563744e+04
1.522916666666666607e+01,1.357317579603907143e+04
1.525000000000000000e+01,1.339521949927641981e+04
1.527083333333333215e+01,1.530497705368458628e+04
1.529166666666666607e+01,1.496782790608005234e+04
1.531250000000000000e+01,1.355280824408834451e+04
1.533333333333333215e+01,1.458748430976376403e+04
1.535416666666666607e+01,1.483083545101986965e+04
1.537500000000000000e+01,1.444571515362818172e+04
1.539583333333333215e+01,1.433441791358102273e+04
1.541666666666666607e+01,1.444552215999807959e+04
1.543750000000000000e+01,1.417088997042091796e+04
1.545833333333333215e+01,1.453920158111564160e+04
1.547916666666666607e+01,1.527191431282225312e+04
1.550000000000000000e+01,1.420977432751973538e+04
1.552083333333333215e+01,1.358700291998250395e+04
1.554166666666666607e+01,1.532198675908631412e+04
1.556250000000000000e+01,1.530492930269968929e+04
1.558333333333333215e+01,1.302926406669096468e+04
1.560416666666666607e+01,1.387530152044852366e+04
1.562500000000000000e+01,1.616135483207283323e+04
1.564583333333333215e+01,1.463175970143159066e+04
1.566666666666666607e+01,1.272621146856259656e+04
1.568750000000000000e+01,1.458742706810167510e+04
1.570833333333333215e+01,1.582143777268546182e+04
1.572916666666666607e+01,1.342045795999775873e+04
1.575000000000000000e+01,1.320801912841989542e+04
1.577083333333333215e+01,1.540917492529931769e+04
1.579166666666666607e+01,1.551066650115256925e+04
1.581250000000000000e+01,1.358721935387199483e+04
1.583333333333333215e+01,1.369809929391314290e+04
1.585416666666666607e+01,1.530415128137150896e+04
1.587500000000000000e+01,1.459068045520310261e+04
1.589583333333333215e+01,1.414988127745219754e+04
1.591666666666666607e+01,1.455838630495514008e+04
1.593750000000000000e+01,1.463664948956262378e+04
1.595833333333333215e+01,1.444511130179416796e+04
1.597916666666666607e+01,1.458049225849275899e+04
1.600000000000000000e+01,1.444650601413100230e+04
1.602083333333333215e+01,1.370039746632811148e+04
1.604166666666666430e+01,1.485388715792406583e+04
1.606250000000000000e+01,1.530284469667337908e+04
1.608333333333333215e+01,1.377092400592974445e+04
1.610416666666666430e+01,1.375473988402750911e+04
1.612500000000000000e+01,1.535404455357060942e+04
1.614583333333333215e+01,1.528726293566264212e+04
1.616666666666666430e+01,1.284869151973737098e+04
1.618750000000000000e+01,1.401819688084411246e+04
1.620833333333333215e+01,1.589337078081869186e+04
1.622916666666666430e+01,1.458135782169890081e+04
1.625000000000000000e+01,1.272765344955135151e+04
1.627083333333333215e+01,1.470673267522603055e+04
1.629166666666666430e+01,1.610396022846240521e+04
1.631250000000000000e+01,1.358132300463699721e+04
1.633333333333333215e+01,1.339328130334505113e+04
1.635416666666666430e+01,1.530399190831455780e+04
1.637500000000000000e+01,1.539625207292779305e+04
1.639583333333333215e+01,1.343250342312095017e+04
1.641666666666666430e+01,1.389177869800863118e+04
1.643750000000000000e+01,1.517247758336398692e+04
1.645833333333333215e+01,1.445187548652892292e+04
1.647916666666666430e+01,1.434552017329305818e+04
1.650000000000000000e+01,1.463864394619431550e+04
1.652083333333333215e+01,1.433566075798138263e+04
1.654166666666666430e+01,1.444151470543598407e+04
1.656250000000000000e+01,1.514305622018043505e+04
1.658333333333333215e+01,1.407644273913124198e+04
1.660416666666666430e+01,1.358366323602042394e+04
1.662500000000000000e+01,1.470715335796432191e+04
1.664583333333333215e+01,1.530568103350515230e+04
1.666666666666666430e+01,1.384621935694503554e+04
1.668750000000000000e+01,1.394661091941370614e+04
1.670833333333333215e+01,1.555964517091036032e+04
1.672916666666666430e+01,1.470753766330114740e+04
1.675000000000000000e+01,1.274223323696795342e+04
1.677083333333333215e+01,1.454430580128022848e+04
1.679166666666666430e+01,1.616621277813167762e+04
1.681250000000000000e+01,1.393093398695231372e+04
1.683333333333333215e+01,1.273026504533349362e+04
1.685416666666666430e+01,1.544119112290731573e+04
1.687500000000000000e+01,1.573941920459039829e+04
1.689583333333333215e+01,1.334389360748144099e+04
1.691666666666666430e+01,1.335727728773889612e+04
1.693750000000000000e+01,1.530372753689249657e+04
1.695833333333333215e+01,1.521390113631040003e+04
1.697916666666666430e+01,1.358572778908747932e+04
1.700000000000000000e+01,1.451311326985676351e+04
1.702083333333333215e+01,1.496702250051188821e+04
1.704166666666666430e+01,1.443541276351634951e+04
1.706250000000000000e+01,1.420340063832977103e+04
1.708333333333333215e+01,1.444474971649971849e+04
1.710416666666666430e+01,1.439646216748544248e+04
1.712500000000000000e+01,1.440909972058593121e+04
1.714583333333333215e+01,1.500617653559239989e+04
1.716666666666666430e+01,1.417143146212820648e+04
1.718750000000000000e+01,1.370113791222834698e+04
1.720833333333333215e+01,1.493058985158945870e+04
1.722916666666666430e+01,1.530218827782498192e+04
1.725000000000000000e+01,1.355718293986787467e+04
1.727083333333333215e+01,1.362616821224012165e+04
1.729166666666666430e+01,1.584886077644147372e+04
1.731250000000000000e+01,1.499970928131353867e+04
1.733333333333333215e+01,1.361552918369831968e+04
1.735416666666666430e+01,1.510164905336603624e+04
1.737500000000000000e+01,1.651856176625976514e+04
1.739583333333333215e+01,1.431477984778110476e+04
1.741666666666666430e+01,1.300366456742271112e+04
1.743750000000000000e+01,1.539414352190576028e+04
1.745833333333333215e+01,1.516176145521274884e+04
1.747916666666666430e+01,1.362626160240186073e+04
1.750000000000000000e+01,1.359575531111696910e+04
1.752083333333333215e+01,1.532456985335501668e+04
1.754166666666666430e+01,1.483361474163195089e+04
1.756250000000000000e+01,1.384188910342830059e+04
1.758333333333333215e+01,1.459125482236130847e+04
1.760416666666666430e+01,1.463467060654533998e+04
1.762500000000000000e+01,1.445005192120220454e+04
1.764583333333333215e+01,1.462269370107659415e+04
1.766666666666666430e+01,1.448112043991866813e+04
1.768750000000000000e+01,1.362217006304356255e+04
1.770833333333333215e+01,1.491624842494287077e+04
1.772916666666666430e+01,1.530276187087677681e+04
1.775000000000000000e+01,1.416033833950843473e+04
1.777083333333333215e+01,1.359003689112352731e+04
1.779166666666666430e+01,1.552130488342261378e+04
1.781250000000000000e+01,1.522871103468847650e+04
1.783333333333333215e+01,1.281298368986510832e+04
1.785416666666666430e+01,1.397112335178919238e+04
1.787500000000000000e+01,1.598897176447017409e+04
1.789583333333333215e+01,1.441996208998138900e+04
1.791666666666666430e+01,1.273322352993083405e+04
1.793750000000000000e+01,1.500812700404569114e+04
1.795833333333333215e+01,1.589669991344675873e+04
1.797916666666666430e+01,1.358784940012998777e+04
1.800000000000000000e+01,1.332967854756412635e+04
1.802083333333333215e+01,1.530739282215552157e+04
1.804166666666666430e+01,1.506311408600514187e+04
1.806250000000000000e+01,1.356444325580617806e+04
1.808333333333333215e+01,1.451181850436406603e+04
1.810416666666666430e+01,1.500278566169663827e+04
1.812500000000000000e+01,1.409802711363978597e+04
1.814583333333333215e+01,1.342947323916504683e+04
1.816666666666666430e+01,1.392481787776327110e+04
1.818750000000000000e+01,1.360639908922063478e+04
1.820833333333333215e+01,1.432166397603453879e+04
1.822916666666666430e+01,1.587071474680352912e+04
1.825000000000000000e+01,1.383856810429422330e+04
1.827083333333333215e+01,1.268590717780980776e+04
1.829166666666666430e+01,1.520197520618514682e+04
1.831250000000000000e+01,1.615083469416633307e+04
1.833333333333333215e+01,1.351156561704002888e+04
1.835416666666666430e+01,1.289245260076145860e+04
1.837500000000000000e+01,1.616087778507128314e+04
1.839583333333333215e+01,1.542913778881437611e+04
1.841666666666666430e+01,1.273133707766171574e+04
1.843750000000000000e+01,1.364086214413831840e+04
1.845833333333333215e+01,1.616711725595110693e+04
1.847916666666666430e+01,1.421858178771360326e+04
1.850000000000000000e+01,1.310573446159692685e+04
1.852083333333333215e+01,1.506734243677761697e+04
1.854166666666666430e+01,1.536102197541994610e+04
1.856250000000000000e+01,1.332279198404216731e+04
1.858333333333333215e+01,1.382175388438543087e+04
1.860416666666666430e+01,1.534340868049908022e+04
1.862500000000000000e+01,1.448673634829701041e+04
1.864583333333333215e+01,1.412689514342664916e+04
1.866666666666666430e+01,1.486298354350116642e+04
1.868750000000000000e+01,1.450282251605283091e+04
1.870833333333333215e+01,1.394751583698397371e+04
1.872916666666666430e+01,1.486939204885424988e+04
1.875000000000000000e+01,1.512701100659768781e+04
1.877083333333333215e+01,1.354508470622212189e+04
1.879166666666666430e+01,1.425381585403615099e+04
1.881250000000000000e+01,1.530403275719115845e+04
1.883333333333333215e+01,1.436427336150935662e+04
1.885416666666666430e+01,1.322424675742622276e+04
1.887500000000000000e+01,1.510409227753792220e+04
1.889583333333333215e+01,1.521745480429035888e+04
1.891666666666666430e+01,1.358602277206009967e+04
1.893750000000000000e+01,1.406676531118460480e+04
1.895833333333333215e+01,1.530626886352707152e+04
1.897916666666666430e+01,1.437081847658094193e+04
1.900000000000000000e+01,1.358751858452679517e+04
1.902083333333333215e+01,1.514329776985589706e+04
1.904166666666666430e+01,1.495629815908813180e+04
1.906250000000000000e+01,1.358273480718987412e+04
1.908333333333333215e+01,1.422761528279257618e+04
1.910416666666666430e+01,1.530354210421379685e+04
1.912500000000000000e+01,1.441454274996666209e+04
1.914583333333333215e+01,1.358492131298852837e+04
1.916666666666666430e+01,1.503000027134953052e+04
1.918750000000000000e+01,1.504042460824121372e+04
1.920833333333333215e+01,1.364750950624493635e+04
1.922916666666666430e+01,1.458727417414846786e+04
1.925000000000000000e+01,1.530684820316333935e+04
1.927083333333333215e+01,1.394361546102508510e+04
1.929166666666666430e+01,1.359045853462035666e+04
1.931250000000000000e+01,1.587625238044724392e+04
1.933333333333333215e+01,1.477158343053973658e+04
1.935416666666666430e+01,1.272977370409221112e+04
1.937500000000000000e+01,1.426997612035596467e+04
1.939583333333333215e+01,1.616412690584006123e+04
1.941666666666666430e+01,1.426151987866433046e+04
1.943750000000000000e+01,1.275382894363600280e+04
1.945833333333333215e+01,1.495590508536862762e+04
1.947916666666666430e+01,1.568621741750499859e+04
1.950000000000000000e+01,1.358470162105159034e+04
1.952083333333333215e+01,1.343821248293585813e+04
1.954166666666666430e+01,1.530430950986235985e+04
1.956250000000000000e+01,1.483887632111178027e+04
1.958333333333333215e+01,1.368641266597150388e+04
1.960416666666666430e+01,1.464813888233502075e+04
1.962500000000000000e+01,1.470563725696509937e+04
1.964583333333333215e+01,1.444669774782424065e+04
1.966666666666666430e+01,1.452780912204582637e+04
1.968750000000000000e+01,1.444578614199029835e+04
1.970833333333333215e+01,1.378574826555463005e+04
1.972916666666666430e+01,1.480047780532479010e+04
1.975000000000000000e+01,1.530284741653552919e+04
1.977083333333333215e+01,1.392517940030176032e+04
1.979166666666666430e+01,1.377847395168233197e+04
1.981250000000000000e+01,1.545311486697200235e+04
1.983333333333333215e+01,1.526728056214969547e+04
1.985416666666666430e+01,1.285362289887879524e+04
1.987500000000000000e+01,1.403579876260603123e+04
1.989583333333333215e+01,1.598551113392279876e+04
1.991666666666666430e+01,1.441631361416513755e+04
1.993750000000000000e+01,1.272773769462825658e+04
1.995833333333333215e+01,1.472043597047317598e+04
1.997916666666666430e+01,1.609907462768895130e+04
2.000000000000000000e+01,1.358150543211244440e+04
2.002083333333333215e+01,1.327584244201013644e+04
2.004166666666666430e+01,1.530092612630359508e+04
2.006250000000000000e+01,1.521917978945737559e+04
2.008333333333333215e+01,1.343186360717205753e+04
2.010416666666666430e+01,1.399787444271026106e+04
2.012500000000000000e+01,1.509103173791081645e+04
2.014583333333333215e+01,1.444413978442830557e+04
2.016666666666666430e+01,1.426993694274250811e+04
2.018750000000000000e+01,1.485071730017046139e+04
2.020833333333333215e+01,1.465008240859344005e+04
2.022916666666666430e+01,1.401757299168078316e+04
2.025000000000000000e+01,1.486949272585071230e+04
2.027083333333333215e+01,1.488401906667965159e+04
2.029166666666666430e+01,1.366246108923148131e+04
2.031250000000000000e+01,1.420261491492953792e+04
2.033333333333333215e+01,1.521998875343725740e+04
2.035416666666666430e+01,1.447932330613970771e+04
2.037500000000000000e+01,1.358697552275244379e+04
2.039583333333333215e+01,1.491718937268784430e+04
2.041666666666666430e+01,1.511324621665211816e+04
2.043750000000000000e+01,1.358226720711933740e+04
2.045833333333333215e+01,1.420820118009227735e+04
2.047916666666666430e+01,1.530262522348569109e+04
2.050000000000000000e+01,1.442182519883797795e+04
2.052083333333333215e+01,1.362553092344981269e+04
2.054166666666666430e+01,1.536855483185959383e+04
2.056250000000000000e+01,1.498755614446134859e+04
2.058333333333333215e+01,1.316157730690669632e+04
2.060416666666666430e+01,1.423335832194648538e+04
2.062500000000000000e+01,1.551136146350830313e+04
2.064583333333333215e+01,1.427931343437420946e+04
2.066666666666666430e+01,1.301995734310781700e+04
2.068750000000000000e+01,1.524558539950948398e+04
2.070833333333333215e+01,1.558630791046447121e+04
2.072916666666666430e+01,1.358440498805299649e+04
2.075000000000000000e+01,1.338921312664392826e+04
2.077083333333333215e+01,1.530511895665697739e+04
2.079166666666666430e+01,1.516612349260941119e+04
2.081250000000000000e+01,1.358540051208654768e+04
2.083333333333333215e+01,1.445959007343264966e+04
2.085416666666666430e+01,1.487939415852163074e+04
2.087500000000000000e+01,1.444215764692889570e+04
2.089583333333333215e+01,1.428567866078262159e+04
2.091666666666666430e+01,1.466425705794878377e+04
2.093750000000000000e+01,1.350603018403294845e+04
2.095833333333333215e+01,1.338373283470569004e+04
2.097916666666666430e+01,1.550625833030192007e+04
2.100000000000000000e+01,1.457238481628535374e+04
2.102083333333333215e+01,1.289357660383155599e+04
2.104166666666666430e+01,1.462133333297152421e+04
2.106250000000000000e+01,1.575440064779374734e+04
2.108333333333333215e+01,1.436091178216083426e+04
2.110416666666666430e+01,1.283164415686567736e+04
2.112500000000000000e+01,1.444127814034666881e+04
2.114583333333333215e+01,1.615870123290202173e+04
2.116666666666666430e+01,1.439218614939418694e+04
2.118750000000000000e+01,1.296332164041311626e+04
2.120833333333333215e+01,1.444436949892192933e+04
2.122916666666666430e+01,1.616241125136387200e+04
2.125000000000000000e+01,1.437816626444177382e+04
2.127083333333333215e+01,1.272628531667403877e+04
2.129166666666666430e+01,1.431074624363370458e+04
2.131250000000000000e+01,1.603370001239169142e+04
2.133333333333333215e+01,1.434538238608380198e+04
2.135416666666666430e+01,1.292724237874536266e+04
2.137500000000000000e+01,1.443544765420198019e+04
2.139583333333333215e+01,1.615050335558215738e+04
2.141666666666666430e+01,1.443050282296533624e+04
2.143750000000000000e+01,1.271032095970773298e+04
2.145833333333333215e+01,1.442914570891374024e+04
2.147916666666666430e+01,1.614715766133908983e+04
2.150000000000000000e+01,1.430909073280081429e+04
2.152083333333333215e+01,1.271058622770356669e+04
2.154166666666666430e+01,1.443038583574514632e+04
2.156250000000000000e+01,1.590896140901512626e+04
2.158333333333333215e+01,1.443049530216707717e+04
2.160416666666666430e+01,1.273043512419101171e+04
2.162500000000000000e+01,1.443254914735572311e+04
2.164583333333333215e+01,1.615064068085392137e+04
2.166666666666666430e+01,1.438493303820020446e+04
2.168750000000000000e+01,1.305003502296624356e+04
2.170833333333333215e+01,1.443289016511074078e+04
2.172916666666666430e+01,1.584847997853916240e+04
2.175000000000000000e+01,1.441565076357050202e+04
2.177083333333333215e+01,1.299573334910558697e+04
2.179166666666666430e+01,1.443259948730955148e+04
2.181250000000000000e+01,1.602687827885326260e+04
2.183333333333333215e+01,1.435608986729009848e+04
2.185416666666666430e+01,1.271331609363493408e+04
2.187500000000000000e+01,1.443041437962265263e+04
2.189583333333333215e+01,1.614731151485723967e+04
2.191666666666666430e+01,1.442431196719490617e+04
2.193750000000000000e+01,1.276958086101961453e+04
2.195833333333333215e+01,1.442880144561221823e+04
2.197916666666666430e+01,1.614604378490294766e+04
2.200000000000000000e+01,1.429919573898652743e+04
2.202083333333333215e+01,1.271403426779101937e+04
2.204166666666666430e+01,1.442979314418188005e+04
2.206250000000000000e+01,1.614642115767007999e+04
2.208333333333333215e+01,1.443013069415132850e+04
2.210416666666666430e+01,1.271170690133336393e+04
2.212500000000000000e+01,1.442811307506524463e+04
2.214583333333333215e+01,1.614520357888973740e+04
2.216666666666666430e+01,1.438969205370169220e+04
2.218750000000000000e+01,1.271224912347728241e+04
2.220833333333333215e+01,1.442831131373195603e+04
2.222916666666666430e+01,1.614521686543172837e+04
2.225000000000000000e+01,1.436458107778003978e+04
2.227083333333333215e+01,1.271269930905706860e+04
2.229166666666666430e+01,1.442856454992496947e+04
2.231250000000000000e+01,1.614533006446656145e+04
2.233333333333333215e+01,1.441154126099850328e+04
2.235416666666666430e+01,1.271132292622547902e+04
2.237500000000000000e+01,1.442778959544243844e+04
2.239583333333333215e+01,1.614484399744299299e+04
2.241666666666666430e+01,1.432596219284290055e+04
2.243750000000000000e+01,1.271224107305697544e+04
2.245833333333333215e+01,1.442853741470039313e+04
2.247916666666666430e+01,1.614535459474350137e+04
2.250000000000000000e+01,1.442801890641642967e+04
2.252083333333333215e+01,1.284344341082348183e+04
2.254166666666666430e+01,1.442866719093920983e+04
2.256250000000000000e+01,1.589642703997291392e+04
2.258333333333333215e+01,1.438499435800914944e+04
2.260416666666666430e+01,1.272947768568748506e+04
2.262500000000000000e+01,1.443172810347050836e+04
2.264583333333333215e+01,1.614887518759108934e+04
2.266666666666666430e+01,1.433517849928599753e+04
2.268750000000000000e+01,1.301758211118720646e+04
2.270833333333333215e+01,1.443187991199846510e+04
2.272916666666666430e+01,1.576570147595194067e+04
2.275000000000000000e+01,1.443184133409412243e+04
2.277083333333333215e+01,1.285790542423973966e+04
2.279166666666666430e+01,1.443196957944698079e+04
2.281250000000000000e+01,1.614930344111306476e+04
2.283333333333333215e+01,1.436741376723887515e+04
2.285416666666666430e+01,1.271194597062703542e+04
2.287500000000000000e+01,1.443062566618156416e+04
2.289583333333333215e+01,1.614824130444905677e+04
2.291666666666666430e+01,1.440266450310525761e+04
2.293750000000000000e+01,1.271109122020658106e+04
2.295833333333333215e+01,1.442932497776784294e+04
2.297916666666666430e+01,1.614674310080032228e+04
2.300000000000000000e+01,1.433939368648682284e+04
2.302083333333333215e+01,1.296701313642629975e+04
2.304166666666666430e+01,1.443124182061637475e+04
2.306250000000000000e+01,1.611544090290992608e+04
2.308333333333333215e+01,1.443026042968980255e+04
2.310416666666666430e+01,1.271025234136793733e+04
2.312500000000000000e+01,1.442892233701653822e+04
2.314583333333333215e+01,1.593446061203333375e+04
2.316666666666666430e+01,1.435167114135654629e+04
2.318750000000000000e+01,1.271069411766708799e+04
2.320833333333333215e+01,1.443064093577894164e+04
2.322916666666666430e+01,1.614870541816736295e+04
2.325000000000000000e+01,1.442810504139592740e+04
2.327083333333333215e+01,1.270836336421945089e+04
2.329166666666666430e+01,1.442920916958689850e+04
2.331250000000000000e+01,1.608098630631696506e+04
2.333333333333333215e+01,1.428651038670233174e+04
2.335416666666666430e+01,1.271212123369489564e+04
2.337500000000000000e+01,1.443116948916260299e+04
2.339583333333333215e+01,1.614852723039752163e+04
2.341666666666666430e+01,1.442905775295023705e+04
2.343750000000000000e+01,1.293791357809987676e+04
2.345833333333333215e+01,1.443038431861699792e+04
2.347916666666666430e+01,1.614804430955543285e+04
2.350000000000000000e+01,1.439795434145974286e+04
2.352083333333333215e+01,1.271078041660701638e+04
2.354166666666666430e+01,1.438990174409337487e+04
2.356250000000000000e+01,1.584564042359653104e+04
2.358333333333333215e+01,1.437053311179528100e+04
2.360416666666666430e+01,1.320823086137513747e+04
2.362500000000000000e+01,1.443289105676786494e+04
2.364583333333333215e+01,1.583871673082298003e+04
2.366666666666666430e+01,1.443280541025673301e+04
2.368750000000000000e+01,1.302200627380004880e+04
2.370833333333333215e+01,1.443200694105751973e+04
2.372916666666666430e+01,1.586988928480147297e+04
2.375000000000000000e+01,1.437092506700238300e+04
2.377083333333333215e+01,1.289984983775718865e+04
2.379166666666666430e+01,1.443189396041829605e+04
2.381250000000000000e+01,1.614783209602360148e+04
2.383333333333333215e+01,1.442774792919197716e+04
2.385416666666666430e+01,1.271121143482002299e+04
2.387500000000000000e+01,1.442823657538609405e+04
2.389583333333333215e+01,1.614557475146856450e+04
2.391666666666666430e+01,1.429326339428488427e+04
2.393750000000000000e+01,1.271305810877286785e+04
2.395833333333333215e+01,1.442976127334214470e+04
2.397916666666666430e+01,1.614687317070647259e+04
2.400000000000000000e+01,1.442929811475522365e+04
2.402083333333333215e+01,1.271047138845361405e+04
2.404166666666666430e+01,1.442892445921284889e+04
2.406250000000000000e+01,1.610139192794810515e+04
2.408333333333333215e+01,1.440224437441368718e+04
2.410416666666666430e+01,1.271161999846965773e+04
2.412500000000000000e+01,1.443081858039735380e+04
2.414583333333333215e+01,1.614905283704427711e+04
2.416666666666666430e+01,1.434508554388187258e+04
2.418750000000000000e+01,1.271346454990460188e+04
2.420833333333333215e+01,1.443267176271901553e+04
2.422916666666666430e+01,1.615073932496782800e+04
2.425000000000000000e+01,1.443127762458902362e+04
2.427083333333333215e+01,1.271185265802068534e+04
2.429166666666666430e+01,1.443221739313542275e+04
2.431250000000000000e+01,1.831857095115946868e+04
2.433333333333333215e+01,1.587555782820081731e+04
2.435416666666666430e+01,1.372669157311715389e+04
2.437500000000000000e+01,1.476893366199689626e+04
2.439583333333333215e+01,1.650434097098081111e+04
2.441666666666666430e+01,1.465807959421727355e+04
2.443750000000000000e+01,1.285710897657742316e+04
2.445833333333333215e+01,1.438541955719759790e+04
2.447916666666666430e+01,1.616336421300434449e+04
2.450000000000000000e+01,1.435431803022175518e+04
2.452083333333333215e+01,1.273822684391533767e+04
2.454166666666666430e+01,1.402729260984066786e+04
2.456250000000000000e+01,1.602410845611548575e+04
2.458333333333333215e+01,1.444759180669007765e+04
2.460416666666666430e+01,1.303765896982232516e+04
2.462500000000000000e+01,1.445170219196973630e+04
2.464583333333333215e+01,1.579629282424559278e+04
2.466666666666666430e+01,1.443002997964565657e+04
2.468750000000000000e+01,1.332656931844647988e+04
2.470833333333333215e+01,1.444883239356163176e+04
2.472916666666666430e+01,1.530431280786821299e+04
2.475000000000000000e+01,1.440886950760141917e+04
2.477083333333333215e+01,1.381930964379491343e+04
2.479166666666666430e+01,1.444543753473621837e+04
2.481250000000000000e+01,1.542507720005996089e+04
2.483333333333333215e+01,1.460609596082444477e+04
2.485416666666666430e+01,1.358073910389056255e+04
2.487500000000000000e+01,1.443795015489761499e+04
2.489583333333333215e+01,1.529557655909201276e+04
2.491666666666666430e+01,1.473844811292001032e+04
2.493750000000000000e+01,1.358002747744592853e+04
2.495833333333333215e+01,1.443708058006361534e+04
2.497916666666666430e+01,1.529566746114718626e+04
2.500000000000000000e+01,1.443838334297440088e+04
2.502083333333333215e+01,1.357991056606322672e+04
2.504166666666666430e+01,1.433890909837952495e+04
2.506250000000000000e+01,1.529560595826639837e+04
2.508333333333333215e+01,1.460878447060840699e+04
2.510416666666666430e+01,1.369480937626306331e+04
2.512500000000000000e+01,1.444174382668213366e+04
2.514583333333333215e+01,1.529989091600228858e+04
2.516666666666666430e+01,1.444303268768517955e+04
2.518750000000000000e+01,1.358474027907593336e+04
2.520833333333333215e+01,1.444185602790410849e+04
2.522916666666666430e+01,1.529955725704803990e+04
2.525000000000000000e+01,1.444092254603308174e+04
2.527083333333333215e+01,1.358213037235342927e+04
2.529166666666666430e+01,1.444025742335535324e+04
2.531250000000000000e+01,1.529815896886709015e+04
2.533333333333333215e+01,1.443889886152006511e+04
2.535416666666666430e+01,1.363009977854121098e+04
2.537500000000000000e+01,1.443909736138844528e+04
2.539583333333333215e+01,1.529682410782152510e+04
2.541666666666666430e+01,1.444551801654839437e+04
2.543750000000000000e+01,1.396672765494860141e+04
2.545833333333333215e+01,1.444069375453608154e+04
2.547916666666666430e+01,1.489619221170675155e+04
2.550000000000000000e+01,1.438709376803772830e+04
2.552083333333333215e+01,1.435108962155590416e+04
2.554166666666666430e+01,1.433529628730181139e+04
2.556250000000000000e+01,1.444130945012618395e+04
2.558333333333333215e+01,1.457553522416263877e+04
2.560416666666666430e+01,1.444013183427817057e+04
2.562500000000000000e+01,1.443742574609013900e+04
2.564583333333333215e+01,1.443760735431044304e+04
2.566666666666666430e+01,1.493933981486277480e+04
2.568750000000000000e+01,1.444056909077322052e+04
2.570833333333333215e+01,1.389788989734597635e+04
2.572916666666666430e+01,1.443999118793836533e+04
2.575000000000000000e+01,1.529665380952491978e+04
2.577083333333333215e+01,1.443446090784191256e+04
2.579166666666666430e+01,1.357446446693286998e+04
2.581250000000000000e+01,1.443411337750601888e+04
2.583333333333333215e+01,1.529237304908420265e+04
2.585416666666666430e+01,1.443159797900629928e+04
2.587500000000000000e+01,1.357245436451632122e+04
2.589583333333333215e+01,1.461416776694423606e+04
2.591666666666666430e+01,1.529208422646143663e+04
2.593750000000000000e+01,1.443258432278202599e+04
2.595833333333333215e+01,1.354211877079247279e+04
2.597916666666666430e+01,1.331023930008483512e+04
2.600000000000000000e+01,1.421021642621996580e+04
2.602083333333333215e+01,1.316515044301144007e+04
2.604166666666666430e+01,1.391842936333673788e+04
2.606250000000000000e+01,1.515698222361100125e+04
2.608333333333333215e+01,1.532239397068483595e+04
2.610416666666666430e+01,1.377349722258130350e+04
2.612500000000000000e+01,1.354809535817130381e+04
2.614583333333333215e+01,1.527610024237258767e+04
2.616666666666666430e+01,1.528189270936634421e+04
2.618750000000000000e+01,1.356658400144028201e+04
2.620833333333333215e+01,1.356968782724884295e+04
2.622916666666666430e+01,1.528926042871304526e+04
2.625000000000000000e+01,1.529059704622387289e+04
2.627083333333333215e+01,1.357238010571710038e+04
2.629166666666666430e+01,1.370918571087681630e+04
2.631250000000000000e+01,1.532403165907895163e+04
2.633333333333333215e+01,1.545421118932684476e+04
2.635416666666666430e+01,1.357777829245234170e+04
2.637500000000000000e+01,1.357756775953922988e+04
2.639583333333333215e+01,1.541389587361732265e+04
2.641666666666666430e+01,1.529854369718877570e+04
2.643750000000000000e+01,1.358017017122690231e+04
2.645833333333333215e+01,1.361243423403135603e+04
2.647916666666666430e+01,1.529804273341963562e+04
2.650000000000000000e+01,1.529851551642520644e+04
2.652083333333333215e+01,1.357927122305466401e+04
2.654166666666666430e+01,1.369473008206144004e+04
2.656250000000000000e+01,1.529720320425116006e+04
2.658333333333333215e+01,1.529691740215444588e+04
2.660416666666666430e+01,1.330385284951707581e+04
2.662500000000000000e+01,1.357729754397441138e+04
2.664583333333333215e+01,1.509918671242569326e+04
2.666666666666666430e+01,1.529653078260932307e+04
2.668750000000000000e+01,1.361952036705204227e+04
2.670833333333333215e+01,1.362282669926460221e+04
2.672916666666666430e+01,1.529382412921784271e+04
2.675000000000000000e+01,1.529296695194506901e+04
2.677083333333333215e+01,1.357336426491852399e+04
2.679166666666666430e+01,1.362289128768958835e+04
2.681250000000000000e+01,1.529861692613799460e+04
2.683333333333333215e+01,1.529155501192565862e+04
2.685416666666666430e+01,1.371355486369422943e+04
2.687500000000000000e+01,1.360876654761369355e+04
2.689583333333333215e+01,1.556160162205563392e+04
2.691666666666666430e+01,1.529407998425310871e+04
2.693750000000000000e+01,1.344622585423018245e+04
2.695833333333333215e+01,1.362904799962344623e+04
2.697916666666666430e+01,1.529443736329613603e+04
2.700000000000000000e+01,1.529317758536160545e+04
2.702083333333333215e+01,1.357336615435525528e+04
2.704166666666666430e+01,1.362658728782024627e+04
2.706250000000000000e+01,1.526292154388808558e+04
2.708333333333333215e+01,1.529204409377220145e+04
2.710416666666666430e+01,1.357244597768731546e+04
2.712500000000000000e+01,1.362412341127572654e+04
2.714583333333333215e+01,1.518377325247763292e+04
2.716666666666666430e+01,1.529257326425375504e+04
2.718750000000000000e+01,1.332657547495374820e+04
2.720833333333333215e+01,1.358929945897896323e+04
2.722916666666666430e+01,1.538608097619448017e+04
2.725000000000000000e+01,1.529473576385679553e+04
2.727083333333333215e+01,1.357463962585075569e+04
2.729166666666666430e+01,1.366495699096156022e+04
2.731250000000000000e+01,1.529397174465116404e+04
2.733333333333333215e+01,1.529256118133198106e+04
2.735416666666666430e+01,1.357250761779528693e+04
2.737500000000000000e+01,1.361845935947462203e+04
2.739583333333333215e+01,1.557726201584700175e+04
2.741666666666666430e+01,1.529326152002898016e+04
2.743750000000000000e+01,1.347393329353920126e+04
2.745833333333333215e+01,1.362834492826526548e+04
2.747916666666666430e+01,1.529446753980505673e+04
2.750000000000000000e+01,1.529402662824920117e+04
2.752083333333333215e+01,1.357450221950040577e+04
2.754166666666666430e+01,1.362597204616987074e+04
2.756250000000000000e+01,1.529258284386882224e+04
2.758333333333333215e+01,1.529294350222774301e+04
2.760416666666666430e+01,1.357390241562227311e+04
2.762500000000000000e+01,1.362610036142882382e+04
2.764583333333333215e+01,1.529235670504012887e+04
2.766666666666666430e+01,1.529281086638777924e+04
2.768750000000000000e+01,1.359044403226723080e+04
2.770833333333333215e+01,1.362335445667167369e+04
2.772916666666666430e+01,1.533539175847768274e+04
2.775000000000000000e+01,1.529358794947338538e+04
2.777083333333333215e+01,1.357462905510677228e+04
2.779166666666666430e+01,1.362739732662286406e+04
2.781250000000000000e+01,1.529331987938494785e+04
2.783333333333333215e+01,1.529359236830161899e+04
2.785416666666666430e+01,1.357458579219692911e+04
2.787500000000000000e+01,1.362593442592948850e+04
2.789583333333333215e+01,1.529293820063298335e+04
2.791666666666666430e+01,1.529331977827620722e+04
2.793750000000000000e+01,1.357433547850789182e+04
2.795833333333333215e+01,1.362778745300411902e+04
2.797916666666666430e+01,1.529236017541526599e+04
2.800000000000000000e+01,1.529292009002404302e+04
2.802083333333333215e+01,1.357398015383275924e+04
2.804166666666666430e+01,1.362259404848713166e+04
2.806250000000000000e+01,1.529139299887105517e+04
2.808333333333333215e+01,1.529228491268879225e+04
2.810416666666666430e+01,1.357345974219579148e+04
2.812500000000000000e+01,1.362908863580458274e+04
2.814583333333333215e+01,1.529041271996428259e+04
2.816666666666666430e+01,1.529165480796587508e+04
2.818750000000000000e+01,1.345492166495361380e+04
2.820833333333333215e+01,1.360424074901158019e+04
2.822916666666666430e+01,1.529037113145453259e+04
2.825000000000000000e+01,1.529175852069978282e+04
2.827083333333333215e+01,1.357279862467227940e+04
2.829166666666666430e+01,1.365346403573659700e+04
2.831250000000000000e+01,1.529118371979846779e+04
2.833333333333333215e+01,1.529086636703783370e+04
2.835416666666666430e+01,1.357123241350714306e+04
2.837500000000000000e+01,1.357192073320303098e+04
2.839583333333333215e+01,1.529361353325963501e+04
2.841666666666666430e+01,1.528863161261761707e+04
2.843750000000000000e+01,1.356876730589900035e+04
2.845833333333333215e+01,1.371090869776842010e+04
2.847916666666666430e+01,1.559662774554970019e+04
2.850000000000000000e+01,1.529463491974301724e+04
2.852083333333333215e+01,1.297419750273688987e+04
2.854166666666666430e+01,1.357905574063825770e+04
2.856250000000000000e+01,1.615481672592024916e+04
2.858333333333333215e+01,1.529231637663281435e+04
2.860416666666666430e+01,1.271470124771685369e+04
2.862500000000000000e+01,1.343428444894377390e+04
2.864583333333333215e+01,1.599442130265839296e+04
2.866666666666666430e+01,1.522376466643279855e+04
2.868750000000000000e+01,1.271683033842574514e+04
2.870833333333333215e+01,1.357678214130316337e+04
2.872916666666666430e+01,1.615419777620164678e+04
2.875000000000000000e+01,1.526307477273235054e+04
2.877083333333333215e+01,1.271386139622202973e+04
2.879166666666666430e+01,1.357184648145986648e+04
2.881250000000000000e+01,1.615028445867177652e+04
2.883333333333333215e+01,1.517176927014128159e+04
2.885416666666666430e+01,1.271321851104744565e+04
2.887500000000000000e+01,1.357047261514538332e+04
2.889583333333333215e+01,1.614936821370932012e+04
2.891666666666666430e+01,1.529126031951285040e+04
2.893750000000000000e+01,1.271186435520474697e+04
2.895833333333333215e+01,1.356944776209765769e+04
2.897916666666666430e+01,1.584824060095374443e+04
2.900000000000000000e+01,1.526955327524655877e+04
2.902083333333333215e+01,1.272173715417217682e+04
2.904166666666666430e+01,1.390320671272556501e+04
2.906250000000000000e+01,1.614876341301942375e+04
2.908333333333333215e+01,1.497908148587933101e+04
2.910416666666666430e+01,1.299571575731756820e+04
2.912500000000000000e+01,1.367661697398239630e+04
2.914583333333333215e+01,1.626881125929043628e+04
2.916666666666666430e+01,1.514254252317420469e+04
2.918750000000000000e+01,1.276544978060166977e+04
2.920833333333333215e+01,1.444356544084812413e+04
2.922916666666666430e+01,1.582102060814166907e+04
2.925000000000000000e+01,1.435952519078998375e+04
2.927083333333333215e+01,1.328617639607714955e+04
2.929166666666666430e+01,1.444238442786829910e+04
2.931250000000000000e+01,1.529715420186002302e+04
2.933333333333333215e+01,1.471463618350146862e+04
2.935416666666666430e+01,1.363772090590381777e+04
2.937500000000000000e+01,1.443639036723151730e+04
2.939583333333333215e+01,1.529502226572385189e+04
2.941666666666666430e+01,1.460541484416482490e+04
2.943750000000000000e+01,1.358057727801899819e+04
2.945833333333333215e+01,1.443545343751186374e+04
2.947916666666666430e+01,1.529411730324736709e+04
2.950000000000000000e+01,1.443776134802313754e+04
2.952083333333333215e+01,1.395988485759730247e+04
2.954166666666666430e+01,1.443750258544684402e+04
2.956250000000000000e+01,1.486988366812407912e+04
2.958333333333333215e+01,1.444046268399000473e+04
2.960416666666666430e+01,1.439019822336576181e+04
2.962500000000000000e+01,1.421041172371128050e+04
2.964583333333333215e+01,1.443815850029791181e+04
2.966666666666666430e+01,1.455798845837760018e+04
2.968750000000000000e+01,1.443590720569216501e+04
2.970833333333333215e+01,1.443396614749042419e+04
2.972916666666666430e+01,1.443382641996442544e+04
2.975000000000000000e+01,1.446662428746425940e+04
2.977083333333333215e+01,1.443494458867826324e+04
2.979166666666666430e+01,1.443240552152320743e+04
2.981250000000000000e+01,1.461105778354548602e+04
2.983333333333333215e+01,1.484768097490185755e+04
2.985416666666666430e+01,1.443622462742764765e+04
2.987500000000000000e+01,1.438646989181704339e+04
2.989583333333333215e+01,1.443634964179449526e+04
2.991666666666666430e+01,1.434671169458833174e+04
2.993750000000000000e+01,1.443599533586966209e+04
2.995833333333333215e+01,1.443409729704002166e+04
2.997916666666666430e+01,1.443407202995994157e+04
3.000000000000000000e+01,1.443339411696099341e+04
3.002083333333333215e+01,1.443295104104952043e+04
3.004166666666666430e+01,1.443156092749645904e+04
3.006250000000000000e+01,1.455310599993672076e+04
3.008333333333333215e+01,1.495512511865155102e+04
3.010416666666666430e+01,1.444025916685805714e+04
3.012500000000000000e+01,1.372423359739851730e+04
3.014583333333333215e+01,1.444179356818392625e+04
3.016666666666666430e+01,1.551029001988325763e+04
3.018750000000000000e+01,1.444039107343260912e+04
3.020833333333333215e+01,1.271950423241638418e+04
3.022916666666666430e+01,1.465385604440698080e+04
3.025000000000000000e+01,1.615460766147453251e+04
3.027083333333333215e+01,1.443429373206313903e+04
3.029166666666666430e+01,1.271621518749116876e+04
3.031250000000000000e+01,1.443356796991466763e+04
3.033333333333333215e+01,1.607904791160541208e+04
3.035416666666666430e+01,1.408117160159885680e+04
3.037500000000000000e+01,1.271730701948003480e+04
3.039583333333333215e+01,1.485765295036043608e+04
3.041666666666666430e+01,1.615455024707916891e+04
3.043750000000000000e+01,1.387153401654117988e+04
3.045833333333333215e+01,1.271776219430137644e+04
3.047916666666666430e+01,1.529470611359648683e+04
3.050000000000000000e+01,1.615123104191806488e+04
3.052083333333333215e+01,1.357241612497974711e+04
3.054166666666666430e+01,1.271353254921015468e+04
3.056250000000000000e+01,1.529170803026498470e+04
3.058333333333333215e+01,1.591453842249282025e+04
3.060416666666666430e+01,1.343137471633002860e+04
3.062500000000000000e+01,1.271366911840148896e+04
3.064583333333333215e+01,1.529160609864557046e+04
3.066666666666666430e+01,1.615160618913076542e+04
3.068750000000000000e+01,1.357188567959801003e+04
3.070833333333333215e+01,1.271037121860417392e+04
3.072916666666666430e+01,1.528888044059167078e+04
3.075000000000000000e+01,1.606079042622842098e+04
3.077083333333333215e+01,1.318428770187993723e+04
3.079166666666666430e+01,1.271259638906789041e+04
3.081250000000000000e+01,1.562350754236157445e+04
3.083333333333333215e+01,1.615116569571167565e+04
3.085416666666666430e+01,1.303806941063076738e+04
3.087500000000000000e+01,1.271330527749266184e+04
3.089583333333333215e+01,1.615073294462884223e+04
3.091666666666666430e+01,1.566540028438252557e+04
3.093750000000000000e+01,1.271503456979867042e+04
3.095833333333333215e+01,1.293308028383988130e+04
3.097916666666666430e+01,1.615190698944702308e+04
3.100000000000000000e+01,1.600009533397669657e+04
3.102083333333333215e+01,1.271226378801704413e+04
3.104166666666666430e+01,1.270960237627846072e+04
3.106250000000000000e+01,1.614812727972497305e+04
3.108333333333333215e+01,1.554519600032742892e+04
3.110416666666666430e+01,1.271523244364194397e+04
3.112500000000000000e+01,1.292988779089412856e+04
3.114583333333333215e+01,1.615215535243709746e+04
3.116666666666666430e+01,1.612165214123237820e+04
3.118750000000000000e+01,1.271166787085983378e+04
3.120833333333333215e+01,1.270961406814975999e+04
3.122916666666666430e+01,1.608152050917478846e+04
3.125000000000000000e+01,1.578750945282365137e+04
3.127083333333333215e+01,1.271332606669301094e+04
3.129166666666666430e+01,1.293180219830669012e+04
3.131250000000000000e+01,1.603993605303179356e+04
3.133333333333333215e+01,1.587433360943896332e+04
3.135416666666666430e+01,1.271365830549338716e+04
3.137500000000000000e+01,1.271139601818447773e+04
3.139583333333333215e+01,1.614943333425182573e+04
3.141666666666666430e+01,1.569931003328109728e+04
3.143750000000000000e+01,1.271502215368541874e+04
3.145833333333333215e+01,1.298141122114390964e+04
3.147916666666666430e+01,1.615105827830461567e+04
3.150000000000000000e+01,1.585767900570980783e+04
3.152083333333333215e+01,1.271395806624500983e+04
3.154166666666666430e+01,1.275557985867256502e+04
3.156250000000000000e+01,1.614851913534929918e+04
3.158333333333333215e+01,1.614286561309665194e+04
3.160416666666666430e+01,1.271254222784436570e+04
3.162500000000000000e+01,1.271262126626833924e+04
3.164583333333333215e+01,1.614828068001460269e+04
3.166666666666666430e+01,1.589320639763866347e+04
3.168750000000000000e+01,1.271660517433040513e+04
3.170833333333333215e+01,1.271430780988515107e+04
3.172916666666666430e+01,1.615035684226561352e+04
3.175000000000000000e+01,1.525964914791221599e+04
3.177083333333333215e+01,1.271625081096242502e+04
3.179166666666666430e+01,1.398250874582461984e+04
3.181250000000000000e+01,1.583954088081506779e+04
3.183333333333333215e+01,1.424045023318531821e+04
3.185416666666666430e+01,1.259492919557286950e+04
3.187500000000000000e+01,1.435887227882864681e+04
3.189583333333333215e+01,1.610431001439303145e+04
3.191666666666666430e+01,1.437780202999213725e+04
3.193750000000000000e+01,1.277057082432016978e+04
3.195833333333333215e+01,1.442123676798712768e+04
3.197916666666666430e+01,1.614245578849149751e+04
3.200000000000000000e+01,1.434266037388480981e+04
3.202083333333332860e+01,1.271281222083706598e+04
3.204166666666666430e+01,1.443041116332515230e+04
3.206250000000000000e+01,1.614790998353931354e+04
3.208333333333332860e+01,1.443186538652527452e+04
3.210416666666666430e+01,1.295523691799427979e+04
3.212500000000000000e+01,1.443357018973447703e+04
3.214583333333332860e+01,1.610587605861518750e+04
3.216666666666666430e+01,1.432442236260005666e+04
3.218750000000000000e+01,1.271842569570872365e+04
3.220833333333332860e+01,1.443509008735323368e+04
3.222916666666666430e+01,1.584835661945024913e+04
3.225000000000000000e+01,1.443492082002602911e+04
3.227083333333332860e+01,1.286696567029723155e+04
3.229166666666666430e+01,1.443457693869698051e+04
3.231250000000000000e+01,1.615137610685249820e+04
3.233333333333332860e+01,1.437860895408577198e+04
3.235416666666666430e+01,1.271413583143819415e+04
3.237500000000000000e+01,1.443241079689463731e+04
3.239583333333332860e+01,1.614988831812390708e+04
3.241666666666666430e+01,1.437999715776706216e+04
3.243750000000000000e+01,1.271737627010737924e+04
3.245833333333332860e+01,1.443168108209875936e+04
3.247916666666666430e+01,1.614924014588668797e+04
3.250000000000000000e+01,1.437829451405816144e+04
3.252083333333332860e+01,1.286847076319349435e+04
3.254166666666666430e+01,1.443317266144994210e+04
3.256250000000000000e+01,1.606937215932667823e+04
3.258333333333332860e+01,1.441157748626973989e+04
3.260416666666666430e+01,1.271426403301349274e+04
3.262500000000000000e+01,1.443358113842469902e+04
3.264583333333332860e+01,1.606469476971012773e+04
3.266666666666666430e+01,1.434836595122467770e+04
3.268750000000000000e+01,1.271409569143593035e+04
3.270833333333332860e+01,1.443335813630457415e+04
3.272916666666666430e+01,1.610712325871735447e+04
3.275000000000000000e+01,1.443126498552130943e+04
3.277083333333332860e+01,1.276042682587092713e+04
3.279166666666666430e+01,1.443197684778822440e+04
3.281250000000000000e+01,1.603419166099790891e+04
3.283333333333332860e+01,1.432426781978614963e+04
3.285416666666666430e+01,1.297198109497975747e+04
3.287500000000000000e+01,1.443695507428890414e+04
3.289583333333332860e+01,1.614251331636414034e+04
3.291666666666666430e+01,1.443618468478663272e+04
3.293750000000000000e+01,1.271634848685173347e+04
3.295833333333332860e+01,1.442987500938652011e+04
3.297916666666666430e+01,1.582598761425209523e+04
3.300000000000000000e+01,1.436434370467633926e+04
3.302083333333332860e+01,1.314131210543269117e+04
3.304166666666666430e+01,1.443706345147444154e+04
3.306250000000000000e+01,1.585949093040799198e+04
3.308333333333332860e+01,1.443585654350568075e+04
3.310416666666666430e+01,1.302280490973747510e+04
3.312500000000000000e+01,1.443497123685763290e+04
3.314583333333332860e+01,1.615093656289122373e+04
3.316666666666666430e+01,1.434400712220585774e+04
3.318750000000000000e+01,1.271610111857113588e+04
3.320833333333332860e+01,1.443233727108856328e+04
3.322916666666666430e+01,1.589307311856478191e+04
3.325000000000000000e+01,1.443422665008492913e+04
3.327083333333332860e+01,1.305610114666220034e+04
3.329166666666666430e+01,1.443586760281381430e+04
3.331250000000000000e+01,1.615251969993145394e+04
3.333333333333332860e+01,1.439068592391947095e+04
3.335416666666666430e+01,1.271667122031018516e+04
3.337500000000000000e+01,1.432159317847863349e+04
3.339583333333332860e+01,1.597656052333151456e+04
3.341666666666666430e+01,1.441265671508675587e+04
3.343750000000000000e+01,1.271574262018895388e+04
3.345833333333332860e+01,1.443197206769496552e+04
3.347916666666666430e+01,1.614882733967838794e+04
3.350000000000000000e+01,1.434049418709424936e+04
3.352083333333332860e+01,1.301472396332729477e+04
3.354166666666666430e+01,1.443489012728749731e+04
3.356250000000000000e+01,1.588247128479995808e+04
3.358333333333332860e+01,1.443661435629466359e+04
3.360416666666666430e+01,1.289447903272802796e+04
3.362500000000000000e+01,1.443398514412688382e+04
3.364583333333332860e+01,1.615005002974765011e+04
3.366666666666666430e+01,1.438991949439507880e+04
3.368750000000000000e+01,1.271599616205787243e+04
3.370833333333332860e+01,1.443205801601863641e+04
3.372916666666666430e+01,1.614895199060256346e+04
3.375000000000000000e+01,1.437687783884938472e+04
3.377083333333332860e+01,1.271553841884414942e+04
3.379166666666666430e+01,1.443211982456067199e+04
3.381250000000000000e+01,1.614923043336943738e+04
3.383333333333332860e+01,1.440102803980337922e+04
3.385416666666666430e+01,1.271721621976497408e+04
3.387500000000000000e+01,1.443204810300996178e+04
3.389583333333332860e+01,1.602391331389305560e+04
3.391666666666666430e+01,1.436366603713921722e+04
3.393750000000000000e+01,1.276518100410024635e+04
3.395833333333332860e+01,1.443468559573211314e+04
3.397916666666666430e+01,1.615202011347765074e+04
3.400000000000000000e+01,1.441509007347567240e+04
3.402083333333332860e+01,1.271548422846027097e+04
3.404166666666666430e+01,1.443363725114772387e+04
3.406250000000000000e+01,1.615113587556301718e+04
3.408333333333332860e+01,1.430989483137111165e+04
3.410416666666666430e+01,1.271681071995987077e+04
3.412500000000000000e+01,1.443405316161444352e+04
3.414583333333332860e+01,1.615097289844022453e+04
3.416666666666666430e+01,1.443263466973606774e+04
3.418750000000000000e+01,1.271339648508978280e+04
3.420833333333332860e+01,1.443128156103957372e+04
3.422916666666666430e+01,1.614858946717188883e+04
3.425000000000000000e+01,1.434590861006340128e+04
3.427083333333332860e+01,1.299968184787348218e+04
3.429166666666666430e+01,1.443373714370110611e+04
3.431250000000000000e+01,1.578276065913742787e+04
3.433333333333332860e+01,1.443516517959896009e+04
3.435416666666666430e+01,1.279410808417395674e+04
3.437500000000000000e+01,1.443293092583857651e+04
3.439583333333332860e+01,1.614965638384376507e+04
3.441666666666666430e+01,1.437493075669022073e+04
3.443750000000000000e+01,1.271253184315775070e+04
3.445833333333332860e+01,1.442987751774154822e+04
3.447916666666666430e+01,1.437273369534746234e+04
3.450000000000000000e+01,1.423095201495943547e+04
3.452083333333332860e+01,1.357034396470226056e+04
3.454166666666666430e+01,1.422749814928229534e+04
3.456250000000000000e+01,1.481904967011837289e+04
3.458333333333332860e+01,1.435508856386528714e+04
3.460416666666666430e+01,1.426995903068515327e+04
3.462500000000000000e+01,1.435704732738225721e+04
3.464583333333332860e+01,1.467236188536354166e+04
3.466666666666666430e+01,1.451522115270152790e+04
3.468750000000000000e+01,1.442540449949126560e+04
3.470833333333332860e+01,1.442624267044144653e+04
3.472916666666666430e+01,1.443063375665339845e+04
3.475000000000000000e+01,1.448988601223730802e+04
3.477083333333332860e+01,1.443159290818613590e+04
3.479166666666666430e+01,1.442863265711740678e+04
3.481250000000000000e+01,1.454147559640042164e+04
3.483333333333332860e+01,1.470885539965418866e+04
3.485416666666666430e+01,1.443270724370595417e+04
3.487500000000000000e+01,1.434456530399965413e+04
3.489583333333332860e+01,1.443550667951045034e+04
3.491666666666666430e+01,1.477343605141021544e+04
3.493750000000000000e+01,1.443471297291668452e+04
3.495833333333332860e+01,1.395681728451713934e+04
3.497916666666666430e+01,1.443545034676643263e+04
3.500000000000000000e+01,1.529175098568097746e+04
3.502083333333332860e+01,1.431405276549515111e+04
3.504166666666666430e+01,1.357227321497508456e+04
3.506250000000000000e+01,1.443000375403696671e+04
3.508333333333332860e+01,1.528754492782133093e+04
3.510416666666666430e+01,1.438355949243967916e+04
3.512500000000000000e+01,1.331107804847022999e+04
3.514583333333332860e+01,1.452004324674692907e+04
3.516666666666666430e+01,1.542149575796694990e+04
3.518750000000000000e+01,1.443273750053020558e+04
3.520833333333332860e+01,1.357327395874595095e+04
3.522916666666666430e+01,1.456377994591708557e+04
3.525000000000000000e+01,1.528893456831366348e+04
3.527083333333332860e+01,1.442980063265050558e+04
3.529166666666666430e+01,1.357131341032708588e+04
3.531250000000000000e+01,1.446358233188626764e+04
3.533333333333332860e+01,1.528742388815565209e+04
3.535416666666666430e+01,1.442728687072222965e+04
3.537500000000000000e+01,1.368668181288007327e+04
3.539583333333332860e+01,1.461327184006297466e+04
3.541666666666666430e+01,1.557840058508404036e+04
3.543750000000000000e+01,1.443099441022575047e+04
3.545833333333332860e+01,1.336689149000701582e+04
3.547916666666666430e+01,1.443364897159333850e+04
3.550000000000000000e+01,1.529059747274535766e+04
3.552083333333332860e+01,1.442914187657931689e+04
3.554166666666666430e+01,1.356874718779336399e+04
3.556250000000000000e+01,1.442862628573178154e+04
3.558333333333332860e+01,1.528869662236138538e+04
3.560416666666666430e+01,1.442814252527805365e+04
3.562500000000000000e+01,1.356738956663876888e+04
3.564583333333332860e+01,1.442835034044549320e+04
3.566666666666666430e+01,1.544886813030189296e+04
3.568750000000000000e+01,1.443042841379163656e+04
3.570833333333332860e+01,1.357005498768245525e+04
3.572916666666666430e+01,1.464725793544298358e+04
3.575000000000000000e+01,1.529202608025886002e+04
3.577083333333332860e+01,1.443074544000053720e+04
3.579166666666666430e+01,1.338477108414053146e+04
3.581250000000000000e+01,1.443112377645545712e+04
3.583333333333332860e+01,1.528886826628666313e+04
3.585416666666666430e+01,1.442905826777501352e+04
3.587500000000000000e+01,1.359419291483533380e+04
3.589583333333332860e+01,1.485736286398419179e+04
3.591666666666666430e+01,1.528963236062035139e+04
3.593750000000000000e+01,1.386198388678151605e+04
3.595833333333332860e+01,1.357333018285368598e+04
3.597916666666666430e+01,1.528876606932140567e+04
3.600000000000000000e+01,1.528675178223865441e+04
3.602083333333332860e+01,1.356602229763537252e+04
3.604166666666666430e+01,1.327069165864615934e+04
3.606250000000000000e+01,1.529224748521581569e+04
3.608333333333332860e+01,1.584249591452239110e+04
3.610416666666666430e+01,1.357471105235155119e+04
3.612500000000000000e+01,1.275562480621127179e+04
3.614583333333332860e+01,1.528800501873706526e+04
3.616666666666666430e+01,1.614742140369235130e+04
3.618750000000000000e+01,1.357127560354696107e+04
3.620833333333332860e+01,1.271063704698472793e+04
3.622916666666666430e+01,1.528575982800232305e+04
3.625000000000000000e+01,1.614556125768282800e+04
3.627083333333332860e+01,1.322448148147802567e+04
3.629166666666666430e+01,1.271198457151424009e+04
3.631250000000000000e+01,1.551144450969978061e+04
3.633333333333332860e+01,1.614928223095582871e+04
3.635416666666666430e+01,1.349143597054131533e+04
3.637500000000000000e+01,1.271106576959028826e+04
3.639583333333332860e+01,1.528717781843863486e+04
3.641666666666666430e+01,1.614698132398538655e+04
3.643750000000000000e+01,1.328359966645767781e+04
3.645833333333332860e+01,1.271010486647011203e+04
3.647916666666666430e+01,1.513332637269543557e+04
3.650000000000000000e+01,1.608858678968945605e+04
3.652083333333332860e+01,1.357166919266843252e+04
3.654166666666666430e+01,1.271162583506523151e+04
3.656250000000000000e+01,1.529128811756293726e+04
3.658333333333332860e+01,1.615032569071836406e+04
3.660416666666666430e+01,1.357063285189779344e+04
3.662500000000000000e+01,1.271205973173369057e+04
3.664583333333332860e+01,1.529105321546099367e+04
3.666666666666666430e+01,1.614910739237489906e+04
3.668750000000000000e+01,1.357063488465094633e+04
3.670833333333332860e+01,1.285980467543755003e+04
3.672916666666666430e+01,1.529055428732118889e+04
3.675000000000000000e+01,1.605248080458613549e+04
3.677083333333332860e+01,1.321889427465251720e+04
3.679166666666666430e+01,1.271409215519829013e+04
3.681250000000000000e+01,1.566857721591348673e+04
3.683333333333332860e+01,1.615036179676281972e+04
3.685416666666666430e+01,1.275351674701658703e+04
3.687500000000000000e+01,1.286650331980947885e+04
3.689583333333332860e+01,1.614933270791320319e+04
3.691666666666666430e+01,1.579570904107096794e+04
3.693750000000000000e+01,1.271373385115470228e+04
3.695833333333332860e+01,1.271107863792156786e+04
3.697916666666666430e+01,1.590831093379089725e+04
3.700000000000000000e+01,1.609734893453369659e+04
3.702083333333332860e+01,1.271182746331403541e+04
3.704166666666666430e+01,1.271029614668548311e+04
3.706250000000000000e+01,1.614846502982304446e+04
3.708333333333332860e+01,1.602964386473313789e+04
3.710416666666666430e+01,1.271229988522513304e+04
3.712500000000000000e+01,1.270959687436022068e+04
3.714583333333332860e+01,1.605073006744182931e+04
3.716666666666666430e+01,1.551219573193763063e+04
3.718750000000000000e+01,1.271498219902466371e+04
3.720833333333332860e+01,1.330947132521665117e+04
3.722916666666666430e+01,1.615567412325044279e+04
3.725000000000000000e+01,1.548858748569280579e+04
3.727083333333332860e+01,1.271463023488815816e+04
3.729166666666666430e+01,1.357168571831811641e+04
3.731250000000000000e+01,1.614948084421175736e+04
3.733333333333332860e+01,1.525524007534977136e+04
3.735416666666666430e+01,1.271024422151232648e+04
3.737500000000000000e+01,1.355760593256569700e+04
3.739583333333332860e+01,1.573908708738161658e+04
3.741666666666666430e+01,1.529120029196314863e+04
3.743750000000000000e+01,1.317598067064037605e+04
3.745833333333332860e+01,1.357306851723207365e+04
3.747916666666666430e+01,1.529112176816551073e+04
3.750000000000000000e+01,1.532964560027651896e+04
3.752083333333332860e+01,1.357208840611180131e+04
3.754166666666666430e+01,1.374300757698103189e+04
3.756250000000000000e+01,1.529059696020320553e+04
3.758333333333332860e+01,1.528901888854334538e+04
3.760416666666666430e+01,1.357079245831755179e+04
3.762500000000000000e+01,1.390999880052457229e+04
3.764583333333332860e+01,1.529223024984603762e+04
3.766666666666666430e+01,1.528967580133111915e+04
3.768750000000000000e+01,1.357201674903457388e+04
3.770833333333332860e+01,1.340171172976449816e+04
3.772916666666666430e+01,1.528848704867140259e+04
3.775000000000000000e+01,1.528591566981579308e+04
3.777083333333332860e+01,1.363098819702347100e+04
3.779166666666666430e+01,1.389547470880862238e+04
3.781250000000000000e+01,1.528948714169794039e+04
3.783333333333332860e+01,1.501880847435330725e+04
3.785416666666666430e+01,1.343662191312851064e+04
3.787500000000000000e+01,1.371066026977902948e+04
3.789583333333332860e+01,1.529430703207834449e+04
3.791666666666666430e+01,1.505763206894889663e+04
3.793750000000000000e+01,1.352093028633272843e+04
3.795833333333332860e+01,1.354933420343906255e+04
3.797916666666666430e+01,1.526959754048113609e+04
3.800000000000000000e+01,1.527572749892804495e+04
3.802083333333332860e+01,1.356248039264508407e+04
3.804166666666666430e+01,1.411090035982572590e+04
3.806250000000000000e+01,1.529045877110236688e+04
3.808333333333332860e+01,1.486817343686501408e+04
3.810416666666666430e+01,1.357257873481538991e+04
3.812500000000000000e+01,1.441831307659931554e+04
3.814583333333332860e+01,1.510561283377089785e+04
3.816666666666666430e+01,1.443138865621549121e+04
3.818750000000000000e+01,1.356965802505250758e+04
3.820833333333332860e+01,1.442764132648126906e+04
3.822916666666666430e+01,1.528758278523922127e+04
3.825000000000000000e+01,1.482044103575674308e+04
3.827083333333332860e+01,1.357110154929378041e+04
3.829166666666666430e+01,1.442796571762349049e+04
3.831250000000000000e+01,1.528834846265875240e+04
3.833333333333332860e+01,1.442989816155299923e+04
3.835416666666666430e+01,1.356866694590758925e+04
3.837500000000000000e+01,1.442643872568231745e+04
3.839583333333332860e+01,1.528627735803401083e+04
3.841666666666666430e+01,1.442767821979376095e+04
3.843750000000000000e+01,1.380012715632458276e+04
3.845833333333332860e+01,1.442775675385698560e+04
3.847916666666666430e+01,1.528636420815392557e+04
3.850000000000000000e+01,1.442755305641942323e+04
3.852083333333332860e+01,1.356872541802234628e+04
3.854166666666666430e+01,1.435066291533644835e+04
3.856250000000000000e+01,1.528604545684391633e+04
3.858333333333332860e+01,1.442688601445355744e+04
3.860416666666666430e+01,1.365659802128520096e+04
3.862500000000000000e+01,1.442956812194039594e+04
3.864583333333332860e+01,1.528636949171702145e+04
3.866666666666666430e+01,1.442754067671672601e+04
3.868750000000000000e+01,1.389937638288595917e+04
3.870833333333332860e+01,1.443239603612063729e+04
3.872916666666666430e+01,1.512747113977530898e+04
3.875000000000000000e+01,1.443141704268907415e+04
3.877083333333332860e+01,1.357377628939804708e+04
3.879166666666666430e+01,1.443212357293601599e+04
3.881250000000000000e+01,1.528838234471881879e+04
3.883333333333332860e+01,1.454771236358132956e+04
3.885416666666666430e+01,1.381119269951758179e+04
3.887500000000000000e+01,1.443353772135100371e+04
3.889583333333332860e+01,1.524682712867136433e+04
3.891666666666666430e+01,1.443200975690746054e+04
3.893750000000000000e+01,1.357280386907783031e+04
3.895833333333332860e+01,1.443091989425932479e+04
3.897916666666666430e+01,1.528939745935072642e+04
3.900000000000000000e+01,1.451546811800374780e+04
3.902083333333332860e+01,1.357034235356707723e+04
3.904166666666666430e+01,1.442880565214617673e+04
3.906250000000000000e+01,1.528873402387891110e+04
3.908333333333332860e+01,1.442951077221711239e+04
3.910416666666666430e+01,1.382574650448722241e+04
3.912500000000000000e+01,1.442774305951720089e+04
3.914583333333332860e+01,1.531129674241960674e+04
3.916666666666666430e+01,1.468100865955197878e+04
3.918750000000000000e+01,1.357003655010378134e+04
3.920833333333332860e+01,1.426829517886379472e+04
3.922916666666666430e+01,1.528993935841874918e+04
3.925000000000000000e+01,1.442949262379444554e+04
3.927083333333332860e+01,1.356758137831792919e+04
3.929166666666666430e+01,1.442517253207382237e+04
3.931250000000000000e+01,1.528416235515751032e+04
3.933333333333332860e+01,1.467108991375024561e+04
3.935416666666666430e+01,1.363115879727615902e+04
3.937500000000000000e+01,1.433253985088422269e+04
3.939583333333332860e+01,1.528521062833059477e+04
3.941666666666666430e+01,1.442657898258044588e+04
3.943750000000000000e+01,1.356872836278208342e+04
3.945833333333332860e+01,1.443247533339975780e+04
3.947916666666666430e+01,1.528437025180162527e+04
3.950000000000000000e+01,1.442585856084772968e+04
3.952083333333332860e+01,1.385354254139225304e+04
3.954166666666666430e+01,1.434911194629981037e+04
3.956250000000000000e+01,1.525428738966569290e+04
3.958333333333332860e+01,1.443075715417581523e+04
3.960416666666666430e+01,1.357413356347921945e+04
3.962500000000000000e+01,1.443344829306304382e+04
3.964583333333332860e+01,1.529048247694795646e+04
3.966666666666666430e+01,1.443075332350680765e+04
3.968750000000000000e+01,1.357304704315233903e+04
3.970833333333332860e+01,1.443359948920302486e+04
3.972916666666666430e+01,1.529047882718411347e+04
3.975000000000000000e+01,1.450533533288964099e+04
3.977083333333332860e+01,1.384095159142122429e+04
3.979166666666666430e+01,1.444975619186500626e+04
3.981250000000000000e+01,1.529034229081216472e+04
3.983333333333332860e+01,1.464179274175316823e+04
3.985416666666666430e+01,1.357077104542329835e+04
3.987500000000000000e+01,1.442891205679715495e+04
3.989583333333332860e+01,1.528898983084680731e+04
3.991666666666666430e+01,1.442875181726975279e+04
3.993750000000000000e+01,1.356743716789536484e+04
3.995833333333332860e+01,1.433158676136790018e+04
3.997916666666666430e+01,1.528570342048278690e+04
4.000000000000000000e+01,1.443455681033291694e+04
4.002083333333332860e+01,1.392044915300988214e+04
4.004166666666666430e+01,1.443631649335109978e+04
4.006250000000000000e+01,1.517468225947173414e+04
4.008333333333332860e+01,1.443046919909957796e+04
4.010416666666666430e+01,1.357084829415107743e+04
4.012500000000000000e+01,1.442914877730364969e+04
4.014583333333332860e+01,1.528641878522101251e+04
4.016666666666666430e+01,1.454945495104323345e+04
4.018750000000000000e+01,1.385909163925147368e+04
4.020833333333332860e+01,1.438374506917698818e+04
4.022916666666666430e+01,1.504647500870588556e+04
4.025000000000000000e+01,1.443208399560878752e+04
4.027083333333332860e+01,1.382097328909643693e+04
4.029166666666666430e+01,1.443371646228776808e+04
4.031250000000000000e+01,1.528997070533569786e+04
4.033333333333332860e+01,1.443067549185183816e+04
4.035416666666666430e+01,1.357277062587349792e+04
4.037500000000000000e+01,1.443127002573324353e+04
4.039583333333332860e+01,1.528875109468888331e+04
4.041666666666666430e+01,1.442939574415410243e+04
4.043750000000000000e+01,1.357075754635246994e+04
4.045833333333332860e+01,1.442916663814070125e+04
4.047916666666666430e+01,1.528758762733852200e+04
4.050000000000000000e+01,1.468481981192636886e+04
4.052083333333332860e+01,1.368682386364458216e+04
4.054166666666666430e+01,1.443924719404449570e+04
4.056250000000000000e+01,1.528931724263501383e+04
4.058333333333332860e+01,1.443101540556213513e+04
4.060416666666666430e+01,1.356974640258480576e+04
4.062500000000000000e+01,1.442668015098049000e+04
4.064583333333332860e+01,1.528692949044915804e+04
4.066666666666666430e+01,1.453188029611053207e+04
4.068750000000000000e+01,1.381425969735655235e+04
4.070833333333332860e+01,1.442805416866225278e+04
4.072916666666666430e+01,1.528857767584866451e+04
4.075000000000000000e+01,1.443046636012205272e+04
4.077083333333332860e+01,1.356879482087180804e+04
4.079166666666666430e+01,1.442626005289308887e+04
4.081250000000000000e+01,1.528633862724958817e+04
4.083333333333332860e+01,1.442742533957464548e+04
4.085416666666666430e+01,1.356707390673831105e+04
4.087500000000000000e+01,1.443093990275069154e+04
4.089583333333332860e+01,1.528458685506037000e+04
4.091666666666666430e+01,1.450014436587668024e+04
4.093750000000000000e+01,1.391687482196881319e+04
4.095833333333332860e+01,1.426868010980665349e+04
4.097916666666666430e+01,1.484905607300521660e+04
4.100000000000000000e+01,1.443090303327208676e+04
4.102083333333332860e+01,1.443104512423810593e+04
4.104166666666666430e+01,1.431663460347405999e+04
4.106250000000000000e+01,1.443053207150671733e+04
4.108333333333332860e+01,1.481969262004332995e+04
4.110416666666666430e+01,1.443156314587647648e+04
4.112500000000000000e+01,1.412307182936052050e+04
4.114583333333332860e+01,1.443134970935369711e+04
4.116666666666666430e+01,1.500419930844089322e+04
4.118750000000000000e+01,1.443165356147229249e+04
4.120833333333332860e+01,1.360675642094126306e+04
4.122916666666666430e+01,1.481431426404345257e+04
4.125000000000000000e+01,1.535315231486849734e+04
4.127083333333332860e+01,1.407463517845997922e+04
4.129166666666666430e+01,1.357150479901086510e+04
4.131250000000000000e+01,1.507936628541711616e+04
4.133333333333332860e+01,1.529033346496203012e+04
4.135416666666666430e+01,1.357005391362411319e+04
4.137500000000000000e+01,1.356875962814986997e+04
4.139583333333332860e+01,1.528689196843783429e+04
4.141666666666666430e+01,1.528504785039968920e+04
4.143750000000000000e+01,1.334186541957576264e+04
4.145833333333332860e+01,1.362840534009297699e+04
4.147916666666666430e+01,1.537065059763332101e+04
4.150000000000000000e+01,1.536548419328301316e+04
4.152083333333332860e+01,1.357151216654541713e+04
4.154166666666666430e+01,1.357078644142960911e+04
4.156250000000000000e+01,1.528505906316244727e+04
4.158333333333332860e+01,1.528227774176166713e+04
4.160416666666666430e+01,1.360642423594769571e+04
4.162500000000000000e+01,1.363258294798261704e+04
4.164583333333332860e+01,1.529101461832658970e+04
4.166666666666666430e+01,1.528780510299072557e+04
4.168750000000000000e+01,1.357140880198749437e+04
4.170833333333332860e+01,1.356997783580084797e+04
4.172916666666666430e+01,1.528544932291252553e+04
4.175000000000000000e+01,1.528364557526378485e+04
4.177083333333332860e+01,1.356575209497326432e+04
4.179166666666666430e+01,1.356507413682372135e+04
4.181250000000000000e+01,1.528367441845283975e+04
4.183333333333332860e+01,1.528308608440262833e+04
4.185416666666666430e+01,1.356492076962387728e+04
4.187500000000000000e+01,1.366395787175744408e+04
4.189583333333332860e+01,1.528657189403645316e+04
4.191666666666666430e+01,1.528410958709493934e+04
4.193750000000000000e+01,1.357260574885277674e+04
4.195833333333332860e+01,1.518859074280204368e+04
4.197916666666666430e+01,1.584671491296438762e+04
4.200000000000000000e+01,1.509574385105104739e+04
4.202083333333332860e+01,1.379705394417126081e+04
4.204166666666666430e+01,1.446930442682453577e+04
4.206250000000000000e+01,1.493306696559356351e+04
4.208333333333332860e+01,1.450469910157919730e+04
4.210416666666666430e+01,1.396248363323280137e+04
4.212500000000000000e+01,1.408642535531848625e+04
4.214583333333332860e+01,1.446357216791426981e+04
4.216666666666666430e+01,1.496465108680183766e+04
4.218750000000000000e+01,1.445185359979560599e+04
4.220833333333332860e+01,1.415573292644504909e+04
4.222916666666666430e+01,1.444265152066776864e+04
4.225000000000000000e+01,1.468691158602506039e+04
4.227083333333332860e+01,1.444783760934780003e+04
4.229166666666666430e+01,1.415305131744473329e+04
4.231250000000000000e+01,1.444487451406561377e+04
4.233333333333332860e+01,1.481340125324134715e+04
4.235416666666666430e+01,1.445257428110150431e+04
4.237500000000000000e+01,1.399837365295070049e+04
4.239583333333332860e+01,1.444536425983184381e+04
4.241666666666666430e+01,1.544795235928949114e+04
4.243750000000000000e+01,1.444378294353943056e+04
4.245833333333332860e+01,1.357840851007739911e+04
4.247916666666666430e+01,1.443595769659538200e+04
4.250000000000000000e+01,1.529680970641077147e+04
4.252083333333332860e+01,1.443601389187060340e+04
4.254166666666666430e+01,1.408479403061043558e+04
4.256250000000000000e+01,1.443572585499726483e+04
4.258333333333332860e+01,1.524404008584652911e+04
4.260416666666666430e+01,1.437593563842389995e+04
4.262500000000000000e+01,1.357274507769634511e+04
4.264583333333332860e+01,1.443279621389225213e+04
4.266666666666666430e+01,1.544216114897244915e+04
4.268750000000000000e+01,1.443123332538581235e+04
4.270833333333332860e+01,1.362100704222242348e+04
4.272916666666666430e+01,1.479237169512959008e+04
4.275000000000000000e+01,1.529460005537482721e+04
4.277083333333332860e+01,1.412495718124953419e+04
4.279166666666666430e+01,1.336058624836309173e+04
4.281250000000000000e+01,1.488168735352409567e+04
4.283333333333332860e+01,1.529520709014223394e+04
4.285416666666666430e+01,1.377812715265806764e+04
4.287500000000000000e+01,1.366507076587182746e+04
4.289583333333332860e+01,1.529275581772682199e+04
4.291666666666666430e+01,1.529061022739282271e+04
4.293750000000000000e+01,1.357406322886319322e+04
4.295833333333332860e+01,1.336971911319974242e+04
4.297916666666666430e+01,1.529456761311805167e+04
4.300000000000000000e+01,1.531774423276563175e+04
4.302083333333332860e+01,1.357537518557650401e+04
4.304166666666666430e+01,1.357439327626532395e+04
4.306250000000000000e+01,1.529077111664828772e+04
4.308333333333332860e+01,1.528905165483805104e+04
4.310416666666666430e+01,1.364054121027851579e+04
4.312500000000000000e+01,1.392689611247926223e+04
4.314583333333332860e+01,1.529313348980499359e+04
4.316666666666666430e+01,1.506185141424807080e+04
4.318750000000000000e+01,1.357552947066976049e+04
4.320833333333332860e+01,1.351043931022500692e+04
4.322916666666666430e+01,1.529313273819040842e+04
4.325000000000000000e+01,1.529067004845495467e+04
4.327083333333332860e+01,1.357358871186712713e+04
4.329166666666666430e+01,1.375016223719156551e+04
4.331250000000000000e+01,1.529247840558536700e+04
4.333333333333332860e+01,1.528949453132802955e+04
4.335416666666666430e+01,1.353281250773089778e+04
4.337500000000000000e+01,1.355585453410737682e+04
4.339583333333332860e+01,1.529449209790497844e+04
4.341666666666666430e+01,1.544998142320889019e+04
4.343750000000000000e+01,1.357985185303352409e+04
4.345833333333332860e+01,1.292826104396528171e+04
4.347916666666666430e+01,1.554210359323598823e+04
4.350000000000000000e+01,1.615396007652036860e+04
4.352083333333332860e+01,1.341234277053197729e+04
4.354166666666666430e+01,1.271526064486212272e+04
4.356250000000000000e+01,1.509108376597616370e+04
4.358333333333332860e+01,1.614705602993422508e+04
4.360416666666666430e+01,1.357301449001201763e+04
4.362500000000000000e+01,1.271234140319526705e+04
4.364583333333332860e+01,1.529072928902185231e+04
4.366666666666666430e+01,1.597852084316347828e+04
4.368750000000000000e+01,1.345291106393321388e+04
4.370833333333332860e+01,1.271340134069866690e+04
4.372916666666666430e+01,1.529178986968840763e+04
4.375000000000000000e+01,1.615225398605265946e+04
4.377083333333332860e+01,1.357295792829226048e+04
4.379166666666666430e+01,1.271242241885373369e+04
4.381250000000000000e+01,1.529026195252868274e+04
4.383333333333332860e+01,1.615055627065098815e+04
4.385416666666666430e+01,1.337375781908598583e+04
4.387500000000000000e+01,1.271454706843131498e+04
4.389583333333332860e+01,1.529067479016576544e+04
4.391666666666666430e+01,1.615080768200649254e+04
4.393750000000000000e+01,1.357261905439574184e+04
4.395833333333332860e+01,1.271318638834331068e+04
4.397916666666666430e+01,1.528924772843353639e+04
4.400000000000000000e+01,1.614912250788303572e+04
4.402083333333332860e+01,1.329496194492955692e+04
4.404166666666666430e+01,1.271440186224077843e+04
4.406250000000000000e+01,1.529040126982660877e+04
4.408333333333332860e+01,1.614976633561377457e+04
4.410416666666666430e+01,1.357278717102474911e+04
4.412500000000000000e+01,1.271345454957625407e+04
4.414583333333332860e+01,1.528960659204534750e+04
4.416666666666666430e+01,1.614783346640830132e+04
4.418750000000000000e+01,1.357176972200881937e+04
4.420833333333332860e+01,1.280664687392981068e+04
4.422916666666666430e+01,1.529083368539182629e+04
4.425000000000000000e+01,1.614891155343578066e+04
4.427083333333332860e+01,1.346942407035090218e+04
4.429166666666666430e+01,1.272976012826279111e+04
4.431250000000000000e+01,1.529100507800022024e+04
4.433333333333332860e+01,1.614963584375195933e+04
4.435416666666666430e+01,1.321166427595103960e+04
4.437500000000000000e+01,1.271533641041365627e+04
4.439583333333332860e+01,1.547581859552071910e+04
4.441666666666666430e+01,1.599160132836066623e+04
4.443750000000000000e+01,1.357484269066847992e+04
4.445833333333332860e+01,1.271334065249429477e+04
4.447916666666666430e+01,1.529033053980600016e+04
4.450000000000000000e+01,1.588030954866819229e+04
4.452083333333332860e+01,1.357453430808995472e+04
4.454166666666666430e+01,1.271684615617978488e+04
4.456250000000000000e+01,1.529082581841987849e+04
4.458333333333332860e+01,1.615164711601121962e+04
4.460416666666666430e+01,1.357307862982945517e+04
4.462500000000000000e+01,1.271323847776190451e+04
4.464583333333332860e+01,1.528914624291962537e+04
4.466666666666666430e+01,1.601383500914977049e+04
4.468750000000000000e+01,1.339362881632180142e+04
4.470833333333332860e+01,1.272608947544336115e+04
4.472916666666666430e+01,1.529188724909363737e+04
4.475000000000000000e+01,1.615234358801228518e+04
4.477083333333332860e+01,1.357381780160407288e+04
4.479166666666666430e+01,1.271310631577809909e+04
4.481250000000000000e+01,1.529048883331977413e+04
4.483333333333332860e+01,1.614951417193786256e+04
4.485416666666666430e+01,1.357160875701002442e+04
4.487500000000000000e+01,1.271272566038084551e+04
4.489583333333332860e+01,1.529010946358041474e+04
4.491666666666666430e+01,1.614855881376379330e+04
4.493750000000000000e+01,1.357152549176792309e+04
4.495833333333332860e+01,1.271684784576922539e+04
4.497916666666666430e+01,1.528935074040986729e+04
4.500000000000000000e+01,1.592351450231750277e+04
4.502083333333332860e+01,1.346054880656303067e+04
4.504166666666666430e+01,1.284560543379940646e+04
4.506250000000000000e+01,1.529185816698868439e+04
4.508333333333332860e+01,1.615047516152246681e+04
4.510416666666666430e+01,1.357420987716304080e+04
4.512500000000000000e+01,1.271449347846897217e+04
4.514583333333332860e+01,1.529006677076283449e+04
4.516666666666666430e+01,1.614913811240148789e+04
4.518750000000000000e+01,1.348475977541898828e+04
4.520833333333332860e+01,1.271353947510645594e+04
4.522916666666666430e+01,1.528961319030831146e+04
4.525000000000000000e+01,1.614955284708662657e+04
4.527083333333332860e+01,1.321325913270328238e+04
4.529166666666666430e+01,1.271353963245158229e+04
4.531250000000000000e+01,1.536677779868915968e+04
4.533333333333332860e+01,1.598990901291804767e+04
4.535416666666666430e+01,1.357587626544948944e+04
4.537500000000000000e+01,1.271424921147903297e+04
4.539583333333332860e+01,1.529201853916994514e+04
4.541666666666666430e+01,1.603267238015506155e+04
4.543750000000000000e+01,1.335639078668483126e+04
4.545833333333332860e+01,1.292285037014726549e+04
4.547916666666666430e+01,1.532721200037787639e+04
4.550000000000000000e+01,1.615281979753742053e+04
4.552083333333332860e+01,1.357407986677418376e+04
4.554166666666666430e+01,1.271337974845604913e+04
4.556250000000000000e+01,1.529057084203945124e+04
4.558333333333332860e+01,1.613849270167046780e+04
4.560416666666666430e+01,1.357113066939251075e+04
4.562500000000000000e+01,1.271168609345504228e+04
4.564583333333332860e+01,1.529014927722153880e+04
4.566666666666666430e+01,1.596559517682096703e+04
4.568750000000000000e+01,1.343864225662470562e+04
4.570833333333332860e+01,1.272489629291870006e+04
4.572916666666666430e+01,1.529196237043249130e+04
4.575000000000000000e+01,1.615117326865391806e+04
4.577083333333332860e+01,1.338460041887400075e+04
4.579166666666666430e+01,1.274546173871275096e+04
4.581250000000000000e+01,1.529066834431932512e+04
4.583333333333332860e+01,1.614997640553522797e+04
4.585416666666666430e+01,1.357296673275429930e+04
4.587500000000000000e+01,1.291009082658366242e+04
4.589583333333332860e+01,1.529000798659711290e+04
4.591666666666666430e+01,1.613330302905775898e+04
4.593750000000000000e+01,1.313371880047185550e+04
4.595833333333332860e+01,1.272687528482211565e+04
4.597916666666666430e+01,1.591087123357436940e+04
4.600000000000000000e+01,1.580248567803492551e+04
4.602083333333332860e+01,1.271675115852226008e+04
4.604166666666666430e+01,1.281418078499654439e+04
4.606250000000000000e+01,1.615270046823500161e+04
4.608333333333332860e+01,1.615148766712058205e+04
4.610416666666666430e+01,1.271310543585095002e+04
4.612500000000000000e+01,1.271136063661929438e+04
4.614583333333332860e+01,1.614967655391482185e+04
4.616666666666666430e+01,1.531385538906759029e+04
4.618750000000000000e+01,1.271817554921561532e+04
4.620833333333332860e+01,1.355874499425509202e+04
4.622916666666666430e+01,1.615699481456511057e+04
4.625000000000000000e+01,1.516294249634875814e+04
4.627083333333332860e+01,1.271537278516234437e+04
4.629166666666666430e+01,1.357411274361305914e+04
4.631250000000000000e+01,1.615149627903227156e+04
4.633333333333332860e+01,1.529064679993800382e+04
4.635416666666666430e+01,1.271214375980995828e+04
4.637500000000000000e+01,1.357211907794822400e+04
4.639583333333332860e+01,1.593308286454100016e+04
4.641666666666666430e+01,1.529034994126340825e+04
4.643750000000000000e+01,1.271305372920783338e+04
4.645833333333332860e+01,1.378582251786297275e+04
4.647916666666666430e+01,1.615165866131989969e+04
4.650000000000000000e+01,1.529105103087422322e+04
4.652083333333332860e+01,1.271445337689781081e+04
4.654166666666666430e+01,1.357397644176046379e+04
4.656250000000000000e+01,1.615045228646037867e+04
4.658333333333332860e+01,1.501074611518978418e+04
4.660416666666666430e+01,1.271382393920707182e+04
4.662500000000000000e+01,1.364400165974099218e+04
4.664583333333332860e+01,1.578059612455495517e+04
4.666666666666666430e+01,1.529254690367282819e+04
4.668750000000000000e+01,1.305122554354327804e+04
4.670833333333332860e+01,1.357565071929023907e+04
4.672916666666666430e+01,1.561470149410586600e+04
4.675000000000000000e+01,1.529218705463710285e+04
4.677083333333332860e+01,1.367962843453580717e+04
4.679166666666666430e+01,1.357774580035070903e+04
4.681250000000000000e+01,1.529577976221473000e+04
4.683333333333332860e+01,1.521102981738123344e+04
4.685416666666666430e+01,1.357787673613800143e+04
4.687500000000000000e+01,1.358569675041797382e+04
4.689583333333332860e+01,1.529188820342746476e+04
4.691666666666666430e+01,1.528958625686558298e+04
4.693750000000000000e+01,1.382886980664466319e+04
4.695833333333332860e+01,1.363033626394012026e+04
4.697916666666666430e+01,1.529378831583361534e+04
4.700000000000000000e+01,1.529085721508031202e+04
4.702083333333332860e+01,1.356423682056778853e+04
4.704166666666666430e+01,1.314958957775805175e+04
4.706250000000000000e+01,1.529223367124247306e+04
4.708333333333332860e+01,1.579058643900334573e+04
4.710416666666666430e+01,1.357606059238802845e+04
4.712500000000000000e+01,1.289509236347026308e+04
4.714583333333332860e+01,1.529217934190472079e+04
4.716666666666666430e+01,1.615109264709430499e+04
4.718750000000000000e+01,1.357414915145232590e+04
4.720833333333332860e+01,1.271426052687708579e+04
4.722916666666666430e+01,1.529103928037278092e+04
4.725000000000000000e+01,1.581777480392006328e+04
4.727083333333332860e+01,1.357338328393963457e+04
4.729166666666666430e+01,1.299306122812722970e+04
4.731250000000000000e+01,1.529458271589599462e+04
4.733333333333332860e+01,1.609882852018596896e+04
4.735416666666666430e+01,1.357265433477939587e+04
4.737500000000000000e+01,1.271272728185133383e+04
4.739583333333332860e+01,1.529121368714113851e+04
4.741666666666666430e+01,1.602966363259758873e+04
4.743750000000000000e+01,1.324187648010216071e+04
4.745833333333332860e+01,1.271385846972053332e+04
4.747916666666666430e+01,1.562816480179730570e+04
4.750000000000000000e+01,1.601344699874052458e+04
4.752083333333332860e+01,1.297548975144720680e+04
4.754166666666666430e+01,1.271577043498742933e+04
4.756250000000000000e+01,1.615384080855791035e+04
4.758333333333332860e+01,1.607756225195366278e+04
4.760416666666666430e+01,1.271395851134941040e+04
4.762500000000000000e+01,1.271149905593403673e+04
4.764583333333332860e+01,1.615063769654974021e+04
4.766666666666666430e+01,1.544724308466019284e+04
4.768750000000000000e+01,1.271834806150451914e+04
4.770833333333332860e+01,1.325368752598332503e+04
4.772916666666666430e+01,1.615560359000081735e+04
4.775000000000000000e+01,1.529375894442649951e+04
4.777083333333332860e+01,1.271408530458493988e+04
4.779166666666666430e+01,1.357342144407724481e+04
4.781250000000000000e+01,1.615052663114741881e+04
4.783333333333332860e+01,1.528993076735963405e+04
4.785416666666666430e+01,1.271256709992841570e+04
4.787500000000000000e+01,1.384849757529059934e+04
4.789583333333332860e+01,1.615108710413112931e+04
4.791666666666666430e+01,1.518118370349339602e+04
4.793750000000000000e+01,1.271506685586869207e+04
4.795833333333332860e+01,1.354158053945855136e+04
4.797916666666666430e+01,1.576548977316945093e+04
4.800000000000000000e+01,1.529247076041137916e+04
4.802083333333332860e+01,1.315534255675986060e+04
4.804166666666666430e+01,1.357615981755623943e+04
4.806250000000000000e+01,1.529235994333499184e+04
4.808333333333332860e+01,1.546467672808600764e+04
4.810416666666666430e+01,1.357427397554517302e+04
4.812500000000000000e+01,1.368896534292536671e+04
4.814583333333332860e+01,1.529321120803692611e+04
4.816666666666666430e+01,1.529071276078755545e+04
4.818750000000000000e+01,1.344505424347823282e+04
4.820833333333332860e+01,1.368653539510153496e+04
4.822916666666666430e+01,1.529433660773016891e+04
4.825000000000000000e+01,1.517139816168887046e+04
4.827083333333332860e+01,1.357719226032188817e+04
4.829166666666666430e+01,1.371036912337647300e+04
4.831250000000000000e+01,1.529293224618410750e+04
4.833333333333332860e+01,1.529070131435880467e+04
4.835416666666666430e+01,1.357287330001557348e+04
4.837500000000000000e+01,1.388724947381041056e+04
4.839583333333332860e+01,1.529365446160837382e+04
4.841666666666666430e+01,1.529083509228515686e+04
4.843750000000000000e+01,1.343035504757376475e+04
4.845833333333332860e+01,1.337585967542622166e+04
4.847916666666666430e+01,1.529236728719551684e+04
4.850000000000000000e+01,1.529042079541380735e+04
4.852083333333332860e+01,1.357387180654648182e+04
4.854166666666666430e+01,1.381089553201936724e+04
4.856250000000000000e+01,1.529251283761231753e+04
4.858333333333332860e+01,1.529083822960347607e+04
4.860416666666666430e+01,1.357332470271513739e+04
4.862500000000000000e+01,1.365001624096498563e+04
4.864583333333332860e+01,1.529227900047184812e+04
4.866666666666666430e+01,1.529069268896004724e+04
4.868750000000000000e+01,1.357240758925109913e+04
4.870833333333332860e+01,1.368812359626080797e+04
4.872916666666666430e+01,1.529098164188773080e+04
4.875000000000000000e+01,1.528931790443460704e+04
4.877083333333332860e+01,1.343199192597606816e+04
4.879166666666666430e+01,1.363090255583830367e+04
4.881250000000000000e+01,1.529579775799003255e+04
4.883333333333332860e+01,1.533359323396133550e+04
4.885416666666666430e+01,1.357574859647287667e+04
4.887500000000000000e+01,1.357446333422555108e+04
4.889583333333332860e+01,1.529091607452517928e+04
4.891666666666666430e+01,1.528927458030327398e+04
4.893750000000000000e+01,1.357209727762082548e+04
4.895833333333332860e+01,1.393640957373285346e+04
4.897916666666666430e+01,1.529241913220847709e+04
4.900000000000000000e+01,1.512691395352096515e+04
4.902083333333332860e+01,1.357491034132331697e+04
4.904166666666666430e+01,1.327791624461137326e+04
4.906250000000000000e+01,1.529343284624469743e+04
4.908333333333332860e+01,1.544567050127538459e+04
4.910416666666666430e+01,1.357508001746469381e+04
4.912500000000000000e+01,1.393776116428548630e+04
4.914583333333332860e+01,1.529327653721310708e+04
4.916666666666666430e+01,1.513132777100504609e+04
4.918750000000000000e+01,1.357502852153694766e+04
4.920833333333332860e+01,1.327440377796456232e+04
4.922916666666666430e+01,1.529366921304786229e+04
4.925000000000000000e+01,1.550643008572372128e+04
4.927083333333332860e+01,1.357567608920628118e+04
4.929166666666666430e+01,1.386496845865193973e+04
4.931250000000000000e+01,1.529384429159088177e+04
4.933333333333332860e+01,1.507517582614258936e+04
4.935416666666666430e+01,1.357574660695863349e+04
4.937500000000000000e+01,1.360131633955669895e+04
4.939583333333332860e+01,1.529411837757780813e+04
4.941666666666666430e+01,1.529116370796778938e+04
4.943750000000000000e+01,1.357404717772642471e+04
4.945833333333332860e+01,1.374561500803085073e+04
4.947916666666666430e+01,1.529131195702388868e+04
4.950000000000000000e+01,1.528899876581583158e+04
4.952083333333332860e+01,1.355638186386509187e+04
4.954166666666666430e+01,1.329027946875318230e+04
4.956250000000000000e+01,1.529398126591168329e+04
4.958333333333332860e+01,1.573201735685153108e+04
