0.000000000000000000e+00,0.000000000000000000e+00
2.083333333333333218e-02,-1.046511247246396437e+00
4.166666666666666435e-02,-9.076991098790840873e-01
6.250000000000000000e-02,-2.586438447736199020e-01
8.333333333333332871e-02,-4.019582948760307417e-01
1.041666666666666574e-01,-6.486807282385365081e-01
1.250000000000000000e-01,-2.509629916912787806e-01
1.458333333333333148e-01,3.180639140612111504e-01
1.666666666666666574e-01,1.352081177878603491e-01
1.875000000000000000e-01,-4.884051169668697234e-01
2.083333333333333148e-01,-3.794115519586978014e-01
2.291666666666666574e-01,2.461993846771215466e-01
2.500000000000000000e-01,7.216462149491633671e-01
2.708333333333333148e-01,4.494612218429969719e-01
2.916666666666666297e-01,-1.649353206589161402e-01
3.125000000000000000e-01,-2.611183188387045107e-03
3.333333333333333148e-01,6.405330311771012530e-01
3.541666666666666297e-01,4.720131719662523651e-01
3.750000000000000000e-01,1.125327515233113251e-01
3.958333333333333148e-01,4.390675614033990870e-01
4.166666666666666297e-01,7.062612900867014654e-01
4.375000000000000000e-01,3.202965388287459247e-01
4.583333333333333148e-01,9.209720148034562792e-02
4.791666666666666297e-01,5.150199325116378013e-01
5.000000000000000000e-01,4.142081641298454020e-01
5.208333333333332593e-01,-2.043821440867914507e-01
5.416666666666666297e-01,-5.173607435724145165e-02
5.625000000000000000e-01,6.325200310153947791e-01
5.833333333333332593e-01,5.194017089949130028e-01
6.041666666666666297e-01,-1.142393465937908692e-01
6.250000000000000000e-01,-1.741512046813902814e-01
6.458333333333332593e-01,2.972759489254064857e-01
6.666666666666666297e-01,1.088373293160006527e-01
6.875000000000000000e-01,-5.592019774770609075e-01
7.083333333333332593e-01,-4.531812042336592627e-01
7.291666666666666297e-01,1.723098969356975652e-01
7.500000000000000000e-01,2.632951646775405496e-02
7.708333333333332593e-01,-6.584163487803088577e-01
7.916666666666666297e-01,-5.528592877061178079e-01
8.125000000000000000e-01,7.424805809407825086e-02
8.333333333333332593e-01,1.622814932821728395e-01
8.541666666666666297e-01,-3.511239624987450569e-01
8.750000000000000000e-01,-2.302143687210982392e-01
8.958333333333332593e-01,4.057650286046660115e-01
9.166666666666666297e-01,2.734855089039316955e-01
9.375000000000000000e-01,-3.786452170628098468e-01
9.583333333333332593e-01,-2.523459791421568399e-01
9.791666666666666297e-01,4.027854378691630988e-01
1.000000000000000000e+00,2.607858334834493030e-01
1.020833333333333259e+00,-3.883278464391145546e-01
1.041666666666666519e+00,-2.622121414326529232e-01
1.062500000000000000e+00,4.082107530862146283e-01
1.083333333333333259e+00,2.874682143473386020e-01
1.104166666666666519e+00,-3.401029301180570896e-01
1.125000000000000000e+00,-1.875780514923416908e-01
1.145833333333333259e+00,4.747737630255070007e-01
1.166666666666666519e+00,3.751200382995781846e-01
1.187500000000000000e+00,-2.453221876611483276e-01
1.208333333333333259e+00,-8.542015542180408927e-02
1.229166666666666519e+00,5.257292324126012772e-01
1.250000000000000000e+00,3.796057963603808316e-01
1.270833333333333259e+00,-2.624712605456269721e-01
1.291666666666666519e+00,-1.116951817557781668e-01
1.312500000000000000e+00,2.075582736133440576e-01
1.333333333333333259e+00,-1.472201015314836270e-01
1.354166666666666519e+00,-3.753490054563095590e-01
1.375000000000000000e+00,3.601853445593930503e-02
1.395833333333333259e+00,-5.799063428286248267e-02
1.416666666666666519e+00,-3.994162691965793544e-01
1.437500000000000000e+00,-9.449301559738812473e-02
1.458333333333333259e+00,3.002070281472799529e-01
1.479166666666666519e+00,-4.924878646259718204e-03
1.500000000000000000e+00,-4.422162255823364196e-01
1.520833333333333259e+00,-1.635048681994253905e-01
1.541666666666666519e+00,4.656049470277714430e-01
1.562500000000000000e+00,3.361831217365578994e-01
1.583333333333333259e+00,-3.177152927983131203e-01
1.604166666666666519e+00,-1.818354902542664853e-01
1.625000000000000000e+00,4.722467279178139132e-01
1.645833333333333259e+00,3.636150423802895215e-01
1.666666666666666519e+00,-2.721149396726297853e-01
1.687500000000000000e+00,-1.147690824445815605e-01
1.708333333333333259e+00,2.261012404230105521e-01
1.729166666666666519e+00,-1.053372190200579511e-01
1.750000000000000000e+00,-3.875172379904344711e-01
1.770833333333333259e+00,-8.295614153600153196e-03
1.791666666666666519e+00,1.175123908659904681e-01
1.812500000000000000e+00,-3.676015603405683452e-01
1.833333333333333259e+00,-2.124172780143070982e-01
1.854166666666666519e+00,4.395823531992317235e-01
1.875000000000000000e+00,3.123620289275823025e-01
1.895833333333333259e+00,-3.555321978151411155e-01
1.916666666666666519e+00,-2.334171641628383087e-01
1.937500000000000000e+00,3.991743068918019999e-01
1.958333333333333259e+00,2.536727676561002509e-01
1.979166666666666519e+00,-4.244226977075861162e-01
2.000000000000000000e+00,-3.207940458367943837e-01
2.020833333333333037e+00,3.027690430036087399e-01
2.041666666666666519e+00,1.360209919164361292e-01
2.062500000000000000e+00,-5.382116230656903699e-01
2.083333333333333037e+00,-4.366612780593867038e-01
2.104166666666666519e+00,1.980950629202796187e-01
2.125000000000000000e+00,2.155326973701013893e-01
2.145833333333333037e+00,-2.564869319584227036e-01
2.166666666666666519e+00,-9.000620869340281160e-02
2.187500000000000000e+00,5.558844365096667905e-01
2.208333333333333037e+00,4.232359598282749991e-01
2.229166666666666519e+00,-2.585151330228761535e-01
2.250000000000000000e+00,-1.422920295499459364e-01
2.270833333333333037e+00,4.906223493774111155e-01
2.291666666666666519e+00,3.511562357357440600e-01
2.312500000000000000e+00,-3.103611845049204510e-01
2.333333333333333037e+00,-1.835499622185549906e-01
2.354166666666666519e+00,4.654027198614074656e-01
2.375000000000000000e+00,3.320299764439568202e-01
2.395833333333333037e+00,-3.167414593893278507e-01
2.416666666666666519e+00,-2.049801828182445385e-01
2.437500000000000000e+00,4.441677376676811950e-01
2.458333333333333037e+00,3.058345281758038103e-01
2.479166666666666519e+00,-3.305818653539863705e-01
2.500000000000000000e+00,-1.919531457226350546e-01
2.520833333333333037e+00,2.547977780984853058e-01
2.541666666666666519e+00,-1.100709453423345807e-02
2.562500000000000000e+00,-6.492980340834798580e-01
2.583333333333333037e+00,-4.972236696332182904e-01
2.604166666666666519e+00,1.891778870697580772e-01
2.625000000000000000e+00,9.352171580889920288e-02
2.645833333333333037e+00,-5.361974767332309266e-01
2.666666666666666519e+00,-3.761534404920573449e-01
2.687500000000000000e+00,2.925939795317258341e-01
2.708333333333333037e+00,1.870083441730994445e-01
2.729166666666666519e+00,-3.992807836461662596e-01
2.750000000000000000e+00,-2.207614894573243780e-01
2.770833333333333037e+00,4.215919859694183813e-01
2.791666666666666519e+00,2.896881912291567329e-01
2.812500000000000000e+00,-3.871195854167205908e-01
2.833333333333333037e+00,-2.733057734066254851e-01
2.854166666666666519e+00,3.657105640017568882e-01
2.875000000000000000e+00,2.418071786013259727e-01
2.895833333333333037e+00,-1.589798485682895890e-01
2.916666666666666519e+00,1.205371231835808965e-01
2.937500000000000000e+00,6.150045852187981943e-01
2.958333333333333037e+00,3.587437866352929938e-01
2.979166666666666519e+00,-3.184870035946297251e-01
3.000000000000000000e+00,-2.137600576722241685e-01
3.020833333333333037e+00,4.248015580205652952e-01
3.041666666666666519e+00,2.763669718669364284e-01
3.062500000000000000e+00,-3.878794438160320102e-01
3.083333333333333037e+00,-2.732699020160133108e-01
3.104166666666666519e+00,3.879428508344477944e-01
3.125000000000000000e+00,2.628263820559430530e-01
3.145833333333333037e+00,-3.721046111917404309e-01
3.166666666666666519e+00,-2.271246148425233036e-01
3.187500000000000000e+00,4.569681699591653934e-01
3.208333333333333037e+00,3.569775175635203079e-01
3.229166666666666519e+00,-2.723263930353970741e-01
3.250000000000000000e+00,-1.045341397785004289e-01
3.270833333333333037e+00,4.064955718917442895e-01
3.291666666666666519e+00,1.883489159151853221e-01
3.312500000000000000e+00,-4.516461062866696241e-01
3.333333333333333037e+00,-2.991243224092079434e-01
3.354166666666666519e+00,3.500138623391622072e-01
3.375000000000000000e+00,2.222319698511380781e-01
3.395833333333333037e+00,-4.515082976966273698e-01
3.416666666666666519e+00,-3.381002918682326497e-01
3.437500000000000000e+00,3.140751467240636141e-01
3.458333333333333037e+00,1.744877144740650254e-01
3.479166666666666519e+00,-4.975500878859654974e-01
3.500000000000000000e+00,-3.931528114726628997e-01
3.520833333333333037e+00,2.374568531414809613e-01
3.541666666666666519e+00,7.426939983053074124e-02
3.562500000000000000e+00,-5.637378561793736642e-01
3.583333333333333037e+00,-4.294887089567508420e-01
3.604166666666666519e+00,2.194633450844832856e-01
3.625000000000000000e+00,1.313657736822966826e-01
3.645833333333333037e+00,-2.041592692031715117e-01
3.666666666666666519e+00,1.175490374220543588e-01
3.687500000000000000e+00,4.271917232815355403e-01
3.708333333333333037e+00,7.614522143340060611e-02
3.729166666666666519e+00,-1.571036978784961791e-01
3.750000000000000000e+00,2.743125278673681500e-01
3.770833333333333037e+00,1.705127766339523121e-01
3.791666666666666519e+00,-3.579849813385728163e-01
3.812500000000000000e+00,-1.454354139445658833e-01
3.833333333333333037e+00,5.346596758340625977e-01
3.854166666666666519e+00,4.077600332920772175e-01
3.875000000000000000e+00,-2.383229736166994073e-01
3.895833333333333037e+00,-1.192309989027749290e-01
3.916666666666666519e+00,5.196973016148664914e-01
3.937500000000000000e+00,3.625377404535721770e-01
3.958333333333333037e+00,-3.089083413163893899e-01
3.979166666666666519e+00,-2.076548583661979586e-01
4.000000000000000000e+00,3.559235241390802940e-01
4.020833333333333037e+00,1.728454149708081311e-01
4.041666666666666075e+00,-5.108081091329096379e-01
4.062500000000000000e+00,-4.019907693116102632e-01
4.083333333333333037e+00,2.275182946061561351e-01
4.104166666666666075e+00,8.309070775830140754e-02
4.125000000000000000e+00,-5.921887791165694193e-01
4.145833333333333037e+00,-4.578026603291828200e-01
4.166666666666666075e+00,1.934635703989775468e-01
4.187500000000000000e+00,7.976061231416448072e-02
4.208333333333333037e+00,-3.605865405006236646e-01
4.229166666666666075e+00,-8.669156856056298155e-02
4.250000000000000000e+00,5.810481217765539608e-01
4.270833333333333037e+00,4.822481100152290479e-01
4.291666666666666075e+00,-1.361800511096622757e-01
4.312500000000000000e+00,-1.120198417139580682e-01
4.333333333333333037e+00,3.364079021366128686e-01
4.354166666666666075e+00,1.251318358730306723e-01
4.375000000000000000e+00,-5.059210719637147191e-01
4.395833333333333037e+00,-3.695966040150532317e-01
4.416666666666666075e+00,2.968057785731205156e-01
4.437500000000000000e+00,1.540505626613271062e-01
4.458333333333333037e+00,-5.054188372244171612e-01
4.479166666666666075e+00,-3.976823066130860673e-01
4.500000000000000000e+00,2.361701064459597321e-01
4.520833333333333037e+00,1.696868461346499324e-01
4.541666666666666075e+00,-2.444312708891799857e-01
4.562500000000000000e+00,-8.430486217284038908e-03
4.583333333333333037e+00,6.098515439553964246e-01
4.604166666666666075e+00,4.564778535199819909e-01
4.625000000000000000e+00,-2.256411839122357543e-01
4.645833333333333037e+00,-1.097717383698973981e-01
4.666666666666666075e+00,5.186645379061003425e-01
4.687500000000000000e+00,3.871332356645368344e-01
4.708333333333333037e+00,-2.675805328590114551e-01
4.729166666666666075e+00,-1.395877285740023399e-01
4.750000000000000000e+00,2.955046134357287579e-01
4.770833333333333037e+00,4.683046127074247389e-02
4.791666666666666075e+00,-5.917848386377608794e-01
4.812500000000000000e+00,-4.377054930550802192e-01
4.833333333333333037e+00,2.370454577124043727e-01
4.854166666666666075e+00,1.331558938740204368e-01
4.875000000000000000e+00,-4.825365272992136467e-01
4.895833333333333037e+00,-3.203561592519493240e-01
4.916666666666666075e+00,3.611734338132472355e-01
4.937500000000000000e+00,2.471203321358606264e-01
4.958333333333333037e+00,-3.755699506651843933e-01
4.979166666666666075e+00,-2.284385693672522366e-01
5.000000000000000000e+00,4.381643686054829678e-01
5.020833333333333037e+00,3.150245480355412520e-01
5.041666666666666075e+00,-3.231752052514865192e-01
5.062500000000000000e+00,-2.113442179608604476e-01
5.083333333333333037e+00,4.296531204700995143e-01
5.104166666666666075e+00,2.774856123935441898e-01
5.125000000000000000e+00,-3.928835541791045882e-01
5.145833333333333037e+00,-2.852252336173249359e-01
5.166666666666666075e+00,3.387535340351782165e-01
5.187500000000000000e+00,1.735678129315086360e-01
5.208333333333333037e+00,-5.118223009129394541e-01
5.229166666666666075e+00,-3.956215443812022836e-01
5.250000000000000000e+00,2.265352916843073883e-01
5.270833333333333037e+00,1.934100902855786785e-01
5.291666666666666075e+00,-2.422536013468799265e-01
5.312500000000000000e+00,-7.356444698652764291e-03
5.333333333333333037e+00,6.354080288924025544e-01
5.354166666666666075e+00,5.206552380250047962e-01
5.375000000000000000e+00,-1.180860755752577429e-01
5.395833333333333037e+00,-7.827515628188372321e-02
5.416666666666666075e+00,3.212433037031973138e-01
5.437500000000000000e+00,9.036861374048765772e-02
5.458333333333333037e+00,-5.282474549348509241e-01
5.479166666666666075e+00,-3.717899583613582526e-01
5.500000000000000000e+00,3.160714558426787057e-01
5.520833333333333037e+00,2.110916746667835797e-01
5.541666666666666075e+00,-4.166587411602941660e-01
5.562500000000000000e+00,-2.712648798182031307e-01
5.583333333333333037e+00,4.053685460122696815e-01
5.604166666666666075e+00,2.734474128953607308e-01
5.625000000000000000e+00,-3.743379670785380586e-01
5.645833333333333037e+00,-2.599554663450674985e-01
5.666666666666666075e+00,3.785646581936625843e-01
5.687500000000000000e+00,2.340697781644446307e-01
5.708333333333333037e+00,-4.329058090604513964e-01
5.729166666666666075e+00,-3.402529484453874487e-01
5.750000000000000000e+00,2.818720736115783998e-01
5.770833333333333037e+00,1.454131494462614360e-01
5.791666666666666075e+00,-5.132040643468895880e-01
5.812500000000000000e+00,-3.902804409916643680e-01
5.833333333333333037e+00,2.439074474670127057e-01
5.854166666666666075e+00,2.054040572162155187e-01
5.875000000000000000e+00,-2.537159204394346390e-01
5.895833333333333037e+00,-1.499672878704508272e-02
5.916666666666666075e+00,6.442766179502620316e-01
5.937500000000000000e+00,5.271990561313775192e-01
5.958333333333333037e+00,-1.158191141308778094e-01
5.979166666666666075e+00,-2.218924133605706950e-02
6.000000000000000000e+00,3.086722605597421731e-01
6.020833333333333037e+00,4.979582119500863824e-03
6.041666666666666075e+00,-3.739109060509208105e-01
6.062500000000000000e+00,-6.645647232313989239e-02
6.083333333333333037e+00,3.555678562621508720e-01
6.104166666666666075e+00,7.130717805624786632e-02
6.125000000000000000e+00,-5.628311477081748837e-01
6.145833333333333037e+00,-4.281769853814750837e-01
6.166666666666666075e+00,2.401971531289785189e-01
6.187500000000000000e+00,9.529494246663618162e-02
6.208333333333333037e+00,-4.229833751076269577e-01
6.229166666666666075e+00,-2.163430890719036936e-01
6.250000000000000000e+00,4.197618670625002935e-01
6.270833333333333037e+00,2.860320211641977362e-01
6.291666666666666075e+00,-3.816910035389316502e-01
6.312500000000000000e+00,-2.661282526316273156e-01
6.333333333333333037e+00,3.616357617268443625e-01
6.354166666666666075e+00,2.139391049802502054e-01
6.375000000000000000e+00,-4.655290214106658220e-01
6.395833333333333037e+00,-3.511195763006154102e-01
6.416666666666666075e+00,2.788546421099659112e-01
6.437500000000000000e+00,2.189806709120825090e-01
6.458333333333333037e+00,-1.853612343628651127e-01
6.479166666666666075e+00,4.820879231244337704e-02
6.500000000000000000e+00,6.093289484475056250e-01
6.520833333333333037e+00,4.052324568725517717e-01
6.541666666666666075e+00,-2.645505273022173975e-01
6.562500000000000000e+00,-1.589278392475461377e-01
6.583333333333333037e+00,4.611117101811258445e-01
6.604166666666666075e+00,3.142038956711208919e-01
6.625000000000000000e+00,-3.675627595295132832e-01
6.645833333333333037e+00,-2.569532856428611289e-01
6.666666666666666075e+00,3.717778424676325688e-01
6.687500000000000000e+00,2.269012804861283705e-01
6.708333333333333037e+00,-4.493001030129019080e-01
6.729166666666666075e+00,-3.151397980478264915e-01
6.750000000000000000e+00,3.376567013249791582e-01
6.770833333333333037e+00,2.210360133957118833e-01
6.791666666666666075e+00,-4.243144500643907802e-01
6.812500000000000000e+00,-2.711701142271987219e-01
6.833333333333333037e+00,3.984440263911868119e-01
6.854166666666666075e+00,2.938624829742709776e-01
6.875000000000000000e+00,-3.305518503163801247e-01
6.895833333333333037e+00,-1.748246686960309160e-01
6.916666666666666075e+00,3.405404570288506072e-01
6.937500000000000000e+00,1.224829953726348786e-01
6.958333333333333037e+00,-5.095000980574294625e-01
6.979166666666666075e+00,-3.674053452451064850e-01
7.000000000000000000e+00,3.167308058764503054e-01
7.020833333333333037e+00,1.962361504457563466e-01
7.041666666666666075e+00,-4.478662518002511916e-01
7.062500000000000000e+00,-3.295964887088110862e-01
7.083333333333333037e+00,3.160228266259458851e-01
7.104166666666666075e+00,1.614025770428127726e-01
7.125000000000000000e+00,-5.106386444526925805e-01
7.145833333333333037e+00,-4.052598386498519334e-01
7.166666666666666075e+00,2.166976581351359177e-01
7.187500000000000000e+00,6.557090690879771588e-02
7.208333333333333037e+00,-2.266181697531283457e-01
7.229166666666666075e+00,1.381959982446593349e-01
7.250000000000000000e+00,3.132874210137180926e-01
7.270833333333333037e+00,-1.316980040198740542e-01
7.291666666666666075e+00,-2.938188296558541523e-02
7.312500000000000000e+00,6.233817370683221171e-01
7.333333333333333037e+00,4.950386308923579448e-01
7.354166666666666075e+00,-1.479956862894246106e-01
7.375000000000000000e+00,-7.758455009017616033e-02
7.395833333333333037e+00,3.365108736633489195e-01
7.416666666666666075e+00,7.931188020130663929e-02
7.437500000000000000e+00,-5.522273471576621962e-01
7.458333333333333037e+00,-3.860327810156198858e-01
7.479166666666666075e+00,2.996687322389061103e-01
7.500000000000000000e+00,1.979989896409194983e-01
7.520833333333333037e+00,-4.344691228180048714e-01
7.541666666666666075e+00,-2.755254257624830116e-01
7.562500000000000000e+00,3.890027150299438796e-01
7.583333333333333037e+00,2.812940425429618085e-01
7.604166666666666075e+00,-3.790195696685254023e-01
7.625000000000000000e+00,-2.580035603400729904e-01
7.645833333333333037e+00,4.027365521286860872e-01
7.666666666666666075e+00,2.815070314400522911e-01
7.687500000000000000e+00,-2.448916811681838557e-01
7.708333333333333037e+00,-1.280335528109414686e-02
7.729166666666666075e+00,6.731096681864109366e-01
7.750000000000000000e+00,5.839372603847090559e-01
7.770833333333333037e+00,-1.002154341686783967e-02
7.791666666666666075e+00,-1.260067857657077850e-01
7.812500000000000000e+00,3.487678447996045428e-01
7.833333333333333037e+00,2.688331818991981925e-01
7.854166666666666075e+00,-4.215795455282042026e-01
7.875000000000000000e+00,-3.975429888882939800e-01
7.895833333333333037e+00,2.634735203442140627e-01
7.916666666666666075e+00,1.764172830458388685e-01
7.937500000000000000e+00,-5.574355452421859702e-01
7.958333333333333037e+00,-4.823884497580936959e-01
7.979166666666666075e+00,2.066090394586217738e-01
8.000000000000000000e+00,7.086694773104207368e-02
8.020833333333332149e+00,-5.590350145945290894e-01
8.041666666666666075e+00,-3.364375754262530216e-01
8.062500000000000000e+00,3.557673688550858637e-01
8.083333333333332149e+00,2.273477687759140331e-01
8.104166666666666075e+00,-4.175605182118437009e-01
8.125000000000000000e+00,-2.513401587714662044e-01
8.145833333333332149e+00,4.411311839249069111e-01
8.166666666666666075e+00,3.348287185112579500e-01
8.187500000000000000e+00,-2.942773252345061152e-01
8.208333333333332149e+00,-1.504404035018624408e-01
8.229166666666666075e+00,5.382053145631748858e-01
8.250000000000000000e+00,4.149212713601468927e-01
8.270833333333332149e+00,-2.431356033413556439e-01
8.291666666666666075e+00,-2.080659917306552642e-01
8.312500000000000000e+00,2.415861293236518659e-01
8.333333333333332149e+00,-2.365884434362444666e-02
8.354166666666666075e+00,-6.664374615041601668e-01
8.375000000000000000e+00,-5.225596973630053377e-01
8.395833333333332149e+00,9.238666429468161967e-02
8.416666666666666075e+00,6.692492868016233776e-02
8.437500000000000000e+00,-3.105978485224816232e-01
8.458333333333332149e+00,-5.806394751992211001e-02
8.479166666666666075e+00,4.822820061231741229e-01
8.500000000000000000e+00,2.834738779304525336e-01
8.520833333333332149e+00,-3.844768954436892372e-01
8.541666666666666075e+00,-2.455913068472257155e-01
8.562500000000000000e+00,4.100304796212631553e-01
8.583333333333332149e+00,2.997275128911597863e-01
8.604166666666666075e+00,-3.383508132380502742e-01
8.625000000000000000e+00,-1.955194787126985079e-01
8.645833333333332149e+00,4.738103127511980039e-01
8.666666666666666075e+00,3.712580143038372027e-01
8.687500000000000000e+00,-2.449448861735795124e-01
8.708333333333332149e+00,-8.596273716927418929e-02
8.729166666666666075e+00,4.079944462858174914e-01
8.750000000000000000e+00,1.671621178577763767e-01
8.770833333333332149e+00,-4.548640252450297239e-01
8.791666666666666075e+00,-3.173314132432468182e-01
8.812500000000000000e+00,3.357824014548689839e-01
8.833333333333332149e+00,2.215208565880529279e-01
8.854166666666666075e+00,-4.142207359778746767e-01
8.875000000000000000e+00,-2.798168169156891594e-01
8.895833333333332149e+00,3.717218990957386615e-01
8.916666666666666075e+00,2.703592544278378140e-01
8.937500000000000000e+00,-3.795487426554484678e-01
8.958333333333332149e+00,-2.437326724011268098e-01
8.979166666666666075e+00,3.964211395800567583e-01
9.000000000000000000e+00,2.554359808905860008e-01
9.020833333333332149e+00,-4.107758422949417954e-01
9.041666666666666075e+00,-2.922880834578590048e-01
9.062500000000000000e+00,3.288536740388784962e-01
9.083333333333332149e+00,1.652336348713449587e-01
9.104166666666666075e+00,-5.043916760233490004e-01
9.125000000000000000e+00,-4.065076967264497076e-01
9.145833333333332149e+00,2.180543409835395963e-01
9.166666666666666075e+00,6.507109129468990893e-02
9.187500000000000000e+00,-2.851185952427903181e-01
9.208333333333332149e+00,2.637318052467185758e-02
9.229166666666666075e+00,4.686000899433499511e-01
9.250000000000000000e+00,2.007535976693538005e-01
9.270833333333332149e+00,-4.412539593397022397e-01
9.291666666666666075e+00,-3.046083036810013356e-01
9.312500000000000000e+00,3.747644687608853165e-01
9.333333333333332149e+00,2.677323640893660706e-01
9.354166666666666075e+00,4.542163222851708926e-01
9.375000000000000000e+00,1.079664865202859980e+00
9.395833333333332149e+00,9.110469106527901983e-01
9.416666666666666075e+00,2.768976507517305619e-01
9.437500000000000000e+00,-1.342146721914809770e-01
9.458333333333332149e+00,1.681732396890566195e-01
9.479166666666666075e+00,3.000937014078330911e-01
9.500000000000000000e+00,-1.570789867382293981e-01
9.520833333333332149e+00,-7.712643612329328491e-02
9.541666666666666075e+00,1.387702812237907590e-01
9.562500000000000000e+00,-2.562909656211044274e-01
9.583333333333332149e+00,-2.975798174588855094e-01
9.604166666666666075e+00,9.224826979516442815e-02
9.625000000000000000e+00,-1.378609810184276974e-01
9.645833333333332149e+00,-7.639823948710817714e-01
9.666666666666666075e+00,-6.379915942710803201e-01
9.687500000000000000e+00,-1.827225741686722138e-02
9.708333333333332149e+00,-1.529318476416366979e-01
9.729166666666666075e+00,-4.445863705652406961e-01
9.750000000000000000e+00,-1.007930172728751517e-01
9.770833333333332149e+00,1.328210019035252765e-01
9.791666666666666075e+00,-2.848778157234233555e-01
9.812500000000000000e+00,-1.600025749754568072e-01
9.833333333333332149e+00,3.092217169625370299e-01
9.854166666666666075e+00,7.897420585034370388e-02
9.875000000000000000e+00,-5.660717823342445998e-01
9.895833333333332149e+00,-4.113333984437060886e-01
9.916666666666666075e+00,2.613787690627495941e-01
9.937500000000000000e+00,1.508455312798541170e-01
9.958333333333332149e+00,-4.736379969313957439e-01
9.979166666666666075e+00,-3.056283735756035180e-01
1.000000000000000000e+01,3.790876842973874838e-01
1.002083333333333215e+01,2.617998877298644000e-01
1.004166666666666607e+01,-3.585038948283708615e-01
1.006250000000000000e+01,-2.031100959465275690e-01
1.008333333333333215e+01,4.664248199283119733e-01
1.010416666666666607e+01,3.377697912116897072e-01
1.012500000000000000e+01,-2.947274872251399169e-01
1.014583333333333215e+01,-1.791647522222576949e-01
1.016666666666666607e+01,3.445831996009686149e-01
1.018750000000000000e+01,8.121331723768718813e-01
1.020833333333333215e+01,6.354443152886275481e-01
1.022916666666666607e+01,-7.541382871528723442e-05
1.025000000000000000e+01,1.150426616813119418e-01
1.027083333333333215e+01,3.344536319017076820e-01
1.029166666666666607e+01,-4.659762294184138787e-02
1.031250000000000000e+01,-1.679155725088858908e-01
1.033333333333333215e+01,3.009209503193256974e-01
1.035416666666666607e+01,1.648048616209523143e-01
1.037500000000000000e+01,-4.608217200212705866e-01
1.039583333333333215e+01,-3.081499605647622930e-01
1.041666666666666607e+01,3.692810661584303711e-01
1.043750000000000000e+01,2.757920401220273487e-01
1.045833333333333215e+01,-3.449175154809101529e-01
1.047916666666666607e+01,-2.680653209636192358e-01
1.050000000000000000e+01,1.040607834908806040e-01
1.052083333333333215e+01,-1.601305362970681379e-01
1.054166666666666607e+01,-6.241760032458312235e-01
1.056250000000000000e+01,-3.620453044883055749e-01
1.058333333333333215e+01,2.939643625146791672e-01
1.060416666666666607e+01,1.701494123944339298e-01
1.062500000000000000e+01,-5.042572775093517867e-01
1.064583333333333215e+01,-3.894959916628475405e-01
1.066666666666666607e+01,2.391425219597771989e-01
1.068750000000000000e+01,8.283975569773602277e-02
1.070833333333333215e+01,-5.785278911091308318e-01
1.072916666666666607e+01,-4.754210424700764381e-01
1.075000000000000000e+01,1.530394686871488497e-01
1.077083333333333215e+01,1.622051689040638900e-01
1.079166666666666607e+01,-2.552071648276075799e-01
1.081250000000000000e+01,-5.528856258825487480e-02
1.083333333333333215e+01,6.001420222788923509e-01
1.085416666666666607e+01,4.700475052566174816e-01
1.087500000000000000e+01,-1.686016594377849898e-01
1.089583333333333215e+01,-2.771304196986609791e-02
1.091666666666666607e+01,5.004846208794396789e-01
1.093750000000000000e+01,2.939279693494845636e-01
1.095833333333333215e+01,-3.343621898874072906e-01
1.097916666666666607e+01,-1.641100314030442542e-01
1.100000000000000000e+01,5.155959884071900090e-01
1.102083333333333215e+01,4.097185458004636849e-01
1.104166666666666607e+01,-2.279273890865931851e-01
1.106250000000000000e+01,-2.004260205150091567e-01
1.108333333333333215e+01,2.102632742822549694e-01
1.110416666666666607e+01,-1.770946478500703969e-02
1.112500000000000000e+01,-6.486604609401900312e-01
1.114583333333333215e+01,-5.077355465771153931e-01
1.116666666666666607e+01,1.370546373200852430e-01
1.118750000000000000e+01,1.318792092507480029e-02
1.120833333333333215e+01,-3.285617474179982067e-01
1.122916666666666607e+01,-1.043354950875446940e-02
1.125000000000000000e+01,4.060696014039923418e-01
1.127083333333333215e+01,1.001490736350525851e-01
1.129166666666666607e+01,-4.093585805080333095e-01
1.131250000000000000e+01,-1.942599616610491409e-01
1.133333333333333215e+01,4.479110995594220435e-01
1.135416666666666607e+01,3.027278813359043919e-01
1.137500000000000000e+01,-3.557035056779769833e-01
1.139583333333333215e+01,-2.311441674546441671e-01
1.141666666666666607e+01,4.395453922698061566e-01
1.143750000000000000e+01,3.228382595648218722e-01
1.145833333333333215e+01,-3.035051398269872358e-01
1.147916666666666607e+01,-1.437393799302874586e-01
1.150000000000000000e+01,5.212661611135334105e-01
1.152083333333333215e+01,4.195730445315609125e-01
1.154166666666666607e+01,-2.073984081493119580e-01
1.156250000000000000e+01,-5.041560735036754171e-02
1.158333333333333215e+01,3.019506046441439162e-01
1.160416666666666607e+01,-1.722122535781478447e-02
1.162500000000000000e+01,-4.464305752304364439e-01
1.164583333333333215e+01,-1.626731557489132507e-01
1.166666666666666607e+01,4.488648287276607585e-01
1.168750000000000000e+01,3.123000405225354048e-01
1.170833333333333215e+01,-3.306369054170146260e-01
1.172916666666666607e+01,-9.190655816827362212e-01
1.175000000000000000e+01,-7.748547745902296668e-01
1.177083333333333215e+01,-1.611373959037077364e-01
1.179166666666666607e+01,4.706656890683252881e-02
1.181250000000000000e+01,-3.993588751730286490e-01
1.183333333333333215e+01,-2.909194826132842637e-01
1.185416666666666607e+01,-4.729477761024477589e-01
1.187500000000000000e+01,-1.171049279006781241e+00
1.189583333333333215e+01,-1.040318444341810533e+00
1.191666666666666607e+01,-3.303584196143070084e-01
1.193750000000000000e+01,2.161358190022624193e-01
1.195833333333333215e+01,-3.752840355833586550e-02
1.197916666666666607e+01,-3.101804168347430668e-01
1.200000000000000000e+01,9.051422111562845707e-02
1.202083333333333215e+01,5.951618336280055654e-01
1.204166666666666607e+01,3.703760411349805715e-01
1.206250000000000000e+01,-1.485523897335843113e-01
1.208333333333333215e+01,4.502674245299509437e-02
1.210416666666666607e+01,6.608607040875544847e-01
1.212500000000000000e+01,5.110490637115099322e-01
1.214583333333333215e+01,1.169764536591669790e-01
1.216666666666666607e+01,3.822464917494694525e-01
1.218750000000000000e+01,9.661699446354553578e-01
1.220833333333333215e+01,7.964394336923366069e-01
1.222916666666666607e+01,1.513841128155175020e-01
1.225000000000000000e+01,2.928055437785383464e-01
1.227083333333333215e+01,5.966219014032574375e-01
1.229166666666666607e+01,2.434531389239459886e-01
1.231250000000000000e+01,-1.583381236082654353e-01
1.233333333333333215e+01,1.563355845858702686e-01
1.235416666666666607e+01,4.349853002600914120e-01
1.237500000000000000e+01,6.870734140021367287e-02
1.239583333333333215e+01,-2.411693024858486134e-01
1.241666666666666607e+01,1.239228344287032213e-01
1.243750000000000000e+01,1.303432099956270407e-01
1.245833333333333215e+01,-4.075657514998403674e-01
1.247916666666666607e+01,-2.885996049075518766e-01
1.250000000000000000e+01,3.461840985270853155e-01
1.252083333333333215e+01,1.978550877739374270e-01
1.254166666666666607e+01,-4.763935613470212105e-01
1.256250000000000000e+01,-3.813746342252718469e-01
1.258333333333333215e+01,2.377360598514288159e-01
1.260416666666666607e+01,9.321722457844502929e-02
1.262500000000000000e+01,-4.959400715088370104e-01
1.264583333333333215e+01,-3.210723917222066959e-01
1.266666666666666607e+01,3.113048015833926874e-01
1.268750000000000000e+01,1.785135191872584959e-01
1.270833333333333215e+01,-4.577706949981649176e-01
1.272916666666666607e+01,-3.142335697219787449e-01
1.275000000000000000e+01,3.358014025907060662e-01
1.277083333333333215e+01,2.291021670880632466e-01
1.279166666666666607e+01,-3.611793046245187488e-01
1.281250000000000000e+01,-1.763277200587268223e-01
1.283333333333333215e+01,5.129334555027952325e-01
1.285416666666666607e+01,4.099712332024409434e-01
1.287500000000000000e+01,-2.125864633732440501e-01
1.289583333333333215e+01,-5.929777182110684830e-02
1.291666666666666607e+01,6.038018260553199568e-01
1.293750000000000000e+01,4.742027078802618645e-01
1.295833333333333215e+01,-1.553225861384902040e-01
1.297916666666666607e+01,-2.434030559123157855e-01
1.300000000000000000e+01,2.625157533952222622e-01
1.302083333333333215e+01,1.169038926644563881e-01
1.304166666666666607e+01,-5.456852752281671215e-01
1.306250000000000000e+01,-4.416083758847242913e-01
1.308333333333333215e+01,1.860588563007052332e-01
1.310416666666666607e+01,4.719279647924078114e-02
1.312500000000000000e+01,-5.753617848817049740e-01
1.314583333333333215e+01,-4.239797851702692966e-01
1.316666666666666607e+01,2.050077669285696180e-01
1.318750000000000000e+01,6.246933141913074694e-02
1.320833333333333215e+01,-2.538016061331704876e-01
1.322916666666666607e+01,1.052252371794133445e-01
1.325000000000000000e+01,3.266561474282899113e-01
1.327083333333333215e+01,-6.421904224623792290e-02
1.329166666666666607e+01,2.936474166063371416e-02
1.331250000000000000e+01,3.931423915844116102e-01
1.333333333333333215e+01,9.927674140161084348e-02
1.335416666666666607e+01,-3.505529787580481393e-01
1.337500000000000000e+01,-7.214226830710866734e-02
1.339583333333333215e+01,5.575090907690224418e-01
1.341666666666666607e+01,4.327597785944911069e-01
1.343750000000000000e+01,-1.907913080910766945e-01
1.345833333333333215e+01,-1.381331984089570752e-01
1.347916666666666607e+01,2.569635826084379904e-01
1.350000000000000000e+01,2.081703908706392103e-02
1.352083333333333215e+01,-5.929763874253102252e-01
1.354166666666666607e+01,-4.365618751485693672e-01
1.356250000000000000e+01,2.327343621547970920e-01
1.358333333333333215e+01,1.125674887703310700e-01
1.360416666666666607e+01,-4.807112685218321024e-01
1.362500000000000000e+01,-3.144463731762960901e-01
1.364583333333333215e+01,3.563397803212586257e-01
1.366666666666666607e+01,2.204206828419845443e-01
1.368750000000000000e+01,-4.282727539343583745e-01
1.370833333333333215e+01,-3.178218662519995408e-01
1.372916666666666607e+01,3.173912098184422104e-01
1.375000000000000000e+01,1.895653199736466177e-01
1.377083333333333215e+01,-2.242048943882161693e-01
1.379166666666666607e+01,4.429610214494789089e-02
1.381250000000000000e+01,6.129074211529852434e-01
1.383333333333333215e+01,4.157988187698208327e-01
1.385416666666666607e+01,-2.767616077273299391e-01
1.387500000000000000e+01,-1.770667269043683101e-01
1.389583333333333215e+01,4.518255444714039948e-01
1.391666666666666607e+01,3.064092603697654016e-01
1.393750000000000000e+01,-3.762728221280755569e-01
1.395833333333333215e+01,-2.525922030372544924e-01
1.397916666666666607e+01,3.907885010097112977e-01
1.400000000000000000e+01,2.709153086234711294e-01
1.402083333333333215e+01,-3.734675946787845424e-01
1.404166666666666607e+01,-2.229599994902428106e-01
1.406250000000000000e+01,4.427530908567296475e-01
1.408333333333333215e+01,3.429028848653452588e-01
1.410416666666666607e+01,-2.886646199014136771e-01
1.412500000000000000e+01,-1.448075511946497751e-01
1.414583333333333215e+01,2.242534195164735955e-01
1.416666666666666607e+01,-9.066502303156434572e-02
1.418750000000000000e+01,-5.155223334936689383e-01
1.420833333333333215e+01,-2.068598568344214572e-01
1.422916666666666607e+01,2.837846921721969284e-01
1.425000000000000000e+01,-3.452299451883127090e-03
1.427083333333333215e+01,-6.754466277967965393e-01
1.429166666666666607e+01,-5.582124499317331345e-01
1.431250000000000000e+01,9.323011929106628237e-02
1.433333333333333215e+01,1.213567190323697753e-01
1.435416666666666607e+01,-3.122890922285501691e-01
1.437500000000000000e+01,-1.325739390361349579e-01
1.439583333333333215e+01,4.954061132128481648e-01
1.441666666666666607e+01,3.543984899506421593e-01
1.443750000000000000e+01,-3.325863052961005595e-01
1.445833333333333215e+01,-2.297065278771751595e-01
1.447916666666666607e+01,3.993197418968291168e-01
1.450000000000000000e+01,2.537249935212245733e-01
1.452083333333333215e+01,-4.222837601906384020e-01
1.454166666666666607e+01,-2.994351551012504054e-01
1.456250000000000000e+01,3.415222929864089041e-01
1.458333333333333215e+01,2.457501337439827183e-01
1.460416666666666607e+01,-1.810227036988744653e-01
1.462500000000000000e+01,1.069879360214499031e-01
1.464583333333333215e+01,6.275138582389389041e-01
1.466666666666666607e+01,4.194870133948373492e-01
1.468750000000000000e+01,-1.968045847468927190e-01
1.470833333333333215e+01,-4.028704758620983706e-02
1.472916666666666607e+01,5.212938136162331704e-01
1.475000000000000000e+01,3.268080174830877427e-01
1.477083333333333215e+01,-3.017525921253864096e-01
1.479166666666666607e+01,-1.677949042353705789e-01
1.481250000000000000e+01,3.739243131567473455e-01
1.483333333333333215e+01,1.588836603481859067e-01
1.485416666666666607e+01,-4.987641315432665978e-01
1.487500000000000000e+01,-3.937824137015829562e-01
1.489583333333333215e+01,2.356190821574591088e-01
1.491666666666666607e+01,8.168844683618586844e-02
1.493750000000000000e+01,-6.114334997453370057e-01
1.495833333333333215e+01,-5.105797685553093990e-01
1.497916666666666607e+01,1.183769489300904310e-01
1.500000000000000000e+01,7.168136433640669158e-02
1.502083333333333215e+01,-3.385255197769389546e-01
1.504166666666666607e+01,-7.747622669917919591e-02
1.506250000000000000e+01,5.614382724764945820e-01
1.508333333333333215e+01,4.388266331928276642e-01
1.510416666666666607e+01,-2.032444292051452384e-01
1.512500000000000000e+01,-5.161123475426752927e-02
1.514583333333333215e+01,3.067454422701735295e-01
1.516666666666666607e+01,2.649973754493439859e-03
1.518750000000000000e+01,-4.228211597361277718e-01
1.520833333333333215e+01,-1.492561142019384335e-01
1.522916666666666607e+01,5.271687594682660238e-01
1.525000000000000000e+01,4.165583524398806525e-01
1.527083333333333215e+01,-2.162456840601376662e-01
1.529166666666666607e+01,-2.346507563265105012e-01
1.531250000000000000e+01,2.827238319906121844e-01
1.533333333333333215e+01,1.207399585074747095e-01
1.535416666666666607e+01,-5.286712260829979915e-01
1.537500000000000000e+01,-4.158447239434853726e-01
1.539583333333333215e+01,2.242770311117374127e-01
1.541666666666666607e+01,6.927824902204073043e-02
1.543750000000000000e+01,-5.955613482302470896e-01
1.545833333333333215e+01,-4.846877671679723498e-01
1.547916666666666607e+01,1.327744372034366793e-01
1.550000000000000000e+01,2.785011110473822882e-01
1.552083333333333215e+01,-2.050759026749804093e-01
1.554166666666666607e+01,-9.084957287345751809e-02
1.556250000000000000e+01,5.416785470961578142e-01
1.558333333333333215e+01,4.105932293484838569e-01
1.560416666666666607e+01,-2.490786235314568775e-01
1.562500000000000000e+01,-1.026529577247811548e-01
1.564583333333333215e+01,5.611165476098316507e-01
1.566666666666666607e+01,4.533622348459550588e-01
1.568750000000000000e+01,-1.785391165503896205e-01
1.570833333333333215e+01,-8.473759802919379747e-02
1.572916666666666607e+01,2.968036637548002732e-01
1.575000000000000000e+01,1.531828501907692153e-02
1.577083333333333215e+01,-5.135448020702056970e-01
1.579166666666666607e+01,-2.962543026760133813e-01
1.581250000000000000e+01,3.833609862348403841e-01
1.583333333333333215e+01,2.639890397110472575e-01
1.585416666666666607e+01,-3.649108954711673403e-01
1.587500000000000000e+01,-2.398121573405947171e-01
1.589583333333333215e+01,4.002393732233081591e-01
1.591666666666666607e+01,2.593623748076460678e-01
1.593750000000000000e+01,-3.949920710220211073e-01
1.595833333333333215e+01,-2.899418390844089588e-01
1.597916666666666607e+01,3.416060927755784071e-01
1.600000000000000000e+01,1.841440862640612020e-01
1.602083333333333215e+01,-5.054803290725716769e-01
1.604166666666666430e+01,-4.014525327855892334e-01
1.606250000000000000e+01,2.202615384229169027e-01
1.608333333333333215e+01,6.526532319033019613e-02
1.610416666666666430e+01,-4.564613586358053920e-01
1.612500000000000000e+01,-2.325996764097275349e-01
1.614583333333333215e+01,3.940023474603397968e-01
1.616666666666666430e+01,2.703614757311843531e-01
1.618750000000000000e+01,-3.728658051211978797e-01
1.620833333333333215e+01,-2.436815714086980889e-01
1.622916666666666430e+01,4.064489934725297182e-01
1.625000000000000000e+01,3.028866669977122728e-01
1.627083333333333215e+01,-3.259351123485433877e-01
1.629166666666666430e+01,-1.666686059117800656e-01
1.631250000000000000e+01,5.243287622527832426e-01
1.633333333333333215e+01,4.135706891311120570e-01
1.635416666666666430e+01,-2.101711097805548378e-01
1.637500000000000000e+01,-5.663011596006421733e-02
1.639583333333333215e+01,4.769439023081365470e-01
1.641666666666666430e+01,2.577947943926010010e-01
1.643750000000000000e+01,-3.755081422146350212e-01
1.645833333333333215e+01,-2.591661094383342356e-01
1.647916666666666430e+01,3.750482204305424228e-01
1.650000000000000000e+01,2.384310149376019650e-01
1.652083333333333215e+01,-4.231799829780257260e-01
1.654166666666666430e+01,-3.242496872378622941e-01
1.656250000000000000e+01,2.944061532327767461e-01
1.658333333333333215e+01,1.349114448093484686e-01
1.660416666666666430e+01,-5.487613776605790861e-01
1.662500000000000000e+01,-4.312690669192511539e-01
1.664583333333333215e+01,1.942847835913611432e-01
1.666666666666666430e+01,4.458442274497782798e-02
1.668750000000000000e+01,-3.019895196674314830e-01
1.670833333333333215e+01,3.677513321015443704e-02
1.672916666666666430e+01,3.817419686618255814e-01
1.675000000000000000e+01,7.236025007239327289e-02
1.677083333333333215e+01,-2.918252572585344762e-01
1.679166666666666430e+01,4.519623313584958391e-02
1.681250000000000000e+01,3.967635378893736853e-01
1.683333333333333215e+01,7.873749638212712565e-02
1.685416666666666430e+01,-3.182536307220624749e-01
1.687500000000000000e+01,-1.131817111469431147e-02
1.689583333333333215e+01,4.520005729635522829e-01
1.691666666666666430e+01,1.950646755993026837e-01
1.693750000000000000e+01,-4.287357612307728938e-01
1.695833333333333215e+01,-2.816035834752700362e-01
1.697916666666666430e+01,3.884905283949087740e-01
1.700000000000000000e+01,2.663184088025357665e-01
1.702083333333333215e+01,-3.724610740208043058e-01
1.704166666666666430e+01,-2.579259597430756945e-01
1.706250000000000000e+01,3.853985613116356346e-01
1.708333333333333215e+01,2.309261586950017153e-01
1.710416666666666430e+01,-4.418341024435440412e-01
1.712500000000000000e+01,-3.300079546526425989e-01
1.714583333333333215e+01,2.932035485781955830e-01
1.716666666666666430e+01,1.258713323964929798e-01
1.718750000000000000e+01,-4.491539875556389561e-01
1.720833333333333215e+01,-2.603366343980059727e-01
1.722916666666666430e+01,3.601951006337266170e-01
1.725000000000000000e+01,2.084988162459588956e-01
1.727083333333333215e+01,-4.246855593087822123e-01
1.729166666666666430e+01,-2.692250722899257598e-01
1.731250000000000000e+01,3.725639153361340883e-01
1.733333333333333215e+01,2.367047824556675617e-01
1.735416666666666430e+01,-2.589969005167488958e-01
1.737500000000000000e+01,2.110740650127562734e-03
1.739583333333333215e+01,6.915856128944877224e-01
1.741666666666666430e+01,5.980090213729344351e-01
1.743750000000000000e+01,-2.861773316978660775e-02
1.745833333333333215e+01,-1.996081849988424473e-01
1.747916666666666430e+01,2.812507622366177129e-01
1.750000000000000000e+01,1.726761571930095496e-01
1.752083333333333215e+01,-4.652818948532515542e-01
1.754166666666666430e+01,-3.328326987192932185e-01
1.756250000000000000e+01,3.318470993483044751e-01
1.758333333333333215e+01,1.939080336699772200e-01
1.760416666666666430e+01,-4.651356455188000449e-01
1.762500000000000000e+01,-3.576565133857760870e-01
1.764583333333333215e+01,2.737590940289863495e-01
1.766666666666666430e+01,1.200102916969345845e-01
1.768750000000000000e+01,-5.723586616598409504e-01
1.770833333333333215e+01,-4.744609149629110401e-01
1.772916666666666430e+01,1.543560421648346170e-01
1.775000000000000000e+01,2.195090237468316774e-01
1.777083333333333215e+01,-3.257682990279154867e-01
1.779166666666666430e+01,-2.065664414418330597e-01
1.781250000000000000e+01,4.329060420439139190e-01
1.783333333333333215e+01,3.104980738332056012e-01
1.785416666666666430e+01,-3.313927213218990087e-01
1.787500000000000000e+01,-1.915809749711897825e-01
1.789583333333333215e+01,4.694910186480344416e-01
1.791666666666666430e+01,3.681257019724851753e-01
1.793750000000000000e+01,-2.542064959815865111e-01
1.795833333333333215e+01,-9.665985429507376048e-02
1.797916666666666430e+01,5.913102487613721703e-01
1.800000000000000000e+01,4.835612853961288593e-01
1.802083333333333215e+01,-1.417945216319868029e-01
1.804166666666666430e+01,-1.858338066241984055e-01
1.806250000000000000e+01,2.973413566022631849e-01
1.808333333333333215e+01,1.373971805900889853e-01
1.810416666666666430e+01,-4.994118224501113978e-01
1.812500000000000000e+01,-3.644600971994758076e-01
1.814583333333333215e+01,2.662477553128480001e-01
1.816666666666666430e+01,1.126059226307366823e-01
1.818750000000000000e+01,-4.579666679264527973e-01
1.820833333333333215e+01,-3.066965840081581907e-01
1.822916666666666430e+01,3.486870788883024708e-01
1.825000000000000000e+01,2.363201771299425491e-01
1.827083333333333215e+01,-4.092084181352921846e-01
1.829166666666666430e+01,-2.796917650749382034e-01
1.831250000000000000e+01,4.227773991180722168e-01
1.833333333333333215e+01,3.139790944646340676e-01
1.835416666666666430e+01,-3.484778956177270182e-01
1.837500000000000000e+01,-1.689695083356815286e-01
1.839583333333333215e+01,5.273948729337476493e-01
1.841666666666666430e+01,4.054479888506677954e-01
1.843750000000000000e+01,-2.438443037851233397e-01
1.845833333333333215e+01,-7.527602988693710140e-02
1.847916666666666430e+01,2.127927325968033134e-01
1.850000000000000000e+01,-1.678797309719620157e-01
1.852083333333333215e+01,-2.695125290705450150e-01
1.854166666666666430e+01,2.272284243824496397e-01
1.856250000000000000e+01,8.679768804507975721e-02
1.858333333333333215e+01,-5.796066999797945263e-01
1.860416666666666430e+01,-4.697235829198519452e-01
1.862500000000000000e+01,1.510873484897231611e-01
1.864583333333333215e+01,5.225297207039319991e-03
1.866666666666666430e+01,-2.886119622437699483e-01
1.868750000000000000e+01,7.810763561723862991e-02
1.870833333333333215e+01,2.523833713073381224e-01
1.872916666666666430e+01,-1.857336881170583154e-01
1.875000000000000000e+01,-6.730803796802742323e-02
1.877083333333333215e+01,5.654227021795099617e-01
1.879166666666666430e+01,4.246906245398821000e-01
1.881250000000000000e+01,-2.097122905995588704e-01
1.883333333333333215e+01,-6.264120221977753644e-02
1.885416666666666430e+01,2.926852649488936309e-01
1.887500000000000000e+01,-2.444042635215881720e-02
1.889583333333333215e+01,-4.333234170954567976e-01
1.891666666666666430e+01,-1.197465948261171864e-01
1.893750000000000000e+01,4.051285046754176111e-01
1.895833333333333215e+01,1.952298867090283274e-01
1.897916666666666430e+01,-4.452659408503625293e-01
1.900000000000000000e+01,-2.911017392673058701e-01
1.902083333333333215e+01,3.579191574113608776e-01
1.904166666666666430e+01,2.289003390826933049e-01
1.906250000000000000e+01,-4.426649295162661257e-01
1.908333333333333215e+01,-3.256174403565073594e-01
1.910416666666666430e+01,3.100798645564326050e-01
1.912500000000000000e+01,1.655927232548584926e-01
1.914583333333333215e+01,-5.212222436584766916e-01
1.916666666666666430e+01,-4.218172962608006671e-01
1.918750000000000000e+01,2.115170159251687498e-01
1.920833333333333215e+01,1.015930162091495115e-01
1.922916666666666430e+01,-2.163317576946738319e-01
1.925000000000000000e+01,1.101817406147140854e-01
1.927083333333333215e+01,3.846037459068841202e-01
1.929166666666666430e+01,-1.932305760566661867e-02
1.931250000000000000e+01,-2.125883878627875256e-02
1.933333333333333215e+01,4.343503189956315347e-01
1.935416666666666430e+01,2.462788771369504304e-01
1.937500000000000000e+01,-3.953399530347296853e-01
1.939583333333333215e+01,-2.432871325983585742e-01
1.941666666666666430e+01,4.296436632483305873e-01
1.943750000000000000e+01,3.342889969553213825e-01
1.945833333333333215e+01,-2.990289210485431171e-01
1.947916666666666430e+01,-1.606533587501109417e-01
1.950000000000000000e+01,5.287956443267035622e-01
1.952083333333333215e+01,4.236448768498486395e-01
1.954166666666666430e+01,-2.090425183010600763e-01
1.956250000000000000e+01,-2.662926907188065684e-01
1.958333333333333215e+01,2.740216020705148470e-01
1.960416666666666430e+01,1.459502805945502579e-01
1.962500000000000000e+01,-5.059160819115718910e-01
1.964583333333333215e+01,-3.962711149820316581e-01
1.966666666666666430e+01,2.382836672863689331e-01
1.968750000000000000e+01,8.027948089688310973e-02
1.970833333333333215e+01,-6.069495812695250292e-01
1.972916666666666430e+01,-5.032783788021359950e-01
1.975000000000000000e+01,1.185971490329324196e-01
1.977083333333333215e+01,1.012453983622659814e-01
1.979166666666666430e+01,-3.136268497578860170e-01
1.981250000000000000e+01,-7.753331376001071362e-02
1.983333333333333215e+01,5.559298236794937287e-01
1.985416666666666430e+01,4.311661891995445250e-01
1.987500000000000000e+01,-2.173334538665341875e-01
1.989583333333333215e+01,-7.982163859576253684e-02
1.991666666666666430e+01,4.554949494487677275e-01
1.993750000000000000e+01,2.688547103633815993e-01
1.995833333333333215e+01,-3.600653796617698243e-01
1.997916666666666430e+01,-2.011342392439403604e-01
2.000000000000000000e+01,4.908380491750330421e-01
2.002083333333333215e+01,3.854354925425215184e-01
2.004166666666666430e+01,-2.396957357458198989e-01
2.006250000000000000e+01,-2.111059391220881931e-01
2.008333333333333215e+01,2.428955911481349705e-01
2.010416666666666430e+01,2.105276624975677136e-02
2.012500000000000000e+01,-6.189375297204959825e-01
2.014583333333333215e+01,-5.033751679373600352e-01
2.016666666666666430e+01,1.333143284829360342e-01
2.018750000000000000e+01,1.586902390009239938e-02
2.020833333333333215e+01,-3.252849536899895533e-01
2.022916666666666430e+01,1.928994257055227646e-03
2.025000000000000000e+01,3.708191710376333994e-01
2.027083333333333215e+01,6.535269231479136354e-02
2.029166666666666430e+01,-3.405921480267362078e-01
2.031250000000000000e+01,-4.243789927896821079e-02
2.033333333333333215e+01,5.109152721007781395e-01
2.035416666666666430e+01,3.121687174805992671e-01
2.037500000000000000e+01,-3.684629905023021346e-01
2.039583333333333215e+01,-2.665948143228785705e-01
2.041666666666666430e+01,3.600235864486089898e-01
2.043750000000000000e+01,1.921081015252853741e-01
2.045833333333333215e+01,-4.857406123554566246e-01
2.047916666666666430e+01,-3.805729949164020631e-01
2.050000000000000000e+01,2.572274010645079212e-01
2.052083333333333215e+01,1.411165229929478016e-01
2.054166666666666430e+01,-1.917604540808813263e-01
2.056250000000000000e+01,1.281189230482155106e-01
2.058333333333333215e+01,4.147745799671700984e-01
2.060416666666666430e+01,4.502660359600694356e-02
2.062500000000000000e+01,-1.538092349997902675e-01
2.064583333333333215e+01,2.866850643277407129e-01
2.066666666666666430e+01,1.747772004185456085e-01
2.068750000000000000e+01,-4.323193148155798360e-01
2.070833333333333215e+01,-2.682739278689957318e-01
2.072916666666666430e+01,4.162949056850827056e-01
2.075000000000000000e+01,3.095344645547968288e-01
2.077083333333333215e+01,-3.186675876537820029e-01
2.079166666666666430e+01,-1.752770182201365823e-01
2.081250000000000000e+01,4.962737270554417046e-01
2.083333333333333215e+01,3.665410211373874572e-01
2.085416666666666430e+01,-2.793357085153347352e-01
2.087500000000000000e+01,-1.697627404927004591e-01
2.089583333333333215e+01,4.656371968226881153e-01
2.091666666666666430e+01,1.084166349741327195e+00
2.093750000000000000e+01,9.406888786765321697e-01
2.095833333333333215e+01,2.595297145372611469e-01
2.097916666666666430e+01,3.540753532682358040e-01
2.100000000000000000e+01,4.411445685905674985e-01
2.102083333333333215e+01,-7.105509489180228400e-02
2.104166666666666430e+01,-2.074181261425467326e-02
2.106250000000000000e+01,2.739676291421968557e-01
2.108333333333333215e+01,-5.760865548615812237e-02
2.110416666666666430e+01,-6.936024392810187233e-01
2.112500000000000000e+01,-6.037264575584505577e-01
2.114583333333333215e+01,6.675724273401717479e-02
2.116666666666666430e+01,-2.849803100273529122e-02
2.118750000000000000e+01,-6.913148121125543000e-01
2.120833333333333215e+01,-6.091657452902836667e-01
2.122916666666666430e+01,5.952901162679685720e-02
2.125000000000000000e+01,-5.725610416624582477e-02
2.127083333333333215e+01,-7.018724592134272244e-01
2.129166666666666430e+01,-5.741518563014624821e-01
2.131250000000000000e+01,8.659469184136799058e-02
2.133333333333333215e+01,-5.771092497205232430e-02
2.135416666666666430e+01,-5.067730061832369515e-01
2.137500000000000000e+01,-2.472370336580914096e-01
2.139583333333333215e+01,4.137326515174735153e-01
2.141666666666666430e+01,2.655286249496071060e-01
2.143750000000000000e+01,-3.755125835256107880e-01
2.145833333333333215e+01,-2.389069530641194095e-01
2.147916666666666430e+01,4.208398556568276327e-01
2.150000000000000000e+01,2.728858911877952709e-01
2.152083333333333215e+01,-3.643498516603650983e-01
2.154166666666666430e+01,-2.240128730849496597e-01
2.156250000000000000e+01,4.218815751166274941e-01
2.158333333333333215e+01,2.598852255443483417e-01
2.160416666666666430e+01,-3.822894818656973337e-01
2.162500000000000000e+01,-2.518172494905575043e-01
2.164583333333333215e+01,4.108623706739194525e-01
2.166666666666666430e+01,2.765979705865969640e-01
2.168750000000000000e+01,-3.858602452027597440e-01
2.170833333333333215e+01,-2.807546076133020652e-01
2.172916666666666430e+01,3.663198957984618032e-01
2.175000000000000000e+01,2.221445419910837715e-01
2.177083333333333215e+01,-4.377837808783263673e-01
2.179166666666666430e+01,-3.307650198510548867e-01
2.181250000000000000e+01,3.263981903958543818e-01
2.183333333333333215e+01,1.891713554854816959e-01
2.185416666666666430e+01,-4.531436151337834839e-01
2.187500000000000000e+01,-3.311304258813630996e-01
2.189583333333333215e+01,3.323925703055242709e-01
2.191666666666666430e+01,1.969503280342320695e-01
2.193750000000000000e+01,-3.928551009336310740e-01
2.195833333333333215e+01,-2.347361366822555140e-01
2.197916666666666430e+01,4.284886443912659937e-01
2.200000000000000000e+01,2.959381986882570481e-01
2.202083333333333215e+01,-3.454144865021410160e-01
2.204166666666666430e+01,-2.233793803284556678e-01
2.206250000000000000e+01,4.399626228876038492e-01
2.208333333333333215e+01,3.043089955565851379e-01
2.210416666666666430e+01,-3.393697784300787612e-01
2.212500000000000000e+01,-2.173915198723450348e-01
2.214583333333333215e+01,4.458689920877286772e-01
2.216666666666666430e+01,3.115493684846836753e-01
2.218750000000000000e+01,-3.315233748917944534e-01
2.220833333333333215e+01,-2.101194450642143163e-01
2.222916666666666430e+01,4.532495430110367041e-01
2.225000000000000000e+01,3.203094156097442968e-01
2.227083333333333215e+01,-3.225425482241951469e-01
2.229166666666666430e+01,-2.020664320724108731e-01
2.231250000000000000e+01,4.614830386065881807e-01
2.233333333333333215e+01,3.284205926373511275e-01
2.235416666666666430e+01,-3.154064588576604988e-01
2.237500000000000000e+01,-1.959399041848004785e-01
2.239583333333333215e+01,4.677618877297092803e-01
2.241666666666666430e+01,3.379804577990784820e-01
2.243750000000000000e+01,-3.047863463644439053e-01
2.245833333333333215e+01,-1.869119178947273308e-01
2.247916666666666430e+01,4.770873812850955908e-01
2.250000000000000000e+01,3.466075793447116471e-01
2.252083333333333215e+01,-3.054865747375172802e-01
2.254166666666666430e+01,-1.924897738493393518e-01
2.256250000000000000e+01,2.427326475878305856e-01
2.258333333333333215e+01,-4.403363716762892510e-02
2.260416666666666430e+01,-6.707954141313706709e-01
2.262500000000000000e+01,-5.325831405272565267e-01
2.264583333333333215e+01,1.293613757409641241e-01
2.266666666666666430e+01,-1.290735169013176170e-02
2.268750000000000000e+01,-3.728506704368617641e-01
2.270833333333333215e+01,-5.091209490393744375e-02
2.272916666666666430e+01,3.765811989587498076e-01
2.275000000000000000e+01,7.010474921832718365e-02
2.277083333333333215e+01,-4.368032297659528718e-01
2.279166666666666430e+01,-2.126050197728854285e-01
2.281250000000000000e+01,4.484101160370719263e-01
2.283333333333333215e+01,3.057913658657452904e-01
2.285416666666666430e+01,-3.352365144695436117e-01
2.287500000000000000e+01,-2.083140791881279430e-01
2.289583333333333215e+01,4.544770500567224536e-01
2.291666666666666430e+01,3.189145966227175388e-01
2.293750000000000000e+01,-3.245011782664911082e-01
2.295833333333333215e+01,-2.057224889144073643e-01
2.297916666666666430e+01,4.588128766513781542e-01
2.300000000000000000e+01,3.329109927614422593e-01
2.302083333333333215e+01,-3.255938824437106249e-01
2.304166666666666430e+01,-2.218881951146074172e-01
2.306250000000000000e+01,4.407052511833863817e-01
2.308333333333333215e+01,3.061411522077448488e-01
2.310416666666666430e+01,-3.374105950566775869e-01
2.312500000000000000e+01,-2.113333298560303719e-01
2.314583333333333215e+01,4.046591725038585219e-01
2.316666666666666430e+01,2.331685535880848592e-01
2.318750000000000000e+01,-4.074692392003776975e-01
2.320833333333333215e+01,-2.791391556948683572e-01
2.322916666666666430e+01,3.832345990871863783e-01
2.325000000000000000e+01,2.441836577636365968e-01
2.327083333333333215e+01,-3.988406132990303665e-01
2.329166666666666430e+01,-2.752009909227893236e-01
2.331250000000000000e+01,3.272612618635581949e-01
2.333333333333333215e+01,1.563240674110181472e-01
2.335416666666666430e+01,-4.853231383137873722e-01
2.337500000000000000e+01,-3.672716620251715858e-01
2.339583333333333215e+01,2.975618331593856691e-01
2.341666666666666430e+01,1.694797106760220218e-01
2.343750000000000000e+01,-4.882136563304424470e-01
2.345833333333333215e+01,-3.813243019043353610e-01
2.347916666666666430e+01,2.829121944235012953e-01
2.350000000000000000e+01,1.479537118577208266e-01
2.352083333333333215e+01,-4.940537149589779853e-01
2.354166666666666430e+01,-3.618264960142657527e-01
2.356250000000000000e+01,2.837072387113392380e-01
2.358333333333333215e+01,1.283199573088064926e-01
2.360416666666666430e+01,-3.660335361323369119e-01
2.362500000000000000e+01,-1.397294730704767840e-01
2.364583333333333215e+01,5.043733588294732062e-01
2.366666666666666430e+01,3.488348204462840552e-01
2.368750000000000000e+01,-3.111223570496899349e-01
2.370833333333333215e+01,-1.964198145261015771e-01
2.372916666666666430e+01,4.500613971056286466e-01
2.375000000000000000e+01,3.002430069253883005e-01
2.377083333333333215e+01,-3.520818519543664760e-01
2.379166666666666430e+01,-2.356773391363234105e-01
2.381250000000000000e+01,4.274041167523923157e-01
2.383333333333333215e+01,2.898246236743164395e-01
2.385416666666666430e+01,-3.532629845783893385e-01
2.387500000000000000e+01,-2.279657660857166146e-01
2.389583333333333215e+01,4.343630464327011276e-01
2.391666666666666430e+01,2.982385343934905730e-01
2.393750000000000000e+01,-3.418598511791888228e-01
2.395833333333333215e+01,-2.146513917790666137e-01
2.397916666666666430e+01,4.473590857794715880e-01
2.400000000000000000e+01,3.053542141516595310e-01
2.402083333333333215e+01,-3.370477652155796089e-01
2.404166666666666430e+01,-2.076297827374832539e-01
2.406250000000000000e+01,4.513518914188743292e-01
2.408333333333333215e+01,3.071006492404361188e-01
2.410416666666666430e+01,-3.347079033564796524e-01
2.412500000000000000e+01,-2.060528064856086139e-01
2.414583333333333215e+01,4.560129816356938148e-01
2.416666666666666430e+01,3.178328489498474241e-01
2.418750000000000000e+01,-3.235110352187492988e-01
2.420833333333333215e+01,-1.978836429060302771e-01
2.422916666666666430e+01,4.648871858217309416e-01
2.425000000000000000e+01,3.273785341096194790e-01
2.427083333333333215e+01,-3.161843479697019621e-01
2.429166666666666430e+01,-1.934572915515543057e-01
2.431250000000000000e+01,5.294006570500718878e-01
2.433333333333333215e+01,7.832118000411480985e-01
2.435416666666666430e+01,3.411228607606205943e-01
2.437500000000000000e+01,8.051624237089971547e-02
2.439583333333333215e+01,5.091121194511005754e-01
2.441666666666666430e+01,3.615282213959979396e-01
2.443750000000000000e+01,-2.883003331143686454e-01
2.445833333333333215e+01,-1.368119960892505427e-01
2.447916666666666430e+01,5.270450839506806151e-01
2.450000000000000000e+01,3.669473319667062583e-01
2.452083333333333215e+01,-2.714634162742486367e-01
2.454166666666666430e+01,-5.078934227992639716e-01
2.456250000000000000e+01,-1.150319181854216888e-01
2.458333333333333215e+01,-2.848433892490432884e-01
2.460416666666666430e+01,-6.405398838077405177e-01
2.462500000000000000e+01,-3.034830775873457176e-01
2.464583333333333215e+01,1.743625080156530061e-02
2.466666666666666430e+01,-3.619922393263392268e-01
2.468750000000000000e+01,-4.537765658667520796e-01
2.470833333333333215e+01,4.627318044417938481e-02
2.472916666666666430e+01,-7.572403850217271359e-02
2.475000000000000000e+01,-7.350790977125150061e-01
2.477083333333333215e+01,-6.064629805953212216e-01
2.479166666666666430e+01,2.482095402986458921e-02
2.481250000000000000e+01,1.916523646329201802e-02
2.483333333333333215e+01,-4.035365203995211481e-01
2.485416666666666430e+01,-1.640120003230220447e-01
2.487500000000000000e+01,4.684783099406989448e-01
2.489583333333333215e+01,3.505326127563531680e-01
2.491666666666666430e+01,-2.736631492538174615e-01
2.493750000000000000e+01,-1.264255042958958575e-01
2.495833333333333215e+01,5.017319607178478691e-01
2.497916666666666430e+01,3.832206369715105976e-01
2.500000000000000000e+01,-2.623114068110453667e-01
2.502083333333333215e+01,-1.239681409755229446e-01
2.504166666666666430e+01,4.200798460454542860e-01
2.506250000000000000e+01,2.415472829372365127e-01
2.508333333333333215e+01,-3.955539011473716560e-01
2.510416666666666430e+01,-2.571199207595948333e-01
2.512500000000000000e+01,3.757164058581062838e-01
2.514583333333333215e+01,2.551660623264039307e-01
2.516666666666666430e+01,-4.029144120510925742e-01
2.518750000000000000e+01,-2.613144073888965524e-01
2.520833333333333215e+01,3.891747709217631135e-01
2.522916666666666430e+01,2.664372854680921998e-01
2.525000000000000000e+01,-4.007459027557144227e-01
2.527083333333333215e+01,-2.578235182078741361e-01
2.529166666666666430e+01,3.969866531050885161e-01
2.531250000000000000e+01,2.738985979308664609e-01
2.533333333333333215e+01,-3.928508036203390841e-01
2.535416666666666430e+01,-2.532604843429698271e-01
2.537500000000000000e+01,3.952981469289154060e-01
2.539583333333333215e+01,2.733809510194397108e-01
2.541666666666666430e+01,-3.858313567576021064e-01
2.543750000000000000e+01,-2.661558454171940591e-01
2.545833333333333215e+01,3.652155125488005805e-01
2.547916666666666430e+01,2.205080378208471026e-01
2.550000000000000000e+01,-4.564426397008640723e-01
2.552083333333333215e+01,-3.566500691538881385e-01
2.554166666666666430e+01,2.704934623625995238e-01
2.556250000000000000e+01,1.024469668837629938e-01
2.558333333333333215e+01,-4.554891619521672652e-01
2.560416666666666430e+01,-2.653982928248936890e-01
2.562500000000000000e+01,3.483300441812076098e-01
2.564583333333333215e+01,1.783311035049955362e-01
2.566666666666666430e+01,-3.378637542757594869e-01
2.568750000000000000e+01,-1.288140236810793593e-01
2.570833333333333215e+01,5.126552536696145079e-01
2.572916666666666430e+01,3.606963104133574793e-01
2.575000000000000000e+01,-2.847772535414064832e-01
2.577083333333333215e+01,-1.633736645254433295e-01
2.579166666666666430e+01,4.974699478171274447e-01
2.581250000000000000e+01,3.557169192609408448e-01
2.583333333333333215e+01,-2.922941923369392070e-01
2.585416666666666430e+01,-1.708559522129146635e-01
2.587500000000000000e+01,4.880124513164871836e-01
2.589583333333333215e+01,3.572559025226215157e-01
2.591666666666666430e+01,-2.796286721950825283e-01
2.593750000000000000e+01,-1.587615849193843853e-01
2.595833333333333215e+01,4.696182539652277166e-01
2.597916666666666430e+01,3.392688910841824002e-01
2.600000000000000000e+01,-2.877587426588939512e-01
2.602083333333333215e+01,-9.420418790383087160e-01
2.604166666666666430e+01,-8.398343034789141903e-01
2.606250000000000000e+01,-2.144775428142573492e-01
2.608333333333333215e+01,-2.169806562458577726e-01
2.610416666666666430e+01,-5.610438599162513862e-01
2.612500000000000000e+01,-2.747267209007374644e-01
2.614583333333333215e+01,3.707960071527479640e-01
2.616666666666666430e+01,2.649299461775731501e-01
2.618750000000000000e+01,-4.010481716221629966e-01
2.620833333333333215e+01,-2.827642969352648361e-01
2.622916666666666430e+01,3.635200809276419864e-01
2.625000000000000000e+01,2.579160879744488710e-01
2.627083333333333215e+01,-4.084041981628426798e-01
2.629166666666666430e+01,-2.924801536687740011e-01
2.631250000000000000e+01,3.544889440540195391e-01
2.633333333333333215e+01,3.964094275178576821e-01
2.635416666666666430e+01,-1.732322478301761004e-01
2.637500000000000000e+01,-5.481201526476309205e-02
2.639583333333333215e+01,5.980349783589444801e-01
2.641666666666666430e+01,4.930040381330933474e-01
2.643750000000000000e+01,-1.728978160220956684e-01
2.645833333333333215e+01,-4.517699138509684298e-02
2.647916666666666430e+01,5.986632517333509984e-01
2.650000000000000000e+01,4.759478096889050436e-01
2.652083333333333215e+01,-1.871121631741242686e-01
2.654166666666666430e+01,-4.837727308067397980e-02
2.656250000000000000e+01,5.907761240224950194e-01
2.658333333333333215e+01,4.549894614266479786e-01
2.660416666666666430e+01,-1.901440209088403610e-01
2.662500000000000000e+01,-2.791268319102818696e-02
2.664583333333333215e+01,3.631212647816157157e-01
2.666666666666666430e+01,6.292072984261687374e-02
2.668750000000000000e+01,-5.586282719894024584e-01
2.670833333333333215e+01,-3.893402019681497239e-01
2.672916666666666430e+01,2.523305456070404351e-01
2.675000000000000000e+01,1.254396575987919704e-01
2.677083333333333215e+01,-5.372722158737497367e-01
2.679166666666666430e+01,-4.013764145768487501e-01
2.681250000000000000e+01,2.420850128004539692e-01
2.683333333333333215e+01,1.223233722259511880e-01
2.685416666666666430e+01,-4.127775864623693947e-01
2.687500000000000000e+01,-1.976748473926264182e-01
2.689583333333333215e+01,4.617968419038391836e-01
2.691666666666666430e+01,3.553634090593356110e-01
2.693750000000000000e+01,-3.014763659686390818e-01
2.695833333333333215e+01,-1.618650603779414054e-01
2.697916666666666430e+01,4.803929896788264875e-01
2.700000000000000000e+01,3.542369480366520662e-01
2.702083333333333215e+01,-3.081914358669971543e-01
2.704166666666666430e+01,-1.675991203664572715e-01
2.706250000000000000e+01,4.462346947977623435e-01
2.708333333333333215e+01,2.968200291518282019e-01
2.710416666666666430e+01,-3.642937663019447658e-01
2.712500000000000000e+01,-2.185434967411003515e-01
2.714583333333333215e+01,3.227951650132782069e-01
2.716666666666666430e+01,1.211808274885347869e-01
2.718750000000000000e+01,-5.251672202029334935e-01
2.720833333333333215e+01,-3.674634528262523681e-01
2.722916666666666430e+01,2.795395746821929261e-01
2.725000000000000000e+01,1.555035655506227799e-01
2.727083333333333215e+01,-5.075477097375823421e-01
2.729166666666666430e+01,-3.746434244710549200e-01
2.731250000000000000e+01,2.684035538619070071e-01
2.733333333333333215e+01,1.522701255568809642e-01
2.735416666666666430e+01,-5.129418981010525069e-01
2.737500000000000000e+01,-3.913543748055188232e-01
2.739583333333333215e+01,2.694185782058545198e-01
2.741666666666666430e+01,1.699911152409349646e-01
2.743750000000000000e+01,-3.965554573409664219e-01
2.745833333333333215e+01,-2.020283688179929649e-01
2.747916666666666430e+01,4.417373670243174288e-01
2.750000000000000000e+01,3.234545080412387641e-01
2.752083333333333215e+01,-3.408789318144757052e-01
2.754166666666666430e+01,-2.105413087859741572e-01
2.756250000000000000e+01,4.329770699095283892e-01
2.758333333333333215e+01,3.140487282734164554e-01
2.760416666666666430e+01,-3.501518582122779555e-01
2.762500000000000000e+01,-2.192539466495969647e-01
2.764583333333333215e+01,4.241577584738389639e-01
2.766666666666666430e+01,3.048433308548735288e-01
2.768750000000000000e+01,-3.441572282690710805e-01
2.770833333333333215e+01,-2.028132993707049414e-01
2.772916666666666430e+01,4.429705794208874670e-01
2.775000000000000000e+01,3.246117142536729672e-01
2.777083333333333215e+01,-3.392807034161721136e-01
2.779166666666666430e+01,-2.057200747815147723e-01
2.781250000000000000e+01,4.369917193062335947e-01
2.783333333333333215e+01,3.133705059596069153e-01
2.785416666666666430e+01,-3.497050246140086527e-01
2.787500000000000000e+01,-2.124219605332479666e-01
2.789583333333333215e+01,4.295193072820552849e-01
2.791666666666666430e+01,3.023563435540271849e-01
2.793750000000000000e+01,-3.599227003231990074e-01
2.795833333333333215e+01,-2.193016208892664132e-01
2.797916666666666430e+01,4.218297996287262985e-01
2.800000000000000000e+01,2.914031837947765879e-01
2.802083333333333215e+01,-3.701189793212836809e-01
2.804166666666666430e+01,-2.262234308003001348e-01
2.806250000000000000e+01,4.142789819879019175e-01
2.808333333333333215e+01,2.808401832506756124e-01
2.810416666666666430e+01,-3.799584992614656320e-01
2.812500000000000000e+01,-2.334539427778523635e-01
2.814583333333333215e+01,4.062006379753551055e-01
2.816666666666666430e+01,2.700331367773304292e-01
2.818750000000000000e+01,-3.836463192812730738e-01
2.820833333333333215e+01,-2.307741857101039407e-01
2.822916666666666430e+01,4.096923942649940420e-01
2.825000000000000000e+01,2.775299478494392957e-01
2.827083333333333215e+01,-3.843607908926001127e-01
2.829166666666666430e+01,-2.457303011594046127e-01
2.831250000000000000e+01,3.956819318824593701e-01
2.833333333333333215e+01,2.725728173375786545e-01
2.835416666666666430e+01,-3.913267364941357407e-01
2.837500000000000000e+01,-2.594106477594720905e-01
2.839583333333333215e+01,3.854877705673294686e-01
2.841666666666666430e+01,2.713291656357847970e-01
2.843750000000000000e+01,-3.945558837447384337e-01
2.845833333333333215e+01,-2.740568098857237289e-01
2.847916666666666430e+01,3.051405653217882930e-01
2.850000000000000000e+01,1.514537296431454627e-01
2.852083333333333215e+01,-4.799395386018087128e-01
2.854166666666666430e+01,-3.285814434484944924e-01
2.856250000000000000e+01,3.656550518509603664e-01
2.858333333333333215e+01,2.841656698169578443e-01
2.860416666666666430e+01,-3.312659165551276597e-01
2.862500000000000000e+01,-2.886471361587431006e-01
2.864583333333333215e+01,1.706153572408507513e-01
2.866666666666666430e+01,-2.361026946493607892e-02
2.868750000000000000e+01,-6.390408495359065633e-01
2.870833333333333215e+01,-4.574088531034745664e-01
2.872916666666666430e+01,2.331306915686361947e-01
2.875000000000000000e+01,1.329108006999360214e-01
2.877083333333333215e+01,-4.804249340125795742e-01
2.879166666666666430e+01,-2.958532937473347668e-01
2.881250000000000000e+01,3.937775588137381599e-01
2.883333333333333215e+01,2.870411399442549527e-01
2.885416666666666430e+01,-3.295752386231877162e-01
2.887500000000000000e+01,-1.484087359354991364e-01
2.889583333333333215e+01,5.422944845056755225e-01
2.891666666666666430e+01,4.507374475373824851e-01
2.893750000000000000e+01,-1.640873195903290449e-01
2.895833333333333215e+01,5.757232842454496069e-03
2.897916666666666430e+01,4.257829989637820223e-01
2.900000000000000000e+01,1.633135278544677327e-01
2.902083333333333215e+01,-4.544101607859137859e-01
2.904166666666666430e+01,-3.139854188208285879e-01
2.906250000000000000e+01,3.693456145893763698e-01
2.908333333333333215e+01,2.744739634662475281e-01
2.910416666666666430e+01,-3.601977492568053107e-01
2.912500000000000000e+01,-6.010957432104699905e-01
2.914583333333333215e+01,-1.687901161595026789e-01
2.916666666666666430e+01,-2.330348382235769567e-02
2.918750000000000000e+01,-4.879022732875789026e-01
2.920833333333333215e+01,-3.660423504030847486e-01
2.922916666666666430e+01,2.792585121848029095e-01
2.925000000000000000e+01,1.298726630601477194e-01
2.927083333333333215e+01,-4.909375426769492790e-01
2.929166666666666430e+01,-3.517629267305468765e-01
2.931250000000000000e+01,2.627104132321586016e-01
2.933333333333333215e+01,3.370533814430460851e-01
2.935416666666666430e+01,-1.378295957777446734e-01
2.937500000000000000e+01,-1.748180759327833123e-02
2.939583333333333215e+01,5.978291364590044843e-01
2.941666666666666430e+01,4.393040640015525300e-01
2.943750000000000000e+01,-2.487258094173520617e-01
2.945833333333333215e+01,-1.650145346547457481e-01
2.947916666666666430e+01,4.500574560668200164e-01
2.950000000000000000e+01,2.774617322439154599e-01
2.952083333333333215e+01,-6.626880980397717447e-02
2.954166666666666430e+01,2.568913224864063372e-01
2.956250000000000000e+01,4.804772332749107089e-01
2.958333333333333215e+01,4.201783885624311293e-02
2.960416666666666430e+01,9.153681211385240879e-02
2.962500000000000000e+01,4.728832645873261020e-01
2.964583333333333215e+01,1.637272693987495420e-01
2.966666666666666430e+01,-4.259433711948071855e-01
2.968750000000000000e+01,-2.579986102188744357e-01
2.970833333333333215e+01,3.558789867138152374e-01
2.972916666666666430e+01,1.856200094556013924e-01
2.975000000000000000e+01,-5.005993446321367335e-01
2.977083333333333215e+01,-4.037746599563107885e-01
2.979166666666666430e+01,2.019025966629983682e-01
2.981250000000000000e+01,1.957592147790112036e-01
2.983333333333333215e+01,-2.651395597116319447e-01
2.985416666666666430e+01,-9.675304875230474055e-02
2.987500000000000000e+01,5.105709623088179328e-01
2.989583333333333215e+01,3.421926531572754282e-01
2.991666666666666430e+01,-3.494217676860163491e-01
2.993750000000000000e+01,-2.550389813198500888e-01
2.995833333333333215e+01,3.561501611469181094e-01
2.997916666666666430e+01,1.860090498607723519e-01
3.000000000000000000e+01,-5.086349848736756440e-01
3.002083333333333215e+01,-4.158337035094809009e-01
3.004166666666666430e+01,1.916711436824347636e-01
3.006250000000000000e+01,7.877757381552848159e-02
3.008333333333333215e+01,-2.532548605000774500e-01
3.010416666666666430e+01,4.968641134881621874e-02
3.012500000000000000e+01,3.471010255754851670e-01
3.014583333333333215e+01,-3.067366313149669926e-02
3.016666666666666430e+01,-1.644032178073075445e-01
3.018750000000000000e+01,2.997158428038995126e-01
3.020833333333333215e+01,1.767225714655766833e-01
3.022916666666666430e+01,-4.739669172088084581e-01
3.025000000000000000e+01,-3.268582792476317223e-01
3.027083333333333215e+01,3.168297078359008645e-01
3.029166666666666430e+01,1.959989689143601388e-01
3.031250000000000000e+01,-4.684765780544927760e-01
3.033333333333333215e+01,-3.417579373845253121e-01
3.035416666666666430e+01,3.223950922498324823e-01
3.037500000000000000e+01,2.214380253982463354e-01
3.039583333333333215e+01,-3.961210536004939886e-01
3.041666666666666430e+01,-2.321740850285828606e-01
3.043750000000000000e+01,4.438012637276551042e-01
3.045833333333333215e+01,3.444412312231432405e-01
3.047916666666666430e+01,-2.702216508438334275e-01
3.050000000000000000e+01,-9.838595889897623625e-02
3.052083333333333215e+01,5.934069991925667864e-01
3.054166666666666430e+01,5.068256680508348433e-01
3.056250000000000000e+01,-1.085314257693439088e-01
3.058333333333333215e+01,-1.264655973442738723e-01
3.060416666666666430e+01,3.118586304053198033e-01
3.062500000000000000e+01,1.411787225671203294e-01
3.064583333333333215e+01,-4.738190532998227678e-01
3.066666666666666430e+01,-3.048271843541052739e-01
3.068750000000000000e+01,3.878451869472087643e-01
3.070833333333333215e+01,3.036118839653378920e-01
3.072916666666666430e+01,-3.115532243006282620e-01
3.075000000000000000e+01,-1.477171955920129343e-01
3.077083333333333215e+01,1.884749941839116150e-01
3.079166666666666430e+01,-1.328708419540580443e-01
3.081250000000000000e+01,-4.441209182189023164e-01
3.083333333333333215e+01,-6.884559957867031343e-02
3.085416666666666430e+01,1.346391553836829569e-01
3.087500000000000000e+01,-2.805371560348677851e-01
3.089583333333333215e+01,-1.100503665391389385e-01
3.091666666666666430e+01,2.713379280335285193e-01
3.093750000000000000e+01,-3.149796334472076964e-02
3.095833333333333215e+01,-4.425144324859294209e-01
3.097916666666666430e+01,-1.376840700698419295e-01
3.100000000000000000e+01,4.596572902045834574e-01
3.102083333333333215e+01,3.002198328499380842e-01
3.104166666666666430e+01,-3.114861657054908695e-01
3.106250000000000000e+01,-1.413791401857134589e-01
3.108333333333333215e+01,3.554962323804835567e-01
3.110416666666666430e+01,1.316772092364432156e-01
3.112500000000000000e+01,-4.952104447835736223e-01
3.114583333333333215e+01,-3.308696892056966488e-01
3.116666666666666430e+01,3.695802110230083648e-01
3.118750000000000000e+01,2.749009248607998113e-01
3.120833333333333215e+01,-3.391671398143968341e-01
3.122916666666666430e+01,-1.725341062039755791e-01
3.125000000000000000e+01,5.029502211050536076e-01
3.127083333333333215e+01,3.991309948135457475e-01
3.129166666666666430e+01,-2.280301516928693872e-01
3.131250000000000000e+01,-1.651954149787245307e-01
3.133333333333333215e+01,2.565922375499543606e-01
3.135416666666666430e+01,2.225048778922859849e-02
3.137500000000000000e+01,-5.907537986917397177e-01
3.139583333333333215e+01,-4.200826806189348894e-01
3.141666666666666430e+01,2.545612508976466404e-01
3.143750000000000000e+01,1.495825870918049416e-01
3.145833333333333215e+01,-4.787220566570876690e-01
3.147916666666666430e+01,-3.167072714754969875e-01
3.150000000000000000e+01,3.660954796496244112e-01
3.152083333333333215e+01,2.628075550239652447e-01
3.154166666666666430e+01,-3.554068346840507098e-01
3.156250000000000000e+01,-1.851847016440958393e-01
3.158333333333333215e+01,5.181539901759756317e-01
3.160416666666666430e+01,4.232782136393156702e-01
3.162500000000000000e+01,-1.958555899830307923e-01
3.164583333333333215e+01,-2.434536982477712719e-02
3.166666666666666430e+01,5.739514663129618999e-01
3.168750000000000000e+01,4.119393606637337668e-01
3.170833333333333215e+01,-2.007682584857731767e-01
3.172916666666666430e+01,-3.142214573623186569e-02
3.175000000000000000e+01,2.167773787596490309e-01
3.177083333333333215e+01,-1.694080118618208064e-01
3.179166666666666430e+01,-1.927514576613081621e-01
3.181250000000000000e+01,3.607122576622942001e-01
3.183333333333333215e+01,2.203135682672537066e-01
3.185416666666666430e+01,-4.162997601870963571e-01
3.187500000000000000e+01,-2.934467212205837949e-01
3.189583333333333215e+01,3.678671083754234128e-01
3.191666666666666430e+01,2.371032685046905175e-01
3.193750000000000000e+01,-4.104153734453864777e-01
3.195833333333333215e+01,-2.982388871586174606e-01
3.197916666666666430e+01,3.665194978378438773e-01
3.200000000000000000e+01,2.415203882145398606e-01
3.202083333333332860e+01,-4.025474762847248700e-01
3.204166666666666430e+01,-2.899223784708773177e-01
3.206250000000000000e+01,3.756098464796750469e-01
3.208333333333332860e+01,2.510100750553586613e-01
3.210416666666666430e+01,-4.081888810451291816e-01
3.212500000000000000e+01,-3.037376732999970685e-01
3.214583333333332860e+01,3.578815337120266893e-01
3.216666666666666430e+01,2.232178347750642944e-01
3.218750000000000000e+01,-4.177403524237705001e-01
3.220833333333332860e+01,-2.873598170303584554e-01
3.222916666666666430e+01,3.567361207048829197e-01
3.225000000000000000e+01,1.973244034145795744e-01
3.227083333333332860e+01,-4.529033123812390427e-01
3.229166666666666430e+01,-3.274048301779376446e-01
3.231250000000000000e+01,3.342993374085215241e-01
3.233333333333332860e+01,1.915127618921636798e-01
3.235416666666666430e+01,-4.492059238423016798e-01
3.237500000000000000e+01,-3.175695115568476501e-01
3.239583333333332860e+01,3.438114110426480075e-01
3.241666666666666430e+01,1.999825563069844159e-01
3.243750000000000000e+01,-4.367785190060647360e-01
3.245833333333332860e+01,-3.018828432901127234e-01
3.247916666666666430e+01,3.592676872131657095e-01
3.250000000000000000e+01,2.147734381970777262e-01
3.252083333333332860e+01,-2.837212014296423557e-01
3.254166666666666430e+01,-5.662847554568009589e-02
3.256250000000000000e+01,5.997466357941533266e-01
3.258333333333332860e+01,4.519142827828621090e-01
3.260416666666666430e+01,-1.902153970421417428e-01
3.262500000000000000e+01,-6.257540615632442571e-02
3.264583333333332860e+01,5.207748518558037443e-01
3.266666666666666430e+01,3.333452510003783731e-01
3.268750000000000000e+01,-3.091949009389446945e-01
3.270833333333332860e+01,-1.902106679570405301e-01
3.272916666666666430e+01,4.342548468732337907e-01
3.275000000000000000e+01,2.802100906045570383e-01
3.277083333333332860e+01,-3.678889513995520777e-01
3.279166666666666430e+01,-2.591130333870152458e-01
3.281250000000000000e+01,3.012754177104878250e-01
3.283333333333332860e+01,1.121873658191674394e-01
3.285416666666666430e+01,-5.473981949011963444e-01
3.287500000000000000e+01,-4.487116163493443111e-01
3.289583333333332860e+01,2.166226453782502948e-01
3.291666666666666430e+01,8.687928390130361667e-02
3.293750000000000000e+01,-5.570311585867353532e-01
3.295833333333332860e+01,-4.315475358063107780e-01
3.297916666666666430e+01,2.126849050815123876e-01
3.300000000000000000e+01,6.028544314281066019e-02
3.302083333333332860e+01,-4.920661355719584962e-01
3.304166666666666430e+01,-3.061720484719079871e-01
3.306250000000000000e+01,3.396985275863019238e-01
3.308333333333332860e+01,1.863250172000606719e-01
3.310416666666666430e+01,-3.981974475150417137e-01
3.312500000000000000e+01,-2.336988918153075634e-01
3.314583333333332860e+01,4.286872508461481157e-01
3.316666666666666430e+01,2.890813149648278069e-01
3.318750000000000000e+01,-3.511749301061819484e-01
3.320833333333332860e+01,-2.193886768894567907e-01
3.322916666666666430e+01,4.272708185144052928e-01
3.325000000000000000e+01,2.718226291752326995e-01
3.327083333333332860e+01,-1.946300779504138712e-01
3.329166666666666430e+01,4.834841664879335754e-02
3.331250000000000000e+01,7.111244731477552872e-01
3.333333333333332860e+01,5.755410740520432444e-01
3.335416666666666430e+01,-6.813031922018547570e-02
3.337500000000000000e+01,-5.051933175239156637e-02
3.339583333333332860e+01,3.859448458247963787e-01
3.341666666666666430e+01,1.499980459857242487e-01
3.343750000000000000e+01,-4.944878448147960182e-01
3.345833333333332860e+01,-3.800784169816753821e-01
3.347916666666666430e+01,2.855084351342440652e-01
3.350000000000000000e+01,1.644408052361492345e-01
3.352083333333332860e+01,-4.963534703545191551e-01
3.354166666666666430e+01,-3.954146753264619063e-01
3.356250000000000000e+01,2.543845720454608883e-01
3.358333333333332860e+01,1.117831880179671611e-01
3.360416666666666430e+01,-4.132979678909187715e-01
3.362500000000000000e+01,-2.142842710812425389e-01
3.364583333333332860e+01,4.496496614684519777e-01
3.366666666666666430e+01,3.171487860722824181e-01
3.368750000000000000e+01,-3.263348231409712863e-01
3.370833333333332860e+01,-2.058439647609460466e-01
3.372916666666666430e+01,4.577564112886600700e-01
3.375000000000000000e+01,3.246777149916310612e-01
3.377083333333332860e+01,-3.184216013284597580e-01
3.379166666666666430e+01,-1.971689789842429597e-01
3.381250000000000000e+01,4.662469372776540388e-01
3.383333333333332860e+01,3.319624985434204145e-01
3.385416666666666430e+01,-3.115889326319873920e-01
3.387500000000000000e+01,-1.898205855989276436e-01
3.389583333333332860e+01,3.588269237278041146e-01
3.391666666666666430e+01,1.489389160147513713e-01
3.393750000000000000e+01,-4.962584908453925858e-01
3.395833333333332860e+01,-3.753192520127239806e-01
3.397916666666666430e+01,2.880244227501117527e-01
3.400000000000000000e+01,1.507691494871918891e-01
3.402083333333332860e+01,-4.919030265095331034e-01
3.404166666666666430e+01,-3.650871974309536361e-01
3.406250000000000000e+01,2.972822719231429378e-01
3.408333333333332860e+01,1.590563506057010301e-01
3.410416666666666430e+01,-4.806320878602021174e-01
3.412500000000000000e+01,-3.501915178737030621e-01
3.414583333333332860e+01,3.114145543820663886e-01
3.416666666666666430e+01,1.656410010036566405e-01
3.418750000000000000e+01,-4.757376403627529005e-01
3.420833333333332860e+01,-3.415136498717870617e-01
3.422916666666666430e+01,3.190139850572236146e-01
3.425000000000000000e+01,1.725336881045134718e-01
3.427083333333332860e+01,-2.049557926544586794e-01
3.429166666666666430e+01,1.058119473866796501e-01
3.431250000000000000e+01,5.250461550226128704e-01
3.433333333333332860e+01,2.144062118344702839e-01
3.435416666666666430e+01,-3.540954191276197704e-01
3.437500000000000000e+01,-1.736910476062971109e-01
3.439583333333332860e+01,4.882241133465571314e-01
3.441666666666666430e+01,3.499248591591072044e-01
3.443750000000000000e+01,-2.925035868534882066e-01
3.445833333333332860e+01,-1.716874887329218335e-01
3.447916666666666430e+01,-2.665905478459325018e-01
3.450000000000000000e+01,-6.378601222827312567e-01
3.452083333333332860e+01,-3.527565612809974716e-01
3.454166666666666430e+01,2.577542224333575493e-01
3.456250000000000000e+01,1.189695432059983959e-01
3.458333333333332860e+01,-5.406757616481061568e-01
3.460416666666666430e+01,-4.427088833927516065e-01
3.462500000000000000e+01,1.690640390387382341e-01
3.464583333333332860e+01,2.363322757899656290e-01
3.466666666666666430e+01,-2.152024882754586255e-01
3.468750000000000000e+01,-6.706404864199266846e-02
3.470833333333332860e+01,5.401284300946034289e-01
3.472916666666666430e+01,3.706035999559270100e-01
3.475000000000000000e+01,-3.094843471273108770e-01
3.477083333333332860e+01,-2.122885360313169212e-01
3.479166666666666430e+01,3.918321811470033555e-01
3.481250000000000000e+01,3.225710228210374453e-01
3.483333333333332860e+01,-8.445291599771198587e-02
3.485416666666666430e+01,1.494587396265209256e-01
3.487500000000000000e+01,6.729356519213768317e-01
3.489583333333332860e+01,4.517544373657365053e-01
3.491666666666666430e+01,-2.120648062962305902e-01
3.493750000000000000e+01,-1.072511164337689449e-01
3.495833333333332860e+01,5.265489617551335488e-01
3.497916666666666430e+01,3.727095472579247115e-01
3.500000000000000000e+01,-2.729719125735980412e-01
3.502083333333332860e+01,-1.445505132306482976e-01
3.504166666666666430e+01,5.250617918857993782e-01
3.506250000000000000e+01,3.821656099615487467e-01
3.508333333333332860e+01,-2.702575029396676043e-01
3.510416666666666430e+01,-1.890883507951612308e-01
3.512500000000000000e+01,2.103863915166326315e-01
3.514583333333332860e+01,-8.378338028740128784e-02
3.516666666666666430e+01,-6.073141184672956605e-01
3.518750000000000000e+01,-4.054691622323665090e-01
3.520833333333332860e+01,2.537768291807042109e-01
3.522916666666666430e+01,1.207346028287744760e-01
3.525000000000000000e+01,-5.176228955949424559e-01
3.527083333333332860e+01,-3.964392934098420751e-01
3.529166666666666430e+01,2.604607914120807832e-01
3.531250000000000000e+01,1.221434152204846635e-01
3.533333333333332860e+01,-5.182098029453880983e-01
3.535416666666666430e+01,-3.975599744474075381e-01
3.537500000000000000e+01,2.485501502952728314e-01
3.539583333333332860e+01,1.152879736861203708e-01
3.541666666666666430e+01,-2.545379362420924774e-01
3.543750000000000000e+01,4.176039226380290348e-02
3.545833333333332860e+01,5.139700770946774577e-01
3.547916666666666430e+01,2.468771898310730961e-01
3.550000000000000000e+01,-4.058105327408263463e-01
3.552083333333332860e+01,-2.826808334694989600e-01
3.554166666666666430e+01,3.867915183113828093e-01
3.556250000000000000e+01,2.435517685691629408e-01
3.558333333333332860e+01,-4.138032950148263778e-01
3.560416666666666430e+01,-2.901841272137944405e-01
3.562500000000000000e+01,3.793725649834666092e-01
3.564583333333332860e+01,2.365896504190840577e-01
3.566666666666666430e+01,-2.709982540404325402e-01
3.568750000000000000e+01,-5.206440818606525300e-02
3.570833333333332860e+01,6.082732989350309039e-01
3.572916666666666430e+01,4.792043916479055143e-01
3.575000000000000000e+01,-1.555917807656058416e-01
3.577083333333332860e+01,-3.533705216080604283e-02
3.579166666666666430e+01,4.502111540377022880e-01
3.581250000000000000e+01,1.968820532043029092e-01
3.583333333333332860e+01,-4.434452053785880588e-01
3.585416666666666430e+01,-3.235242180937183409e-01
3.587500000000000000e+01,3.252298581727064986e-01
3.589583333333332860e+01,2.094825698564221073e-01
3.591666666666666430e+01,-4.112227536711928755e-01
3.593750000000000000e+01,-2.589553176491076747e-01
3.595833333333332860e+01,4.168770779887184807e-01
3.597916666666666430e+01,3.253813349260415433e-01
3.600000000000000000e+01,-2.800386686409027659e-01
3.602083333333332860e+01,-1.149340881803732617e-01
3.604166666666666430e+01,1.701633401218667352e-01
3.606250000000000000e+01,-1.903339797856056226e-01
3.608333333333332860e+01,-2.857884878528968997e-01
3.610416666666666430e+01,2.241423758862515492e-01
3.612500000000000000e+01,1.293587339401527647e-01
3.614583333333332860e+01,-4.853996857239250007e-01
3.616666666666666430e+01,-3.084657721230081862e-01
3.618750000000000000e+01,3.826617657293815977e-01
3.620833333333332860e+01,2.916466526406704673e-01
3.622916666666666430e+01,-3.222682196880828354e-01
3.625000000000000000e+01,-1.482621985737923032e-01
3.627083333333332860e+01,2.284671756812346466e-01
3.629166666666666430e+01,-6.896830207549413394e-02
3.631250000000000000e+01,-4.795271556056351359e-01
3.633333333333332860e+01,-1.739230034785504142e-01
3.635416666666666430e+01,4.458064449338160484e-01
3.637500000000000000e+01,3.149741775894656648e-01
3.639583333333332860e+01,-3.009341885420658835e-01
3.641666666666666430e+01,-1.378917935286205765e-01
3.643750000000000000e+01,2.958094281791939228e-01
3.645833333333332860e+01,4.752484724779805492e-02
3.647916666666666430e+01,-5.780944931140519216e-01
3.650000000000000000e+01,-4.296741158208404188e-01
3.652083333333332860e+01,2.631415434044386825e-01
3.654166666666666430e+01,1.862140568785464745e-01
3.656250000000000000e+01,-4.296059478626683692e-01
3.658333333333332860e+01,-2.620362466034839577e-01
3.660416666666666430e+01,4.302587425891392092e-01
3.662500000000000000e+01,3.413943813507460123e-01
3.664583333333332860e+01,-2.724499806516458844e-01
3.666666666666666430e+01,-9.373141634770915109e-02
3.668750000000000000e+01,5.959602801705647934e-01
3.670833333333332860e+01,4.880425945711445723e-01
3.672916666666666430e+01,-1.293926871824683800e-01
3.675000000000000000e+01,-3.260933957116324972e-02
3.677083333333332860e+01,2.764024744438678405e-01
3.679166666666666430e+01,-3.623838775484564123e-02
3.681250000000000000e+01,-3.030838446910156803e-01
3.683333333333332860e+01,1.069792679799924651e-01
3.685416666666666430e+01,5.093437465550064436e-02
3.687500000000000000e+01,-3.962141089709465547e-01
3.689583333333332860e+01,-1.322766161785047800e-01
3.691666666666666430e+01,5.346626183176111935e-01
3.693750000000000000e+01,4.263576855737321036e-01
3.695833333333332860e+01,-1.821619587403705554e-01
3.697916666666666430e+01,-2.311696349803276096e-01
3.700000000000000000e+01,2.749135019770984623e-01
3.702083333333332860e+01,1.526225919408421006e-01
3.704166666666666430e+01,-4.599226912541376500e-01
3.706250000000000000e+01,-2.891389195257945688e-01
3.708333333333332860e+01,4.035409420509487033e-01
3.710416666666666430e+01,3.085132547438996786e-01
3.712500000000000000e+01,-3.003374736732880024e-01
3.714583333333332860e+01,-2.201617393638581610e-01
3.716666666666666430e+01,1.596611408321301218e-01
3.718750000000000000e+01,-9.728658886955264540e-02
3.720833333333332860e+01,-5.303532858515543902e-01
3.722916666666666430e+01,-2.429745601737588745e-01
3.725000000000000000e+01,4.131060311564545007e-01
3.727083333333332860e+01,2.978551129831638056e-01
3.729166666666666430e+01,-3.646247567713056248e-01
3.731250000000000000e+01,-2.230939445754239192e-01
3.733333333333332860e+01,3.981458428158963225e-01
3.735416666666666430e+01,2.595734565255221060e-01
3.737500000000000000e+01,-3.962551095017186054e-01
3.739583333333332860e+01,-2.785557787412999420e-01
3.741666666666666430e+01,3.486737381988499473e-01
3.743750000000000000e+01,2.013972485295423276e-01
3.745833333333332860e+01,-4.758791139028382688e-01
3.747916666666666430e+01,-3.830967285403963918e-01
3.750000000000000000e+01,2.327736771203756660e-01
3.752083333333332860e+01,6.302492443541804490e-02
3.754166666666666430e+01,-4.818866073621854706e-01
3.756250000000000000e+01,-2.829939822984490760e-01
3.758333333333332860e+01,3.352684044571999644e-01
3.760416666666666430e+01,1.635391362664583847e-01
3.762500000000000000e+01,-3.437314716549813576e-01
3.764583333333332860e+01,-1.206821568815957257e-01
3.766666666666666430e+01,4.935968191959675400e-01
3.768750000000000000e+01,3.231555202479556854e-01
3.770833333333332860e+01,-3.620296654053196672e-01
3.772916666666666430e+01,-2.640565925986733675e-01
3.775000000000000000e+01,3.436294670543931784e-01
3.777083333333332860e+01,2.299676653889869415e-01
3.779166666666666430e+01,-1.321600873049741665e-01
3.781250000000000000e+01,1.531798079646957411e-01
3.783333333333332860e+01,5.107388954752811738e-01
3.785416666666666430e+01,1.865273436458737555e-01
3.787500000000000000e+01,-2.477629621295543427e-01
3.789583333333332860e+01,6.886230393028831831e-03
3.791666666666666430e+01,4.792491526190199025e-01
3.793750000000000000e+01,2.209411287109193101e-01
3.795833333333332860e+01,-4.752505326864302493e-01
3.797916666666666430e+01,-3.810237847606969819e-01
3.800000000000000000e+01,2.367892041726205876e-01
3.802083333333332860e+01,6.462108928005619313e-02
3.804166666666666430e+01,-2.660887259580950737e-01
3.806250000000000000e+01,7.798903308784943533e-02
3.808333333333332860e+01,3.155330961557512026e-01
3.810416666666666430e+01,-1.126591977759047458e-01
3.812500000000000000e+01,-4.567259532688477258e-02
3.814583333333332860e+01,3.959829507986153407e-01
3.816666666666666430e+01,1.217647700687866930e-01
3.818750000000000000e+01,-5.718190463872674378e-01
3.820833333333332860e+01,-4.931743251229189218e-01
3.822916666666666430e+01,1.233813196242366517e-01
3.825000000000000000e+01,2.593640959057809114e-01
3.827083333333332860e+01,-2.354395206760752646e-01
3.829166666666666430e+01,-1.547088721421936153e-01
3.831250000000000000e+01,4.604430290546651094e-01
3.833333333333332860e+01,2.909294147990966195e-01
3.835416666666666430e+01,-4.011300436437718053e-01
3.837500000000000000e+01,-3.124579164255068542e-01
3.839583333333332860e+01,3.014092513481828051e-01
3.841666666666666430e+01,1.246978369161674954e-01
3.843750000000000000e+01,-3.537658296660379231e-01
3.845833333333332860e+01,-1.169967348886279124e-01
3.847916666666666430e+01,4.953024473723626198e-01
3.850000000000000000e+01,3.119716503902653093e-01
3.852083333333332860e+01,-3.773675240117443375e-01
3.854166666666666430e+01,-2.719855894802293839e-01
3.856250000000000000e+01,3.423303784104750336e-01
3.858333333333332860e+01,1.564152311263819484e-01
3.860416666666666430e+01,-4.533066709219579771e-01
3.862500000000000000e+01,-3.000934145449186685e-01
3.864583333333332860e+01,3.121175958458362043e-01
3.866666666666666430e+01,1.289101518505259558e-01
3.868750000000000000e+01,-2.613244717307007248e-01
3.870833333333332860e+01,3.508766102328612912e-02
3.872916666666666430e+01,5.001620109181335039e-01
3.875000000000000000e+01,2.226531220919600318e-01
3.877083333333332860e+01,-4.682130383659164896e-01
3.879166666666666430e+01,-3.764663489201404145e-01
3.881250000000000000e+01,2.378139709987226180e-01
3.883333333333332860e+01,1.730348213549738612e-01
3.885416666666666430e+01,-2.302726502228749639e-01
3.887500000000000000e+01,-5.981686596105567633e-04
3.889583333333332860e+01,5.744843800684797941e-01
3.891666666666666430e+01,3.813002566623408529e-01
3.893750000000000000e+01,-3.125408116540709935e-01
3.895833333333332860e+01,-2.346404528742766504e-01
3.897916666666666430e+01,3.821610070428090866e-01
3.900000000000000000e+01,2.281086122296009100e-01
3.902083333333332860e+01,-4.638767420974415079e-01
3.904166666666666430e+01,-3.906285303815013599e-01
3.906250000000000000e+01,2.269492409901958108e-01
3.908333333333332860e+01,6.955867376526653212e-02
3.910416666666666430e+01,-3.901192813051745922e-01
3.912500000000000000e+01,-1.605080806917301151e-01
3.914583333333332860e+01,4.580493358107126101e-01
3.916666666666666430e+01,3.148818227489121879e-01
3.918750000000000000e+01,-3.709282397480365701e-01
3.920833333333332860e+01,-2.814951992454334806e-01
3.922916666666666430e+01,3.391160401485516784e-01
3.925000000000000000e+01,1.669359722782396416e-01
3.927083333333332860e+01,-5.243172254105384900e-01
3.929166666666666430e+01,-4.319697567486290302e-01
3.931250000000000000e+01,1.814164956795098482e-01
3.933333333333332860e+01,2.250468612381663625e-01
3.935416666666666430e+01,-2.579253493555953014e-01
3.937500000000000000e+01,-1.143089086740212146e-01
3.939583333333332860e+01,5.004611734007315960e-01
3.941666666666666430e+01,3.135398580309292083e-01
3.943750000000000000e+01,-3.755147431301717464e-01
3.945833333333332860e+01,-2.732731168627400287e-01
3.947916666666666430e+01,3.385050312718063115e-01
3.950000000000000000e+01,1.520810922794327558e-01
3.952083333333332860e+01,-2.779913103916121786e-01
3.954166666666666430e+01,1.835473593751746346e-04
3.956250000000000000e+01,5.832099976068056968e-01
3.958333333333332860e+01,3.793641216688534712e-01
3.960416666666666430e+01,-3.115130260393353390e-01
3.962500000000000000e+01,-2.189591917739113214e-01
3.964583333333332860e+01,3.952551525312344438e-01
3.966666666666666430e+01,2.234174347720429554e-01
3.968750000000000000e+01,-4.693972871805673353e-01
3.970833333333332860e+01,-3.872387540705647391e-01
3.972916666666666430e+01,2.293570028698208307e-01
3.975000000000000000e+01,7.245617675522252055e-02
3.977083333333332860e+01,-3.741719697701077485e-01
3.979166666666666430e+01,-1.365189116620061371e-01
3.981250000000000000e+01,4.815449056962700647e-01
3.983333333333332860e+01,3.373444747822282874e-01
3.985416666666666430e+01,-3.508209518889356948e-01
3.987500000000000000e+01,-2.759344912207402079e-01
3.989583333333332860e+01,3.405630088069758199e-01
3.991666666666666430e+01,1.742285301718614066e-01
3.993750000000000000e+01,-5.179226428072666311e-01
3.995833333333332860e+01,-4.236317617041858163e-01
3.997916666666666430e+01,1.936736986995284959e-01
4.000000000000000000e+01,1.644955256698509005e-02
4.002083333333332860e+01,-3.570044407704097145e-01
4.004166666666666430e+01,-5.078277966623770401e-02
4.006250000000000000e+01,4.573291205878979859e-01
4.008333333333332860e+01,2.067475507617222708e-01
4.010416666666666430e+01,-4.833725066594146691e-01
4.012500000000000000e+01,-3.862015807570592374e-01
4.014583333333332860e+01,2.266663759389200838e-01
4.016666666666666430e+01,1.559998582440044468e-01
4.018750000000000000e+01,-1.971849348992850137e-01
4.020833333333332860e+01,7.837454429314777427e-02
4.022916666666666430e+01,4.706380239929328635e-01
4.025000000000000000e+01,1.413192612589431740e-01
4.027083333333332860e+01,-3.237102040200888764e-01
4.029166666666666430e+01,-7.961894576839559368e-02
4.031250000000000000e+01,5.339385982548603415e-01
4.033333333333332860e+01,3.587291585441335084e-01
4.035416666666666430e+01,-3.333738255618584057e-01
4.037500000000000000e+01,-2.466662381633782930e-01
4.039583333333332860e+01,3.684919790045667054e-01
4.041666666666666430e+01,2.010599969948327070e-01
4.043750000000000000e+01,-4.923058914211970727e-01
4.045833333333332860e+01,-4.129429845086817208e-01
4.047916666666666430e+01,2.039208521424272780e-01
4.050000000000000000e+01,1.973539896290582019e-01
4.052083333333332860e+01,-2.905582142154827241e-01
4.054166666666666430e+01,-1.457611952810653477e-01
4.056250000000000000e+01,4.714595061371511520e-01
4.058333333333332860e+01,3.117562011222875795e-01
4.060416666666666430e+01,-3.829111424696415855e-01
4.062500000000000000e+01,-3.074119794010133910e-01
4.064583333333332860e+01,3.095499851863436347e-01
4.066666666666666430e+01,1.547324575556976445e-01
4.068750000000000000e+01,-3.119443188356441632e-01
4.070833333333332860e+01,-8.363998462427214842e-02
4.072916666666666430e+01,5.318947235706629195e-01
4.075000000000000000e+01,3.635184074922359621e-01
4.077083333333332860e+01,-3.289851715320757375e-01
4.079166666666666430e+01,-2.411404338683208748e-01
4.081250000000000000e+01,3.729335454287797669e-01
4.083333333333332860e+01,1.964515001196993071e-01
4.085416666666666430e+01,-4.940106254582750100e-01
4.087500000000000000e+01,-3.975927026906587169e-01
4.089583333333332860e+01,2.151717941156410518e-01
4.091666666666666430e+01,9.898348374734225463e-02
4.093750000000000000e+01,-2.264914217141250075e-01
4.095833333333332860e+01,9.719913548670196246e-02
4.097916666666666430e+01,3.132759850369755128e-01
4.100000000000000000e+01,-1.391369628192116736e-01
4.102083333333332860e+01,-4.526355175496264704e-02
4.104166666666666430e+01,4.672418204048751633e-01
4.106250000000000000e+01,2.277914986649627049e-01
4.108333333333332860e+01,-4.439707231687333167e-01
4.110416666666666430e+01,-3.383343027553942228e-01
4.112500000000000000e+01,2.878504650501771400e-01
4.114583333333332860e+01,1.287742637316978966e-01
4.116666666666666430e+01,-4.883087331396567810e-01
4.118750000000000000e+01,-3.480695001497884356e-01
4.120833333333332860e+01,3.064733283924140350e-01
4.122916666666666430e+01,1.870265997933786839e-01
4.125000000000000000e+01,-3.814446419030774749e-01
4.127083333333332860e+01,-2.027808452461415945e-01
4.129166666666666430e+01,4.668313881528812215e-01
4.131250000000000000e+01,3.629502586640240835e-01
4.133333333333332860e+01,-2.551215740231829732e-01
4.135416666666666430e+01,-8.554277468763843428e-02
4.137500000000000000e+01,6.069803288296862220e-01
4.139583333333332860e+01,5.146482724897398775e-01
4.141666666666666430e+01,-8.958922950245279404e-02
4.143750000000000000e+01,-3.538355807838480249e-01
4.145833333333332860e+01,4.180911931806016724e-02
4.147916666666666430e+01,2.457156223419076913e-02
4.150000000000000000e+01,-4.577308887351968503e-01
4.152083333333332860e+01,-2.418746207196523224e-01
4.154166666666666430e+01,4.460339147815955974e-01
4.156250000000000000e+01,3.545280492027721442e-01
4.158333333333332860e+01,-2.480303237159265928e-01
4.160416666666666430e+01,-2.051728892540856108e-01
4.162500000000000000e+01,2.101110952792732967e-01
4.164583333333332860e+01,-5.439135566939035105e-03
4.166666666666666430e+01,-6.126847142752545050e-01
4.168750000000000000e+01,-4.421746876665509918e-01
4.170833333333332860e+01,2.564259563381410256e-01
4.172916666666666430e+01,1.630644867795967290e-01
4.175000000000000000e+01,-4.543210240190027616e-01
4.177083333333332860e+01,-2.823417799605144607e-01
4.179166666666666430e+01,4.215308543307107469e-01
4.181250000000000000e+01,3.270273995375322929e-01
4.183333333333332860e+01,-2.914367105197667174e-01
4.185416666666666430e+01,-1.199904610838670449e-01
4.187500000000000000e+01,5.448345742497178179e-01
4.189583333333332860e+01,4.282940455943607949e-01
4.191666666666666430e+01,-1.822539192924630957e-01
4.193750000000000000e+01,-2.028382298662912142e-01
4.195833333333332860e+01,3.366349688568419651e-01
4.197916666666666430e+01,2.842371572885758479e-01
4.200000000000000000e+01,-2.481221248766380949e-01
4.202083333333332860e+01,-2.113016172508003221e-02
4.204166666666666430e+01,6.878021784170741393e-01
4.206250000000000000e+01,5.322173846601920832e-01
4.208333333333332860e+01,-2.182176113560559405e-01
4.210416666666666430e+01,-8.403462954460344525e-02
4.212500000000000000e+01,2.778003514972866572e-01
4.214583333333332860e+01,-1.388261977756521937e-01
4.216666666666666430e+01,-5.196569279421663357e-01
4.218750000000000000e+01,-1.551346347008628612e-01
4.220833333333332860e+01,2.565252992874886839e-01
4.222916666666666430e+01,-1.044145579484045960e-01
4.225000000000000000e+01,-6.159162797112449628e-01
4.227083333333332860e+01,-3.467952335732029656e-01
4.229166666666666430e+01,3.350822832410004781e-01
4.231250000000000000e+01,1.651535859652869531e-01
4.233333333333332860e+01,-5.423078845932607361e-01
4.235416666666666430e+01,-4.263291134326340215e-01
4.237500000000000000e+01,2.363082013060834596e-01
4.239583333333332860e+01,7.799725846180532995e-02
4.241666666666666430e+01,-4.483372600050418155e-01
4.243750000000000000e+01,-2.376286976927158290e-01
4.245833333333332860e+01,4.250394956864981255e-01
4.247916666666666430e+01,2.843501705053101958e-01
4.250000000000000000e+01,-3.545311013576732950e-01
4.252083333333332860e+01,-2.357833239795667224e-01
4.254166666666666430e+01,3.767180409926351170e-01
4.256250000000000000e+01,2.223993757232575197e-01
4.258333333333332860e+01,-4.076448041226568009e-01
4.260416666666666430e+01,-2.876498583432729461e-01
4.262500000000000000e+01,3.594301176658785124e-01
4.264583333333332860e+01,2.210984883886210617e-01
4.266666666666666430e+01,-2.728586609662790874e-01
4.268750000000000000e+01,-6.286499373706783134e-02
4.270833333333332860e+01,5.763075807037036924e-01
4.272916666666666430e+01,4.566634066183932195e-01
4.275000000000000000e+01,-1.606820079803015222e-01
4.277083333333332860e+01,-2.459850879194350193e-02
4.279166666666666430e+01,4.398268284286839247e-01
4.281250000000000000e+01,1.934664703990942591e-01
4.283333333333332860e+01,-4.296096127852819246e-01
4.285416666666666430e+01,-2.716873080367959714e-01
4.287500000000000000e+01,4.062034658877365922e-01
4.289583333333332860e+01,3.110631477037285597e-01
4.291666666666666430e+01,-2.981571886711010255e-01
4.293750000000000000e+01,-1.277957238478271418e-01
4.295833333333332860e+01,2.821405910083182311e-01
4.297916666666666430e+01,-2.131740983537133705e-03
4.300000000000000000e+01,-5.926492451419058671e-01
4.302083333333332860e+01,-4.059329908271975262e-01
4.304166666666666430e+01,2.926178788421758270e-01
4.306250000000000000e+01,1.996792170969204083e-01
4.308333333333332860e+01,-4.112740066059821231e-01
4.310416666666666430e+01,-2.453315319696039443e-01
4.312500000000000000e+01,4.270202514772719060e-01
4.314583333333332860e+01,3.238650245109540582e-01
4.316666666666666430e+01,-3.008622619983224444e-01
4.318750000000000000e+01,-1.379397010602957940e-01
4.320833333333332860e+01,3.893488089698945442e-01
4.322916666666666430e+01,1.827420021341240319e-01
4.325000000000000000e+01,-4.292252914377762685e-01
4.327083333333332860e+01,-2.587542634357883342e-01
4.329166666666666430e+01,4.297820072745748288e-01
4.331250000000000000e+01,3.331819131020680169e-01
4.333333333333332860e+01,-2.755698751894379850e-01
4.335416666666666430e+01,-1.430192928812273057e-01
4.337500000000000000e+01,1.807740629824535483e-01
4.339583333333332860e+01,-1.385711531400872776e-01
4.341666666666666430e+01,-3.544057284691667364e-01
4.343750000000000000e+01,8.017184143367037108e-02
4.345833333333332860e+01,-1.750831431410681746e-02
4.347916666666666430e+01,-4.132715132814429038e-01
4.350000000000000000e+01,-9.374493158242702684e-02
4.352083333333332860e+01,4.513771270303111316e-01
4.354166666666666430e+01,2.745727280111337487e-01
4.356250000000000000e+01,-3.539865471445793332e-01
4.358333333333332860e+01,-2.039176861184542888e-01
4.360416666666666430e+01,4.907287255605006782e-01
4.362500000000000000e+01,4.148561321572356020e-01
4.364583333333332860e+01,-2.021873046912333882e-01
4.366666666666666430e+01,-1.967109945755415312e-01
4.368750000000000000e+01,2.821857505051924009e-01
4.370833333333332860e+01,1.277236328856270475e-01
4.372916666666666430e+01,-4.878399226702734293e-01
4.375000000000000000e+01,-3.192625890134165867e-01
4.377083333333332860e+01,3.735026030160403243e-01
4.379166666666666430e+01,2.870089235892812618e-01
4.381250000000000000e+01,-3.277699670498104290e-01
4.383333333333332860e+01,-1.544369084639298784e-01
4.385416666666666430e+01,3.562969078669430134e-01
4.387500000000000000e+01,1.447038119585795646e-01
4.389583333333332860e+01,-4.690499693279577276e-01
4.391666666666666430e+01,-2.915002368604048821e-01
4.393750000000000000e+01,3.994538748684485774e-01
4.395833333333332860e+01,3.048600848022828824e-01
4.397916666666666430e+01,-3.084482677124208982e-01
4.400000000000000000e+01,-1.280338772737337483e-01
4.402083333333332860e+01,3.095155506777871879e-01
4.404166666666666430e+01,4.408719675072859251e-02
4.406250000000000000e+01,-5.684154814306068282e-01
4.408333333333332860e+01,-3.856584115519110512e-01
4.410416666666666430e+01,3.045264452923456266e-01
4.412500000000000000e+01,2.061672290478497316e-01
4.414583333333332860e+01,-4.063376428702825671e-01
4.416666666666666430e+01,-2.229766984711239186e-01
4.418750000000000000e+01,4.667445699666933345e-01
4.420833333333332860e+01,3.627890614691784421e-01
4.422916666666666430e+01,-2.531161879910367452e-01
4.425000000000000000e+01,-7.241175161536458904e-02
4.427083333333332860e+01,5.234930664310193382e-01
4.429166666666666430e+01,3.674776071528903509e-01
4.431250000000000000e+01,-2.472619670946786807e-01
4.433333333333332860e+01,-7.507325326144205502e-02
4.435416666666666430e+01,2.877523856118606727e-01
4.437500000000000000e+01,-1.494691654547730675e-02
4.439583333333332860e+01,-4.628729062507870307e-01
4.441666666666666430e+01,-1.971838023445762755e-01
4.443750000000000000e+01,4.917105834070090165e-01
4.445833333333332860e+01,4.145089438061698162e-01
4.447916666666666430e+01,-2.023750178588784032e-01
4.450000000000000000e+01,-2.857281361991237945e-01
4.452083333333332860e+01,2.441636788491267640e-01
4.454166666666666430e+01,1.637363357238213191e-01
4.456250000000000000e+01,-4.521482818693579042e-01
4.458333333333332860e+01,-2.849711743366678540e-01
4.460416666666666430e+01,4.080735562372356240e-01
4.462500000000000000e+01,3.234095971014767645e-01
4.464583333333332860e+01,-2.918360136767235158e-01
4.466666666666666430e+01,-2.453091634308043334e-01
4.468750000000000000e+01,1.997806461581697612e-01
4.470833333333332860e+01,1.832340796490014578e-03
4.472916666666666430e+01,-6.124875298172962612e-01
4.475000000000000000e+01,-4.375681320048252498e-01
4.477083333333332860e+01,2.542611645732000825e-01
4.479166666666666430e+01,1.629171960104492389e-01
4.481250000000000000e+01,-4.507677830370160899e-01
4.483333333333332860e+01,-2.732307140009969104e-01
4.485416666666666430e+01,4.176709920749862581e-01
4.487500000000000000e+01,3.232865978306396215e-01
4.489583333333332860e+01,-2.901248413966913131e-01
4.491666666666666430e+01,-1.103448389871246049e-01
4.493750000000000000e+01,5.798050385897117742e-01
4.495833333333332860e+01,4.827775969522034027e-01
4.497916666666666430e+01,-1.305212763329266779e-01
4.500000000000000000e+01,-1.536605707557487377e-01
4.502083333333332860e+01,2.964927301742246168e-01
4.504166666666666430e+01,1.233310596183371799e-01
4.506250000000000000e+01,-4.929964709956763391e-01
4.508333333333332860e+01,-3.117120322298195800e-01
4.510416666666666430e+01,3.791108981236182562e-01
4.512500000000000000e+01,2.861841948708339078e-01
4.514583333333332860e+01,-3.279048479338443900e-01
4.516666666666666430e+01,-1.543476793793902013e-01
4.518750000000000000e+01,4.575455847610250260e-01
4.520833333333332860e+01,3.187018397575523965e-01
4.522916666666666430e+01,-2.969554245173072760e-01
4.525000000000000000e+01,-1.314378109047096288e-01
4.527083333333332860e+01,2.351797476373054807e-01
4.529166666666666430e+01,-5.929544919215473664e-02
4.531250000000000000e+01,-5.045709638921456186e-01
4.533333333333332860e+01,-2.413786170494116312e-01
4.535416666666666430e+01,4.478929612331519206e-01
4.537500000000000000e+01,3.699720682126877436e-01
4.539583333333332860e+01,-2.461265684082165617e-01
4.541666666666666430e+01,-1.851161406603456239e-01
4.543750000000000000e+01,2.352771347485282383e-01
4.545833333333332860e+01,-7.914979163146651508e-04
4.547916666666666430e+01,-5.904138710853715777e-01
4.550000000000000000e+01,-3.918666235537743292e-01
4.552083333333332860e+01,2.997657856383467712e-01
4.554166666666666430e+01,2.096938377627601269e-01
4.556250000000000000e+01,-4.047317645266790276e-01
4.558333333333332860e+01,-2.336805114438928466e-01
4.560416666666666430e+01,4.584464711631908163e-01
4.562500000000000000e+01,3.739766182850671195e-01
4.564583333333332860e+01,-2.417914258224118373e-01
4.566666666666666430e+01,-8.551854378417823865e-02
4.568750000000000000e+01,4.790443285537822060e-01
4.570833333333332860e+01,3.122471689732314037e-01
4.572916666666666430e+01,-3.028583674452745012e-01
4.575000000000000000e+01,-1.281216908902184093e-01
4.577083333333332860e+01,3.912163050668556741e-01
4.579166666666666430e+01,1.796581080275985176e-01
4.581250000000000000e+01,-4.341018744379486760e-01
4.583333333333332860e+01,-2.501002514425975654e-01
4.585416666666666430e+01,4.392295441861759353e-01
4.587500000000000000e+01,3.261927853305317537e-01
4.589583333333332860e+01,-2.927135244596161812e-01
4.591666666666666430e+01,-1.242506890150891219e-01
4.593750000000000000e+01,1.544864765578013444e-01
4.595833333333332860e+01,-2.055910471223132419e-01
4.597916666666666430e+01,-2.563410089938450431e-01
4.600000000000000000e+01,2.594650051910669664e-01
4.602083333333332860e+01,1.491484666383324775e-01
4.604166666666666430e+01,-4.637865960928628795e-01
4.606250000000000000e+01,-2.973438411358537148e-01
4.608333333333332860e+01,3.956677320637120854e-01
4.610416666666666430e+01,3.035120608946910714e-01
4.612500000000000000e+01,-3.020870017293058041e-01
4.614583333333332860e+01,-1.337597561609122354e-01
4.616666666666666430e+01,2.392774783714141651e-01
4.618750000000000000e+01,-5.879540541844469059e-02
4.620833333333332860e+01,-4.476197496622670857e-01
4.622916666666666430e+01,-1.326736275800513565e-01
4.625000000000000000e+01,3.875763812762533234e-01
4.627083333333332860e+01,1.872134650288692082e-01
4.629166666666666430e+01,-4.694060981082088801e-01
4.631250000000000000e+01,-3.284674732040532841e-01
4.633333333333332860e+01,3.161779362547211258e-01
4.635416666666666430e+01,1.952841007735092727e-01
4.637500000000000000e+01,-4.613696771434987465e-01
4.639583333333332860e+01,-3.329403853193415586e-01
4.641666666666666430e+01,3.017486737491958948e-01
4.643750000000000000e+01,1.807632299658691599e-01
4.645833333333332860e+01,-2.855743934655559091e-01
4.647916666666666430e+01,-1.509879160171856416e-02
4.650000000000000000e+01,6.335618867536694232e-01
4.652083333333332860e+01,5.109528014022575171e-01
4.654166666666666430e+01,-1.522744995269093293e-01
4.656250000000000000e+01,-1.099484073015336016e-02
4.658333333333332860e+01,3.814894812330446583e-01
4.660416666666666430e+01,9.028742561194375016e-02
4.662500000000000000e+01,-4.905065580522480762e-01
4.664583333333332860e+01,-3.200806671034343576e-01
4.666666666666666430e+01,3.093898929106091433e-01
4.668750000000000000e+01,1.690511825756904341e-01
4.670833333333332860e+01,-5.049017595450813189e-01
4.672916666666666430e+01,-3.934965324669945641e-01
4.675000000000000000e+01,2.343689280725553270e-01
4.677083333333332860e+01,1.604071358544133519e-01
4.679166666666666430e+01,-2.134300954440079556e-01
4.681250000000000000e+01,5.079613124787157874e-02
4.683333333333332860e+01,4.947001962666175423e-01
4.685416666666666430e+01,2.096339868857962641e-01
4.687500000000000000e+01,-4.912165503535406708e-01
4.689583333333332860e+01,-3.969526569381629511e-01
4.691666666666666430e+01,2.180398640032990831e-01
4.693750000000000000e+01,2.817479707160296387e-01
4.695833333333332860e+01,-2.516308583663009468e-01
4.697916666666666430e+01,-1.554713793641508135e-01
4.700000000000000000e+01,4.520451705154840960e-01
4.702083333333332860e+01,2.836315747049169556e-01
4.704166666666666430e+01,-3.809664947637863563e-01
4.706250000000000000e+01,-2.748339393108374384e-01
4.708333333333332860e+01,3.610960582107975436e-01
4.710416666666666430e+01,2.084947386370197830e-01
4.712500000000000000e+01,-2.713760319946506572e-01
4.714583333333332860e+01,-4.066091883284235486e-02
4.716666666666666430e+01,6.218389555299972393e-01
4.718750000000000000e+01,4.790491270139222157e-01
4.720833333333332860e+01,-1.742631149844332539e-01
4.722916666666666430e+01,-5.158057892966905200e-02
4.725000000000000000e+01,3.131680640055358733e-01
4.727083333333332860e+01,-3.127573570487807153e-02
4.729166666666666430e+01,-4.532434689624211255e-01
4.731250000000000000e+01,-1.763208919635716188e-01
4.733333333333332860e+01,4.403095376260998117e-01
4.735416666666666430e+01,2.661590625989064818e-01
4.737500000000000000e+01,-3.811540603032617658e-01
4.739583333333332860e+01,-2.600894420506497662e-01
4.741666666666666430e+01,3.623509466966067238e-01
4.743750000000000000e+01,2.198955701633942272e-01
4.745833333333332860e+01,-4.074741676066794271e-01
4.747916666666666430e+01,-2.679137605620198759e-01
4.750000000000000000e+01,2.730396112585029011e-01
4.752083333333332860e+01,8.068267396218439802e-02
4.754166666666666430e+01,-5.401310174412814469e-01
4.756250000000000000e+01,-3.697241767872869178e-01
4.758333333333332860e+01,3.200536372495640935e-01
4.760416666666666430e+01,2.253241339169573809e-01
4.762500000000000000e+01,-3.809119683221631192e-01
4.764583333333332860e+01,-2.120759966350561632e-01
4.766666666666666430e+01,3.083311065297641984e-01
4.768750000000000000e+01,1.064489903583447084e-01
4.770833333333332860e+01,-5.316552211946798945e-01
4.772916666666666430e+01,-3.800349826490428962e-01
4.775000000000000000e+01,2.639106550437274046e-01
4.777083333333332860e+01,1.426511359339247553e-01
4.779166666666666430e+01,-5.186127275979640627e-01
4.781250000000000000e+01,-3.764479923958246044e-01
4.783333333333332860e+01,2.735682477804610158e-01
4.785416666666666430e+01,1.515235211312037089e-01
4.787500000000000000e+01,-2.595880804625136928e-01
4.789583333333332860e+01,4.977961563372657050e-02
4.791666666666666430e+01,5.965302746263889677e-01
4.793750000000000000e+01,4.081692222738847464e-01
4.795833333333332860e+01,-2.470058222629276101e-01
4.797916666666666430e+01,-1.273833352513255024e-01
4.800000000000000000e+01,5.010497949279343333e-01
4.802083333333332860e+01,3.545551278247818794e-01
4.804166666666666430e+01,-3.229673095309288922e-01
4.806250000000000000e+01,-2.301868021630362748e-01
4.808333333333332860e+01,3.942680561110282200e-01
4.810416666666666430e+01,2.286513291748665522e-01
4.812500000000000000e+01,-4.678764837536856791e-01
4.814583333333332860e+01,-3.718866415134395309e-01
4.816666666666666430e+01,2.398514583656550514e-01
4.818750000000000000e+01,7.764301503564149942e-02
4.820833333333332860e+01,-2.904843991884948351e-01
4.822916666666666430e+01,1.322470852173351918e-02
4.825000000000000000e+01,4.274687494305715041e-01
4.827083333333332860e+01,1.255486721261774852e-01
4.829166666666666430e+01,-4.600054479424646736e-01
4.831250000000000000e+01,-2.907415768610257523e-01
4.833333333333332860e+01,3.237190855051365057e-01
4.835416666666666430e+01,1.529889602177775254e-01
4.837500000000000000e+01,-3.616359234787416832e-01
4.839583333333332860e+01,-1.479251408476228713e-01
4.841666666666666430e+01,4.602467461176458774e-01
4.843750000000000000e+01,2.992045088337100256e-01
4.845833333333332860e+01,-3.733383261894833716e-01
4.847916666666666430e+01,-2.748666569733853038e-01
4.850000000000000000e+01,3.333506492275317701e-01
4.852083333333332860e+01,1.629866226084296377e-01
4.854166666666666430e+01,-3.423550300648870448e-01
4.856250000000000000e+01,-1.202694540216035918e-01
4.858333333333332860e+01,4.965580471213382197e-01
4.860416666666666430e+01,3.245268199332643211e-01
4.862500000000000000e+01,-3.759187953695825035e-01
4.864583333333332860e+01,-2.799365906605600363e-01
4.866666666666666430e+01,3.376118230854493474e-01
4.868750000000000000e+01,1.664369729330268943e-01
4.870833333333332860e+01,-4.279652302972347666e-01
4.872916666666666430e+01,-2.653066513411225236e-01
4.875000000000000000e+01,3.437719847356223712e-01
4.877083333333332860e+01,1.826170530423956717e-01
4.879166666666666430e+01,-3.445151542187410709e-01
4.881250000000000000e+01,-1.498341440761227772e-01
4.883333333333332860e+01,4.596458653472558220e-01
4.885416666666666430e+01,2.909962327890935341e-01
4.887500000000000000e+01,-4.051277835585097575e-01
4.889583333333332860e+01,-3.121052488262925362e-01
4.891666666666666430e+01,3.006173859097266421e-01
4.893750000000000000e+01,1.302177317400109724e-01
4.895833333333332860e+01,-2.633099334924424717e-01
4.897916666666666430e+01,3.069970727136869804e-02
4.900000000000000000e+01,4.898239929926156977e-01
4.902083333333332860e+01,2.207948496650999903e-01
4.904166666666666430e+01,-4.502208240497121983e-01
4.906250000000000000e+01,-3.467792846031143572e-01
4.908333333333332860e+01,2.702163394772542082e-01
4.910416666666666430e+01,1.054448573084968560e-01
4.912500000000000000e+01,-2.857877348650821880e-01
4.914583333333332860e+01,9.085734669111361628e-03
4.916666666666666430e+01,4.718145681507625588e-01
4.918750000000000000e+01,2.052999926697005040e-01
4.920833333333332860e+01,-4.657028638720362990e-01
4.922916666666666430e+01,-3.617420486037942196e-01
4.925000000000000000e+01,2.598821749528805181e-01
4.927083333333332860e+01,9.697052458569771494e-02
4.929166666666666430e+01,-2.794182110266104080e-01
4.931250000000000000e+01,2.582511406105071627e-02
4.933333333333332860e+01,4.381569765001995798e-01
4.935416666666666430e+01,1.368006768054478295e-01
4.937500000000000000e+01,-4.474195734591768225e-01
4.939583333333332860e+01,-2.832381548375572655e-01
4.941666666666666430e+01,3.256610271622748520e-01
4.943750000000000000e+01,1.558173923476722789e-01
4.945833333333332860e+01,-3.955985580230851895e-01
4.947916666666666430e+01,-2.081120980872832871e-01
4.950000000000000000e+01,4.001760120264753473e-01
4.952083333333332860e+01,2.316922377224679974e-01
4.954166666666666430e+01,-4.368272465625794299e-01
4.956250000000000000e+01,-3.311919036650572412e-01
4.958333333333332860e+01,3.049634679864107745e-01
