0.000000000000000000e+00,-2.239173569137896109e-04
2.083333333333333218e-02,-2.687045717099212361e-03
4.166666666666666435e-02,-9.785480758290568404e-03
6.250000000000000000e-02,-2.022829063413223577e-02
8.333333333333332871e-02,-3.154933630358140728e-02
1.041666666666666574e-01,-4.430509628020120466e-02
1.250000000000000000e-01,-5.883639727232302385e-02
1.458333333333333148e-01,-7.327820773012022615e-02
1.666666666666666574e-01,-8.685572581632802769e-02
1.875000000000000000e-01,-1.010674087365228124e-01
2.083333333333333148e-01,-1.148224297181006937e-01
2.291666666666666574e-01,-1.258107045340486063e-01
2.500000000000000000e-01,-1.353319444052747400e-01
2.708333333333333148e-01,-1.455799178988185505e-01
2.916666666666666297e-01,-1.553093131682093953e-01
3.125000000000000000e-01,-1.621161183708035025e-01
3.333333333333333148e-01,-1.670408881584734273e-01
3.541666666666666297e-01,-1.723597958187343404e-01
3.750000000000000000e-01,-1.767477161654977813e-01
3.958333333333333148e-01,-1.782505999756801018e-01
4.166666666666666297e-01,-1.781451363429742141e-01
4.375000000000000000e-01,-1.787297227201341543e-01
4.583333333333333148e-01,-1.788582256898338940e-01
4.791666666666666297e-01,-1.768537427156950392e-01
5.000000000000000000e-01,-1.742200840420531360e-01
5.208333333333332593e-01,-1.732514333499980408e-01
5.416666666666666297e-01,-1.728151117070327869e-01
5.625000000000000000e-01,-1.705597592359896497e-01
5.833333333333332593e-01,-1.677695948787238933e-01
6.041666666666666297e-01,-1.668226528191121272e-01
6.250000000000000000e-01,-1.666525093353495302e-01
6.458333333333332593e-01,-1.649982104122580118e-01
6.666666666666666297e-01,-1.631320348447980739e-01
6.875000000000000000e-01,-1.635521823072280945e-01
7.083333333333332593e-01,-1.651426626238291229e-01
7.291666666666666297e-01,-1.656403496079523474e-01
7.500000000000000000e-01,-1.661231353150625090e-01
7.708333333333332593e-01,-1.680776662010672606e-01
7.916666666666666297e-01,-1.698405651608287936e-01
8.125000000000000000e-01,-1.690622370291426368e-01
8.333333333333332593e-01,-1.668424292779757401e-01
8.541666666666666297e-01,-1.654728643521318487e-01
8.750000000000000000e-01,-1.640495193160202148e-01
8.958333333333332593e-01,-1.616004661778648321e-01
9.166666666666666297e-01,-1.596537361681039102e-01
9.375000000000000000e-01,-1.591428282723399701e-01
9.583333333333332593e-01,-1.584725381622435758e-01
9.791666666666666297e-01,-1.570487083467577427e-01
1.000000000000000000e+00,-1.564518900325301554e-01
1.020833333333333259e+00,-1.561255264445550461e-01
1.041666666666666519e+00,-1.546841643411293876e-01
1.062500000000000000e+00,-1.535536493481266807e-01
1.083333333333333259e+00,-1.550629379327746193e-01
1.104166666666666519e+00,-1.580319389149084652e-01
1.125000000000000000e+00,-1.601790652874258147e-01
1.145833333333333259e+00,-1.621599010742819369e-01
1.166666666666666519e+00,-1.653021143431937234e-01
1.187500000000000000e+00,-1.681712337286599968e-01
1.208333333333333259e+00,-1.686061641328960581e-01
1.229166666666666519e+00,-1.679329195690441312e-01
1.250000000000000000e+00,-1.685090892790641892e-01
1.270833333333333259e+00,-1.692390103295434989e-01
1.291666666666666519e+00,-1.678852865800051775e-01
1.312500000000000000e+00,-1.657461128914392567e-01
1.333333333333333259e+00,-1.651700800446530559e-01
1.354166666666666519e+00,-1.650049931337390641e-01
1.375000000000000000e+00,-1.629620178555780674e-01
1.395833333333333259e+00,-1.602458351311760731e-01
1.416666666666666519e+00,-1.593112595403504972e-01
1.437500000000000000e+00,-1.589728831854882729e-01
1.458333333333333259e+00,-1.569329189960909088e-01
1.479166666666666519e+00,-1.543937329443598738e-01
1.500000000000000000e+00,-1.537192449561036733e-01
1.520833333333333259e+00,-1.536866047514542089e-01
1.541666666666666519e+00,-1.518961251451093619e-01
1.562500000000000000e+00,-1.494250432232098746e-01
1.583333333333333259e+00,-1.485073043197654707e-01
1.604166666666666519e+00,-1.479373708617760796e-01
1.625000000000000000e+00,-1.458968403755291909e-01
1.645833333333333259e+00,-1.437590620328817459e-01
1.666666666666666519e+00,-1.437743361599433667e-01
1.687500000000000000e+00,-1.447027679501004527e-01
1.708333333333333259e+00,-1.440754760410878910e-01
1.729166666666666519e+00,-1.430520668536264806e-01
1.750000000000000000e+00,-1.439288647100397389e-01
1.770833333333333259e+00,-1.454680293121223822e-01
1.791666666666666519e+00,-1.452716922346124206e-01
1.812500000000000000e+00,-1.445096507396007868e-01
1.833333333333333259e+00,-1.455264887269622220e-01
1.854166666666666519e+00,-1.469645239696787953e-01
1.875000000000000000e+00,-1.464668592467546770e-01
1.895833333333333259e+00,-1.452425013362191319e-01
1.916666666666666519e+00,-1.457437623026048845e-01
1.937500000000000000e+00,-1.467383978853902260e-01
1.958333333333333259e+00,-1.459334884894734896e-01
1.979166666666666519e+00,-1.446169986526163187e-01
2.000000000000000000e+00,-1.452794571412963087e-01
2.020833333333333037e+00,-1.467718023477113110e-01
2.041666666666666519e+00,-1.468332182393838892e-01
2.062500000000000000e+00,-1.468611432766893932e-01
2.083333333333333037e+00,-1.493195554537118941e-01
2.104166666666666519e+00,-1.530524332863674453e-01
2.125000000000000000e+00,-1.557679249502523511e-01
2.145833333333333037e+00,-1.585435449581219791e-01
2.166666666666666519e+00,-1.621994513250276104e-01
2.187500000000000000e+00,-1.650927465941349481e-01
2.208333333333333037e+00,-1.667033358438674007e-01
2.229166666666666519e+00,-1.686964287717066246e-01
2.250000000000000000e+00,-1.701187071224965208e-01
2.270833333333333037e+00,-1.700358889997161393e-01
2.291666666666666519e+00,-1.699756883822721165e-01
2.312500000000000000e+00,-1.709454647002709715e-01
2.333333333333333037e+00,-1.713467237639498264e-01
2.354166666666666519e+00,-1.703926268243633746e-01
2.375000000000000000e+00,-1.697039004169224041e-01
2.395833333333333037e+00,-1.697636032008883467e-01
2.416666666666666519e+00,-1.690128565785939119e-01
2.437500000000000000e+00,-1.683720596601568087e-01
2.458333333333333037e+00,-1.692451197375479666e-01
2.479166666666666519e+00,-1.700307700165939462e-01
2.500000000000000000e+00,-1.685155966261166760e-01
2.520833333333333037e+00,-1.659027616843147812e-01
2.541666666666666519e+00,-1.645362343229535840e-01
2.562500000000000000e+00,-1.632940497229148358e-01
2.583333333333333037e+00,-1.604605614665358393e-01
2.604166666666666519e+00,-1.575056522763395861e-01
2.625000000000000000e+00,-1.568389071922371980e-01
2.645833333333333037e+00,-1.573991762392119020e-01
2.666666666666666519e+00,-1.569869869200390677e-01
2.687500000000000000e+00,-1.568545013877548633e-01
2.708333333333333037e+00,-1.588402981072275510e-01
2.729166666666666519e+00,-1.616030589132358974e-01
2.750000000000000000e+00,-1.628745025275185887e-01
2.770833333333333037e+00,-1.639047747933988497e-01
2.791666666666666519e+00,-1.669049632688307527e-01
2.812500000000000000e+00,-1.706945022781215793e-01
2.833333333333333037e+00,-1.728820556261580488e-01
2.854166666666666519e+00,-1.746379764007797708e-01
2.875000000000000000e+00,-1.779200039435158698e-01
2.895833333333333037e+00,-1.814071944387690705e-01
2.916666666666666519e+00,-1.827303566988537908e-01
2.937500000000000000e+00,-1.829910569358165484e-01
2.958333333333333037e+00,-1.844145643799524614e-01
2.979166666666666519e+00,-1.856783134928554346e-01
3.000000000000000000e+00,-1.844257774522313209e-01
3.020833333333333037e+00,-1.817551652373013693e-01
3.041666666666666519e+00,-1.798856369584113102e-01
3.062500000000000000e+00,-1.777042519015447630e-01
3.083333333333333037e+00,-1.742720686518101358e-01
3.104166666666666519e+00,-1.712227714928543088e-01
3.125000000000000000e+00,-1.700535260150698447e-01
3.145833333333333037e+00,-1.691965525933098735e-01
3.166666666666666519e+00,-1.664722527191076773e-01
3.187500000000000000e+00,-1.631080233657799250e-01
3.208333333333333037e+00,-1.615096168684173605e-01
3.229166666666666519e+00,-1.605811044242326235e-01
3.250000000000000000e+00,-1.581552297137407415e-01
3.270833333333333037e+00,-1.555819526477525139e-01
3.291666666666666519e+00,-1.552040696980632462e-01
3.312500000000000000e+00,-1.559425395515643686e-01
3.333333333333333037e+00,-1.555688066733049990e-01
3.354166666666666519e+00,-1.553700191327277991e-01
3.375000000000000000e+00,-1.575783941476230354e-01
3.395833333333333037e+00,-1.610214052998840406e-01
3.416666666666666519e+00,-1.633265872683989928e-01
3.437500000000000000e+00,-1.655379481796539209e-01
3.458333333333333037e+00,-1.686628811344040302e-01
3.479166666666666519e+00,-1.710922371237595940e-01
3.500000000000000000e+00,-1.715796995832458149e-01
3.520833333333333037e+00,-1.716873710395599717e-01
3.541666666666666519e+00,-1.735956671110902294e-01
3.562500000000000000e+00,-1.759693447257044963e-01
3.583333333333333037e+00,-1.764932505507796623e-01
3.604166666666666519e+00,-1.762524401269616736e-01
3.625000000000000000e+00,-1.775087974356942266e-01
3.645833333333333037e+00,-1.790087716585906374e-01
3.666666666666666519e+00,-1.784407744826775333e-01
3.687500000000000000e+00,-1.769871672222755876e-01
3.708333333333333037e+00,-1.769694843053834232e-01
3.729166666666666519e+00,-1.772335554244615641e-01
3.750000000000000000e+00,-1.754797490435150709e-01
3.770833333333333037e+00,-1.730058254509934390e-01
3.791666666666666519e+00,-1.721716052687855270e-01
3.812500000000000000e+00,-1.718639366613975428e-01
3.833333333333333037e+00,-1.697401606259978935e-01
3.854166666666666519e+00,-1.670831451851787774e-01
3.875000000000000000e+00,-1.663396237943620959e-01
3.895833333333333037e+00,-1.664631110347931930e-01
3.916666666666666519e+00,-1.652354013996565896e-01
3.937500000000000000e+00,-1.638982378626115677e-01
3.958333333333333037e+00,-1.649366665271022325e-01
3.979166666666666519e+00,-1.672476832499298349e-01
4.000000000000000000e+00,-1.685248270061613929e-01
4.020833333333333037e+00,-1.695916685665798673e-01
4.041666666666666075e+00,-1.717292959843519096e-01
4.062500000000000000e+00,-1.733351835416103437e-01
4.083333333333333037e+00,-1.728608948500549025e-01
4.104166666666666075e+00,-1.717399679489669262e-01
4.125000000000000000e+00,-1.722718695935982203e-01
4.145833333333333037e+00,-1.731780176811776040e-01
4.166666666666666075e+00,-1.719761961563726071e-01
4.187500000000000000e+00,-1.697157955119149020e-01
4.208333333333333037e+00,-1.686348509095174919e-01
4.229166666666666075e+00,-1.675522083207411916e-01
4.250000000000000000e+00,-1.646655027385447445e-01
4.270833333333333037e+00,-1.613883501100711881e-01
4.291666666666666075e+00,-1.600129318211225282e-01
4.312500000000000000e+00,-1.594165024387000640e-01
4.333333333333333037e+00,-1.572609244143979290e-01
4.354166666666666075e+00,-1.547978937617913997e-01
4.375000000000000000e+00,-1.544074182577634957e-01
4.395833333333333037e+00,-1.550261765509452772e-01
4.416666666666666075e+00,-1.543796558283588582e-01
4.437500000000000000e+00,-1.537513753444738063e-01
4.458333333333333037e+00,-1.556481987012936219e-01
4.479166666666666075e+00,-1.590028409925410280e-01
4.500000000000000000e+00,-1.614709547411164459e-01
4.520833333333333037e+00,-1.636389050885992125e-01
4.541666666666666075e+00,-1.670617085050337125e-01
4.562500000000000000e+00,-1.703297453890287028e-01
4.583333333333333037e+00,-1.711277854099083895e-01
4.604166666666666075e+00,-1.705640229398473762e-01
4.625000000000000000e+00,-1.710005420540512966e-01
4.645833333333333037e+00,-1.712238519798847114e-01
4.666666666666666075e+00,-1.691692072331045515e-01
4.687500000000000000e+00,-1.660654384125622718e-01
4.708333333333333037e+00,-1.641570391086387970e-01
4.729166666666666075e+00,-1.622949125049903962e-01
4.750000000000000000e+00,-1.590783324668229026e-01
4.770833333333333037e+00,-1.560767305285593320e-01
4.791666666666666075e+00,-1.555643915681644007e-01
4.812500000000000000e+00,-1.562940164326648562e-01
4.833333333333333037e+00,-1.557845455329144591e-01
4.854166666666666075e+00,-1.551589684208572462e-01
4.875000000000000000e+00,-1.566947907680919794e-01
4.895833333333333037e+00,-1.592566516678002586e-01
4.916666666666666075e+00,-1.604794997177917959e-01
4.937500000000000000e+00,-1.615674567107937554e-01
4.958333333333333037e+00,-1.646833276248800826e-01
4.979166666666666075e+00,-1.686189214918687174e-01
5.000000000000000000e+00,-1.711067069391510875e-01
5.020833333333333037e+00,-1.732740657209541069e-01
5.041666666666666075e+00,-1.765301677212310905e-01
5.062500000000000000e+00,-1.793497511760410723e-01
5.083333333333333037e+00,-1.794934508424702035e-01
5.104166666666666075e+00,-1.782273524328003012e-01
5.125000000000000000e+00,-1.780401033009645917e-01
5.145833333333333037e+00,-1.778201626944067026e-01
5.166666666666666075e+00,-1.753122498408575813e-01
5.187500000000000000e+00,-1.716815002181630023e-01
5.208333333333333037e+00,-1.693393067089986048e-01
5.229166666666666075e+00,-1.671467284969379019e-01
5.250000000000000000e+00,-1.633828281031628749e-01
5.270833333333333037e+00,-1.594516758640283915e-01
5.291666666666666075e+00,-1.576234963090028529e-01
5.312500000000000000e+00,-1.566550132815153762e-01
5.333333333333333037e+00,-1.540738735261820147e-01
5.354166666666666075e+00,-1.509437795609098187e-01
5.375000000000000000e+00,-1.495092385035828308e-01
5.395833333333333037e+00,-1.485410865318035345e-01
5.416666666666666075e+00,-1.459086908468175126e-01
5.437500000000000000e+00,-1.428785970989521203e-01
5.458333333333333037e+00,-1.417471462230270041e-01
5.479166666666666075e+00,-1.413728305707628585e-01
5.500000000000000000e+00,-1.393583963485971466e-01
5.520833333333333037e+00,-1.369539701939978260e-01
5.541666666666666075e+00,-1.365239240563794476e-01
5.562500000000000000e+00,-1.369918679614642587e-01
5.583333333333333037e+00,-1.360453177353995735e-01
5.604166666666666075e+00,-1.349652801133484348e-01
5.625000000000000000e+00,-1.362270183362656040e-01
5.645833333333333037e+00,-1.387751416685126804e-01
5.666666666666666075e+00,-1.403666279081737800e-01
5.687500000000000000e+00,-1.422321150659472400e-01
5.708333333333333037e+00,-1.465476119140560751e-01
5.729166666666666075e+00,-1.520988325894166437e-01
5.750000000000000000e+00,-1.565591032380090897e-01
5.770833333333333037e+00,-1.607155053147896195e-01
5.791666666666666075e+00,-1.657354783146837429e-01
5.812500000000000000e+00,-1.699612679339112808e-01
5.833333333333333037e+00,-1.720424271445159525e-01
5.854166666666666075e+00,-1.734615715965319993e-01
5.875000000000000000e+00,-1.765332126111589517e-01
5.895833333333333037e+00,-1.799774542767737240e-01
5.916666666666666075e+00,-1.813086134412703887e-01
5.937500000000000000e+00,-1.816075151462823167e-01
5.958333333333333037e+00,-1.831056860071444137e-01
5.979166666666666075e+00,-1.845681335252746524e-01
6.000000000000000000e+00,-1.835383072103702606e-01
6.020833333333333037e+00,-1.811763293673549213e-01
6.041666666666666075e+00,-1.797763298715965574e-01
6.062500000000000000e+00,-1.782211871520427704e-01
6.083333333333333037e+00,-1.747843416127403127e-01
6.104166666666666075e+00,-1.709973887725916020e-01
6.125000000000000000e+00,-1.692250974802969044e-01
6.145833333333333037e+00,-1.684130786002904223e-01
6.166666666666666075e+00,-1.662839310970678774e-01
6.187500000000000000e+00,-1.641248957994982105e-01
6.208333333333333037e+00,-1.644446297493584730e-01
6.229166666666666075e+00,-1.661329165344322123e-01
6.250000000000000000e+00,-1.669145673507098915e-01
6.270833333333333037e+00,-1.677847033055216430e-01
6.291666666666666075e+00,-1.697243877413481816e-01
6.312500000000000000e+00,-1.711193388544451077e-01
6.333333333333333037e+00,-1.710631923912991348e-01
6.354166666666666075e+00,-1.710954994542610297e-01
6.375000000000000000e+00,-1.721352615594381186e-01
6.395833333333333037e+00,-1.725455954402358438e-01
6.416666666666666075e+00,-1.719736427341100604e-01
6.437500000000000000e+00,-1.719562183017507018e-01
6.458333333333333037e+00,-1.715697559512562032e-01
6.479166666666666075e+00,-1.699801242620509745e-01
6.500000000000000000e+00,-1.687278764952551136e-01
6.520833333333333037e+00,-1.686345851325801448e-01
6.541666666666666075e+00,-1.680609912634489500e-01
6.562500000000000000e+00,-1.667949328348663773e-01
6.583333333333333037e+00,-1.664303446377678464e-01
6.604166666666666075e+00,-1.658719453851961179e-01
6.625000000000000000e+00,-1.640220395856228919e-01
6.645833333333333037e+00,-1.626631842940726436e-01
6.666666666666666075e+00,-1.631050040953366531e-01
6.687500000000000000e+00,-1.637195877541791633e-01
6.708333333333333037e+00,-1.622668052898125213e-01
6.729166666666666075e+00,-1.601509184745756875e-01
6.750000000000000000e+00,-1.597945910918357748e-01
6.770833333333333037e+00,-1.600282446914370327e-01
6.791666666666666075e+00,-1.586838820908715308e-01
6.812500000000000000e+00,-1.571233273812778775e-01
6.833333333333333037e+00,-1.577707346142231126e-01
6.854166666666666075e+00,-1.594055434020753281e-01
6.875000000000000000e+00,-1.598118943146105142e-01
6.895833333333333037e+00,-1.602682966180845603e-01
6.916666666666666075e+00,-1.631038963939369923e-01
6.937500000000000000e+00,-1.670036807551859570e-01
6.958333333333333037e+00,-1.696917448611532930e-01
6.979166666666666075e+00,-1.721268283103820351e-01
7.000000000000000000e+00,-1.754394925588876053e-01
7.020833333333333037e+00,-1.778585033607293919e-01
7.041666666666666075e+00,-1.781321823486386180e-01
7.062500000000000000e+00,-1.779308663358246667e-01
7.083333333333333037e+00,-1.794211308484693623e-01
7.104166666666666075e+00,-1.812455571712843216e-01
7.125000000000000000e+00,-1.809748870319426162e-01
7.145833333333333037e+00,-1.798453011192646112e-01
7.166666666666666075e+00,-1.800703688108891976e-01
7.187500000000000000e+00,-1.803844407792174476e-01
7.208333333333333037e+00,-1.784357865851440572e-01
7.229166666666666075e+00,-1.754417841215668850e-01
7.250000000000000000e+00,-1.736469012549966273e-01
7.270833333333333037e+00,-1.718522636141056326e-01
7.291666666666666075e+00,-1.681104783033250949e-01
7.312500000000000000e+00,-1.637157396886669281e-01
7.333333333333333037e+00,-1.609584652364534629e-01
7.354166666666666075e+00,-1.586143223225941479e-01
7.375000000000000000e+00,-1.545893827424474898e-01
7.395833333333333037e+00,-1.501277290072845216e-01
7.416666666666666075e+00,-1.475921184902451722e-01
7.437500000000000000e+00,-1.458195834274269853e-01
7.458333333333333037e+00,-1.426581855496170947e-01
7.479166666666666075e+00,-1.394239900546346000e-01
7.500000000000000000e+00,-1.384862414765311023e-01
7.520833333333333037e+00,-1.387820558602318732e-01
7.541666666666666075e+00,-1.381161391181930098e-01
7.562500000000000000e+00,-1.377960044247691640e-01
7.583333333333333037e+00,-1.401347139180901813e-01
7.604166666666666075e+00,-1.440131261849002253e-01
7.625000000000000000e+00,-1.471206611804364295e-01
7.645833333333333037e+00,-1.504994079306775367e-01
7.666666666666666075e+00,-1.549127579254269971e-01
7.687500000000000000e+00,-1.589186211504461099e-01
7.708333333333333037e+00,-1.589025051988597337e-01
7.729166666666666075e+00,-1.519602258860639765e-01
7.750000000000000000e+00,-1.355967247375851892e-01
7.770833333333333037e+00,-1.112123267987327052e-01
7.791666666666666075e+00,-8.172141218772183135e-02
7.812500000000000000e+00,-5.008833159373453359e-02
7.833333333333333037e+00,-1.830928586899259469e-02
7.854166666666666075e+00,1.429981100337868183e-02
7.875000000000000000e+00,4.664282125166083204e-02
7.895833333333333037e+00,7.660816481363759423e-02
7.916666666666666075e+00,1.051395938641576100e-01
7.937500000000000000e+00,1.340893783534249095e-01
7.958333333333333037e+00,1.615422434512708838e-01
7.979166666666666075e+00,1.854339203892811094e-01
8.000000000000000000e+00,2.066178011316627539e-01
8.020833333333332149e+00,2.264353918665444054e-01
8.041666666666666075e+00,2.431359116171979418e-01
8.062500000000000000e+00,2.543979867735401412e-01
8.083333333333332149e+00,2.616154791641454591e-01
8.104166666666666075e+00,2.670694057245169839e-01
8.125000000000000000e+00,2.707357638667514110e-01
8.145833333333332149e+00,2.707654014282153132e-01
8.166666666666666075e+00,2.685568461993985134e-01
8.187500000000000000e+00,2.664127854515743743e-01
8.208333333333332149e+00,2.631812539770369552e-01
8.229166666666666075e+00,2.569975103347282297e-01
8.250000000000000000e+00,2.495161685366561188e-01
8.270833333333332149e+00,2.430796166206096454e-01
8.291666666666666075e+00,2.365769560942875271e-01
8.312500000000000000e+00,2.284215963122792070e-01
8.333333333333332149e+00,2.201485112833783675e-01
8.354166666666666075e+00,2.142090089146470588e-01
8.375000000000000000e+00,2.092742809979188656e-01
8.395833333333332149e+00,2.031758764810269458e-01
8.416666666666666075e+00,1.971916404720506222e-01
8.437500000000000000e+00,1.935876724835427221e-01
8.458333333333332149e+00,1.910808146431600130e-01
8.479166666666666075e+00,1.873685420127674250e-01
8.500000000000000000e+00,1.836926373530029799e-01
8.520833333333332149e+00,1.822490989837776965e-01
8.541666666666666075e+00,1.816119631088903286e-01
8.562500000000000000e+00,1.793508515782157031e-01
8.583333333333332149e+00,1.766667037075104474e-01
8.604166666666666075e+00,1.757384875566108118e-01
8.625000000000000000e+00,1.752610461727092395e-01
8.645833333333332149e+00,1.735565401384386308e-01
8.666666666666666075e+00,1.722166044918737038e-01
8.687500000000000000e+00,1.734602917440433989e-01
8.708333333333332149e+00,1.760181465168067227e-01
8.729166666666666075e+00,1.776209780629214308e-01
8.750000000000000000e+00,1.795433601873727136e-01
8.770833333333332149e+00,1.838254123724250844e-01
8.791666666666666075e+00,1.891063037052769236e-01
8.812500000000000000e+00,1.932230803866215318e-01
8.833333333333332149e+00,1.973682107924111806e-01
8.854166666666666075e+00,2.021344285108790384e-01
8.875000000000000000e+00,2.058095117200955393e-01
8.895833333333332149e+00,2.084225882383027584e-01
8.916666666666666075e+00,2.118927720348977861e-01
8.937500000000000000e+00,2.150264775483963220e-01
8.958333333333332149e+00,2.154226806820484785e-01
8.979166666666666075e+00,2.143991660299090773e-01
9.000000000000000000e+00,2.143125962754185709e-01
9.020833333333332149e+00,2.139365105103258058e-01
9.041666666666666075e+00,2.112661648705218553e-01
9.062500000000000000e+00,2.077158610818879148e-01
9.083333333333332149e+00,2.056069603461848083e-01
9.104166666666666075e+00,2.035984442210153622e-01
9.125000000000000000e+00,1.996901744987775451e-01
9.145833333333332149e+00,1.952802097447619289e-01
9.166666666666666075e+00,1.926607661611618172e-01
9.187500000000000000e+00,1.905052402736551465e-01
9.208333333333332149e+00,1.866556000371493718e-01
9.229166666666666075e+00,1.824511801793521903e-01
9.250000000000000000e+00,1.802561081807949328e-01
9.270833333333332149e+00,1.787723405592934467e-01
9.291666666666666075e+00,1.758892095509446418e-01
9.312500000000000000e+00,1.729741664983411031e-01
9.333333333333332149e+00,1.725591950732997815e-01
9.354166666666666075e+00,1.735707951072321398e-01
9.375000000000000000e+00,1.732456400352788972e-01
9.395833333333332149e+00,1.731404972619340066e-01
9.416666666666666075e+00,1.756285129499254583e-01
9.437500000000000000e+00,1.793276231342318394e-01
9.458333333333332149e+00,1.819003925997210447e-01
9.479166666666666075e+00,1.847584872498655162e-01
9.500000000000000000e+00,1.903271928601666385e-01
9.520833333333332149e+00,1.973433740242848955e-01
9.541666666666666075e+00,2.034349219028794842e-01
9.562500000000000000e+00,2.086774497381272131e-01
9.583333333333332149e+00,2.149054687370612615e-01
9.604166666666666075e+00,2.209162270716139853e-01
9.625000000000000000e+00,2.244485304515577428e-01
9.645833333333332149e+00,2.267523805105381707e-01
9.666666666666666075e+00,2.301573906939543002e-01
9.687500000000000000e+00,2.335982052018009403e-01
9.708333333333332149e+00,2.349591452179417284e-01
9.729166666666666075e+00,2.355478033759618450e-01
9.750000000000000000e+00,2.377336204232974592e-01
9.770833333333332149e+00,2.404315394291349495e-01
9.791666666666666075e+00,2.414100205621334816e-01
9.812500000000000000e+00,2.418254083218565609e-01
9.833333333333332149e+00,2.433591163719622252e-01
9.854166666666666075e+00,2.445701453553354998e-01
9.875000000000000000e+00,2.431828095100692366e-01
9.895833333333332149e+00,2.404134677777073348e-01
9.916666666666666075e+00,2.387890162115482440e-01
9.937500000000000000e+00,2.372292235739151267e-01
9.958333333333332149e+00,2.334651582220440558e-01
9.979166666666666075e+00,2.286196710684251232e-01
1.000000000000000000e+01,2.251313707125959795e-01
1.002083333333333215e+01,2.218845034014125805e-01
1.004166666666666607e+01,2.169455708311809894e-01
1.006250000000000000e+01,2.116175843924395505e-01
1.008333333333333215e+01,2.082019826963204256e-01
1.010416666666666607e+01,2.054924821811889291e-01
1.012500000000000000e+01,2.009952291504488731e-01
1.014583333333333215e+01,1.957293075124618142e-01
1.016666666666666607e+01,1.937260718065899612e-01
1.018750000000000000e+01,1.928489644286664473e-01
1.020833333333333215e+01,1.926295026608038086e-01
1.022916666666666607e+01,1.915292781052567450e-01
1.025000000000000000e+01,1.906696092568326562e-01
1.027083333333333215e+01,1.923356183187021340e-01
1.029166666666666607e+01,1.954782152804836193e-01
1.031250000000000000e+01,1.978637361546138895e-01
1.033333333333333215e+01,2.005795691429234640e-01
1.035416666666666607e+01,2.047549436462717254e-01
1.037500000000000000e+01,2.086407811011589952e-01
1.039583333333333215e+01,2.101268888270419466e-01
1.041666666666666607e+01,2.106726161992208690e-01
1.043750000000000000e+01,2.128248284182468753e-01
1.045833333333333215e+01,2.154509814951150459e-01
1.047916666666666607e+01,2.162473760549428747e-01
1.050000000000000000e+01,2.165713148623532314e-01
1.052083333333333215e+01,2.188716669597763897e-01
1.054166666666666607e+01,2.219455170396263111e-01
1.056250000000000000e+01,2.234637462619112613e-01
1.058333333333333215e+01,2.247043936494914351e-01
1.060416666666666607e+01,2.273299363476168067e-01
1.062500000000000000e+01,2.297651116760823509e-01
1.064583333333333215e+01,2.294830635024585064e-01
1.066666666666666607e+01,2.277243571366854014e-01
1.068750000000000000e+01,2.268187022901598238e-01
1.070833333333333215e+01,2.255627786366724286e-01
1.072916666666666607e+01,2.228021942210296480e-01
1.075000000000000000e+01,2.202310143384737517e-01
1.077083333333333215e+01,2.196887695480690961e-01
1.079166666666666607e+01,2.196506526008949467e-01
1.081250000000000000e+01,2.176896441530010717e-01
1.083333333333333215e+01,2.150059565493105951e-01
1.085416666666666607e+01,2.140501068507743021e-01
1.087500000000000000e+01,2.135155743549233820e-01
1.089583333333333215e+01,2.110574455656170634e-01
1.091666666666666607e+01,2.079704004708180232e-01
1.093750000000000000e+01,2.067327577918888770e-01
1.095833333333333215e+01,2.061184508468677790e-01
1.097916666666666607e+01,2.038247344641087033e-01
1.100000000000000000e+01,2.012924572529309619e-01
1.102083333333333215e+01,2.010201738140915684e-01
1.104166666666666607e+01,2.018539000004820616e-01
1.106250000000000000e+01,2.014313622831543638e-01
1.108333333333333215e+01,2.010727066267150587e-01
1.110416666666666607e+01,2.031633083722384769e-01
1.112500000000000000e+01,2.064650255400616308e-01
1.114583333333333215e+01,2.084737345629490424e-01
1.116666666666666607e+01,2.103916559986929724e-01
1.118750000000000000e+01,2.139170776333975399e-01
1.120833333333333215e+01,2.174779604163534219e-01
1.122916666666666607e+01,2.186638356164649633e-01
1.125000000000000000e+01,2.186658076133980444e-01
1.127083333333333215e+01,2.197990614621115335e-01
1.129166666666666607e+01,2.206845206446732821e-01
1.131250000000000000e+01,2.191621213811253133e-01
1.133333333333333215e+01,2.165457207253821126e-01
1.135416666666666607e+01,2.152101417990651966e-01
1.137500000000000000e+01,2.139355226922798059e-01
1.139583333333333215e+01,2.113708310241412536e-01
1.141666666666666607e+01,2.091891548238994092e-01
1.143750000000000000e+01,2.096205307738903123e-01
1.145833333333333215e+01,2.113169151621963060e-01
1.147916666666666607e+01,2.119560686370119407e-01
1.150000000000000000e+01,2.127815825556833018e-01
1.152083333333333215e+01,2.151706493967894818e-01
1.154166666666666607e+01,2.174663943767259355e-01
1.156250000000000000e+01,2.173608952707257458e-01
1.158333333333333215e+01,2.162437754671562573e-01
1.160416666666666607e+01,2.165326227685763494e-01
1.162500000000000000e+01,2.170378105421590376e-01
1.164583333333333215e+01,2.153943349027081233e-01
1.166666666666666607e+01,2.129220561358908803e-01
1.168750000000000000e+01,2.120661299312942838e-01
1.170833333333333215e+01,2.115069370603915866e-01
1.172916666666666607e+01,2.089683406100765195e-01
1.175000000000000000e+01,2.054402580316464499e-01
1.177083333333333215e+01,2.031457166034299489e-01
1.179166666666666607e+01,2.010378980368019153e-01
1.181250000000000000e+01,1.968704459735109713e-01
1.183333333333333215e+01,1.919205022288955065e-01
1.185416666666666607e+01,1.878487247882592859e-01
1.187500000000000000e+01,1.840140067933810353e-01
1.189583333333333215e+01,1.773820002865748591e-01
1.191666666666666607e+01,1.679856096048041592e-01
1.193750000000000000e+01,1.580998357001498211e-01
1.195833333333333215e+01,1.470074168161974726e-01
1.197916666666666607e+01,1.344551332997419302e-01
1.200000000000000000e+01,1.221586264094652458e-01
1.202083333333333215e+01,1.095927917914080868e-01
1.204166666666666607e+01,9.657734423499519938e-02
1.206250000000000000e+01,8.456635373885315610e-02
1.208333333333333215e+01,7.267256017837657456e-02
1.210416666666666607e+01,6.094179189612800029e-02
1.212500000000000000e+01,5.117288483686121409e-02
1.214583333333333215e+01,4.218505263962996077e-02
1.216666666666666607e+01,3.250986793578402451e-02
1.218750000000000000e+01,2.392717468111210666e-02
1.220833333333333215e+01,1.883940831004114400e-02
1.222916666666666607e+01,1.590166125350950949e-02
1.225000000000000000e+01,1.274180275716385591e-02
1.227083333333333215e+01,1.056211509282974428e-02
1.229166666666666607e+01,1.090592603099597123e-02
1.231250000000000000e+01,1.213920840310332705e-02
1.233333333333333215e+01,1.193794342608080900e-02
1.235416666666666607e+01,1.173405045348442644e-02
1.237500000000000000e+01,1.394039269110633299e-02
1.239583333333333215e+01,1.732102538134913661e-02
1.241666666666666607e+01,1.958994079524397497e-02
1.243750000000000000e+01,2.204525096553446722e-02
1.245833333333333215e+01,2.631570464439755841e-02
1.247916666666666607e+01,3.083174794962611695e-02
1.250000000000000000e+01,3.342996288318578896e-02
1.252083333333333215e+01,3.555663895639959993e-02
1.254166666666666607e+01,3.955549039003618261e-02
1.256250000000000000e+01,4.412226857445118722e-02
1.258333333333333215e+01,4.704837210949204540e-02
1.260416666666666607e+01,4.951148243552248862e-02
1.262500000000000000e+01,5.300934634822736247e-02
1.264583333333333215e+01,5.578370082393202534e-02
1.266666666666666607e+01,5.556796183761687075e-02
1.268750000000000000e+01,5.360013085123951915e-02
1.270833333333333215e+01,5.210501135953791996e-02
1.272916666666666607e+01,5.030125426276713801e-02
1.275000000000000000e+01,4.700707202290858866e-02
1.277083333333333215e+01,4.387586508033435723e-02
1.279166666666666607e+01,4.301228256737481964e-02
1.281250000000000000e+01,4.299376839684833362e-02
1.283333333333333215e+01,4.147872938303767687e-02
1.285416666666666607e+01,3.986621252871704740e-02
1.287500000000000000e+01,4.040010945380812651e-02
1.289583333333333215e+01,4.180771527452928349e-02
1.291666666666666607e+01,4.186825936801509551e-02
1.293750000000000000e+01,4.196898680878624610e-02
1.295833333333333215e+01,4.400919668602207985e-02
1.297916666666666607e+01,4.655588510337357877e-02
1.300000000000000000e+01,4.738921904432749632e-02
1.302083333333333215e+01,4.790755680773051139e-02
1.304166666666666607e+01,5.038669672472500388e-02
1.306250000000000000e+01,5.351596986254732180e-02
1.308333333333333215e+01,5.510836228815146898e-02
1.310416666666666607e+01,5.634923378099726543e-02
1.312500000000000000e+01,5.824533997019940013e-02
1.314583333333333215e+01,5.901254206340774550e-02
1.316666666666666607e+01,5.785410751808275909e-02
1.318750000000000000e+01,5.653882475161897680e-02
1.320833333333333215e+01,5.624090228106606165e-02
1.322916666666666607e+01,5.533335603609700754e-02
1.325000000000000000e+01,5.236176692830252222e-02
1.327083333333333215e+01,4.890994778397673992e-02
1.329166666666666607e+01,4.714735809709750397e-02
1.331250000000000000e+01,4.585210730285201042e-02
1.333333333333333215e+01,4.274083075066265058e-02
1.335416666666666607e+01,3.890053390596125149e-02
1.337500000000000000e+01,3.652287567125136331e-02
1.339583333333333215e+01,3.437523442864157119e-02
1.341666666666666607e+01,3.032067630147231366e-02
1.343750000000000000e+01,2.550781726025743573e-02
1.345833333333333215e+01,2.203883104606316548e-02
1.347916666666666607e+01,1.902933509339807538e-02
1.350000000000000000e+01,1.562142680485407824e-02
1.352083333333333215e+01,1.328987588949001250e-02
1.354166666666666607e+01,1.258140478899390929e-02
1.356250000000000000e+01,1.187217007050127109e-02
1.358333333333333215e+01,1.136711917364059861e-02
1.360416666666666607e+01,1.282312502667858414e-02
1.362500000000000000e+01,1.497748522009107776e-02
1.364583333333333215e+01,1.564474586381706459e-02
1.366666666666666607e+01,1.629431701296844490e-02
1.368750000000000000e+01,1.931933648145269314e-02
1.370833333333333215e+01,2.348362291512743824e-02
1.372916666666666607e+01,2.659966157625706304e-02
1.375000000000000000e+01,2.975905154775071101e-02
1.377083333333333215e+01,3.389863628217794356e-02
1.379166666666666607e+01,3.734209975422807248e-02
1.381250000000000000e+01,3.875430380892862930e-02
1.383333333333333215e+01,3.984514969138566037e-02
1.385416666666666607e+01,4.292890649505209238e-02
1.387500000000000000e+01,4.656636296681505860e-02
1.389583333333333215e+01,4.850577503877792629e-02
1.391666666666666607e+01,4.995776698101980773e-02
1.393750000000000000e+01,5.294026217801269668e-02
1.395833333333333215e+01,5.587657891599925875e-02
1.397916666666666607e+01,5.643527222816374644e-02
1.400000000000000000e+01,5.584271776504071139e-02
1.402083333333333215e+01,5.622164706576215226e-02
1.404166666666666607e+01,5.613497332478502994e-02
1.406250000000000000e+01,5.321549578398911129e-02
1.408333333333333215e+01,4.873662445297955587e-02
1.410416666666666607e+01,4.502993941586456300e-02
1.412500000000000000e+01,4.177678260395154691e-02
1.414583333333333215e+01,3.712065951521947155e-02
1.416666666666666607e+01,3.233151762005397056e-02
1.418750000000000000e+01,2.959988772988007139e-02
1.420833333333333215e+01,2.738302260886477796e-02
1.422916666666666607e+01,2.358224597775431322e-02
1.425000000000000000e+01,1.975610225065351638e-02
1.427083333333333215e+01,1.837172920215261393e-02
1.429166666666666607e+01,1.803369612044214768e-02
1.431250000000000000e+01,1.651791691068539569e-02
1.433333333333333215e+01,1.529007984905634762e-02
1.435416666666666607e+01,1.674894692835924778e-02
1.437500000000000000e+01,1.961370373820756075e-02
1.439583333333333215e+01,2.164857924553430235e-02
1.441666666666666607e+01,2.374754485521922073e-02
1.443750000000000000e+01,2.714265215456028446e-02
1.445833333333333215e+01,3.001126178858423699e-02
1.447916666666666607e+01,3.032875808515420740e-02
1.450000000000000000e+01,2.945043235462600079e-02
1.452083333333333215e+01,2.958687760946920528e-02
1.454166666666666607e+01,2.939934491815898374e-02
1.456250000000000000e+01,2.750995525187254279e-02
1.458333333333333215e+01,2.559164210343630938e-02
1.460416666666666607e+01,2.580235041821357309e-02
1.462500000000000000e+01,2.677772050595425557e-02
1.464583333333333215e+01,2.616294068894650313e-02
1.466666666666666607e+01,2.524466396452848538e-02
1.468750000000000000e+01,2.620240797417959858e-02
1.470833333333333215e+01,2.773941345794838503e-02
1.472916666666666607e+01,2.761431104421824267e-02
1.475000000000000000e+01,2.721241903998679323e-02
1.477083333333333215e+01,2.881584691803597623e-02
1.479166666666666607e+01,3.117507279898591721e-02
1.481250000000000000e+01,3.213356718581533017e-02
1.483333333333333215e+01,3.304475193218985724e-02
1.485416666666666607e+01,3.582246513797796017e-02
1.487500000000000000e+01,3.900955466775211239e-02
1.489583333333333215e+01,4.042508074148509767e-02
1.491666666666666607e+01,4.145374965625456265e-02
1.493750000000000000e+01,4.434614211038809262e-02
1.495833333333333215e+01,4.763210082699939618e-02
1.497916666666666607e+01,4.906622038696047128e-02
1.500000000000000000e+01,4.987577036625549104e-02
1.502083333333333215e+01,5.214088647949607913e-02
1.504166666666666607e+01,5.442402672486460619e-02
1.506250000000000000e+01,5.442554285757391502e-02
1.508333333333333215e+01,5.338237586197963624e-02
1.510416666666666607e+01,5.343168076527393673e-02
1.512500000000000000e+01,5.314077503691969073e-02
1.514583333333333215e+01,5.013584556673118808e-02
1.516666666666666607e+01,4.561840036614579069e-02
1.518750000000000000e+01,4.185627024553902759e-02
1.520833333333333215e+01,3.830519945223945233e-02
1.522916666666666607e+01,3.345858354856165451e-02
1.525000000000000000e+01,2.898988989907929498e-02
1.527083333333333215e+01,2.714899941675029404e-02
1.529166666666666607e+01,2.669495040380273979e-02
1.531250000000000000e+01,2.537629914223501690e-02
1.533333333333333215e+01,2.450853154077353019e-02
1.535416666666666607e+01,2.553996924521152734e-02
1.537500000000000000e+01,2.680779283123028295e-02
1.539583333333333215e+01,2.616145209492097556e-02
1.541666666666666607e+01,2.502440281964300739e-02
1.543750000000000000e+01,2.576797593178542164e-02
1.545833333333333215e+01,2.705823468442938168e-02
1.547916666666666607e+01,2.669766172988253042e-02
1.550000000000000000e+01,2.598852189186720910e-02
1.552083333333333215e+01,2.721887285126975767e-02
1.554166666666666607e+01,2.895209034158265429e-02
1.556250000000000000e+01,2.887589508956063533e-02
1.558333333333333215e+01,2.822602622200669209e-02
1.560416666666666607e+01,2.915456522510240928e-02
1.562500000000000000e+01,3.019754097818588487e-02
1.564583333333333215e+01,2.895725894436728190e-02
1.566666666666666607e+01,2.670715985686165916e-02
1.568750000000000000e+01,2.561884017885645085e-02
1.570833333333333215e+01,2.443950296820318960e-02
1.572916666666666607e+01,2.202329442337978491e-02
1.575000000000000000e+01,2.011916691938185967e-02
1.577083333333333215e+01,2.053831813417070912e-02
1.579166666666666607e+01,2.184182544395232850e-02
1.581250000000000000e+01,2.179241810909327351e-02
1.583333333333333215e+01,2.183958094386035526e-02
1.585416666666666607e+01,2.431615518606293491e-02
1.587500000000000000e+01,2.797949081472681301e-02
1.589583333333333215e+01,3.060189149500235420e-02
1.591666666666666607e+01,3.283627552711207431e-02
1.593750000000000000e+01,3.625129790105342809e-02
1.595833333333333215e+01,3.939672439557215938e-02
1.597916666666666607e+01,4.009652720209553461e-02
1.600000000000000000e+01,3.975051772154717528e-02
1.602083333333333215e+01,4.070808014903209288e-02
1.604166666666666430e+01,4.156885991884764348e-02
1.606250000000000000e+01,4.008288613850836263e-02
1.608333333333333215e+01,3.752962536978290270e-02
1.610416666666666430e+01,3.613441084546020754e-02
1.612500000000000000e+01,3.458455815401280387e-02
1.614583333333333215e+01,3.094191864818496632e-02
1.616666666666666430e+01,2.661763415360264909e-02
1.618750000000000000e+01,2.374360391401096962e-02
1.620833333333333215e+01,2.099521966104991519e-02
1.622916666666666430e+01,1.710912274373865491e-02
1.625000000000000000e+01,1.381672581838288075e-02
1.627083333333333215e+01,1.330001644648451387e-02
1.629166666666666430e+01,1.417769066584057339e-02
1.631250000000000000e+01,1.411165290217694657e-02
1.633333333333333215e+01,1.445344701367023803e-02
1.635416666666666430e+01,1.695968837897784270e-02
1.637500000000000000e+01,2.012463036462292312e-02
1.639583333333333215e+01,2.174205735669934234e-02
1.641666666666666430e+01,2.318230649414440570e-02
1.643750000000000000e+01,2.677498590995609079e-02
1.645833333333333215e+01,3.128431704168768007e-02
1.647916666666666430e+01,3.449952586094985618e-02
1.650000000000000000e+01,3.725553829289727364e-02
1.652083333333333215e+01,4.087975565144456869e-02
1.654166666666666430e+01,4.375000293297503368e-02
1.656250000000000000e+01,4.369038276075610377e-02
1.658333333333333215e+01,4.202986977776088789e-02
1.660416666666666430e+01,4.104455283965025014e-02
1.662500000000000000e+01,3.949549706912298952e-02
1.664583333333333215e+01,3.654769878015935031e-02
1.666666666666666430e+01,3.396984046265398571e-02
1.668750000000000000e+01,3.278895814344871817e-02
1.670833333333333215e+01,3.134853828301482903e-02
1.672916666666666430e+01,2.847175257644083898e-02
1.675000000000000000e+01,2.586549906104821869e-02
1.677083333333333215e+01,2.562556448921171973e-02
1.679166666666666430e+01,2.637962656637283729e-02
1.681250000000000000e+01,2.577497258572660627e-02
1.683333333333333215e+01,2.503301114468867855e-02
1.685416666666666430e+01,2.630417030030606645e-02
1.687500000000000000e+01,2.828586516737113116e-02
1.689583333333333215e+01,2.870407644213976428e-02
1.691666666666666430e+01,2.888009003582732090e-02
1.693750000000000000e+01,3.105921902492093239e-02
1.695833333333333215e+01,3.397422929171849126e-02
1.697916666666666430e+01,3.544197038242813402e-02
1.700000000000000000e+01,3.677204012157564428e-02
1.702083333333333215e+01,3.920096991874859327e-02
1.704166666666666430e+01,4.099403760246753126e-02
1.706250000000000000e+01,4.004273626167004912e-02
1.708333333333333215e+01,3.779108118428858160e-02
1.710416666666666430e+01,3.663093487595656117e-02
1.712500000000000000e+01,3.526961350484650315e-02
1.714583333333333215e+01,3.169348355877351503e-02
1.716666666666666430e+01,2.729094503007435321e-02
1.718750000000000000e+01,2.435830098533230473e-02
1.720833333333333215e+01,2.159735982784609723e-02
1.722916666666666430e+01,1.719037135843306391e-02
1.725000000000000000e+01,1.262707670566645679e-02
1.727083333333333215e+01,1.008264334310595388e-02
1.729166666666666430e+01,8.132647188260304708e-03
1.731250000000000000e+01,4.401652406714473553e-03
1.733333333333333215e+01,-4.087734970755304469e-04
1.735416666666666430e+01,-3.160356187135858475e-03
1.737500000000000000e+01,-5.529160174404535062e-03
1.739583333333333215e+01,-1.002015590473569716e-02
1.741666666666666430e+01,-1.523764879425567459e-02
1.743750000000000000e+01,-1.892102040579143191e-02
1.745833333333333215e+01,-2.230858857618618629e-02
1.747916666666666430e+01,-2.715380845873005544e-02
1.750000000000000000e+01,-3.171628762482113506e-02
1.752083333333333215e+01,-3.370853336060231770e-02
1.754166666666666430e+01,-3.435775974612052114e-02
1.756250000000000000e+01,-3.584075349914023906e-02
1.758333333333333215e+01,-3.676875892824223169e-02
1.760416666666666430e+01,-3.532489971627814779e-02
1.762500000000000000e+01,-3.303082057469652888e-02
1.764583333333333215e+01,-3.206264499063374296e-02
1.766666666666666430e+01,-3.104371913771342487e-02
1.768750000000000000e+01,-2.777287379803393755e-02
1.770833333333333215e+01,-2.373474543816201515e-02
1.772916666666666430e+01,-2.116795162265053959e-02
1.775000000000000000e+01,-1.892459504145025534e-02
1.777083333333333215e+01,-1.546827416797107689e-02
1.779166666666666430e+01,-1.259559564769220652e-02
1.781250000000000000e+01,-1.263109261884480701e-02
1.783333333333333215e+01,-1.434802593241018588e-02
1.785416666666666430e+01,-1.551912300345745753e-02
1.787500000000000000e+01,-1.684214220403701737e-02
1.789583333333333215e+01,-1.966649538322217186e-02
1.791666666666666430e+01,-2.239528262947740669e-02
1.793750000000000000e+01,-2.283422325912616915e-02
1.795833333333333215e+01,-2.232013532561697572e-02
1.797916666666666430e+01,-2.315285020995663454e-02
1.800000000000000000e+01,-2.390113017075439980e-02
1.802083333333333215e+01,-2.228709182751848969e-02
1.804166666666666430e+01,-1.958343263448531629e-02
1.806250000000000000e+01,-1.804731083407879605e-02
1.808333333333333215e+01,-1.661312962297606041e-02
1.810416666666666430e+01,-1.437910886617889059e-02
1.812500000000000000e+01,-1.301746549030917410e-02
1.814583333333333215e+01,-1.320611388501943817e-02
1.816666666666666430e+01,-1.306599011406565751e-02
1.818750000000000000e+01,-1.020753332468849611e-02
1.820833333333333215e+01,-4.116735677915726865e-03
1.822916666666666430e+01,3.436472612207672889e-03
1.825000000000000000e+01,1.060322672386181803e-02
1.827083333333333215e+01,1.872169636860885472e-02
1.829166666666666430e+01,2.982351399877475676e-02
1.831250000000000000e+01,4.280518381985255055e-02
1.833333333333333215e+01,5.507374784980139520e-02
1.835416666666666430e+01,6.629120101096719342e-02
1.837500000000000000e+01,7.786655451880476753e-02
1.839583333333333215e+01,8.849460702856054573e-02
1.841666666666666430e+01,9.633950649846720338e-02
1.843750000000000000e+01,1.025271290973348848e-01
1.845833333333333215e+01,1.092680722043634922e-01
1.847916666666666430e+01,1.152481425984861751e-01
1.850000000000000000e+01,1.181538145227734316e-01
1.852083333333333215e+01,1.190626318342267870e-01
1.854166666666666430e+01,1.202777223218464558e-01
1.856250000000000000e+01,1.210978026458384704e-01
1.858333333333333215e+01,1.202529924948077950e-01
1.860416666666666430e+01,1.192319378373746658e-01
1.862500000000000000e+01,1.198663702836858802e-01
1.864583333333333215e+01,1.208832599938483715e-01
1.866666666666666430e+01,1.199009964838832487e-01
1.868750000000000000e+01,1.180951606167830181e-01
1.870833333333333215e+01,1.178659116737107021e-01
1.872916666666666430e+01,1.179839026937606200e-01
1.875000000000000000e+01,1.160586727755919950e-01
1.877083333333333215e+01,1.133260852578025779e-01
1.879166666666666430e+01,1.123060758620680194e-01
1.881250000000000000e+01,1.117116742228582149e-01
1.883333333333333215e+01,1.091959158705619465e-01
1.885416666666666430e+01,1.060803324207336973e-01
1.887500000000000000e+01,1.047857097995207459e-01
1.889583333333333215e+01,1.040882988117449309e-01
1.891666666666666430e+01,1.016556611253510989e-01
1.893750000000000000e+01,9.893789960170645825e-02
1.895833333333333215e+01,9.840545298469327573e-02
1.897916666666666430e+01,9.887400878740865151e-02
1.900000000000000000e+01,9.793949980959917867e-02
1.902083333333333215e+01,9.699411606258113994e-02
1.904166666666666430e+01,9.845334456044713134e-02
1.906250000000000000e+01,1.010554355490202449e-01
1.908333333333333215e+01,1.022537720876206396e-01
1.910416666666666430e+01,1.033283438637230822e-01
1.912500000000000000e+01,1.066178651746446382e-01
1.914583333333333215e+01,1.108011364862361847e-01
1.916666666666666430e+01,1.132833748137004604e-01
1.918750000000000000e+01,1.152358896928506460e-01
1.920833333333333215e+01,1.189598525651700267e-01
1.922916666666666430e+01,1.230222997376962668e-01
1.925000000000000000e+01,1.250332474794446092e-01
1.927083333333333215e+01,1.261648968658165282e-01
1.929166666666666430e+01,1.287480384456294313e-01
1.931250000000000000e+01,1.313402952168586935e-01
1.933333333333333215e+01,1.315376966559017591e-01
1.935416666666666430e+01,1.305766977684633956e-01
1.937500000000000000e+01,1.306025261849880770e-01
1.939583333333333215e+01,1.301940340152624720e-01
1.941666666666666430e+01,1.269858904129352595e-01
1.943750000000000000e+01,1.222733849414177759e-01
1.945833333333333215e+01,1.184103973396295889e-01
1.947916666666666430e+01,1.152256674737896086e-01
1.950000000000000000e+01,1.109311841633135731e-01
1.952083333333333215e+01,1.069913790802777820e-01
1.954166666666666430e+01,1.056709074938518983e-01
1.956250000000000000e+01,1.057303434046604484e-01
1.958333333333333215e+01,1.049193325371073071e-01
1.960416666666666430e+01,1.045537776193740248e-01
1.962500000000000000e+01,1.060440681085685621e-01
1.964583333333333215e+01,1.077014810357054403e-01
1.966666666666666430e+01,1.073606411417815654e-01
1.968750000000000000e+01,1.064188747902958115e-01
1.970833333333333215e+01,1.072334740277704201e-01
1.972916666666666430e+01,1.084164052306129250e-01
1.975000000000000000e+01,1.077278295609702952e-01
1.977083333333333215e+01,1.064441438835911219e-01
1.979166666666666430e+01,1.068249512151789732e-01
1.981250000000000000e+01,1.075199236758239141e-01
1.983333333333333215e+01,1.062295673065452167e-01
1.985416666666666430e+01,1.041874664635171338e-01
1.987500000000000000e+01,1.035344256589249001e-01
1.989583333333333215e+01,1.029087231492359228e-01
1.991666666666666430e+01,1.006523401491178915e-01
1.993750000000000000e+01,9.832328375689428079e-02
1.995833333333333215e+01,9.809130818613481795e-02
1.997916666666666430e+01,9.858686814255596120e-02
2.000000000000000000e+01,9.747049548179806400e-02
2.002083333333333215e+01,9.616132176389315112e-02
2.004166666666666430e+01,9.693013733196069459e-02
2.006250000000000000e+01,9.851559952570897172e-02
2.008333333333333215e+01,9.867388967240157960e-02
2.010416666666666430e+01,9.877237409538325297e-02
2.012500000000000000e+01,1.011536585944360772e-01
2.014583333333333215e+01,1.045831598678767516e-01
2.016666666666666430e+01,1.069004130748480719e-01
2.018750000000000000e+01,1.093191750632289544e-01
2.020833333333333215e+01,1.125586043438761702e-01
2.022916666666666430e+01,1.149312252729878664e-01
2.025000000000000000e+01,1.160592671579094015e-01
2.027083333333333215e+01,1.176117322110737801e-01
2.029166666666666430e+01,1.187009846546179942e-01
2.031250000000000000e+01,1.178794004459313843e-01
2.033333333333333215e+01,1.168308490477990014e-01
2.035416666666666430e+01,1.179109940951313662e-01
2.037500000000000000e+01,1.197974600972429166e-01
2.039583333333333215e+01,1.199183253834061602e-01
2.041666666666666430e+01,1.194513733644442799e-01
2.043750000000000000e+01,1.207219301479145884e-01
2.045833333333333215e+01,1.222866328230222399e-01
2.047916666666666430e+01,1.216242440156280330e-01
2.050000000000000000e+01,1.199029571814741596e-01
2.052083333333333215e+01,1.194969329292097093e-01
2.054166666666666430e+01,1.190437691939126852e-01
2.056250000000000000e+01,1.161375640824412192e-01
2.058333333333333215e+01,1.120177479338361620e-01
2.060416666666666430e+01,1.090607543631166160e-01
2.062500000000000000e+01,1.062643416306395250e-01
2.064583333333333215e+01,1.025746860347693107e-01
2.066666666666666430e+01,9.967276964710020115e-02
2.068750000000000000e+01,9.865186041476087242e-02
2.070833333333333215e+01,9.781366268415880860e-02
2.072916666666666430e+01,9.545686077447182449e-02
2.075000000000000000e+01,9.327442643716771231e-02
2.077083333333333215e+01,9.354968962377399611e-02
2.079166666666666430e+01,9.504145323602951334e-02
2.081250000000000000e+01,9.555485841854935436e-02
2.083333333333333215e+01,9.647124453570733726e-02
2.085416666666666430e+01,9.962215675988084218e-02
2.087500000000000000e+01,1.035422108748173947e-01
2.089583333333333215e+01,1.060617161103705325e-01
2.091666666666666430e+01,1.083692749973930169e-01
2.093750000000000000e+01,1.132091628500299235e-01
2.095833333333333215e+01,1.219568355404498927e-01
2.097916666666666430e+01,1.327676528625305052e-01
2.100000000000000000e+01,1.433566205829708284e-01
2.102083333333333215e+01,1.547785238853232048e-01
2.104166666666666430e+01,1.682819671705551301e-01
2.106250000000000000e+01,1.823721933502038817e-01
2.108333333333333215e+01,1.947724787396672153e-01
2.110416666666666430e+01,2.066299901176462395e-01
2.112500000000000000e+01,2.197049184739848782e-01
2.114583333333333215e+01,2.327409540549235656e-01
2.116666666666666430e+01,2.435136957614201514e-01
2.118750000000000000e+01,2.530608646594714184e-01
2.120833333333333215e+01,2.624982510499271893e-01
2.122916666666666430e+01,2.703081939717125182e-01
2.125000000000000000e+01,2.742907523289144778e-01
2.127083333333333215e+01,2.756338607844993072e-01
2.129166666666666430e+01,2.765064751780624275e-01
2.131250000000000000e+01,2.764573129608386970e-01
2.133333333333333215e+01,2.740555536996230890e-01
2.135416666666666430e+01,2.707097151685752823e-01
2.137500000000000000e+01,2.686260901330190798e-01
2.139583333333333215e+01,2.667898094244514628e-01
2.141666666666666430e+01,2.630109283599880166e-01
2.143750000000000000e+01,2.584800628258172583e-01
2.145833333333333215e+01,2.552923467003578861e-01
2.147916666666666430e+01,2.523811730782306584e-01
2.150000000000000000e+01,2.475713908903306726e-01
2.152083333333333215e+01,2.420235993646578654e-01
2.154166666666666430e+01,2.378237972022203273e-01
2.156250000000000000e+01,2.340360610085682469e-01
2.158333333333333215e+01,2.294618357920910345e-01
2.160416666666666430e+01,2.257021481483169612e-01
2.162500000000000000e+01,2.247556540625599009e-01
2.164583333333333215e+01,2.255241680912310753e-01
2.166666666666666430e+01,2.258329416092431374e-01
2.168750000000000000e+01,2.266758624684672152e-01
2.170833333333333215e+01,2.287279828769359646e-01
2.172916666666666430e+01,2.304713238026301902e-01
2.175000000000000000e+01,2.309837028529976855e-01
2.177083333333333215e+01,2.318245675486355628e-01
2.179166666666666430e+01,2.338877785900240203e-01
2.181250000000000000e+01,2.356693302638967480e-01
2.183333333333333215e+01,2.355223486067722083e-01
2.185416666666666430e+01,2.348234424010977039e-01
2.187500000000000000e+01,2.356279428123217445e-01
2.189583333333333215e+01,2.368888971952138323e-01
2.191666666666666430e+01,2.364621435152771955e-01
2.193750000000000000e+01,2.355152683424626137e-01
2.195833333333333215e+01,2.361384576612807207e-01
2.197916666666666430e+01,2.373012774064635622e-01
2.200000000000000000e+01,2.368648094512052771e-01
2.202083333333333215e+01,2.359753379058962541e-01
2.204166666666666430e+01,2.366764259269050763e-01
2.206250000000000000e+01,2.379245274126344234e-01
2.208333333333333215e+01,2.375826136228937902e-01
2.210416666666666430e+01,2.368120304104591178e-01
2.212500000000000000e+01,2.376616082231038096e-01
2.214583333333333215e+01,2.390876973667650507e-01
2.216666666666666430e+01,2.389580520307139633e-01
2.218750000000000000e+01,2.384273866754531290e-01
2.220833333333333215e+01,2.395356821362156219e-01
2.222916666666666430e+01,2.412426833133111959e-01
2.225000000000000000e+01,2.414242066083021887e-01
2.227083333333333215e+01,2.412281418654062259e-01
2.229166666666666430e+01,2.426851901247801535e-01
2.231250000000000000e+01,2.447589929927546926e-01
2.233333333333333215e+01,2.453330411339847417e-01
2.235416666666666430e+01,2.455568677380322584e-01
2.237500000000000000e+01,2.474555290187207268e-01
2.239583333333333215e+01,2.499966138910405256e-01
2.241666666666666430e+01,2.510730075922886217e-01
2.243750000000000000e+01,2.518208484364013455e-01
2.245833333333333215e+01,2.542504718648411766e-01
2.247916666666666430e+01,2.573340675522699517e-01
2.250000000000000000e+01,2.589713218915654647e-01
2.252083333333333215e+01,2.602347047886747200e-01
2.254166666666666430e+01,2.625828322029899464e-01
2.256250000000000000e+01,2.647395324975239661e-01
2.258333333333333215e+01,2.645647710611963022e-01
2.260416666666666430e+01,2.631527537063163558e-01
2.262500000000000000e+01,2.624989322515529078e-01
2.264583333333333215e+01,2.616030130693008382e-01
2.266666666666666430e+01,2.583999795220874862e-01
2.268750000000000000e+01,2.540265736950070852e-01
2.270833333333333215e+01,2.506885049329762860e-01
2.272916666666666430e+01,2.475394831739489432e-01
2.275000000000000000e+01,2.429875818971671542e-01
2.277083333333333215e+01,2.383900943308226161e-01
2.279166666666666430e+01,2.358291354210718394e-01
2.281250000000000000e+01,2.343446934315949470e-01
2.283333333333333215e+01,2.318668404499786007e-01
2.285416666666666430e+01,2.295096257995631606e-01
2.287500000000000000e+01,2.292496151085954836e-01
2.289583333333333215e+01,2.300779122393073750e-01
2.291666666666666430e+01,2.299313888722991917e-01
2.293750000000000000e+01,2.299270348721185464e-01
2.295833333333333215e+01,2.320340519516143618e-01
2.297916666666666430e+01,2.352468651837109348e-01
2.300000000000000000e+01,2.375111462507512039e-01
2.302083333333333215e+01,2.398016498237864613e-01
2.304166666666666430e+01,2.430259323774439373e-01
2.306250000000000000e+01,2.457383188839376842e-01
2.308333333333333215e+01,2.460287892640153073e-01
2.310416666666666430e+01,2.450728207816025295e-01
2.312500000000000000e+01,2.448328286506739615e-01
2.314583333333333215e+01,2.444001383329046095e-01
2.316666666666666430e+01,2.424304057750041042e-01
2.318750000000000000e+01,2.403204390070754759e-01
2.320833333333333215e+01,2.400120608077294382e-01
2.322916666666666430e+01,2.405160269634343817e-01
2.325000000000000000e+01,2.398045177868542155e-01
2.327083333333333215e+01,2.389781421143998830e-01
2.329166666666666430e+01,2.399726139698387384e-01
2.331250000000000000e+01,2.417986576253951525e-01
2.333333333333333215e+01,2.424176255031681160e-01
2.335416666666666430e+01,2.428953947009140357e-01
2.337500000000000000e+01,2.451476299864349950e-01
2.339583333333333215e+01,2.481977467398551185e-01
2.341666666666666430e+01,2.500372139635433921e-01
2.343750000000000000e+01,2.516357232125664978e-01
2.345833333333333215e+01,2.539777980530891210e-01
2.347916666666666430e+01,2.556744000329795874e-01
2.350000000000000000e+01,2.547236133949384862e-01
2.352083333333333215e+01,2.522139551025132098e-01
2.354166666666666430e+01,2.500852312548859646e-01
2.356250000000000000e+01,2.476800683294902439e-01
2.358333333333333215e+01,2.442902780750066116e-01
2.360416666666666430e+01,2.413810807286587978e-01
2.362500000000000000e+01,2.397019315198865852e-01
2.364583333333333215e+01,2.379368144397241980e-01
2.366666666666666430e+01,2.353394072779740887e-01
2.368750000000000000e+01,2.333899094282271547e-01
2.370833333333333215e+01,2.327207968779070046e-01
2.372916666666666430e+01,2.319452046467729289e-01
2.375000000000000000e+01,2.302002579404736626e-01
2.377083333333333215e+01,2.289562680845957376e-01
2.379166666666666430e+01,2.293438949857096731e-01
2.381250000000000000e+01,2.300610757213965296e-01
2.383333333333333215e+01,2.291268087573135881e-01
2.385416666666666430e+01,2.276206268661153387e-01
2.387500000000000000e+01,2.274381912480274992e-01
2.389583333333333215e+01,2.276163694253900693e-01
2.391666666666666430e+01,2.261859293411644656e-01
2.393750000000000000e+01,2.242027681550664564e-01
2.395833333333333215e+01,2.235501235711614687e-01
2.397916666666666430e+01,2.232694236104466601e-01
2.400000000000000000e+01,2.213919823508823659e-01
2.402083333333333215e+01,2.189905922301601249e-01
2.404166666666666430e+01,2.179516394136102875e-01
2.406250000000000000e+01,2.173397518368554993e-01
2.408333333333333215e+01,2.153755672691466672e-01
2.410416666666666430e+01,2.132055332543072723e-01
2.412500000000000000e+01,2.127062367040029878e-01
2.414583333333333215e+01,2.129227001626671500e-01
2.416666666666666430e+01,2.119007826001022832e-01
2.418750000000000000e+01,2.106941347184059232e-01
2.420833333333333215e+01,2.111685054234858083e-01
2.422916666666666430e+01,2.123732441588721542e-01
2.425000000000000000e+01,2.123602494461809542e-01
2.427083333333333215e+01,2.121904186410795423e-01
2.429166666666666430e+01,2.137253020476326815e-01
2.431250000000000000e+01,2.167888159295328354e-01
2.433333333333333215e+01,2.178594057980411669e-01
2.435416666666666430e+01,2.184245133313990894e-01
2.437500000000000000e+01,2.200572213193680016e-01
2.439583333333333215e+01,2.210154331273496142e-01
2.441666666666666430e+01,2.190942999148276504e-01
2.443750000000000000e+01,2.154603583623468654e-01
2.445833333333333215e+01,2.121107374620746777e-01
2.447916666666666430e+01,2.086709892952773593e-01
2.450000000000000000e+01,2.036282542483007774e-01
2.452083333333333215e+01,1.980988960968198265e-01
2.454166666666666430e+01,1.938759432830119978e-01
2.456250000000000000e+01,1.896714160655413317e-01
2.458333333333333215e+01,1.839965934321665664e-01
2.460416666666666430e+01,1.781758857579573696e-01
2.462500000000000000e+01,1.743200217267083518e-01
2.464583333333333215e+01,1.716247221049520266e-01
2.466666666666666430e+01,1.679909645869505086e-01
2.468750000000000000e+01,1.644264077204073693e-01
2.470833333333333215e+01,1.633386994484487820e-01
2.472916666666666430e+01,1.640052385490476383e-01
2.475000000000000000e+01,1.640734523239291698e-01
2.477083333333333215e+01,1.643259078421342445e-01
2.479166666666666430e+01,1.664584889786865640e-01
2.481250000000000000e+01,1.694505248703463973e-01
2.483333333333333215e+01,1.710289800574842922e-01
2.485416666666666430e+01,1.722274321213050630e-01
2.487500000000000000e+01,1.757671320625149025e-01
2.489583333333333215e+01,1.810333692994485766e-01
2.491666666666666430e+01,1.855019597412465027e-01
2.493750000000000000e+01,1.888855881839377193e-01
2.495833333333333215e+01,1.933399318642835818e-01
2.497916666666666430e+01,1.982562009513440526e-01
2.500000000000000000e+01,2.012640279549358369e-01
2.502083333333333215e+01,2.032810455098812974e-01
2.504166666666666430e+01,2.069856440051484614e-01
2.506250000000000000e+01,2.116745496187515119e-01
2.508333333333333215e+01,2.148476110312686760e-01
2.510416666666666430e+01,2.166738208262848908e-01
2.512500000000000000e+01,2.190871022841361926e-01
2.514583333333333215e+01,2.212903102031415492e-01
2.516666666666666430e+01,2.209137645221095902e-01
2.518750000000000000e+01,2.188638944039671130e-01
2.520833333333333215e+01,2.178378304680066713e-01
2.522916666666666430e+01,2.172440563764957977e-01
2.525000000000000000e+01,2.147101646764434657e-01
2.527083333333333215e+01,2.111339396144706892e-01
2.529166666666666430e+01,2.092098572045402172e-01
2.531250000000000000e+01,2.083520438365858429e-01
2.533333333333333215e+01,2.061863900932848492e-01
2.535416666666666430e+01,2.035752520424588541e-01
2.537500000000000000e+01,2.030051800451900534e-01
2.539583333333333215e+01,2.038078964449010488e-01
2.541666666666666430e+01,2.036027394269034063e-01
2.543750000000000000e+01,2.030286583649810461e-01
2.545833333333333215e+01,2.031736424306933020e-01
2.547916666666666430e+01,2.029762887775684865e-01
2.550000000000000000e+01,2.016736807533563713e-01
2.552083333333333215e+01,2.004365661294432721e-01
2.554166666666666430e+01,1.988595283436983552e-01
2.556250000000000000e+01,1.958716753289808932e-01
2.558333333333333215e+01,1.927447423962494188e-01
2.560416666666666430e+01,1.914818156283673301e-01
2.562500000000000000e+01,1.912926708034828061e-01
2.564583333333333215e+01,1.905138129633156263e-01
2.566666666666666430e+01,1.899991644270943580e-01
2.568750000000000000e+01,1.900328174129017056e-01
2.570833333333333215e+01,1.893689837323137282e-01
2.572916666666666430e+01,1.885558709043916314e-01
2.575000000000000000e+01,1.891762082879638596e-01
2.577083333333333215e+01,1.897028695493996053e-01
2.579166666666666430e+01,1.882657192461725248e-01
2.581250000000000000e+01,1.867235444128777788e-01
2.583333333333333215e+01,1.872299209354821858e-01
2.585416666666666430e+01,1.882564482078243617e-01
2.587500000000000000e+01,1.879299028923758497e-01
2.589583333333333215e+01,1.880161369923745718e-01
2.591666666666666430e+01,1.899423922346981375e-01
2.593750000000000000e+01,1.918663528324473233e-01
2.595833333333333215e+01,1.919115106323203701e-01
2.597916666666666430e+01,1.918584057297716694e-01
2.600000000000000000e+01,1.937782122316147881e-01
2.602083333333333215e+01,1.977626057863383635e-01
2.604166666666666430e+01,2.016179790693072016e-01
2.606250000000000000e+01,2.049978125146758867e-01
2.608333333333333215e+01,2.097319753081957339e-01
2.610416666666666430e+01,2.145478855693760678e-01
2.612500000000000000e+01,2.170729960121457192e-01
2.614583333333333215e+01,2.189885095648099189e-01
2.616666666666666430e+01,2.229924311694424233e-01
2.618750000000000000e+01,2.276996431538904075e-01
2.620833333333333215e+01,2.302957615937124281e-01
2.622916666666666430e+01,2.322986588921104323e-01
2.625000000000000000e+01,2.364077390140334189e-01
2.627083333333333215e+01,2.412384194650233626e-01
2.629166666666666430e+01,2.439788600454843304e-01
2.631250000000000000e+01,2.461150111680014685e-01
2.633333333333333215e+01,2.502153453784535242e-01
2.635416666666666430e+01,2.549468364946465004e-01
2.637500000000000000e+01,2.575490748216051062e-01
2.639583333333333215e+01,2.594643984640480072e-01
2.641666666666666430e+01,2.628992373523768578e-01
2.643750000000000000e+01,2.662755888652058589e-01
2.645833333333333215e+01,2.668050187569774301e-01
2.647916666666666430e+01,2.659833920478594238e-01
2.650000000000000000e+01,2.664800925500161455e-01
2.652083333333333215e+01,2.669303875416075278e-01
2.654166666666666430e+01,2.645553590214975159e-01
2.656250000000000000e+01,2.608298575673791975e-01
2.658333333333333215e+01,2.584155798198392584e-01
2.660416666666666430e+01,2.560964323453038816e-01
2.662500000000000000e+01,2.522164370224658780e-01
2.664583333333333215e+01,2.487061771788050268e-01
2.666666666666666430e+01,2.477401572875611857e-01
2.668750000000000000e+01,2.477391624485924815e-01
2.670833333333333215e+01,2.459553558824142949e-01
2.672916666666666430e+01,2.439080997805716522e-01
2.675000000000000000e+01,2.442695248354520843e-01
2.677083333333333215e+01,2.456663087054872796e-01
2.679166666666666430e+01,2.453147716186304117e-01
2.681250000000000000e+01,2.447087511008788074e-01
2.683333333333333215e+01,2.464873654483647480e-01
2.685416666666666430e+01,2.492851684871935924e-01
2.687500000000000000e+01,2.504705005301643417e-01
2.689583333333333215e+01,2.514537976493222415e-01
2.691666666666666430e+01,2.538012328949377783e-01
2.693750000000000000e+01,2.557478387335850867e-01
2.695833333333333215e+01,2.550680152700159353e-01
2.697916666666666430e+01,2.534719485723084809e-01
2.700000000000000000e+01,2.536027832502185664e-01
2.702083333333333215e+01,2.541077333513830361e-01
2.704166666666666430e+01,2.522338154677323252e-01
2.706250000000000000e+01,2.494550979696587567e-01
2.708333333333333215e+01,2.483960420159214422e-01
2.710416666666666430e+01,2.476995716447411289e-01
2.712500000000000000e+01,2.446163326350533906e-01
2.714583333333333215e+01,2.406162979331752660e-01
2.716666666666666430e+01,2.382858686790579605e-01
2.718750000000000000e+01,2.363791852539202099e-01
2.720833333333333215e+01,2.331560955840501492e-01
2.722916666666666430e+01,2.305044711330787588e-01
2.725000000000000000e+01,2.306910202727366632e-01
2.727083333333333215e+01,2.321970010690153352e-01
2.729166666666666430e+01,2.322722957524830101e-01
2.731250000000000000e+01,2.323889432704055458e-01
2.733333333333333215e+01,2.351744568965430382e-01
2.735416666666666430e+01,2.392749502005825923e-01
2.737500000000000000e+01,2.419235450016929689e-01
2.739583333333333215e+01,2.442696247052143499e-01
2.741666666666666430e+01,2.477093954124226505e-01
2.743750000000000000e+01,2.505005596011341540e-01
2.745833333333333215e+01,2.508161319415448398e-01
2.747916666666666430e+01,2.505097065632653774e-01
2.750000000000000000e+01,2.521921043671203622e-01
2.752083333333333215e+01,2.545250558043244959e-01
2.754166666666666430e+01,2.547874450163069016e-01
2.756250000000000000e+01,2.544396097081725872e-01
2.758333333333333215e+01,2.560847895700554822e-01
2.760416666666666430e+01,2.583885233350478594e-01
2.762500000000000000e+01,2.586368170505701780e-01
2.764583333333333215e+01,2.582863897156743027e-01
2.766666666666666430e+01,2.599339233146242822e-01
2.768750000000000000e+01,2.622499448239601350e-01
2.770833333333333215e+01,2.625421357975036285e-01
2.772916666666666430e+01,2.622476321809660282e-01
2.775000000000000000e+01,2.637823916947503178e-01
2.777083333333333215e+01,2.657442748758901963e-01
2.779166666666666430e+01,2.654345959708650504e-01
2.781250000000000000e+01,2.643021262497458612e-01
2.783333333333333215e+01,2.649305562822432125e-01
2.785416666666666430e+01,2.659970837920944131e-01
2.787500000000000000e+01,2.648096356301193888e-01
2.789583333333333215e+01,2.628133237427077717e-01
2.791666666666666430e+01,2.625861902341888876e-01
2.793750000000000000e+01,2.628086167454718458e-01
2.795833333333333215e+01,2.607951037756517931e-01
2.797916666666666430e+01,2.579865106818821641e-01
2.800000000000000000e+01,2.569550591759340308e-01
2.802083333333333215e+01,2.563843153494975158e-01
2.804166666666666430e+01,2.535951621008756818e-01
2.806250000000000000e+01,2.500255609535187995e-01
2.808333333333333215e+01,2.482420527420963752e-01
2.810416666666666430e+01,2.469313383883491309e-01
2.812500000000000000e+01,2.434209762613819272e-01
2.814583333333333215e+01,2.391435964199852271e-01
2.816666666666666430e+01,2.366596445158219153e-01
2.818750000000000000e+01,2.347207377057715372e-01
2.820833333333333215e+01,2.311450245772657119e-01
2.822916666666666430e+01,2.275806644921267996e-01
2.825000000000000000e+01,2.265823443113016145e-01
2.827083333333333215e+01,2.268396129646501336e-01
2.829166666666666430e+01,2.256876113551294916e-01
2.831250000000000000e+01,2.245500278931012450e-01
2.833333333333333215e+01,2.259736333592597401e-01
2.835416666666666430e+01,2.286501349602089728e-01
2.837500000000000000e+01,2.299206739738193228e-01
2.839583333333333215e+01,2.312177618646911181e-01
2.841666666666666430e+01,2.350719935098641300e-01
2.843750000000000000e+01,2.401712249020508394e-01
2.845833333333333215e+01,2.438628642402113078e-01
2.847916666666666430e+01,2.473546910286291145e-01
2.850000000000000000e+01,2.515341001350276939e-01
2.852083333333333215e+01,2.546830456484847072e-01
2.854166666666666430e+01,2.566419094831580150e-01
2.856250000000000000e+01,2.594880793113691908e-01
2.858333333333333215e+01,2.622613997731512714e-01
2.860416666666666430e+01,2.625842429416265222e-01
2.862500000000000000e+01,2.613551767704370699e-01
2.864583333333333215e+01,2.610098846666832340e-01
2.866666666666666430e+01,2.605450053752503825e-01
2.868750000000000000e+01,2.578372658698545594e-01
2.870833333333333215e+01,2.539042351794016938e-01
2.872916666666666430e+01,2.513062121379269209e-01
2.875000000000000000e+01,2.491156566391668492e-01
2.877083333333333215e+01,2.450647994282936504e-01
2.879166666666666430e+01,2.400998124037564685e-01
2.881250000000000000e+01,2.367724714689256049e-01
2.883333333333333215e+01,2.342016685432410372e-01
2.885416666666666430e+01,2.304880986886452821e-01
2.887500000000000000e+01,2.267364453528413759e-01
2.889583333333333215e+01,2.254939584223989157e-01
2.891666666666666430e+01,2.258187978649643934e-01
2.893750000000000000e+01,2.253274036018014514e-01
2.895833333333333215e+01,2.249088779159062468e-01
2.897916666666666430e+01,2.270961220689255988e-01
2.900000000000000000e+01,2.308667410726213953e-01
2.902083333333333215e+01,2.337730518495385601e-01
2.904166666666666430e+01,2.364635824894177896e-01
2.906250000000000000e+01,2.401112541559218549e-01
2.908333333333333215e+01,2.433501375486356033e-01
2.910416666666666430e+01,2.451395142205297917e-01
2.912500000000000000e+01,2.465885697966964663e-01
2.914583333333333215e+01,2.485582503836978596e-01
2.916666666666666430e+01,2.496113511861396683e-01
2.918750000000000000e+01,2.494122636908338297e-01
2.920833333333333215e+01,2.492964775297978330e-01
2.922916666666666430e+01,2.485516250879833133e-01
2.925000000000000000e+01,2.466311467308303917e-01
2.927083333333333215e+01,2.449867339240541231e-01
2.929166666666666430e+01,2.434940175171705357e-01
2.931250000000000000e+01,2.407205252733369827e-01
2.933333333333333215e+01,2.381577861952615671e-01
2.935416666666666430e+01,2.380508711600672622e-01
2.937500000000000000e+01,2.388632717150268314e-01
2.939583333333333215e+01,2.385057118660904862e-01
2.941666666666666430e+01,2.383548398615424613e-01
2.943750000000000000e+01,2.399151311075824189e-01
2.945833333333333215e+01,2.412786165707059560e-01
2.947916666666666430e+01,2.403413545142084606e-01
2.950000000000000000e+01,2.385683843389624359e-01
2.952083333333333215e+01,2.381821725831725078e-01
2.954166666666666430e+01,2.378929297576260760e-01
2.956250000000000000e+01,2.356979881013247236e-01
2.958333333333333215e+01,2.329064030271963681e-01
2.960416666666666430e+01,2.317246520766215734e-01
2.962500000000000000e+01,2.311882338253301861e-01
2.964583333333333215e+01,2.292328901275597630e-01
2.966666666666666430e+01,2.269606978203292935e-01
2.968750000000000000e+01,2.265326640668962055e-01
2.970833333333333215e+01,2.270452455026025773e-01
2.972916666666666430e+01,2.266518665133894772e-01
2.975000000000000000e+01,2.264727942072853883e-01
2.977083333333333215e+01,2.281893469652795936e-01
2.979166666666666430e+01,2.306901686872431245e-01
2.981250000000000000e+01,2.321501299197172852e-01
2.983333333333333215e+01,2.336536650715105023e-01
2.985416666666666430e+01,2.361535599666335083e-01
2.987500000000000000e+01,2.382492840564304770e-01
2.989583333333333215e+01,2.383061373600239841e-01
2.991666666666666430e+01,2.375692033407784398e-01
2.993750000000000000e+01,2.381325689635234721e-01
2.995833333333333215e+01,2.390879458201609076e-01
2.997916666666666430e+01,2.386130377465963959e-01
3.000000000000000000e+01,2.378675802113566495e-01
3.002083333333333215e+01,2.389368975516604487e-01
3.004166666666666430e+01,2.409067547814223997e-01
3.006250000000000000e+01,2.419401350533921247e-01
3.008333333333333215e+01,2.428108639940043667e-01
3.010416666666666430e+01,2.443194158042716335e-01
3.012500000000000000e+01,2.451979537031790113e-01
3.014583333333333215e+01,2.447660314273914506e-01
3.016666666666666430e+01,2.444530607760510565e-01
3.018750000000000000e+01,2.445909180402972283e-01
3.020833333333333215e+01,2.438834469375231462e-01
3.022916666666666430e+01,2.431922801458051286e-01
3.025000000000000000e+01,2.436252297451784732e-01
3.027083333333333215e+01,2.437133617337596536e-01
3.029166666666666430e+01,2.415536729706233010e-01
3.031250000000000000e+01,2.381175466464994228e-01
3.033333333333333215e+01,2.353947992611911955e-01
3.035416666666666430e+01,2.325259948898814322e-01
3.037500000000000000e+01,2.290798264681730423e-01
3.039583333333333215e+01,2.264620987486418158e-01
3.041666666666666430e+01,2.250495026284274613e-01
3.043750000000000000e+01,2.233691736221731783e-01
3.045833333333333215e+01,2.218499695935626792e-01
3.047916666666666430e+01,2.220275976186672495e-01
3.050000000000000000e+01,2.223844685496976226e-01
3.052083333333333215e+01,2.207904439994081702e-01
3.054166666666666430e+01,2.189244442609966645e-01
3.056250000000000000e+01,2.188450664613839636e-01
3.058333333333333215e+01,2.190287111481317994e-01
3.060416666666666430e+01,2.173831793094871123e-01
3.062500000000000000e+01,2.154708444473885376e-01
3.064583333333333215e+01,2.153017812400349618e-01
3.066666666666666430e+01,2.153577284298493211e-01
3.068750000000000000e+01,2.135087168831734106e-01
3.070833333333333215e+01,2.114343332023818078e-01
3.072916666666666430e+01,2.111915890134757612e-01
3.075000000000000000e+01,2.112965918567139278e-01
3.077083333333333215e+01,2.099435722956827233e-01
3.079166666666666430e+01,2.085993208098343432e-01
3.081250000000000000e+01,2.091914138537464551e-01
3.083333333333333215e+01,2.103539953259394302e-01
3.085416666666666430e+01,2.099717631802797413e-01
3.087500000000000000e+01,2.092183603462583474e-01
3.089583333333333215e+01,2.099882962805630082e-01
3.091666666666666430e+01,2.111717779640356341e-01
3.093750000000000000e+01,2.108655003636020486e-01
3.095833333333333215e+01,2.100037474394342574e-01
3.097916666666666430e+01,2.105610379464557258e-01
3.100000000000000000e+01,2.115337863756913961e-01
3.102083333333333215e+01,2.110398871615874472e-01
3.104166666666666430e+01,2.100066917381136489e-01
3.106250000000000000e+01,2.101772332502736262e-01
3.108333333333333215e+01,2.105866293883951745e-01
3.110416666666666430e+01,2.104137341149794893e-01
3.112500000000000000e+01,2.109158467421411720e-01
3.114583333333333215e+01,2.129463183974718288e-01
3.116666666666666430e+01,2.150270993120313723e-01
3.118750000000000000e+01,2.152754694060453611e-01
3.120833333333333215e+01,2.146082991758816727e-01
3.122916666666666430e+01,2.147923112427041481e-01
3.125000000000000000e+01,2.151404657981869084e-01
3.127083333333333215e+01,2.149934016996242758e-01
3.129166666666666430e+01,2.156257175390959013e-01
3.131250000000000000e+01,2.178453529532963784e-01
3.133333333333333215e+01,2.201031072319689641e-01
3.135416666666666430e+01,2.204602978760165088e-01
3.137500000000000000e+01,2.197945084040955899e-01
3.139583333333333215e+01,2.198345527837554103e-01
3.141666666666666430e+01,2.196747148345293832e-01
3.143750000000000000e+01,2.187611061620144681e-01
3.145833333333333215e+01,2.184215568361542736e-01
3.147916666666666430e+01,2.192716987409445706e-01
3.150000000000000000e+01,2.198906157367011283e-01
3.152083333333333215e+01,2.194786010004640409e-01
3.154166666666666430e+01,2.193733768251517890e-01
3.156250000000000000e+01,2.211087289766255071e-01
3.158333333333333215e+01,2.235189690357105297e-01
3.160416666666666430e+01,2.246485145674819994e-01
3.162500000000000000e+01,2.253540111168113869e-01
3.164583333333333215e+01,2.273302081960941468e-01
3.166666666666666430e+01,2.294806092415071219e-01
3.168750000000000000e+01,2.298241480883336241e-01
3.170833333333333215e+01,2.291849318198632690e-01
3.172916666666666430e+01,2.292522075560239070e-01
3.175000000000000000e+01,2.291241845579929659e-01
3.177083333333333215e+01,2.283096340990444506e-01
3.179166666666666430e+01,2.280614781499906429e-01
3.181250000000000000e+01,2.283665884000824209e-01
3.183333333333333215e+01,2.278465819461832909e-01
3.185416666666666430e+01,2.274670779406582355e-01
3.187500000000000000e+01,2.289721966875691017e-01
3.189583333333333215e+01,2.314810694853208228e-01
3.191666666666666430e+01,2.331550647237836671e-01
3.193750000000000000e+01,2.349525048086109069e-01
3.195833333333333215e+01,2.383315535282231057e-01
3.197916666666666430e+01,2.422609436074133760e-01
3.200000000000000000e+01,2.448982454814650767e-01
3.202083333333332860e+01,2.472404718827194425e-01
3.204166666666666430e+01,2.510411897018156036e-01
3.206250000000000000e+01,2.554072838900731113e-01
3.208333333333332860e+01,2.585056835862561964e-01
3.210416666666666430e+01,2.612091259729209525e-01
3.212500000000000000e+01,2.642885624492309904e-01
3.214583333333332860e+01,2.664424631194302062e-01
3.216666666666666430e+01,2.660308271892580789e-01
3.218750000000000000e+01,2.641204575291322687e-01
3.220833333333332860e+01,2.624578138670136118e-01
3.222916666666666430e+01,2.603135640124285555e-01
3.225000000000000000e+01,2.570780140088321786e-01
3.227083333333332860e+01,2.541947391641604104e-01
3.229166666666666430e+01,2.527727767577370721e-01
3.231250000000000000e+01,2.516608533041983509e-01
3.233333333333332860e+01,2.490491192664206488e-01
3.235416666666666430e+01,2.459162621031203699e-01
3.237500000000000000e+01,2.439915345021929916e-01
3.239583333333332860e+01,2.423991365478300741e-01
3.241666666666666430e+01,2.393380032947331759e-01
3.243750000000000000e+01,2.357829723423360835e-01
3.245833333333332860e+01,2.334602940182760322e-01
3.247916666666666430e+01,2.315001399152894768e-01
3.250000000000000000e+01,2.281093515881536804e-01
3.252083333333332860e+01,2.242825660694285628e-01
3.254166666666666430e+01,2.219144876233081209e-01
3.256250000000000000e+01,2.202515433141785939e-01
3.258333333333332860e+01,2.178207791581756037e-01
3.260416666666666430e+01,2.157443848882381887e-01
3.262500000000000000e+01,2.157370317404669058e-01
3.264583333333332860e+01,2.169173198772668953e-01
3.266666666666666430e+01,2.174398253956212890e-01
3.268750000000000000e+01,2.182407186805297994e-01
3.270833333333332860e+01,2.210151673947272355e-01
3.272916666666666430e+01,2.248942531577064474e-01
3.275000000000000000e+01,2.280754082125775739e-01
3.277083333333332860e+01,2.314816653111238520e-01
3.279166666666666430e+01,2.366040591752923139e-01
3.281250000000000000e+01,2.424829132757080064e-01
3.283333333333332860e+01,2.472796374549217080e-01
3.285416666666666430e+01,2.517698576729058835e-01
3.287500000000000000e+01,2.565800819966692625e-01
3.289583333333332860e+01,2.604099757523570258e-01
3.291666666666666430e+01,2.615650591090751265e-01
3.293750000000000000e+01,2.610219464713249837e-01
3.295833333333332860e+01,2.604574109902504930e-01
3.297916666666666430e+01,2.592133148898754236e-01
3.300000000000000000e+01,2.568554017502995279e-01
3.302083333333332860e+01,2.547445755070699147e-01
3.304166666666666430e+01,2.534185806016228670e-01
3.306250000000000000e+01,2.516983419949655465e-01
3.308333333333332860e+01,2.490058728825801371e-01
3.310416666666666430e+01,2.466912064880202871e-01
3.312500000000000000e+01,2.455696506966462134e-01
3.314583333333332860e+01,2.444351074099562482e-01
3.316666666666666430e+01,2.415571845730024314e-01
3.318750000000000000e+01,2.378719190055916810e-01
3.320833333333332860e+01,2.350377805278104082e-01
3.322916666666666430e+01,2.323445140667778352e-01
3.325000000000000000e+01,2.290720219734857788e-01
3.327083333333332860e+01,2.265684079734896494e-01
3.329166666666666430e+01,2.261667136286371893e-01
3.331250000000000000e+01,2.268861211274010858e-01
3.333333333333332860e+01,2.269936484762845319e-01
3.335416666666666430e+01,2.274361528518964448e-01
3.337500000000000000e+01,2.298476201708425370e-01
3.339583333333332860e+01,2.332268520010082891e-01
3.341666666666666430e+01,2.356613727676365733e-01
3.343750000000000000e+01,2.380130871883167909e-01
3.345833333333332860e+01,2.418982134066681722e-01
3.347916666666666430e+01,2.464914001832070878e-01
3.350000000000000000e+01,2.500912046819927514e-01
3.352083333333332860e+01,2.533927318362098058e-01
3.354166666666666430e+01,2.567655207887379887e-01
3.356250000000000000e+01,2.589910676173191040e-01
3.358333333333332860e+01,2.594514186332446681e-01
3.360416666666666430e+01,2.595256563320970100e-01
3.362500000000000000e+01,2.608201606712192699e-01
3.364583333333332860e+01,2.625115481727203215e-01
3.366666666666666430e+01,2.629141654520849025e-01
3.368750000000000000e+01,2.629471494746880023e-01
3.370833333333332860e+01,2.642202921462794007e-01
3.372916666666666430e+01,2.659175051478731566e-01
3.375000000000000000e+01,2.663624792679614717e-01
3.377083333333332860e+01,2.664684294266882469e-01
3.379166666666666430e+01,2.678354448053564818e-01
3.381250000000000000e+01,2.696519679614632903e-01
3.383333333333332860e+01,2.702506912128918581e-01
3.385416666666666430e+01,2.705409372924434397e-01
3.387500000000000000e+01,2.721031882582392036e-01
3.389583333333332860e+01,2.741111414835508131e-01
3.391666666666666430e+01,2.748029419309447330e-01
3.393750000000000000e+01,2.749987280169299275e-01
3.395833333333332860e+01,2.760712137222870455e-01
3.397916666666666430e+01,2.771391654374131264e-01
3.400000000000000000e+01,2.765633210608213211e-01
3.402083333333332860e+01,2.752378932591891258e-01
3.404166666666666430e+01,2.747279926102449976e-01
3.406250000000000000e+01,2.742437986933597416e-01
3.408333333333332860e+01,2.721589152596077255e-01
3.410416666666666430e+01,2.693476839996700178e-01
3.412500000000000000e+01,2.673653591880241764e-01
3.414583333333332860e+01,2.654285089764745753e-01
3.416666666666666430e+01,2.619132385347055503e-01
3.418750000000000000e+01,2.577079063702095718e-01
3.420833333333332860e+01,2.543659714987576703e-01
3.422916666666666430e+01,2.511044155432590186e-01
3.425000000000000000e+01,2.463085023643497018e-01
3.427083333333332860e+01,2.409027870175032005e-01
3.429166666666666430e+01,2.368324711314400144e-01
3.431250000000000000e+01,2.335123644084418915e-01
3.433333333333332860e+01,2.295053798636190190e-01
3.435416666666666430e+01,2.258005138823873381e-01
3.437500000000000000e+01,2.240477406904416713e-01
3.439583333333332860e+01,2.235138398292664252e-01
3.441666666666666430e+01,2.225863958950070887e-01
3.443750000000000000e+01,2.221392856837441643e-01
3.445833333333332860e+01,2.237058994471218809e-01
3.447916666666666430e+01,2.260641160354523171e-01
3.450000000000000000e+01,2.275239108295422641e-01
3.452083333333332860e+01,2.283749280853428765e-01
3.454166666666666430e+01,2.298600197285899094e-01
3.456250000000000000e+01,2.312246123892218175e-01
3.458333333333332860e+01,2.314132009979125437e-01
3.460416666666666430e+01,2.312623572366658276e-01
3.462500000000000000e+01,2.305246410084250408e-01
3.464583333333332860e+01,2.281647417957414492e-01
3.466666666666666430e+01,2.254371962569528265e-01
3.468750000000000000e+01,2.242148495716126400e-01
3.470833333333332860e+01,2.238172394587433778e-01
3.472916666666666430e+01,2.227834037515609988e-01
3.475000000000000000e+01,2.219578813254199368e-01
3.477083333333332860e+01,2.224371074806336390e-01
3.479166666666666430e+01,2.232507638482450762e-01
3.481250000000000000e+01,2.229621296288708809e-01
3.483333333333332860e+01,2.225976631588862664e-01
3.485416666666666430e+01,2.239360175317212376e-01
3.487500000000000000e+01,2.262803070703842123e-01
3.489583333333332860e+01,2.280531061085926126e-01
3.491666666666666430e+01,2.298987505285820521e-01
3.493750000000000000e+01,2.318988292473034563e-01
3.495833333333332860e+01,2.328912487472767634e-01
3.497916666666666430e+01,2.333508828358678289e-01
3.500000000000000000e+01,2.345984260017804079e-01
3.502083333333332860e+01,2.350090612146704117e-01
3.504166666666666430e+01,2.333294649327678216e-01
3.506250000000000000e+01,2.317849184428841802e-01
3.508333333333332860e+01,2.323694850528589817e-01
3.510416666666666430e+01,2.333827142415677292e-01
3.512500000000000000e+01,2.329825169362264026e-01
3.514583333333332860e+01,2.327452891023756021e-01
3.516666666666666430e+01,2.341844328356013916e-01
3.518750000000000000e+01,2.355701669608912252e-01
3.520833333333332860e+01,2.352180005636365090e-01
3.522916666666666430e+01,2.350981223030608469e-01
3.525000000000000000e+01,2.366964490568387869e-01
3.527083333333332860e+01,2.380827309037140682e-01
3.529166666666666430e+01,2.375232472007398343e-01
3.531250000000000000e+01,2.370364059099920040e-01
3.533333333333332860e+01,2.384923386977434168e-01
3.535416666666666430e+01,2.401276743681470260e-01
3.537500000000000000e+01,2.401486657635959476e-01
3.539583333333332860e+01,2.400279299121458321e-01
3.541666666666666430e+01,2.408858259608308849e-01
3.543750000000000000e+01,2.410058391057825211e-01
3.545833333333332860e+01,2.387615224323897389e-01
3.547916666666666430e+01,2.358684623997075736e-01
3.550000000000000000e+01,2.341903746813406295e-01
3.552083333333332860e+01,2.320296464360678268e-01
3.554166666666666430e+01,2.276615514425195663e-01
3.556250000000000000e+01,2.231145131629715672e-01
3.558333333333332860e+01,2.203833701611666307e-01
3.560416666666666430e+01,2.177684163594924838e-01
3.562500000000000000e+01,2.135416189888497684e-01
3.564583333333332860e+01,2.097303507926644162e-01
3.566666666666666430e+01,2.083509314995450890e-01
3.568750000000000000e+01,2.078596936566941833e-01
3.570833333333332860e+01,2.066010039358727179e-01
3.572916666666666430e+01,2.064894845686854330e-01
3.575000000000000000e+01,2.086724426361333817e-01
3.577083333333332860e+01,2.110902419980022204e-01
3.579166666666666430e+01,2.119889737909835814e-01
3.581250000000000000e+01,2.131189698749762218e-01
3.583333333333332860e+01,2.163568606100043368e-01
3.585416666666666430e+01,2.200009949396262154e-01
3.587500000000000000e+01,2.223045956976364701e-01
3.589583333333332860e+01,2.249899073560753804e-01
3.591666666666666430e+01,2.283596553773522830e-01
3.593750000000000000e+01,2.302799773852903797e-01
3.595833333333332860e+01,2.313151201221697872e-01
3.597916666666666430e+01,2.340690494762833196e-01
3.600000000000000000e+01,2.372041006179927969e-01
3.602083333333332860e+01,2.380206801114890802e-01
3.604166666666666430e+01,2.381655910766614648e-01
3.606250000000000000e+01,2.401170402219794942e-01
3.608333333333332860e+01,2.423427153881181073e-01
3.610416666666666430e+01,2.426775878147418852e-01
3.612500000000000000e+01,2.429183654731440489e-01
3.614583333333332860e+01,2.447619044399779731e-01
3.616666666666666430e+01,2.463824392282351616e-01
3.618750000000000000e+01,2.458965578021617970e-01
3.620833333333332860e+01,2.452577136930540469e-01
3.622916666666666430e+01,2.463247486689703059e-01
3.625000000000000000e+01,2.473380402678437562e-01
3.627083333333332860e+01,2.463611147434702220e-01
3.629166666666666430e+01,2.448461983121856256e-01
3.631250000000000000e+01,2.444715348171242197e-01
3.633333333333332860e+01,2.437043890009989999e-01
3.635416666666666430e+01,2.407539771678209595e-01
3.637500000000000000e+01,2.374684617851131330e-01
3.639583333333332860e+01,2.356505958298514003e-01
3.641666666666666430e+01,2.335327986009877455e-01
3.643750000000000000e+01,2.292013637073084253e-01
3.645833333333332860e+01,2.241974891345310250e-01
3.647916666666666430e+01,2.202764972282577893e-01
3.650000000000000000e+01,2.163074693820228878e-01
3.652083333333332860e+01,2.109191736654735250e-01
3.654166666666666430e+01,2.061742986293625957e-01
3.656250000000000000e+01,2.039241236133216006e-01
3.658333333333332860e+01,2.024013789727846513e-01
3.660416666666666430e+01,1.997365876060413492e-01
3.662500000000000000e+01,1.978968588982205346e-01
3.664583333333332860e+01,1.987254834481294585e-01
3.666666666666666430e+01,2.004432039174685043e-01
3.668750000000000000e+01,2.011907661224503763e-01
3.670833333333332860e+01,2.028720633542868135e-01
3.672916666666666430e+01,2.067296819075453151e-01
3.675000000000000000e+01,2.107007435777784599e-01
3.677083333333332860e+01,2.127758660422667814e-01
3.679166666666666430e+01,2.143674556219354876e-01
3.681250000000000000e+01,2.171382141832461643e-01
3.683333333333332860e+01,2.197072569826980237e-01
3.685416666666666430e+01,2.202434086396127810e-01
3.687500000000000000e+01,2.195326711941022468e-01
3.689583333333332860e+01,2.192389735537961237e-01
3.691666666666666430e+01,2.187134352713697161e-01
3.693750000000000000e+01,2.174490138832652075e-01
3.695833333333332860e+01,2.166253137182723165e-01
3.697916666666666430e+01,2.175962610120888985e-01
3.700000000000000000e+01,2.192221559585603718e-01
3.702083333333332860e+01,2.197420811391240791e-01
3.704166666666666430e+01,2.198221659534865813e-01
3.706250000000000000e+01,2.208492846462006831e-01
3.708333333333332860e+01,2.219508186398925220e-01
3.710416666666666430e+01,2.215571821893335680e-01
3.712500000000000000e+01,2.203627588449111330e-01
3.714583333333332860e+01,2.197281300110880409e-01
3.716666666666666430e+01,2.188309504977355158e-01
3.718750000000000000e+01,2.172594945264920974e-01
3.720833333333332860e+01,2.160710257952148106e-01
3.722916666666666430e+01,2.154512998075449048e-01
3.725000000000000000e+01,2.143348758515576380e-01
3.727083333333332860e+01,2.137037471653832066e-01
3.729166666666666430e+01,2.149212007459400942e-01
3.731250000000000000e+01,2.159161311522727889e-01
3.733333333333332860e+01,2.147310581249647909e-01
3.735416666666666430e+01,2.130830867989620681e-01
3.737500000000000000e+01,2.126538499845074259e-01
3.739583333333332860e+01,2.116129112917965183e-01
3.741666666666666430e+01,2.096037126762382574e-01
3.743750000000000000e+01,2.088222612609186846e-01
3.745833333333332860e+01,2.090895245605406128e-01
3.747916666666666430e+01,2.079337183625102059e-01
3.750000000000000000e+01,2.066963557366536808e-01
3.752083333333332860e+01,2.079665998080233447e-01
3.754166666666666430e+01,2.099429033554296165e-01
3.756250000000000000e+01,2.097402002802513099e-01
3.758333333333332860e+01,2.088304565108373700e-01
3.760416666666666430e+01,2.099567656092688195e-01
3.762500000000000000e+01,2.114015309560658973e-01
3.764583333333332860e+01,2.103489021763944589e-01
3.766666666666666430e+01,2.082874517242333245e-01
3.768750000000000000e+01,2.079668113056127865e-01
3.770833333333332860e+01,2.077258529301263534e-01
3.772916666666666430e+01,2.050835847453893468e-01
3.775000000000000000e+01,2.016862333678351438e-01
3.777083333333332860e+01,2.002833174846553321e-01
3.779166666666666430e+01,1.992842875770021727e-01
3.781250000000000000e+01,1.960987377646574714e-01
3.783333333333332860e+01,1.922582677575515042e-01
3.785416666666666430e+01,1.902875056353115213e-01
3.787500000000000000e+01,1.890070313656627421e-01
3.789583333333332860e+01,1.865925105753823143e-01
3.791666666666666430e+01,1.848611560001865439e-01
3.793750000000000000e+01,1.863315308305488471e-01
3.795833333333332860e+01,1.892169805197313759e-01
3.797916666666666430e+01,1.903975362792314219e-01
3.800000000000000000e+01,1.912158944754810408e-01
3.802083333333332860e+01,1.943863958557470184e-01
3.804166666666666430e+01,1.982296043986292722e-01
3.806250000000000000e+01,2.002430998839428711e-01
3.808333333333332860e+01,2.019591750730790058e-01
3.810416666666666430e+01,2.056807547958304228e-01
3.812500000000000000e+01,2.096238810817545040e-01
3.814583333333332860e+01,2.119015443756291361e-01
3.816666666666666430e+01,2.140966768951067245e-01
3.818750000000000000e+01,2.179702995215577754e-01
3.820833333333332860e+01,2.215305588173055451e-01
3.822916666666666430e+01,2.229539311078903019e-01
3.825000000000000000e+01,2.240435395769037885e-01
3.827083333333332860e+01,2.267179894643933102e-01
3.829166666666666430e+01,2.290237955019159832e-01
3.831250000000000000e+01,2.291262380218402062e-01
3.833333333333332860e+01,2.288077068895153221e-01
3.835416666666666430e+01,2.299165407184219634e-01
3.837500000000000000e+01,2.304669297431919672e-01
3.839583333333332860e+01,2.286321076228328419e-01
3.841666666666666430e+01,2.262026121434434212e-01
3.843750000000000000e+01,2.250641981320044283e-01
3.845833333333332860e+01,2.235798673452471796e-01
3.847916666666666430e+01,2.200724339494111170e-01
3.850000000000000000e+01,2.163242974800930751e-01
3.852083333333332860e+01,2.141809523521951419e-01
3.854166666666666430e+01,2.116941841093157584e-01
3.856250000000000000e+01,2.073439311689690701e-01
3.858333333333332860e+01,2.030556559396911043e-01
3.860416666666666430e+01,2.006817589627804821e-01
3.862500000000000000e+01,1.983581901442543205e-01
3.864583333333332860e+01,1.943201415862142456e-01
3.866666666666666430e+01,1.903588360759488896e-01
3.868750000000000000e+01,1.883731932379676677e-01
3.870833333333332860e+01,1.868684761489586288e-01
3.872916666666666430e+01,1.842081086612001595e-01
3.875000000000000000e+01,1.819999061871049872e-01
3.877083333333332860e+01,1.820104567202506241e-01
3.879166666666666430e+01,1.822406730465046532e-01
3.881250000000000000e+01,1.808679588938491567e-01
3.883333333333332860e+01,1.797058189422132413e-01
3.885416666666666430e+01,1.807562569593034740e-01
3.887500000000000000e+01,1.824440001426209379e-01
3.889583333333332860e+01,1.830832758742980959e-01
3.891666666666666430e+01,1.844102595282125778e-01
3.893750000000000000e+01,1.882468494244266821e-01
3.895833333333332860e+01,1.925985366065467996e-01
3.897916666666666430e+01,1.956375181380921868e-01
3.900000000000000000e+01,1.991125160743421052e-01
3.902083333333332860e+01,2.045315758037331011e-01
3.904166666666666430e+01,2.097526256353106910e-01
3.906250000000000000e+01,2.129557235386168035e-01
3.908333333333332860e+01,2.159376774735096982e-01
3.910416666666666430e+01,2.205758707313925093e-01
3.912500000000000000e+01,2.252757579152113443e-01
3.914583333333332860e+01,2.283650782605002316e-01
3.916666666666666430e+01,2.314158067759560233e-01
3.918750000000000000e+01,2.352686117193952542e-01
3.920833333333332860e+01,2.375939115483752806e-01
3.922916666666666430e+01,2.372081207041379924e-01
3.925000000000000000e+01,2.361792871846637998e-01
3.927083333333332860e+01,2.363508503058132926e-01
3.929166666666666430e+01,2.357342874062620941e-01
3.931250000000000000e+01,2.325081482367332419e-01
3.933333333333332860e+01,2.284993326370561573e-01
3.935416666666666430e+01,2.258127650914664442e-01
3.937500000000000000e+01,2.227274147514467506e-01
3.939583333333332860e+01,2.178200066593132256e-01
3.941666666666666430e+01,2.130287421589499575e-01
3.943750000000000000e+01,2.102056852295812739e-01
3.945833333333332860e+01,2.073750188659802540e-01
3.947916666666666430e+01,2.027002912587222150e-01
3.950000000000000000e+01,1.979571676823667914e-01
3.952083333333332860e+01,1.950526768403671174e-01
3.954166666666666430e+01,1.924752539859262979e-01
3.956250000000000000e+01,1.888842206635420740e-01
3.958333333333332860e+01,1.861488903961600883e-01
3.960416666666666430e+01,1.861184551507980012e-01
3.962500000000000000e+01,1.868231326632233125e-01
3.964583333333332860e+01,1.864124988920863868e-01
3.966666666666666430e+01,1.866547945891020022e-01
3.968750000000000000e+01,1.894141139751571168e-01
3.970833333333332860e+01,1.927197115426554919e-01
3.972916666666666430e+01,1.947241514558825937e-01
3.975000000000000000e+01,1.971623625009767122e-01
3.977083333333332860e+01,2.016578310550970199e-01
3.979166666666666430e+01,2.065191104185815085e-01
3.981250000000000000e+01,2.100518585714350184e-01
3.983333333333332860e+01,2.139020457661542363e-01
3.985416666666666430e+01,2.191361430520142595e-01
3.987500000000000000e+01,2.234461903440281838e-01
3.989583333333332860e+01,2.249719346456061086e-01
3.991666666666666430e+01,2.254675270503738449e-01
3.993750000000000000e+01,2.268188609021000446e-01
3.995833333333332860e+01,2.271285112090446479e-01
3.997916666666666430e+01,2.249206465329021964e-01
4.000000000000000000e+01,2.221163088231161986e-01
4.002083333333332860e+01,2.206670232726061776e-01
4.004166666666666430e+01,2.191220294776396460e-01
4.006250000000000000e+01,2.158093033632539071e-01
4.008333333333332860e+01,2.123554657137730339e-01
4.010416666666666430e+01,2.106095131530986431e-01
4.012500000000000000e+01,2.086324030888607461e-01
4.014583333333332860e+01,2.045572497973374426e-01
4.016666666666666430e+01,2.001470445431550726e-01
4.018750000000000000e+01,1.974582966571218068e-01
4.020833333333332860e+01,1.950407039191812408e-01
4.022916666666666430e+01,1.913515928767607899e-01
4.025000000000000000e+01,1.879721140284501824e-01
4.027083333333332860e+01,1.867522461116553623e-01
4.029166666666666430e+01,1.861051754804961267e-01
4.031250000000000000e+01,1.842949573314540401e-01
4.033333333333332860e+01,1.830481883789184527e-01
4.035416666666666430e+01,1.842741452797390656e-01
4.037500000000000000e+01,1.860473442953169132e-01
4.039583333333332860e+01,1.864825211215811462e-01
4.041666666666666430e+01,1.873117055611185633e-01
4.043750000000000000e+01,1.904414548630041781e-01
4.045833333333332860e+01,1.939440666767943133e-01
4.047916666666666430e+01,1.959398112483287380e-01
4.050000000000000000e+01,1.981354126607315080e-01
4.052083333333332860e+01,2.022442297120141952e-01
4.054166666666666430e+01,2.064126239077656577e-01
4.056250000000000000e+01,2.088129926063429787e-01
4.058333333333332860e+01,2.111624061592412005e-01
4.060416666666666430e+01,2.153818027936175439e-01
4.062500000000000000e+01,2.195613831719298858e-01
4.064583333333332860e+01,2.218109177353091710e-01
4.066666666666666430e+01,2.238001768632721100e-01
4.068750000000000000e+01,2.270890309518142913e-01
4.070833333333332860e+01,2.299367884468992707e-01
4.072916666666666430e+01,2.305815433625573174e-01
4.075000000000000000e+01,2.307283538369584996e-01
4.077083333333332860e+01,2.323134551101836143e-01
4.079166666666666430e+01,2.334433176847992286e-01
4.081250000000000000e+01,2.322149606658211463e-01
4.083333333333332860e+01,2.303368088249789503e-01
4.085416666666666430e+01,2.297444617248308452e-01
4.087500000000000000e+01,2.285444743422727631e-01
4.089583333333332860e+01,2.248367966578388166e-01
4.091666666666666430e+01,2.203413540605200227e-01
4.093750000000000000e+01,2.171153956167492516e-01
4.095833333333332860e+01,2.138439699099751179e-01
4.097916666666666430e+01,2.094120853882757982e-01
4.100000000000000000e+01,2.054211494869285781e-01
4.102083333333332860e+01,2.037899258200181751e-01
4.104166666666666430e+01,2.037429104693362358e-01
4.106250000000000000e+01,2.035941039549135356e-01
4.108333333333332860e+01,2.040523008433563490e-01
4.110416666666666430e+01,2.053364423139591444e-01
4.112500000000000000e+01,2.061662863307444082e-01
4.114583333333332860e+01,2.062651528224262176e-01
4.116666666666666430e+01,2.068934801486669028e-01
4.118750000000000000e+01,2.077765711398485149e-01
4.120833333333332860e+01,2.076888017101611861e-01
4.122916666666666430e+01,2.082606920284802710e-01
4.125000000000000000e+01,2.099901239690286914e-01
4.127083333333332860e+01,2.108158620552003093e-01
4.129166666666666430e+01,2.104210982967966992e-01
4.131250000000000000e+01,2.110822262731450183e-01
4.133333333333332860e+01,2.123069742878896937e-01
4.135416666666666430e+01,2.117912399152026837e-01
4.137500000000000000e+01,2.112449798534580536e-01
4.139583333333332860e+01,2.137287908412406068e-01
4.141666666666666430e+01,2.179153184364190088e-01
4.143750000000000000e+01,2.209471366825665750e-01
4.145833333333332860e+01,2.229768515302252840e-01
4.147916666666666430e+01,2.263939718584173921e-01
4.150000000000000000e+01,2.299748988025628049e-01
4.152083333333332860e+01,2.311534339122174320e-01
4.154166666666666430e+01,2.316571163111911802e-01
4.156250000000000000e+01,2.345442976449095829e-01
4.158333333333332860e+01,2.385000156248433256e-01
4.160416666666666430e+01,2.407683762126685556e-01
4.162500000000000000e+01,2.421125302022503756e-01
4.164583333333332860e+01,2.444852752400174245e-01
4.166666666666666430e+01,2.462619666832459309e-01
4.168750000000000000e+01,2.447856230344389317e-01
4.170833333333332860e+01,2.417488026406059698e-01
4.172916666666666430e+01,2.402145151653414801e-01
4.175000000000000000e+01,2.388812933950497375e-01
4.177083333333332860e+01,2.350965857137060355e-01
4.179166666666666430e+01,2.305551748951499280e-01
4.181250000000000000e+01,2.283058640934813865e-01
4.183333333333332860e+01,2.270412208625342265e-01
4.185416666666666430e+01,2.241169064406217382e-01
4.187500000000000000e+01,2.212212752553972261e-01
4.189583333333332860e+01,2.213221003291953315e-01
4.191666666666666430e+01,2.230864781612698078e-01
4.193750000000000000e+01,2.237394929741956529e-01
4.195833333333332860e+01,2.234540427794666217e-01
4.197916666666666430e+01,2.211228642149638823e-01
4.200000000000000000e+01,2.141786023242684411e-01
4.202083333333332860e+01,2.027050745972326651e-01
4.204166666666666430e+01,1.893426543710713394e-01
4.206250000000000000e+01,1.743006625186493685e-01
4.208333333333332860e+01,1.571232767262811247e-01
4.210416666666666430e+01,1.392274723665523906e-01
4.212500000000000000e+01,1.218749619183567973e-01
4.214583333333332860e+01,1.039126745441330130e-01
4.216666666666666430e+01,8.611467182011187105e-02
4.218750000000000000e+01,7.013058787324674692e-02
4.220833333333332860e+01,5.516878888589538815e-02
4.222916666666666430e+01,3.928211112814761208e-02
4.225000000000000000e+01,2.334257977903181000e-02
4.227083333333332860e+01,9.271924333501477267e-03
4.229166666666666430e+01,-3.420551424326002260e-03
4.231250000000000000e+01,-1.509301705351050009e-02
4.233333333333332860e+01,-2.444236689204012242e-02
4.235416666666666430e+01,-3.151205223276366818e-02
4.237500000000000000e+01,-3.758954424566553904e-02
4.239583333333332860e+01,-4.239071291792460144e-02
4.241666666666666430e+01,-4.453589041614108152e-02
4.243750000000000000e+01,-4.554379908388362513e-02
4.245833333333332860e+01,-4.717124993124862525e-02
4.247916666666666430e+01,-4.746500850145619899e-02
4.250000000000000000e+01,-4.435008616798533782e-02
4.252083333333332860e+01,-3.945997050410072343e-02
4.254166666666666430e+01,-3.486674655938657580e-02
4.256250000000000000e+01,-3.067863056518563281e-02
4.258333333333332860e+01,-2.571045620978012342e-02
4.260416666666666430e+01,-2.135985199651403016e-02
4.262500000000000000e+01,-1.910688452390288047e-02
4.264583333333332860e+01,-1.689439140033631090e-02
4.266666666666666430e+01,-1.263739757876524220e-02
4.268750000000000000e+01,-7.831622376701045246e-03
4.270833333333332860e+01,-4.238921121488103960e-03
4.272916666666666430e+01,-2.835348643726144993e-04
4.275000000000000000e+01,4.605389526818961382e-03
4.277083333333332860e+01,8.347976742115202631e-03
4.279166666666666430e+01,1.038864436976397534e-02
4.281250000000000000e+01,1.272025885884463768e-02
4.283333333333332860e+01,1.553885596461549411e-02
4.285416666666666430e+01,1.678754137879135896e-02
4.287500000000000000e+01,1.729734806390588464e-02
4.289583333333332860e+01,1.940816871723463274e-02
4.291666666666666430e+01,2.165054723130512351e-02
4.293750000000000000e+01,2.137572324443470784e-02
4.295833333333332860e+01,2.023538277808841976e-02
4.297916666666666430e+01,2.086733832426050650e-02
4.300000000000000000e+01,2.179839848480426973e-02
4.302083333333332860e+01,2.038878867590861871e-02
4.304166666666666430e+01,1.833490704070639757e-02
4.306250000000000000e+01,1.869525725861143420e-02
4.308333333333332860e+01,2.016815887531870494e-02
4.310416666666666430e+01,2.006708382531891682e-02
4.312500000000000000e+01,1.964789245548363705e-02
4.314583333333332860e+01,2.058911845429818241e-02
4.316666666666666430e+01,2.115275315801405306e-02
4.318750000000000000e+01,1.960554050066419529e-02
4.320833333333332860e+01,1.795379422118731708e-02
4.322916666666666430e+01,1.855455580932831652e-02
4.325000000000000000e+01,1.981210794463252739e-02
4.327083333333332860e+01,1.908501087043142780e-02
4.329166666666666430e+01,1.802412311451534466e-02
4.331250000000000000e+01,1.938168548191847654e-02
4.333333333333332860e+01,2.173479954065803479e-02
4.335416666666666430e+01,2.244500341531239021e-02
4.337500000000000000e+01,2.291825288156730533e-02
4.339583333333332860e+01,2.434749022392061757e-02
4.341666666666666430e+01,2.483711841958264471e-02
4.343750000000000000e+01,2.326170478369179312e-02
4.345833333333332860e+01,2.173215894371589157e-02
4.347916666666666430e+01,2.138996292194940071e-02
4.350000000000000000e+01,2.039886345149869232e-02
4.352083333333332860e+01,1.684039907604807998e-02
4.354166666666666430e+01,1.236197098662896593e-02
4.356250000000000000e+01,8.925676559545708821e-03
4.358333333333332860e+01,5.659392514245523836e-03
4.360416666666666430e+01,9.482128469467056200e-04
4.362500000000000000e+01,-3.357839194848110352e-03
4.364583333333332860e+01,-5.315810221074863950e-03
4.366666666666666430e+01,-6.606676997250239547e-03
4.368750000000000000e+01,-9.367557865346166565e-03
4.370833333333332860e+01,-1.197142228323921052e-02
4.372916666666666430e+01,-1.252154427780697438e-02
4.375000000000000000e+01,-1.266504469240896727e-02
4.377083333333332860e+01,-1.440399177761017210e-02
4.379166666666666430e+01,-1.591273373679527939e-02
4.381250000000000000e+01,-1.523407132870862289e-02
4.383333333333332860e+01,-1.401805918803074660e-02
4.385416666666666430e+01,-1.429642762023953378e-02
4.387500000000000000e+01,-1.448613788209003259e-02
4.389583333333332860e+01,-1.272363814289073636e-02
4.391666666666666430e+01,-1.064661354688071701e-02
4.393750000000000000e+01,-1.026675521316028176e-02
4.395833333333332860e+01,-9.769384077764774535e-03
4.397916666666666430e+01,-7.189319231819963837e-03
4.400000000000000000e+01,-4.167027089468578610e-03
4.402083333333332860e+01,-2.755666577087914279e-03
4.404166666666666430e+01,-1.470540817231063202e-03
4.406250000000000000e+01,1.524188153759308125e-03
4.408333333333332860e+01,4.606388133990807487e-03
4.410416666666666430e+01,5.751715175997613311e-03
4.412500000000000000e+01,6.759433533016898435e-03
4.414583333333332860e+01,9.607853486699530904e-03
4.416666666666666430e+01,1.267119919624449739e-02
4.418750000000000000e+01,1.392695204457993635e-02
4.420833333333332860e+01,1.512915861588453106e-02
4.422916666666666430e+01,1.789993437236890930e-02
4.425000000000000000e+01,2.045515509625397618e-02
4.427083333333332860e+01,2.075795716167786603e-02
4.429166666666666430e+01,2.048872313377601492e-02
4.431250000000000000e+01,2.157710949818433463e-02
4.433333333333332860e+01,2.240041263767995547e-02
4.435416666666666430e+01,2.088033913897240773e-02
4.437500000000000000e+01,1.839354131302629175e-02
4.439583333333332860e+01,1.677843163829827872e-02
4.441666666666666430e+01,1.462826745868824919e-02
4.443750000000000000e+01,1.059879763579843481e-02
4.445833333333332860e+01,6.759183303532136262e-03
4.447916666666666430e+01,5.093860630803620677e-03
4.450000000000000000e+01,3.964537026555658462e-03
4.452083333333332860e+01,1.156597030948848396e-03
4.454166666666666430e+01,-1.628804018578274091e-03
4.456250000000000000e+01,-2.392109444808951726e-03
4.458333333333332860e+01,-2.733443573424200815e-03
4.460416666666666430e+01,-4.703085991865126568e-03
4.462500000000000000e+01,-6.530360500318967490e-03
4.464583333333332860e+01,-6.219699012093576548e-03
4.466666666666666430e+01,-5.384761109815171774e-03
4.468750000000000000e+01,-6.184893876748780682e-03
4.470833333333332860e+01,-7.094673479670388604e-03
4.472916666666666430e+01,-6.184024479933216203e-03
4.475000000000000000e+01,-5.034833483289750077e-03
4.477083333333332860e+01,-5.713744694094567179e-03
4.479166666666666430e+01,-6.467537712516178636e-03
4.481250000000000000e+01,-5.284369454913786894e-03
4.483333333333332860e+01,-3.750593353747673064e-03
4.485416666666666430e+01,-3.929902603631948120e-03
4.487500000000000000e+01,-4.068778844885562879e-03
4.489583333333332860e+01,-2.159625464099210537e-03
4.491666666666666430e+01,2.076183530190965024e-04
4.493750000000000000e+01,9.707275035526547651e-04
4.495833333333332860e+01,1.883191924029564875e-03
4.497916666666666430e+01,4.948893655819826612e-03
4.500000000000000000e+01,8.557736027078433061e-03
4.502083333333332860e+01,1.050632868990443274e-02
4.504166666666666430e+01,1.230607929372069809e-02
4.506250000000000000e+01,1.552525790272300289e-02
4.508333333333332860e+01,1.841602667349801978e-02
4.510416666666666430e+01,1.890026417946493592e-02
4.512500000000000000e+01,1.871581527827912914e-02
4.514583333333332860e+01,1.988472766931647512e-02
4.516666666666666430e+01,2.083341034843945450e-02
4.518750000000000000e+01,1.947564876256644914e-02
4.520833333333332860e+01,1.745808508729022879e-02
4.522916666666666430e+01,1.676383022757188881e-02
4.525000000000000000e+01,1.582103129366103575e-02
4.527083333333332860e+01,1.250848060623871612e-02
4.529166666666666430e+01,8.180535565258266473e-03
4.531250000000000000e+01,4.795586538829092575e-03
4.533333333333332860e+01,1.465169999917119263e-03
4.535416666666666430e+01,-2.978516404887107845e-03
4.537500000000000000e+01,-6.518837024975823909e-03
4.539583333333332860e+01,-7.131349418353694937e-03
4.541666666666666430e+01,-6.392964939562784457e-03
4.543750000000000000e+01,-6.484953690635465381e-03
4.545833333333332860e+01,-6.048208487633131153e-03
4.547916666666666430e+01,-3.988146311200118331e-03
4.550000000000000000e+01,-2.208310381901622526e-03
4.552083333333332860e+01,-2.799148631348383730e-03
4.554166666666666430e+01,-4.044528065334273940e-03
4.556250000000000000e+01,-3.906524606801391013e-03
4.558333333333332860e+01,-3.932692310937646943e-03
4.560416666666666430e+01,-6.172723097634972775e-03
4.562500000000000000e+01,-8.891205871384746592e-03
4.564583333333332860e+01,-1.005546403563248488e-02
4.566666666666666430e+01,-1.112866262297670418e-02
4.568750000000000000e+01,-1.348256565025233653e-02
4.570833333333332860e+01,-1.521781444553975231e-02
4.572916666666666430e+01,-1.435123636352379599e-02
4.575000000000000000e+01,-1.243142049825574774e-02
4.577083333333332860e+01,-1.158762887585513580e-02
4.579166666666666430e+01,-1.031892567674531393e-02
4.581250000000000000e+01,-6.788693352218324976e-03
4.583333333333332860e+01,-2.591587558789443767e-03
4.585416666666666430e+01,1.607914876463997951e-04
4.587500000000000000e+01,3.059608461338365198e-03
4.589583333333332860e+01,7.340956856025853544e-03
4.591666666666666430e+01,1.110710647157399714e-02
4.593750000000000000e+01,1.218878329973496245e-02
4.595833333333332860e+01,1.185098178668341981e-02
4.597916666666666430e+01,1.201629469380449157e-02
4.600000000000000000e+01,1.162118785080296091e-02
4.602083333333332860e+01,9.948966062168771926e-03
4.604166666666666430e+01,8.415893037289940912e-03
4.606250000000000000e+01,8.377720448738147294e-03
4.608333333333332860e+01,8.538438356965655576e-03
4.610416666666666430e+01,6.872344314508702784e-03
4.612500000000000000e+01,4.259145525055352266e-03
4.614583333333332860e+01,2.453740410897632153e-03
4.616666666666666430e+01,5.419048986264478384e-04
4.618750000000000000e+01,-1.914360603340437223e-03
4.620833333333332860e+01,-3.614814507873081312e-03
4.622916666666666430e+01,-4.888368075585255643e-03
4.625000000000000000e+01,-7.327701513841787528e-03
4.627083333333332860e+01,-9.544559520998223065e-03
4.629166666666666430e+01,-9.633344862604902720e-03
4.631250000000000000e+01,-9.377940070983111290e-03
4.633333333333332860e+01,-1.099740611061691270e-02
4.635416666666666430e+01,-1.303942508207655941e-02
4.637500000000000000e+01,-1.357276152090696429e-02
4.639583333333332860e+01,-1.427145983392095509e-02
4.641666666666666430e+01,-1.648273898261701925e-02
4.643750000000000000e+01,-1.837569844374370084e-02
4.645833333333332860e+01,-1.799616925519402152e-02
4.647916666666666430e+01,-1.692316769095089310e-02
4.650000000000000000e+01,-1.729697466872525888e-02
4.652083333333332860e+01,-1.765391389042858181e-02
4.654166666666666430e+01,-1.604826095157376939e-02
4.656250000000000000e+01,-1.427753773439643936e-02
4.658333333333332860e+01,-1.459216061462874185e-02
4.660416666666666430e+01,-1.566855988888369092e-02
4.662500000000000000e+01,-1.561560811639826213e-02
4.664583333333332860e+01,-1.589707403487049947e-02
4.666666666666666430e+01,-1.718261406183290568e-02
4.668750000000000000e+01,-1.754559482671935733e-02
4.670833333333332860e+01,-1.644478762541850755e-02
4.672916666666666430e+01,-1.599625133068184948e-02
4.675000000000000000e+01,-1.625365843999338616e-02
4.677083333333332860e+01,-1.526268738708531393e-02
4.679166666666666430e+01,-1.434106853101210256e-02
4.681250000000000000e+01,-1.483582466039832723e-02
4.683333333333332860e+01,-1.493256668012923026e-02
4.685416666666666430e+01,-1.265143294725690898e-02
4.687500000000000000e+01,-9.830971019727061111e-03
4.689583333333332860e+01,-9.352239009481106910e-03
4.691666666666666430e+01,-9.970811677716098081e-03
4.693750000000000000e+01,-9.156986198745409658e-03
4.695833333333332860e+01,-8.234636254208291609e-03
4.697916666666666430e+01,-9.718980415986228430e-03
4.700000000000000000e+01,-1.226870137203104304e-02
4.702083333333332860e+01,-1.337437804927006646e-02
4.704166666666666430e+01,-1.436589189196056313e-02
4.706250000000000000e+01,-1.635581182199263156e-02
4.708333333333332860e+01,-1.759762758483943493e-02
4.710416666666666430e+01,-1.762011291409736752e-02
4.712500000000000000e+01,-1.843340954552533453e-02
4.714583333333332860e+01,-1.920380391861131741e-02
4.716666666666666430e+01,-1.752235967232574493e-02
4.718750000000000000e+01,-1.436800411688446931e-02
4.720833333333332860e+01,-1.239590105544998919e-02
4.722916666666666430e+01,-1.094040729979271591e-02
4.725000000000000000e+01,-7.690301811797587567e-03
4.727083333333332860e+01,-3.766833289681845599e-03
4.729166666666666430e+01,-1.872563970421054977e-03
4.731250000000000000e+01,-1.082469026776756993e-03
4.733333333333332860e+01,1.039768762428450611e-03
4.735416666666666430e+01,3.481448964245755992e-03
4.737500000000000000e+01,3.579027252897319655e-03
4.739583333333332860e+01,2.017665019606549974e-03
4.741666666666666430e+01,1.181415271689526458e-03
4.743750000000000000e+01,6.012734586611092431e-04
4.745833333333332860e+01,-8.608882757578632415e-04
4.747916666666666430e+01,-2.089327518524218986e-03
4.750000000000000000e+01,-2.112305394239988397e-03
4.752083333333332860e+01,-2.270499992703126340e-03
4.754166666666666430e+01,-2.778394118114879425e-03
4.756250000000000000e+01,-2.297509940184393976e-03
4.758333333333332860e+01,-1.926262547459098003e-03
4.760416666666666430e+01,-3.426717952029869566e-03
4.762500000000000000e+01,-5.773248517547191656e-03
4.764583333333332860e+01,-7.175730578341368675e-03
4.766666666666666430e+01,-8.561623706326343744e-03
4.768750000000000000e+01,-1.035201905038528672e-02
4.770833333333332860e+01,-1.122480141233408307e-02
4.772916666666666430e+01,-1.160633870900017531e-02
4.775000000000000000e+01,-1.315678106900614736e-02
4.777083333333332860e+01,-1.445949038132807694e-02
4.779166666666666430e+01,-1.356444697203021930e-02
4.781250000000000000e+01,-1.222002736537651339e-02
4.783333333333332860e+01,-1.266868914843469196e-02
4.785416666666666430e+01,-1.349546668518423684e-02
4.787500000000000000e+01,-1.271376015936920116e-02
4.789583333333332860e+01,-1.182129581248474864e-02
4.791666666666666430e+01,-1.297650490980081957e-02
4.793750000000000000e+01,-1.479792022527763769e-02
4.795833333333332860e+01,-1.531444982222411946e-02
4.797916666666666430e+01,-1.594861247493669157e-02
4.800000000000000000e+01,-1.734333904178868985e-02
4.802083333333332860e+01,-1.762956106899252889e-02
4.804166666666666430e+01,-1.665841415148730520e-02
4.806250000000000000e+01,-1.653531438304379694e-02
4.808333333333332860e+01,-1.612730506601661729e-02
4.810416666666666430e+01,-1.366160067359457018e-02
4.812500000000000000e+01,-1.102877432674341518e-02
4.814583333333332860e+01,-1.105178732908949045e-02
4.816666666666666430e+01,-1.250155667947377633e-02
4.818750000000000000e+01,-1.284187819600873630e-02
4.820833333333332860e+01,-1.297603484581327273e-02
4.822916666666666430e+01,-1.430539815487313210e-02
4.825000000000000000e+01,-1.514858524081538066e-02
4.827083333333332860e+01,-1.352302074393835728e-02
4.829166666666666430e+01,-1.121019110098330634e-02
4.831250000000000000e+01,-1.093532098041008135e-02
4.833333333333332860e+01,-1.143171363549383250e-02
4.835416666666666430e+01,-1.023658826980722823e-02
4.837500000000000000e+01,-8.903731706611454910e-03
4.839583333333332860e+01,-1.008338420398327030e-02
4.841666666666666430e+01,-1.248995711442507130e-02
4.843750000000000000e+01,-1.358334582705035022e-02
4.845833333333332860e+01,-1.423348994843372760e-02
4.847916666666666430e+01,-1.619223521294084825e-02
4.850000000000000000e+01,-1.788631420240462122e-02
4.852083333333332860e+01,-1.686259073663560343e-02
4.854166666666666430e+01,-1.467446747516028792e-02
4.856250000000000000e+01,-1.396552942183917380e-02
4.858333333333332860e+01,-1.345403527667904907e-02
4.860416666666666430e+01,-1.068427307429923277e-02
4.862500000000000000e+01,-7.219723100290311585e-03
4.864583333333332860e+01,-5.865235180089167430e-03
4.866666666666666430e+01,-5.411201183649954650e-03
4.868750000000000000e+01,-3.410707606930791884e-03
4.870833333333332860e+01,-1.414997458165792067e-03
4.872916666666666430e+01,-2.138491376040463701e-03
4.875000000000000000e+01,-4.333053681153905753e-03
4.877083333333332860e+01,-5.484503960541228969e-03
4.879166666666666430e+01,-6.436657009444809660e-03
4.881250000000000000e+01,-8.694778981479085733e-03
4.883333333333332860e+01,-1.061864525612107348e-02
4.885416666666666430e+01,-9.937094700321171328e-03
4.887500000000000000e+01,-8.277214986127308036e-03
4.889583333333332860e+01,-8.444876093262982872e-03
4.891666666666666430e+01,-9.235919585351552372e-03
4.893750000000000000e+01,-8.218493216442425073e-03
4.895833333333332860e+01,-6.917398983440048964e-03
4.897916666666666430e+01,-7.867732351285303474e-03
4.900000000000000000e+01,-9.771392775554877536e-03
4.902083333333332860e+01,-1.023928401863890940e-02
4.904166666666666430e+01,-1.066240543690707282e-02
4.906250000000000000e+01,-1.244338251555739995e-02
4.908333333333332860e+01,-1.385055350983796160e-02
4.910416666666666430e+01,-1.309740846100941256e-02
4.912500000000000000e+01,-1.197971324864038900e-02
4.914583333333332860e+01,-1.302675020598472073e-02
4.916666666666666430e+01,-1.494641317209998224e-02
4.918750000000000000e+01,-1.535679350922449296e-02
4.920833333333332860e+01,-1.563575935521616458e-02
4.922916666666666430e+01,-1.713387252826574503e-02
4.925000000000000000e+01,-1.813920587635812001e-02
4.927083333333332860e+01,-1.712413981861748286e-02
4.929166666666666430e+01,-1.594819100374815155e-02
4.931250000000000000e+01,-1.682580365313278425e-02
4.933333333333332860e+01,-1.834053481743543046e-02
4.935416666666666430e+01,-1.813195757220185597e-02
4.937500000000000000e+01,-1.767172968921219833e-02
4.939583333333332860e+01,-1.904093066622731048e-02
4.941666666666666430e+01,-2.075365361063541761e-02
4.943750000000000000e+01,-2.041154028525031527e-02
4.945833333333332860e+01,-1.953582186789430339e-02
4.947916666666666430e+01,-2.077062341013086871e-02
4.950000000000000000e+01,-2.288384385092546991e-02
4.952083333333332860e+01,-2.347184570548933868e-02
4.954166666666666430e+01,-2.378991287591251946e-02
4.956250000000000000e+01,-2.494941827314457045e-02
4.958333333333332860e+01,-2.528899384723243618e-02
