0.000000000000000000e+00,-6.460386236678993255e-01
2.083333333333333218e-02,-1.303915160017887098e+00
4.166666666666666435e-02,-6.327575127002580402e-01
6.250000000000000000e-02,-6.624183057652555107e-03
8.333333333333332871e-02,-6.593634255909371911e-01
1.041666666666666574e-01,-6.291832200084255255e-01
1.250000000000000000e-01,3.932044202654971787e-03
1.458333333333333148e-01,5.208551744127560834e-01
1.666666666666666574e-01,-1.182330470034768655e-01
1.875000000000000000e-01,-7.313839336710459271e-01
2.083333333333333148e-01,-1.576506403141059443e-01
2.291666666666666574e-01,5.011138242706870694e-01
2.500000000000000000e-01,8.727202399841385017e-01
2.708333333333333148e-01,1.680258504057657865e-01
2.916666666666666297e-01,-4.065991474578746767e-01
3.125000000000000000e-01,2.452623864202347348e-01
3.333333333333333148e-01,9.051157223628184534e-01
3.541666666666666297e-01,1.802782135657191587e-01
3.750000000000000000e-01,4.274824388275424297e-02
3.958333333333333148e-01,6.842815641489511380e-01
4.166666666666666297e-01,7.245545495727040430e-01
4.375000000000000000e-01,4.956099752131495895e-02
4.583333333333333148e-01,1.002490408305702629e-01
4.791666666666666297e-01,7.818212143727549801e-01
5.000000000000000000e-01,1.816242738672299850e-01
5.208333333333332593e-01,-4.514513294287638701e-01
5.416666666666666297e-01,2.020402222593879471e-01
5.625000000000000000e-01,9.128942682536197450e-01
5.833333333333332593e-01,2.725242576343853695e-01
6.041666666666666297e-01,-3.595280304963872631e-01
6.250000000000000000e-01,-5.931903445120904894e-02
6.458333333333332593e-01,5.310947441053770479e-01
6.666666666666666297e-01,-1.518073489031435963e-01
6.875000000000000000e-01,-8.164710332636041512e-01
7.083333333333332593e-01,-2.180717738672429684e-01
7.291666666666666297e-01,4.294806648220921286e-01
7.500000000000000000e-01,-2.302696447179253814e-01
7.708333333333332593e-01,-9.413504083616466289e-01
7.916666666666666297e-01,-3.137535679918410092e-01
8.125000000000000000e-01,3.134111681892203793e-01
8.333333333333332593e-01,6.594693652444538756e-02
8.541666666666666297e-01,-6.280648870430929342e-01
8.750000000000000000e-01,2.385659921430294261e-02
8.958333333333332593e-01,6.601489698902542891e-01
9.166666666666666297e-01,2.525058390412590614e-02
9.375000000000000000e-01,-6.482589978578428003e-01
9.583333333333332593e-01,1.850354568429607438e-03
9.791666666666666297e-01,6.740001849076691087e-01
1.000000000000000000e+00,-1.087046745195063835e-02
1.020833333333333259e+00,-6.515521864506538252e-01
1.041666666666666519e+00,-6.371283337978539407e-03
1.062500000000000000e+00,6.997214149493509172e-01
1.083333333333333259e+00,2.684914474130928319e-02
1.104166666666666519e+00,-5.908504962515708225e-01
1.125000000000000000e+00,7.619762870695628854e-02
1.145833333333333259e+00,7.495933056213892609e-01
1.166666666666666519e+00,1.278584671212937840e-01
1.187500000000000000e+00,-5.131885796072985784e-01
1.208333333333333259e+00,1.892868838946573096e-01
1.229166666666666519e+00,7.606592579815421029e-01
1.250000000000000000e+00,1.329599410292393868e-01
1.270833333333333259e+00,-5.406870383015012216e-01
1.291666666666666519e+00,1.655638458252395306e-01
1.312500000000000000e+00,2.505953753635501435e-01
1.333333333333333259e+00,-4.026754023199475840e-01
1.354166666666666519e+00,-3.686795473337634577e-01
1.375000000000000000e+00,2.968397626316530147e-01
1.395833333333333259e+00,-2.794531632235319196e-01
1.416666666666666519e+00,-4.704598313364342088e-01
1.437500000000000000e+00,1.425506760492525893e-01
1.458333333333333259e+00,3.946566338058637990e-01
1.479166666666666519e+00,-2.579336754626742056e-01
1.500000000000000000e+00,-5.577799385513207975e-01
1.520833333333333259e+00,8.430518947328491386e-02
1.541666666666666519e+00,7.076162543030490859e-01
1.562500000000000000e+00,9.775550309535910309e-02
1.583333333333333259e+00,-5.901472956333991826e-01
1.604166666666666519e+00,7.505721767951417656e-02
1.625000000000000000e+00,7.300237163896619030e-01
1.645833333333333259e+00,1.326465582398383414e-01
1.666666666666666519e+00,-5.309599729045099137e-01
1.687500000000000000e+00,1.498325610200845204e-01
1.708333333333333259e+00,2.694885841014764694e-01
1.729166666666666519e+00,-3.403089354122538768e-01
1.750000000000000000e+00,-4.068249955543392637e-01
1.770833333333333259e+00,2.453155634296762255e-01
1.791666666666666519e+00,2.559899197970371548e-02
1.812500000000000000e+00,-6.147251734929983780e-01
1.833333333333333259e+00,6.604477064807265374e-02
1.854166666666666519e+00,6.773972510644364897e-01
1.875000000000000000e+00,6.160259032074257013e-02
1.895833333333333259e+00,-6.172689330205884950e-01
1.916666666666666519e+00,3.301577132507074741e-02
1.937500000000000000e+00,6.332019977497713725e-01
1.958333333333333259e+00,-6.036876040643429642e-03
1.979166666666666519e+00,-6.871686240126617662e-01
2.000000000000000000e+00,-6.653695919500506040e-02
2.020833333333333037e+00,5.383518225379138045e-01
2.041666666666666519e+00,-1.377561545081334160e-01
2.062500000000000000e+00,-7.887632982605201626e-01
2.083333333333333037e+00,-1.920892760892032036e-01
2.104166666666666519e+00,4.498095727290516987e-01
2.125000000000000000e+00,5.595159655755294059e-02
2.145833333333333037e+00,-4.585262445512792162e-01
2.166666666666666519e+00,1.510447585619630329e-01
2.187500000000000000e+00,8.119400166821302278e-01
2.208333333333333037e+00,1.645453377104306170e-01
2.229166666666666519e+00,-5.418769335232249684e-01
2.250000000000000000e+00,1.111987441481221417e-01
2.270833333333333037e+00,7.395694582510217163e-01
2.291666666666666519e+00,9.855203902616865852e-02
2.312500000000000000e+00,-5.860290139996306991e-01
2.333333333333333037e+00,7.001917995911999260e-02
2.354166666666666519e+00,7.270012806862395927e-01
2.375000000000000000e+00,7.455889621920025467e-02
2.395833333333333037e+00,-5.841222075626670840e-01
2.416666666666666519e+00,4.388915370744736477e-02
2.437500000000000000e+00,7.200114801449651880e-01
2.458333333333333037e+00,3.158415701911335138e-02
2.479166666666666519e+00,-5.943333125252623361e-01
2.500000000000000000e+00,6.043601692554056992e-02
2.520833333333333037e+00,3.911217272659774924e-01
2.541666666666666519e+00,-2.755393201108663481e-01
2.562500000000000000e+00,-9.133900920978028637e-01
2.583333333333333037e+00,-2.258965695846320010e-01
2.604166666666666519e+00,4.825930654182268298e-01
2.625000000000000000e+00,-1.484615848575918107e-01
2.645833333333333037e+00,-8.004542548690609660e-01
2.666666666666666519e+00,-9.476788866843235959e-02
2.687500000000000000e+00,5.685282068546995138e-01
2.708333333333333037e+00,-5.375667183143055528e-02
2.729166666666666519e+00,-6.384274670920823125e-01
2.750000000000000000e+00,5.305918712310719876e-02
2.770833333333333037e+00,6.870840724112259323e-01
2.791666666666666519e+00,3.866324686795336030e-02
2.812500000000000000e+00,-6.796752995722734614e-01
2.833333333333333037e+00,-8.707368144053206915e-03
2.854166666666666519e+00,6.302392386889069664e-01
2.875000000000000000e+00,-9.493564133344789546e-03
2.895833333333333037e+00,-2.742568171071635419e-01
2.916666666666666519e+00,3.685841260240791395e-01
2.937500000000000000e+00,7.877739669373895470e-01
2.958333333333333037e+00,7.583541963438947264e-02
2.979166666666666519e+00,-6.026759357851991794e-01
3.000000000000000000e+00,2.457042920691876464e-02
3.020833333333333037e+00,6.964232134355805570e-01
3.041666666666666519e+00,-4.010848866735416962e-03
3.062500000000000000e+00,-6.586413417758644195e-01
3.083333333333333037e+00,-1.862982150944356152e-02
3.104166666666666519e+00,6.716908276464154115e-01
3.125000000000000000e+00,-3.906444894292121495e-03
3.145833333333333037e+00,-6.368093898996501911e-01
3.166666666666666519e+00,3.388589547334527885e-02
3.187500000000000000e+00,7.524643641865607080e-01
3.208333333333333037e+00,1.053249740212748031e-01
3.229166666666666519e+00,-5.368396153328980347e-01
3.250000000000000000e+00,1.780580856126577627e-01
3.270833333333333037e+00,5.791390956856996564e-01
3.291666666666666519e+00,-5.352431159466522481e-02
3.312500000000000000e+00,-7.254066805165266807e-01
3.333333333333333037e+00,-1.713041216989566462e-02
3.354166666666666519e+00,6.212977652306128640e-01
3.375000000000000000e+00,-2.418304327675799281e-02
3.395833333333333037e+00,-7.437345006800988312e-01
3.416666666666666519e+00,-7.088505523018726051e-02
3.437500000000000000e+00,5.825395024291083468e-01
3.458333333333333037e+00,-9.896227863162324057e-02
3.479166666666666519e+00,-7.812500177001981960e-01
3.500000000000000000e+00,-1.447630071114014150e-01
3.520833333333333037e+00,5.080510866948729776e-01
3.541666666666666519e+00,-2.068567270830573845e-01
3.562500000000000000e+00,-8.199278184597584840e-01
3.583333333333333037e+00,-1.844843404594246061e-01
3.604166666666666519e+00,5.003493578870499281e-01
3.625000000000000000e+00,-1.088454722252725215e-01
3.645833333333333037e+00,-2.904873893715743671e-01
3.666666666666666519e+00,3.743042744445364001e-01
3.687500000000000000e+00,4.736857237796915920e-01
3.708333333333333037e+00,-1.812537736092062757e-01
3.729166666666666519e+00,-1.599235782581767962e-01
3.750000000000000000e+00,5.534109273553730057e-01
3.770833333333333037e+00,-6.859476109800084764e-02
3.791666666666666519e+00,-5.383073411726078117e-01
3.812500000000000000e+00,1.009180573524087188e-01
3.833333333333333037e+00,8.151252656027628829e-01
3.854166666666666519e+00,1.568635007403807458e-01
3.875000000000000000e+00,-4.855092001781507460e-01
3.895833333333333037e+00,1.148828561224520262e-01
3.916666666666666519e+00,7.849071729924337326e-01
3.937500000000000000e+00,1.079297106341041146e-01
3.958333333333333037e+00,-5.677150878755858887e-01
3.979166666666666519e+00,2.323380956190339297e-02
4.000000000000000000e+00,5.715207834022553168e-01
4.020833333333333037e+00,-8.147466448358445246e-02
4.041666666666666075e+00,-7.973473627241299821e-01
4.062500000000000000e+00,-1.600977080261572483e-01
4.083333333333333037e+00,4.715861865613842907e-01
4.104166666666666075e+00,-1.619045781391618699e-01
4.125000000000000000e+00,-8.717906527639461833e-01
4.145833333333333037e+00,-2.057403797345679630e-01
4.166666666666666075e+00,4.412143363196711632e-01
4.187500000000000000e+00,-1.525559660511499049e-01
4.208333333333333037e+00,-4.963781330597064612e-01
4.229166666666666075e+00,1.654963696690236186e-01
4.250000000000000000e+00,8.482627222171008619e-01
4.270833333333333037e+00,2.559361427454843185e-01
4.291666666666666075e+00,-3.823277648522599437e-01
4.312500000000000000e+00,5.472081205688898720e-02
4.333333333333333037e+00,5.172391052637447251e-01
4.354166666666666075e+00,-1.155499430204516564e-01
4.375000000000000000e+00,-7.482868590151983135e-01
4.395833333333333037e+00,-1.268434339577424463e-01
4.416666666666666075e+00,5.756438607487479597e-01
4.437500000000000000e+00,-9.836098269318926945e-02
4.458333333333333037e+00,-7.547910980485983412e-01
4.479166666666666075e+00,-1.652544018013041294e-01
4.500000000000000000e+00,4.979060434783044720e-01
4.520833333333333037e+00,-3.539865225274280158e-02
4.541666666666666075e+00,-3.792750546033261116e-01
4.562500000000000000e+00,2.165714157563150555e-01
4.583333333333333037e+00,8.505912805172037849e-01
4.604166666666666075e+00,2.010737383142689461e-01
4.625000000000000000e+00,-5.078601374053038908e-01
4.645833333333333037e+00,1.331855455624570694e-01
4.666666666666666075e+00,7.577285052086953909e-01
4.687500000000000000e+00,1.483863245406681908e-01
4.708333333333333037e+00,-5.421178354869686800e-01
4.729166666666666075e+00,1.117746447773199925e-01
4.750000000000000000e+00,4.128635071422821490e-01
4.770833333333333037e+00,-1.794321330710061391e-01
4.791666666666666075e+00,-8.516082710644008458e-01
4.812500000000000000e+00,-1.741070079459190456e-01
4.833333333333333037e+00,5.039789469682951495e-01
4.854166666666666075e+00,-9.528690752231591676e-02
4.875000000000000000e+00,-7.233415539512321191e-01
4.895833333333333037e+00,-6.227478661284158168e-02
4.916666666666666075e+00,6.385023710710518996e-01
4.937500000000000000e+00,5.279200102465297917e-03
4.958333333333333037e+00,-6.138260565208257802e-01
4.979166666666666075e+00,1.750031008250360620e-02
5.000000000000000000e+00,7.135856146799741673e-01
5.020833333333333037e+00,6.258178016914700548e-02
5.041666666666666075e+00,-5.777814207758722453e-01
5.062500000000000000e+00,1.459866989003665017e-02
5.083333333333333037e+00,6.906147470447072667e-01
5.104166666666666075e+00,1.267036718108163762e-02
5.125000000000000000e+00,-6.572733973523267048e-01
5.145833333333333037e+00,-5.576685034356164417e-02
5.166666666666666075e+00,5.848138420151485217e-01
5.187500000000000000e+00,-9.022185596773676930e-02
5.208333333333333037e+00,-7.881005509114186180e-01
5.229166666666666075e+00,-1.495164884625518886e-01
5.250000000000000000e+00,4.688875544765795933e-01
5.270833333333333037e+00,2.748149427137851208e-02
5.291666666666666075e+00,-4.113777321843520296e-01
5.312500000000000000e+00,2.452405849648899017e-01
5.333333333333333037e+00,8.832469908790480106e-01
5.354166666666666075e+00,2.911293790396436432e-01
5.375000000000000000e+00,-3.830044851506512193e-01
5.395833333333333037e+00,1.067332900618628982e-01
5.416666666666666075e+00,4.542153850011927951e-01
5.437500000000000000e+00,-1.356643841897173242e-01
5.458333333333333037e+00,-7.759101804197241492e-01
5.479166666666666075e+00,-1.166512734370244164e-01
5.500000000000000000e+00,5.970052271875229133e-01
5.520833333333333037e+00,-2.729075583624833434e-02
5.541666666666666075e+00,-6.597875121378397045e-01
5.562500000000000000e+00,-2.343955267463965209e-02
5.583333333333333037e+00,6.863062059646226620e-01
5.604166666666666075e+00,2.337109538166604050e-02
5.625000000000000000e+00,-6.193557803130722572e-01
5.645833333333333037e+00,-2.683929237082602337e-02
5.666666666666666075e+00,6.480229098901603146e-01
5.687500000000000000e+00,-1.458646094040980112e-02
5.708333333333333037e+00,-6.938440888522432459e-01
5.729166666666666075e+00,-1.138620324885724899e-01
5.750000000000000000e+00,5.386037963694016995e-01
5.770833333333333037e+00,-1.074321430642165842e-01
5.791666666666666075e+00,-7.857703093467789390e-01
5.812500000000000000e+00,-1.483070108570762602e-01
5.833333333333333037e+00,4.916762191800557735e-01
5.854166666666666075e+00,2.808260694278480463e-02
5.875000000000000000e+00,-4.345567216970678825e-01
5.895833333333333037e+00,2.416849554901179808e-01
5.916666666666666075e+00,8.952860667298411235e-01
5.937500000000000000e+00,2.907310197330939538e-01
5.958333333333333037e+00,-3.831637509427108235e-01
5.979166666666666075e+00,1.920252552051430750e-01
6.000000000000000000e+00,3.682301550249179600e-01
6.020833333333333037e+00,-2.282814270435996606e-01
6.041666666666666075e+00,-4.678965195574710800e-01
6.062500000000000000e+00,1.831735754983094266e-01
6.083333333333333037e+00,4.635312099015371778e-01
6.104166666666666075e+00,-1.707399322969526956e-01
6.125000000000000000e+00,-8.076657240322004938e-01
6.145833333333333037e+00,-1.848133824762383803e-01
6.166666666666666075e+00,5.197279675178951841e-01
6.187500000000000000e+00,-1.606694357161318754e-01
6.208333333333333037e+00,-5.776066007716090800e-01
6.229166666666666075e+00,1.842874725117284174e-02
6.250000000000000000e+00,6.859921040929638503e-01
6.270833333333333037e+00,3.249921929407895149e-02
6.291666666666666075e+00,-6.582832388296395720e-01
6.312500000000000000e+00,-1.881497096829451432e-02
6.333333333333333037e+00,6.125356202475910061e-01
6.354166666666666075e+00,-4.073794641144992679e-02
6.375000000000000000e+00,-7.512005033058636316e-01
6.395833333333333037e+00,-9.620239101774860635e-02
6.416666666666666075e+00,5.329757802263874744e-01
6.437500000000000000e+00,1.040792163001157122e-02
6.458333333333333037e+00,-3.277347232702783053e-01
6.479166666666666075e+00,2.987139408181480604e-01
6.500000000000000000e+00,8.290964528278196299e-01
6.520833333333333037e+00,1.213469331077520474e-01
6.541666666666666075e+00,-5.307193282571336379e-01
6.562500000000000000e+00,9.625366897591318416e-02
6.583333333333333037e+00,7.065977366763069867e-01
6.604166666666666075e+00,4.025633220909916044e-02
6.625000000000000000e+00,-6.389054500782793689e-01
6.645833333333333037e+00,1.505216967164405006e-02
6.666666666666666075e+00,6.147886456103643926e-01
6.687500000000000000e+00,-5.162324249510735763e-02
6.708333333333333037e+00,-7.291120860153905703e-01
6.729166666666666075e+00,-2.715438062154565402e-02
6.750000000000000000e+00,5.891519806983597229e-01
6.770833333333333037e+00,-4.175240731662571703e-02
6.791666666666666075e+00,-6.891834680325178430e-01
6.812500000000000000e+00,2.304051943544763170e-02
6.833333333333333037e+00,6.618291348966114374e-01
6.854166666666666075e+00,3.720586050522321775e-02
6.875000000000000000e+00,-5.808725408882625674e-01
6.895833333333333037e+00,1.166500856002169739e-01
6.916666666666666075e+00,5.082865556642182092e-01
6.937500000000000000e+00,-1.440335847637344846e-01
6.958333333333333037e+00,-7.577183595979281039e-01
6.979166666666666075e+00,-9.771327734203996696e-02
7.000000000000000000e+00,5.893135977914170098e-01
7.020833333333333037e+00,-8.342886311491334861e-02
7.041666666666666075e+00,-6.980220331397122280e-01
7.062500000000000000e+00,-6.587352857274034190e-02
7.083333333333333037e+00,5.811693765617795826e-01
7.104166666666666075e+00,-1.328661893821053430e-01
7.125000000000000000e+00,-7.744061157816117813e-01
7.145833333333333037e+00,-1.470871108066600652e-01
7.166666666666666075e+00,4.650492026446267912e-01
7.187500000000000000e+00,-2.202746125107776232e-01
7.208333333333333037e+00,-2.486286415519443349e-01
7.229166666666666075e+00,4.053138624916250432e-01
7.250000000000000000e+00,2.555264542154234153e-01
7.270833333333333037e+00,-4.086737545588057796e-01
7.291666666666666075e+00,2.100064782727467105e-01
7.312500000000000000e+00,9.101993884725226858e-01
7.333333333333333037e+00,2.252472503490613176e-01
7.354166666666666075e+00,-4.153640027416621860e-01
7.375000000000000000e+00,1.363822519439304437e-01
7.395833333333333037e+00,4.839345948326541635e-01
7.416666666666666075e+00,-1.787080235657883542e-01
7.437500000000000000e+00,-8.144669274805370618e-01
7.458333333333333037e+00,-1.064306141091772850e-01
7.479166666666666075e+00,5.915020434058808618e-01
7.500000000000000000e+00,-4.359847590444088095e-02
7.520833333333333037e+00,-7.024506535356602743e-01
7.541666666666666075e+00,7.409424513098533671e-03
7.562500000000000000e+00,6.707142659375485705e-01
7.583333333333333037e+00,4.609482011604271179e-02
7.604166666666666075e+00,-6.671912716372820906e-01
7.625000000000000000e+00,1.528905779343336935e-02
7.645833333333333037e+00,6.760905990934810150e-01
7.666666666666666075e+00,1.769884343279012895e-02
7.687500000000000000e+00,-4.466931943864046461e-01
7.708333333333333037e+00,2.082647390952513944e-01
7.729166666666666075e+00,8.713201811326904966e-01
7.750000000000000000e+00,3.033969843060595473e-01
7.770833333333333037e+00,-2.818515191882056681e-01
7.791666666666666075e+00,-6.298648918756305504e-02
7.812500000000000000e+00,6.111669654320823764e-01
7.833333333333333037e+00,2.385870570821993497e-02
7.854166666666666075e+00,-7.139673766661176479e-01
7.875000000000000000e+00,-1.470937035045434271e-01
7.895833333333333037e+00,5.533145838814701456e-01
7.916666666666666075e+00,-8.314991375811239815e-02
7.937500000000000000e+00,-8.522319778133431445e-01
7.958333333333333037e+00,-1.790720885645016580e-01
7.979166666666666075e+00,5.008914136118896021e-01
8.000000000000000000e+00,-1.967061007218632585e-01
8.020833333333332149e+00,-7.590238996517072456e-01
8.041666666666666075e+00,1.322731285688294456e-02
8.062500000000000000e+00,6.479908929166879883e-01
8.083333333333332149e+00,-2.096493165341103970e-02
8.104166666666666075e+00,-6.617815548925539693e-01
8.125000000000000000e+00,7.106510859846007500e-02
8.145833333333332149e+00,7.342148135472258419e-01
8.166666666666666075e+00,7.105291692737009113e-02
8.187500000000000000e+00,-5.304516636476502844e-01
8.208333333333332149e+00,1.453040466049936030e-01
8.229166666666666075e+00,8.311182734306452602e-01
8.250000000000000000e+00,1.257320140542801667e-01
8.270833333333332149e+00,-4.926602355151618595e-01
8.291666666666666075e+00,9.327524711446738559e-03
8.312500000000000000e+00,4.072543877329320994e-01
8.333333333333332149e+00,-3.381118737285651044e-01
8.354166666666666075e+00,-9.070645893224852374e-01
8.375000000000000000e+00,-2.511620519641251104e-01
8.395833333333332149e+00,3.275399317678298061e-01
8.416666666666666075e+00,-1.397326688432976305e-01
8.437500000000000000e+00,-4.515969907517974335e-01
8.458333333333332149e+00,2.190269880180825135e-01
8.479166666666666075e+00,6.642553781560105453e-01
8.500000000000000000e+00,-3.402319524584335175e-03
8.520833333333332149e+00,-6.617710154672263867e-01
8.541666666666666075e+00,5.015139110647637288e-02
8.562500000000000000e+00,6.617365859234273229e-01
8.583333333333332149e+00,3.081149086897247424e-02
8.604166666666666075e+00,-6.002775043594077431e-01
8.625000000000000000e+00,9.059858272690071712e-02
8.645833333333332149e+00,7.313644952610504069e-01
8.666666666666666075e+00,9.384351370413898663e-02
8.687500000000000000e+00,-4.953417789357102419e-01
8.708333333333332149e+00,2.008885677145800519e-01
8.729166666666666075e+00,5.499719775318009374e-01
8.750000000000000000e+00,-1.211982797871831719e-01
8.770833333333332149e+00,-6.977560623757833591e-01
8.791666666666666075e+00,-4.570063214892028380e-02
8.812500000000000000e+00,5.970635447228833659e-01
8.833333333333332149e+00,-3.981325896108842133e-02
8.854166666666666075e+00,-6.500335127355214571e-01
8.875000000000000000e+00,-9.749196082288386078e-03
8.895833333333332149e+00,6.170786081873471662e-01
8.916666666666666075e+00,3.706225429944128014e-02
8.937500000000000000e+00,-6.147257987578496063e-01
8.958333333333332149e+00,3.614561298130625211e-02
8.979166666666666075e+00,6.263482955609648295e-01
9.000000000000000000e+00,7.017106643240025865e-03
9.020833333333332149e+00,-6.521044014744792339e-01
9.041666666666666075e+00,-3.048868394516750235e-02
9.062500000000000000e+00,5.492749623298589512e-01
9.083333333333332149e+00,-1.000064676741115877e-01
9.104166666666666075e+00,-7.468563982835851878e-01
9.125000000000000000e+00,-1.661874432316685080e-01
9.145833333333332149e+00,4.480278872653915556e-01
9.166666666666666075e+00,-2.068453417477013889e-01
9.187500000000000000e+00,-3.152830096586646813e-01
9.208333333333332149e+00,2.652738209917216983e-01
9.229166666666666075e+00,5.729871489513627125e-01
9.250000000000000000e+00,-6.791006691548912011e-02
9.270833333333332149e+00,-6.737234543875765258e-01
9.291666666666666075e+00,-5.218235272073419584e-02
9.312500000000000000e+00,6.224420124393227338e-01
9.333333333333332149e+00,4.963945275170952853e-03
9.354166666666666075e+00,7.703653159152326069e-01
9.375000000000000000e+00,1.293162050771448079e+00
9.395833333333332149e+00,6.204360668390715983e-01
9.416666666666666075e+00,2.508638059710312229e-02
9.437500000000000000e+00,-2.235552627445228924e-01
9.458333333333332149e+00,4.340613482912105692e-01
9.479166666666666075e+00,1.713196384404059858e-01
9.500000000000000000e+00,-4.029190801995908844e-01
9.520833333333332149e+00,1.528012786740582940e-01
9.541666666666666075e+00,1.486529231842120824e-01
9.562500000000000000e+00,-5.387217671905590866e-01
9.583333333333332149e+00,-1.393248381672888836e-01
9.604166666666666075e+00,2.870667504932982728e-01
9.625000000000000000e+00,-3.935897070627572547e-01
9.645833333333332149e+00,-1.026233288074979377e+00
9.666666666666666075e+00,-3.888668060550500294e-01
9.687500000000000000e+00,2.591558878930056431e-01
9.708333333333332149e+00,-4.098743430742221028e-01
9.729166666666666075e+00,-4.918726076530151592e-01
9.750000000000000000e+00,1.410806395222087006e-01
9.770833333333332149e+00,1.512077259773610127e-01
9.791666666666666075e+00,-5.619595012833820125e-01
9.812500000000000000e+00,8.793661628446519662e-02
9.833333333333332149e+00,4.520448475186856219e-01
9.854166666666666075e+00,-1.359950266706666244e-01
9.875000000000000000e+00,-8.254715577511182456e-01
9.895833333333332149e+00,-1.531605202154397993e-01
9.916666666666666075e+00,5.273365447337530210e-01
9.937500000000000000e+00,-6.876253549317366820e-02
9.958333333333332149e+00,-7.169717342487325062e-01
9.979166666666666075e+00,-5.000471406399387142e-02
1.000000000000000000e+01,6.552452633913600222e-01
1.002083333333333215e+01,2.614280807294924736e-02
1.004166666666666607e+01,-5.980190966325189539e-01
1.006250000000000000e+01,3.288253943804930746e-02
1.008333333333333215e+01,7.381580479748982571e-01
1.010416666666666607e+01,1.000033897633512692e-01
1.012500000000000000e+01,-5.345368346442548324e-01
1.014583333333333215e+01,3.895693162164542978e-02
1.016666666666666607e+01,5.089282801782017973e-01
1.018750000000000000e+01,9.912198870389340444e-01
1.020833333333333215e+01,4.129213995406889604e-01
1.022916666666666607e+01,-2.719778365757631877e-01
1.025000000000000000e+01,3.289030678284278197e-01
1.027083333333333215e+01,3.014293092702245436e-01
1.029166666666666607e+01,-2.690174888332195202e-01
1.031250000000000000e+01,-1.001850586475177413e-01
1.033333333333333215e+01,5.387295448970581546e-01
1.035416666666666607e+01,-9.045826307680759903e-02
1.037500000000000000e+01,-6.723404624722782996e-01
1.039583333333333215e+01,-4.030267648839833128e-02
1.041666666666666607e+01,6.175419030304025725e-01
1.043750000000000000e+01,3.208091152565833992e-02
1.045833333333333215e+01,-5.662660771299817819e-01
1.047916666666666607e+01,-5.003216956442246843e-02
1.050000000000000000e+01,1.763981728382030267e-01
1.052083333333333215e+01,-4.045169769037445517e-01
1.054166666666666607e+01,-7.448266328625077204e-01
1.056250000000000000e+01,-9.259963840351886910e-02
1.058333333333333215e+01,5.308794077032782388e-01
1.060416666666666607e+01,-7.445106723483134459e-02
1.062500000000000000e+01,-7.432785031152615574e-01
1.064583333333333215e+01,-1.184096696328542087e-01
1.066666666666666607e+01,4.656311521992405611e-01
1.068750000000000000e+01,-1.724249433371064233e-01
1.070833333333333215e+01,-8.216940609502736415e-01
1.072916666666666607e+01,-2.402642508877519401e-01
1.075000000000000000e+01,3.804012196058663142e-01
1.077083333333333215e+01,-3.351323911947950984e-03
1.079166666666666607e+01,-3.944203694421530848e-01
1.081250000000000000e+01,1.896520299718774671e-01
1.083333333333333215e+01,8.444850240332182345e-01
1.085416666666666607e+01,2.024069735011283511e-01
1.087500000000000000e+01,-3.889721345807481412e-01
1.089583333333333215e+01,2.312342092473660682e-01
1.091666666666666607e+01,6.498670853267691783e-01
1.093750000000000000e+01,3.714093629110999661e-02
1.095833333333333215e+01,-5.560253326676384278e-01
1.097916666666666607e+01,1.122365307708402260e-01
1.100000000000000000e+01,7.510786348192287631e-01
1.102083333333333215e+01,1.590932230443357909e-01
1.104166666666666607e+01,-4.659014275245725312e-01
1.106250000000000000e+01,-1.403295461857810567e-02
1.108333333333333215e+01,3.262119248574403829e-01
1.110416666666666607e+01,-2.722838513825567297e-01
1.112500000000000000e+01,-8.796298734971148559e-01
1.114583333333333215e+01,-2.493425269439861203e-01
1.116666666666666607e+01,3.714371957022061244e-01
1.118750000000000000e+01,-2.341447006551873045e-01
1.120833333333333215e+01,-3.552275578846744719e-01
1.122916666666666607e+01,2.439804046672296445e-01
1.125000000000000000e+01,4.970758419706874376e-01
1.127083333333333215e+01,-1.697913761296183655e-01
1.129166666666666607e+01,-5.334386777363562260e-01
1.131250000000000000e+01,5.432979484907181356e-02
1.133333333333333215e+01,6.904612285992585141e-01
1.135416666666666607e+01,3.493763880661099330e-02
1.137500000000000000e+01,-5.974146456799931393e-01
1.139583333333333215e+01,1.317149606472202417e-02
1.141666666666666607e+01,6.799710468975608268e-01
1.143750000000000000e+01,5.544718888164329451e-02
1.145833333333333215e+01,-5.286300638518517392e-01
1.147916666666666607e+01,1.160344258445501486e-01
1.150000000000000000e+01,7.658134381340407915e-01
1.152083333333333215e+01,1.826626821337697382e-01
1.154166666666666607e+01,-4.305731046665871031e-01
1.156250000000000000e+01,2.309749950105272343e-01
1.158333333333333215e+01,3.310526243398231316e-01
1.160416666666666607e+01,-2.592074487822987328e-01
1.162500000000000000e+01,-5.361477790242197283e-01
1.164583333333333215e+01,1.101640526064771308e-01
1.166666666666666607e+01,6.562510784199728775e-01
1.168750000000000000e+01,7.166083077133091062e-02
1.170833333333333215e+01,-5.664100926485401422e-01
1.172916666666666607e+01,-1.131212932733569154e+00
1.175000000000000000e+01,-5.568272362971319334e-01
1.177083333333333215e+01,9.002068799468637694e-02
1.179166666666666607e+01,4.964911142829549900e-02
1.181250000000000000e+01,-6.796353883487098457e-01
1.183333333333333215e+01,-5.784400356742176730e-02
1.185416666666666607e+01,-7.613924415550130664e-01
1.187500000000000000e+01,-1.407256122573797175e+00
1.189583333333333215e+01,-7.464042388275434758e-01
1.191666666666666607e+01,-3.572202870366059102e-02
1.193750000000000000e+01,4.030039698377894108e-01
1.195833333333333215e+01,-3.012384936374131739e-01
1.197916666666666607e+01,-3.169352193764767844e-01
1.200000000000000000e+01,3.648814225862317961e-01
1.202083333333333215e+01,7.609548919530579880e-01
1.204166666666666607e+01,8.725352188559312716e-02
1.206250000000000000e+01,-3.121649505879426356e-01
1.208333333333333215e+01,2.878791929792828830e-01
1.210416666666666607e+01,8.673635036005312715e-01
1.212500000000000000e+01,2.475326881868471496e-01
1.214583333333333215e+01,4.617234087250978586e-02
1.216666666666666607e+01,5.954298302638117990e-01
1.218750000000000000e+01,1.138497442529884385e+00
1.220833333333333215e+01,5.103994608661676091e-01
1.222916666666666607e+01,-8.461238848051741424e-02
1.225000000000000000e+01,5.324585865692700315e-01
1.227083333333333215e+01,5.835675854537928364e-01
1.229166666666666607e+01,-1.246308484379961279e-02
1.231250000000000000e+01,-2.268358397098867718e-01
1.233333333333333215e+01,4.257188387810626473e-01
1.235416666666666607e+01,3.942139399519647425e-01
1.237500000000000000e+01,-1.813526151207854598e-01
1.239583333333333215e+01,-2.578648717222125075e-01
1.241666666666666607e+01,3.860963000003297951e-01
1.243750000000000000e+01,-7.581489703259994273e-02
1.245833333333333215e+01,-6.431288555213846569e-01
1.247916666666666607e+01,-1.048280125695405518e-02
1.250000000000000000e+01,6.084310053663858353e-01
1.252083333333333215e+01,-1.104270252707797995e-01
1.254166666666666607e+01,-7.440209150067480515e-01
1.256250000000000000e+01,-1.074289301179695566e-01
1.258333333333333215e+01,4.857764748372019881e-01
1.260416666666666607e+01,-1.916255591050667895e-01
1.262500000000000000e+01,-6.968204415302535759e-01
1.264583333333333215e+01,-1.057906312335990529e-02
1.266666666666666607e+01,5.715720227233598294e-01
1.268750000000000000e+01,-9.145301150093279596e-02
1.270833333333333215e+01,-7.052336656448692231e-01
1.272916666666666607e+01,-2.377660071540135811e-02
1.275000000000000000e+01,5.818249240606816475e-01
1.277083333333333215e+01,-5.642099349538726161e-02
1.279166666666666607e+01,-5.962138674149481954e-01
1.281250000000000000e+01,1.325444965511962947e-01
1.283333333333333215e+01,7.826127633089692281e-01
1.285416666666666607e+01,1.188142755915033155e-01
1.287500000000000000e+01,-4.614190319476776381e-01
1.289583333333333215e+01,2.368573650354985904e-01
1.291666666666666607e+01,8.614617438754695877e-01
1.293750000000000000e+01,1.775817639912866674e-01
1.295833333333333215e+01,-3.973946983597403393e-01
1.297916666666666607e+01,-1.029947543692031481e-01
1.300000000000000000e+01,5.274582064225078470e-01
1.302083333333333215e+01,-1.926778494173157219e-01
1.304166666666666607e+01,-8.051967404489296376e-01
1.306250000000000000e+01,-1.677651829465662547e-01
1.308333333333333215e+01,4.386107667932503396e-01
1.310416666666666607e+01,-2.302453140021424038e-01
1.312500000000000000e+01,-7.895851958960034001e-01
1.314583333333333215e+01,-1.359160435364358543e-01
1.316666666666666607e+01,4.434969955782139261e-01
1.318750000000000000e+01,-2.156115269157733716e-01
1.320833333333333215e+01,-2.768091253170312793e-01
1.322916666666666607e+01,4.019467566832517491e-01
1.325000000000000000e+01,2.957407762951324015e-01
1.327083333333333215e+01,-3.405534973258487752e-01
1.329166666666666607e+01,2.534366945896722179e-01
1.331250000000000000e+01,5.198651556383065975e-01
1.333333333333333215e+01,-1.554503512387613029e-01
1.335416666666666607e+01,-5.100177055719035124e-01
1.337500000000000000e+01,2.047827394465724371e-01
1.339583333333333215e+01,8.322669563936017090e-01
1.341666666666666607e+01,1.973326926917690349e-01
1.343750000000000000e+01,-4.756948801684403039e-01
1.345833333333333215e+01,7.157628032031607135e-02
1.347916666666666607e+01,3.928961743001703200e-01
1.350000000000000000e+01,-2.433009007229358645e-01
1.352083333333333215e+01,-8.630381396170712094e-01
1.354166666666666607e+01,-1.566996342524713259e-01
1.356250000000000000e+01,4.962507943637303187e-01
1.358333333333333215e+01,-1.821661198817639826e-01
1.360416666666666607e+01,-7.051442622080116296e-01
1.362500000000000000e+01,-2.278463294939067629e-02
1.364583333333333215e+01,6.253014245648232938e-01
1.366666666666666607e+01,-9.350043595783119610e-02
1.368750000000000000e+01,-6.859977879641789844e-01
1.370833333333333215e+01,-5.059239698718365208e-02
1.372916666666666607e+01,5.731460465964083317e-01
1.375000000000000000e+01,-8.821467860899670499e-02
1.377083333333333215e+01,-3.082486193861275758e-01
1.379166666666666607e+01,3.280887057030177356e-01
1.381250000000000000e+01,8.235687523516692643e-01
1.383333333333333215e+01,1.040298615087013878e-01
1.385416666666666607e+01,-5.581088098349761273e-01
1.387500000000000000e+01,1.108034210331421965e-01
1.389583333333333215e+01,6.995835896951655419e-01
1.391666666666666607e+01,1.211136898114578697e-02
1.393750000000000000e+01,-6.495978297264297652e-01
1.395833333333333215e+01,5.786713591540268431e-02
1.397916666666666607e+01,6.471833518122400708e-01
1.400000000000000000e+01,-7.137557257885229767e-04
1.402083333333333215e+01,-6.274377770687231681e-01
1.404166666666666607e+01,9.922589894433320179e-02
1.406250000000000000e+01,7.159718654699782636e-01
1.408333333333333215e+01,8.296549786707124730e-02
1.410416666666666607e+01,-5.543595600674561252e-01
1.412500000000000000e+01,1.561407799939552032e-01
1.414583333333333215e+01,2.861748068210584472e-01
1.416666666666666607e+01,-3.837181297625585907e-01
1.418750000000000000e+01,-6.305516316613349881e-01
1.420833333333333215e+01,1.073430816077171335e-01
1.422916666666666607e+01,4.198025660340242160e-01
1.425000000000000000e+01,-3.275834268688269102e-01
1.427083333333333215e+01,-9.393618285605407348e-01
1.429166666666666607e+01,-2.796934594275330976e-01
1.431250000000000000e+01,3.510633713104560072e-01
1.433333333333333215e+01,-8.134266770962816917e-02
1.435416666666666607e+01,-5.074645392178346315e-01
1.437500000000000000e+01,1.324680376499925705e-01
1.439583333333333215e+01,7.459080242510083281e-01
1.441666666666666607e+01,6.511927057603200675e-02
1.443750000000000000e+01,-5.991671245147422997e-01
1.445833333333333215e+01,6.936355106985894747e-02
1.447916666666666607e+01,6.534083389626910154e-01
1.450000000000000000e+01,-3.362973740910690790e-02
1.452083333333333215e+01,-6.862688745007606839e-01
1.454166666666666607e+01,-7.123002968669300827e-03
1.456250000000000000e+01,5.840741578165454806e-01
1.458333333333333215e+01,-2.642596043017093888e-02
1.460416666666666607e+01,-3.138354153584758666e-01
1.462500000000000000e+01,4.168270314207169758e-01
1.464583333333333215e+01,7.865893391843870042e-01
1.466666666666666607e+01,1.375343851112726112e-01
1.468750000000000000e+01,-4.420623710142734253e-01
1.470833333333333215e+01,2.620187944021563631e-01
1.472916666666666607e+01,7.152060062433096554e-01
1.475000000000000000e+01,2.888454379114355208e-02
1.477083333333333215e+01,-5.477603404256879971e-01
1.479166666666666607e+01,1.159962888329706399e-01
1.481250000000000000e+01,5.604601287721961977e-01
1.483333333333333215e+01,-1.446199790416616282e-01
1.485416666666666607e+01,-7.539027653547626384e-01
1.487500000000000000e+01,-1.159204192653788823e-01
1.489583333333333215e+01,4.913204840556665287e-01
1.491666666666666607e+01,-2.289731371986713226e-01
1.493750000000000000e+01,-8.904840157754940755e-01
1.495833333333333215e+01,-2.212023305374971049e-01
1.497916666666666607e+01,3.669619990673872456e-01
1.500000000000000000e+01,-1.559698942101532260e-01
1.502083333333333215e+01,-4.750187169721485914e-01
1.504166666666666607e+01,2.311807305903806065e-01
1.506250000000000000e+01,8.133975413718170788e-01
1.508333333333333215e+01,1.666499542224051389e-01
1.510416666666666607e+01,-4.570167353304374069e-01
1.512500000000000000e+01,2.688777172009094718e-01
1.514583333333333215e+01,3.748907296866504368e-01
1.516666666666666607e+01,-2.571270790200753109e-01
1.518750000000000000e+01,-5.451766897142477086e-01
1.520833333333333215e+01,1.418736063100720646e-01
1.522916666666666607e+01,7.900818252024119914e-01
1.525000000000000000e+01,1.148064945028617057e-01
1.527083333333333215e+01,-4.745722466201469092e-01
1.529166666666666607e+01,-5.707087235568018835e-02
1.531250000000000000e+01,5.115175137420107099e-01
1.533333333333333215e+01,-1.776095674060587104e-01
1.535416666666666607e+01,-7.780260433918019247e-01
1.537500000000000000e+01,-1.324171259729368666e-01
1.539583333333333215e+01,4.871477483108893614e-01
1.541666666666666607e+01,-2.446801582525694463e-01
1.543750000000000000e+01,-8.541159444638358744e-01
1.545833333333333215e+01,-2.054175154531884817e-01
1.547916666666666607e+01,3.765820180686256791e-01
1.550000000000000000e+01,1.726345969814991888e-01
1.552083333333333215e+01,-4.829794992357636096e-01
1.554166666666666607e+01,2.062344453872988759e-01
1.556250000000000000e+01,7.878786401179633803e-01
1.558333333333333215e+01,1.248069475492059321e-01
1.560416666666666607e+01,-5.160138254905441979e-01
1.562500000000000000e+01,2.149898135063948168e-01
1.564583333333333215e+01,8.243379845246092685e-01
1.566666666666666607e+01,1.822202510543174114e-01
1.568750000000000000e+01,-4.279424136680627933e-01
1.570833333333333215e+01,1.720676186664721052e-01
1.572916666666666607e+01,3.800612724167372614e-01
1.575000000000000000e+01,-2.781253215477488272e-01
1.577083333333333215e+01,-6.995540155229562629e-01
1.579166666666666607e+01,3.097705601823874666e-04
1.581250000000000000e+01,6.512574784969098474e-01
1.583333333333333215e+01,-4.158906715139321086e-02
1.585416666666666607e+01,-6.150448993259960417e-01
1.587500000000000000e+01,3.051534072983660972e-02
1.589583333333333215e+01,6.657830535871169797e-01
1.591666666666666607e+01,-3.349775727919146462e-02
1.593750000000000000e+01,-6.404522751918279022e-01
1.595833333333333215e+01,-2.639820654756042106e-03
1.597916666666666607e+01,6.069848001119766412e-01
1.600000000000000000e+01,-1.227247766017463826e-01
1.602083333333333215e+01,-7.722391003096953366e-01
1.604166666666666430e+01,-1.072433806541893964e-01
1.606250000000000000e+01,4.701616145991283080e-01
1.608333333333333215e+01,-2.286846445080735479e-01
1.610416666666666430e+01,-6.179793448097193886e-01
1.612500000000000000e+01,6.598728660324607032e-02
1.614583333333333215e+01,6.366103557428776094e-01
1.616666666666666430e+01,-5.367263851776410410e-03
1.618750000000000000e+01,-6.326442003554999527e-01
1.620833333333333215e+01,3.900344084275586543e-02
1.622916666666666430e+01,6.489416273844101912e-01
1.625000000000000000e+01,1.219072692672978908e-02
1.627083333333333215e+01,-5.930328920345520061e-01
1.629166666666666430e+01,1.353508439113336737e-01
1.631250000000000000e+01,7.868275516258129709e-01
1.633333333333333215e+01,1.204296181376667274e-01
1.635416666666666430e+01,-4.538076112659188421e-01
1.637500000000000000e+01,2.399070851038770935e-01
1.639583333333333215e+01,6.532698962194324332e-01
1.641666666666666430e+01,-4.559860793469464046e-02
1.643750000000000000e+01,-6.234837258167934548e-01
1.645833333333333215e+01,9.292323026419413434e-03
1.647916666666666430e+01,6.384805923959574470e-01
1.650000000000000000e+01,-4.528267329566321164e-02
1.652083333333333215e+01,-6.698077977512788550e-01
1.654166666666666430e+01,-3.380009908081324510e-02
1.656250000000000000e+01,5.550502489470198197e-01
1.658333333333333215e+01,-1.581601431929787471e-01
1.660416666666666430e+01,-8.061538612463243769e-01
1.662500000000000000e+01,-1.491048461150877025e-01
1.664583333333333215e+01,4.241006225567586774e-01
1.666666666666666430e+01,-2.407555860643268708e-01
1.668750000000000000e+01,-3.475900746579706491e-01
1.670833333333333215e+01,3.229710099225457931e-01
1.672916666666666430e+01,4.249859205034007825e-01
1.675000000000000000e+01,-2.147304335886946192e-01
1.677083333333333215e+01,-3.779430288904057633e-01
1.679166666666666430e+01,3.511331897756408971e-01
1.681250000000000000e+01,4.408822791017599774e-01
1.683333333333333215e+01,-2.034426745395902236e-01
1.685416666666666430e+01,-4.198085048821027510e-01
1.687500000000000000e+01,2.920859825116837172e-01
1.689583333333333215e+01,5.778949835494009424e-01
1.691666666666666430e+01,-9.894956651780448253e-02
1.693750000000000000e+01,-6.738313040032439805e-01
1.695833333333333215e+01,9.694626463795652516e-03
1.697916666666666430e+01,6.558798967423820070e-01
1.700000000000000000e+01,-1.606998397576142601e-02
1.702083333333333215e+01,-6.069318084609914843e-01
1.704166666666666430e+01,3.626971522662347791e-02
1.706250000000000000e+01,6.609455807652467874e-01
1.708333333333333215e+01,-7.404497608517671137e-02
1.710416666666666430e+01,-6.935899545841892611e-01
1.712500000000000000e+01,-4.076158754450331934e-02
1.714583333333333215e+01,5.443012359221249818e-01
1.716666666666666430e+01,-1.822610759238656175e-01
1.718750000000000000e+01,-6.432854978561184378e-01
1.720833333333333215e+01,2.847720399606146202e-02
1.722916666666666430e+01,5.954761895792630710e-01
1.725000000000000000e+01,-9.173460905870495230e-02
1.727083333333333215e+01,-6.745307458294478309e-01
1.729166666666666430e+01,3.287057255785094667e-02
1.731250000000000000e+01,6.197611855083628996e-01
1.733333333333333215e+01,-5.523569732941410737e-02
1.735416666666666430e+01,-4.153726020759864745e-01
1.737500000000000000e+01,3.193194820723506133e-01
1.739583333333333215e+01,9.682311790178348421e-01
1.741666666666666430e+01,3.233611859889974349e-01
1.743750000000000000e+01,-2.773563210681168067e-01
1.745833333333333215e+01,-1.169328446550697564e-01
1.747916666666666430e+01,5.548611249791025601e-01
1.750000000000000000e+01,-1.320641519880259851e-01
1.752083333333333215e+01,-7.236180733739484561e-01
1.754166666666666430e+01,-5.550142683223646678e-02
1.756250000000000000e+01,5.912850018591986334e-01
1.758333333333333215e+01,-1.150630383778243337e-01
1.760416666666666430e+01,-7.260513077064495446e-01
1.762500000000000000e+01,-8.521096457034454952e-02
1.764583333333333215e+01,5.250725558690509942e-01
1.766666666666666430e+01,-1.939292503268110479e-01
1.768750000000000000e+01,-8.560615585898041502e-01
1.770833333333333215e+01,-1.927681258653252683e-01
1.772916666666666430e+01,4.002714129524238551e-01
1.775000000000000000e+01,7.283272457160193392e-02
1.777083333333333215e+01,-5.928949345234884039e-01
1.779166666666666430e+01,1.057749892753806487e-01
1.781250000000000000e+01,6.935064219781347239e-01
1.783333333333333215e+01,4.685421280181850667e-02
1.785416666666666430e+01,-5.896212617043785631e-01
1.787500000000000000e+01,1.018040601442902482e-01
1.789583333333333215e+01,7.229222848677988589e-01
1.791666666666666430e+01,8.579608344357386729e-02
1.793750000000000000e+01,-5.105944709489245170e-01
1.795833333333333215e+01,2.050561258171520462e-01
1.797916666666666430e+01,8.609741961408988731e-01
1.800000000000000000e+01,1.873057692175813527e-01
1.802083333333333215e+01,-3.915633174683545992e-01
1.804166666666666430e+01,-2.559862353400441104e-02
1.806250000000000000e+01,5.241230337191682409e-01
1.808333333333333215e+01,-1.382336350104065303e-01
1.810416666666666430e+01,-7.291088049454929054e-01
1.812500000000000000e+01,-8.302646302356364583e-02
1.814583333333333215e+01,5.047423684755956153e-01
1.816666666666666430e+01,-1.958611764653647169e-01
1.818750000000000000e+01,-7.049904014618062487e-01
1.820833333333333215e+01,-8.313186572783709538e-02
1.822916666666666430e+01,6.433471966631063577e-01
1.825000000000000000e+01,-4.399907941543762524e-02
1.827083333333333215e+01,-7.192086169458153933e-01
1.829166666666666430e+01,-3.711368465170952757e-02
1.831250000000000000e+01,7.360538110710365123e-01
1.833333333333333215e+01,6.117757912235141649e-02
1.835416666666666430e+01,-6.262399146479808998e-01
1.837500000000000000e+01,1.430410920552011023e-01
1.839583333333333215e+01,8.427052794740536035e-01
1.841666666666666430e+01,1.640215007128974500e-01
1.843750000000000000e+01,-5.244582315941446193e-01
1.845833333333333215e+01,2.288819024930275892e-01
1.847916666666666430e+01,2.713495529036896725e-01
1.850000000000000000e+01,-4.039335031084790861e-01
1.852083333333333215e+01,-1.835045859091588849e-01
1.854166666666666430e+01,5.036210335560021845e-01
1.856250000000000000e+01,-1.512367413795824844e-01
1.858333333333333215e+01,-8.517167441919140103e-01
1.860416666666666430e+01,-2.507024139864169054e-01
1.862500000000000000e+01,3.978604428683002459e-01
1.864583333333333215e+01,-2.170466765622373340e-01
1.866666666666666430e+01,-3.098528076891173266e-01
1.868750000000000000e+01,3.039967017116941284e-01
1.870833333333333215e+01,1.971614769988377647e-01
1.872916666666666430e+01,-4.030407774717125746e-01
1.875000000000000000e+01,1.828867562923482126e-01
1.877083333333333215e+01,7.851790163712036863e-01
1.879166666666666430e+01,1.621772935772752278e-01
1.881250000000000000e+01,-4.226292740624075228e-01
1.883333333333333215e+01,2.006743500210974029e-01
1.885416666666666430e+01,3.180862542731857090e-01
1.887500000000000000e+01,-2.758115495669926087e-01
1.889583333333333215e+01,-5.044441995250276145e-01
1.891666666666666430e+01,1.568091293011111276e-01
1.893750000000000000e+01,5.293854356277801765e-01
1.895833333333333215e+01,-5.641183619366781088e-02
1.897916666666666430e+01,-6.768547117473752150e-01
1.900000000000000000e+01,-2.018588220055408944e-02
1.902083333333333215e+01,5.677591561355969096e-01
1.904166666666666430e+01,-2.882381710089830518e-02
1.906250000000000000e+01,-6.906390638354333866e-01
1.908333333333333215e+01,-6.637964722971834153e-02
1.910416666666666430e+01,5.216245301264997858e-01
1.912500000000000000e+01,-1.004345284641762759e-01
1.914583333333333215e+01,-7.701170330801627717e-01
1.916666666666666430e+01,-1.690251633895532013e-01
1.918750000000000000e+01,4.306422566439377930e-01
1.920833333333333215e+01,-1.385688505718392638e-01
1.922916666666666430e+01,-2.296136820058771455e-01
1.925000000000000000e+01,3.627688634543314028e-01
1.927083333333333215e+01,3.708296555080320411e-01
1.929166666666666430e+01,-2.934859701500471263e-01
1.931250000000000000e+01,2.016601376186279437e-01
1.933333333333333215e+01,6.216311479923344319e-01
1.935416666666666430e+01,-2.385164928579380783e-02
1.937500000000000000e+01,-6.484437120249008091e-01
1.939583333333333215e+01,7.639379332219814467e-02
1.941666666666666430e+01,7.067253730798708222e-01
1.943750000000000000e+01,7.456892359790551206e-02
1.945833333333333215e+01,-5.672143642821989573e-01
1.947916666666666430e+01,1.318537765623900015e-01
1.950000000000000000e+01,7.998134922779280842e-01
1.952083333333333215e+01,1.225866472335322976e-01
1.954166666666666430e+01,-4.660237286409867341e-01
1.956250000000000000e+01,-1.158717036509332998e-01
1.958333333333333215e+01,5.360759204803188238e-01
1.960416666666666430e+01,-1.497634843046827535e-01
1.962500000000000000e+01,-7.565517840913420500e-01
1.964583333333333215e+01,-1.142899950062764847e-01
1.966666666666666430e+01,4.987954261077964802e-01
1.968750000000000000e+01,-2.314761812662585461e-01
1.970833333333333215e+01,-8.786101739077631922e-01
1.972916666666666430e+01,-2.176924363146115760e-01
1.975000000000000000e+01,3.642714553452249260e-01
1.977083333333333215e+01,-1.074542673979213825e-01
1.979166666666666430e+01,-4.716321615191957362e-01
1.981250000000000000e+01,2.220051978355016276e-01
1.983333333333333215e+01,8.032382917556201152e-01
1.985416666666666430e+01,1.544468610016932475e-01
1.987500000000000000e+01,-4.781979969459430602e-01
1.989583333333333215e+01,2.160619081863444368e-01
1.991666666666666430e+01,6.266877614117773998e-01
1.993750000000000000e+01,-1.291272052633804512e-02
1.995833333333333215e+01,-6.187903250709505532e-01
1.997916666666666430e+01,1.074901331964389639e-01
2.000000000000000000e+01,7.643254616504198129e-01
2.002083333333333215e+01,9.406255388935327866e-02
2.004166666666666430e+01,-4.873304714339864452e-01
2.006250000000000000e+01,9.912469972397919271e-04
2.008333333333333215e+01,4.188820163182561673e-01
2.010416666666666430e+01,-2.846991953605017001e-01
2.012500000000000000e+01,-8.716279068696377585e-01
2.014583333333333215e+01,-2.365126109331781024e-01
2.016666666666666430e+01,3.874793635551465609e-01
2.018750000000000000e+01,-2.502289182429381365e-01
2.020833333333333215e+01,-3.636737494988850905e-01
2.022916666666666430e+01,2.771563592986577840e-01
2.025000000000000000e+01,4.295439827578642067e-01
2.027083333333333215e+01,-1.750492175867770506e-01
2.029166666666666430e+01,-4.088914223051541841e-01
2.031250000000000000e+01,2.200235923015770312e-01
2.033333333333333215e+01,6.697302251435455211e-01
2.035416666666666430e+01,4.871886135824773922e-02
2.037500000000000000e+01,-6.142556710652169460e-01
2.039583333333333215e+01,-1.334646444900361439e-02
2.041666666666666430e+01,5.772825100522146480e-01
2.043750000000000000e+01,-8.334675880572994799e-02
2.045833333333333215e+01,-7.152833800725680868e-01
2.047916666666666430e+01,-1.302766357947507669e-01
2.050000000000000000e+01,4.909903114560983384e-01
2.052083333333333215e+01,-1.036406968042878074e-01
2.054166666666666430e+01,-2.101610649507691664e-01
2.056250000000000000e+01,3.843097107038434546e-01
2.058333333333333215e+01,4.141943160379459310e-01
2.060416666666666430e+01,-2.130065177109037589e-01
2.062500000000000000e+01,-9.682169805043783217e-02
2.064583333333333215e+01,5.341939482265097849e-01
2.066666666666666430e+01,-1.040391601692257084e-01
2.068750000000000000e+01,-6.634974234122813508e-01
2.070833333333333215e+01,2.376963947899773943e-02
2.072916666666666430e+01,6.872862636493315414e-01
2.075000000000000000e+01,1.394080024945865137e-02
2.077083333333333215e+01,-5.710243447432765684e-01
2.079166666666666430e+01,1.069859824562544304e-01
2.081250000000000000e+01,7.602362455989044587e-01
2.083333333333333215e+01,6.626349946407039671e-02
2.085416666666666430e+01,-5.321883868389555294e-01
2.087500000000000000e+01,9.964282318426354035e-02
2.089583333333333215e+01,7.225508867421671644e-01
2.091666666666666430e+01,1.288578215727235188e+00
2.093750000000000000e+01,6.321050776174889085e-01
2.095833333333333215e+01,-4.739262184357032059e-02
2.097916666666666430e+01,6.240717842418049832e-01
2.100000000000000000e+01,3.121808482050552058e-01
2.102083333333333215e+01,-3.780021100748225393e-01
2.104166666666666430e+01,1.865926992133144502e-01
2.106250000000000000e+01,3.616067213759935894e-01
2.108333333333333215e+01,-3.138154875704615154e-01
2.110416666666666430e+01,-9.769606678660216481e-01
2.112500000000000000e+01,-3.719846872703188034e-01
2.114583333333333215e+01,4.064238118392727861e-01
2.116666666666666430e+01,-2.790785346483496410e-01
2.118750000000000000e+01,-9.657113151301673915e-01
2.120833333333333215e+01,-3.436872754904479743e-01
2.122916666666666430e+01,4.205700289417368398e-01
2.125000000000000000e+01,-2.935905178640744184e-01
2.127083333333333215e+01,-9.580951694268955432e-01
2.129166666666666430e+01,-3.044111998454260837e-01
2.131250000000000000e+01,4.101470136885889683e-01
2.133333333333333215e+01,-3.301512400013368875e-01
2.135416666666666430e+01,-6.658813198978539294e-01
2.137500000000000000e+01,5.074936657061518419e-03
2.139583333333333215e+01,7.382478673175096873e-01
2.141666666666666430e+01,-1.387455820630473236e-02
2.143750000000000000e+01,-6.618293486473171283e-01
2.145833333333333215e+01,1.444033305276506973e-02
2.147916666666666430e+01,7.460065973271194917e-01
2.150000000000000000e+01,-4.788361425288045758e-03
2.152083333333333215e+01,-6.508861502709755165e-01
2.154166666666666430e+01,3.071999274709047434e-02
2.156250000000000000e+01,7.101084737084006893e-01
2.158333333333333215e+01,-5.016488903583343761e-02
2.160416666666666430e+01,-7.036394274259438752e-01
2.162500000000000000e+01,-3.113882323038261180e-02
2.164583333333333215e+01,7.175692742705188643e-01
2.166666666666666430e+01,-2.409040710838936117e-02
2.168750000000000000e+01,-6.799976126350975036e-01
2.170833333333333215e+01,-1.930444032645670105e-02
2.172916666666666430e+01,6.686247740992170563e-01
2.175000000000000000e+01,-7.510864151302357183e-02
2.177083333333333215e+01,-7.339338896423031056e-01
2.179166666666666430e+01,-7.131402487764945675e-02
2.181250000000000000e+01,6.570020655267194698e-01
2.183333333333333215e+01,-8.730630783447257404e-02
2.185416666666666430e+01,-7.569050668586828623e-01
2.187500000000000000e+01,-8.729211765808575496e-02
2.189583333333333215e+01,6.677867498625846832e-01
2.191666666666666430e+01,-8.205723656996338766e-02
2.193750000000000000e+01,-6.639847474476713307e-01
2.195833333333333215e+01,7.793630448008015410e-03
2.197916666666666430e+01,7.650175755600402416e-01
2.200000000000000000e+01,1.828198528328561778e-02
2.202083333333333215e+01,-6.540419682530786982e-01
2.204166666666666430e+01,1.883351294940707743e-02
2.206250000000000000e+01,7.764894557527913799e-01
2.208333333333333215e+01,2.383188841415848080e-02
2.210416666666666430e+01,-6.489354877147451850e-01
2.212500000000000000e+01,2.362614423265946284e-02
2.214583333333333215e+01,7.831582333295652454e-01
2.216666666666666430e+01,3.170673409122096165e-02
2.218750000000000000e+01,-6.436306140446771407e-01
2.220833333333333215e+01,2.967218862937953672e-02
2.222916666666666430e+01,7.923734110605693548e-01
2.225000000000000000e+01,4.105384880691301253e-02
2.227083333333333215e+01,-6.373064590682147035e-01
2.229166666666666430e+01,3.641568458942776032e-02
2.231250000000000000e+01,8.021820835259697580e-01
2.233333333333333215e+01,4.844537125050368820e-02
2.235416666666666430e+01,-6.331759575113216076e-01
2.237500000000000000e+01,4.075612318098206788e-02
2.239583333333333215e+01,8.109904673213191861e-01
2.241666666666666430e+01,5.999527649593919265e-02
2.243750000000000000e+01,-6.256038557127802102e-01
2.245833333333333215e+01,4.818586223611726060e-02
2.247916666666666430e+01,8.216225556690244236e-01
2.250000000000000000e+01,6.739571903492014293e-02
2.252083333333333215e+01,-6.088599017469819019e-01
2.254166666666666430e+01,6.558731067426482042e-02
2.256250000000000000e+01,4.573126449967830909e-01
2.258333333333333215e+01,-3.024160700516900224e-01
2.260416666666666430e+01,-9.574933744854057238e-01
2.262500000000000000e+01,-2.691013989681350083e-01
2.264583333333333215e+01,4.944653938004824889e-01
2.266666666666666430e+01,-2.756368825379639231e-01
2.268750000000000000e+01,-4.893743967286339758e-01
2.270833333333333215e+01,2.098657499779142399e-01
2.272916666666666430e+01,5.547843600445561130e-01
2.275000000000000000e+01,-2.284625126066095746e-01
2.277083333333333215e+01,-6.810573674559656787e-01
2.279166666666666430e+01,1.772507427209105146e-02
2.281250000000000000e+01,7.818719504985258695e-01
2.283333333333333215e+01,7.618425721036992115e-03
2.285416666666666430e+01,-6.744272462421587733e-01
2.287500000000000000e+01,1.763839400066025132e-02
2.289583333333333215e+01,7.921110807393512143e-01
2.291666666666666430e+01,2.255494680622444070e-02
2.293750000000000000e+01,-6.697158832200666989e-01
2.295833333333333215e+01,1.531095949718419558e-02
2.297916666666666430e+01,8.009715854401524560e-01
2.300000000000000000e+01,4.035092643633605980e-02
2.302083333333333215e+01,-6.315388053922993405e-01
2.304166666666666430e+01,4.897839985589952372e-02
2.306250000000000000e+01,8.233477340974953984e-01
2.308333333333333215e+01,5.262134733336987225e-02
2.310416666666666430e+01,-6.377510835500355135e-01
2.312500000000000000e+01,5.692538228772758835e-02
2.314583333333333215e+01,7.216016730838564763e-01
2.316666666666666430e+01,-5.674016120464928092e-02
2.318750000000000000e+01,-7.456170952259584261e-01
2.320833333333333215e+01,-4.738849683644327793e-02
2.322916666666666430e+01,7.328931998024675876e-01
2.325000000000000000e+01,-4.661113096922084309e-02
2.327083333333333215e+01,-7.417987202743754338e-01
2.329166666666666430e+01,-4.653431025459425774e-02
2.331250000000000000e+01,6.403119064384775738e-01
2.333333333333333215e+01,-1.305053248744320604e-01
2.335416666666666430e+01,-8.323113882592327872e-01
2.337500000000000000e+01,-1.398311000450958297e-01
2.339583333333333215e+01,6.533916397459959002e-01
2.341666666666666430e+01,-1.193477894968867081e-01
2.343750000000000000e+01,-7.936017150551988308e-01
2.345833333333333215e+01,-1.030552126252160250e-01
2.347916666666666430e+01,6.850679056332263928e-01
2.350000000000000000e+01,-9.603969509103646440e-02
2.352083333333333215e+01,-7.872818396489409398e-01
2.354166666666666430e+01,-8.443160573226796140e-02
2.356250000000000000e+01,5.980156727781661408e-01
2.358333333333333215e+01,-1.946417716609948612e-01
2.360416666666666430e+01,-5.737223992903055514e-01
2.362500000000000000e+01,1.345385210506225004e-01
2.364583333333333215e+01,8.165356431605468313e-01
2.366666666666666430e+01,2.124324069789457203e-02
2.368750000000000000e+01,-6.302233390647349331e-01
2.370833333333333215e+01,7.572161065926893975e-02
2.372916666666666430e+01,7.719226505771434876e-01
2.375000000000000000e+01,-1.832460671914606931e-02
2.377083333333333215e+01,-6.914073001915408412e-01
2.379166666666666430e+01,1.288187443826557810e-02
2.381250000000000000e+01,8.038266208572619753e-01
2.383333333333333215e+01,1.358270317218759904e-02
2.385416666666666430e+01,-6.878043385975435298e-01
2.387500000000000000e+01,2.001221802170710662e-02
2.389583333333333215e+01,8.114567062996975721e-01
2.391666666666666430e+01,2.408817950048200429e-02
2.393750000000000000e+01,-6.773687170806106383e-01
2.395833333333333215e+01,3.358072845106852000e-02
2.397916666666666430e+01,8.234556880064189954e-01
2.400000000000000000e+01,2.686746324129385410e-02
2.402083333333333215e+01,-6.730162957971773663e-01
2.404166666666666430e+01,3.965115133277036241e-02
2.406250000000000000e+01,8.145234226707702696e-01
2.408333333333333215e+01,1.737398792837419048e-02
2.410416666666666430e+01,-6.852942555991369256e-01
2.412500000000000000e+01,2.762949040996770522e-02
2.414583333333333215e+01,8.232021450956694686e-01
2.416666666666666430e+01,3.016398340801837441e-02
2.418750000000000000e+01,-6.779156725923624061e-01
2.420833333333333215e+01,3.325520192656689078e-02
2.422916666666666430e+01,8.339683520996414856e-01
2.425000000000000000e+01,3.871983824646521577e-02
2.427083333333333215e+01,-6.745911233328134582e-01
2.429166666666666430e+01,3.431986664432359890e-02
2.431250000000000000e+01,9.566360253165581140e-01
2.433333333333333215e+01,7.450808808688734741e-01
2.435416666666666430e+01,4.837876567360871460e-03
2.437500000000000000e+01,1.279263562564604273e-01
2.439583333333333215e+01,9.472722058610147933e-01
2.441666666666666430e+01,1.324671461421018659e-01
2.443750000000000000e+01,-5.770147365614823887e-01
2.445833333333333215e+01,1.296680332407106617e-01
2.447916666666666430e+01,9.052178453686614557e-01
2.450000000000000000e+01,9.205351576344145137e-02
2.452083333333333215e+01,-6.074291444191161071e-01
2.454166666666666430e+01,-5.007014907757977307e-01
2.456250000000000000e+01,2.350477469746561354e-01
2.458333333333333215e+01,-5.875947618250338955e-01
2.460416666666666430e+01,-8.253617282172931446e-01
2.462500000000000000e+01,-9.018352239198731968e-02
2.464583333333333215e+01,1.423983187235068892e-01
2.466666666666666430e+01,-6.729874319844721953e-01
2.468750000000000000e+01,-4.929100123875767570e-01
2.470833333333333215e+01,2.338083608863090190e-01
2.472916666666666430e+01,-2.565232746047390044e-01
2.475000000000000000e+01,-1.058753582842632435e+00
2.477083333333333215e+01,-4.654834796230382654e-01
2.479166666666666430e+01,2.496545793969994487e-01
2.481250000000000000e+01,-4.316879141400720848e-02
2.483333333333333215e+01,-5.912886386981390796e-01
2.485416666666666430e+01,-5.186410331959542819e-02
2.487500000000000000e+01,6.590840377662303684e-01
2.489583333333333215e+01,1.885696528550440121e-01
2.491666666666666430e+01,-4.883433599870805608e-01
2.493750000000000000e+01,4.214382584390062580e-02
2.495833333333333215e+01,7.488960158118197485e-01
2.497916666666666430e+01,2.771805559632440352e-01
2.500000000000000000e+01,-5.174970855877667475e-01
2.502083333333333215e+01,1.632947956727509586e-02
2.504166666666666430e+01,5.830615198669424348e-01
2.506250000000000000e+01,1.125002211180150535e-01
2.508333333333333215e+01,-6.184913411719874521e-01
2.510416666666666430e+01,-6.066244388703302681e-02
2.512500000000000000e+01,6.548430849909141482e-01
2.514583333333333215e+01,1.754051831538366302e-01
2.516666666666666430e+01,-6.332881840181038280e-01
2.518750000000000000e+01,-8.644842791176131358e-02
2.520833333333333215e+01,6.433742484284492580e-01
2.522916666666666430e+01,1.558894966026083684e-01
2.525000000000000000e+01,-6.628525412228950531e-01
2.527083333333333215e+01,-1.128871700053085958e-01
2.529166666666666430e+01,6.220493089765224415e-01
2.531250000000000000e+01,1.360113854393243948e-01
2.533333333333333215e+01,-6.835449827852462246e-01
2.535416666666666430e+01,-1.287286468982149212e-01
2.537500000000000000e+01,6.029825214600643690e-01
2.539583333333333215e+01,1.254366891587233024e-01
2.541666666666666430e+01,-6.846520852679900404e-01
2.543750000000000000e+01,-6.211310005873355022e-02
2.545833333333333215e+01,6.665074140742965891e-01
2.547916666666666430e+01,2.804835209666028950e-02
2.550000000000000000e+01,-7.901091264835966577e-01
2.552083333333333215e+01,-7.598954162834553605e-02
2.554166666666666430e+01,6.337972997671017517e-01
2.556250000000000000e+01,-1.971752967480495666e-01
2.558333333333333215e+01,-7.904265974643706061e-01
2.560416666666666430e+01,-5.502219434385194341e-02
2.562500000000000000e+01,6.772561438781763421e-01
2.564583333333333215e+01,-1.469380462889668948e-01
2.566666666666666430e+01,-5.420946863729367848e-01
2.568750000000000000e+01,1.916149681769952484e-01
2.570833333333333215e+01,7.939572542127553145e-01
2.572916666666666430e+01,-3.013416619951309050e-02
2.575000000000000000e+01,-5.004165353663557747e-01
2.577083333333333215e+01,2.321243376776178091e-01
2.579166666666666430e+01,7.587168571856859334e-01
2.581250000000000000e+01,-6.711114794208131173e-02
2.583333333333333215e+01,-5.385435522600903191e-01
2.585416666666666430e+01,1.913857363297729319e-01
2.587500000000000000e+01,7.149858127205093172e-01
2.589583333333333215e+01,-3.031443451533652467e-02
2.591666666666666430e+01,-4.965591170469670357e-01
2.593750000000000000e+01,2.299693303605910011e-01
2.595833333333333215e+01,7.046159108558192052e-01
2.597916666666666430e+01,-5.387846963481537910e-02
2.600000000000000000e+01,-6.520985641298553404e-01
2.602083333333333215e+01,-1.181949139845110075e+00
2.604166666666666430e+01,-5.672940651212092789e-01
2.606250000000000000e+01,-8.079192583818264883e-02
2.608333333333333215e+01,-3.703879894523566807e-01
2.610416666666666430e+01,-5.196841774193452501e-01
2.612500000000000000e+01,-3.209596189699862046e-03
2.614583333333333215e+01,4.823564983786318150e-01
2.616666666666666430e+01,1.766706208943699674e-02
2.618750000000000000e+01,-5.310343087069820944e-01
2.620833333333333215e+01,-1.158191684043202718e-02
2.622916666666666430e+01,4.780802591947082014e-01
2.625000000000000000e+01,9.989808167705477304e-03
2.627083333333333215e+01,-5.445832850742066134e-01
2.629166666666666430e+01,-2.314458939096268597e-02
2.631250000000000000e+01,4.823439984393785296e-01
2.633333333333333215e+01,2.521057067949219466e-01
2.635416666666666430e+01,-3.042448790225793509e-01
2.637500000000000000e+01,2.214968354783550808e-01
2.639583333333333215e+01,7.603171544050076891e-01
2.641666666666666430e+01,2.852525690782421464e-01
2.643750000000000000e+01,-2.686235306033132320e-01
2.645833333333333215e+01,2.660984506595744370e-01
2.647916666666666430e+01,7.529565955144353895e-01
2.650000000000000000e+01,2.639192662239759901e-01
2.652083333333333215e+01,-2.829955162443589245e-01
2.654166666666666430e+01,2.625314136420036637e-01
2.656250000000000000e+01,7.414008142604721074e-01
2.658333333333333215e+01,2.398442364331345722e-01
2.660416666666666430e+01,-3.532831900887164478e-01
2.662500000000000000e+01,2.056887124507376097e-01
2.664583333333333215e+01,2.967794961939533294e-01
2.666666666666666430e+01,-2.009828423051380764e-01
2.668750000000000000e+01,-6.844907952661656303e-01
2.670833333333333215e+01,-1.335660705643150203e-01
2.672916666666666430e+01,3.553587181289927233e-01
2.675000000000000000e+01,-1.396791508159813677e-01
2.677083333333333215e+01,-6.949095851376821953e-01
2.679166666666666430e+01,-1.468390177956454545e-01
2.681250000000000000e+01,3.517314282510911605e-01
2.683333333333333215e+01,-1.401285084157380123e-01
2.685416666666666430e+01,-4.941226907794648016e-01
2.687500000000000000e+01,5.119428545680602960e-02
2.689583333333333215e+01,6.498009831298126038e-01
2.691666666666666430e+01,1.589278722905114738e-01
2.693750000000000000e+01,-4.270866728188499328e-01
2.695833333333333215e+01,1.259556256440048649e-01
2.697916666666666430e+01,6.222042777096932209e-01
2.700000000000000000e+01,1.201914725489218738e-01
2.702083333333333215e+01,-4.390781228629437871e-01
2.704166666666666430e+01,1.203779167420454960e-01
2.706250000000000000e+01,5.691899322424467389e-01
2.708333333333333215e+01,6.106022672447326827e-02
2.710416666666666430e+01,-4.956223703909964917e-01
2.712500000000000000e+01,7.030554226879560942e-02
2.714583333333333215e+01,3.978729426173992501e-01
2.716666666666666430e+01,-1.163900972006654683e-01
2.718750000000000000e+01,-7.136075404323067861e-01
2.720833333333333215e+01,-1.409261421395104907e-01
2.722916666666666430e+01,3.896558956780741823e-01
2.725000000000000000e+01,-1.190324545238214404e-01
2.727083333333333215e+01,-6.895212878095043907e-01
2.729166666666666430e+01,-1.292639446301896422e-01
2.731250000000000000e+01,3.825028066608789912e-01
2.733333333333333215e+01,-1.187524090989824643e-01
2.735416666666666430e+01,-7.003997601520957073e-01
2.737500000000000000e+01,-1.382083403400217181e-01
2.739583333333333215e+01,4.760410568516304508e-01
2.741666666666666430e+01,-2.236439676735926807e-02
2.743750000000000000e+01,-4.906064463254104502e-01
2.745833333333333215e+01,7.351631465812784316e-02
2.747916666666666430e+01,5.874092164113390302e-01
2.750000000000000000e+01,7.803774048341810543e-02
2.752083333333333215e+01,-5.029855474759161726e-01
2.754166666666666430e+01,6.418275813460487533e-02
2.756250000000000000e+01,5.804908366857373103e-01
2.758333333333333215e+01,6.845926506338255446e-02
2.760416666666666430e+01,-5.153486996356839711e-01
2.762500000000000000e+01,5.473826341107795868e-02
2.764583333333333215e+01,5.735788826761710757e-01
2.766666666666666430e+01,5.908350420161068151e-02
2.768750000000000000e+01,-5.028731140619836504e-01
2.770833333333333215e+01,6.995100883996048513e-02
2.772916666666666430e+01,6.044234905453585993e-01
2.775000000000000000e+01,8.729552814544860873e-02
2.777083333333333215e+01,-5.007223982440810461e-01
2.779166666666666430e+01,7.654383326337228788e-02
2.781250000000000000e+01,5.971870251238878824e-01
2.783333333333333215e+01,7.440769046466939873e-02
2.785416666666666430e+01,-5.128588027356684176e-01
2.787500000000000000e+01,7.017360669691680153e-02
2.789583333333333215e+01,5.899250232202175592e-01
2.791666666666666430e+01,6.178509824334511846e-02
2.793750000000000000e+01,-5.248013694496836967e-01
2.795833333333333215e+01,6.357822641237650951e-02
2.797916666666666430e+01,5.824964000840892053e-01
2.800000000000000000e+01,4.929086071730554020e-02
2.802083333333333215e+01,-5.366028748563138606e-01
2.804166666666666430e+01,5.707708035221586984e-02
2.806250000000000000e+01,5.752059443281255513e-01
2.808333333333333215e+01,3.720265460581050065e-02
2.810416666666666430e+01,-5.481863786877492206e-01
2.812500000000000000e+01,5.004356161231546252e-02
2.814583333333333215e+01,5.675030960877233133e-01
2.816666666666666430e+01,2.498282392700860999e-02
2.818750000000000000e+01,-5.737844830542069285e-01
2.820833333333333215e+01,2.913213630642973173e-02
2.822916666666666430e+01,5.518574922253676185e-01
2.825000000000000000e+01,1.171334546155347600e-02
2.827083333333333215e+01,-5.847657153964872512e-01
2.829166666666666430e+01,1.010827726355251199e-02
2.831250000000000000e+01,5.437870879667715540e-01
2.833333333333333215e+01,1.054069988413366965e-02
2.835416666666666430e+01,-5.964927697809039309e-01
2.837500000000000000e+01,-5.898921631604575611e-03
2.839583333333333215e+01,5.394264228611921341e-01
2.841666666666666430e+01,1.327453261997657563e-02
2.843750000000000000e+01,-6.060904401359585858e-01
2.845833333333333215e+01,-2.416141245858217934e-02
2.847916666666666430e+01,4.883765053759332453e-01
2.850000000000000000e+01,-3.499407247493178941e-02
2.852083333333333215e+01,-7.058872665350890419e-01
2.854166666666666430e+01,-1.136878461133683377e-01
2.856250000000000000e+01,6.665879556119291838e-01
2.858333333333333215e+01,1.411443411188521568e-01
2.860416666666666430e+01,-5.457252233446413525e-01
2.862500000000000000e+01,-1.551180003108361127e-01
2.864583333333333215e+01,3.704729464353969104e-01
2.866666666666666430e+01,-1.843374816027248952e-01
2.868750000000000000e+01,-8.610494121319891558e-01
2.870833333333333215e+01,-2.490099581425275765e-01
2.872916666666666430e+01,5.136130005563821488e-01
2.875000000000000000e+01,-3.583780986219187170e-02
2.877083333333333215e+01,-7.091096388412240215e-01
2.879166666666666430e+01,-9.517702980022925419e-02
2.881250000000000000e+01,6.658968254615750260e-01
2.883333333333333215e+01,9.093242012910257577e-02
2.885416666666666430e+01,-5.860118932269159364e-01
2.887500000000000000e+01,2.178176812812281093e-02
2.889583333333333215e+01,7.930074076928007587e-01
2.891666666666666430e+01,2.631998647312279727e-01
2.893750000000000000e+01,-4.276375788910971587e-01
2.895833333333333215e+01,1.647127791388433016e-01
2.897916666666666430e+01,4.966334835425866845e-01
2.900000000000000000e+01,-1.867823399140870755e-02
2.902083333333333215e+01,-7.217751987729066343e-01
2.904166666666666430e+01,-1.023189603751686050e-01
2.906250000000000000e+01,6.896859072503476185e-01
2.908333333333333215e+01,8.630107914403928326e-02
2.910416666666666430e+01,-6.299270911984551358e-01
2.912500000000000000e+01,-6.274147236302031194e-01
2.914583333333333215e+01,1.664211224767420116e-01
2.916666666666666430e+01,-7.497277412771573279e-02
2.918750000000000000e+01,-7.742227646184400847e-01
2.920833333333333215e+01,-7.753338263777814765e-02
2.922916666666666430e+01,5.962298189870707255e-01
2.925000000000000000e+01,-1.871333663863533336e-01
2.927083333333333215e+01,-7.311855221278584782e-01
2.929166666666666430e+01,-2.808664560972676250e-02
2.931250000000000000e+01,4.848694012013399224e-01
2.933333333333333215e+01,1.068092456420055708e-01
2.935416666666666430e+01,-3.924185322549530452e-01
2.937500000000000000e+01,3.009638293891803151e-01
2.939583333333333215e+01,8.232152151384466432e-01
2.941666666666666430e+01,9.015090472072742611e-02
2.943750000000000000e+01,-5.013621608130213181e-01
2.945833333333333215e+01,1.875737733335001156e-01
2.947916666666666430e+01,7.083263420405910837e-01
2.950000000000000000e+01,-7.790529225830217230e-02
2.952083333333333215e+01,-9.452226533525154295e-02
2.954166666666666430e+01,5.993901318110892440e-01
2.956250000000000000e+01,4.682952059963306768e-01
2.958333333333333215e+01,-3.207918458564660291e-01
2.960416666666666430e+01,3.056515400360707013e-01
2.962500000000000000e+01,6.627902548704025509e-01
2.964583333333333215e+01,-1.234093801772793708e-01
2.966666666666666430e+01,-7.249415213123509005e-01
2.968750000000000000e+01,-2.909976158987659378e-02
2.970833333333333215e+01,6.638263220222218042e-01
2.972916666666666430e+01,-1.174829779816654873e-01
2.975000000000000000e+01,-8.651547160867496533e-01
2.977083333333333215e+01,-1.749420333028467445e-01
2.979166666666666430e+01,5.121934223490971494e-01
2.981250000000000000e+01,6.176368832385370489e-03
2.983333333333333215e+01,-5.113465890802799674e-01
2.985416666666666430e+01,1.778289292696206281e-01
2.987500000000000000e+01,8.598779762485848632e-01
2.989583333333333215e+01,7.533825249160727711e-02
2.991666666666666430e+01,-7.066404614443948518e-01
2.993750000000000000e+01,-8.749725108346484426e-03
2.995833333333333215e+01,6.867462793394585319e-01
2.997916666666666430e+01,-1.006123490391283293e-01
3.000000000000000000e+01,-8.889493673013307840e-01
3.002083333333333215e+01,-1.919427710966357392e-01
3.004166666666666430e+01,5.025007819883912097e-01
3.006250000000000000e+01,-1.743680242082537302e-01
3.008333333333333215e+01,-3.556796970323616858e-01
3.010416666666666430e+01,3.427441403430608879e-01
3.012500000000000000e+01,4.487996013704641518e-01
3.014583333333333215e+01,-3.407362206607433830e-01
3.016666666666666430e+01,-8.850871460843010019e-02
3.018750000000000000e+01,6.141274389363862163e-01
3.020833333333333215e+01,-8.951858345336491385e-02
3.022916666666666430e+01,-8.085464181778424519e-01
3.025000000000000000e+01,-1.818171474462537685e-02
3.027083333333333215e+01,6.860726731954854829e-01
3.029166666666666430e+01,-1.471706061348670991e-02
3.031250000000000000e+01,-8.152140346072809240e-01
3.033333333333333215e+01,-4.002818150977072165e-02
3.035416666666666430e+01,6.203198199310200334e-01
3.037500000000000000e+01,-7.447074491071337121e-02
3.039583333333333215e+01,-7.032434681568291435e-01
3.041666666666666430e+01,8.329742925644134655e-02
3.043750000000000000e+01,7.051076517952699074e-01
3.045833333333333215e+01,2.992880300499767277e-03
3.047916666666666430e+01,-5.044163773036736131e-01
3.050000000000000000e+01,2.925622274269719658e-01
3.052083333333333215e+01,8.640951800379027548e-01
3.054166666666666430e+01,1.616965463673761261e-01
3.056250000000000000e+01,-3.444778561646800186e-01
3.058333333333333215e+01,1.349818279168872315e-01
3.060416666666666430e+01,4.938484590933409080e-01
3.062500000000000000e+01,-2.091128088795828066e-01
3.064583333333333215e+01,-7.133184831001542214e-01
3.066666666666666430e+01,8.584234266167031779e-02
3.068750000000000000e+01,6.544822763012235756e-01
3.070833333333333215e+01,-4.896144138232091936e-02
3.072916666666666430e+01,-5.519596969023391475e-01
3.075000000000000000e+01,2.174908723698665558e-01
3.077083333333333215e+01,2.091861276964256944e-01
3.079166666666666430e+01,-4.973252090973179773e-01
3.081250000000000000e+01,-4.929832331133358059e-01
3.083333333333333215e+01,3.119557295364345784e-01
3.085416666666666430e+01,8.000975483081454454e-02
3.087500000000000000e+01,-6.306152042377515254e-01
3.089583333333333215e+01,1.742773571067643412e-01
3.091666666666666430e+01,4.397945388103169928e-01
3.093750000000000000e+01,-2.742179170040965897e-01
3.095833333333333215e+01,-6.589263484147260819e-01
3.097916666666666430e+01,1.463849491670947134e-01
3.100000000000000000e+01,7.758857790596975779e-01
3.102083333333333215e+01,6.143850607309103706e-02
3.104166666666666430e+01,-6.507736517334172799e-01
3.106250000000000000e+01,1.543939381550277490e-01
3.108333333333333215e+01,5.480037745741873634e-01
3.110416666666666430e+01,-1.702382627081230060e-01
3.112500000000000000e+01,-8.459912889580157858e-01
3.114583333333333215e+01,-3.245462569412227438e-02
3.116666666666666430e+01,7.707924893419426660e-01
3.118750000000000000e+01,5.178224591779961861e-02
3.120833333333333215e+01,-6.642863340981790543e-01
3.122916666666666430e+01,1.192612579986369048e-01
3.125000000000000000e+01,8.168050567412593610e-01
3.127083333333333215e+01,9.591020525304480571e-02
3.129166666666666430e+01,-5.806454964191400947e-01
3.131250000000000000e+01,6.887512640819049015e-02
3.133333333333333215e+01,5.224094597606371293e-01
3.135416666666666430e+01,-1.992931427355168483e-01
3.137500000000000000e+01,-9.180339355561814019e-01
3.139583333333333215e+01,-1.075304045716871382e-01
3.141666666666666430e+01,5.696792992287329493e-01
3.143750000000000000e+01,-1.507793432725597904e-01
3.145833333333333215e+01,-8.146415537682311081e-01
3.147916666666666430e+01,-4.329205143707715031e-04
3.150000000000000000e+01,7.040145030595487130e-01
3.152083333333333215e+01,-1.837156936411030173e-02
3.154166666666666430e+01,-7.307361213683339907e-01
3.156250000000000000e+01,8.827006112624946610e-02
3.158333333333333215e+01,9.085865564289422602e-01
3.160416666666666430e+01,1.794423064231371046e-01
3.162500000000000000e+01,-5.480269233194414724e-01
3.164583333333333215e+01,2.738488068262121544e-01
3.166666666666666430e+01,9.264083846493258445e-01
3.168750000000000000e+01,1.980593143719599492e-01
3.170833333333333215e+01,-5.262018140152855405e-01
3.172916666666666430e+01,2.885908817774707202e-01
3.175000000000000000e+01,2.436078477431096456e-01
3.177083333333333215e+01,-4.803758355683810932e-01
3.179166666666666430e+01,-7.703961612525721259e-02
3.181250000000000000e+01,7.210582987450953052e-01
3.183333333333333215e+01,-8.268617456020743717e-02
3.185416666666666430e+01,-8.029373008833333714e-01
3.187500000000000000e+01,-8.369144775929471258e-02
3.189583333333333215e+01,7.377977145258264313e-01
3.191666666666666430e+01,-6.653710505485088689e-02
3.193750000000000000e+01,-7.848605939402983900e-01
3.195833333333333215e+01,-6.805164194980500847e-02
3.197916666666666430e+01,7.626988225247116615e-01
3.200000000000000000e+01,-3.871740611434237866e-02
3.202083333333332860e+01,-7.782623281192149189e-01
3.204166666666666430e+01,-6.092106337879937827e-02
3.206250000000000000e+01,7.731267098827282469e-01
3.208333333333332860e+01,-3.141151850843185156e-02
3.210416666666666430e+01,-7.164276895870507200e-01
3.212500000000000000e+01,3.532907308214816577e-03
3.214583333333332860e+01,8.127019926844770703e-01
3.216666666666666430e+01,-4.938054365724864336e-04
3.218750000000000000e+01,-7.272841165462506918e-01
3.220833333333332860e+01,1.175042966975525793e-02
3.222916666666666430e+01,7.014436160995759506e-01
3.225000000000000000e+01,-1.309488581262365225e-01
3.227083333333332860e+01,-8.184232351864784150e-01
3.229166666666666430e+01,-7.818726184275515134e-02
3.231250000000000000e+01,7.400332683961718949e-01
3.233333333333332860e+01,-8.698416416501933424e-02
3.235416666666666430e+01,-8.116294453640945372e-01
3.237500000000000000e+01,-6.822847649947777482e-02
3.239583333333332860e+01,7.496248033985356551e-01
3.241666666666666430e+01,-8.071202190493587114e-02
3.243750000000000000e+01,-7.991069103151532405e-01
3.245833333333332860e+01,-5.290978002747076525e-02
3.247916666666666430e+01,7.649912561210225892e-01
3.250000000000000000e+01,-6.802609595789443908e-02
3.252083333333332860e+01,-5.659100566348518324e-01
3.254166666666666430e+01,1.818753304011293537e-01
3.256250000000000000e+01,9.679275381404405243e-01
3.258333333333332860e+01,1.333058335885727863e-01
3.260416666666666430e+01,-6.003376457309587133e-01
3.262500000000000000e+01,1.411327616085951420e-01
3.264583333333332860e+01,8.443640688678935025e-01
3.266666666666666430e+01,2.188356254576251381e-02
3.268750000000000000e+01,-7.235354009302432665e-01
3.270833333333332860e+01,9.355808751743271978e-03
3.272916666666666430e+01,7.885269510566575990e-01
3.275000000000000000e+01,-2.896078033769552973e-02
3.277083333333332860e+01,-7.715772991011841109e-01
3.279166666666666430e+01,-4.642776023663941487e-02
3.281250000000000000e+01,6.345245293796496489e-01
3.283333333333332860e+01,-1.750239899960071566e-01
3.285416666666666430e+01,-8.648021079908406739e-01
3.287500000000000000e+01,-1.386258272195289576e-01
3.289583333333332860e+01,7.031062702263319864e-01
3.291666666666666430e+01,-1.228519309284649697e-01
3.293750000000000000e+01,-8.656033045511035695e-01
3.295833333333332860e+01,-1.200827484029366177e-01
3.297916666666666430e+01,5.651589179329099544e-01
3.300000000000000000e+01,-2.736656998881861202e-01
3.302083333333332860e+01,-7.564996917965655099e-01
3.304166666666666430e+01,-5.358625087412194343e-03
3.306250000000000000e+01,6.929168145266422218e-01
3.308333333333332860e+01,-1.526713654791490293e-01
3.310416666666666430e+01,-7.136233539605636444e-01
3.312500000000000000e+01,3.817705733745072050e-02
3.314583333333332860e+01,8.709855688501455528e-01
3.316666666666666430e+01,3.033257398656874493e-02
3.318750000000000000e+01,-7.051570484583987719e-01
3.320833333333332860e+01,5.369959062966467300e-02
3.322916666666666430e+01,7.654700476127456188e-01
3.325000000000000000e+01,-8.485960657914284888e-02
3.327083333333332860e+01,-4.936115910557142827e-01
3.329166666666666430e+01,2.584360808190379055e-01
3.331250000000000000e+01,1.100557461803340242e+00
3.333333333333332860e+01,2.636036866158668612e-01
3.335416666666666430e+01,-4.902981689254103381e-01
3.337500000000000000e+01,9.080413905808411290e-02
3.339583333333332860e+01,6.831990500930704702e-01
3.341666666666666430e+01,-1.466406907263982096e-01
3.343750000000000000e+01,-9.075691912095051883e-01
3.345833333333332860e+01,-1.682178869012346256e-01
3.347916666666666430e+01,6.926412833482149534e-01
3.350000000000000000e+01,-1.240266887934946827e-01
3.352083333333332860e+01,-7.974948645983731543e-01
3.354166666666666430e+01,-5.725911749523840411e-02
3.356250000000000000e+01,6.675016442475313339e-01
3.358333333333332860e+01,-1.733261237332139049e-01
3.360416666666666430e+01,-7.223882958795860842e-01
3.362500000000000000e+01,2.792123165256574224e-02
3.364583333333332860e+01,8.795739894855160168e-01
3.366666666666666430e+01,3.928246281987213262e-02
3.368750000000000000e+01,-7.174222989035232700e-01
3.370833333333332860e+01,3.419700281581403156e-02
3.372916666666666430e+01,8.874683862433434545e-01
3.375000000000000000e+01,4.632159120763196247e-02
3.377083333333332860e+01,-7.120800669955162920e-01
3.379166666666666430e+01,4.059035675049540992e-02
3.381250000000000000e+01,8.958687052716433064e-01
3.383333333333332860e+01,5.248239218714284560e-02
3.385416666666666430e+01,-7.071388690847983938e-01
3.387500000000000000e+01,4.632206474660632844e-02
3.389583333333332860e+01,7.171979286941340126e-01
3.391666666666666430e+01,-1.254848515218927596e-01
3.393750000000000000e+01,-8.706295837433262186e-01
3.395833333333332860e+01,-1.139393453846056226e-01
3.397916666666666430e+01,7.421705210760789484e-01
3.400000000000000000e+01,-1.089094229769548283e-01
3.402083333333332860e+01,-8.660636038770326284e-01
3.404166666666666430e+01,-1.020675614554320543e-01
3.406250000000000000e+01,7.503804883016973459e-01
3.408333333333332860e+01,-1.019498647208189890e-01
3.410416666666666430e+01,-8.552195940969922194e-01
3.412500000000000000e+01,-8.472320663588511769e-02
3.414583333333332860e+01,7.624480864486855580e-01
3.416666666666666430e+01,-1.031535372788113802e-01
3.418750000000000000e+01,-8.513562477498506365e-01
3.420833333333332860e+01,-7.550522772260007121e-02
3.422916666666666430e+01,7.677237600818661578e-01
3.425000000000000000e+01,-9.767967023689796968e-02
3.427083333333332860e+01,-4.333649356369002614e-01
3.429166666666666430e+01,3.464270152727622065e-01
3.431250000000000000e+01,7.520868372234813526e-01
3.433333333333332860e+01,-1.187087197451146825e-01
3.435416666666666430e+01,-7.570099882820975346e-01
3.437500000000000000e+01,1.617271327416189286e-02
3.439583333333332860e+01,8.722329013453384849e-01
3.441666666666666430e+01,1.444352385678754347e-02
3.443750000000000000e+01,-7.515219699374025009e-01
3.445833333333332860e+01,1.075479746325946895e-02
3.447916666666666430e+01,-3.669941071879931904e-01
3.450000000000000000e+01,-7.508941627385716799e-01
3.452083333333332860e+01,-1.882531532803725649e-01
3.454166666666666430e+01,5.601315833841619130e-01
3.456250000000000000e+01,-2.416932172251909372e-02
3.458333333333332860e+01,-8.748713749317242883e-01
3.460416666666666430e+01,-1.514346630885011202e-01
3.462500000000000000e+01,5.966040297849921625e-01
3.464583333333332860e+01,1.123135775388112850e-01
3.466666666666666430e+01,-6.190422963813241308e-01
3.468750000000000000e+01,1.495091798859989884e-01
3.470833333333332860e+01,9.154458085612433571e-01
3.472916666666666430e+01,5.151379567204017462e-02
3.475000000000000000e+01,-7.329621264677440573e-01
3.477083333333332860e+01,3.172049133310581026e-02
3.479166666666666430e+01,7.939196947728256459e-01
3.481250000000000000e+01,9.347305955683310463e-02
3.483333333333332860e+01,-4.019743780716552584e-01
3.485416666666666430e+01,3.590445730943875313e-01
3.487500000000000000e+01,9.940717153963097852e-01
3.489583333333332860e+01,1.382628624424202535e-01
3.491666666666666430e+01,-5.026889150988264054e-01
3.493750000000000000e+01,2.593384413634529650e-01
3.495833333333332860e+01,8.476157378774659135e-01
3.497916666666666430e+01,-1.303411167454021635e-02
3.500000000000000000e+01,-4.174478620085710912e-01
3.502083333333332860e+01,3.088836136663649645e-01
3.504166666666666430e+01,7.650884860060138681e-01
3.506250000000000000e+01,-1.021895685202940385e-01
3.508333333333332860e+01,-5.095531947833191744e-01
3.510416666666666430e+01,1.928167585550528973e-01
3.512500000000000000e+01,2.748485577289748183e-01
3.514583333333332860e+01,-5.400830324763115087e-01
3.516666666666666430e+01,-7.477097495452613707e-01
3.518750000000000000e+01,1.888045200451349270e-02
3.520833333333332860e+01,4.691208575798593849e-01
3.522916666666666430e+01,-3.224453983810547930e-01
3.525000000000000000e+01,-7.236812588817620462e-01
3.527083333333332860e+01,4.312011656857475672e-02
3.529166666666666430e+01,4.932819765982370264e-01
3.531250000000000000e+01,-3.525855053868641731e-01
3.533333333333332860e+01,-7.544720972873109055e-01
3.535416666666666430e+01,1.102495085418250809e-02
3.537500000000000000e+01,5.028151200427573020e-01
3.539583333333332860e+01,-2.631420086140766612e-01
3.541666666666666430e+01,-2.390747140161839923e-01
3.543750000000000000e+01,5.319689029454639506e-01
3.545833333333332860e+01,6.946836901348603099e-01
3.547916666666666430e+01,-1.794419757122377446e-01
3.550000000000000000e+01,-5.921877201821614811e-01
3.552083333333332860e+01,1.876296536701509143e-01
3.554166666666666430e+01,6.511441954461306691e-01
3.556250000000000000e+01,-2.284269468453223317e-01
3.558333333333332860e+01,-6.454819662321455986e-01
3.560416666666666430e+01,1.355613317698121656e-01
3.562500000000000000e+01,5.994504895814407597e-01
3.564583333333332860e+01,-2.767911680806990904e-01
3.566666666666666430e+01,-4.542615317452410317e-01
3.568750000000000000e+01,3.182239791658524330e-01
3.570833333333332860e+01,7.720806789404709436e-01
3.572916666666666430e+01,2.447115555981108082e-02
3.575000000000000000e+01,-3.758299200993376887e-01
3.577083333333332860e+01,3.862317623250766108e-01
3.579166666666666430e+01,5.669645036503783153e-01
3.581250000000000000e+01,-2.905958674801142338e-01
3.583333333333332860e+01,-6.872661356828051460e-01
3.585416666666666430e+01,7.019186278582856264e-02
3.587500000000000000e+01,5.202253647639334400e-01
3.589583333333332860e+01,-1.050025298030879961e-01
3.591666666666666430e+01,-4.997439732189231654e-01
3.593750000000000000e+01,5.405940635623751600e-02
3.595833333333332860e+01,5.037612202832612018e-01
3.597916666666666430e+01,1.052217798477586425e-01
3.600000000000000000e+01,-2.921173012117681544e-01
3.602083333333332860e+01,1.554896841068530988e-01
3.604166666666666430e+01,-1.787401624752290447e-02
3.606250000000000000e+01,-4.217564125452736290e-01
3.608333333333332860e+01,8.673489648158158594e-03
3.610416666666666430e+01,4.638217644420429275e-01
3.612500000000000000e+01,-2.894454691193810714e-01
3.614583333333332860e+01,-6.918730417812506417e-01
3.616666666666666430e+01,1.796308742576416817e-01
3.618750000000000000e+01,6.361340711175416107e-01
3.620833333333332860e+01,-1.301859120732853647e-01
3.622916666666666430e+01,-5.344277873310667726e-01
3.625000000000000000e+01,3.347902628780582424e-01
3.627083333333332860e+01,3.008671005223966244e-01
3.629166666666666430e+01,-4.630607065870897543e-01
3.631250000000000000e+01,-5.409563468203975045e-01
3.633333333333332860e+01,3.228507786301856308e-01
3.635416666666666430e+01,6.724081941483069924e-01
3.637500000000000000e+01,-8.583112064049128187e-02
3.639583333333332860e+01,-4.983536012686647365e-01
3.641666666666666430e+01,3.610110438338334227e-01
3.643750000000000000e+01,4.223725293225742417e-01
3.645833333333332860e+01,-3.303561015716905969e-01
3.647916666666666430e+01,-8.314639467206055290e-01
3.650000000000000000e+01,-1.152645116027004035e-02
3.652083333333332860e+01,4.571016082051325147e-01
3.654166666666666430e+01,-2.957294440199410013e-01
3.656250000000000000e+01,-7.058837163487083899e-01
3.658333333333332860e+01,1.566173536880847705e-01
3.660416666666666430e+01,6.130022961018514183e-01
3.662500000000000000e+01,-1.513113913513489117e-01
3.664583333333332860e+01,-5.489608110822362663e-01
3.666666666666666430e+01,3.259961410542631111e-01
3.668750000000000000e+01,7.676187885767901120e-01
3.670833333333332860e+01,4.564681914984436428e-02
3.672916666666666430e+01,-3.407325107416228072e-01
3.675000000000000000e+01,4.020570086114977348e-01
3.677083333333332860e+01,3.384452689991936380e-01
3.679166666666666430e+01,-4.408375272333848183e-01
3.681250000000000000e+01,-2.706468031217500458e-01
3.683333333333332860e+01,6.095411413468734274e-01
3.685416666666666430e+01,-1.083819467862754959e-01
3.687500000000000000e+01,-6.616695349634303946e-01
3.689583333333332860e+01,2.077085880950315100e-01
3.691666666666666430e+01,9.050481697122878533e-01
3.693750000000000000e+01,1.325220864497376194e-01
3.695833333333332860e+01,-6.389780584882233105e-01
3.697916666666666430e+01,-1.167301374705903422e-01
3.700000000000000000e+01,6.898226095359116794e-01
3.702083333333332860e+01,-8.898445170290467110e-02
3.704166666666666430e+01,-8.658397260132159046e-01
3.706250000000000000e+01,1.201074921180922406e-02
3.708333333333332860e+01,8.827023256367928505e-01
3.710416666666666430e+01,1.055281475649617051e-01
3.712500000000000000e+01,-6.682286906671968119e-01
3.714583333333332860e+01,6.005578354035345789e-02
3.716666666666666430e+01,3.458748058794937075e-01
3.718750000000000000e+01,-4.275459498507954148e-01
3.720833333333332860e+01,-7.451689439642407153e-01
3.722916666666666430e+01,1.273578382746992643e-01
3.725000000000000000e+01,6.250700935666182456e-01
3.727083333333332860e+01,-1.546802856389974390e-01
3.729166666666666430e+01,-5.899872278115646518e-01
3.731250000000000000e+01,2.880152601413377145e-01
3.733333333333332860e+01,6.333821808614225057e-01
3.735416666666666430e+01,-1.428630440918098876e-01
3.737500000000000000e+01,-5.750103504905246243e-01
3.739583333333332860e+01,6.456867984356867707e-02
3.741666666666666430e+01,4.451514138180599489e-01
3.743750000000000000e+01,-1.450293560582063823e-01
3.745833333333332860e+01,-5.753978600351429273e-01
3.747916666666666430e+01,-1.918004554305030862e-01
3.750000000000000000e+01,2.125150918329855865e-01
3.752083333333332860e+01,-2.239545943066789113e-01
3.754166666666666430e+01,-4.212658386697104018e-01
3.756250000000000000e+01,-3.317942432359094473e-02
3.758333333333332860e+01,3.531803144322512855e-01
3.760416666666666430e+01,-8.612990444941538704e-02
3.762500000000000000e+01,-2.287790308183544896e-01
3.764583333333332860e+01,1.589059648341396569e-01
3.766666666666666430e+01,5.424251116112236426e-01
3.768750000000000000e+01,1.078468606334676838e-01
3.770833333333332860e+01,-3.955611542426379357e-01
3.772916666666666430e+01,-1.392797943404321115e-02
3.775000000000000000e+01,3.649819519668261458e-01
3.777083333333332860e+01,1.973464401491395459e-02
3.779166666666666430e+01,3.195220021523669657e-02
3.781250000000000000e+01,4.128852477623597972e-01
3.783333333333332860e+01,3.956256688519103615e-01
3.785416666666666430e+01,-9.074727243246853703e-02
3.787500000000000000e+01,-2.266853598920896273e-01
3.789583333333332860e+01,1.611238673943439226e-01
3.791666666666666430e+01,3.332636198132288285e-01
3.793750000000000000e+01,-1.132003693739952743e-01
3.795833333333332860e+01,-5.643061410491113650e-01
3.797916666666666430e+01,-1.622213437552803006e-01
3.800000000000000000e+01,2.389609277115830599e-01
3.802083333333332860e+01,-2.181383449274757469e-01
3.804166666666666430e+01,-9.619956390709007155e-02
3.806250000000000000e+01,3.120852590254763470e-01
3.808333333333332860e+01,9.563001305981572164e-02
3.810416666666666430e+01,-3.634355374434641850e-01
3.812500000000000000e+01,3.781637440765194258e-01
3.814583333333332860e+01,5.143646351348315493e-01
3.816666666666666430e+01,-3.473195320674723474e-01
3.818750000000000000e+01,-8.040816703178951252e-01
3.820833333333332860e+01,-4.426242169092689527e-02
3.822916666666666430e+01,3.584595714752930595e-01
3.825000000000000000e+01,6.487438788191218775e-03
3.827083333333332860e+01,-4.447805139424286791e-01
3.829166666666666430e+01,3.195026510666360009e-01
3.831250000000000000e+01,7.159482773872821726e-01
3.833333333333332860e+01,-1.563807880067069056e-01
3.835416666666666430e+01,-6.006563510803053507e-01
3.837500000000000000e+01,1.702323400926342156e-01
3.839583333333332860e+01,5.591588442757190469e-01
3.841666666666666430e+01,-3.207198946701173004e-01
3.843750000000000000e+01,-4.275709369115102132e-01
3.845833333333332860e+01,3.511778072022481711e-01
3.847916666666666430e+01,7.335181059672754023e-01
3.850000000000000000e+01,-1.523083602303297035e-01
3.852083333333332860e+01,-5.833446407671341039e-01
3.854166666666666430e+01,1.693201101381275608e-01
3.856250000000000000e+01,5.486796151962816115e-01
3.858333333333332860e+01,-3.393367443057065946e-01
3.860416666666666430e+01,-6.465577373643038861e-01
3.862500000000000000e+01,1.363253616308310046e-01
3.864583333333332860e+01,5.169017387268012298e-01
3.866666666666666430e+01,-3.699004259552905460e-01
3.868750000000000000e+01,-3.377873087289412490e-01
3.870833333333332860e+01,4.426177515970308729e-01
3.872916666666666430e+01,5.897536666628029334e-01
3.875000000000000000e+01,-2.914917750611090153e-01
3.877083333333332860e+01,-7.305122986922056860e-01
3.879166666666666430e+01,4.382671075203325994e-02
3.881250000000000000e+01,4.339411825659611477e-01
3.883333333333332860e+01,-2.685714453776459343e-01
3.885416666666666430e+01,-3.756151486819525043e-01
3.887500000000000000e+01,3.936902898821237895e-01
3.889583333333332860e+01,7.263705106679081425e-01
3.891666666666666430e+01,-1.423772439733554107e-01
3.893750000000000000e+01,-5.958694095879529806e-01
3.895833333333332860e+01,1.634275821494557690e-01
3.897916666666666430e+01,5.695083676591915500e-01
3.900000000000000000e+01,-2.427362775050636579e-01
3.902083333333332860e+01,-7.014531343100002259e-01
3.904166666666666430e+01,5.363562776319841241e-02
3.906250000000000000e+01,4.601010710677068127e-01
3.908333333333332860e+01,-4.003408058553332149e-01
3.910416666666666430e+01,-4.924092342742963369e-01
3.912500000000000000e+01,2.645312766857729203e-01
3.914583333333332860e+01,6.838073678748435302e-01
3.916666666666666430e+01,-3.736989075574731478e-02
3.918750000000000000e+01,-4.905134760815031969e-01
3.920833333333332860e+01,2.101184345067107495e-01
3.922916666666666430e+01,6.042505138044534929e-01
3.925000000000000000e+01,-2.701921700923142766e-01
3.927083333333332860e+01,-7.109823319930834717e-01
3.929166666666666430e+01,6.338091460718131565e-02
3.931250000000000000e+01,4.482934204916889653e-01
3.933333333333332860e+01,-7.350882565267864710e-02
3.935416666666666430e+01,-4.167931091469668226e-01
3.937500000000000000e+01,3.297199405986753207e-01
3.939583333333332860e+01,7.105785819054702968e-01
3.941666666666666430e+01,-1.768862627042157576e-01
3.943750000000000000e+01,-6.108470389486859720e-01
3.945833333333332860e+01,1.708493078213573768e-01
3.947916666666666430e+01,5.546693494023841042e-01
3.950000000000000000e+01,-3.309205065454832173e-01
3.952083333333332860e+01,-3.643383262163960579e-01
3.954166666666666430e+01,3.849068353503163342e-01
3.956250000000000000e+01,7.239787847103078544e-01
3.958333333333332860e+01,-1.547609452966081378e-01
3.960416666666666430e+01,-6.044015903058355121e-01
3.962500000000000000e+01,1.636222618047677435e-01
3.964583333333332860e+01,5.677949940165762932e-01
3.966666666666666430e+01,-2.980282624093182897e-01
3.968750000000000000e+01,-7.601963565245613008e-01
3.970833333333332860e+01,-2.875953425417909770e-03
3.972916666666666430e+01,4.123883131760593956e-01
3.975000000000000000e+01,-4.036516383109716166e-01
3.977083333333332860e+01,-4.917042300536623167e-01
3.979166666666666430e+01,2.594669713372756981e-01
3.981250000000000000e+01,6.820110911990814317e-01
3.983333333333332860e+01,-5.598946882866040475e-02
3.985416666666666430e+01,-5.314839395759958229e-01
3.987500000000000000e+01,2.173598498972011961e-01
3.989583333333332860e+01,6.331764253046513469e-01
3.991666666666666430e+01,-2.259420352781075225e-01
3.993750000000000000e+01,-6.886889438726352397e-01
3.995833333333332860e+01,3.995533191251623983e-02
3.997916666666666430e+01,4.448379092277784386e-01
4.000000000000000000e+01,-4.258545234770167998e-01
4.002083333333332860e+01,-3.848669097641289061e-01
4.004166666666666430e+01,3.847094775574022574e-01
4.006250000000000000e+01,6.171594453360348398e-01
4.008333333333332860e+01,-2.553967722855158273e-01
4.010416666666666430e+01,-7.114941110126353774e-01
4.012500000000000000e+01,5.849892409001708482e-02
4.014583333333332860e+01,4.604406461797541095e-01
4.016666666666666430e+01,-2.328415486959952985e-01
4.018750000000000000e+01,-2.765242764588308755e-01
4.020833333333332860e+01,4.777945473084322381e-01
4.022916666666666430e+01,5.222069869403812570e-01
4.025000000000000000e+01,-3.484986159066884581e-01
4.027083333333332860e+01,-4.572251273072282518e-01
4.029166666666666430e+01,3.074156660287391540e-01
4.031250000000000000e+01,7.211770564673212203e-01
4.033333333333332860e+01,-1.415183437449027970e-01
4.035416666666666430e+01,-6.146589016063344069e-01
4.037500000000000000e+01,1.403436043831750579e-01
4.039583333333332860e+01,5.636666036853639206e-01
4.041666666666666430e+01,-2.897604068627579466e-01
4.043750000000000000e+01,-7.712431972518491996e-01
4.045833333333332860e+01,-2.355013346263887253e-02
4.047916666666666430e+01,4.070215649864226681e-01
4.050000000000000000e+01,-1.514374082581209924e-01
4.052083333333332860e+01,-4.736728699078779359e-01
4.054166666666666430e+01,2.704010062606413412e-01
4.056250000000000000e+01,7.037934355680875997e-01
4.058333333333332860e+01,-1.412976152721910073e-01
4.060416666666666430e+01,-6.309660925366007422e-01
4.062500000000000000e+01,1.111600772327414055e-01
4.064583333333332860e+01,5.458712108661465390e-01
4.066666666666666430e+01,-2.479251397681681846e-01
4.068750000000000000e+01,-3.835065825694223274e-01
4.070833333333332860e+01,3.617799419229935642e-01
4.072916666666666430e+01,7.920686649840225080e-01
4.075000000000000000e+01,-5.844765278448002532e-02
4.077083333333332860e+01,-5.425397383216666869e-01
4.079166666666666430e+01,2.078323656740266867e-01
4.081250000000000000e+01,6.333914001319640441e-01
4.083333333333332860e+01,-2.227754178684945296e-01
4.085416666666666430e+01,-7.006567060176290829e-01
4.087500000000000000e+01,5.727311629346013011e-02
4.089583333333332860e+01,4.759911648111945226e-01
4.091666666666666430e+01,-2.769166028627670917e-01
4.093750000000000000e+01,-2.453666525818451738e-01
4.095833333333332860e+01,4.687253857131363777e-01
4.097916666666666430e+01,2.325242721089710307e-01
4.100000000000000000e+01,-6.296739725514295394e-01
4.102083333333332860e+01,1.291364547580239053e-01
4.104166666666666430e+01,7.195530308817832399e-01
4.106250000000000000e+01,-1.267085044187720722e-01
4.108333333333332860e+01,-7.848462875326014387e-01
4.110416666666666430e+01,-3.449705697734950505e-02
4.112500000000000000e+01,6.183137751068081833e-01
4.114583333333332860e+01,-2.277472333134783478e-01
4.116666666666666430e+01,-7.462789768502239296e-01
4.118750000000000000e+01,7.342374086343000927e-03
4.120833333333332860e+01,4.981609226881262842e-01
4.122916666666666430e+01,-1.604207536858409111e-01
4.125000000000000000e+01,-4.917392345096096573e-01
4.127083333333332860e+01,1.484175110522546470e-01
4.129166666666666430e+01,6.267937396608991296e-01
4.131250000000000000e+01,9.706011489533224179e-02
4.133333333333332860e+01,-3.274102353406204147e-01
4.135416666666666430e+01,1.527998511660697001e-01
4.137500000000000000e+01,6.341653332295391632e-01
4.139583333333332860e+01,2.142849342512156419e-01
4.141666666666666430e+01,-2.015979474139469874e-01
4.143750000000000000e+01,-3.183066223422892360e-01
4.145833333333332860e+01,1.534452070232461551e-01
4.147916666666666430e+01,-1.449273898633387514e-01
4.150000000000000000e+01,-4.470592738459087667e-01
4.152083333333332860e+01,3.122679460183647171e-02
4.154166666666666430e+01,5.124410095428910683e-01
4.156250000000000000e+01,8.975765054117733344e-02
4.158333333333332860e+01,-3.306088571424459222e-01
4.160416666666666430e+01,1.559795416087639275e-02
4.162500000000000000e+01,2.475740867076804963e-01
4.164583333333332860e+01,-1.811338260733357519e-01
4.166666666666666430e+01,-6.079652500088505995e-01
4.168750000000000000e+01,-1.148001115364922914e-01
4.170833333333332860e+01,3.813912531162401143e-01
4.172916666666666430e+01,-5.990816152503829206e-02
4.175000000000000000e+01,-4.992122708636551609e-01
4.177083333333332860e+01,1.869381733731370621e-03
4.179166666666666430e+01,5.059346346761209867e-01
4.181250000000000000e+01,6.084898901415558559e-02
4.183333333333332860e+01,-3.820435558563476386e-01
4.185416666666666430e+01,1.186071459267593747e-01
4.187500000000000000e+01,5.671640492031166936e-01
4.189583333333332860e+01,1.276233788982701345e-01
4.191666666666666430e+01,-3.067457651304333344e-01
4.193750000000000000e+01,-3.968653447205633400e-02
4.195833333333332860e+01,7.523238572722381612e-01
4.197916666666666430e+01,3.975121073824277040e-01
4.200000000000000000e+01,-1.991759137435561988e-01
4.202083333333332860e+01,3.420754886744626910e-01
4.204166666666666430e+01,1.111456640408696739e+00
4.206250000000000000e+01,3.945088406957348859e-01
4.208333333333332860e+01,-5.112256475827725577e-01
4.210416666666666430e+01,1.481638733191954771e-01
4.212500000000000000e+01,4.154364444550682767e-01
4.214583333333332860e+01,-4.904536594789945525e-01
4.216666666666666430e+01,-7.294346659226240703e-01
4.218750000000000000e+01,7.876437071815634017e-02
4.220833333333332860e+01,4.638618660822971806e-01
4.222916666666666430e+01,-4.382916323539171044e-01
4.225000000000000000e+01,-9.379430939744227702e-01
4.227083333333332860e+01,-1.352657348469940846e-01
4.229166666666666430e+01,5.737924197810344573e-01
4.231250000000000000e+01,-3.134179222838591183e-01
4.233333333333332860e+01,-9.810896645303288643e-01
4.235416666666666430e+01,-2.006197684436253903e-01
4.237500000000000000e+01,4.369959220386774312e-01
4.239583333333332860e+01,-4.248936464446740890e-01
4.241666666666666430e+01,-6.581032922143540409e-01
4.243750000000000000e+01,1.011516892331355832e-01
4.245833333333332860e+01,5.928632068923309628e-01
4.247916666666666430e+01,-2.516577293784596492e-01
4.250000000000000000e+01,-6.814086674322399340e-01
4.252083333333332860e+01,5.553684798386981925e-02
4.254166666666666430e+01,6.824214574273643752e-01
4.256250000000000000e+01,-1.475219471748405731e-01
4.258333333333332860e+01,-5.902490952650466527e-01
4.260416666666666430e+01,1.327970948530998174e-01
4.262500000000000000e+01,6.064947667844143853e-01
4.264583333333332860e+01,-2.302512930286652326e-01
4.266666666666666430e+01,-4.276107478721897226e-01
4.268750000000000000e+01,3.107373679942398992e-01
4.270833333333332860e+01,7.943722974529019432e-01
4.272916666666666430e+01,1.339099091497143457e-01
4.275000000000000000e+01,-2.841490710743515558e-01
4.277083333333332860e+01,3.611316465234131745e-01
4.279166666666666430e+01,5.230848508800914898e-01
4.281250000000000000e+01,-1.018188314536454669e-01
4.283333333333332860e+01,-5.268734685557779907e-01
4.285416666666666430e+01,1.814839375114624120e-02
4.287500000000000000e+01,5.296148919072309891e-01
4.289583333333332860e+01,1.003631037960496797e-01
4.291666666666666430e+01,-3.278044175477930477e-01
4.293750000000000000e+01,1.619847219794756654e-01
4.295833333333332860e+01,2.012114356496357559e-01
4.297916666666666430e+01,-2.354747581420829350e-01
4.300000000000000000e+01,-6.311716079504224863e-01
4.302083333333332860e+01,-1.357979537990671171e-01
4.304166666666666430e+01,3.616788020593313946e-01
4.306250000000000000e+01,-7.558913432550866396e-02
4.308333333333332860e+01,-5.098530020899888493e-01
4.310416666666666430e+01,2.502312554345076379e-03
4.312500000000000000e+01,5.880197013428334341e-01
4.314583333333332860e+01,1.487541642943836506e-01
4.316666666666666430e+01,-3.964526115549914520e-01
4.318750000000000000e+01,1.026622784832676577e-01
4.320833333333332860e+01,3.753873121992525874e-01
4.322916666666666430e+01,-6.582523110318244663e-02
4.325000000000000000e+01,-5.051753969299492830e-01
4.327083333333332860e+01,-5.590711972301862231e-03
4.329166666666666430e+01,5.121190837299633980e-01
4.331250000000000000e+01,7.079455300472850543e-02
4.333333333333332860e+01,-3.667282670714436810e-01
4.335416666666666430e+01,7.019546115134230047e-02
4.337500000000000000e+01,1.501862957154231626e-01
4.339583333333332860e+01,-2.926136188875571587e-01
4.341666666666666430e+01,-1.948100203532730779e-01
4.343750000000000000e+01,3.100953524248863946e-01
4.345833333333332860e+01,-3.709404379756255365e-01
4.347916666666666430e+01,-4.500624939027978999e-01
4.350000000000000000e+01,3.856411764232129391e-01
4.352083333333332860e+01,6.639331852786706234e-01
4.354166666666666430e+01,-6.575912919014578750e-02
4.356250000000000000e+01,-6.184116792277013497e-01
4.358333333333332860e+01,2.039387842485854974e-01
4.360416666666666430e+01,7.235903870546855909e-01
4.362500000000000000e+01,-3.955156861321362793e-03
4.364583333333332860e+01,-4.623124800562991021e-01
4.366666666666666430e+01,1.103245261845316877e-01
4.368750000000000000e+01,4.495830537767821489e-01
4.370833333333332860e+01,-2.831365981908761098e-01
4.372916666666666430e+01,-7.381384142951353811e-01
4.375000000000000000e+01,9.641160171099225074e-02
4.377083333333332860e+01,6.094066088087560784e-01
4.379166666666666430e+01,-1.260855531437009291e-01
4.381250000000000000e+01,-5.787781499640387572e-01
4.383333333333332860e+01,2.588869174375417193e-01
4.385416666666666430e+01,4.802398168345624052e-01
4.387500000000000000e+01,-2.589917190331916252e-01
4.389583333333332860e+01,-7.098527963981396960e-01
4.391666666666666430e+01,1.300892463548655731e-01
4.393750000000000000e+01,6.398436354296589412e-01
4.395833333333332860e+01,-1.006286511772240544e-01
4.397916666666666430e+01,-5.506574097573903037e-01
4.400000000000000000e+01,2.907895761449756922e-01
4.402083333333332860e+01,3.953788867980837507e-01
4.404166666666666430e+01,-3.468411892491203852e-01
4.406250000000000000e+01,-7.973679478102494445e-01
4.408333333333332860e+01,4.380356010390509813e-02
4.410416666666666430e+01,5.555688409094058366e-01
4.412500000000000000e+01,-1.844759297515494167e-01
4.414583333333332860e+01,-6.376396206484302720e-01
4.416666666666666430e+01,2.014436734781071547e-01
4.418750000000000000e+01,7.148774759980829341e-01
4.420833333333332860e+01,-3.149962622584351335e-03
4.422916666666666430e+01,-4.596353409873140672e-01
4.425000000000000000e+01,3.761419372514850368e-01
4.427083333333332860e+01,7.442675981204894819e-01
4.429166666666666430e+01,9.869235101671425259e-03
4.431250000000000000e+01,-4.550418480970118140e-01
4.433333333333332860e+01,3.729686224536800654e-01
4.435416666666666430e+01,3.735590934787914597e-01
4.437500000000000000e+01,-3.510442264382797051e-01
4.439583333333332860e+01,-5.501814893650174287e-01
4.441666666666666430e+01,2.003931816969220236e-01
4.443750000000000000e+01,7.398283601531581155e-01
4.445833333333332860e+01,2.224088230708620717e-02
4.447916666666666430e+01,-4.546193327871415613e-01
4.450000000000000000e+01,-4.301371507034143504e-02
4.452083333333332860e+01,4.940265023206124040e-01
4.454166666666666430e+01,-2.263449744500663496e-01
4.456250000000000000e+01,-7.015339071030839424e-01
4.458333333333332860e+01,1.183671570560765884e-01
4.460416666666666430e+01,6.541396185934160723e-01
4.462500000000000000e+01,-6.834014866228368956e-02
4.464583333333332860e+01,-5.416942488682670032e-01
4.466666666666666430e+01,7.537942983327464153e-02
4.468750000000000000e+01,3.451825978905416759e-01
4.470833333333332860e+01,-3.799899170697614847e-01
4.472916666666666430e+01,-8.530558156696115280e-01
4.475000000000000000e+01,-2.989305582327192456e-02
4.477083333333332860e+01,5.057502581085489002e-01
4.479166666666666430e+01,-2.182744340621021462e-01
4.481250000000000000e+01,-6.921032935994053670e-01
4.483333333333332860e+01,1.306455715883873825e-01
4.485416666666666430e+01,6.660053037156807854e-01
4.487500000000000000e+01,-5.912682932412266501e-02
4.489583333333332860e+01,-5.323331345677150273e-01
4.491666666666666430e+01,2.916018626501909461e-01
4.493750000000000000e+01,8.253823100888691977e-01
4.495833333333332860e+01,9.749862078410143074e-02
4.497916666666666430e+01,-3.737577927505170150e-01
4.500000000000000000e+01,1.141404464862949136e-01
4.502083333333332860e+01,4.799283432781464298e-01
4.504166666666666430e+01,-2.294645159212421737e-01
4.506250000000000000e+01,-7.026431407661198891e-01
4.508333333333332860e+01,1.216691988212130482e-01
4.510416666666666430e+01,6.616203700559106782e-01
4.512500000000000000e+01,-6.076705229160189736e-02
4.514583333333332860e+01,-5.426394537725542921e-01
4.516666666666666430e+01,2.730276344066755456e-01
4.518750000000000000e+01,6.915499637833967261e-01
4.520833333333332860e+01,-2.329901403289583173e-02
4.522916666666666430e+01,-5.133395035989760657e-01
4.525000000000000000e+01,2.941536581974099618e-01
4.527083333333332860e+01,3.228691024554150024e-01
4.529166666666666430e+01,-3.826025599854041559e-01
4.531250000000000000e+01,-6.325643191906189511e-01
4.533333333333332860e+01,1.035838629254125232e-01
4.535416666666666430e+01,6.651957851848486758e-01
4.537500000000000000e+01,-4.043360268040216421e-02
4.539583333333332860e+01,-5.311169772516348697e-01
4.541666666666666430e+01,9.937150836756752925e-02
4.543750000000000000e+01,3.245754008943147473e-01
4.545833333333332860e+01,-3.534658012080879042e-01
4.547916666666666430e+01,-7.857572749951661217e-01
4.550000000000000000e+01,2.992265186381401487e-02
4.552083333333332860e+01,5.809927333363007484e-01
4.554166666666666430e+01,-1.330656742413955096e-01
4.556250000000000000e+01,-6.248804711356210628e-01
4.558333333333332860e+01,1.781805098281741551e-01
4.560416666666666430e+01,7.368277877862793313e-01
4.562500000000000000e+01,2.941620353927631992e-02
4.564583333333332860e+01,-4.689456935887442723e-01
4.566666666666666430e+01,2.660200527215472732e-01
4.568750000000000000e+01,6.288501870595060161e-01
4.570833333333332860e+01,-8.005967434369681834e-02
4.572916666666666430e+01,-5.719607415667211647e-01
4.575000000000000000e+01,2.380882144960388969e-01
4.577083333333332860e+01,5.109200197996179860e-01
4.579166666666666430e+01,-2.013704536091071862e-01
4.581250000000000000e+01,-6.852296357751740397e-01
4.583333333333332860e+01,1.326085579846472962e-01
4.585416666666666430e+01,6.780109541002112827e-01
4.587500000000000000e+01,-9.515555081862941966e-03
4.589583333333332860e+01,-4.937532684079981582e-01
4.591666666666666430e+01,2.968275732593433913e-01
4.593750000000000000e+01,2.002635115494100504e-01
4.595833333333332860e+01,-5.123238569679761101e-01
4.597916666666666430e+01,-7.822424682342021818e-02
4.600000000000000000e+01,5.855355508665081032e-01
4.602083333333332860e+01,-1.213842898002956971e-01
4.604166666666666430e+01,-8.088608987629704039e-01
4.606250000000000000e+01,-9.109831442876387131e-03
4.608333333333332860e+01,7.911123942723863323e-01
4.610416666666666430e+01,8.436118947866655393e-02
4.612500000000000000e+01,-6.195171003821136058e-01
4.614583333333332860e+01,1.744957203556127268e-01
4.616666666666666430e+01,3.381388376233614435e-01
4.618750000000000000e+01,-3.686983891758074394e-01
4.620833333333332860e+01,-5.672961416192080497e-01
4.622916666666666430e+01,2.287882429713877785e-01
4.625000000000000000e+01,5.210959064656844886e-01
4.627083333333332860e+01,-1.882013032502777572e-01
4.629166666666666430e+01,-7.399096238776496914e-01
4.631250000000000000e+01,6.172952856663144194e-02
4.633333333333332860e+01,5.560515277670284862e-01
4.635416666666666430e+01,-1.534904918189083090e-01
4.637500000000000000e+01,-7.038832465184141629e-01
4.639583333333332860e+01,1.796309591031372555e-02
4.641666666666666430e+01,5.091476996829131796e-01
4.643750000000000000e+01,-2.014337798469712781e-01
4.645833333333332860e+01,-4.406865716046656223e-01
4.647916666666666430e+01,3.638793865144480111e-01
4.650000000000000000e+01,8.618135599288583304e-01
4.652083333333332860e+01,1.452966701507429625e-01
4.654166666666666430e+01,-4.134255062036988893e-01
4.656250000000000000e+01,3.929354589201979886e-01
4.658333333333332860e+01,4.696263091832907355e-01
4.660416666666666430e+01,-2.427318033000089026e-01
4.662500000000000000e+01,-6.761800771524715259e-01
4.664583333333332860e+01,-6.909619062581029425e-03
4.666666666666666430e+01,4.875020066934846463e-01
4.668750000000000000e+01,-1.653200876030272160e-01
4.670833333333332860e+01,-7.240291137724064185e-01
4.672916666666666430e+01,-1.100066410518834026e-01
4.675000000000000000e+01,3.888506497387647087e-01
4.677083333333332860e+01,-1.627136589982704218e-02
4.679166666666666430e+01,-2.415404909903125508e-01
4.681250000000000000e+01,2.583343610992769879e-01
4.683333333333332860e+01,5.035927469335215179e-01
4.685416666666666430e+01,-6.606365330433831839e-02
4.687500000000000000e+01,-6.376266399753759417e-01
4.689583333333332860e+01,-1.331493600943522426e-01
4.691666666666666430e+01,3.686862808170136563e-01
4.693750000000000000e+01,1.823419045909669967e-01
4.695833333333332860e+01,-3.928905222064059677e-01
4.697916666666666430e+01,1.070779224959986370e-01
4.700000000000000000e+01,6.029741985115006919e-01
4.702083333333332860e+01,4.061858240960718180e-02
4.704166666666666430e+01,-5.926030661544641198e-01
4.706250000000000000e+01,-9.252704197995445523e-02
4.708333333333332860e+01,5.750589791671921747e-01
4.710416666666666430e+01,1.005971819956022473e-02
4.712500000000000000e+01,-4.304262438353576026e-01
4.714583333333332860e+01,7.702220196191837676e-02
4.716666666666666430e+01,8.727932129810201944e-01
4.718750000000000000e+01,2.937625196855833121e-01
4.720833333333332860e+01,-4.231894914275511344e-01
4.722916666666666430e+01,9.346977698297138926e-02
4.725000000000000000e+01,3.918549672219485136e-01
4.727083333333332860e+01,-1.905276705821529193e-01
4.729166666666666430e+01,-5.302407379055781300e-01
4.731250000000000000e+01,-1.459935048065444385e-02
4.733333333333332860e+01,7.016404826758709801e-01
4.735416666666666430e+01,1.232770865512700237e-01
4.737500000000000000e+01,-5.861367935249515160e-01
4.739583333333332860e+01,-7.875929498401711137e-02
4.741666666666666430e+01,6.317615929961805099e-01
4.743750000000000000e+01,1.139044527495397530e-02
4.745833333333332860e+01,-6.892272216985086963e-01
4.747916666666666430e+01,-7.113355950525725169e-02
4.750000000000000000e+01,5.035640155482055125e-01
4.752083333333332860e+01,-1.605613133747035015e-01
4.754166666666666430e+01,-8.635298647880575995e-01
4.756250000000000000e+01,-6.987719972815195635e-02
4.758333333333332860e+01,6.993582719932698311e-01
4.760416666666666430e+01,-1.258267098017407104e-03
4.762500000000000000e+01,-6.993504025490224763e-01
4.764583333333332860e+01,8.909944923307233644e-02
4.766666666666666430e+01,4.984891810541617341e-01
4.768750000000000000e+01,-2.046178819477091071e-01
4.770833333333332860e+01,-8.186606516923990995e-01
4.772916666666666430e+01,-2.685734579015180978e-02
4.775000000000000000e+01,4.777814546165265464e-01
4.777083333333332860e+01,-2.271269172418572124e-01
4.779166666666666430e+01,-7.947060097098666009e-01
4.781250000000000000e+01,1.854573316809993155e-03
4.783333333333332860e+01,5.121480084874289185e-01
4.785416666666666430e+01,-1.931308348326534197e-01
4.787500000000000000e+01,-3.526862153571503899e-01
4.789583333333332860e+01,4.403215331619702577e-01
4.791666666666666430e+01,7.825376803430603712e-01
4.793750000000000000e+01,8.129611482679380274e-02
4.795833333333332860e+01,-4.902371969793222206e-01
4.797916666666666430e+01,1.724147645154812392e-01
4.800000000000000000e+01,6.794073607043835672e-01
4.802083333333332860e+01,4.209421261418055948e-02
4.804166666666666430e+01,-5.328775637307989754e-01
4.806250000000000000e+01,-1.823172846750129028e-02
4.808333333333332860e+01,5.514941615991723056e-01
4.810416666666666430e+01,-3.349710801018034034e-02
4.812500000000000000e+01,-6.148684570621875123e-01
4.814583333333332860e+01,-9.910659138441495208e-02
4.816666666666666430e+01,4.121043586014179194e-01
4.818750000000000000e+01,-1.819665666053239261e-01
4.820833333333332860e+01,-2.913840298676909635e-01
4.822916666666666430e+01,2.211336221196542884e-01
4.825000000000000000e+01,4.288342869334759166e-01
4.827083333333332860e+01,-1.560151304232309244e-01
4.829166666666666430e+01,-5.584622025892189701e-01
4.831250000000000000e+01,-3.893499731361647898e-02
4.833333333333332860e+01,4.784538475675598757e-01
4.835416666666666430e+01,-1.074655299853258944e-01
4.837500000000000000e+01,-3.985945809832752706e-01
4.839583333333332860e+01,1.178724130105652662e-01
4.841666666666666430e+01,6.299605997669616153e-01
4.843750000000000000e+01,3.186046429921875200e-02
4.845833333333332860e+01,-5.748113367280961450e-01
4.847916666666666430e+01,-5.989086647145823450e-02
4.850000000000000000e+01,4.539952661212277585e-01
4.852083333333332860e+01,-1.340834463638464202e-01
4.854166666666666430e+01,-4.106222301903481031e-01
4.856250000000000000e+01,1.153089012687615184e-01
4.858333333333332860e+01,6.397885955229929422e-01
4.860416666666666430e+01,4.257268885840277683e-02
4.862500000000000000e+01,-5.533732158193223061e-01
4.864583333333332860e+01,-2.301417266451896704e-02
4.866666666666666430e+01,5.042031357106633305e-01
4.868750000000000000e+01,-9.138160553134586084e-02
4.870833333333332860e+01,-5.178562116460747600e-01
4.872916666666666430e+01,5.988708878596704643e-03
4.875000000000000000e+01,5.266289313026372154e-01
4.877083333333332860e+01,-7.702195080396238847e-02
4.879166666666666430e+01,-4.568646361405234169e-01
4.881250000000000000e+01,6.577825996523431473e-02
4.883333333333332860e+01,5.981586901238797882e-01
4.885416666666666430e+01,2.475612634550816704e-03
4.887500000000000000e+01,-5.953708349959463408e-01
4.889583333333332860e+01,-6.606622564558808919e-02
4.891666666666666430e+01,4.607623294705284756e-01
4.893750000000000000e+01,-1.363897119390072854e-01
4.895833333333332860e+01,-2.401228518658486133e-01
4.897916666666666430e+01,2.874947365180040015e-01
4.900000000000000000e+01,5.633054254932902127e-01
4.902083333333332860e+01,-3.053511880586980143e-02
4.904166666666666430e+01,-6.619428372543707528e-01
4.906250000000000000e+01,-1.333977416422777174e-01
4.908333333333332860e+01,4.368841396563144519e-01
4.910416666666666430e+01,-1.640669514082237490e-01
4.912500000000000000e+01,-2.687730462045124780e-01
4.914583333333332860e+01,2.627448092321624795e-01
4.916666666666666430e+01,5.488330829897667407e-01
4.918750000000000000e+01,-4.997990490911996542e-02
4.920833333333332860e+01,-6.842510709463144325e-01
4.922916666666666430e+01,-1.503483787161075114e-01
4.925000000000000000e+01,4.401206184615206185e-01
4.927083333333332860e+01,-1.662489995178835223e-01
4.929166666666666430e+01,-2.631312554234510603e-01
4.931250000000000000e+01,2.732528693880418857e-01
4.933333333333332860e+01,4.786509554883634499e-01
4.935416666666666430e+01,-1.273438844333561748e-01
4.937500000000000000e+01,-5.832218341386284921e-01
4.939583333333332860e+01,-4.558048658051291890e-02
4.941666666666666430e+01,4.898910302850289500e-01
4.943750000000000000e+01,-1.188866553195514625e-01
4.945833333333332860e+01,-4.957447048417702451e-01
4.947916666666666430e+01,4.347443279557033913e-02
4.950000000000000000e+01,5.802455728937342405e-01
4.952083333333332860e+01,-2.901871571141904915e-02
4.954166666666666430e+01,-6.696409422121097910e-01
4.956250000000000000e+01,-1.257783212081265423e-01
4.958333333333332860e+01,5.269014569025719519e-01
