0.000000000000000000e+00,0.000000000000000000e+00
2.083333333333333218e-02,-1.060284798043223287e+00
4.166666666666666435e-02,-9.214501691677322581e-01
6.250000000000000000e-02,-2.683141413434869671e-01
8.333333333333332871e-02,-4.141086378526348533e-02
1.041666666666666574e-01,-4.440169425992372965e-01
1.250000000000000000e-01,-3.114025109266649327e-01
1.458333333333333148e-01,3.089602600548879696e-01
1.666666666666666574e-01,1.617136988327250169e-01
1.875000000000000000e-01,-2.302525914135173934e-01
2.083333333333333148e-01,3.468456334725944501e-02
2.291666666666666574e-01,6.596203216037477279e-01
2.500000000000000000e-01,5.536355153500721604e-01
2.708333333333333148e-01,-1.083861257283781354e-01
2.916666666666666297e-01,-2.402850394765387865e-02
3.125000000000000000e-01,6.126157262020828220e-01
3.333333333333333148e-01,4.784809021321622668e-01
3.541666666666666297e-01,-2.200971130722778613e-01
3.750000000000000000e-01,-1.027426622185537153e-01
3.958333333333333148e-01,5.523193571982403238e-01
4.166666666666666297e-01,4.266296408863364809e-01
4.375000000000000000e-01,-2.257597763841858174e-01
4.583333333333333148e-01,-6.889348804061343201e-02
4.791666666666666297e-01,6.082510682157589166e-01
5.000000000000000000e-01,5.081151427174179780e-01
5.208333333333332593e-01,-1.290652674973567227e-01
5.416666666666666297e-01,6.404167592122242403e-03
5.625000000000000000e-01,6.335726941180935823e-01
5.833333333333332593e-01,4.833846530208725234e-01
6.041666666666666297e-01,-1.551796469251444099e-01
6.250000000000000000e-01,-2.028226526344543701e-01
6.458333333333332593e-01,2.810710969290339256e-01
6.666666666666666297e-01,9.003314071426410381e-02
6.875000000000000000e-01,-5.802473578988778247e-01
7.083333333333332593e-01,-4.710331849792360748e-01
7.291666666666666297e-01,1.566273399178232384e-01
7.500000000000000000e-01,1.133008337976729174e-02
7.708333333333332593e-01,-6.313316954346204213e-01
7.916666666666666297e-01,-4.928249416040919040e-01
8.125000000000000000e-01,1.348573095131763711e-01
8.333333333333332593e-01,7.431205018723169298e-02
8.541666666666666297e-01,-3.199326095145830218e-01
8.750000000000000000e-01,-4.023373101638652583e-02
8.958333333333332593e-01,5.082872495808031799e-01
9.166666666666666297e-01,3.235668832701399378e-01
9.375000000000000000e-01,-3.200824546262210357e-01
9.583333333333332593e-01,-1.640185840975236509e-01
9.791666666666666297e-01,5.115551554104375009e-01
1.000000000000000000e+00,4.065841836405368337e-01
1.020833333333333259e+00,-2.102143786682462989e-01
1.041666666666666519e+00,-1.305643546367732666e-01
1.062500000000000000e+00,2.486379617587884672e-01
1.083333333333333259e+00,-2.928305340763653897e-02
1.104166666666666519e+00,-5.062529139628408892e-01
1.125000000000000000e+00,-2.655059725566154549e-01
1.145833333333333259e+00,4.068316339953775285e-01
1.166666666666666519e+00,2.645830369189084430e-01
1.187500000000000000e+00,-3.977262289113751015e-01
1.208333333333333259e+00,-2.860441795848037705e-01
1.229166666666666519e+00,3.528291578085236413e-01
1.250000000000000000e+00,2.036207049924907420e-01
1.270833333333333259e+00,-4.713961219382894474e-01
1.291666666666666519e+00,-3.701093397079023850e-01
1.312500000000000000e+00,2.477554020926403255e-01
1.333333333333333259e+00,8.945568300397864769e-01
1.354166666666666519e+00,7.329798341213906721e-01
1.375000000000000000e+00,4.924683526011491841e-02
1.395833333333333259e+00,1.594593815667100789e-01
1.416666666666666519e+00,8.182055190457777627e-01
1.437500000000000000e+00,6.789343203229880608e-01
1.458333333333333259e+00,3.331223904914448752e-02
1.479166666666666519e+00,-3.506728348007006613e-01
1.500000000000000000e+00,-2.383287273208212209e-02
1.520833333333333259e+00,9.652240521709931631e-02
1.541666666666666519e+00,-3.728376198239382600e-01
1.562500000000000000e+00,-2.377418366669965533e-01
1.583333333333333259e+00,1.875060496206147898e-01
1.604166666666666519e+00,-1.185509528991831596e-01
1.625000000000000000e+00,-7.589767456189095984e-01
1.645833333333333259e+00,-6.196601676534105874e-01
1.666666666666666519e+00,3.813732506375822062e-02
1.687500000000000000e+00,-1.141679521739677183e-01
1.708333333333333259e+00,-5.437739230104052801e-01
1.729166666666666519e+00,-2.632006578706854172e-01
1.750000000000000000e+00,3.909488146184018076e-01
1.770833333333333259e+00,2.329326848138347783e-01
1.791666666666666519e+00,-4.077904260084093679e-01
1.812500000000000000e+00,-2.708343754455205810e-01
1.833333333333333259e+00,3.903584099769925597e-01
1.854166666666666519e+00,2.485416828826431113e-01
1.875000000000000000e+00,-3.915479632426699386e-01
1.895833333333333259e+00,-2.640994134411212002e-01
1.916666666666666519e+00,3.336466494243356395e-01
1.937500000000000000e+00,1.542748529128275536e-01
1.958333333333333259e+00,-4.897519835727265902e-01
1.979166666666666519e+00,-3.714997516605005323e-01
2.000000000000000000e+00,2.939816476562489012e-01
2.020833333333333037e+00,1.699474417587360231e-01
2.041666666666666519e+00,-4.893545511236810919e-01
2.062500000000000000e+00,-3.877759903697264310e-01
2.083333333333333037e+00,2.757165734546218050e-01
2.104166666666666519e+00,1.438638413362357260e-01
2.125000000000000000e+00,-5.002222030726172219e-01
2.145833333333333037e+00,-3.775247930826726162e-01
2.166666666666666519e+00,2.824947320155300479e-01
2.187500000000000000e+00,1.433292345649916921e-01
2.208333333333333037e+00,-1.591322152667588585e-01
2.229166666666666519e+00,1.949042661123812081e-01
2.250000000000000000e+00,3.853136351902369250e-01
2.270833333333333037e+00,-7.303688844073871755e-02
2.291666666666666519e+00,6.915840407639484155e-02
2.312500000000000000e+00,5.356705681001991959e-01
2.333333333333333037e+00,2.888846449366920810e-01
2.354166666666666519e+00,-3.753264167601315093e-01
2.375000000000000000e+00,-2.337415092447341358e-01
2.395833333333333037e+00,4.126458853545011962e-01
2.416666666666666519e+00,2.916603172493426044e-01
2.437500000000000000e+00,-3.564492408028482329e-01
2.458333333333333037e+00,-2.305931934202672395e-01
2.479166666666666519e+00,3.961901255431198310e-01
2.500000000000000000e+00,2.668241354868374771e-01
2.520833333333333037e+00,-3.952103199127630084e-01
2.541666666666666519e+00,-2.548455355170378689e-01
2.562500000000000000e+00,3.862511954912312140e-01
2.583333333333333037e+00,2.662093547663302862e-01
2.604166666666666519e+00,-3.713396922490788121e-01
2.625000000000000000e+00,-2.261544108545510134e-01
2.645833333333333037e+00,4.103290475137884030e-01
2.666666666666666519e+00,2.900114479725034999e-01
2.687500000000000000e+00,-3.645921443868973544e-01
2.708333333333333037e+00,-2.242684691381103823e-01
2.729166666666666519e+00,4.182923489078089752e-01
2.750000000000000000e+00,2.975133966547121034e-01
2.770833333333333037e+00,-3.555569522690051887e-01
2.791666666666666519e+00,-2.325546931073460555e-01
2.812500000000000000e+00,3.985152847740623949e-01
2.833333333333333037e+00,2.636169994674194550e-01
2.854166666666666519e+00,-4.090463602082329286e-01
2.875000000000000000e+00,-2.701868097010175496e-01
2.895833333333333037e+00,3.776791302105918513e-01
2.916666666666666519e+00,2.556927898812136890e-01
2.937500000000000000e+00,-4.053614478556638590e-01
2.958333333333333037e+00,-2.816765382050342437e-01
2.979166666666666519e+00,3.542710133995254917e-01
3.000000000000000000e+00,2.249894379115570942e-01
3.020833333333333037e+00,-4.462673844030144443e-01
3.041666666666666519e+00,-3.030600893281830688e-01
3.062500000000000000e+00,3.515716054088546816e-01
3.083333333333333037e+00,2.287003639665619592e-01
3.104166666666666519e+00,-4.367033501616549573e-01
3.125000000000000000e+00,-2.982485925832518703e-01
3.145833333333333037e+00,3.483499027822556382e-01
3.166666666666666519e+00,2.267264088084891271e-01
3.187500000000000000e+00,-4.173144081630457691e-01
3.208333333333333037e+00,-2.878254304455317714e-01
3.229166666666666519e+00,3.396768469487985165e-01
3.250000000000000000e+00,2.122072324328959647e-01
3.270833333333333037e+00,-4.400152314067644621e-01
3.291666666666666519e+00,-2.882886557013636941e-01
3.312500000000000000e+00,3.641212432523777132e-01
3.333333333333333037e+00,2.411634288233715506e-01
3.354166666666666519e+00,-3.782591772876267022e-01
3.375000000000000000e+00,-2.052409235154276645e-01
3.395833333333333037e+00,4.438959986362252530e-01
3.416666666666666519e+00,3.222231812198685375e-01
3.437500000000000000e+00,-3.254662396689842474e-01
3.458333333333333037e+00,-1.859994877492775200e-01
3.479166666666666519e+00,4.527641578497628716e-01
3.500000000000000000e+00,3.311202471476690778e-01
3.520833333333333037e+00,-3.302513101366004733e-01
3.541666666666666519e+00,-1.885855747502405977e-01
3.562500000000000000e+00,4.614262134122324444e-01
3.583333333333333037e+00,3.389710382718101322e-01
3.604166666666666519e+00,-3.241960946058596860e-01
3.625000000000000000e+00,-1.824446467236000013e-01
3.645833333333333037e+00,4.650881536499579805e-01
3.666666666666666519e+00,3.436408485039988969e-01
3.687500000000000000e+00,-3.032061217679213327e-01
3.708333333333333037e+00,-1.622135335660230548e-01
3.729166666666666519e+00,3.416087780273022734e-01
3.750000000000000000e+00,1.302234993261019991e-01
3.770833333333333037e+00,-5.288485271088417816e-01
3.791666666666666519e+00,-3.872772875542080939e-01
3.812500000000000000e+00,2.605010809193418209e-01
3.833333333333333037e+00,1.390136847879867299e-01
3.854166666666666519e+00,-5.205915917156456185e-01
3.875000000000000000e+00,-3.890392722855354757e-01
3.895833333333333037e+00,2.501677380146830054e-01
3.916666666666666519e+00,1.287768177759252286e-01
3.937500000000000000e+00,-5.309753856316435927e-01
3.958333333333333037e+00,-3.882757617529417615e-01
3.979166666666666519e+00,2.599067007589173084e-01
4.000000000000000000e+00,1.384688069174317970e-01
4.020833333333333037e+00,-3.053646507667475696e-01
4.041666666666666075e+00,-3.670508343980771748e-02
4.062500000000000000e+00,5.983485963786382422e-01
4.083333333333333037e+00,4.721109009519725008e-01
4.104166666666666075e+00,-1.960027402292413012e-01
4.125000000000000000e+00,-5.370131575386610789e-02
4.145833333333333037e+00,4.489751920736203550e-01
4.166666666666666075e+00,2.250597479807037449e-01
4.187500000000000000e+00,-4.423283749848500035e-01
4.208333333333333037e+00,-2.996751149119974977e-01
4.229166666666666075e+00,3.523675706004602559e-01
4.250000000000000000e+00,2.302428911527281963e-01
4.270833333333333037e+00,-4.303655713680803463e-01
4.291666666666666075e+00,-3.096921348669438023e-01
4.312500000000000000e+00,3.219750436421131012e-01
4.333333333333333037e+00,1.863215896228521129e-01
4.354166666666666075e+00,-4.846569967284470315e-01
4.375000000000000000e+00,-3.552461276863888573e-01
4.395833333333333037e+00,2.832573464119703122e-01
4.416666666666666075e+00,1.616126068899766677e-01
4.437500000000000000e+00,-3.931324978894296107e-01
4.458333333333333037e+00,-1.798150175226705949e-01
4.479166666666666075e+00,4.691452616535592424e-01
4.500000000000000000e+00,3.470789505516581053e-01
4.520833333333333037e+00,-3.137172333141030611e-01
4.541666666666666075e+00,-1.776734314316329999e-01
4.562500000000000000e+00,4.632962915424795325e-01
4.583333333333333037e+00,3.422917379484688438e-01
4.604166666666666075e+00,-3.129108316942348922e-01
4.625000000000000000e+00,-1.913342289431125554e-01
4.645833333333333037e+00,4.377303483531477246e-01
4.666666666666666075e+00,3.093168768646744615e-01
4.687500000000000000e+00,-3.555287929441905970e-01
4.708333333333333037e+00,-2.133787742038232849e-01
4.729166666666666075e+00,4.350827871880473818e-01
4.750000000000000000e+00,3.132144567858486939e-01
4.770833333333333037e+00,-3.466401196687118880e-01
4.791666666666666075e+00,-2.172377954611850737e-01
4.812500000000000000e+00,4.201012187989789370e-01
4.833333333333333037e+00,2.984690236615266667e-01
4.854166666666666075e+00,-3.624547726263986913e-01
4.875000000000000000e+00,-2.209302672714683891e-01
4.895833333333333037e+00,2.762397870789827792e-01
4.916666666666666075e+00,5.355715406176617122e-02
4.937500000000000000e+00,-6.068599176253453020e-01
4.958333333333333037e+00,-4.711445978431880177e-01
4.979166666666666075e+00,1.708599178669769347e-01
5.000000000000000000e+00,4.995173594917885762e-02
5.020833333333333037e+00,-5.464755686850351069e-01
5.041666666666666075e+00,-3.746995883309153785e-01
5.062500000000000000e+00,2.628306148365287531e-01
5.083333333333333037e+00,1.416868077371843948e-01
5.104166666666666075e+00,-3.629904413231537785e-01
5.125000000000000000e+00,-1.175342099133320217e-01
5.145833333333333037e+00,5.308434443914390455e-01
5.166666666666666075e+00,4.086538713563726555e-01
5.187500000000000000e+00,-2.529786717214295155e-01
5.208333333333333037e+00,-1.184802033841784730e-01
5.229166666666666075e+00,5.234295141554790032e-01
5.250000000000000000e+00,4.016074846764329243e-01
5.270833333333333037e+00,-2.585159249215191468e-01
5.291666666666666075e+00,-1.203972851776544950e-01
5.312500000000000000e+00,-2.581483479232200007e-01
5.333333333333333037e+00,-9.045997090615871539e-01
5.354166666666666075e+00,-7.869385170614411340e-01
5.375000000000000000e+00,-1.316555076514134281e-01
5.395833333333333037e+00,-2.871642216983666396e-01
5.416666666666666075e+00,-9.263431413004942216e-01
5.437500000000000000e+00,-7.681748573246116596e-01
5.458333333333333037e+00,-1.269879683892229938e-01
5.479166666666666075e+00,4.070387338514367404e-01
5.500000000000000000e+00,2.087204015914525534e-01
5.520833333333333037e+00,-3.603036902406566711e-01
5.541666666666666075e+00,-2.125677014062643533e-01
5.562500000000000000e+00,3.759915611629194299e-01
5.583333333333333037e+00,5.875049504533604861e-01
5.604166666666666075e+00,1.617013882384603640e-01
5.625000000000000000e+00,2.520691941537526182e-01
5.645833333333333037e+00,8.507710744618881549e-01
5.666666666666666075e+00,6.819717449760647199e-01
5.687500000000000000e+00,-4.530936105804073133e-03
5.708333333333333037e+00,8.573696650935747066e-02
5.729166666666666075e+00,6.866153664773632093e-01
5.750000000000000000e+00,5.261050441216137408e-01
5.770833333333333037e+00,-1.451265480852141354e-01
5.791666666666666075e+00,-4.817514586110199087e-02
5.812500000000000000e+00,5.597854441777951884e-01
5.833333333333333037e+00,3.884935524872376034e-01
5.854166666666666075e+00,-3.101519933689975694e-01
5.875000000000000000e+00,-2.139128408354694644e-01
5.895833333333333037e+00,4.084655291125948162e-01
5.916666666666666075e+00,2.352659320187524272e-01
5.937500000000000000e+00,-4.757090632743504743e-01
5.958333333333333037e+00,-3.796648992124947997e-01
5.979166666666666075e+00,2.475784247934496030e-01
6.000000000000000000e+00,7.702638992886255698e-02
6.020833333333333037e+00,-2.527428248717087933e-01
6.041666666666666075e+00,9.485067665542185056e-02
6.062500000000000000e+00,2.901819463550813216e-01
6.083333333333333037e+00,-1.672123869025664011e-01
6.104166666666666075e+00,-8.777102864818596417e-02
6.125000000000000000e+00,4.664714221180287224e-01
6.145833333333333037e+00,2.572561254800227459e-01
6.166666666666666075e+00,-4.352212764906695508e-01
6.187500000000000000e+00,-3.475924496132056229e-01
6.208333333333333037e+00,2.667895657992067626e-01
6.229166666666666075e+00,9.133085899964313303e-02
6.250000000000000000e+00,-5.993003268327928845e-01
6.270833333333333037e+00,-5.040833699295180770e-01
6.291666666666666075e+00,1.092404541986125299e-01
6.312500000000000000e+00,2.165883313566881185e-01
6.333333333333333037e+00,-2.801707774282216068e-01
6.354166666666666075e+00,-1.605976998461842165e-01
6.375000000000000000e+00,4.638231899020943128e-01
6.395833333333333037e+00,3.071482832271508756e-01
6.416666666666666075e+00,-3.697334873789051013e-01
6.437500000000000000e+00,-2.439956041318886437e-01
6.458333333333333037e+00,3.904060872448528174e-01
6.479166666666666075e+00,2.682970124907664289e-01
6.500000000000000000e+00,-3.953412498657720153e-01
6.520833333333333037e+00,-2.625870051559102691e-01
6.541666666666666075e+00,3.801831383564834854e-01
6.562500000000000000e+00,2.597747130171361718e-01
6.583333333333333037e+00,-4.041791167413129604e-01
6.604166666666666075e+00,-2.719098741749598203e-01
6.625000000000000000e+00,3.720259078303811417e-01
6.645833333333333037e+00,2.533592301042458805e-01
6.666666666666666075e+00,-4.109466434876381524e-01
6.687500000000000000e+00,-2.826923499284598185e-01
6.708333333333333037e+00,3.603369824751271877e-01
6.729166666666666075e+00,2.439978786165338809e-01
6.750000000000000000e+00,-3.534807502490288078e-01
6.770833333333333037e+00,-1.803625539354287710e-01
6.791666666666666075e+00,4.657986570849609320e-01
6.812500000000000000e+00,3.521425463332392702e-01
6.833333333333333037e+00,-3.133343210728611883e-01
6.854166666666666075e+00,-1.883598571887223905e-01
6.875000000000000000e+00,4.633210726086257614e-01
6.895833333333333037e+00,3.534990558017334639e-01
6.916666666666666075e+00,-3.113743616821855187e-01
6.937500000000000000e+00,-1.780278316556612450e-01
6.958333333333333037e+00,4.656682930320544811e-01
6.979166666666666075e+00,7.212782390967769075e-01
7.000000000000000000e+00,3.263177702857244511e-01
7.020833333333333037e+00,-1.756254793494096411e-01
7.041666666666666075e+00,4.055901086414270829e-02
7.062500000000000000e+00,6.047472902752281110e-01
7.083333333333333037e+00,3.987777169809940681e-01
7.104166666666666075e+00,-3.021397466900705986e-01
7.125000000000000000e+00,-2.063870025315560630e-01
7.145833333333333037e+00,3.243248101690514584e-01
7.166666666666666075e+00,9.953866900295638143e-02
7.187500000000000000e+00,-5.832426988441834492e-01
7.208333333333333037e+00,-4.806033373912025897e-01
7.229166666666666075e+00,1.451096503079111200e-01
7.250000000000000000e+00,-2.289505951758197266e-02
7.270833333333333037e+00,-7.260860535033373253e-01
7.291666666666666075e+00,-6.292567249381411099e-01
7.312500000000000000e+00,-9.825007339853433774e-03
7.333333333333333037e+00,-3.493765613925606250e-02
7.354166666666666075e+00,-4.151911151407299272e-01
7.375000000000000000e+00,-1.744853039550237350e-01
7.395833333333333037e+00,4.339162962535958457e-01
7.416666666666666075e+00,2.594033918231628544e-01
7.437500000000000000e+00,-4.377314474051261506e-01
7.458333333333333037e+00,-3.438363105015760923e-01
7.479166666666666075e+00,2.673274679222021888e-01
7.500000000000000000e+00,9.781501730873742861e-02
7.520833333333333037e+00,-4.855873718405615547e-01
7.541666666666666075e+00,-3.221383335304826012e-01
7.562500000000000000e+00,3.087134644277242379e-01
7.583333333333333037e+00,1.507995655673545210e-01
7.604166666666666075e+00,-2.796383486475400026e-01
7.625000000000000000e+00,-1.170071224582835967e-02
7.645833333333333037e+00,6.521790879904958427e-01
7.666666666666666075e+00,5.099801495842006815e-01
7.687500000000000000e+00,-1.376395053810397506e-01
7.708333333333333037e+00,-1.696226412036961478e-02
7.729166666666666075e+00,3.320141205339328661e-01
7.750000000000000000e+00,-1.130812087662191878e-02
7.770833333333333037e+00,-3.241878197042630250e-01
7.791666666666666075e+00,1.635041573545224086e-02
7.812500000000000000e+00,2.324653684593425973e-01
7.833333333333333037e+00,-2.043709932264597962e-01
7.854166666666666075e+00,-7.014534143261696997e-02
7.875000000000000000e+00,3.188413298458125933e-01
7.895833333333333037e+00,3.040519340161465522e-02
7.916666666666666075e+00,-5.109501327276110283e-01
7.937500000000000000e+00,-3.022547159235132730e-01
7.958333333333333037e+00,3.466044399430995293e-01
7.979166666666666075e+00,2.372053258761772643e-01
8.000000000000000000e+00,-4.282420367006002371e-01
8.020833333333332149e+00,-3.023231798882550780e-01
8.041666666666666075e+00,3.430600555870580437e-01
8.062500000000000000e+00,2.300298610289018830e-01
8.083333333333332149e+00,-4.350845286654841937e-01
8.104166666666666075e+00,-3.104994833857702696e-01
8.125000000000000000e+00,3.385864492724950936e-01
8.145833333333332149e+00,2.277452160222203092e-01
8.166666666666666075e+00,-4.366906571488100020e-01
8.187500000000000000e+00,-3.050314692518830695e-01
8.208333333333332149e+00,3.389846573544927355e-01
8.229166666666666075e+00,2.164699923332712994e-01
8.250000000000000000e+00,-3.102111235789299926e-01
8.270833333333332149e+00,-8.235099428985037662e-02
8.291666666666666075e+00,5.581707978073014997e-01
8.312500000000000000e+00,4.277315848520272246e-01
8.333333333333332149e+00,-2.336387024919132638e-01
8.354166666666666075e+00,-8.662551898145032236e-02
8.375000000000000000e+00,5.540165189470470652e-01
8.395833333333332149e+00,4.165228762733700352e-01
8.416666666666666075e+00,-2.326074981909665718e-01
8.437500000000000000e+00,-7.903818962930286851e-02
8.458333333333332149e+00,2.470164437212220288e-01
8.479166666666666075e+00,-9.327729033082937660e-02
8.500000000000000000e+00,-3.888185779328661162e-01
8.520833333333332149e+00,-5.190449236640998221e-03
8.541666666666666075e+00,9.631622955780297368e-02
8.562500000000000000e+00,-3.852681279541060322e-01
8.583333333333332149e+00,-2.645075662933512595e-01
8.604166666666666075e+00,3.915832353850780545e-01
8.625000000000000000e+00,2.512516765873884506e-01
8.645833333333332149e+00,-3.898194046726287665e-01
8.666666666666666075e+00,-2.697621161981634819e-01
8.687500000000000000e+00,3.805575382614138080e-01
8.708333333333332149e+00,2.662774251716475971e-01
8.729166666666666075e+00,-3.535998166898918216e-01
8.750000000000000000e+00,-2.038232474689445350e-01
8.770833333333332149e+00,4.202729114139847066e-01
8.791666666666666075e+00,2.957922617578006563e-01
8.812500000000000000e+00,-3.103632251677058140e-01
8.833333333333332149e+00,-1.466794504695093371e-01
8.854166666666666075e+00,1.627543036286553391e-01
8.875000000000000000e+00,-2.017632766588998150e-01
8.895833333333332149e+00,-8.367911675807028216e-01
8.916666666666666075e+00,-7.135405102754730500e-01
8.937500000000000000e+00,-3.773802231622902514e-02
8.958333333333332149e+00,-1.914736082849278764e-01
8.979166666666666075e+00,-8.833733810859949465e-01
9.000000000000000000e+00,-7.521349351946609030e-01
9.020833333333332149e+00,-2.595905113570440292e-02
9.041666666666666075e+00,1.404112305052143128e-01
9.062500000000000000e+00,-3.696000071073946014e-01
9.083333333333332149e+00,-2.305206256632126305e-01
9.104166666666666075e+00,4.491934227448473038e-01
9.125000000000000000e+00,2.648623513339121160e-01
9.145833333333332149e+00,-4.939442782239322760e-02
9.166666666666666075e+00,3.522120819962716309e-01
9.187500000000000000e+00,6.815261829503567181e-01
9.208333333333332149e+00,2.734756761635368516e-01
9.229166666666666075e+00,8.194185784530849670e-02
9.250000000000000000e+00,5.531015785252191286e-01
9.270833333333332149e+00,4.274003661380083030e-01
9.291666666666666075e+00,-2.442074855946400613e-01
9.312500000000000000e+00,-1.691710685572888062e-01
9.333333333333332149e+00,4.500512325322725271e-01
9.354166666666666075e+00,4.036805370146125949e-01
9.375000000000000000e+00,-1.142110096947477060e-01
9.395833333333332149e+00,4.013873025015599061e-02
9.416666666666666075e+00,6.537331596566088310e-01
9.437500000000000000e+00,4.684107180816602378e-01
9.458333333333332149e+00,-2.095417823070703511e-01
9.479166666666666075e+00,-8.410062535237886050e-02
9.500000000000000000e+00,5.302187200671124589e-01
9.520833333333332149e+00,3.332874721827390196e-01
9.541666666666666075e+00,-3.543073929054765814e-01
9.562500000000000000e+00,-2.444899129339870858e-01
9.583333333333332149e+00,3.661146172437851898e-01
9.604166666666666075e+00,1.741704440406739995e-01
9.625000000000000000e+00,-5.139600457782639298e-01
9.645833333333332149e+00,-4.087399194521140200e-01
9.666666666666666075e+00,2.030526978713273756e-01
9.687500000000000000e+00,1.654332144106288038e-02
9.708333333333332149e+00,-4.912432256507499595e-01
9.729166666666666075e+00,-2.708210245039681108e-01
9.750000000000000000e+00,3.419220939626846922e-01
9.770833333333332149e+00,1.612703791504643547e-01
9.791666666666666075e+00,-5.292319918942165469e-01
9.812500000000000000e+00,-4.360298337952791536e-01
9.833333333333332149e+00,1.781895903334985709e-01
9.854166666666666075e+00,1.523249454214664622e-01
9.875000000000000000e+00,-2.618824895215603465e-01
9.895833333333332149e+00,-5.637801803711992021e-02
9.916666666666666075e+00,5.586836734767641754e-01
9.937500000000000000e+00,3.912593255700428929e-01
9.958333333333332149e+00,-3.025312998329603431e-01
9.979166666666666075e+00,-2.237666378621567531e-01
1.000000000000000000e+01,3.929195951261851838e-01
1.002083333333333215e+01,2.470391448407918411e-01
1.004166666666666607e+01,-4.383185061489774381e-01
1.006250000000000000e+01,-3.547082791277075264e-01
1.008333333333333215e+01,2.633168256115645534e-01
1.010416666666666607e+01,9.272921543047973891e-02
1.012500000000000000e+01,-3.434987713775821128e-01
1.014583333333333215e+01,-8.199159155632125551e-02
1.016666666666666607e+01,5.313309881739416429e-01
1.018750000000000000e+01,3.507441871189743710e-01
1.020833333333333215e+01,-3.393237432675748622e-01
1.022916666666666607e+01,-2.273492034710876963e-01
1.025000000000000000e+01,3.927849116373138827e-01
1.027083333333333215e+01,2.112754863326336552e-01
1.029166666666666607e+01,-4.797167244176503975e-01
1.031250000000000000e+01,-3.887488573129145308e-01
1.033333333333333215e+01,2.266925854456829370e-01
1.035416666666666607e+01,7.243934325018358544e-02
1.037500000000000000e+01,-3.072566626770970588e-01
1.039583333333333215e+01,-1.963472088027223839e-02
1.041666666666666607e+01,4.877049939788967725e-01
1.043750000000000000e+01,2.489823059381914006e-01
1.045833333333333215e+01,-4.333699502267448489e-01
1.047916666666666607e+01,-3.366590131603934277e-01
1.050000000000000000e+01,2.740127389828281301e-01
1.052083333333333215e+01,9.038927622742681800e-02
1.054166666666666607e+01,-2.836598096504578947e-01
1.056250000000000000e+01,3.859972768699918011e-02
1.058333333333333215e+01,4.238077147868165029e-01
1.060416666666666607e+01,8.357080250276319178e-02
1.062500000000000000e+01,-3.448086585279086513e-01
1.064583333333333215e+01,-7.590158361683221888e-02
1.066666666666666607e+01,5.376739603035145532e-01
1.068750000000000000e+01,3.734255594662383992e-01
1.070833333333333215e+01,-3.132788253231169051e-01
1.072916666666666607e+01,-2.267116767381678055e-01
1.075000000000000000e+01,3.878618067408511338e-01
1.077083333333333215e+01,2.159096451613091716e-01
1.079166666666666607e+01,-4.758620533241679773e-01
1.081250000000000000e+01,-3.874142417196637656e-01
1.083333333333333215e+01,2.271058911428764093e-01
1.085416666666666607e+01,5.401020808134401885e-02
1.087500000000000000e+01,-4.749689641354151726e-01
1.089583333333333215e+01,-2.773635481952833048e-01
1.091666666666666607e+01,3.368810004605582442e-01
1.093750000000000000e+01,1.632223895372137690e-01
1.095833333333333215e+01,-4.928667324833254648e-01
1.097916666666666607e+01,-3.800182766578171778e-01
1.100000000000000000e+01,2.343957823471795043e-01
1.102083333333333215e+01,2.431645627124081610e-01
1.104166666666666607e+01,-2.191180117233694769e-01
1.106250000000000000e+01,-5.855772143634102589e-02
1.108333333333333215e+01,5.555653931955258917e-01
1.110416666666666607e+01,3.823822456778175338e-01
1.112500000000000000e+01,-3.097358563181473734e-01
1.114583333333333215e+01,-2.218657152855730008e-01
1.116666666666666607e+01,3.925949870361685190e-01
1.118750000000000000e+01,2.205617157331357381e-01
1.120833333333333215e+01,-4.635327322813449502e-01
1.122916666666666607e+01,-3.711676243279996013e-01
1.125000000000000000e+01,2.436992394198792544e-01
1.127083333333333215e+01,2.661184143090948861e-01
1.129166666666666607e+01,-2.424409137639222389e-01
1.131250000000000000e+01,-1.200036690168581055e-01
1.133333333333333215e+01,4.947796581236557634e-01
1.135416666666666607e+01,3.246574569721000225e-01
1.137500000000000000e+01,-3.680219280175834329e-01
1.139583333333333215e+01,-2.831697212201087499e-01
1.141666666666666607e+01,3.320266608431793331e-01
1.143750000000000000e+01,1.633529982682940529e-01
1.145833333333333215e+01,-3.212562031208867075e-01
1.147916666666666607e+01,-9.934789239936220318e-02
1.150000000000000000e+01,5.159738789920618185e-01
1.152083333333333215e+01,3.579224755057481278e-01
1.154166666666666607e+01,-3.295099145528223028e-01
1.156250000000000000e+01,-2.435945711106953793e-01
1.158333333333333215e+01,3.708130902402565487e-01
1.160416666666666607e+01,1.941777505438740115e-01
1.162500000000000000e+01,-4.961523139492984846e-01
1.164583333333333215e+01,-3.927853091031903165e-01
1.166666666666666607e+01,2.228026461032226457e-01
1.168750000000000000e+01,3.732129667365893799e-02
1.170833333333333215e+01,-2.294245559171180227e-01
1.172916666666666607e+01,1.539991729635949158e-01
1.175000000000000000e+01,1.509293923235108803e-01
1.177083333333333215e+01,-3.246773963784069794e-01
1.179166666666666607e+01,-1.497919844318166271e-01
1.181250000000000000e+01,4.719517573780961928e-01
1.183333333333333215e+01,2.997783707918138529e-01
1.185416666666666607e+01,-4.026163725012454897e-01
1.187500000000000000e+01,-3.088845374250886455e-01
1.189583333333333215e+01,3.026529965052193183e-01
1.191666666666666607e+01,1.338270453359267087e-01
1.193750000000000000e+01,-3.865180892089666864e-01
1.195833333333333215e+01,-1.846055533325676179e-01
1.197916666666666607e+01,4.568602647414420348e-01
1.200000000000000000e+01,3.154196337118220228e-01
1.202083333333333215e+01,-3.184232422733516144e-01
1.204166666666666607e+01,-1.986381119018958974e-01
1.206250000000000000e+01,4.535289631110753228e-01
1.208333333333333215e+01,3.136917654558762925e-01
1.210416666666666607e+01,-3.250641962067007396e-01
1.212500000000000000e+01,-2.055031025298887648e-01
1.214583333333333215e+01,4.405394200157106144e-01
1.216666666666666607e+01,3.188338549612436124e-01
1.218750000000000000e+01,-3.056945306537592333e-01
1.220833333333333215e+01,-1.648465176745115834e-01
1.222916666666666607e+01,3.365746197193967837e-01
1.225000000000000000e+01,1.189122018856552665e-01
1.227083333333333215e+01,-5.028679551730469433e-01
1.229166666666666607e+01,-3.314682177443958877e-01
1.231250000000000000e+01,3.655841875668303098e-01
1.233333333333333215e+01,2.704011858445815597e-01
1.235416666666666607e+01,-3.533552963198466901e-01
1.237500000000000000e+01,-1.835884984546196641e-01
1.239583333333333215e+01,2.806230931230688230e-01
1.241666666666666607e+01,3.005431022285140474e-02
1.243750000000000000e+01,-5.772064900914215535e-01
1.245833333333333215e+01,-4.091012348255065878e-01
1.247916666666666607e+01,2.597694771761290822e-01
1.250000000000000000e+01,1.617581700504304720e-01
1.252083333333333215e+01,-4.334220509382232800e-01
1.254166666666666607e+01,-2.667071501285915858e-01
1.256250000000000000e+01,4.114264913975018145e-01
1.258333333333333215e+01,3.219556286209972473e-01
1.260416666666666607e+01,-2.694213455880688501e-01
1.262500000000000000e+01,-1.225943231192321847e-01
1.264583333333333215e+01,5.108475798603724360e-01
1.266666666666666607e+01,4.023196816427587197e-01
1.268750000000000000e+01,-1.957882179310631021e-01
1.270833333333333215e+01,-1.363655573810757804e-01
1.272916666666666607e+01,2.634384194007456381e-01
1.275000000000000000e+01,2.745092397493874292e-02
1.277083333333333215e+01,-5.414897599362655800e-01
1.279166666666666607e+01,-3.445345138344694247e-01
1.281250000000000000e+01,3.486130640719359852e-01
1.283333333333333215e+01,2.537284159235015379e-01
1.285416666666666607e+01,-3.582652382413654690e-01
1.287500000000000000e+01,-1.880851388329829454e-01
1.289583333333333215e+01,4.959566498115333122e-01
1.291666666666666607e+01,3.961277231774881780e-01
1.293750000000000000e+01,-2.164660398517529449e-01
1.295833333333333215e+01,-1.022096234153679895e-01
1.297916666666666607e+01,2.457590401541809300e-01
1.300000000000000000e+01,-5.722401357141312928e-02
1.302083333333333215e+01,-4.041984254390170728e-01
1.304166666666666607e+01,-5.295932632401860463e-02
1.306250000000000000e+01,2.788647894554133755e-01
1.308333333333333215e+01,-6.109967645286703414e-02
1.310416666666666607e+01,-3.195174079857842631e-01
1.312500000000000000e+01,8.921301493867440924e-02
1.314583333333333215e+01,8.662221277090721705e-02
1.316666666666666607e+01,-4.046783320695636621e-01
1.318750000000000000e+01,-1.857178800149088538e-01
1.320833333333333215e+01,5.056000015469721554e-01
1.322916666666666607e+01,4.058269600872127514e-01
1.325000000000000000e+01,-2.129824057004723881e-01
1.327083333333333215e+01,-3.820371896185415644e-02
1.329166666666666607e+01,2.804883033495311206e-01
1.331250000000000000e+01,-5.462132494841297203e-02
1.333333333333333215e+01,-3.175700321251803127e-01
1.335416666666666607e+01,7.656713526921138380e-02
1.337500000000000000e+01,9.705709465412969139e-02
1.339583333333333215e+01,-3.979477776034248682e-01
1.341666666666666607e+01,-2.113996163612643364e-01
1.343750000000000000e+01,4.552238795228445989e-01
1.345833333333333215e+01,3.552362643037682566e-01
1.347916666666666607e+01,-2.458389314865797592e-01
1.350000000000000000e+01,-7.713066024177399338e-02
1.352083333333333215e+01,3.607643035488818928e-01
1.354166666666666607e+01,9.998005196275702722e-02
1.356250000000000000e+01,-5.100391090827665064e-01
1.358333333333333215e+01,-3.394437374957640641e-01
1.360416666666666607e+01,3.557456030214137255e-01
1.362500000000000000e+01,2.619342196835160452e-01
1.364583333333333215e+01,-3.493194583002961484e-01
1.366666666666666607e+01,-1.793746217075630200e-01
1.368750000000000000e+01,5.028989984320730855e-01
1.370833333333333215e+01,4.036950047835208832e-01
1.372916666666666607e+01,-2.053752989698208742e-01
1.375000000000000000e+01,-1.440196815937833108e-01
1.377083333333333215e+01,2.530043453693954225e-01
1.379166666666666607e+01,1.082711111372855473e-02
1.381250000000000000e+01,-5.491986173584859632e-01
1.383333333333333215e+01,-3.470428700124318366e-01
1.385416666666666607e+01,3.268079181305780789e-01
1.387500000000000000e+01,2.238752070787698722e-01
1.389583333333333215e+01,-3.912266952916845786e-01
1.391666666666666607e+01,-2.230301257267914838e-01
1.393750000000000000e+01,4.771673644666684644e-01
1.395833333333333215e+01,3.832130923123232558e-01
1.397916666666666607e+01,-2.334578368557708172e-01
1.400000000000000000e+01,-6.232298283598658450e-02
1.402083333333333215e+01,2.402941947271326761e-01
1.404166666666666607e+01,-1.173356743725473827e-01
1.406250000000000000e+01,-2.713063976784040321e-01
1.408333333333333215e+01,2.039338864503081328e-01
1.410416666666666607e+01,1.021630424396907794e-01
1.412500000000000000e+01,-5.191767314292468072e-01
1.414583333333333215e+01,-3.467336177041464018e-01
1.416666666666666607e+01,3.462036150977235160e-01
1.418750000000000000e+01,2.649276769089948802e-01
1.420833333333333215e+01,-3.544647926621929956e-01
1.422916666666666607e+01,-2.094323036499483315e-01
1.425000000000000000e+01,4.762808152881378709e-01
1.427083333333333215e+01,3.901376644282963380e-01
1.429166666666666607e+01,-2.298510638446907839e-01
1.431250000000000000e+01,-6.176902398355764434e-02
1.433333333333333215e+01,3.296995464828804678e-01
1.435416666666666607e+01,4.330682140727218354e-02
1.437500000000000000e+01,-5.020392685247381248e-01
1.439583333333333215e+01,-2.839367503077980803e-01
1.441666666666666607e+01,3.301083830269238018e-01
1.443750000000000000e+01,5.271076654590355348e-01
1.445833333333333215e+01,8.798848467954736852e-02
1.447916666666666607e+01,7.376735302168221931e-02
1.450000000000000000e+01,5.091118507379189806e-01
1.452083333333333215e+01,3.297925992934920281e-01
1.454166666666666607e+01,-3.308070230414059676e-01
1.456250000000000000e+01,-2.225282427837877997e-01
1.458333333333333215e+01,4.555306680225491012e-01
1.460416666666666607e+01,3.831876626495340221e-01
1.462500000000000000e+01,-2.466127597892227019e-01
1.464583333333333215e+01,-2.369723967985982727e-01
1.466666666666666607e+01,2.546062309043117811e-01
1.468750000000000000e+01,1.048735482464435709e-01
1.470833333333333215e+01,-5.182864478905455652e-01
1.472916666666666607e+01,-3.655659341382286875e-01
1.475000000000000000e+01,3.301266726202439772e-01
1.477083333333333215e+01,2.562011128054015874e-01
1.479166666666666607e+01,-3.603127468126520183e-01
1.481250000000000000e+01,-3.800849606809237891e-01
1.483333333333333215e+01,1.437014563990851590e-01
1.485416666666666607e+01,2.666400640134705680e-02
1.487500000000000000e+01,-5.871707271593789024e-01
1.489583333333333215e+01,-4.092893911712597310e-01
1.491666666666666607e+01,2.813041732677815654e-01
1.493750000000000000e+01,1.747524431784481247e-01
1.495833333333333215e+01,-4.421374723660650430e-01
1.497916666666666607e+01,-2.566976259153121998e-01
1.500000000000000000e+01,3.609831157914273336e-01
1.502083333333333215e+01,2.131623171178194109e-01
1.504166666666666607e+01,-3.990588358918194523e-01
1.506250000000000000e+01,-2.154813592552306534e-01
1.508333333333333215e+01,3.634195867380907718e-01
1.510416666666666607e+01,1.917258882583965374e-01
1.512500000000000000e+01,-4.209703087243529818e-01
1.514583333333333215e+01,-2.400832540573265006e-01
1.516666666666666607e+01,4.503760557784984853e-01
1.518750000000000000e+01,3.555684134628225856e-01
1.520833333333333215e+01,-2.579867629658910699e-01
1.522916666666666607e+01,-1.468905579207355483e-01
1.525000000000000000e+01,2.219998045332937930e-01
1.527083333333333215e+01,-5.416883478340799030e-02
1.529166666666666607e+01,-4.341555003165771254e-01
1.531250000000000000e+01,-1.053388709399586121e-01
1.533333333333333215e+01,3.966735782454283710e-01
1.535416666666666607e+01,1.848910489352594833e-01
1.537500000000000000e+01,-4.305897712913602238e-01
1.539583333333333215e+01,-2.649440895012676878e-01
1.541666666666666607e+01,4.288969780401721832e-01
1.543750000000000000e+01,3.516524975735851322e-01
1.545833333333333215e+01,-2.655069264582003430e-01
1.547916666666666607e+01,-1.250639586618187415e-01
1.550000000000000000e+01,4.652572482767070028e-01
1.552083333333333215e+01,3.079254327928764301e-01
1.554166666666666607e+01,-3.181636396511317022e-01
1.556250000000000000e+01,-1.632607362442845822e-01
1.558333333333333215e+01,3.975817811424112724e-01
1.560416666666666607e+01,2.292081369000314450e-01
1.562500000000000000e+01,-3.856276119677783942e-01
1.564583333333333215e+01,-2.106923561816028689e-01
1.566666666666666607e+01,3.961882236848165428e-01
1.568750000000000000e+01,2.381940075697236980e-01
1.570833333333333215e+01,-3.783228989774539697e-01
1.572916666666666607e+01,-1.957750160799567873e-01
1.575000000000000000e+01,2.801331463456960824e-01
1.577083333333333215e+01,3.979792281222387096e-02
1.579166666666666607e+01,-5.726151118398626894e-01
1.581250000000000000e+01,-3.904075294136651886e-01
1.583333333333333215e+01,3.000491786343292278e-01
1.585416666666666607e+01,2.035677923426868208e-01
1.587500000000000000e+01,-4.093799389957075707e-01
1.589583333333333215e+01,-2.291090135127501759e-01
1.591666666666666607e+01,4.614172485841985805e-01
1.593750000000000000e+01,3.663687390049839010e-01
1.595833333333333215e+01,-2.472762069206612678e-01
1.597916666666666607e+01,-6.932417051124384333e-02
1.600000000000000000e+01,3.179271085928204732e-01
1.602083333333333215e+01,2.346406214986620359e-02
1.604166666666666430e+01,-4.507393204063001590e-01
1.606250000000000000e+01,-1.830668266926604726e-01
1.608333333333333215e+01,5.087926776991955613e-01
1.610416666666666430e+01,4.210146397161556031e-01
1.612500000000000000e+01,-1.942312827079186177e-01
1.614583333333333215e+01,-1.387236232071687447e-01
1.616666666666666430e+01,2.696698518869012351e-01
1.618750000000000000e+01,4.825830770659733648e-02
1.620833333333333215e+01,-5.677186423962106154e-01
1.622916666666666430e+01,-4.038962355994070719e-01
1.625000000000000000e+01,2.906193495696726137e-01
1.627083333333333215e+01,2.149840115978364219e-01
1.629166666666666430e+01,-4.022377488101761545e-01
1.631250000000000000e+01,-2.598130287140601458e-01
1.633333333333333215e+01,2.779495634308223884e-01
1.635416666666666430e+01,7.427991856902529944e-02
1.637500000000000000e+01,-5.923322870487095493e-01
1.639583333333333215e+01,-4.252229477751175990e-01
1.641666666666666430e+01,2.534210166883358872e-01
1.643750000000000000e+01,1.207147529811912201e-01
1.645833333333333215e+01,-4.918226303321540094e-01
1.647916666666666430e+01,-2.774488201190018488e-01
1.650000000000000000e+01,4.072360867780921989e-01
1.652083333333333215e+01,2.552091282232354930e-01
1.654166666666666430e+01,-3.586589923407947911e-01
1.656250000000000000e+01,-1.343018748117540406e-01
1.658333333333333215e+01,5.475372781897110963e-01
1.660416666666666430e+01,4.107786620244807119e-01
1.662500000000000000e+01,-1.952862655760028709e-01
1.664583333333333215e+01,2.182583116920289168e-02
1.666666666666666430e+01,7.046559684450244276e-01
1.668750000000000000e+01,5.587883354654796797e-01
1.670833333333333215e+01,-6.037833149476286299e-02
1.672916666666666430e+01,-4.363176649919173200e-02
1.675000000000000000e+01,3.070150350531313244e-01
1.677083333333333215e+01,5.650553623342630116e-02
1.679166666666666430e+01,-4.167173204787415486e-01
1.681250000000000000e+01,-1.388397368305719637e-01
1.683333333333333215e+01,5.367617793811316762e-01
1.685416666666666430e+01,4.322417776547826662e-01
1.687500000000000000e+01,-1.822367887680143572e-01
1.689583333333333215e+01,-3.057713510583174865e-01
1.691666666666666430e+01,1.901995870811559186e-01
1.693750000000000000e+01,1.072503624903798913e-01
1.695833333333333215e+01,-5.096507744148763841e-01
1.697916666666666430e+01,-3.483430444218553190e-01
1.700000000000000000e+01,3.469170149584465679e-01
1.702083333333333215e+01,2.760587468235462527e-01
1.704166666666666430e+01,-3.424624643561727799e-01
1.706250000000000000e+01,-2.121154833715664101e-01
1.708333333333333215e+01,2.659558828274912745e-01
1.710416666666666430e+01,4.087647295139401615e-02
1.712500000000000000e+01,-5.875287333371825849e-01
1.714583333333333215e+01,-4.504721413859688606e-01
1.716666666666666430e+01,2.319360756325920814e-01
1.718750000000000000e+01,1.269033711616342763e-01
1.720833333333333215e+01,-5.058288428725616903e-01
1.722916666666666430e+01,-3.888831328129742082e-01
1.725000000000000000e+01,2.578004996877079624e-01
1.727083333333333215e+01,1.108737346062531604e-01
1.729166666666666430e+01,-2.401168844508611566e-01
1.731250000000000000e+01,7.724791201966751952e-02
1.733333333333333215e+01,5.045257528472086861e-01
1.735416666666666430e+01,2.050936733993062866e-01
1.737500000000000000e+01,-3.867163415763824608e-01
1.739583333333333215e+01,-2.190301670539362422e-01
1.741666666666666430e+01,4.269701579346946163e-01
1.743750000000000000e+01,2.707578078517700049e-01
1.745833333333333215e+01,-3.712146072572031219e-01
1.747916666666666430e+01,-2.422434411294202283e-01
1.750000000000000000e+01,4.200321596241498590e-01
1.752083333333333215e+01,2.807102949304779438e-01
1.754166666666666430e+01,-3.518872567143834784e-01
1.756250000000000000e+01,-2.228978957283654916e-01
1.758333333333333215e+01,4.410181731447636033e-01
1.760416666666666430e+01,3.105317834943248645e-01
1.762500000000000000e+01,-3.350036010566633804e-01
1.764583333333333215e+01,-2.195087751837841439e-01
1.766666666666666430e+01,4.451914611330534122e-01
1.768750000000000000e+01,3.154784545294863074e-01
1.770833333333333215e+01,-3.327058861327171768e-01
1.772916666666666430e+01,-2.185153776105651646e-01
1.775000000000000000e+01,4.459199861828258005e-01
1.777083333333333215e+01,3.170379085796248830e-01
1.779166666666666430e+01,-3.258143942389101211e-01
1.781250000000000000e+01,-2.063401570605057911e-01
1.783333333333333215e+01,4.574162078176525759e-01
1.785416666666666430e+01,3.225812679824099360e-01
1.787500000000000000e+01,-3.213957948076270332e-01
1.789583333333333215e+01,-1.984031725939612301e-01
1.791666666666666430e+01,4.644889353903149942e-01
1.793750000000000000e+01,3.281421813668770615e-01
1.795833333333333215e+01,-3.140142657364745071e-01
1.797916666666666430e+01,-1.880534191044272718e-01
1.800000000000000000e+01,4.098381288433282643e-01
1.802083333333333215e+01,2.263527115255994371e-01
1.804166666666666430e+01,-4.161900307557814815e-01
1.806250000000000000e+01,-2.874281259202100536e-01
1.808333333333333215e+01,3.778459311092678963e-01
1.810416666666666430e+01,2.316108339216309542e-01
1.812500000000000000e+01,-4.798148729933817691e-01
1.814583333333333215e+01,-3.826452614854409795e-01
1.816666666666666430e+01,2.514228360879767199e-01
1.818750000000000000e+01,1.004969767587654828e-01
1.820833333333333215e+01,-4.132131661366205688e-01
1.822916666666666430e+01,-2.227793972814728074e-01
1.825000000000000000e+01,3.968138628578160576e-01
1.827083333333333215e+01,2.436690430087376236e-01
1.829166666666666430e+01,-4.533193702298060623e-01
1.831250000000000000e+01,-3.872585401578726438e-01
1.833333333333333215e+01,2.345382196389116936e-01
1.835416666666666430e+01,1.049703055988480127e-01
1.837500000000000000e+01,-2.986188120629448828e-01
1.839583333333333215e+01,-3.122453400485841746e-02
1.841666666666666430e+01,5.543720800483873390e-01
1.843750000000000000e+01,3.671717796648193977e-01
1.845833333333333215e+01,-3.271410454023016556e-01
1.847916666666666430e+01,-2.455483238637694021e-01
1.850000000000000000e+01,3.703297345922623718e-01
1.852083333333333215e+01,2.005497904579923996e-01
1.854166666666666430e+01,-4.918567850342087100e-01
1.856250000000000000e+01,-4.026563660564919100e-01
1.858333333333333215e+01,2.119969497705957440e-01
1.860416666666666430e+01,3.536601850134087066e-02
1.862500000000000000e+01,-2.990488800602478237e-01
1.864583333333333215e+01,3.374633573867658054e-02
1.866666666666666430e+01,3.360301308040868351e-01
1.868750000000000000e+01,-5.289569900077428777e-02
1.870833333333333215e+01,-1.551140843342628806e-01
1.872916666666666430e+01,3.344493597856021405e-01
1.875000000000000000e+01,1.625265882615142821e-01
1.877083333333333215e+01,-5.412134230336222984e-01
1.879166666666666430e+01,-4.467968335028391080e-01
1.881250000000000000e+01,1.692045400490591323e-01
1.883333333333333215e+01,2.344008424449598449e-01
1.885416666666666430e+01,-2.823914628068260324e-01
1.887500000000000000e+01,-1.762883643962705471e-01
1.889583333333333215e+01,4.309678666428303773e-01
1.891666666666666430e+01,2.618247115252183566e-01
1.893750000000000000e+01,-4.160682024645389054e-01
1.895833333333333215e+01,-3.178871256562630365e-01
1.897916666666666430e+01,2.864260825626915308e-01
1.900000000000000000e+01,2.340203811513840437e-01
1.902083333333333215e+01,-1.946468550842993528e-01
1.904166666666666430e+01,1.875961143650128893e-02
1.906250000000000000e+01,6.227665079635861245e-01
1.908333333333333215e+01,4.538555844193686850e-01
1.910416666666666430e+01,-2.099554139906183448e-01
1.912500000000000000e+01,-1.042865797514465204e-01
1.914583333333333215e+01,5.112337536360914703e-01
1.916666666666666430e+01,3.446330442025114515e-01
1.918750000000000000e+01,-3.014459943854675417e-01
1.920833333333333215e+01,-1.807196939766874400e-01
1.922916666666666430e+01,3.112033761997599068e-01
1.925000000000000000e+01,5.429126801132305724e-02
1.927083333333333215e+01,-5.990788328925820139e-01
1.929166666666666430e+01,-4.755063131574654989e-01
1.931250000000000000e+01,1.933372097832133374e-01
1.933333333333333215e+01,5.073663057949436006e-02
1.935416666666666430e+01,-6.029903215302441222e-01
1.937500000000000000e+01,-4.798391563964858331e-01
1.939583333333333215e+01,1.845366638041052165e-01
1.941666666666666430e+01,8.451336456695671129e-02
1.943750000000000000e+01,-2.550245444820908869e-01
1.945833333333333215e+01,5.242403225476843787e-02
1.947916666666666430e+01,4.259403412566649116e-01
1.950000000000000000e+01,1.025425817275672363e-01
1.952083333333333215e+01,-2.986583079716745859e-01
1.954166666666666430e+01,-2.042958866185340394e-02
1.956250000000000000e+01,5.386618538630271180e-01
1.958333333333333215e+01,3.394573949972700122e-01
1.960416666666666430e+01,-2.983093600165331871e-01
1.962500000000000000e+01,-1.781079614476927808e-01
1.964583333333333215e+01,4.753941663978692445e-01
1.966666666666666430e+01,3.510148456922939086e-01
1.968750000000000000e+01,-2.801322760906917453e-01
1.970833333333333215e+01,-1.584481905968102566e-01
1.972916666666666430e+01,3.590494717632189969e-01
1.975000000000000000e+01,1.197281174798168479e-01
1.977083333333333215e+01,1.840153359180063120e-01
1.979166666666666430e+01,7.725881742577070943e-01
1.981250000000000000e+01,5.883785586040081172e-01
1.983333333333333215e+01,-9.089215512807791164e-02
1.985416666666666430e+01,2.362451987872549175e-02
1.987500000000000000e+01,5.314396126807516829e-01
1.989583333333333215e+01,2.523251797076927483e-01
1.991666666666666430e+01,-3.978313981166964330e-01
1.993750000000000000e+01,-2.400483947972308352e-01
1.995833333333333215e+01,3.350318346253082780e-01
1.997916666666666430e+01,9.931506121812871957e-02
2.000000000000000000e+01,-5.380408882774095902e-01
2.002083333333333215e+01,-3.749683757935518003e-01
2.004166666666666430e+01,1.759600114126798065e-01
2.006250000000000000e+01,-6.050429587767292006e-02
2.008333333333333215e+01,-6.979065970311393308e-01
2.010416666666666430e+01,-5.498457765633871785e-01
2.012500000000000000e+01,1.105618307735458938e-01
2.014583333333333215e+01,-3.978404652586686741e-02
2.016666666666666430e+01,-6.799108456319920002e-01
2.018750000000000000e+01,-5.477550958788273139e-01
2.020833333333333215e+01,1.156560896004878297e-01
2.022916666666666430e+01,-1.855760745907664155e-02
2.025000000000000000e+01,-5.950625629382274573e-01
2.027083333333333215e+01,-4.329608423881677326e-01
2.029166666666666430e+01,2.323912585892174976e-01
2.031250000000000000e+01,1.025833730680555944e-01
2.033333333333333215e+01,-3.206878140004681965e-01
2.035416666666666430e+01,-5.665832574566631585e-02
2.037500000000000000e+01,6.081445231484357006e-01
2.039583333333333215e+01,4.802337935720062956e-01
2.041666666666666430e+01,-1.639405260606881243e-01
2.043750000000000000e+01,-4.918680279513540365e-02
2.045833333333333215e+01,5.246956350747882247e-01
2.047916666666666430e+01,3.364011950501831771e-01
2.050000000000000000e+01,-3.173054699644580201e-01
2.052083333333333215e+01,-2.080542901888837726e-01
2.054166666666666430e+01,4.562119857791502309e-01
2.056250000000000000e+01,3.243057495174688221e-01
2.058333333333333215e+01,-3.182240804234037768e-01
2.060416666666666430e+01,-1.927445085626783849e-01
2.062500000000000000e+01,4.571202169640140589e-01
2.064583333333333215e+01,3.043705945560380988e-01
2.066666666666666430e+01,-3.372837557918639817e-01
2.068750000000000000e+01,-2.007552657902809401e-01
2.070833333333333215e+01,2.529152122389510815e-01
2.072916666666666430e+01,-3.169090267937577088e-02
2.075000000000000000e+01,-6.308611812314480760e-01
2.077083333333333215e+01,-4.722176023587951743e-01
2.079166666666666430e+01,1.901908357998750299e-01
2.081250000000000000e+01,4.993368597408248677e-02
2.083333333333333215e+01,-4.214742861826434872e-01
2.085416666666666430e+01,-1.844571924123143969e-01
2.087500000000000000e+01,4.794354087934283304e-01
2.089583333333333215e+01,3.482418256665978928e-01
2.091666666666666430e+01,-3.058200123537948567e-01
2.093750000000000000e+01,-1.951934542528148686e-01
2.095833333333333215e+01,4.687374137570189392e-01
2.097916666666666430e+01,3.342195952250342494e-01
2.100000000000000000e+01,-3.086355068429279536e-01
2.102083333333333215e+01,-1.823010214180140198e-01
2.104166666666666430e+01,4.793962020971677118e-01
2.106250000000000000e+01,3.366934664841760294e-01
2.108333333333333215e+01,-3.034880848855390778e-01
2.110416666666666430e+01,-1.673506402393298842e-01
2.112500000000000000e+01,4.076518079213914403e-01
2.114583333333333215e+01,2.008212757882050781e-01
2.116666666666666430e+01,-4.516685576366515908e-01
2.118750000000000000e+01,-3.285725089734990445e-01
2.120833333333333215e+01,3.336076249133960725e-01
2.122916666666666430e+01,1.948789797364299248e-01
2.125000000000000000e+01,-4.453430275246685888e-01
2.127083333333333215e+01,-3.171242270314909018e-01
2.129166666666666430e+01,3.453208677751099520e-01
2.131250000000000000e+01,2.045121393474112481e-01
2.133333333333333215e+01,-4.381526230917610065e-01
2.135416666666666430e+01,-3.111105103173925635e-01
2.137500000000000000e+01,3.515405210766019417e-01
2.139583333333333215e+01,2.147973184713549144e-01
2.141666666666666430e+01,-4.263938768168661353e-01
2.143750000000000000e+01,-3.011654480468313189e-01
2.145833333333333215e+01,3.619345519729115224e-01
2.147916666666666430e+01,2.242685027896513805e-01
2.150000000000000000e+01,-4.190391051087706265e-01
2.152083333333333215e+01,-3.756950942125971138e-01
2.154166666666666430e+01,1.195365458043818885e-01
2.156250000000000000e+01,3.005663361008047985e-01
2.158333333333333215e+01,-1.317590586920600326e-01
2.160416666666666430e+01,-2.147040000922267877e-02
2.162500000000000000e+01,6.001345795412722506e-01
2.164583333333333215e+01,4.164663900947251918e-01
2.166666666666666430e+01,-2.806299511759440812e-01
2.168750000000000000e+01,-1.401338791719962673e-01
2.170833333333333215e+01,5.189411934063308252e-01
2.172916666666666430e+01,3.173130171963728374e-01
2.175000000000000000e+01,-3.329821373904620074e-01
2.177083333333333215e+01,-1.690713841620197500e-01
2.179166666666666430e+01,3.636168509493075129e-01
2.181250000000000000e+01,1.404028618800198247e-01
2.183333333333333215e+01,-5.048224980880555712e-01
2.185416666666666430e+01,-3.651829622350102889e-01
2.187500000000000000e+01,2.474214321423322538e-01
2.189583333333333215e+01,1.240680341272833442e-01
2.191666666666666430e+01,-5.145943857466745985e-01
2.193750000000000000e+01,-3.713457594987086829e-01
2.195833333333333215e+01,2.849652150983165710e-01
2.197916666666666430e+01,1.768824833572972544e-01
2.200000000000000000e+01,-4.599542295277466719e-01
2.202083333333333215e+01,-3.014510277107980141e-01
2.204166666666666430e+01,3.806138769582690928e-01
2.206250000000000000e+01,2.715338574869685662e-01
2.208333333333333215e+01,-3.431093050501557440e-01
2.210416666666666430e+01,-1.796114764247678797e-01
2.212500000000000000e+01,4.922823961422891914e-01
2.214583333333333215e+01,3.688194158221276830e-01
2.216666666666666430e+01,-2.475378951642112635e-01
2.218750000000000000e+01,-1.145220984844912970e-01
2.220833333333333215e+01,5.273510123919369352e-01
2.222916666666666430e+01,4.135265374892395096e-01
2.225000000000000000e+01,-2.170952945620375496e-01
2.227083333333333215e+01,-9.340018691951719465e-02
2.229166666666666430e+01,3.454382436359741959e-01
2.231250000000000000e+01,1.090937079910938301e-01
2.233333333333333215e+01,-5.327864812975675601e-01
2.235416666666666430e+01,-3.925438617412334574e-01
2.237500000000000000e+01,2.554416416286247049e-01
2.239583333333333215e+01,1.226446346747802479e-01
2.241666666666666430e+01,-5.542932824999198260e-01
2.243750000000000000e+01,-4.430109265849278000e-01
2.245833333333333215e+01,1.825706994605213462e-01
2.247916666666666430e+01,1.718315645721182894e-01
2.250000000000000000e+01,-2.568036686718598305e-01
2.252083333333333215e+01,-6.446340690619878355e-02
2.254166666666666430e+01,5.593588073817140627e-01
2.256250000000000000e+01,4.079139207941377965e-01
2.258333333333333215e+01,-2.568642176772384378e-01
2.260416666666666430e+01,-1.588735096041690165e-01
2.262500000000000000e+01,4.746978901931256933e-01
2.264583333333333215e+01,3.349051132561200461e-01
2.266666666666666430e+01,4.438992399539626321e-01
2.268750000000000000e+01,7.133564759990236315e-01
2.270833333333333215e+01,3.461013039114060330e-01
2.272916666666666430e+01,-1.295268428549841699e-01
2.275000000000000000e+01,1.601764828902147997e-01
2.277083333333333215e+01,4.812342657776862431e-01
2.279166666666666430e+01,8.121027867261942923e-02
2.281250000000000000e+01,-4.025317920363954416e-01
2.283333333333333215e+01,-1.228976565688383316e-01
2.285416666666666430e+01,3.498990220402076190e-01
2.287500000000000000e+01,6.105202452013447356e-02
2.289583333333333215e+01,-5.604431595623855511e-01
2.291666666666666430e+01,-3.948669422726126532e-01
2.293750000000000000e+01,2.624316128569595952e-01
2.295833333333333215e+01,1.098331045046837540e-01
2.297916666666666430e+01,-5.134396351250277712e-01
2.300000000000000000e+01,-3.540902925877894014e-01
2.302083333333333215e+01,1.474267406656293855e-01
2.304166666666666430e+01,-1.012793076717501406e-01
2.306250000000000000e+01,-7.244803609548218226e-01
2.308333333333333215e+01,-5.695757841894872886e-01
2.310416666666666430e+01,8.909577750050770573e-02
2.312500000000000000e+01,-3.647351663224041030e-02
2.314583333333333215e+01,-6.101257733485249135e-01
2.316666666666666430e+01,-4.186652701318808178e-01
2.318750000000000000e+01,2.593094824463768600e-01
2.320833333333333215e+01,1.635192301696053452e-01
2.322916666666666430e+01,-4.642296754390983771e-01
2.325000000000000000e+01,-3.018413166651562340e-01
2.327083333333333215e+01,3.724301583052330722e-01
2.329166666666666430e+01,2.603170092832135518e-01
2.331250000000000000e+01,-3.862556178867170842e-01
2.333333333333333215e+01,-2.306952250123877612e-01
2.335416666666666430e+01,4.088975474651583841e-01
2.337500000000000000e+01,2.633358301244133060e-01
2.339583333333333215e+01,-2.532004503736962064e-01
2.341666666666666430e+01,-2.300968967542549315e-02
2.343750000000000000e+01,6.008748616558029498e-01
2.345833333333333215e+01,4.469818264769521710e-01
2.347916666666666430e+01,-2.009420545438156958e-01
2.350000000000000000e+01,-8.048410150915466521e-02
2.352083333333333215e+01,5.416570799262246938e-01
2.354166666666666430e+01,3.802129540227612292e-01
2.356250000000000000e+01,-2.919829632078840831e-01
2.358333333333333215e+01,-1.929475378475355440e-01
2.360416666666666430e+01,4.363686593448911077e-01
2.362500000000000000e+01,2.856200258614568499e-01
2.364583333333333215e+01,-3.799240489760336015e-01
2.366666666666666430e+01,-2.729056962280352328e-01
2.368750000000000000e+01,3.688855803304109116e-01
2.370833333333333215e+01,2.296762072329554538e-01
2.372916666666666430e+01,-4.307123182736141143e-01
2.375000000000000000e+01,-3.036772701538501540e-01
2.377083333333333215e+01,3.210722301996711270e-01
2.379166666666666430e+01,1.783596148229174283e-01
2.381250000000000000e+01,-4.907242847466199986e-01
2.383333333333333215e+01,-3.508005797894200306e-01
2.385416666666666430e+01,3.054427621836046658e-01
2.387500000000000000e+01,1.956512176685856197e-01
2.389583333333333215e+01,-4.423071556023288053e-01
2.391666666666666430e+01,-2.929067868149339282e-01
2.393750000000000000e+01,3.781302715632702816e-01
2.395833333333333215e+01,2.842297465199249973e-01
2.397916666666666430e+01,-3.390760017907806234e-01
2.400000000000000000e+01,-1.994624766199680210e-01
2.402083333333333215e+01,4.875628572408147732e-01
2.404166666666666430e+01,3.837376059066728851e-01
2.406250000000000000e+01,-2.474152522793066078e-01
2.408333333333333215e+01,-1.063048513972247311e-01
2.410416666666666430e+01,2.608177372915845837e-01
2.412500000000000000e+01,-6.224266726024965668e-02
2.414583333333333215e+01,-4.505681586353627033e-01
2.416666666666666430e+01,-1.555593648087515712e-01
2.418750000000000000e+01,3.897034689679541586e-01
2.420833333333333215e+01,1.798548190042240091e-01
2.422916666666666430e+01,-4.866247581751845797e-01
2.425000000000000000e+01,-3.861448252428719696e-01
2.427083333333333215e+01,2.311042826509127623e-01
2.429166666666666430e+01,7.550228213437726321e-02
2.431250000000000000e+01,-4.888238085506577679e-01
2.433333333333333215e+01,-2.976770444405368865e-01
2.435416666666666430e+01,3.297578604525903678e-01
2.437500000000000000e+01,1.917472573095771737e-01
2.439583333333333215e+01,-4.104077418549393896e-01
2.441666666666666430e+01,-2.422455534799979326e-01
2.443750000000000000e+01,4.084078956063454946e-01
2.445833333333333215e+01,3.016985106338435085e-01
2.447916666666666430e+01,-3.842245862921577215e-01
2.450000000000000000e+01,-6.004659719483091962e-01
2.452083333333333215e+01,-1.164407105732281900e-01
2.454166666666666430e+01,-1.893360199109074271e-01
2.456250000000000000e+01,-4.724636455872840424e-01
2.458333333333333215e+01,-9.768045204174513607e-02
2.460416666666666430e+01,2.984781282284918458e-01
2.462500000000000000e+01,-6.495645275160555343e-03
2.464583333333333215e+01,-2.837051640153537280e-01
2.466666666666666430e+01,1.000265293666801059e-01
2.468750000000000000e+01,4.051489555761852435e-01
2.470833333333333215e+01,1.099008367234977079e-03
2.472916666666666430e+01,3.143619783461126804e-02
2.475000000000000000e+01,5.441154828363287121e-01
2.477083333333333215e+01,3.694055795972343570e-01
2.479166666666666430e+01,-2.946605596143249683e-01
2.481250000000000000e+01,-1.666951534160039938e-01
2.483333333333333215e+01,4.709941011454947257e-01
2.485416666666666430e+01,3.384124090130724571e-01
2.487500000000000000e+01,-3.349459393600408008e-01
2.489583333333333215e+01,-2.152947924960315618e-01
2.491666666666666430e+01,4.187800772168219776e-01
2.493750000000000000e+01,2.755674335061422675e-01
2.495833333333333215e+01,-2.871232839468179088e-01
2.497916666666666430e+01,-1.038219708073299385e-01
2.500000000000000000e+01,5.186609863714928270e-01
2.502083333333333215e+01,3.506475459485887125e-01
2.504166666666666430e+01,-3.192543109872227891e-01
2.506250000000000000e+01,-2.158301821732409032e-01
2.508333333333333215e+01,4.182304778202368123e-01
2.510416666666666430e+01,2.631274390508815952e-01
2.512500000000000000e+01,-3.514624571168304401e-01
2.514583333333333215e+01,-1.994756204959658441e-01
2.516666666666666430e+01,4.647743671899680074e-01
2.518750000000000000e+01,3.380563090827468642e-01
2.520833333333333215e+01,-2.896144107502990339e-01
2.522916666666666430e+01,-1.383217611174876738e-01
2.525000000000000000e+01,5.192743287415182429e-01
2.527083333333333215e+01,4.057522059013080606e-01
2.529166666666666430e+01,-2.127184077308271748e-01
2.531250000000000000e+01,-4.605816877242191465e-02
2.533333333333333215e+01,2.634881870328228404e-01
2.535416666666666430e+01,-8.513893746911127547e-02
2.537500000000000000e+01,-3.825279960709280225e-01
2.539583333333333215e+01,2.955529915096011262e-03
2.541666666666666430e+01,4.517212457749383847e-02
2.543750000000000000e+01,-4.759441664776916658e-01
2.545833333333333215e+01,-3.448444168129346510e-01
2.547916666666666430e+01,3.018691809744439847e-01
2.550000000000000000e+01,1.427036639095803916e-01
2.552083333333333215e+01,-5.343826598358929481e-01
2.554166666666666430e+01,-4.255636499316082788e-01
2.556250000000000000e+01,1.903519921046402663e-01
2.558333333333333215e+01,9.072804778717905028e-02
2.560416666666666430e+01,-2.492988950977484131e-01
2.562500000000000000e+01,6.323293453952136267e-02
2.564583333333333215e+01,3.975956206664039150e-01
2.566666666666666430e+01,6.342962896200504685e-02
2.568750000000000000e+01,-2.365756100414089236e-01
2.570833333333333215e+01,1.501836646156415045e-01
2.572916666666666430e+01,2.438345929480083552e-01
2.575000000000000000e+01,-2.440843688148132962e-01
2.577083333333333215e+01,-9.704167968154717161e-02
2.579166666666666430e+01,5.747717962459835128e-01
2.581250000000000000e+01,4.690327764333357408e-01
2.583333333333333215e+01,-1.554820204029316033e-01
2.585416666666666430e+01,-1.029368982295231216e-01
2.587500000000000000e+01,2.637775464428581684e-01
2.589583333333333215e+01,2.474914351854068384e-03
2.591666666666666430e+01,-5.061418943097245604e-01
2.593750000000000000e+01,-2.644119197129801146e-01
2.595833333333333215e+01,3.902928803869759600e-01
2.597916666666666430e+01,2.637264276539889041e-01
2.600000000000000000e+01,-4.041123021778998403e-01
2.602083333333333215e+01,-2.818188984124861962e-01
2.604166666666666430e+01,3.467182068685436547e-01
2.606250000000000000e+01,1.948432088711896104e-01
2.608333333333333215e+01,-4.796610430290734750e-01
2.610416666666666430e+01,-3.852566781623208980e-01
2.612500000000000000e+01,2.300891483669237347e-01
2.614583333333333215e+01,8.740179560773783662e-02
2.616666666666666430e+01,-4.936015362710808319e-01
2.618750000000000000e+01,-3.469126045799638680e-01
2.620833333333333215e+01,2.900941953680531427e-01
2.622916666666666430e+01,5.965220841946616837e-01
2.625000000000000000e+01,2.460287015110437236e-01
2.627083333333333215e+01,-1.227165055384675241e-01
2.629166666666666430e+01,2.193043504110081809e-01
2.631250000000000000e+01,4.089235735606532862e-01
2.633333333333333215e+01,-1.584650748156779532e-02
2.635416666666666430e+01,3.556607917182191825e-02
2.637500000000000000e+01,3.613173022898830133e-01
2.639583333333333215e+01,7.779977406426513697e-02
2.641666666666666430e+01,-3.997395334956447277e-01
2.643750000000000000e+01,-1.404872544674851953e-01
2.645833333333333215e+01,5.222798332233123952e-01
2.647916666666666430e+01,4.070763232994684677e-01
2.650000000000000000e+01,-2.336339193047881624e-01
2.652083333333333215e+01,-3.078544549444935385e-01
2.654166666666666430e+01,1.791216637219271157e-01
2.656250000000000000e+01,3.755257973663500559e-02
2.658333333333333215e+01,-6.295397116926133574e-01
2.660416666666666430e+01,-5.104252653866868661e-01
2.662500000000000000e+01,1.108594920801160705e-01
2.664583333333333215e+01,-4.694495898056665062e-02
2.666666666666666430e+01,-5.143765690856029194e-01
2.668750000000000000e+01,-2.859034981605866332e-01
2.670833333333333215e+01,3.431693532955251147e-01
2.672916666666666430e+01,1.881317669065203091e-01
2.675000000000000000e+01,-4.783700320222287194e-01
2.677083333333333215e+01,-3.712257657909437403e-01
2.679166666666666430e+01,2.829817729531640680e-01
2.681250000000000000e+01,1.516537714480377386e-01
2.683333333333333215e+01,-3.796749661274517185e-01
2.685416666666666430e+01,-1.665088149409594820e-01
2.687500000000000000e+01,5.107326607298742216e-01
2.689583333333333215e+01,4.038967868982023535e-01
2.691666666666666430e+01,-2.168355144015392810e-01
2.693750000000000000e+01,-5.780913885501046123e-02
2.695833333333333215e+01,6.014099092994592555e-01
2.697916666666666430e+01,4.991147142431267003e-01
2.700000000000000000e+01,-1.342152797195201031e-01
2.702083333333333215e+01,-1.837335390447387140e-01
2.704166666666666430e+01,2.991940843680511719e-01
2.706250000000000000e+01,1.556270163379308846e-01
2.708333333333333215e+01,-5.151057208909799456e-01
2.710416666666666430e+01,-4.003763956350151476e-01
2.712500000000000000e+01,2.348957182950466849e-01
2.714583333333333215e+01,8.617212094851797732e-02
2.716666666666666430e+01,-5.994979141665899292e-01
2.718750000000000000e+01,-5.040489613518777112e-01
2.720833333333333215e+01,1.245312205166091701e-01
2.722916666666666430e+01,2.814896967774642711e-01
2.725000000000000000e+01,-1.791458277471100757e-01
2.727083333333333215e+01,-7.528036883330713191e-02
2.729166666666666430e+01,5.669709891214506081e-01
2.731250000000000000e+01,4.251671880665803815e-01
2.733333333333333215e+01,-2.403076642305358168e-01
2.735416666666666430e+01,-1.217600671586032135e-01
2.737500000000000000e+01,5.309834959677484090e-01
2.739583333333333215e+01,4.028254807825203399e-01
2.741666666666666430e+01,-2.676461333484512206e-01
2.743750000000000000e+01,-1.348053146614285047e-01
2.745833333333333215e+01,2.787779261202530945e-01
2.747916666666666430e+01,6.590766247925983201e-03
2.750000000000000000e+01,-6.062672107682551825e-01
2.752083333333333215e+01,-4.323359732989942028e-01
2.754166666666666430e+01,2.343300137871630606e-01
2.756250000000000000e+01,1.289118354930062216e-01
2.758333333333333215e+01,-4.989550813618734426e-01
2.760416666666666430e+01,-3.558926052880065916e-01
2.762500000000000000e+01,3.289187898435717017e-01
2.764583333333333215e+01,2.240029076243139627e-01
2.766666666666666430e+01,-4.023246486648456299e-01
2.768750000000000000e+01,-2.529483667865078389e-01
2.770833333333333215e+01,4.207567953707408437e-01
2.772916666666666430e+01,3.011012831892697639e-01
2.775000000000000000e+01,-3.301406757797400449e-01
2.777083333333333215e+01,-2.085772567550983891e-01
2.779166666666666430e+01,4.370327504864502943e-01
2.781250000000000000e+01,2.867823243518121124e-01
2.783333333333333215e+01,-3.784753513134301306e-01
2.785416666666666430e+01,-2.725324283849118734e-01
2.787500000000000000e+01,3.566324999145255026e-01
2.789583333333333215e+01,1.990068854325620917e-01
2.791666666666666430e+01,-2.665113571503157086e-01
2.793750000000000000e+01,-1.336967692324472767e-02
2.795833333333333215e+01,6.143986532903477071e-01
2.797916666666666430e+01,4.683315925167030880e-01
2.800000000000000000e+01,-2.143577301272672486e-01
2.802083333333333215e+01,-8.956129227234299606e-02
2.804166666666666430e+01,5.190527460715872454e-01
2.806250000000000000e+01,3.743567751415776690e-01
2.808333333333333215e+01,-2.728406334190061067e-01
2.810416666666666430e+01,-1.217000094233505192e-01
2.812500000000000000e+01,2.095985039942749317e-01
2.814583333333333215e+01,-1.169209200802991955e-01
2.816666666666666430e+01,-4.586432645974096722e-01
2.818750000000000000e+01,-1.107339659192528303e-01
2.820833333333333215e+01,1.337542079803731576e-01
2.822916666666666430e+01,-2.688254623433562474e-01
2.825000000000000000e+01,-1.893608544496191703e-01
2.827083333333333215e+01,2.103967190376031249e-01
2.829166666666666430e+01,-4.375202527851232426e-02
2.831250000000000000e+01,-5.731005725157892750e-01
2.833333333333333215e+01,-3.433092214186653779e-01
2.835416666666666430e+01,3.071110800419696307e-01
2.837500000000000000e+01,1.745117583814113638e-01
2.839583333333333215e+01,-4.920898016765891669e-01
2.841666666666666430e+01,-3.648215633282367865e-01
2.843750000000000000e+01,2.636240197766818172e-01
2.845833333333333215e+01,1.136383123610331669e-01
2.847916666666666430e+01,-2.983413645839044781e-01
2.850000000000000000e+01,-1.763590678032428416e-02
2.852083333333333215e+01,5.927208994385013696e-01
2.854166666666666430e+01,4.175010731660458441e-01
2.856250000000000000e+01,-2.594900246399416410e-01
2.858333333333333215e+01,-1.588106628505191464e-01
2.860416666666666430e+01,4.711782239608359735e-01
2.862500000000000000e+01,3.223293854037639905e-01
2.864583333333333215e+01,-3.391074642823470597e-01
2.866666666666666430e+01,-2.306506080864600405e-01
2.868750000000000000e+01,4.224025915548619836e-01
2.870833333333333215e+01,2.911733926005760642e-01
2.872916666666666430e+01,-3.405980626138330192e-01
2.875000000000000000e+01,-1.943985434408478929e-01
2.877083333333333215e+01,4.798426170965114368e-01
2.879166666666666430e+01,3.724377262028101820e-01
2.881250000000000000e+01,-2.460394035116223732e-01
2.883333333333333215e+01,-2.106759071599814126e-01
2.885416666666666430e+01,1.917661809408968687e-01
2.887500000000000000e+01,-2.614867530290226894e-02
2.889583333333333215e+01,-6.283175311284935338e-01
2.891666666666666430e+01,-4.563372348674195056e-01
2.893750000000000000e+01,1.975624059005586797e-01
2.895833333333333215e+01,7.454363355463880514e-02
2.897916666666666430e+01,-5.084381144531120444e-01
2.900000000000000000e+01,-3.278838336177505308e-01
2.902083333333333215e+01,3.023996228750459592e-01
2.904166666666666430e+01,1.540889202200808883e-01
2.906250000000000000e+01,-3.293342770341191050e-01
2.908333333333333215e+01,-9.445445333580704261e-02
2.910416666666666430e+01,5.325253815623992582e-01
2.912500000000000000e+01,3.681902399752206012e-01
2.914583333333333215e+01,-3.094414002280280740e-01
2.916666666666666430e+01,-2.086950753034013950e-01
2.918750000000000000e+01,4.215608844940419431e-01
2.920833333333333215e+01,2.670206556727969249e-01
2.922916666666666430e+01,-3.968646755032779749e-01
2.925000000000000000e+01,-2.881761953737843052e-01
2.927083333333333215e+01,3.763677571199397498e-01
2.929166666666666430e+01,2.547533937733354459e-01
2.931250000000000000e+01,-3.559163346317510968e-01
2.933333333333333215e+01,-1.932730114314893388e-01
2.935416666666666430e+01,4.627774056845136430e-01
2.937500000000000000e+01,3.495540899362060694e-01
2.939583333333333215e+01,-2.748791960532399603e-01
2.941666666666666430e+01,-1.125879162812779277e-01
2.943750000000000000e+01,5.613728012944763091e-01
2.945833333333333215e+01,4.586747349436918197e-01
2.947916666666666430e+01,-1.773433985675602620e-01
2.950000000000000000e+01,-2.688516332419510491e-02
2.952083333333333215e+01,2.628225490983309154e-01
2.954166666666666430e+01,-1.014505163220790762e-01
2.956250000000000000e+01,-3.205703224114369032e-01
2.958333333333333215e+01,9.586981475857636603e-02
2.960416666666666430e+01,-5.464821225672372718e-02
2.962500000000000000e+01,-3.978729745152845831e-01
2.964583333333333215e+01,-7.995278454974168170e-02
2.966666666666666430e+01,2.849880855985386097e-01
2.968750000000000000e+01,-3.005706121560479394e-02
2.970833333333333215e+01,-4.297842381915387144e-01
2.972916666666666430e+01,-1.294429352606273897e-01
2.975000000000000000e+01,4.326043747721020627e-01
2.977083333333333215e+01,2.503345710128251911e-01
2.979166666666666430e+01,-4.122182992276106628e-01
2.981250000000000000e+01,-2.720186389691461315e-01
2.983333333333333215e+01,3.817963963662727167e-01
2.985416666666666430e+01,2.783025839658502809e-01
2.987500000000000000e+01,-3.505719049154236711e-01
2.989583333333333215e+01,-2.049813950562189846e-01
2.991666666666666430e+01,4.734714293673908392e-01
2.993750000000000000e+01,3.686824334408511650e-01
2.995833333333333215e+01,-2.568461045727040704e-01
2.997916666666666430e+01,-2.572276970243493333e-01
3.000000000000000000e+01,2.409796781385946107e-01
3.002083333333333215e+01,7.073274610985283428e-02
3.004166666666666430e+01,-5.640923359848657448e-01
3.006250000000000000e+01,-4.330696510637793706e-01
3.008333333333333215e+01,2.287522626837791284e-01
3.010416666666666430e+01,8.201863685963246831e-02
3.012500000000000000e+01,-5.811453157759279842e-01
3.014583333333333215e+01,-4.717149378392936909e-01
3.016666666666666430e+01,1.546833215510918236e-01
3.018750000000000000e+01,7.797099996920966447e-01
3.020833333333333215e+01,6.206330210793540303e-01
3.022916666666666430e+01,1.036210177711849173e-01
3.025000000000000000e+01,3.160127294767045569e-01
3.027083333333333215e+01,8.980408008292304345e-01
3.029166666666666430e+01,6.973969991833033344e-01
3.031250000000000000e+01,2.617800669634284816e-02
3.033333333333333215e+01,-3.889722794937300332e-02
3.035416666666666430e+01,3.639665701029010103e-01
3.037500000000000000e+01,1.341509863103849121e-01
3.039583333333333215e+01,-5.042536878317130933e-01
3.041666666666666430e+01,-3.679196698013474931e-01
3.043750000000000000e+01,3.001526995717753721e-01
3.045833333333333215e+01,1.676920752054775754e-01
3.047916666666666430e+01,-4.706928965768201190e-01
3.050000000000000000e+01,-3.438888458760196443e-01
3.052083333333333215e+01,1.814100532403958299e-01
3.054166666666666430e+01,-4.694431141808264041e-02
3.056250000000000000e+01,-6.905276174513741427e-01
3.058333333333333215e+01,-5.691321255053004569e-01
3.060416666666666430e+01,9.553586951949918915e-02
3.062500000000000000e+01,-3.468622604264173792e-02
3.064583333333333215e+01,-6.785722561702659528e-01
3.066666666666666430e+01,-5.621222809373340734e-01
3.068750000000000000e+01,1.036638881880360130e-01
3.070833333333333215e+01,-1.980763400091414828e-02
3.072916666666666430e+01,-3.900229370035370180e-01
3.075000000000000000e+01,-9.492075708855401972e-02
3.077083333333333215e+01,5.196059921422571115e-01
3.079166666666666430e+01,3.537057951416722745e-01
3.081250000000000000e+01,-2.902499037483738942e-01
3.083333333333333215e+01,-1.656621586467553198e-01
3.085416666666666430e+01,4.921357055768939004e-01
3.087500000000000000e+01,3.459594556681788724e-01
3.089583333333333215e+01,-2.958558001726782072e-01
3.091666666666666430e+01,-1.634143417770666240e-01
3.093750000000000000e+01,4.902574045853265172e-01
3.095833333333333215e+01,3.408901013217402465e-01
3.097916666666666430e+01,-2.976463471047729459e-01
3.100000000000000000e+01,-1.606938960750623757e-01
3.102083333333333215e+01,2.898445753458572804e-01
3.104166666666666430e+01,1.299064557094803396e-03
3.106250000000000000e+01,-5.971169817409085478e-01
3.108333333333333215e+01,-4.400658038811778860e-01
3.110416666666666430e+01,2.228317806199567042e-01
3.112500000000000000e+01,8.441686017846239398e-02
3.114583333333333215e+01,-3.919176248102254068e-01
3.116666666666666430e+01,-1.559497265327707827e-01
3.118750000000000000e+01,5.067801871601018693e-01
3.120833333333333215e+01,3.702038355774307510e-01
3.122916666666666430e+01,-2.721481684241218169e-01
3.125000000000000000e+01,-1.489214977292992459e-01
3.127083333333333215e+01,5.142400410383731746e-01
3.129166666666666430e+01,3.792769318101731901e-01
3.131250000000000000e+01,-2.641218554822922226e-01
3.133333333333333215e+01,-1.433026777010728559e-01
3.135416666666666430e+01,4.413561028142587994e-01
3.137500000000000000e+01,2.579657024623667749e-01
3.139583333333333215e+01,-3.850039213385660908e-01
3.141666666666666430e+01,-2.671566861819992256e-01
3.143750000000000000e+01,3.973540634488469392e-01
3.145833333333333215e+01,2.681909877174875056e-01
3.147916666666666430e+01,-3.766033812678059034e-01
3.150000000000000000e+01,-2.620399902985675045e-01
3.152083333333333215e+01,3.899184381712758052e-01
3.154166666666666430e+01,2.581635571329660150e-01
3.156250000000000000e+01,-3.902862466137773101e-01
3.158333333333333215e+01,-2.818867589953093500e-01
3.160416666666666430e+01,3.184670205815107735e-01
3.162500000000000000e+01,1.489197785574352673e-01
3.164583333333333215e+01,-4.960369546113136963e-01
3.166666666666666430e+01,-3.807604133399205559e-01
3.168750000000000000e+01,2.841099354590069792e-01
3.170833333333333215e+01,1.551070331212402453e-01
3.172916666666666430e+01,-4.886819325748246734e-01
3.175000000000000000e+01,-3.702267229632856815e-01
3.177083333333333215e+01,2.939434852031768131e-01
3.179166666666666430e+01,1.631697865642972867e-01
3.181250000000000000e+01,-4.790862143864292877e-01
3.183333333333333215e+01,-3.578983850444360515e-01
3.185416666666666430e+01,3.056791693604413718e-01
3.187500000000000000e+01,1.697799252454753327e-01
3.189583333333333215e+01,-4.418693100139412522e-01
3.191666666666666430e+01,-2.970034771937210549e-01
3.193750000000000000e+01,3.657558401553560046e-01
3.195833333333333215e+01,2.311678075040353719e-01
3.197916666666666430e+01,-2.416884369053430848e-01
3.200000000000000000e+01,-4.209453259827633520e-03
3.202083333333332860e+01,6.583727547386027945e-01
3.204166666666666430e+01,5.013291880070003259e-01
3.206250000000000000e+01,-1.628393745957815164e-01
3.208333333333332860e+01,-8.327997818478853898e-01
3.210416666666666430e+01,-6.912034606344741317e-01
3.212500000000000000e+01,-4.168347574381536802e-02
3.214583333333332860e+01,-1.612993313547453900e-01
3.216666666666666430e+01,-6.386162195310348677e-01
3.218750000000000000e+01,-3.917578941459157749e-01
3.220833333333332860e+01,2.401327005847385676e-01
3.222916666666666430e+01,1.215624717708879698e-01
3.225000000000000000e+01,-3.110968511619414123e-01
3.227083333333332860e+01,-2.433426787019743465e-02
3.229166666666666430e+01,6.153313118825496364e-01
3.231250000000000000e+01,4.952149629196527236e-01
3.233333333333332860e+01,-1.572947071753894033e-01
3.235416666666666430e+01,-3.803599329598783552e-02
3.237500000000000000e+01,5.876546433057877605e-01
3.239583333333332860e+01,4.486914448818864476e-01
3.241666666666666430e+01,-2.217394909712135376e-01
3.243750000000000000e+01,-1.119120953616788983e-01
3.245833333333332860e+01,5.130860678193357449e-01
3.247916666666666430e+01,3.422757487128570419e-01
3.250000000000000000e+01,-3.405219109765205143e-01
3.252083333333332860e+01,-2.394295543801140680e-01
3.254166666666666430e+01,3.730186655722455003e-01
3.256250000000000000e+01,3.071196060134051553e-01
3.258333333333332860e+01,-1.371440159378875812e-01
3.260416666666666430e+01,8.005321160959889826e-02
3.262500000000000000e+01,6.961924333879067062e-01
3.264583333333332860e+01,5.242208267190091586e-01
3.266666666666666430e+01,-1.759167645009936942e-01
3.268750000000000000e+01,-8.241861211131432108e-02
3.270833333333332860e+01,4.869683565441086381e-01
3.272916666666666430e+01,2.904428093829601876e-01
3.275000000000000000e+01,-3.806039155515625327e-01
3.277083333333332860e+01,-2.757447741752784842e-01
3.279166666666666430e+01,3.567809773882338886e-01
3.281250000000000000e+01,1.990174975170221905e-01
3.283333333333332860e+01,-4.563470901003378044e-01
3.285416666666666430e+01,-3.326002060010457284e-01
3.287500000000000000e+01,3.370817232855891077e-01
3.289583333333332860e+01,1.949428142419269427e-01
3.291666666666666430e+01,-4.536668200584506039e-01
3.293750000000000000e+01,-3.321759289605625276e-01
3.295833333333332860e+01,3.130944205937919445e-01
3.297916666666666430e+01,1.724617149035624630e-01
3.300000000000000000e+01,-4.655080478309098768e-01
3.302083333333332860e+01,-3.441421383919948673e-01
3.304166666666666430e+01,3.162682194502056121e-01
3.306250000000000000e+01,1.747905561115339901e-01
3.308333333333332860e+01,-4.741659245262073163e-01
3.310416666666666430e+01,-3.518548952585728862e-01
3.312500000000000000e+01,3.107854158266893374e-01
3.314583333333332860e+01,1.693926978415664919e-01
3.316666666666666430e+01,-4.772249054761571463e-01
3.318750000000000000e+01,-3.558618880432777853e-01
3.320833333333332860e+01,2.920256873731991165e-01
3.322916666666666430e+01,1.565443083333495355e-01
3.325000000000000000e+01,-4.790784262695809703e-01
3.327083333333332860e+01,-3.576126934823919967e-01
3.329166666666666430e+01,3.029717808172139870e-01
3.331250000000000000e+01,1.614770760745832812e-01
3.333333333333332860e+01,-4.889153575788122152e-01
3.335416666666666430e+01,-3.662581646454508566e-01
3.337500000000000000e+01,2.985071370352995190e-01
3.339583333333332860e+01,1.567090352591339331e-01
3.341666666666666430e+01,-2.196355036635015967e-01
3.343750000000000000e+01,8.455225473995575669e-02
3.345833333333332860e+01,5.786832063438417384e-01
3.347916666666666430e+01,3.386124282157729759e-01
3.350000000000000000e+01,-2.985984738909779890e-01
3.352083333333332860e+01,-1.773440061619671326e-01
3.354166666666666430e+01,4.824659732466314299e-01
3.356250000000000000e+01,3.409360518502720927e-01
3.358333333333332860e+01,-3.063078477058968629e-01
3.360416666666666430e+01,-1.849695354724024410e-01
3.362500000000000000e+01,4.732377209175933075e-01
3.364583333333332860e+01,3.465717239729512178e-01
3.366666666666666430e+01,-2.881071145663338107e-01
3.368750000000000000e+01,-1.667066468939438773e-01
3.370833333333332860e+01,4.952862736622062334e-01
3.372916666666666430e+01,3.529335231998607103e-01
3.375000000000000000e+01,-2.989643234761522050e-01
3.377083333333332860e+01,-1.763367460552655863e-01
3.379166666666666430e+01,4.888668882029243434e-01
3.381250000000000000e+01,3.456968634088480874e-01
3.383333333333332860e+01,-3.052846517677170746e-01
3.385416666666666430e+01,-1.953699982737616969e-01
3.387500000000000000e+01,1.954194411208533821e-01
3.389583333333332860e+01,-1.035144133787189724e-01
3.391666666666666430e+01,-5.713420190020904732e-01
3.393750000000000000e+01,-3.339867593328429418e-01
3.395833333333332860e+01,3.323695927466182587e-01
3.397916666666666430e+01,9.853749394963016162e-01
3.400000000000000000e+01,8.377000705149628690e-01
3.402083333333332860e+01,1.538808085637555223e-01
3.404166666666666430e+01,2.849083153772287158e-01
3.406250000000000000e+01,9.637882644574473634e-01
3.408333333333332860e+01,8.722353413474090988e-01
3.410416666666666430e+01,2.516543471741599092e-01
3.412500000000000000e+01,-3.898762525432020176e-01
3.414583333333332860e+01,-2.229545407765125553e-01
3.416666666666666430e+01,4.462252925564973438e-01
3.418750000000000000e+01,3.185192836600903021e-01
3.420833333333332860e+01,-3.089831463234682385e-01
3.422916666666666430e+01,-8.462682309967353156e-01
3.425000000000000000e+01,-6.114067722173391894e-01
3.427083333333332860e+01,7.949136465048478595e-02
3.429166666666666430e+01,-1.547272454565118416e-02
3.431250000000000000e+01,-6.293077969259511795e-01
3.433333333333332860e+01,-5.765623248412043989e-01
3.435416666666666430e+01,-1.255710949817818722e-01
3.437500000000000000e+01,-3.219931899136546649e-01
3.439583333333332860e+01,-9.355934600709135962e-01
3.441666666666666430e+01,-7.569381750757255833e-01
3.443750000000000000e+01,-6.453080837590109697e-02
3.445833333333332860e+01,-1.591970384944148553e-01
3.447916666666666430e+01,-5.696379996762457321e-01
3.450000000000000000e+01,-2.523431255790315464e-01
3.452083333333332860e+01,4.379216881786778814e-01
3.454166666666666430e+01,3.327139955615178724e-01
3.456250000000000000e+01,-2.839470990755650348e-01
3.458333333333332860e+01,-1.026098857324358460e-01
3.460416666666666430e+01,3.139303369080280737e-01
3.462500000000000000e+01,3.858593886163466657e-02
3.464583333333332860e+01,-4.554226562681229495e-01
3.466666666666666430e+01,-2.030580165938951631e-01
3.468750000000000000e+01,4.894636624078790854e-01
3.470833333333332860e+01,4.065223728689314475e-01
3.472916666666666430e+01,-2.098868008250429351e-01
3.475000000000000000e+01,-5.711055286875929560e-02
3.477083333333332860e+01,4.670181524626851877e-01
3.479166666666666430e+01,2.799050385436276933e-01
3.481250000000000000e+01,-3.365751171227887584e-01
3.483333333333332860e+01,-1.725164828779532922e-01
3.485416666666666430e+01,5.208460479864889248e-01
3.487500000000000000e+01,4.388823987628716616e-01
3.489583333333332860e+01,-1.769866704644086075e-01
3.491666666666666430e+01,-2.131692941736692548e-01
3.493750000000000000e+01,2.884827282651020730e-01
3.495833333333332860e+01,1.661670472700690071e-01
3.497916666666666430e+01,-4.485760614652925526e-01
3.500000000000000000e+01,-2.760646840134904911e-01
3.502083333333332860e+01,4.158759183181248709e-01
3.504166666666666430e+01,3.259100254757656412e-01
3.506250000000000000e+01,-2.882627794809222155e-01
3.508333333333332860e+01,-1.704660690328935746e-01
3.510416666666666430e+01,1.801371345030416959e-01
3.512500000000000000e+01,-1.140348553810546783e-01
3.514583333333332860e+01,-4.386592883987529556e-01
3.516666666666666430e+01,-6.742513578696036902e-02
3.518750000000000000e+01,1.963357508544866792e-01
3.520833333333332860e+01,-1.821026528377105436e-01
3.522916666666666430e+01,-1.484240933313259181e-01
3.525000000000000000e+01,3.080259850146022660e-01
3.527083333333332860e+01,1.141655482816007205e-01
3.529166666666666430e+01,-4.969064015159916914e-01
3.531250000000000000e+01,-3.270922533839553115e-01
3.533333333333332860e+01,3.532519006985689325e-01
3.535416666666666430e+01,2.555743274657378272e-01
3.537500000000000000e+01,-3.477025424970400236e-01
3.539583333333332860e+01,-1.795294613990253418e-01
3.541666666666666430e+01,4.991128748644294011e-01
3.543750000000000000e+01,4.041491328646931169e-01
3.545833333333332860e+01,-1.958479918431307032e-01
3.547916666666666430e+01,-2.835387311648375486e-02
3.550000000000000000e+01,2.558533363663332838e-01
3.552083333333332860e+01,-9.973861509360482103e-02
3.554166666666666430e+01,-7.346250187549140387e-01
3.556250000000000000e+01,-1.378540204914187273e+00
3.558333333333332860e+01,-1.271797639841413030e+00
3.560416666666666430e+01,-6.033077267793325316e-01
3.562500000000000000e+01,-4.319253960652345015e-01
3.564583333333332860e+01,-6.546771854964694715e-01
3.566666666666666430e+01,-3.887195035947244026e-01
3.568750000000000000e+01,2.780014867876503537e-01
3.570833333333332860e+01,1.475873572027179836e-01
3.572916666666666430e+01,-4.477350800134660691e-01
3.575000000000000000e+01,-2.908539877269469276e-01
3.577083333333332860e+01,3.760344285574261924e-01
3.579166666666666430e+01,7.222541970379039444e-01
3.581250000000000000e+01,4.012603758595962855e-01
3.583333333333332860e+01,2.904943689537093920e-01
3.585416666666666430e+01,7.786637726843448348e-01
3.587500000000000000e+01,6.596479612319835484e-01
3.589583333333332860e+01,2.300686098690374326e-02
3.591666666666666430e+01,1.845255935336120867e-01
3.593750000000000000e+01,8.581969884108384683e-01
3.595833333333332860e+01,7.515938841069951248e-01
3.597916666666666430e+01,1.116791816381245417e-01
3.600000000000000000e+01,2.634410117420562525e-01
3.602083333333332860e+01,7.106303685941419701e-01
3.604166666666666430e+01,4.478899018954938249e-01
3.606250000000000000e+01,-2.227641701244054695e-01
3.608333333333332860e+01,-1.043519268888190021e-01
3.610416666666666430e+01,5.311244170474282988e-01
3.612500000000000000e+01,3.840423753936597073e-01
3.614583333333332860e+01,-2.987780616470462891e-01
3.616666666666666430e+01,-2.039108064584654323e-01
3.618750000000000000e+01,4.211303638845106390e-01
3.620833333333332860e+01,2.593115440631168500e-01
3.622916666666666430e+01,-4.130566569919285058e-01
3.625000000000000000e+01,-3.119499757616401303e-01
3.627083333333332860e+01,3.224674593174480797e-01
3.629166666666666430e+01,1.906790332433301316e-01
3.631250000000000000e+01,-4.550109497416304216e-01
3.633333333333332860e+01,-3.418003003498417680e-01
3.635416666666666430e+01,3.300376823718336183e-01
3.637500000000000000e+01,2.139576532894434391e-01
3.639583333333332860e+01,-4.243082178851286246e-01
3.641666666666666430e+01,-2.886130340207996858e-01
3.643750000000000000e+01,1.705202040912220940e-01
3.645833333333332860e+01,-8.771628271007658739e-02
3.647916666666666430e+01,-7.150635422682760645e-01
3.650000000000000000e+01,-5.557030173880127544e-01
3.652083333333332860e+01,1.137280926251329483e-01
3.654166666666666430e+01,1.452617691173621606e-02
3.656250000000000000e+01,-4.669880475724015323e-01
3.658333333333332860e+01,-2.146598426474539134e-01
3.660416666666666430e+01,4.507805809303938038e-01
3.662500000000000000e+01,3.443376700357675402e-01
3.664583333333332860e+01,-3.089028106341532576e-01
3.666666666666666430e+01,-1.764551552979797266e-01
3.668750000000000000e+01,4.645571567484537701e-01
3.670833333333332860e+01,3.305668255408102385e-01
3.672916666666666430e+01,-3.465948440539804443e-01
3.675000000000000000e+01,-2.338205825203940325e-01
3.677083333333332860e+01,4.007296338936890967e-01
3.679166666666666430e+01,2.480760701128675305e-01
3.681250000000000000e+01,-4.377411314248567109e-01
3.683333333333332860e+01,-3.425994089911166274e-01
3.685416666666666430e+01,2.881071607669593027e-01
3.687500000000000000e+01,1.284189781147041798e-01
3.689583333333332860e+01,-2.266083576556032764e-01
3.691666666666666430e+01,8.742039654889863232e-02
3.693750000000000000e+01,4.884906879819032044e-01
3.695833333333332860e+01,1.930869020522360813e-01
3.697916666666666430e+01,-4.116791088153073375e-01
3.700000000000000000e+01,-2.511803389484440485e-01
3.702083333333332860e+01,3.946564247711183970e-01
3.704166666666666430e+01,2.640947016148572635e-01
3.706250000000000000e+01,-4.182912551906410314e-01
3.708333333333332860e+01,-2.770596858477864521e-01
3.710416666666666430e+01,3.872592867100607683e-01
3.712500000000000000e+01,2.723282353914002751e-01
3.714583333333332860e+01,-3.164272911996911519e-01
3.716666666666666430e+01,-1.587506764172724738e-01
3.718750000000000000e+01,4.751844815721845139e-01
3.720833333333332860e+01,3.726311560469705020e-01
3.722916666666666430e+01,-2.340298510364056950e-01
3.725000000000000000e+01,-8.942025442401317636e-02
3.727083333333332860e+01,3.905784178610627877e-01
3.729166666666666430e+01,1.457575242618304456e-01
3.731250000000000000e+01,-4.882386553888183878e-01
3.733333333333332860e+01,-3.575952080783515452e-01
3.735416666666666430e+01,3.025462589232601474e-01
3.737500000000000000e+01,1.642272661610657269e-01
3.739583333333332860e+01,-4.932825102016423768e-01
3.741666666666666430e+01,-3.841238701665240507e-01
3.743750000000000000e+01,2.497976121926226978e-01
3.745833333333332860e+01,9.294238966396319024e-02
3.747916666666666430e+01,-3.763398527995601706e-01
3.750000000000000000e+01,-1.319403953742583901e-01
3.752083333333332860e+01,4.910304642854581569e-01
3.754166666666666430e+01,3.439923757387305381e-01
3.756250000000000000e+01,-3.389843647122403048e-01
3.758333333333332860e+01,-2.224559405906449683e-01
3.760416666666666430e+01,4.109053459654826712e-01
3.762500000000000000e+01,2.854521980902418599e-01
3.764583333333332860e+01,-3.574800583959801825e-01
3.766666666666666430e+01,-2.173579630627519854e-01
3.768750000000000000e+01,4.368109509347871677e-01
3.770833333333332860e+01,3.313612427385714265e-01
3.772916666666666430e+01,-3.001012445093047543e-01
3.775000000000000000e+01,-1.432463814031931237e-01
3.777083333333332860e+01,5.460758792432076625e-01
3.779166666666666430e+01,4.435854706014192850e-01
3.781250000000000000e+01,-1.790047600266347905e-01
3.783333333333332860e+01,-2.849836956829090440e-01
3.785416666666666430e+01,2.217944157616593137e-01
3.787500000000000000e+01,1.003413354048494910e-01
3.789583333333332860e+01,-5.320907978434126218e-01
3.791666666666666430e+01,-4.103693135935617686e-01
3.793750000000000000e+01,2.286469215295049429e-01
3.795833333333332860e+01,9.042533900878382824e-02
3.797916666666666430e+01,-5.674785148929332168e-01
3.800000000000000000e+01,-4.650060518265035636e-01
3.802083333333332860e+01,1.607729394385041810e-01
3.804166666666666430e+01,8.877141456613657500e-02
3.806250000000000000e+01,-2.792358466029245534e-01
3.808333333333332860e+01,5.656864722275667390e-03
3.810416666666666430e+01,4.876073232114213063e-01
3.812500000000000000e+01,2.435593174073294176e-01
3.814583333333332860e+01,-4.266734100709339561e-01
3.816666666666666430e+01,-3.039474026470626589e-01
3.818750000000000000e+01,3.308312834351513909e-01
3.820833333333332860e+01,2.168323694401020907e-01
3.822916666666666430e+01,-3.224662600194277973e-01
3.825000000000000000e+01,-1.044319741793290346e-01
3.827083333333332860e+01,5.689316572816551787e-01
3.829166666666666430e+01,4.659983626293390802e-01
3.831250000000000000e+01,-1.504995574369449585e-01
3.833333333333332860e+01,8.930205806705039662e-03
3.835416666666666430e+01,4.298794768236895436e-01
3.837500000000000000e+01,1.441646233710444369e-01
3.839583333333332860e+01,-4.796251754478568774e-01
3.841666666666666430e+01,-3.348703708919283928e-01
3.843750000000000000e+01,3.320471211851584448e-01
3.845833333333332860e+01,2.069160022993341008e-01
3.847916666666666430e+01,-4.351950909335879913e-01
3.850000000000000000e+01,-3.258527811954342046e-01
3.852083333333332860e+01,3.117070861692516903e-01
3.854166666666666430e+01,1.608865170606526562e-01
3.856250000000000000e+01,-4.776747306267689064e-01
3.858333333333332860e+01,-3.551789840062106740e-01
3.860416666666666430e+01,2.619451580325254936e-01
3.862500000000000000e+01,1.458846563837771781e-01
3.864583333333332860e+01,-2.202820294993110273e-01
3.866666666666666430e+01,8.124070264229923954e-02
3.868750000000000000e+01,4.682625352918009520e-01
3.870833333333332860e+01,1.649426824130239833e-01
3.872916666666666430e+01,-3.839347604528679514e-01
3.875000000000000000e+01,-1.650070734200683731e-01
3.877083333333332860e+01,4.870752943871311524e-01
3.879166666666666430e+01,3.745568089536907008e-01
3.881250000000000000e+01,-2.635942825665237299e-01
3.883333333333332860e+01,-1.281040112665295660e-01
3.885416666666666430e+01,5.332659223676665672e-01
3.887500000000000000e+01,4.346582163876255289e-01
3.889583333333332860e+01,-1.832862577200033427e-01
3.891666666666666430e+01,-2.291964966948309423e-01
3.893750000000000000e+01,2.625633593602259563e-01
3.895833333333332860e+01,4.277112518304638789e-01
3.897916666666666430e+01,-1.337539435694246048e-02
3.900000000000000000e+01,1.292674303973287420e-01
3.902083333333332860e+01,4.101376528981318659e-01
3.904166666666666430e+01,1.968665193686036652e-02
3.906250000000000000e+01,-2.831430830609555915e-01
3.908333333333332860e+01,4.988264283397036980e-02
3.910416666666666430e+01,7.039269544947179824e-02
3.912500000000000000e+01,-4.816834587409725699e-01
3.914583333333332860e+01,-3.812136880440950004e-01
3.916666666666666430e+01,2.357146788340614418e-01
3.918750000000000000e+01,7.601388463354885605e-02
3.920833333333332860e+01,-5.927786101791061579e-01
3.922916666666666430e+01,-4.947255675605328751e-01
3.925000000000000000e+01,1.359272710209309953e-01
3.927083333333332860e+01,1.199067337835910130e-02
3.929166666666666430e+01,-3.379377228269628830e-01
3.931250000000000000e+01,-3.076664400302431962e-02
3.933333333333332860e+01,3.763467762568865616e-01
3.935416666666666430e+01,8.288037498645574319e-02
3.937500000000000000e+01,-4.915512577115130899e-01
3.939583333333332860e+01,-3.052861716373805878e-01
3.941666666666666430e+01,3.545214068346154157e-01
3.943750000000000000e+01,2.413749829637743538e-01
3.945833333333332860e+01,-3.780582173770031806e-01
3.947916666666666430e+01,-2.129144722269313283e-01
3.950000000000000000e+01,4.596992529433883146e-01
3.952083333333332860e+01,3.582247449040703025e-01
3.954166666666666430e+01,-2.767570748109504652e-01
3.956250000000000000e+01,-1.272236331823297650e-01
3.958333333333332860e+01,4.544496805596442424e-01
3.960416666666666430e+01,2.874472557843823495e-01
3.962500000000000000e+01,-3.846440365563434938e-01
3.964583333333332860e+01,-2.708699014957662299e-01
3.966666666666666430e+01,3.793673528122879501e-01
3.968750000000000000e+01,2.415619809639018567e-01
3.970833333333332860e+01,-4.360980561011760237e-01
3.972916666666666430e+01,-3.358155624826024699e-01
3.975000000000000000e+01,2.892679752926228254e-01
3.977083333333332860e+01,1.279193639080813960e-01
3.979166666666666430e+01,-5.408671442885489844e-01
3.981250000000000000e+01,-4.383838632558615944e-01
3.983333333333332860e+01,2.007915216894310961e-01
3.985416666666666430e+01,5.538319439259004051e-02
3.987500000000000000e+01,-3.452902344172696369e-01
3.989583333333332860e+01,-5.132287188077724882e-02
3.991666666666666430e+01,5.510927909434748528e-01
3.993750000000000000e+01,3.893597942191813210e-01
3.995833333333332860e+01,-2.440944587274632704e-01
3.997916666666666430e+01,-8.953432675089710580e-02
4.000000000000000000e+01,4.374956758870690576e-01
4.002083333333332860e+01,2.359472243340946240e-01
4.004166666666666430e+01,-3.955850031125693889e-01
4.006250000000000000e+01,-2.353168341257739216e-01
4.008333333333332860e+01,4.319275118916923728e-01
4.010416666666666430e+01,3.235463886604856842e-01
4.012500000000000000e+01,-3.322548096838867648e-01
4.014583333333332860e+01,-2.059846954497898119e-01
4.016666666666666430e+01,3.607652706739118420e-01
4.018750000000000000e+01,1.738063283383819990e-01
4.020833333333332860e+01,-4.878888266544847419e-01
4.022916666666666430e+01,-3.686496006322595997e-01
4.025000000000000000e+01,2.655471153928247174e-01
4.027083333333332860e+01,1.006996190671123337e-01
4.029166666666666430e+01,-5.791594809041530345e-01
4.031250000000000000e+01,-4.765973840278020512e-01
4.033333333333332860e+01,1.557472922137024818e-01
4.035416666666666430e+01,9.644054560283446542e-02
4.037500000000000000e+01,-2.689980451599962574e-01
4.039583333333332860e+01,-3.211896819739823439e-03
4.041666666666666430e+01,5.139278639479164523e-01
4.043750000000000000e+01,2.968385025924257237e-01
4.045833333333332860e+01,-3.883706533764221813e-01
4.047916666666666430e+01,-2.733740968636920732e-01
4.050000000000000000e+01,3.619115830216974583e-01
4.052083333333332860e+01,2.342694262551429374e-01
4.054166666666666430e+01,-4.199333878689054944e-01
4.056250000000000000e+01,-2.858433106898022324e-01
4.058333333333332860e+01,3.685516805996539857e-01
4.060416666666666430e+01,2.614686419089013447e-01
4.062500000000000000e+01,-2.874227362409546571e-01
4.064583333333332860e+01,-7.360803209386149182e-02
4.066666666666666430e+01,6.186215362100404569e-01
4.068750000000000000e+01,5.137470347705093143e-01
4.070833333333332860e+01,-1.112438849894056836e-01
4.072916666666666430e+01,3.972929561830343403e-02
4.075000000000000000e+01,3.684104340629622554e-01
4.077083333333332860e+01,1.280243727845931101e-02
4.079166666666666430e+01,1.484606464282487992e-01
4.081250000000000000e+01,7.757148846758563643e-01
4.083333333333332860e+01,6.291008111747523612e-01
4.085416666666666430e+01,-4.095313434017189280e-02
4.087500000000000000e+01,6.836819582902164960e-02
4.089583333333332860e+01,6.921319164934328638e-01
4.091666666666666430e+01,5.197841544679309145e-01
4.093750000000000000e+01,-1.640858456956000300e-01
4.095833333333332860e+01,-1.905405223933465120e-01
4.097916666666666430e+01,1.756211755116734441e-01
4.100000000000000000e+01,-1.102434091382984427e-01
4.102083333333332860e+01,-7.595599089629754275e-01
4.104166666666666430e+01,-6.233008902110724891e-01
4.106250000000000000e+01,2.907355654948984292e-02
4.108333333333332860e+01,-1.254028446861964463e-01
4.110416666666666430e+01,-6.852345034226494658e-01
4.112500000000000000e+01,-4.864170542431731636e-01
4.114583333333332860e+01,1.737991247510128068e-01
4.116666666666666430e+01,3.323612910612899762e-02
4.118750000000000000e+01,-5.968367781084495949e-01
4.120833333333332860e+01,-4.507783575002414778e-01
4.122916666666666430e+01,2.162088160901841638e-01
4.125000000000000000e+01,8.924024948357786591e-02
4.127083333333332860e+01,-5.372092941528765486e-01
4.129166666666666430e+01,-3.850888941216318306e-01
4.131250000000000000e+01,2.741034582428774069e-01
4.133333333333332860e+01,1.648527828446679222e-01
4.135416666666666430e+01,-4.643311672806664792e-01
4.137500000000000000e+01,-3.004624056763554041e-01
4.139583333333332860e+01,3.801345218297565998e-01
4.141666666666666430e+01,2.719757669342646178e-01
4.143750000000000000e+01,-3.678548391328184120e-01
4.145833333333332860e+01,-2.065434361721273371e-01
4.147916666666666430e+01,4.506596247903427166e-01
4.150000000000000000e+01,3.217763874265218149e-01
4.152083333333332860e+01,-3.408280339069278964e-01
4.154166666666666430e+01,-2.085815432489969701e-01
4.156250000000000000e+01,4.200715692012239044e-01
4.158333333333332860e+01,2.714418623498947580e-01
4.160416666666666430e+01,-3.544627382309075148e-01
4.162500000000000000e+01,-2.085520629164939743e-01
4.164583333333332860e+01,4.068932633121441489e-01
4.166666666666666430e+01,2.507553403011960058e-01
4.168750000000000000e+01,-2.510419966540731185e-01
4.170833333333332860e+01,-4.983662566755281409e-02
4.172916666666666430e+01,5.730098441855329128e-01
4.175000000000000000e+01,4.171310569254900180e-01
4.177083333333332860e+01,-2.486691735940898540e-01
4.179166666666666430e+01,-1.388705488986272940e-01
4.181250000000000000e+01,5.153053370467636229e-01
4.183333333333332860e+01,3.761654678745495750e-01
4.185416666666666430e+01,-2.594351261639852302e-01
4.187500000000000000e+01,-1.137340925254933244e-01
4.189583333333332860e+01,3.442221701481237295e-01
4.191666666666666430e+01,8.199397800386121204e-02
4.193750000000000000e+01,-5.470098832233413200e-01
4.195833333333332860e+01,-3.939255788403672187e-01
4.197916666666666430e+01,2.838059073258051845e-01
4.200000000000000000e+01,1.920362444879135377e-01
4.202083333333332860e+01,-4.310633801533069742e-01
4.204166666666666430e+01,-2.738331044586632679e-01
4.206250000000000000e+01,3.933133953406836580e-01
4.208333333333332860e+01,2.899266056363513089e-01
4.210416666666666430e+01,-3.579356397923373900e-01
4.212500000000000000e+01,-2.206510354618715919e-01
4.214583333333332860e+01,3.278880434399468191e-01
4.216666666666666430e+01,1.269041974342549339e-01
4.218750000000000000e+01,-5.510696472353777686e-01
4.220833333333332860e+01,-4.422974582432420143e-01
4.222916666666666430e+01,1.838487725010941598e-01
4.225000000000000000e+01,1.556533617580312112e-02
4.227083333333332860e+01,-4.897012906399620946e-01
4.229166666666666430e+01,-2.737134784061918125e-01
4.231250000000000000e+01,3.554633316893357486e-01
4.233333333333332860e+01,2.030242390277755549e-01
4.235416666666666430e+01,-4.607952234095679112e-01
4.237500000000000000e+01,-3.575002662480818438e-01
4.239583333333332860e+01,3.086893341103967847e-01
4.241666666666666430e+01,1.921342889573788570e-01
4.243750000000000000e+01,-2.057948588944927548e-01
4.245833333333332860e+01,1.000144127135590977e-01
4.247916666666666430e+01,5.865995028284751722e-01
4.250000000000000000e+01,3.601671074787466953e-01
4.252083333333332860e+01,-2.656549206610419045e-01
4.254166666666666430e+01,-1.022763445760340451e-01
4.256250000000000000e+01,5.721392178111401883e-01
4.258333333333332860e+01,4.676459000646775443e-01
4.260416666666666430e+01,-1.715615323861194030e-01
4.262500000000000000e+01,-5.064270623034491936e-02
4.264583333333332860e+01,2.627641558860877025e-01
4.266666666666666430e+01,-7.747678910176519773e-02
4.268750000000000000e+01,-3.484277737571785383e-01
4.270833333333332860e+01,-7.511227355969269937e-01
4.272916666666666430e+01,-6.104028833760244410e-01
4.275000000000000000e+01,1.928507479338625874e-02
4.277083333333332860e+01,-1.290400835158457826e-01
4.279166666666666430e+01,-7.651327235965703633e-01
4.281250000000000000e+01,-6.321814600940295348e-01
4.283333333333332860e+01,5.312993555814082836e-02
4.285416666666666430e+01,-5.131515690421806219e-02
4.287500000000000000e+01,-2.931402963158677988e-01
4.289583333333332860e+01,1.428856989764941687e-01
4.291666666666666430e+01,2.936515324325221776e-01
4.293750000000000000e+01,-1.738654776891378484e-01
4.295833333333332860e+01,-2.769232859978587591e-02
4.297916666666666430e+01,6.577515491138403725e-01
4.300000000000000000e+01,5.446100011525671913e-01
4.302083333333332860e+01,-9.191708384018387745e-02
4.304166666666666430e+01,3.911729836535832172e-02
4.306250000000000000e+01,7.017318891660704328e-01
4.308333333333332860e+01,5.729678736328730482e-01
4.310416666666666430e+01,-7.503136973613235006e-02
4.312500000000000000e+01,3.117557610912428251e-02
4.314583333333332860e+01,4.043200968816699215e-01
4.316666666666666430e+01,7.059816103859077596e-02
4.318750000000000000e+01,-3.652191513967782965e-01
4.320833333333332860e+01,-9.707952546812004258e-02
4.322916666666666430e+01,5.250358549963315413e-01
4.325000000000000000e+01,3.577930778618398922e-01
4.327083333333332860e+01,-3.261621596605707163e-01
4.329166666666666430e+01,-2.089220122139457403e-01
4.331250000000000000e+01,4.134515768263211100e-01
4.333333333333332860e+01,2.616075921141254312e-01
4.335416666666666430e+01,-4.119090147034890625e-01
4.337500000000000000e+01,-2.828671700934451971e-01
4.339583333333332860e+01,3.605473941833439167e-01
4.341666666666666430e+01,2.417314961365651937e-01
4.343750000000000000e+01,-4.057583893512352047e-01
4.345833333333332860e+01,-2.527798000576899629e-01
4.347916666666666430e+01,3.840801741653164791e-01
4.350000000000000000e+01,2.527864878665088688e-01
4.352083333333332860e+01,-3.803171880997996412e-01
4.354166666666666430e+01,-2.167612253988790982e-01
4.356250000000000000e+01,2.230883872395493794e-01
4.358333333333332860e+01,-4.921832370393258715e-02
4.360416666666666430e+01,-6.559278538516996049e-01
4.362500000000000000e+01,-4.917888926097767066e-01
4.364583333333332860e+01,1.883795965661821670e-01
4.366666666666666430e+01,6.911515560379075107e-02
4.368750000000000000e+01,-4.576312675878932423e-01
4.370833333333332860e+01,-2.617408367951798986e-01
4.372916666666666430e+01,3.897852413865331989e-01
4.375000000000000000e+01,2.420957122750614643e-01
4.377083333333332860e+01,-4.166551177432111785e-01
4.379166666666666430e+01,-3.069192214853543876e-01
4.381250000000000000e+01,3.306967904216233101e-01
4.383333333333332860e+01,1.988364842387650433e-01
4.385416666666666430e+01,-1.634693011829417286e-01
4.387500000000000000e+01,1.451852496426809247e-01
4.389583333333332860e+01,5.229811449092272024e-01
4.391666666666666430e+01,1.986975494749032567e-01
4.393750000000000000e+01,-2.841373176420588509e-01
4.395833333333332860e+01,-4.269997250604476435e-02
4.397916666666666430e+01,5.843299672155397584e-01
4.400000000000000000e+01,4.382396082866413800e-01
4.402083333333332860e+01,-2.405364364647820941e-01
4.404166666666666430e+01,-1.102181862075405916e-01
4.406250000000000000e+01,5.383086981122030545e-01
4.408333333333332860e+01,4.205518501591919978e-01
4.410416666666666430e+01,-2.241789435520500362e-01
4.412500000000000000e+01,-1.210999773184588402e-01
4.414583333333332860e+01,2.050851533124899984e-01
4.416666666666666430e+01,-1.028477188126259989e-01
4.418750000000000000e+01,-4.456446822477002079e-01
4.420833333333332860e+01,-1.173825523822379091e-01
4.422916666666666430e+01,2.280503027062776578e-01
4.425000000000000000e+01,-9.817122004318595829e-02
4.427083333333332860e+01,-4.409199136087574855e-01
4.429166666666666430e+01,-1.051037123363228049e-01
4.431250000000000000e+01,2.520922602188617745e-01
4.433333333333332860e+01,-8.682703823400213239e-02
4.435416666666666430e+01,-3.927362232299512756e-01
4.437500000000000000e+01,-5.200207576640461515e-02
4.439583333333332860e+01,2.172654440074769933e-01
4.441666666666666430e+01,-1.821264822667286176e-01
4.443750000000000000e+01,-1.241978869395379131e-01
4.445833333333332860e+01,3.187429652196773211e-01
4.447916666666666430e+01,6.272605671471545574e-02
4.450000000000000000e+01,-5.385380113340512143e-01
4.452083333333332860e+01,-3.942191211601526191e-01
4.454166666666666430e+01,2.396681120050059566e-01
4.456250000000000000e+01,8.467923986518452462e-02
4.458333333333332860e+01,-2.486178543459016677e-01
4.460416666666666430e+01,8.339998519531133248e-02
4.462500000000000000e+01,4.014779862416813505e-01
4.464583333333332860e+01,3.596314021337951305e-02
4.466666666666666430e+01,-4.700810204208650811e-01
4.468750000000000000e+01,-2.409097270034807892e-01
4.470833333333332860e+01,3.844995721957658041e-01
4.472916666666666430e+01,2.373310986721236526e-01
4.475000000000000000e+01,-4.386653630344620192e-01
4.477083333333332860e+01,-3.069727025228173312e-01
4.479166666666666430e+01,3.418959236861218720e-01
4.481250000000000000e+01,2.268962236040559521e-01
4.483333333333332860e+01,-2.701313828658727934e-01
4.485416666666666430e+01,-2.319598901569425164e-02
4.487500000000000000e+01,6.546153020913190179e-01
4.489583333333332860e+01,5.563033058834668809e-01
4.491666666666666430e+01,-6.436246817584272140e-02
4.493750000000000000e+01,-3.294636295004262083e-02
4.495833333333332860e+01,3.866726151902873942e-01
4.497916666666666430e+01,1.474239710970793038e-01
4.500000000000000000e+01,-4.871128479413119328e-01
4.502083333333332860e+01,-3.571440132918946020e-01
4.504166666666666430e+01,2.931727793852282882e-01
4.506250000000000000e+01,1.528606119271514185e-01
4.508333333333332860e+01,-5.033359096143819045e-01
4.510416666666666430e+01,-3.956499885465710187e-01
4.512500000000000000e+01,2.375360086428834894e-01
4.514583333333332860e+01,1.163866849775828938e-01
4.516666666666666430e+01,-2.388335176961186856e-01
4.518750000000000000e+01,7.004746315411750079e-02
4.520833333333332860e+01,4.263788209333706503e-01
4.522916666666666430e+01,9.560889699377275730e-02
4.525000000000000000e+01,-3.008828704062279091e-01
4.527083333333332860e+01,6.163372202899392027e-03
4.529166666666666430e+01,4.625162411099800197e-01
4.531250000000000000e+01,2.213562881863254117e-01
4.533333333333332860e+01,-4.275881553292524284e-01
4.535416666666666430e+01,-2.898379273055821104e-01
4.537500000000000000e+01,3.626785725897643253e-01
4.539583333333332860e+01,2.558965331111101582e-01
4.541666666666666430e+01,-3.783427482030605749e-01
4.543750000000000000e+01,-2.261000944740647056e-01
4.545833333333332860e+01,4.547737105865768958e-01
4.547916666666666430e+01,3.573627138911848466e-01
4.550000000000000000e+01,-2.636658703686174388e-01
4.552083333333332860e+01,-1.178240140903612510e-01
4.554166666666666430e+01,4.027947982310664532e-01
4.556250000000000000e+01,1.799344963432590039e-01
4.558333333333332860e+01,-4.508506954802874445e-01
4.560416666666666430e+01,-3.223498299587058691e-01
4.562500000000000000e+01,3.244347798199014865e-01
4.564583333333332860e+01,1.964509181809867555e-01
4.566666666666666430e+01,-4.507309669009693098e-01
4.568750000000000000e+01,-3.345548572331256687e-01
4.570833333333332860e+01,3.034072676186548856e-01
4.572916666666666430e+01,1.535889556855243865e-01
4.575000000000000000e+01,-5.368860524417551350e-01
4.577083333333332860e+01,-4.392703473953417648e-01
4.579166666666666430e+01,1.886800733154168075e-01
4.581250000000000000e+01,4.163615665639855412e-02
4.583333333333332860e+01,-2.936474084449289257e-01
4.585416666666666430e+01,5.655571446896370813e-02
4.587500000000000000e+01,3.805017748336524397e-01
4.589583333333332860e+01,4.380710172367784094e-02
4.591666666666666430e+01,-2.157324990069847681e-01
4.593750000000000000e+01,2.001051031899123700e-01
4.595833333333332860e+01,1.506037423570269485e-01
4.597916666666666430e+01,-2.937382440121895644e-01
4.600000000000000000e+01,-4.148154111362417629e-02
4.602083333333332860e+01,6.281434687718978616e-01
4.604166666666666430e+01,5.268085883847932749e-01
4.606250000000000000e+01,-9.885978048687091291e-02
4.608333333333332860e+01,-2.215076834381009274e-01
4.610416666666666430e+01,2.591489266474388264e-01
4.612500000000000000e+01,1.596678886170023459e-01
4.614583333333332860e+01,-4.880502039565071115e-01
4.616666666666666430e+01,-3.552401318322052082e-01
4.618750000000000000e+01,2.861261506712329261e-01
4.620833333333332860e+01,1.500597013613810815e-01
4.622916666666666430e+01,-5.313950439930636982e-01
4.625000000000000000e+01,-4.244824285392229113e-01
4.627083333333332860e+01,2.075707119685946678e-01
4.629166666666666430e+01,3.853207083856216575e-02
4.631250000000000000e+01,-2.624768523376869722e-01
4.633333333333332860e+01,9.854492454690191861e-02
4.635416666666666430e+01,3.017314156365789035e-01
4.637500000000000000e+01,-1.466872571905818434e-01
4.639583333333332860e+01,-2.671211434451230271e-02
4.641666666666666430e+01,4.955727487379044671e-01
4.643750000000000000e+01,2.973986080426019862e-01
4.645833333333332860e+01,-3.476781624345276489e-01
4.647916666666666430e+01,-2.157411816018559025e-01
4.650000000000000000e+01,4.367367539339161997e-01
4.652083333333332860e+01,3.328633132992199206e-01
4.654166666666666430e+01,-2.956418427391353521e-01
4.656250000000000000e+01,-1.375938552228361256e-01
4.658333333333332860e+01,4.327317216309622960e-01
4.660416666666666430e+01,2.463711318015698593e-01
4.662500000000000000e+01,-3.781787768690668128e-01
4.664583333333332860e+01,-2.284404988697113503e-01
4.666666666666666430e+01,2.805906286950762274e-01
4.668750000000000000e+01,4.637855367831758557e-02
4.670833333333332860e+01,-5.906557258246705189e-01
4.672916666666666430e+01,-4.739521422281552931e-01
4.675000000000000000e+01,1.667047206059867337e-01
4.677083333333332860e+01,1.557061983626856216e-02
4.679166666666666430e+01,-4.823624238703262401e-01
4.681250000000000000e+01,-2.659703328903329500e-01
4.683333333333332860e+01,3.549603341932942024e-01
4.685416666666666430e+01,1.986104474774880724e-01
4.687500000000000000e+01,-4.904977500928990874e-01
4.689583333333332860e+01,-3.863727977362012567e-01
4.691666666666666430e+01,2.430236638801259730e-01
4.693750000000000000e+01,3.201466975992400266e-01
4.695833333333332860e+01,-2.126665629296496940e-01
4.697916666666666430e+01,-7.792455113662943855e-02
4.700000000000000000e+01,5.773097225060612736e-01
4.702083333333332860e+01,4.625570956336456652e-01
4.704166666666666430e+01,-1.762719381817275388e-01
4.706250000000000000e+01,-2.358166351451024267e-02
4.708333333333332860e+01,6.548965942086060199e-01
4.710416666666666430e+01,5.588370602825174505e-01
4.712500000000000000e+01,-7.685572445512128814e-02
4.714583333333332860e+01,-2.503671259159862550e-01
4.716666666666666430e+01,2.312355912375489986e-01
4.718750000000000000e+01,1.163265220328737470e-01
4.720833333333332860e+01,-5.224510925361756097e-01
4.722916666666666430e+01,-3.961270961964247217e-01
4.725000000000000000e+01,2.568182491515893506e-01
4.727083333333332860e+01,1.244211837861381176e-01
4.729166666666666430e+01,-5.295727434479904350e-01
4.731250000000000000e+01,-4.224663585587375980e-01
4.733333333333332860e+01,2.077484129771041688e-01
4.735416666666666430e+01,4.719416525566448584e-02
4.737500000000000000e+01,-2.673039260529541661e-01
4.739583333333332860e+01,8.985005370788848311e-02
4.741666666666666430e+01,3.086207228414162840e-01
4.743750000000000000e+01,-1.112166710785897072e-01
4.745833333333332860e+01,-2.121721939781537336e-03
4.747916666666666430e+01,4.391675341046456515e-01
4.750000000000000000e+01,1.551110463212120594e-01
4.752083333333332860e+01,-4.850962351838988273e-01
4.754166666666666430e+01,-3.431709015333661572e-01
4.756250000000000000e+01,3.296908324951202673e-01
4.758333333333332860e+01,2.149899612738255250e-01
4.760416666666666430e+01,-4.096443522612106536e-01
4.762500000000000000e+01,-2.481729403427812841e-01
4.764583333333332860e+01,4.200665540592878333e-01
4.766666666666666430e+01,3.173540182398106868e-01
4.768750000000000000e+01,-3.124641613637766935e-01
4.770833333333332860e+01,-1.513216405900120465e-01
4.772916666666666430e+01,5.181475172895231296e-01
4.775000000000000000e+01,4.007590946951504751e-01
4.777083333333332860e+01,-2.467413357087159531e-01
4.779166666666666430e+01,-9.850177889176182922e-02
4.781250000000000000e+01,4.246368944927860767e-01
4.783333333333332860e+01,2.029046706606179029e-01
4.785416666666666430e+01,-4.675596204776650833e-01
4.787500000000000000e+01,-3.564625125083943358e-01
4.789583333333332860e+01,2.621450720398525447e-01
4.791666666666666430e+01,9.428150298134140017e-02
4.793750000000000000e+01,-5.799341154247730223e-01
4.795833333333332860e+01,-4.805250922337219732e-01
4.797916666666666430e+01,1.476057460850396796e-01
4.800000000000000000e+01,2.131852998275947375e-01
4.802083333333332860e+01,-3.026600719547353213e-01
4.804166666666666430e+01,-1.947914434554124941e-01
4.806250000000000000e+01,4.577270766843695160e-01
4.808333333333332860e+01,3.275564900291778048e-01
4.810416666666666430e+01,-3.061896791536410367e-01
4.812500000000000000e+01,-1.602811144665205467e-01
4.814583333333332860e+01,5.172927312795713162e-01
4.816666666666666430e+01,4.146444110006444195e-01
4.818750000000000000e+01,-2.073085330980342367e-01
4.820833333333332860e+01,-4.260491492381698886e-02
4.822916666666666430e+01,4.009671732634902952e-01
4.825000000000000000e+01,1.493670636754499959e-01
4.827083333333332860e+01,-4.857600453630470660e-01
4.829166666666666430e+01,-3.379259866346458474e-01
4.831250000000000000e+01,3.128127695866453895e-01
4.833333333333332860e+01,1.907109243968675427e-01
4.835416666666666430e+01,-4.820418299899019154e-01
4.837500000000000000e+01,-3.672472465406615982e-01
4.839583333333332860e+01,2.728231481579495021e-01
4.841666666666666430e+01,1.299322286351121125e-01
4.843750000000000000e+01,-4.553555081166054119e-01
4.845833333333332860e+01,-2.907362516988297729e-01
4.847916666666666430e+01,3.360732848940733986e-01
4.850000000000000000e+01,1.716073132930885925e-01
4.852083333333332860e+01,-3.246013492851387294e-01
4.854166666666666430e+01,-1.053715496016114639e-01
4.856250000000000000e+01,5.328365551588145621e-01
4.858333333333332860e+01,4.071615407494957317e-01
4.860416666666666430e+01,-2.320721138490341173e-01
4.862500000000000000e+01,-1.084638152371189268e-01
4.864583333333332860e+01,5.679990443820917001e-01
4.866666666666666430e+01,4.549384305006883844e-01
4.868750000000000000e+01,-1.801202531899008252e-01
4.870833333333332860e+01,-2.409593698982893661e-01
4.872916666666666430e+01,2.822389959688675898e-01
4.875000000000000000e+01,1.753843627359913393e-01
4.877083333333332860e+01,-4.482291552107969812e-01
4.879166666666666430e+01,-2.898269522440657386e-01
4.881250000000000000e+01,3.758199601114665667e-01
4.883333333333332860e+01,2.719299973559184402e-01
4.885416666666666430e+01,-3.622863701776165013e-01
4.887500000000000000e+01,-2.102116244904927711e-01
4.889583333333332860e+01,1.559316749259738455e-01
4.891666666666666430e+01,-1.643232775352281294e-01
4.893750000000000000e+01,-4.937569645215693637e-01
4.895833333333332860e+01,-1.475600120048698727e-01
4.897916666666666430e+01,2.188736594969245552e-01
4.900000000000000000e+01,-1.134063650346209540e-01
4.902083333333332860e+01,-3.834131770509731085e-01
4.904166666666666430e+01,-2.392676985843075754e-02
4.906250000000000000e+01,1.621672118916488992e-01
4.908333333333332860e+01,-2.748480359417529995e-01
4.910416666666666430e+01,-1.482676091058568735e-01
4.912500000000000000e+01,4.740543544167220569e-01
4.914583333333332860e+01,3.154122788912719355e-01
4.916666666666666430e+01,-3.634050396409825301e-01
4.918750000000000000e+01,-2.690675095263556638e-01
4.920833333333332860e+01,3.582133034282307116e-01
4.922916666666666430e+01,1.977385014312606215e-01
4.925000000000000000e+01,-4.726551734849725461e-01
4.927083333333332860e+01,-3.628382812807706692e-01
4.929166666666666430e+01,2.873695906525636223e-01
4.931250000000000000e+01,1.461393724284158757e-01
4.933333333333332860e+01,-2.252349517312957072e-01
4.935416666666666430e+01,9.699466089101413391e-02
4.937500000000000000e+01,4.978073137671890080e-01
4.939583333333332860e+01,2.072714112098170691e-01
