0.000000000000000000e+00,-2.341675136612099710e-04
2.083333333333333218e-02,-2.779672931122377077e-03
4.166666666666666435e-02,-1.005126873505447077e-02
6.250000000000000000e-02,-2.070863022170783482e-02
8.333333333333332871e-02,-3.231584987962715649e-02
1.041666666666666574e-01,-4.602362705344004157e-02
1.250000000000000000e-01,-6.302722204309027521e-02
1.458333333333333148e-01,-8.160519907337669687e-02
1.666666666666666574e-01,-9.944417737531183188e-02
1.875000000000000000e-01,-1.175055974182765833e-01
2.083333333333333148e-01,-1.356342359056099123e-01
2.291666666666666574e-01,-1.518892003835620452e-01
2.500000000000000000e-01,-1.673810488132801144e-01
2.708333333333333148e-01,-1.828559984773399094e-01
2.916666666666666297e-01,-1.965512104586581710e-01
3.125000000000000000e-01,-2.070083482567988686e-01
3.333333333333333148e-01,-2.156596614861950312e-01
3.541666666666666297e-01,-2.249129289239671092e-01
3.750000000000000000e-01,-2.334044946427451250e-01
3.958333333333333148e-01,-2.387631902293352870e-01
4.166666666666666297e-01,-2.420566454801783285e-01
4.375000000000000000e-01,-2.455023386873950997e-01
4.583333333333333148e-01,-2.478514673314417827e-01
4.791666666666666297e-01,-2.466198026415735711e-01
5.000000000000000000e-01,-2.429736416953241218e-01
5.208333333333332593e-01,-2.393680286936838431e-01
5.416666666666666297e-01,-2.359587991314414657e-01
5.625000000000000000e-01,-2.309476213427284763e-01
5.833333333333332593e-01,-2.256354633269464505e-01
6.041666666666666297e-01,-2.223712878486089894e-01
6.250000000000000000e-01,-2.200963291930615462e-01
6.458333333333332593e-01,-2.165361358502237432e-01
6.666666666666666297e-01,-2.129709774199574079e-01
6.875000000000000000e-01,-2.119046581542921304e-01
7.083333333333332593e-01,-2.121999344997749226e-01
7.291666666666666297e-01,-2.115908165374742467e-01
7.500000000000000000e-01,-2.109965394362099678e-01
7.708333333333332593e-01,-2.115957238890112391e-01
7.916666666666666297e-01,-2.117625213651893878e-01
8.125000000000000000e-01,-2.102364813867417526e-01
8.333333333333332593e-01,-2.086053664965586973e-01
8.541666666666666297e-01,-2.091574579084663210e-01
8.750000000000000000e-01,-2.106342222890337790e-01
8.958333333333332593e-01,-2.105918938246775229e-01
9.166666666666666297e-01,-2.101392210798746496e-01
9.375000000000000000e-01,-2.115048532864460540e-01
9.583333333333332593e-01,-2.134311322263622579e-01
9.791666666666666297e-01,-2.134367094932513031e-01
1.000000000000000000e+00,-2.126781186913407340e-01
1.020833333333333259e+00,-2.134234725863099480e-01
1.041666666666666519e+00,-2.145238561759221507e-01
1.062500000000000000e+00,-2.136385956223179894e-01
1.083333333333333259e+00,-2.119952240169008517e-01
1.104166666666666519e+00,-2.119498531246331863e-01
1.125000000000000000e+00,-2.123611957312591947e-01
1.145833333333333259e+00,-2.109289648401166395e-01
1.166666666666666519e+00,-2.089622376581139473e-01
1.187500000000000000e+00,-2.089669239033315473e-01
1.208333333333333259e+00,-2.098502608010284487e-01
1.229166666666666519e+00,-2.093774047417373829e-01
1.250000000000000000e+00,-2.087540508933769523e-01
1.270833333333333259e+00,-2.100257066535030914e-01
1.291666666666666519e+00,-2.118430754572105945e-01
1.312500000000000000e+00,-2.119157609362057881e-01
1.333333333333333259e+00,-2.113418527162942429e-01
1.354166666666666519e+00,-2.125509890969093929e-01
1.375000000000000000e+00,-2.140941219592361888e-01
1.395833333333333259e+00,-2.136606645458655473e-01
1.416666666666666519e+00,-2.124921549436984414e-01
1.437500000000000000e+00,-2.129548621626990434e-01
1.458333333333333259e+00,-2.137913779294684791e-01
1.479166666666666519e+00,-2.129884629101710947e-01
1.500000000000000000e+00,-2.119707597825634948e-01
1.520833333333333259e+00,-2.131647531714860322e-01
1.541666666666666519e+00,-2.153801261695731661e-01
1.562500000000000000e+00,-2.163845611208647934e-01
1.583333333333333259e+00,-2.173462384860183616e-01
1.604166666666666519e+00,-2.205690090970082173e-01
1.625000000000000000e+00,-2.247809875017000858e-01
1.645833333333333259e+00,-2.277575155214174307e-01
1.666666666666666519e+00,-2.306030198204283566e-01
1.687500000000000000e+00,-2.354270890885583334e-01
1.708333333333333259e+00,-2.408967571238838368e-01
1.729166666666666519e+00,-2.447220988582436974e-01
1.750000000000000000e+00,-2.479487416808381084e-01
1.770833333333333259e+00,-2.525033780786341553e-01
1.791666666666666519e+00,-2.569481187064860950e-01
1.812500000000000000e+00,-2.590590789302984476e-01
1.833333333333333259e+00,-2.599732746075333889e-01
1.854166666666666519e+00,-2.620116641650433453e-01
1.875000000000000000e+00,-2.639378128026896309e-01
1.895833333333333259e+00,-2.635348704141357579e-01
1.916666666666666519e+00,-2.619363555326235660e-01
1.937500000000000000e+00,-2.614502485030920087e-01
1.958333333333333259e+00,-2.608229778974340274e-01
1.979166666666666519e+00,-2.578423307822744759e-01
2.000000000000000000e+00,-2.536394194509255517e-01
2.020833333333333037e+00,-2.505251611179477034e-01
2.041666666666666519e+00,-2.473980537707684835e-01
2.062500000000000000e+00,-2.431337058582595800e-01
2.083333333333333037e+00,-2.393095741148135169e-01
2.104166666666666519e+00,-2.380566004021810733e-01
2.125000000000000000e+00,-2.380566553649047512e-01
2.145833333333333037e+00,-2.371051469418404556e-01
2.166666666666666519e+00,-2.362956522385229741e-01
2.187500000000000000e+00,-2.377063703548513152e-01
2.208333333333333037e+00,-2.399994673414395929e-01
2.229166666666666519e+00,-2.408299929515007320e-01
2.250000000000000000e+00,-2.412620568245127106e-01
2.270833333333333037e+00,-2.435522395490969938e-01
2.291666666666666519e+00,-2.463944615781955838e-01
2.312500000000000000e+00,-2.472538880213588086e-01
2.333333333333333037e+00,-2.472077022918900691e-01
2.354166666666666519e+00,-2.485151435650655716e-01
2.375000000000000000e+00,-2.498661113543180490e-01
2.395833333333333037e+00,-2.487325614447348232e-01
2.416666666666666519e+00,-2.461046340196550442e-01
2.437500000000000000e+00,-2.442547422354729714e-01
2.458333333333333037e+00,-2.424301150068444155e-01
2.479166666666666519e+00,-2.395231926975777692e-01
2.500000000000000000e+00,-2.369874970785434687e-01
2.520833333333333037e+00,-2.363790041592318536e-01
2.541666666666666519e+00,-2.360991596593270958e-01
2.562500000000000000e+00,-2.336217007912802512e-01
2.583333333333333037e+00,-2.299354536495707424e-01
2.604166666666666519e+00,-2.273794878349619797e-01
2.625000000000000000e+00,-2.256234187473990238e-01
2.645833333333333037e+00,-2.227097311146997993e-01
2.666666666666666519e+00,-2.196887654367648268e-01
2.687500000000000000e+00,-2.187764178352295252e-01
2.708333333333333037e+00,-2.186618428768281330e-01
2.729166666666666519e+00,-2.168159687615899278e-01
2.750000000000000000e+00,-2.142242789988734741e-01
2.770833333333333037e+00,-2.131200275429761815e-01
2.791666666666666519e+00,-2.124951436121184367e-01
2.812500000000000000e+00,-2.112238688392660824e-01
2.833333333333333037e+00,-2.107549618410093639e-01
2.854166666666666519e+00,-2.123427563539871665e-01
2.875000000000000000e+00,-2.142937677136633745e-01
2.895833333333333037e+00,-2.143165042872333115e-01
2.916666666666666519e+00,-2.134898543624641765e-01
2.937500000000000000e+00,-2.140326420063343449e-01
2.958333333333333037e+00,-2.148139365851381155e-01
2.979166666666666519e+00,-2.146083126003561492e-01
3.000000000000000000e+00,-2.148871283265233190e-01
3.020833333333333037e+00,-2.173680836356759738e-01
3.041666666666666519e+00,-2.205478720735787879e-01
3.062500000000000000e+00,-2.218922337508863474e-01
3.083333333333333037e+00,-2.223599156212293926e-01
3.104166666666666519e+00,-2.241758551718626424e-01
3.125000000000000000e+00,-2.261038609606630667e-01
3.145833333333333037e+00,-2.259059744671265135e-01
3.166666666666666519e+00,-2.246634770238784273e-01
3.187500000000000000e+00,-2.246319061623277824e-01
3.208333333333333037e+00,-2.249898911269533897e-01
3.229166666666666519e+00,-2.244467295484462166e-01
3.250000000000000000e+00,-2.243149484588878306e-01
3.270833333333333037e+00,-2.264242135102233766e-01
3.291666666666666519e+00,-2.293707694130331931e-01
3.312500000000000000e+00,-2.306242246001781182e-01
3.333333333333333037e+00,-2.311155686433843393e-01
3.354166666666666519e+00,-2.330731913066498850e-01
3.375000000000000000e+00,-2.352427850403005227e-01
3.395833333333333037e+00,-2.350758841916646691e-01
3.416666666666666519e+00,-2.335088151026924741e-01
3.437500000000000000e+00,-2.328780527528003796e-01
3.458333333333333037e+00,-2.327449617974765017e-01
3.479166666666666519e+00,-2.314116057792278969e-01
3.500000000000000000e+00,-2.300393725779834586e-01
3.520833333333333037e+00,-2.308732468834169549e-01
3.541666666666666519e+00,-2.326619163959081915e-01
3.562500000000000000e+00,-2.328433986375762488e-01
3.583333333333333037e+00,-2.323405014987081352e-01
3.604166666666666519e+00,-2.334023742631694265e-01
3.625000000000000000e+00,-2.347893103548658322e-01
3.645833333333333037e+00,-2.339381531004892656e-01
3.666666666666666519e+00,-2.317658140532402600e-01
3.687500000000000000e+00,-2.306164048947994261e-01
3.708333333333333037e+00,-2.300266843685473683e-01
3.729166666666666519e+00,-2.281405389044119936e-01
3.750000000000000000e+00,-2.261093216429831965e-01
3.770833333333333037e+00,-2.262167708380514175e-01
3.791666666666666519e+00,-2.272454316190963275e-01
3.812500000000000000e+00,-2.266325773150181244e-01
3.833333333333333037e+00,-2.252718063400380721e-01
3.854166666666666519e+00,-2.254134600943679401e-01
3.875000000000000000e+00,-2.259404205379866859e-01
3.895833333333333037e+00,-2.250134114705956423e-01
3.916666666666666519e+00,-2.238327841119244765e-01
3.937500000000000000e+00,-2.246515516321675177e-01
3.958333333333333037e+00,-2.262746590723198059e-01
3.979166666666666519e+00,-2.261336122525817449e-01
4.000000000000000000e+00,-2.251068442384090984e-01
4.020833333333333037e+00,-2.254490244664608123e-01
4.041666666666666075e+00,-2.260901054484149852e-01
4.062500000000000000e+00,-2.256101293316336021e-01
4.083333333333333037e+00,-2.253734123874329143e-01
4.104166666666666075e+00,-2.273786838525634901e-01
4.125000000000000000e+00,-2.302963794794933017e-01
4.145833333333333037e+00,-2.315476284346325020e-01
4.166666666666666075e+00,-2.321107372120448653e-01
4.187500000000000000e+00,-2.342937936636090845e-01
4.208333333333333037e+00,-2.369072198350465341e-01
4.229166666666666075e+00,-2.373731729003769053e-01
4.250000000000000000e+00,-2.365609436992279213e-01
4.270833333333333037e+00,-2.367377202552466142e-01
4.291666666666666075e+00,-2.369095313693890259e-01
4.312500000000000000e+00,-2.360043101722784642e-01
4.333333333333333037e+00,-2.354138016804604716e-01
4.354166666666666075e+00,-2.363877841794261303e-01
4.375000000000000000e+00,-2.374279951823979329e-01
4.395833333333333037e+00,-2.368990463903829224e-01
4.416666666666666075e+00,-2.360645564630340643e-01
4.437500000000000000e+00,-2.371912064605108950e-01
4.458333333333333037e+00,-2.390957973227925970e-01
4.479166666666666075e+00,-2.391792672057802549e-01
4.500000000000000000e+00,-2.382948694648151788e-01
4.520833333333333037e+00,-2.387228975166460765e-01
4.541666666666666075e+00,-2.393406004116432062e-01
4.562500000000000000e+00,-2.379192546422737309e-01
4.583333333333333037e+00,-2.354650673462093391e-01
4.604166666666666075e+00,-2.342601503233161242e-01
4.625000000000000000e+00,-2.333148625226990347e-01
4.645833333333333037e+00,-2.313887434918586450e-01
4.666666666666666075e+00,-2.298498848119251980e-01
4.687500000000000000e+00,-2.304705299673099061e-01
4.708333333333333037e+00,-2.318792637695065439e-01
4.729166666666666075e+00,-2.314750259085151252e-01
4.750000000000000000e+00,-2.300881415305881528e-01
4.770833333333333037e+00,-2.300054244926790503e-01
4.791666666666666075e+00,-2.301896881760220892e-01
4.812500000000000000e+00,-2.288888454171872089e-01
4.833333333333333037e+00,-2.272967846840924511e-01
4.854166666666666075e+00,-2.277005036686750028e-01
4.875000000000000000e+00,-2.289626855359704616e-01
4.895833333333333037e+00,-2.284914947107027083e-01
4.916666666666666075e+00,-2.272129816288798454e-01
4.937500000000000000e+00,-2.274608122833460810e-01
4.958333333333333037e+00,-2.281738893430025616e-01
4.979166666666666075e+00,-2.271962868352827847e-01
5.000000000000000000e+00,-2.255179312461142727e-01
5.020833333333333037e+00,-2.254212694083591872e-01
5.041666666666666075e+00,-2.258789021496962757e-01
5.062500000000000000e+00,-2.250283908577853376e-01
5.083333333333333037e+00,-2.239891675421077366e-01
5.104166666666666075e+00,-2.250459115770368224e-01
5.125000000000000000e+00,-2.270497781406369264e-01
5.145833333333333037e+00,-2.273650606154480613e-01
5.166666666666666075e+00,-2.267917011646697900e-01
5.187500000000000000e+00,-2.276338497483556267e-01
5.208333333333333037e+00,-2.288385650871074539e-01
5.229166666666666075e+00,-2.282798590261572724e-01
5.250000000000000000e+00,-2.269667414892160007e-01
5.270833333333333037e+00,-2.272041652973771086e-01
5.291666666666666075e+00,-2.279101019488884716e-01
5.312500000000000000e+00,-2.266209017768630873e-01
5.333333333333333037e+00,-2.241100447308360111e-01
5.354166666666666075e+00,-2.225419811972210171e-01
5.375000000000000000e+00,-2.205602988039879198e-01
5.395833333333333037e+00,-2.155099613833100503e-01
5.416666666666666075e+00,-2.088216625337536714e-01
5.437500000000000000e+00,-2.030774082279627746e-01
5.458333333333333037e+00,-1.976257575305639114e-01
5.479166666666666075e+00,-1.914761911105575809e-01
5.500000000000000000e+00,-1.858351152170553411e-01
5.520833333333333037e+00,-1.805827095411719208e-01
5.541666666666666075e+00,-1.746007494260468085e-01
5.562500000000000000e+00,-1.691231362339441491e-01
5.583333333333333037e+00,-1.660457201900011892e-01
5.604166666666666075e+00,-1.640665717968868287e-01
5.625000000000000000e+00,-1.609349058889876782e-01
5.645833333333333037e+00,-1.575798997081804265e-01
5.666666666666666075e+00,-1.559370601845792015e-01
5.687500000000000000e+00,-1.548138314188034770e-01
5.708333333333333037e+00,-1.519897540939273706e-01
5.729166666666666075e+00,-1.483980863834593600e-01
5.750000000000000000e+00,-1.460380335230380966e-01
5.770833333333333037e+00,-1.443923457328759596e-01
5.791666666666666075e+00,-1.422050810635408502e-01
5.812500000000000000e+00,-1.407118927338560088e-01
5.833333333333333037e+00,-1.418233095820772560e-01
5.854166666666666075e+00,-1.443313063729624313e-01
5.875000000000000000e+00,-1.460528881537177803e-01
5.895833333333333037e+00,-1.479258699538098798e-01
5.916666666666666075e+00,-1.518493317988951485e-01
5.937500000000000000e+00,-1.566159580135763896e-01
5.958333333333333037e+00,-1.600499575862003587e-01
5.979166666666666075e+00,-1.630952566176653296e-01
6.000000000000000000e+00,-1.676358226464612078e-01
6.020833333333333037e+00,-1.724423374566896316e-01
6.041666666666666075e+00,-1.752626354452792579e-01
6.062500000000000000e+00,-1.770029417350321155e-01
6.083333333333333037e+00,-1.799174427638491058e-01
6.104166666666666075e+00,-1.829228463731950582e-01
6.125000000000000000e+00,-1.836355174394359580e-01
6.145833333333333037e+00,-1.830099569346814725e-01
6.166666666666666075e+00,-1.836187334837797724e-01
6.187500000000000000e+00,-1.844987636629782934e-01
6.208333333333333037e+00,-1.832712399093830713e-01
6.229166666666666075e+00,-1.808538857249628595e-01
6.250000000000000000e+00,-1.797856484741008343e-01
6.270833333333333037e+00,-1.790924985597438235e-01
6.291666666666666075e+00,-1.764203191336394805e-01
6.312500000000000000e+00,-1.726764779584849252e-01
6.333333333333333037e+00,-1.701553520848679002e-01
6.354166666666666075e+00,-1.679713056402471205e-01
6.375000000000000000e+00,-1.651591345463597482e-01
6.395833333333333037e+00,-1.630355578450257137e-01
6.416666666666666075e+00,-1.624119211484689462e-01
6.437500000000000000e+00,-1.618691699992151067e-01
6.458333333333333037e+00,-1.614395731597916828e-01
6.479166666666666075e+00,-1.626384785028388569e-01
6.500000000000000000e+00,-1.644510751378518432e-01
6.520833333333333037e+00,-1.648004314345740684e-01
6.541666666666666075e+00,-1.648067271243152387e-01
6.562500000000000000e+00,-1.664521666656389731e-01
6.583333333333333037e+00,-1.687265232748560717e-01
6.604166666666666075e+00,-1.695607641590368697e-01
6.625000000000000000e+00,-1.700768048665045329e-01
6.645833333333333037e+00,-1.722516824635434984e-01
6.666666666666666075e+00,-1.750786339737477049e-01
6.687500000000000000e+00,-1.764970961787608872e-01
6.708333333333333037e+00,-1.776159590520661469e-01
6.729166666666666075e+00,-1.803984038746800078e-01
6.750000000000000000e+00,-1.838386298377964190e-01
6.770833333333333037e+00,-1.858646236248175376e-01
6.791666666666666075e+00,-1.875666973977759555e-01
6.812500000000000000e+00,-1.908219680205126834e-01
6.833333333333333037e+00,-1.945962272292382778e-01
6.854166666666666075e+00,-1.968456218631261800e-01
6.875000000000000000e+00,-1.986019340100609876e-01
6.895833333333333037e+00,-2.012641189194736002e-01
6.916666666666666075e+00,-2.035983566858153293e-01
6.937500000000000000e+00,-2.035693380525084029e-01
6.958333333333333037e+00,-2.022856531630770616e-01
6.979166666666666075e+00,-2.019776106863103715e-01
7.000000000000000000e+00,-2.036108149707789583e-01
7.020833333333333037e+00,-2.059472350850693467e-01
7.041666666666666075e+00,-2.069408163498954734e-01
7.062500000000000000e+00,-2.073965388778938879e-01
7.083333333333333037e+00,-2.091780458208452043e-01
7.104166666666666075e+00,-2.111643675149810495e-01
7.125000000000000000e+00,-2.112797416723783406e-01
7.145833333333333037e+00,-2.104506586554395486e-01
7.166666666666666075e+00,-2.106270601698926603e-01
7.187500000000000000e+00,-2.110952660688401872e-01
7.208333333333333037e+00,-2.108542940737676841e-01
7.229166666666666075e+00,-2.111837605946374208e-01
7.250000000000000000e+00,-2.134115972232307756e-01
7.270833333333333037e+00,-2.161448072100038698e-01
7.291666666666666075e+00,-2.173072848607856544e-01
7.312500000000000000e+00,-2.178254338520813072e-01
7.333333333333333037e+00,-2.195019300755146896e-01
7.354166666666666075e+00,-2.211776584243994315e-01
7.375000000000000000e+00,-2.213259616473856051e-01
7.395833333333333037e+00,-2.210991519378055770e-01
7.416666666666666075e+00,-2.223217311630524828e-01
7.437500000000000000e+00,-2.238435178583264018e-01
7.458333333333333037e+00,-2.235880217211415333e-01
7.479166666666666075e+00,-2.224610316536147769e-01
7.500000000000000000e+00,-2.222660672924416103e-01
7.520833333333333037e+00,-2.220416663216520370e-01
7.541666666666666075e+00,-2.212420361831341498e-01
7.562500000000000000e+00,-2.212405892088142312e-01
7.583333333333333037e+00,-2.223541808852045332e-01
7.604166666666666075e+00,-2.230787716557084133e-01
7.625000000000000000e+00,-2.236913976936347470e-01
7.645833333333333037e+00,-2.256516701926854218e-01
7.666666666666666075e+00,-2.272256108117848561e-01
7.687500000000000000e+00,-2.261705773471030800e-01
7.708333333333333037e+00,-2.238948028321118278e-01
7.729166666666666075e+00,-2.225331045843728095e-01
7.750000000000000000e+00,-2.217568464980883280e-01
7.770833333333333037e+00,-2.199107589314672762e-01
7.791666666666666075e+00,-2.182608562284465981e-01
7.812500000000000000e+00,-2.187520276586805423e-01
7.833333333333333037e+00,-2.200786420601187621e-01
7.854166666666666075e+00,-2.201252355240499725e-01
7.875000000000000000e+00,-2.199838554029972804e-01
7.895833333333333037e+00,-2.217875120736841343e-01
7.916666666666666075e+00,-2.246763128356434047e-01
7.937500000000000000e+00,-2.266283664815774423e-01
7.958333333333333037e+00,-2.286295340266681075e-01
7.979166666666666075e+00,-2.321929351654419549e-01
8.000000000000000000e+00,-2.362102005173724040e-01
8.020833333333332149e+00,-2.387300114521866135e-01
8.041666666666666075e+00,-2.408152900920464135e-01
8.062500000000000000e+00,-2.443344945383909284e-01
8.083333333333332149e+00,-2.483381391799835969e-01
8.104166666666666075e+00,-2.508822104595304636e-01
8.125000000000000000e+00,-2.529722521248622402e-01
8.145833333333332149e+00,-2.560930391708539089e-01
8.166666666666666075e+00,-2.591375537081878067e-01
8.187500000000000000e+00,-2.601697660286638736e-01
8.208333333333332149e+00,-2.602476006801981989e-01
8.229166666666666075e+00,-2.612275133858497078e-01
8.250000000000000000e+00,-2.621592064320313886e-01
8.270833333333332149e+00,-2.610486081766962285e-01
8.291666666666666075e+00,-2.588967395529122584e-01
8.312500000000000000e+00,-2.575360026261632185e-01
8.333333333333332149e+00,-2.560396443635765684e-01
8.354166666666666075e+00,-2.524982614791674296e-01
8.375000000000000000e+00,-2.479504193684253510e-01
8.395833333333332149e+00,-2.442208792753083058e-01
8.416666666666666075e+00,-2.404843611428274242e-01
8.437500000000000000e+00,-2.356069602327552637e-01
8.458333333333332149e+00,-2.309755418300117047e-01
8.479166666666666075e+00,-2.287463689261628741e-01
8.500000000000000000e+00,-2.281070400919297803e-01
8.520833333333332149e+00,-2.269348108211780846e-01
8.541666666666666075e+00,-2.261308027390451780e-01
8.562500000000000000e+00,-2.272185077906107298e-01
8.583333333333332149e+00,-2.290645669077518709e-01
8.604166666666666075e+00,-2.293102212193702805e-01
8.625000000000000000e+00,-2.288855771389308458e-01
8.645833333333332149e+00,-2.304663133209656767e-01
8.666666666666666075e+00,-2.334333928599952868e-01
8.687500000000000000e+00,-2.354282900269839274e-01
8.708333333333332149e+00,-2.371439407065645544e-01
8.729166666666666075e+00,-2.394467793898039376e-01
8.750000000000000000e+00,-2.411938460618397728e-01
8.770833333333332149e+00,-2.421518374276561691e-01
8.791666666666666075e+00,-2.437395085316882704e-01
8.812500000000000000e+00,-2.451144606310457219e-01
8.833333333333332149e+00,-2.445659431769096614e-01
8.854166666666666075e+00,-2.432188151328392722e-01
8.875000000000000000e+00,-2.432935139920910095e-01
8.895833333333332149e+00,-2.439804838678294452e-01
8.916666666666666075e+00,-2.429277542211758512e-01
8.937500000000000000e+00,-2.376050387523606089e-01
8.958333333333332149e+00,-2.285773816054004759e-01
8.979166666666666075e+00,-2.184725903113762524e-01
9.000000000000000000e+00,-2.066560747303713697e-01
9.020833333333332149e+00,-1.908305029306615885e-01
9.041666666666666075e+00,-1.719970895969443192e-01
9.062500000000000000e+00,-1.529226117722144451e-01
9.083333333333332149e+00,-1.363299358943387274e-01
9.104166666666666075e+00,-1.209369003231341166e-01
9.125000000000000000e+00,-1.041858711657930592e-01
9.145833333333332149e+00,-8.764612373211169705e-02
9.166666666666666075e+00,-7.370807763227583964e-02
9.187500000000000000e+00,-6.098777419251272258e-02
9.208333333333332149e+00,-4.710738443905146400e-02
9.229166666666666075e+00,-3.372454279994462067e-02
9.250000000000000000e+00,-2.310568104330736061e-02
9.270833333333332149e+00,-1.392285130126106121e-02
9.291666666666666075e+00,-4.485046708923016989e-03
9.312500000000000000e+00,3.346517019501935464e-03
9.333333333333332149e+00,7.537760308088642391e-03
9.354166666666666075e+00,9.638841228378127596e-03
9.375000000000000000e+00,1.185037923094090472e-02
9.395833333333332149e+00,1.262077833514240952e-02
9.416666666666666075e+00,9.936073478269264597e-03
9.437500000000000000e+00,5.332433251944908650e-03
9.458333333333332149e+00,1.050220587603492486e-03
9.479166666666666075e+00,-3.713984537713999664e-03
9.500000000000000000e+00,-1.012255358414164245e-02
9.520833333333332149e+00,-1.640058693506550938e-02
9.541666666666666075e+00,-2.043704494783234182e-02
9.562500000000000000e+00,-2.393520807887056234e-02
9.583333333333332149e+00,-2.894149617510883427e-02
9.604166666666666075e+00,-3.391112954275823238e-02
9.625000000000000000e+00,-3.674182701398469308e-02
9.645833333333332149e+00,-3.914121022173345371e-02
9.666666666666666075e+00,-4.314776126741583229e-02
9.687500000000000000e+00,-4.721022852223653171e-02
9.708333333333332149e+00,-4.920530022452811875e-02
9.729166666666666075e+00,-5.064897201715108654e-02
9.750000000000000000e+00,-5.349984760165534675e-02
9.770833333333332149e+00,-5.621619674994806498e-02
9.791666666666666075e+00,-5.669341093276397681e-02
9.812500000000000000e+00,-5.663550467610282274e-02
9.833333333333332149e+00,-5.808317479670637579e-02
9.854166666666666075e+00,-5.947886675534304335e-02
9.875000000000000000e+00,-5.861867141630119904e-02
9.895833333333332149e+00,-5.697207999755866253e-02
9.916666666666666075e+00,-5.651595708691454362e-02
9.937500000000000000e+00,-5.572444881256422011e-02
9.958333333333332149e+00,-5.247956226453120293e-02
9.979166666666666075e+00,-4.847060316749680908e-02
1.000000000000000000e+01,-4.575151184743085631e-02
1.002083333333333215e+01,-4.292671863759608963e-02
1.004166666666666607e+01,-3.893426369603268655e-02
1.006250000000000000e+01,-3.589130804646811085e-02
1.008333333333333215e+01,-3.557562537743647751e-02
1.010416666666666607e+01,-3.633588839852301688e-02
1.012500000000000000e+01,-3.601849159743913259e-02
1.014583333333333215e+01,-3.603802461154807790e-02
1.016666666666666607e+01,-3.834453062167672566e-02
1.018750000000000000e+01,-4.142331310668345701e-02
1.020833333333333215e+01,-4.314134465854811695e-02
1.022916666666666607e+01,-4.504977543388943850e-02
1.025000000000000000e+01,-4.828401598720443583e-02
1.027083333333333215e+01,-5.091908732557086370e-02
1.029166666666666607e+01,-5.082835023545206887e-02
1.031250000000000000e+01,-4.968597103443905122e-02
1.033333333333333215e+01,-4.955552885741687508e-02
1.035416666666666607e+01,-4.905089342927196339e-02
1.037500000000000000e+01,-4.704894233285563526e-02
1.039583333333333215e+01,-4.536121237384418969e-02
1.041666666666666607e+01,-4.591332149757489101e-02
1.043750000000000000e+01,-4.733125245456793612e-02
1.045833333333333215e+01,-4.759943864467764546e-02
1.047916666666666607e+01,-4.830933300466346697e-02
1.050000000000000000e+01,-5.150898316703538676e-02
1.052083333333333215e+01,-5.572068078190314799e-02
1.054166666666666607e+01,-5.877388766790912766e-02
1.056250000000000000e+01,-6.190877429910333907e-02
1.058333333333333215e+01,-6.630882188992960613e-02
1.060416666666666607e+01,-7.025199607877900820e-02
1.062500000000000000e+01,-7.160827523954395313e-02
1.064583333333333215e+01,-7.178286590456404992e-02
1.066666666666666607e+01,-7.274296117367602676e-02
1.068750000000000000e+01,-7.307456867730166561e-02
1.070833333333333215e+01,-7.129662932976522927e-02
1.072916666666666607e+01,-6.935433663420112471e-02
1.075000000000000000e+01,-6.932165069046941630e-02
1.077083333333333215e+01,-6.969161113933874940e-02
1.079166666666666607e+01,-6.832547310196157575e-02
1.081250000000000000e+01,-6.688615057299049371e-02
1.083333333333333215e+01,-6.743921371137714948e-02
1.085416666666666607e+01,-6.846868348503523660e-02
1.087500000000000000e+01,-6.782349951481726757e-02
1.089583333333333215e+01,-6.700867948128005902e-02
1.091666666666666607e+01,-6.802200259366340818e-02
1.093750000000000000e+01,-6.935169229789642231e-02
1.095833333333333215e+01,-6.885929585213586279e-02
1.097916666666666607e+01,-6.817727390009038768e-02
1.100000000000000000e+01,-6.935368530313415492e-02
1.102083333333333215e+01,-7.086066575228734676e-02
1.104166666666666607e+01,-7.046928754446245280e-02
1.106250000000000000e+01,-6.969347314975810059e-02
1.108333333333333215e+01,-7.056333192518364494e-02
1.110416666666666607e+01,-7.157723166645993396e-02
1.112500000000000000e+01,-7.059250821766993589e-02
1.114583333333333215e+01,-6.926910430104774030e-02
1.116666666666666607e+01,-6.967784725072247165e-02
1.118750000000000000e+01,-7.031017140901195395e-02
1.120833333333333215e+01,-6.902911286149503167e-02
1.122916666666666607e+01,-6.749180163455523185e-02
1.125000000000000000e+01,-6.775901622129541779e-02
1.127083333333333215e+01,-6.830568322943256221e-02
1.129166666666666607e+01,-6.690213724401265771e-02
1.131250000000000000e+01,-6.511143273135440446e-02
1.133333333333333215e+01,-6.498718781981038806e-02
1.135416666666666607e+01,-6.503020130069631088e-02
1.137500000000000000e+01,-6.309664127326582161e-02
1.139583333333333215e+01,-6.084164293792841682e-02
1.141666666666666607e+01,-6.033687632873698664e-02
1.143750000000000000e+01,-6.007859907774282249e-02
1.145833333333333215e+01,-5.790210290842254942e-02
1.147916666666666607e+01,-5.525261285504525638e-02
1.150000000000000000e+01,-5.412419447999104044e-02
1.152083333333333215e+01,-5.311025568209547937e-02
1.154166666666666607e+01,-5.072603603072863704e-02
1.156250000000000000e+01,-4.890591790243704884e-02
1.158333333333333215e+01,-4.972882756656567954e-02
1.160416666666666607e+01,-5.169965359921188663e-02
1.162500000000000000e+01,-5.266495320538198271e-02
1.164583333333333215e+01,-5.421832082023937682e-02
1.166666666666666607e+01,-5.805673834565360653e-02
1.168750000000000000e+01,-6.251628162159045266e-02
1.170833333333333215e+01,-6.539447668629548571e-02
1.172916666666666607e+01,-6.793116978100699477e-02
1.175000000000000000e+01,-7.207638855391049204e-02
1.177083333333333215e+01,-7.659522902877208272e-02
1.179166666666666607e+01,-7.931523778427101989e-02
1.181250000000000000e+01,-8.111446771974606396e-02
1.183333333333333215e+01,-8.382190711796894123e-02
1.185416666666666607e+01,-8.628292171900167618e-02
1.187500000000000000e+01,-8.640654034769085223e-02
1.189583333333333215e+01,-8.510288084317473023e-02
1.191666666666666607e+01,-8.419058463407423643e-02
1.193750000000000000e+01,-8.277056150901014597e-02
1.195833333333333215e+01,-8.063202159223667453e-02
1.197916666666666607e+01,-7.915902932245671986e-02
1.200000000000000000e+01,-7.755839388086498143e-02
1.202083333333333215e+01,-7.435497420278663894e-02
1.204166666666666607e+01,-7.112063660029768752e-02
1.206250000000000000e+01,-6.982298215345611458e-02
1.208333333333333215e+01,-6.873357915410391317e-02
1.210416666666666607e+01,-6.559236093372336485e-02
1.212500000000000000e+01,-6.179605717355689948e-02
1.214583333333333215e+01,-5.934719526806289669e-02
1.216666666666666607e+01,-5.694590621005404807e-02
1.218750000000000000e+01,-5.384492856127592181e-02
1.220833333333333215e+01,-5.186442221335284958e-02
1.222916666666666607e+01,-5.149378728578638681e-02
1.225000000000000000e+01,-5.084133345380364294e-02
1.227083333333333215e+01,-5.029204110141058393e-02
1.229166666666666607e+01,-5.192093534699814689e-02
1.231250000000000000e+01,-5.415840949968207807e-02
1.233333333333333215e+01,-5.418565429766902808e-02
1.235416666666666607e+01,-5.317783965518361328e-02
1.237500000000000000e+01,-5.375791094583801111e-02
1.239583333333333215e+01,-5.429616491115902416e-02
1.241666666666666607e+01,-5.212144619843298715e-02
1.243750000000000000e+01,-4.857575336281062806e-02
1.245833333333333215e+01,-4.615230282674063350e-02
1.247916666666666607e+01,-4.341305024265895707e-02
1.250000000000000000e+01,-3.853439864781588176e-02
1.252083333333333215e+01,-3.317795330021788835e-02
1.254166666666666607e+01,-2.979623063543729994e-02
1.256250000000000000e+01,-2.682611359586104666e-02
1.258333333333333215e+01,-2.145167144496472333e-02
1.260416666666666607e+01,-1.488508610438598126e-02
1.262500000000000000e+01,-9.742396017875165279e-03
1.264583333333333215e+01,-5.856189117131911301e-03
1.266666666666666607e+01,-1.071205145264714090e-03
1.268750000000000000e+01,3.383500158378498907e-03
1.270833333333333215e+01,5.071049316702684259e-03
1.272916666666666607e+01,5.437615748090634388e-03
1.275000000000000000e+01,7.058629310066802387e-03
1.277083333333333215e+01,8.661302358133997348e-03
1.279166666666666607e+01,7.824070921453162714e-03
1.281250000000000000e+01,6.099663628142008853e-03
1.283333333333333215e+01,6.268380117410969447e-03
1.285416666666666607e+01,7.129686576580255425e-03
1.287500000000000000e+01,6.259255582332919760e-03
1.289583333333333215e+01,5.102666514647913321e-03
1.291666666666666607e+01,5.617294170655208821e-03
1.293750000000000000e+01,6.241038682228207055e-03
1.295833333333333215e+01,4.556622003405394646e-03
1.297916666666666607e+01,2.038238377001287335e-03
1.300000000000000000e+01,1.179026431769488337e-03
1.302083333333333215e+01,6.984303942448524686e-04
1.304166666666666607e+01,-1.752647374571142305e-03
1.306250000000000000e+01,-4.631098082050137676e-03
1.308333333333333215e+01,-5.468097946990256066e-03
1.310416666666666607e+01,-5.563683171460126302e-03
1.312500000000000000e+01,-7.240388829596934063e-03
1.314583333333333215e+01,-8.980716202012666710e-03
1.316666666666666607e+01,-8.577936012096188181e-03
1.318750000000000000e+01,-7.403633450234996596e-03
1.320833333333333215e+01,-7.662956505982847048e-03
1.322916666666666607e+01,-7.865706952848768724e-03
1.325000000000000000e+01,-6.456000145572998901e-03
1.327083333333333215e+01,-5.108508845682899896e-03
1.329166666666666607e+01,-6.068536417385586405e-03
1.331250000000000000e+01,-8.076131648315434605e-03
1.333333333333333215e+01,-9.097759534661355521e-03
1.335416666666666607e+01,-1.039739994879827073e-02
1.337500000000000000e+01,-1.374150548272480739e-02
1.339583333333333215e+01,-1.789328956604336468e-02
1.341666666666666607e+01,-2.087391626394706837e-02
1.343750000000000000e+01,-2.374368959064731416e-02
1.345833333333333215e+01,-2.756528323381145229e-02
1.347916666666666607e+01,-3.088676639705242519e-02
1.350000000000000000e+01,-3.180536315071312570e-02
1.352083333333333215e+01,-3.154898462686364646e-02
1.354166666666666607e+01,-3.236933140556132876e-02
1.356250000000000000e+01,-3.335454327350632908e-02
1.358333333333333215e+01,-3.259761690958543068e-02
1.360416666666666607e+01,-3.130330407203105181e-02
1.362500000000000000e+01,-3.165144951333207640e-02
1.364583333333333215e+01,-3.269940544834362695e-02
1.366666666666666607e+01,-3.255423823535415900e-02
1.368750000000000000e+01,-3.233153349647562708e-02
1.370833333333333215e+01,-3.348357385590532836e-02
1.372916666666666607e+01,-3.475519885520814145e-02
1.375000000000000000e+01,-3.427082577739237051e-02
1.377083333333333215e+01,-3.327417609380014379e-02
1.379166666666666607e+01,-3.401042829981582027e-02
1.381250000000000000e+01,-3.557749819611096681e-02
1.383333333333333215e+01,-3.604946317913303860e-02
1.385416666666666607e+01,-3.643923627595063025e-02
1.387500000000000000e+01,-3.766194410859027147e-02
1.389583333333333215e+01,-3.828757911699891270e-02
1.391666666666666607e+01,-3.676075518102822626e-02
1.393750000000000000e+01,-3.441209341811375666e-02
1.395833333333333215e+01,-3.339286586148577929e-02
1.397916666666666607e+01,-3.276922938470972629e-02
1.400000000000000000e+01,-3.067735076459025476e-02
1.402083333333333215e+01,-2.832984432145212172e-02
1.404166666666666607e+01,-2.799156561430315993e-02
1.406250000000000000e+01,-2.875686949837615372e-02
1.408333333333333215e+01,-2.835825913213976465e-02
1.410416666666666607e+01,-2.773683826338718336e-02
1.412500000000000000e+01,-2.841288298364727169e-02
1.414583333333333215e+01,-2.913325134389469981e-02
1.416666666666666607e+01,-2.733685894799049720e-02
1.418750000000000000e+01,-2.394858512648916429e-02
1.420833333333333215e+01,-2.139066222474509185e-02
1.422916666666666607e+01,-1.913680669882309240e-02
1.425000000000000000e+01,-1.575134402571471900e-02
1.427083333333333215e+01,-1.255319484042768594e-02
1.429166666666666607e+01,-1.146740115310783056e-02
1.431250000000000000e+01,-1.141858660080216463e-02
1.433333333333333215e+01,-9.864579526242858373e-03
1.435416666666666607e+01,-7.826341237399116538e-03
1.437500000000000000e+01,-7.746992893340713324e-03
1.439583333333333215e+01,-8.707774412811165182e-03
1.441666666666666607e+01,-7.843570216095377065e-03
1.443750000000000000e+01,-2.897545310025399518e-03
1.445833333333333215e+01,5.307194993740776620e-03
1.447916666666666607e+01,1.423789358368015082e-02
1.450000000000000000e+01,2.432230195580133841e-02
1.452083333333333215e+01,3.633157834788555002e-02
1.454166666666666607e+01,4.847702377446427152e-02
1.456250000000000000e+01,5.914534935948284611e-02
1.458333333333333215e+01,6.997778422578058988e-02
1.460416666666666607e+01,8.153279100810183200e-02
1.462500000000000000e+01,9.202320763540092208e-02
1.464583333333333215e+01,1.017949670557755787e-01
1.466666666666666607e+01,1.120301449411928718e-01
1.468750000000000000e+01,1.212898005700598358e-01
1.470833333333333215e+01,1.276927113201109520e-01
1.472916666666666607e+01,1.323268197890748732e-01
1.475000000000000000e+01,1.377615922184639297e-01
1.477083333333333215e+01,1.430870432713417795e-01
1.479166666666666607e+01,1.459141294705429970e-01
1.481250000000000000e+01,1.470911951165659870e-01
1.483333333333333215e+01,1.490186104213075402e-01
1.485416666666666607e+01,1.507009432513811975e-01
1.487500000000000000e+01,1.497290394256428070e-01
1.489583333333333215e+01,1.469620321604411528e-01
1.491666666666666607e+01,1.449753677028038090e-01
1.493750000000000000e+01,1.429377409130775933e-01
1.495833333333333215e+01,1.390294847388228450e-01
1.497916666666666607e+01,1.343658951792293665e-01
1.500000000000000000e+01,1.315110696410138058e-01
1.502083333333333215e+01,1.295289419948830734e-01
1.504166666666666607e+01,1.260109234425045854e-01
1.506250000000000000e+01,1.218153341449186439e-01
1.508333333333333215e+01,1.195031753154093823e-01
1.510416666666666607e+01,1.181255941633839318e-01
1.512500000000000000e+01,1.152656320365589154e-01
1.514583333333333215e+01,1.117776211730843183e-01
1.516666666666666607e+01,1.102288739604111167e-01
1.518750000000000000e+01,1.097158952406824678e-01
1.520833333333333215e+01,1.078438098103912529e-01
1.522916666666666607e+01,1.054639597564569903e-01
1.525000000000000000e+01,1.050646964174472148e-01
1.527083333333333215e+01,1.056158010950097037e-01
1.529166666666666607e+01,1.046850181267424684e-01
1.531250000000000000e+01,1.033301226826092156e-01
1.533333333333333215e+01,1.042065132720368520e-01
1.535416666666666607e+01,1.063422013357818302e-01
1.537500000000000000e+01,1.072970856238861931e-01
1.539583333333333215e+01,1.079149586321673515e-01
1.541666666666666607e+01,1.107684320025071195e-01
1.543750000000000000e+01,1.149642550818371217e-01
1.545833333333333215e+01,1.181035534994022973e-01
1.547916666666666607e+01,1.208639925474763732e-01
1.550000000000000000e+01,1.244668949118972884e-01
1.552083333333333215e+01,1.275426897258894743e-01
1.554166666666666607e+01,1.288838565724530483e-01
1.556250000000000000e+01,1.297516972226550325e-01
1.558333333333333215e+01,1.318794876590679566e-01
1.560416666666666607e+01,1.339695302259170662e-01
1.562500000000000000e+01,1.335968424099426011e-01
1.564583333333333215e+01,1.315988986782678227e-01
1.566666666666666607e+01,1.305493842998196874e-01
1.568750000000000000e+01,1.295950053092310150e-01
1.570833333333333215e+01,1.267722083769760033e-01
1.572916666666666607e+01,1.231094163813895026e-01
1.575000000000000000e+01,1.211747808115690300e-01
1.577083333333333215e+01,1.200066287892622013e-01
1.579166666666666607e+01,1.171498480490478500e-01
1.581250000000000000e+01,1.134166641732074904e-01
1.583333333333333215e+01,1.113960958900943876e-01
1.585416666666666607e+01,1.102334204202688045e-01
1.587500000000000000e+01,1.075167341948732314e-01
1.589583333333333215e+01,1.040605131439328729e-01
1.591666666666666607e+01,1.024489401353223944e-01
1.593750000000000000e+01,1.018280191652838895e-01
1.595833333333333215e+01,9.979061614756265519e-02
1.597916666666666607e+01,9.715194055069639734e-02
1.600000000000000000e+01,9.647609858444892994e-02
1.602083333333333215e+01,9.677107122656641858e-02
1.604166666666666430e+01,9.556924136012186211e-02
1.606250000000000000e+01,9.380722688422851729e-02
1.608333333333333215e+01,9.413909745423997000e-02
1.610416666666666430e+01,9.572229636300690070e-02
1.612500000000000000e+01,9.614633393180542498e-02
1.614583333333333215e+01,9.620154036941475084e-02
1.616666666666666430e+01,9.834382652995175833e-02
1.618750000000000000e+01,1.015884502274589374e-01
1.620833333333333215e+01,1.034595153628423414e-01
1.622916666666666430e+01,1.047371960714626460e-01
1.625000000000000000e+01,1.080238446054427176e-01
1.627083333333333215e+01,1.124998349664687591e-01
1.629166666666666430e+01,1.157438682835879307e-01
1.631250000000000000e+01,1.183919840836877846e-01
1.633333333333333215e+01,1.225495180550747881e-01
1.635416666666666430e+01,1.256266394074803949e-01
1.637500000000000000e+01,1.247467594962170939e-01
1.639583333333333215e+01,1.193971791913877450e-01
1.641666666666666430e+01,1.120395504022336647e-01
1.643750000000000000e+01,1.035096191762077678e-01
1.645833333333333215e+01,9.203837838918796366e-02
1.647916666666666430e+01,7.842117195297988730e-02
1.650000000000000000e+01,6.528823800918875930e-02
1.652083333333333215e+01,5.194354637889419396e-02
1.654166666666666430e+01,3.695560141943321497e-02
1.656250000000000000e+01,2.156688659674351263e-02
1.658333333333333215e+01,8.366299082930028080e-03
1.660416666666666430e+01,-3.468953513059632419e-03
1.662500000000000000e+01,-1.634930972161617244e-02
1.664583333333333215e+01,-2.948982087024526119e-02
1.666666666666666430e+01,-4.030998781931438568e-02
1.668750000000000000e+01,-4.946858065703020613e-02
1.670833333333333215e+01,-5.817093113507239982e-02
1.672916666666666430e+01,-6.524550725943786822e-02
1.675000000000000000e+01,-6.940773102349989676e-02
1.677083333333333215e+01,-7.212828150919672887e-02
1.679166666666666430e+01,-7.583319752817498094e-02
1.681250000000000000e+01,-7.959843173872227506e-02
1.683333333333333215e+01,-8.075152467989156480e-02
1.685416666666666430e+01,-8.010575365022144789e-02
1.687500000000000000e+01,-8.008990349490165139e-02
1.689583333333333215e+01,-7.997551217477390229e-02
1.691666666666666430e+01,-7.748159794836967373e-02
1.693750000000000000e+01,-7.354292452044133843e-02
1.695833333333333215e+01,-7.060081127357614728e-02
1.697916666666666430e+01,-6.790699649258293003e-02
1.700000000000000000e+01,-6.284654628148148015e-02
1.702083333333333215e+01,-5.620815740520525988e-02
1.704166666666666430e+01,-5.042116840139868050e-02
1.706250000000000000e+01,-4.492454572741377827e-02
1.708333333333333215e+01,-3.864004869394811054e-02
1.710416666666666430e+01,-3.297283695209045351e-02
1.712500000000000000e+01,-2.909738873548094532e-02
1.714583333333333215e+01,-2.590427804796113787e-02
1.716666666666666430e+01,-2.231042994967336046e-02
1.718750000000000000e+01,-1.952412416710873344e-02
1.720833333333333215e+01,-1.803082923341349161e-02
1.722916666666666430e+01,-1.669189990973821841e-02
1.725000000000000000e+01,-1.626464518845890592e-02
1.727083333333333215e+01,-1.740216617693389478e-02
1.729166666666666430e+01,-1.863588218572217667e-02
1.731250000000000000e+01,-1.879861359813892255e-02
1.733333333333333215e+01,-1.910080838855797089e-02
1.735416666666666430e+01,-2.154904362653587910e-02
1.737500000000000000e+01,-2.515981032702844719e-02
1.739583333333333215e+01,-2.807944767205785425e-02
1.741666666666666430e+01,-3.106254026844073104e-02
1.743750000000000000e+01,-3.496091979754879092e-02
1.745833333333333215e+01,-3.834911353650407445e-02
1.747916666666666430e+01,-3.963359222198015175e-02
1.750000000000000000e+01,-3.980340880039852369e-02
1.752083333333333215e+01,-4.072317263160803863e-02
1.754166666666666430e+01,-4.140554240530316260e-02
1.756250000000000000e+01,-4.027662796395975464e-02
1.758333333333333215e+01,-3.833260923395413744e-02
1.760416666666666430e+01,-3.742995820882227820e-02
1.762500000000000000e+01,-3.658600013924856453e-02
1.764583333333333215e+01,-3.419116609453551336e-02
1.766666666666666430e+01,-3.121734132551826080e-02
1.768750000000000000e+01,-2.951349903078591061e-02
1.770833333333333215e+01,-2.810022157956837754e-02
1.772916666666666430e+01,-2.543595773737380300e-02
1.775000000000000000e+01,-2.251928342983706283e-02
1.777083333333333215e+01,-2.119050178110321037e-02
1.779166666666666430e+01,-2.045402792726678035e-02
1.781250000000000000e+01,-1.855312606330906250e-02
1.783333333333333215e+01,-1.638127833800734345e-02
1.785416666666666430e+01,-1.577452380803518253e-02
1.787500000000000000e+01,-1.572987269012838044e-02
1.789583333333333215e+01,-1.448772813593846541e-02
1.791666666666666430e+01,-1.294011762087300330e-02
1.793750000000000000e+01,-1.291535864185394331e-02
1.795833333333333215e+01,-1.342084252694211895e-02
1.797916666666666430e+01,-1.270933418314062341e-02
1.800000000000000000e+01,-1.167379421931705359e-02
1.802083333333333215e+01,-1.217705550788991328e-02
1.804166666666666430e+01,-1.324979428253474784e-02
1.806250000000000000e+01,-1.315867493416609212e-02
1.808333333333333215e+01,-1.247741216165051785e-02
1.810416666666666430e+01,-1.130975843992242102e-02
1.812500000000000000e+01,-8.263664607490742164e-03
1.814583333333333215e+01,-5.190845054091522415e-03
1.816666666666666430e+01,-3.121721330719609729e-03
1.818750000000000000e+01,-2.303265213655404653e-05
1.820833333333333215e+01,5.443899690829012358e-03
1.822916666666666430e+01,1.135916028075040392e-02
1.825000000000000000e+01,1.582066199211278751e-02
1.827083333333333215e+01,2.046157344324432692e-02
1.829166666666666430e+01,2.732024707404393307e-02
1.831250000000000000e+01,3.459913446064584452e-02
1.833333333333333215e+01,4.029819817889168654e-02
1.835416666666666430e+01,4.575232553251393219e-02
1.837500000000000000e+01,5.183340197644615427e-02
1.839583333333333215e+01,5.669118442770005456e-02
1.841666666666666430e+01,5.911531204487420477e-02
1.843750000000000000e+01,6.096200929770880655e-02
1.845833333333333215e+01,6.426959258844638923e-02
1.847916666666666430e+01,6.726111588128820540e-02
1.850000000000000000e+01,6.794059075911458578e-02
1.852083333333333215e+01,6.791789574248700834e-02
1.854166666666666430e+01,6.924137842355385097e-02
1.856250000000000000e+01,7.013357333520518766e-02
1.858333333333333215e+01,6.860211495046213137e-02
1.860416666666666430e+01,6.626022382326607341e-02
1.862500000000000000e+01,6.521096756707622788e-02
1.864583333333333215e+01,6.411334485223146862e-02
1.866666666666666430e+01,6.111983866327661691e-02
1.868750000000000000e+01,5.761054790191995345e-02
1.870833333333333215e+01,5.563896148079600090e-02
1.872916666666666430e+01,5.414194857407472056e-02
1.875000000000000000e+01,5.133889463775451883e-02
1.877083333333333215e+01,4.829761434918816709e-02
1.879166666666666430e+01,4.693865467264626140e-02
1.881250000000000000e+01,4.641696868624271832e-02
1.883333333333333215e+01,4.508539928554784748e-02
1.885416666666666430e+01,4.410459354398407750e-02
1.887500000000000000e+01,4.495753826901879857e-02
1.889583333333333215e+01,4.659443968155557031e-02
1.891666666666666430e+01,4.734587232897391473e-02
1.893750000000000000e+01,4.817290696117224047e-02
1.895833333333333215e+01,5.023967624077885913e-02
1.897916666666666430e+01,5.238884817808731054e-02
1.900000000000000000e+01,5.297510234984757066e-02
1.902083333333333215e+01,5.315012833964602446e-02
1.904166666666666430e+01,5.498501202889992390e-02
1.906250000000000000e+01,5.772056394173669114e-02
1.908333333333333215e+01,5.969420927958048184e-02
1.910416666666666430e+01,6.172736709110728665e-02
1.912500000000000000e+01,6.403504320444507181e-02
1.914583333333333215e+01,6.533372567229429884e-02
1.916666666666666430e+01,6.611774663668702756e-02
1.918750000000000000e+01,6.792894124635678876e-02
1.920833333333333215e+01,6.922268434919645608e-02
1.922916666666666430e+01,6.810767863959450719e-02
1.925000000000000000e+01,6.624616491832210907e-02
1.927083333333333215e+01,6.569864084203194676e-02
1.929166666666666430e+01,6.490922905162356538e-02
1.931250000000000000e+01,6.200413724903872104e-02
1.933333333333333215e+01,5.887363417572650387e-02
1.935416666666666430e+01,5.767221806859044314e-02
1.937500000000000000e+01,5.684205869231658687e-02
1.939583333333333215e+01,5.450825419528865234e-02
1.941666666666666430e+01,5.250930233954801546e-02
1.943750000000000000e+01,5.262045249641672529e-02
1.945833333333333215e+01,5.332507063987175500e-02
1.947916666666666430e+01,5.281163532017297407e-02
1.950000000000000000e+01,5.253759204124262144e-02
1.952083333333333215e+01,5.408711920828025016e-02
1.954166666666666430e+01,5.590061973949442264e-02
1.956250000000000000e+01,5.618051663869663009e-02
1.958333333333333215e+01,5.663719686817293014e-02
1.960416666666666430e+01,5.901936806618347797e-02
1.962500000000000000e+01,6.163089803912683018e-02
1.964583333333333215e+01,6.261334340787062802e-02
1.966666666666666430e+01,6.370560126842447768e-02
1.968750000000000000e+01,6.592890230039520627e-02
1.970833333333333215e+01,6.725396242740103170e-02
1.972916666666666430e+01,6.584483767890379757e-02
1.975000000000000000e+01,6.341488179674341363e-02
1.977083333333333215e+01,6.259909487813127005e-02
1.979166666666666430e+01,6.541506847414171877e-02
1.981250000000000000e+01,7.141650774789477796e-02
1.983333333333333215e+01,7.810983951088378008e-02
1.985416666666666430e+01,8.613339547772147498e-02
1.987500000000000000e+01,9.787383069038615990e-02
1.989583333333333215e+01,1.125519173178346766e-01
1.991666666666666430e+01,1.271614367460768003e-01
1.993750000000000000e+01,1.400301445264541533e-01
1.995833333333333215e+01,1.528138390092855792e-01
1.997916666666666430e+01,1.671833946068748966e-01
2.000000000000000000e+01,1.810736990654897016e-01
2.002083333333333215e+01,1.917730899113334886e-01
2.004166666666666430e+01,2.006487096043966245e-01
2.006250000000000000e+01,2.104069750475752176e-01
2.008333333333333215e+01,2.194855114909789739e-01
2.010416666666666430e+01,2.251745645936507056e-01
2.012500000000000000e+01,2.288615293910994108e-01
2.014583333333333215e+01,2.333825767913459137e-01
2.016666666666666430e+01,2.372315300015238049e-01
2.018750000000000000e+01,2.376990816135861329e-01
2.020833333333333215e+01,2.361778427197004371e-01
2.022916666666666430e+01,2.355052339230589431e-01
2.025000000000000000e+01,2.342669638939967602e-01
2.027083333333333215e+01,2.304871296539637848e-01
2.029166666666666430e+01,2.258780304710877596e-01
2.031250000000000000e+01,2.232663244014124193e-01
2.033333333333333215e+01,2.211533842282313034e-01
2.035416666666666430e+01,2.169755243685080603e-01
2.037500000000000000e+01,2.121997359065908861e-01
2.039583333333333215e+01,2.096625504358880232e-01
2.041666666666666430e+01,2.078397928546398821e-01
2.043750000000000000e+01,2.040166270746409660e-01
2.045833333333333215e+01,1.995787004105381290e-01
2.047916666666666430e+01,1.972423426097386079e-01
2.050000000000000000e+01,1.955096284024819553e-01
2.052083333333333215e+01,1.922571752670360345e-01
2.054166666666666430e+01,1.891314836876095695e-01
2.056250000000000000e+01,1.889494607364519962e-01
2.058333333333333215e+01,1.901985866755620813e-01
2.060416666666666430e+01,1.901765545357108345e-01
2.062500000000000000e+01,1.902648956339550446e-01
2.064583333333333215e+01,1.932603825422961608e-01
2.066666666666666430e+01,1.976364324786832882e-01
2.068750000000000000e+01,2.006972547399904216e-01
2.070833333333333215e+01,2.036549575272603996e-01
2.072916666666666430e+01,2.080240299412275673e-01
2.075000000000000000e+01,2.117922275909747964e-01
2.077083333333333215e+01,2.125569053067122571e-01
2.079166666666666430e+01,2.118063244396932443e-01
2.081250000000000000e+01,2.123390328145613182e-01
2.083333333333333215e+01,2.126864641078798357e-01
2.085416666666666430e+01,2.104407672034263321e-01
2.087500000000000000e+01,2.071036548230166807e-01
2.089583333333333215e+01,2.054797584189911042e-01
2.091666666666666430e+01,2.041533503997951804e-01
2.093750000000000000e+01,2.011639329798307063e-01
2.095833333333333215e+01,1.982048500841818717e-01
2.097916666666666430e+01,1.980689225561866884e-01
2.100000000000000000e+01,1.992503544955679662e-01
2.102083333333333215e+01,1.990682848442165143e-01
2.104166666666666430e+01,1.988943516424044877e-01
2.106250000000000000e+01,2.015144471091891154e-01
2.108333333333333215e+01,2.054342080092487755e-01
2.110416666666666430e+01,2.079749273300816048e-01
2.112500000000000000e+01,2.103022397859013459e-01
2.114583333333333215e+01,2.139429706223074656e-01
2.116666666666666430e+01,2.169467508863467120e-01
2.118750000000000000e+01,2.174393249252975502e-01
2.120833333333333215e+01,2.171262464135237935e-01
2.122916666666666430e+01,2.187811210480839486e-01
2.125000000000000000e+01,2.209300829647081743e-01
2.127083333333333215e+01,2.209202197181791838e-01
2.129166666666666430e+01,2.201121349072623634e-01
2.131250000000000000e+01,2.212760653555696788e-01
2.133333333333333215e+01,2.229189087706267003e-01
2.135416666666666430e+01,2.223865595811437279e-01
2.137500000000000000e+01,2.210388167371875878e-01
2.139583333333333215e+01,2.216411430057259602e-01
2.141666666666666430e+01,2.227186501393119133e-01
2.143750000000000000e+01,2.216260677195480699e-01
2.145833333333333215e+01,2.197206373713236627e-01
2.147916666666666430e+01,2.197639852124273763e-01
2.150000000000000000e+01,2.202670965125340941e-01
2.152083333333333215e+01,2.191535910860311909e-01
2.154166666666666430e+01,2.146845200580946023e-01
2.156250000000000000e+01,2.046425999720493938e-01
2.158333333333333215e+01,1.893866094808267231e-01
2.160416666666666430e+01,1.711647179982697664e-01
2.162500000000000000e+01,1.523880004135694799e-01
2.164583333333333215e+01,1.328915197648503910e-01
2.166666666666666430e+01,1.127409215371403262e-01
2.168750000000000000e+01,9.341580748206038121e-02
2.170833333333333215e+01,7.473060238222770102e-02
2.172916666666666430e+01,5.622431325285156406e-02
2.175000000000000000e+01,3.956352545866015369e-02
2.177083333333333215e+01,2.535183454411709530e-02
2.179166666666666430e+01,1.223826345206991718e-02
2.181250000000000000e+01,7.746262464911144591e-05
2.183333333333333215e+01,-9.788347550994143734e-03
2.185416666666666430e+01,-1.807079618546552843e-02
2.187500000000000000e+01,-2.657974842204138821e-02
2.189583333333333215e+01,-3.380298160760476789e-02
2.191666666666666430e+01,-3.779630875305561161e-02
2.193750000000000000e+01,-4.027571230955227094e-02
2.195833333333333215e+01,-4.343390669997348325e-02
2.197916666666666430e+01,-4.578936096702567599e-02
2.200000000000000000e+01,-4.533869191923681902e-02
2.202083333333333215e+01,-4.372765548707577277e-02
2.204166666666666430e+01,-4.314649631562580967e-02
2.206250000000000000e+01,-4.197630940741780420e-02
2.208333333333333215e+01,-3.814702357034037428e-02
2.210416666666666430e+01,-3.319411275830864982e-02
2.212500000000000000e+01,-2.914699835094131455e-02
2.214583333333333215e+01,-2.439477822687521891e-02
2.216666666666666430e+01,-1.721482023934592029e-02
2.218750000000000000e+01,-9.343504418237955425e-03
2.220833333333333215e+01,-2.729454530402733101e-03
2.222916666666666430e+01,4.122655252991391100e-03
2.225000000000000000e+01,1.171460026516217383e-02
2.227083333333333215e+01,1.806422742403428899e-02
2.229166666666666430e+01,2.282249212681725092e-02
2.231250000000000000e+01,2.783678454746904563e-02
2.233333333333333215e+01,3.191962526463447414e-02
2.235416666666666430e+01,3.348858128683471908e-02
2.237500000000000000e+01,3.440869772842753554e-02
2.239583333333333215e+01,3.687245688525274401e-02
2.241666666666666430e+01,3.927522964218294055e-02
2.243750000000000000e+01,3.881009049709500947e-02
2.245833333333333215e+01,3.682155565590550239e-02
2.247916666666666430e+01,3.589108398193138760e-02
2.250000000000000000e+01,3.466092666929494054e-02
2.252083333333333215e+01,3.083111679531343186e-02
2.254166666666666430e+01,2.588556989523344010e-02
2.256250000000000000e+01,2.238205587403105032e-02
2.258333333333333215e+01,1.902926577062414790e-02
2.260416666666666430e+01,1.477905990279781111e-02
2.262500000000000000e+01,1.144077550656037029e-02
2.264583333333333215e+01,9.491864692880290499e-03
2.266666666666666430e+01,6.833443046954995256e-03
2.268750000000000000e+01,5.045186369173535607e-03
2.270833333333333215e+01,6.943840023932978597e-03
2.272916666666666430e+01,1.377450962959218990e-02
2.275000000000000000e+01,2.369160644801402565e-02
2.277083333333333215e+01,3.436012806335275033e-02
2.279166666666666430e+01,4.687745071634760730e-02
2.281250000000000000e+01,6.103119277664224851e-02
2.283333333333333215e+01,7.475801608663928954e-02
2.285416666666666430e+01,8.790725424615589145e-02
2.287500000000000000e+01,1.023380883739165859e-01
2.289583333333333215e+01,1.166283478982688970e-01
2.291666666666666430e+01,1.280953128162682086e-01
2.293750000000000000e+01,1.382125163854594496e-01
2.295833333333333215e+01,1.496904705712337469e-01
2.297916666666666430e+01,1.611916275925815156e-01
2.300000000000000000e+01,1.700528206588071134e-01
2.302083333333333215e+01,1.776853645477848853e-01
2.304166666666666430e+01,1.864777880062119808e-01
2.306250000000000000e+01,1.949388712795037393e-01
2.308333333333333215e+01,2.004249027808550077e-01
2.310416666666666430e+01,2.043450898123286563e-01
2.312500000000000000e+01,2.090083114939993991e-01
2.314583333333333215e+01,2.129108820531879498e-01
2.316666666666666430e+01,2.134846257819216220e-01
2.318750000000000000e+01,2.122878880708498062e-01
2.320833333333333215e+01,2.121535167197071969e-01
2.322916666666666430e+01,2.118319269256861981e-01
2.325000000000000000e+01,2.087379166126166197e-01
2.327083333333333215e+01,2.044526268125491097e-01
2.329166666666666430e+01,2.017158726411786840e-01
2.331250000000000000e+01,1.992592892295307339e-01
2.333333333333333215e+01,1.944029342039458319e-01
2.335416666666666430e+01,1.886597706068308677e-01
2.337500000000000000e+01,1.846679052069681859e-01
2.339583333333333215e+01,1.810116797390421417e-01
2.341666666666666430e+01,1.750922604618599943e-01
2.343750000000000000e+01,1.683238804800706312e-01
2.345833333333333215e+01,1.633364209549974244e-01
2.347916666666666430e+01,1.588123334277615484e-01
2.350000000000000000e+01,1.533447879642600709e-01
2.352083333333333215e+01,1.487257461832947047e-01
2.354166666666666430e+01,1.468388157090269042e-01
2.356250000000000000e+01,1.458059117889204115e-01
2.358333333333333215e+01,1.428096074360467593e-01
2.360416666666666430e+01,1.391473458188139112e-01
2.362500000000000000e+01,1.374050693611535423e-01
2.364583333333333215e+01,1.362379962453796056e-01
2.366666666666666430e+01,1.343416871468756935e-01
2.368750000000000000e+01,1.334627703029000467e-01
2.370833333333333215e+01,1.346336098809420845e-01
2.372916666666666430e+01,1.359458176673199736e-01
2.375000000000000000e+01,1.367483027946382601e-01
2.377083333333333215e+01,1.389056771719340277e-01
2.379166666666666430e+01,1.416609250531710718e-01
2.381250000000000000e+01,1.425960920006987265e-01
2.383333333333333215e+01,1.426263797082206464e-01
2.385416666666666430e+01,1.444110422962212592e-01
2.387500000000000000e+01,1.472537230112142548e-01
2.389583333333333215e+01,1.487695633926801042e-01
2.391666666666666430e+01,1.498757299149237054e-01
2.393750000000000000e+01,1.531870262910021152e-01
2.395833333333333215e+01,1.579665477588801104e-01
2.397916666666666430e+01,1.617471516858662028e-01
2.400000000000000000e+01,1.648665932015014879e-01
2.402083333333333215e+01,1.689257587923360115e-01
2.404166666666666430e+01,1.726939996803161514e-01
2.406250000000000000e+01,1.738777965913706480e-01
2.408333333333333215e+01,1.732891119381221590e-01
2.410416666666666430e+01,1.733485363742589547e-01
2.412500000000000000e+01,1.731638948733975891e-01
2.414583333333333215e+01,1.714909627070827502e-01
2.416666666666666430e+01,1.697700996557087449e-01
2.418750000000000000e+01,1.694489601658722422e-01
2.420833333333333215e+01,1.692168543843567130e-01
2.422916666666666430e+01,1.672790397062196566e-01
2.425000000000000000e+01,1.647748738611794217e-01
2.427083333333333215e+01,1.641135960306914499e-01
2.429166666666666430e+01,1.644915045179105029e-01
2.431250000000000000e+01,1.634029813097353512e-01
2.433333333333333215e+01,1.617939371245252778e-01
2.435416666666666430e+01,1.622031345754466614e-01
2.437500000000000000e+01,1.638895212244999289e-01
2.439583333333333215e+01,1.644487213340582732e-01
2.441666666666666430e+01,1.647063223979749469e-01
2.443750000000000000e+01,1.663213663769027850e-01
2.445833333333333215e+01,1.681365892689590524e-01
2.447916666666666430e+01,1.677464640085880032e-01
2.450000000000000000e+01,1.660778230494508179e-01
2.452083333333333215e+01,1.661474099155967332e-01
2.454166666666666430e+01,1.672725772709940384e-01
2.456250000000000000e+01,1.673332198454417774e-01
2.458333333333333215e+01,1.676760282712466410e-01
2.460416666666666430e+01,1.710238170000139279e-01
2.462500000000000000e+01,1.762595761522741111e-01
2.464583333333333215e+01,1.807518619321170084e-01
2.466666666666666430e+01,1.850773792210514690e-01
2.468750000000000000e+01,1.907976358324521837e-01
2.470833333333333215e+01,1.964104211308392856e-01
2.472916666666666430e+01,1.992202443859329986e-01
2.475000000000000000e+01,2.005843923522571126e-01
2.477083333333333215e+01,2.030210369979682239e-01
2.479166666666666430e+01,2.052227624898159408e-01
2.481250000000000000e+01,2.050955552905034951e-01
2.483333333333333215e+01,2.043487206206707207e-01
2.485416666666666430e+01,2.055730654450020345e-01
2.487500000000000000e+01,2.073734875770195107e-01
2.489583333333333215e+01,2.069725018676288608e-01
2.491666666666666430e+01,2.057596807260559935e-01
2.493750000000000000e+01,2.063143338917500791e-01
2.495833333333333215e+01,2.072067393946896985e-01
2.497916666666666430e+01,2.057531227294441267e-01
2.500000000000000000e+01,2.033011536884389014e-01
2.502083333333333215e+01,2.023988779574603381e-01
2.504166666666666430e+01,2.016113204587015040e-01
2.506250000000000000e+01,1.992364722384035169e-01
2.508333333333333215e+01,1.970338379063208967e-01
2.510416666666666430e+01,1.975904704983005300e-01
2.512500000000000000e+01,1.993811993039488473e-01
2.514583333333333215e+01,1.997619030710970078e-01
2.516666666666666430e+01,2.000866892027636235e-01
2.518750000000000000e+01,2.030754510686805236e-01
2.520833333333333215e+01,2.073533686289293354e-01
2.522916666666666430e+01,2.102725514879317803e-01
2.525000000000000000e+01,2.128564368621715663e-01
2.527083333333333215e+01,2.167690231782530563e-01
2.529166666666666430e+01,2.203177674651237705e-01
2.531250000000000000e+01,2.209729353598945123e-01
2.533333333333333215e+01,2.202800873413062466e-01
2.535416666666666430e+01,2.207210670317298895e-01
2.537500000000000000e+01,2.209413445103278195e-01
2.539583333333333215e+01,2.186826194866776651e-01
2.541666666666666430e+01,2.155874356211788800e-01
2.543750000000000000e+01,2.139737517202195405e-01
2.545833333333333215e+01,2.124168101372831408e-01
2.547916666666666430e+01,2.089429301125113325e-01
2.550000000000000000e+01,2.051797248768886528e-01
2.552083333333333215e+01,2.033563444378108653e-01
2.554166666666666430e+01,2.018943431863643168e-01
2.556250000000000000e+01,1.987546963530769650e-01
2.558333333333333215e+01,1.954629495558956043e-01
2.560416666666666430e+01,1.941682019042129392e-01
2.562500000000000000e+01,1.935081142706370771e-01
2.564583333333333215e+01,1.914291222296916062e-01
2.566666666666666430e+01,1.892729208552442199e-01
2.568750000000000000e+01,1.890401714531616262e-01
2.570833333333333215e+01,1.893779616863418280e-01
2.572916666666666430e+01,1.881468673190400398e-01
2.575000000000000000e+01,1.864812568233783219e-01
2.577083333333333215e+01,1.863085660301737612e-01
2.579166666666666430e+01,1.866277751023472098e-01
2.581250000000000000e+01,1.858574357521696196e-01
2.583333333333333215e+01,1.851203609067753053e-01
2.585416666666666430e+01,1.862415141219059267e-01
2.587500000000000000e+01,1.880063446040328712e-01
2.589583333333333215e+01,1.882514169611757826e-01
2.591666666666666430e+01,1.878332882844299112e-01
2.593750000000000000e+01,1.887378363728320907e-01
2.595833333333333215e+01,1.899480107716844113e-01
2.597916666666666430e+01,1.899102004954629497e-01
2.600000000000000000e+01,1.897618789890928859e-01
2.602083333333333215e+01,1.914858283214665446e-01
2.604166666666666430e+01,1.940945583519283757e-01
2.606250000000000000e+01,1.957157951691387565e-01
2.608333333333333215e+01,1.974269574061524868e-01
2.610416666666666430e+01,2.012349601684653710e-01
2.612500000000000000e+01,2.062253961039990369e-01
2.614583333333333215e+01,2.104576806140401601e-01
2.616666666666666430e+01,2.140061932621229734e-01
2.618750000000000000e+01,2.182923365051195608e-01
2.620833333333333215e+01,2.223161591561194084e-01
2.622916666666666430e+01,2.241995793186372099e-01
2.625000000000000000e+01,2.252545364235423453e-01
2.627083333333333215e+01,2.274365447457680489e-01
2.629166666666666430e+01,2.293214459599675903e-01
2.631250000000000000e+01,2.287960186267231077e-01
2.633333333333333215e+01,2.270941289983905986e-01
2.635416666666666430e+01,2.262273776505727974e-01
2.637500000000000000e+01,2.256538644587707254e-01
2.639583333333333215e+01,2.241006200035091656e-01
2.641666666666666430e+01,2.227214188423365104e-01
2.643750000000000000e+01,2.234791682636647348e-01
2.645833333333333215e+01,2.252994562948728019e-01
2.647916666666666430e+01,2.261955826990114105e-01
2.650000000000000000e+01,2.270709959650599741e-01
2.652083333333333215e+01,2.298018457682259874e-01
2.654166666666666430e+01,2.331770795095740312e-01
2.656250000000000000e+01,2.352363456986888701e-01
2.658333333333333215e+01,2.369870274475329441e-01
2.660416666666666430e+01,2.404030830301406574e-01
2.662500000000000000e+01,2.445281261693934005e-01
2.664583333333333215e+01,2.474557912316469876e-01
2.666666666666666430e+01,2.498503501095409030e-01
2.668750000000000000e+01,2.525583518652075310e-01
2.670833333333333215e+01,2.543266659629289661e-01
2.672916666666666430e+01,2.542466301759518932e-01
2.675000000000000000e+01,2.538115818085198705e-01
2.677083333333333215e+01,2.548814772050608246e-01
2.679166666666666430e+01,2.564741143290985570e-01
2.681250000000000000e+01,2.566658673161851256e-01
2.683333333333333215e+01,2.564249756288925486e-01
2.685416666666666430e+01,2.570783740579580812e-01
2.687500000000000000e+01,2.573677440338138500e-01
2.689583333333333215e+01,2.552920328351593882e-01
2.691666666666666430e+01,2.517919403198536354e-01
2.693750000000000000e+01,2.487599491978474964e-01
2.695833333333333215e+01,2.457052437542797674e-01
2.697916666666666430e+01,2.420200372363839614e-01
2.700000000000000000e+01,2.390551387289171492e-01
2.702083333333333215e+01,2.377121006502277978e-01
2.704166666666666430e+01,2.364486642239516101e-01
2.706250000000000000e+01,2.335932210157800892e-01
2.708333333333333215e+01,2.302400021984268297e-01
2.710416666666666430e+01,2.283773200067072684e-01
2.712500000000000000e+01,2.269960607177401724e-01
2.714583333333333215e+01,2.242715921895197251e-01
2.716666666666666430e+01,2.212485031333650820e-01
2.718750000000000000e+01,2.199470607039199499e-01
2.720833333333333215e+01,2.194650647030263468e-01
2.722916666666666430e+01,2.179966020953630901e-01
2.725000000000000000e+01,2.168128064383482156e-01
2.727083333333333215e+01,2.179569128107194109e-01
2.729166666666666430e+01,2.204999648780615606e-01
2.731250000000000000e+01,2.225637633662640447e-01
2.733333333333333215e+01,2.250229724578372559e-01
2.735416666666666430e+01,2.282604636582297175e-01
2.737500000000000000e+01,2.308530778254523630e-01
2.739583333333333215e+01,2.325865150750232591e-01
2.741666666666666430e+01,2.348875916715256473e-01
2.743750000000000000e+01,2.368464329061230889e-01
2.745833333333333215e+01,2.368675579245396179e-01
2.747916666666666430e+01,2.364183303441332318e-01
2.750000000000000000e+01,2.374133645319364827e-01
2.752083333333333215e+01,2.382129399582426643e-01
2.754166666666666430e+01,2.366251006637239973e-01
2.756250000000000000e+01,2.341721748091351862e-01
2.758333333333333215e+01,2.328801886904880158e-01
2.760416666666666430e+01,2.312793400292844082e-01
2.762500000000000000e+01,2.282658113708781189e-01
2.764583333333333215e+01,2.259593655805033907e-01
2.766666666666666430e+01,2.262676606739467411e-01
2.768750000000000000e+01,2.276113961002281250e-01
2.770833333333333215e+01,2.279507471769662563e-01
2.772916666666666430e+01,2.288298856686625249e-01
2.775000000000000000e+01,2.311698378924472441e-01
2.777083333333333215e+01,2.329764157597703778e-01
2.779166666666666430e+01,2.326067838998906179e-01
2.781250000000000000e+01,2.318840104777180888e-01
2.783333333333333215e+01,2.330134574468098740e-01
2.785416666666666430e+01,2.344746800335359704e-01
2.787500000000000000e+01,2.342465643169514555e-01
2.789583333333333215e+01,2.339322617167132190e-01
2.791666666666666430e+01,2.357167656713693438e-01
2.793750000000000000e+01,2.381468290031327484e-01
2.795833333333333215e+01,2.392041209746356145e-01
2.797916666666666430e+01,2.403258511130837161e-01
2.800000000000000000e+01,2.433543412684856244e-01
2.802083333333333215e+01,2.464548229141498292e-01
2.804166666666666430e+01,2.474421284143139832e-01
2.806250000000000000e+01,2.477627272072359388e-01
2.808333333333333215e+01,2.493774657351534862e-01
2.810416666666666430e+01,2.506164739914648609e-01
2.812500000000000000e+01,2.492356243698676255e-01
2.814583333333333215e+01,2.465209708579266523e-01
2.816666666666666430e+01,2.444921327037030412e-01
2.818750000000000000e+01,2.421745584604889645e-01
2.820833333333333215e+01,2.385845937438931252e-01
2.822916666666666430e+01,2.353908716164199721e-01
2.825000000000000000e+01,2.346031277411221583e-01
2.827083333333333215e+01,2.349845823196974326e-01
2.829166666666666430e+01,2.343310955523687511e-01
2.831250000000000000e+01,2.335164052181319949e-01
2.833333333333333215e+01,2.345205007645601580e-01
2.835416666666666430e+01,2.362714915471597066e-01
2.837500000000000000e+01,2.368619649646870884e-01
2.839583333333333215e+01,2.372821532067094508e-01
2.841666666666666430e+01,2.395102501986546284e-01
2.843750000000000000e+01,2.425514736070547850e-01
2.845833333333333215e+01,2.445145380604732688e-01
2.847916666666666430e+01,2.461952682871470510e-01
2.850000000000000000e+01,2.484555117199132024e-01
2.852083333333333215e+01,2.500076518734496989e-01
2.854166666666666430e+01,2.498827887460691177e-01
2.856250000000000000e+01,2.495858397650939364e-01
2.858333333333333215e+01,2.511052467528115395e-01
2.860416666666666430e+01,2.535089033401783376e-01
2.862500000000000000e+01,2.549154037646663151e-01
2.864583333333333215e+01,2.559628602364679151e-01
2.866666666666666430e+01,2.574567133863492341e-01
2.868750000000000000e+01,2.581050714825242065e-01
2.870833333333333215e+01,2.567586087234008385e-01
2.872916666666666430e+01,2.547734732018170911e-01
2.875000000000000000e+01,2.540060469593398151e-01
2.877083333333333215e+01,2.534174666959225775e-01
2.879166666666666430e+01,2.510174182081722494e-01
2.881250000000000000e+01,2.477369687271523402e-01
2.883333333333333215e+01,2.453915524321517438e-01
2.885416666666666430e+01,2.429355270417353496e-01
2.887500000000000000e+01,2.394082751797269315e-01
2.889583333333333215e+01,2.362077945526362133e-01
2.891666666666666430e+01,2.351069732638552123e-01
2.893750000000000000e+01,2.349914482248281200e-01
2.895833333333333215e+01,2.339471692449910933e-01
2.897916666666666430e+01,2.329468333218046860e-01
2.900000000000000000e+01,2.339981483748850011e-01
2.902083333333333215e+01,2.361208966992868197e-01
2.904166666666666430e+01,2.374370845608765879e-01
2.906250000000000000e+01,2.386789084067204025e-01
2.908333333333333215e+01,2.406937944104178551e-01
2.910416666666666430e+01,2.421731633350462931e-01
2.912500000000000000e+01,2.419054719192427205e-01
2.914583333333333215e+01,2.412795241956863512e-01
2.916666666666666430e+01,2.422851152831905774e-01
2.918750000000000000e+01,2.440104146487533932e-01
2.920833333333333215e+01,2.446259279526553088e-01
2.922916666666666430e+01,2.451100957555074067e-01
2.925000000000000000e+01,2.465677503468518550e-01
2.927083333333333215e+01,2.476953994968452422e-01
2.929166666666666430e+01,2.465460529044799232e-01
2.931250000000000000e+01,2.441128185519727267e-01
2.933333333333333215e+01,2.422635360844137831e-01
2.935416666666666430e+01,2.401217946795383140e-01
2.937500000000000000e+01,2.370061028395967218e-01
2.939583333333333215e+01,2.343402397191479136e-01
2.941666666666666430e+01,2.335295209153713247e-01
2.943750000000000000e+01,2.332856713155772588e-01
2.945833333333333215e+01,2.316420450952019483e-01
2.947916666666666430e+01,2.295170056314393969e-01
2.950000000000000000e+01,2.287431027062735989e-01
2.952083333333333215e+01,2.282484192691492941e-01
2.954166666666666430e+01,2.261504021620492355e-01
2.956250000000000000e+01,2.234527139555408382e-01
2.958333333333333215e+01,2.223546364284059995e-01
2.960416666666666430e+01,2.218771433740171217e-01
2.962500000000000000e+01,2.194210099046437212e-01
2.964583333333333215e+01,2.159694689483620811e-01
2.966666666666666430e+01,2.140487818083441074e-01
2.968750000000000000e+01,2.129459535032783291e-01
2.970833333333333215e+01,2.110759479874188826e-01
2.972916666666666430e+01,2.097942067697101121e-01
2.975000000000000000e+01,2.110298298977840437e-01
2.977083333333333215e+01,2.136908568802115826e-01
2.979166666666666430e+01,2.153345253919131674e-01
2.981250000000000000e+01,2.168711854168003106e-01
2.983333333333333215e+01,2.209478536773946677e-01
2.985416666666666430e+01,2.268818960870206958e-01
2.987500000000000000e+01,2.320402375689836205e-01
2.989583333333333215e+01,2.356847851242372394e-01
2.991666666666666430e+01,2.396688001733494611e-01
2.993750000000000000e+01,2.433298920895453077e-01
2.995833333333333215e+01,2.450722487028033081e-01
2.997916666666666430e+01,2.460106723874150858e-01
3.000000000000000000e+01,2.485325098247229691e-01
3.002083333333333215e+01,2.516346410296540492e-01
3.004166666666666430e+01,2.527680767442526677e-01
3.006250000000000000e+01,2.526418214030808351e-01
3.008333333333333215e+01,2.536561943501134953e-01
3.010416666666666430e+01,2.548911870823526438e-01
3.012500000000000000e+01,2.536872923442077266e-01
3.014583333333333215e+01,2.507658146606633887e-01
3.016666666666666430e+01,2.486060175925596527e-01
3.018750000000000000e+01,2.463711228156485744e-01
3.020833333333333215e+01,2.426042036713774441e-01
3.022916666666666430e+01,2.384904855657412615e-01
3.025000000000000000e+01,2.361182319168541877e-01
3.027083333333333215e+01,2.346692238624814020e-01
3.029166666666666430e+01,2.322362985484762166e-01
3.031250000000000000e+01,2.299102146790474588e-01
3.033333333333333215e+01,2.296104350852794240e-01
3.035416666666666430e+01,2.302162963839507193e-01
3.037500000000000000e+01,2.296454066996331811e-01
3.039583333333333215e+01,2.289012869143940143e-01
3.041666666666666430e+01,2.298336094186569922e-01
3.043750000000000000e+01,2.314734935425337425e-01
3.045833333333333215e+01,2.318520265143206860e-01
3.047916666666666430e+01,2.320010500006751686e-01
3.050000000000000000e+01,2.337689041635490350e-01
3.052083333333333215e+01,2.361978241317995442e-01
3.054166666666666430e+01,2.372727418842455749e-01
3.056250000000000000e+01,2.380108530899408270e-01
3.058333333333333215e+01,2.402643315766838650e-01
3.060416666666666430e+01,2.430948842018921530e-01
3.062500000000000000e+01,2.445689106065964957e-01
3.064583333333333215e+01,2.457280428494759417e-01
3.066666666666666430e+01,2.484117996295202302e-01
3.068750000000000000e+01,2.516856458398620822e-01
3.070833333333333215e+01,2.536267739476813499e-01
3.072916666666666430e+01,2.551941445933563757e-01
3.075000000000000000e+01,2.576875054573389834e-01
3.077083333333333215e+01,2.599193477263719299e-01
3.079166666666666430e+01,2.599280390014639952e-01
3.081250000000000000e+01,2.587600567734952839e-01
3.083333333333333215e+01,2.582739404827746332e-01
3.085416666666666430e+01,2.575654773271566222e-01
3.087500000000000000e+01,2.550034552224625384e-01
3.089583333333333215e+01,2.517731763180791615e-01
3.091666666666666430e+01,2.497216701624049018e-01
3.093750000000000000e+01,2.479107388114494548e-01
3.095833333333333215e+01,2.444203260747903339e-01
3.097916666666666430e+01,2.402787569146872526e-01
3.100000000000000000e+01,2.373216705399487647e-01
3.102083333333333215e+01,2.347556429665569044e-01
3.104166666666666430e+01,2.316822403234087557e-01
3.106250000000000000e+01,2.294614927830735396e-01
3.108333333333333215e+01,2.289701586888306106e-01
3.110416666666666430e+01,2.288801085684322723e-01
3.112500000000000000e+01,2.272920354417298228e-01
3.114583333333333215e+01,2.252551794140427166e-01
3.116666666666666430e+01,2.247668024772730699e-01
3.118750000000000000e+01,2.249803073111448781e-01
3.120833333333333215e+01,2.239928781958322179e-01
3.122916666666666430e+01,2.228353480625639704e-01
3.125000000000000000e+01,2.233250053442814576e-01
3.127083333333333215e+01,2.245364251909501840e-01
3.129166666666666430e+01,2.245741513215405993e-01
3.131250000000000000e+01,2.244693786673095659e-01
3.133333333333333215e+01,2.260324972191125048e-01
3.135416666666666430e+01,2.283354459167784289e-01
3.137500000000000000e+01,2.294476037848654781e-01
3.139583333333333215e+01,2.303639214790083600e-01
3.141666666666666430e+01,2.328763770727696747e-01
3.143750000000000000e+01,2.360726958957378718e-01
3.145833333333333215e+01,2.380800441442804949e-01
3.147916666666666430e+01,2.399174777970369266e-01
3.150000000000000000e+01,2.433733736541492942e-01
3.152083333333333215e+01,2.475374772238229937e-01
3.154166666666666430e+01,2.505379240089095072e-01
3.156250000000000000e+01,2.533323790334552350e-01
3.158333333333333215e+01,2.573494146545524663e-01
3.160416666666666430e+01,2.615300869937366435e-01
3.162500000000000000e+01,2.639810733958638522e-01
3.164583333333333215e+01,2.656909366115554061e-01
3.166666666666666430e+01,2.684340960693179512e-01
3.168750000000000000e+01,2.713128020871932722e-01
3.170833333333333215e+01,2.724802395645136710e-01
3.172916666666666430e+01,2.729387952745005452e-01
3.175000000000000000e+01,2.744520972186632046e-01
3.177083333333333215e+01,2.761264762943564932e-01
3.179166666666666430e+01,2.761247098496561470e-01
3.181250000000000000e+01,2.754378690755512338e-01
3.183333333333333215e+01,2.758203202133896470e-01
3.185416666666666430e+01,2.763833367347057757e-01
3.187500000000000000e+01,2.752955534835884177e-01
3.189583333333333215e+01,2.735598174212561795e-01
3.191666666666666430e+01,2.729672682431764086e-01
3.193750000000000000e+01,2.726459815930518671e-01
3.195833333333333215e+01,2.707717594636346314e-01
3.197916666666666430e+01,2.683486732193959279e-01
3.200000000000000000e+01,2.673290897061097460e-01
3.202083333333332860e+01,2.669048159581738910e-01
3.204166666666666430e+01,2.651248874045993853e-01
3.206250000000000000e+01,2.632138394444216156e-01
3.208333333333332860e+01,2.629069448870980374e-01
3.210416666666666430e+01,2.622539947437788621e-01
3.212500000000000000e+01,2.590625313669286389e-01
3.214583333333332860e+01,2.548954021247661350e-01
3.216666666666666430e+01,2.516626273469034780e-01
3.218750000000000000e+01,2.478173000914896118e-01
3.220833333333332860e+01,2.421261008886100852e-01
3.222916666666666430e+01,2.364885261392235538e-01
3.225000000000000000e+01,2.328113929384852121e-01
3.227083333333332860e+01,2.294942362899518029e-01
3.229166666666666430e+01,2.244966772228395302e-01
3.231250000000000000e+01,2.193641519098413761e-01
3.233333333333332860e+01,2.159818423708787238e-01
3.235416666666666430e+01,2.126504250371665239e-01
3.237500000000000000e+01,2.086116204568309318e-01
3.239583333333332860e+01,2.058650155969717899e-01
3.241666666666666430e+01,2.049803540560558024e-01
3.243750000000000000e+01,2.037858258553039426e-01
3.245833333333332860e+01,2.022995471784928279e-01
3.247916666666666430e+01,2.025684469601373994e-01
3.250000000000000000e+01,2.030650984905854051e-01
3.252083333333332860e+01,2.017691062927291501e-01
3.254166666666666430e+01,2.003695364228592346e-01
3.256250000000000000e+01,2.014597200851358794e-01
3.258333333333332860e+01,2.035476284114794976e-01
3.260416666666666430e+01,2.039470179688562812e-01
3.262500000000000000e+01,2.040120573082796762e-01
3.264583333333332860e+01,2.063317610933175505e-01
3.266666666666666430e+01,2.092704957988664183e-01
3.268750000000000000e+01,2.098558734700684270e-01
3.270833333333332860e+01,2.093437037295973469e-01
3.272916666666666430e+01,2.103007280077774377e-01
3.275000000000000000e+01,2.114119888458743934e-01
3.277083333333332860e+01,2.112647209638852941e-01
3.279166666666666430e+01,2.115783514070654625e-01
3.281250000000000000e+01,2.134306163594110739e-01
3.283333333333332860e+01,2.149068954185880120e-01
3.285416666666666430e+01,2.160130871635450311e-01
3.287500000000000000e+01,2.185158126538601642e-01
3.289583333333332860e+01,2.213654092182466004e-01
3.291666666666666430e+01,2.218693390039733204e-01
3.293750000000000000e+01,2.206034520214660011e-01
3.295833333333332860e+01,2.200493018221945374e-01
3.297916666666666430e+01,2.202209924926282480e-01
3.300000000000000000e+01,2.192708094305517441e-01
3.302083333333332860e+01,2.179858158058993467e-01
3.304166666666666430e+01,2.187439375878312275e-01
3.306250000000000000e+01,2.206598725349372125e-01
3.308333333333332860e+01,2.210357675407441103e-01
3.310416666666666430e+01,2.204467900181161788e-01
3.312500000000000000e+01,2.212703780007904408e-01
3.314583333333332860e+01,2.226258409968043805e-01
3.316666666666666430e+01,2.218187506695218358e-01
3.318750000000000000e+01,2.194227847181520197e-01
3.320833333333332860e+01,2.178889223309169176e-01
3.322916666666666430e+01,2.170078775545659366e-01
3.325000000000000000e+01,2.150295064918421872e-01
3.327083333333332860e+01,2.128286664232682257e-01
3.329166666666666430e+01,2.127836770250469689e-01
3.331250000000000000e+01,2.140153062070547230e-01
3.333333333333332860e+01,2.138225083818107164e-01
3.335416666666666430e+01,2.127732355254355334e-01
3.337500000000000000e+01,2.132462683587217356e-01
3.339583333333332860e+01,2.143700463003463952e-01
3.341666666666666430e+01,2.134887489947487060e-01
3.343750000000000000e+01,2.114922548673756619e-01
3.345833333333332860e+01,2.108784315745881044e-01
3.347916666666666430e+01,2.107883542481789607e-01
3.350000000000000000e+01,2.093227375003113011e-01
3.352083333333332860e+01,2.074024262209963887e-01
3.354166666666666430e+01,2.074004637487052438e-01
3.356250000000000000e+01,2.084598534724958208e-01
3.358333333333332860e+01,2.078862721471544384e-01
3.360416666666666430e+01,2.062288167760854274e-01
3.362500000000000000e+01,2.058615325081691871e-01
3.364583333333332860e+01,2.060650491588511546e-01
3.366666666666666430e+01,2.051852081758369639e-01
3.368750000000000000e+01,2.042185618387597490e-01
3.370833333333332860e+01,2.055397858250632426e-01
3.372916666666666430e+01,2.083023499010566437e-01
3.375000000000000000e+01,2.098083253908543944e-01
3.377083333333332860e+01,2.105931968573600821e-01
3.379166666666666430e+01,2.130335869526684967e-01
3.381250000000000000e+01,2.162961906014611857e-01
3.383333333333332860e+01,2.176849975952121208e-01
3.385416666666666430e+01,2.177288636949241685e-01
3.387500000000000000e+01,2.187740511518362074e-01
3.389583333333332860e+01,2.199388684231504409e-01
3.391666666666666430e+01,2.196320564248255558e-01
3.393750000000000000e+01,2.190783997292052865e-01
3.395833333333332860e+01,2.204399261230046148e-01
3.397916666666666430e+01,2.230219203168056219e-01
3.400000000000000000e+01,2.246777350975098786e-01
3.402083333333332860e+01,2.249144450084184510e-01
3.404166666666666430e+01,2.249774370789999478e-01
3.406250000000000000e+01,2.242150251388526361e-01
3.408333333333332860e+01,2.231736810390431425e-01
3.410416666666666430e+01,2.232514477299627764e-01
3.412500000000000000e+01,2.228015897597044048e-01
3.414583333333332860e+01,2.200350359825516133e-01
3.416666666666666430e+01,2.169745354003946025e-01
3.418750000000000000e+01,2.165555243347457026e-01
3.420833333333332860e+01,2.174628450157715109e-01
3.422916666666666430e+01,2.169795614389368743e-01
3.425000000000000000e+01,2.158458932721872003e-01
3.427083333333332860e+01,2.167732619109402348e-01
3.429166666666666430e+01,2.190841887509111796e-01
3.431250000000000000e+01,2.203098807289768923e-01
3.433333333333332860e+01,2.210017507154508343e-01
3.435416666666666430e+01,2.229299207941477790e-01
3.437500000000000000e+01,2.249171769136628085e-01
3.439583333333332860e+01,2.244354596710241567e-01
3.441666666666666430e+01,2.221413880397158647e-01
3.443750000000000000e+01,2.207133840416082848e-01
3.445833333333332860e+01,2.194783187455450479e-01
3.447916666666666430e+01,2.160015775309316877e-01
3.450000000000000000e+01,2.112029624480616097e-01
3.452083333333332860e+01,2.078470865194751716e-01
3.454166666666666430e+01,2.052898410966022547e-01
3.456250000000000000e+01,2.015290204260918039e-01
3.458333333333332860e+01,1.974451409002937197e-01
3.460416666666666430e+01,1.956509186795704347e-01
3.462500000000000000e+01,1.952444880962472262e-01
3.464583333333332860e+01,1.937020647374133597e-01
3.466666666666666430e+01,1.918471179049612563e-01
3.468750000000000000e+01,1.923866079773929316e-01
3.470833333333332860e+01,1.946117751021123332e-01
3.472916666666666430e+01,1.960764070390117741e-01
3.475000000000000000e+01,1.973836081867734460e-01
3.477083333333332860e+01,2.004612140072681015e-01
3.479166666666666430e+01,2.041815175784071346e-01
3.481250000000000000e+01,2.060474155117915651e-01
3.483333333333332860e+01,2.067501944338413777e-01
3.485416666666666430e+01,2.089253220985825277e-01
3.487500000000000000e+01,2.118589629285226317e-01
3.489583333333332860e+01,2.131138919228222628e-01
3.491666666666666430e+01,2.133567530864992901e-01
3.493750000000000000e+01,2.149628570284818629e-01
3.495833333333332860e+01,2.170747667138650805e-01
3.497916666666666430e+01,2.172273445346765697e-01
3.500000000000000000e+01,2.161077642292884293e-01
3.502083333333332860e+01,2.163568640594236980e-01
3.504166666666666430e+01,2.172664784382862535e-01
3.506250000000000000e+01,2.163947152095374860e-01
3.508333333333332860e+01,2.144253156252638182e-01
3.510416666666666430e+01,2.138940268704935532e-01
3.512500000000000000e+01,2.138524972161443549e-01
3.514583333333332860e+01,2.117948030247087665e-01
3.516666666666666430e+01,2.087545661475116998e-01
3.518750000000000000e+01,2.074919377981188917e-01
3.520833333333332860e+01,2.069961472346776854e-01
3.522916666666666430e+01,2.047757677588878111e-01
3.525000000000000000e+01,2.022930460631504057e-01
3.527083333333332860e+01,2.022601796490027248e-01
3.529166666666666430e+01,2.033276061381326660e-01
3.531250000000000000e+01,2.029067198318371679e-01
3.533333333333332860e+01,2.025576053088434803e-01
3.535416666666666430e+01,2.045875224304569417e-01
3.537500000000000000e+01,2.074349784519984863e-01
3.539583333333332860e+01,2.085236243775959175e-01
3.541666666666666430e+01,2.094398644801060971e-01
3.543750000000000000e+01,2.126662712599484417e-01
3.545833333333332860e+01,2.167157315593873368e-01
3.547916666666666430e+01,2.190248959108684057e-01
3.550000000000000000e+01,2.210472286838570943e-01
3.552083333333332860e+01,2.242497688967898806e-01
3.554166666666666430e+01,2.270054676338158217e-01
3.556250000000000000e+01,2.292002333583125218e-01
3.558333333333332860e+01,2.315652506692925661e-01
3.560416666666666430e+01,2.329775127600774709e-01
3.562500000000000000e+01,2.317679566115982692e-01
3.564583333333332860e+01,2.292034552669254266e-01
3.566666666666666430e+01,2.273988800778816155e-01
3.568750000000000000e+01,2.255780357061908936e-01
3.570833333333332860e+01,2.218896741264096140e-01
3.572916666666666430e+01,2.173373202184212261e-01
3.575000000000000000e+01,2.137565344471095419e-01
3.577083333333332860e+01,2.102494643568068311e-01
3.579166666666666430e+01,2.050125706921115121e-01
3.581250000000000000e+01,1.993487513839598824e-01
3.583333333333332860e+01,1.952074301836465853e-01
3.585416666666666430e+01,1.914562999496803031e-01
3.587500000000000000e+01,1.872887732994933663e-01
3.589583333333332860e+01,1.839977091717206747e-01
3.591666666666666430e+01,1.824440089869284742e-01
3.593750000000000000e+01,1.812369624800964363e-01
3.595833333333332860e+01,1.789811425128783884e-01
3.597916666666666430e+01,1.767745307894703910e-01
3.600000000000000000e+01,1.763626589107178122e-01
3.602083333333332860e+01,1.766941909383757392e-01
3.604166666666666430e+01,1.757578173853625580e-01
3.606250000000000000e+01,1.743676571916504547e-01
3.608333333333332860e+01,1.743914072504365032e-01
3.610416666666666430e+01,1.749121765453195143e-01
3.612500000000000000e+01,1.743392164808013067e-01
3.614583333333332860e+01,1.737224377888030580e-01
3.616666666666666430e+01,1.749601469056860092e-01
3.618750000000000000e+01,1.772006462795021053e-01
3.620833333333332860e+01,1.787251421738278723e-01
3.622916666666666430e+01,1.805696240659851459e-01
3.625000000000000000e+01,1.846211615338173018e-01
3.627083333333332860e+01,1.899779744423394645e-01
3.629166666666666430e+01,1.948063948422195379e-01
3.631250000000000000e+01,1.992111102852584803e-01
3.633333333333332860e+01,2.044687458564066196e-01
3.635416666666666430e+01,2.096088187396980829e-01
3.637500000000000000e+01,2.127510628974997042e-01
3.639583333333332860e+01,2.148753265393321676e-01
3.641666666666666430e+01,2.177040374642295606e-01
3.643750000000000000e+01,2.202863976726137929e-01
3.645833333333332860e+01,2.205911478910253798e-01
3.647916666666666430e+01,2.194674480123102456e-01
3.650000000000000000e+01,2.186434221010806478e-01
3.652083333333332860e+01,2.172094448115209075e-01
3.654166666666666430e+01,2.141074598283865538e-01
3.656250000000000000e+01,2.105805942350692794e-01
3.658333333333332860e+01,2.084891444935542404e-01
3.660416666666666430e+01,2.068786378179652274e-01
3.662500000000000000e+01,2.038946946091572954e-01
3.664583333333332860e+01,2.004272940929495150e-01
3.666666666666666430e+01,1.982711700166744639e-01
3.668750000000000000e+01,1.964461483400847808e-01
3.670833333333332860e+01,1.932198788234237019e-01
3.672916666666666430e+01,1.895147922978466237e-01
3.675000000000000000e+01,1.872176558077868758e-01
3.677083333333332860e+01,1.854002268292173905e-01
3.679166666666666430e+01,1.824423657636655982e-01
3.681250000000000000e+01,1.793685332533554722e-01
3.683333333333332860e+01,1.780706254026470092e-01
3.685416666666666430e+01,1.777109668786945318e-01
3.687500000000000000e+01,1.765601552750377667e-01
3.689583333333332860e+01,1.756986958411772826e-01
3.691666666666666430e+01,1.772573980438261754e-01
3.693750000000000000e+01,1.804563827491803829e-01
3.695833333333332860e+01,1.832919223675001930e-01
3.697916666666666430e+01,1.864304562735871751e-01
3.700000000000000000e+01,1.899776677131160829e-01
3.702083333333332860e+01,1.926146529951685560e-01
3.704166666666666430e+01,1.950326332488096781e-01
3.706250000000000000e+01,1.988301919541833884e-01
3.708333333333332860e+01,2.021670991100609494e-01
3.710416666666666430e+01,2.028857473646568932e-01
3.712500000000000000e+01,2.025889316377171567e-01
3.714583333333332860e+01,2.030191779135814834e-01
3.716666666666666430e+01,2.031091622968325405e-01
3.718750000000000000e+01,2.010625439591157970e-01
3.720833333333332860e+01,1.982068843497198918e-01
3.722916666666666430e+01,1.963706890830980156e-01
3.725000000000000000e+01,1.941514017732852426e-01
3.727083333333332860e+01,1.903471037219252870e-01
3.729166666666666430e+01,1.868453205784813553e-01
3.731250000000000000e+01,1.855947659654120507e-01
3.733333333333332860e+01,1.850693382129248998e-01
3.735416666666666430e+01,1.833581900803474274e-01
3.737500000000000000e+01,1.821773947086868517e-01
3.739583333333332860e+01,1.830706616542087106e-01
3.741666666666666430e+01,1.841689115758868012e-01
3.743750000000000000e+01,1.835327442644305307e-01
3.745833333333332860e+01,1.828791739041519815e-01
3.747916666666666430e+01,1.843301736379285571e-01
3.750000000000000000e+01,1.863940031515562146e-01
3.752083333333332860e+01,1.871570270695274707e-01
3.754166666666666430e+01,1.880979928154828396e-01
3.756250000000000000e+01,1.904703444920366751e-01
3.758333333333332860e+01,1.921287438790988122e-01
3.760416666666666430e+01,1.909877392408326491e-01
3.762500000000000000e+01,1.886037015994494470e-01
3.764583333333332860e+01,1.869748828812591301e-01
3.766666666666666430e+01,1.851007491546341477e-01
3.768750000000000000e+01,1.817512172891638522e-01
3.770833333333332860e+01,1.787705329407981991e-01
3.772916666666666430e+01,1.781124212708111443e-01
3.775000000000000000e+01,1.780602115958622722e-01
3.777083333333332860e+01,1.765250025409698387e-01
3.779166666666666430e+01,1.752609829018348941e-01
3.781250000000000000e+01,1.762945212454264943e-01
3.783333333333332860e+01,1.780060336974001456e-01
3.785416666666666430e+01,1.781982496344701739e-01
3.787500000000000000e+01,1.785638852391686626e-01
3.789583333333332860e+01,1.812218756861951885e-01
3.791666666666666430e+01,1.846049643598483836e-01
3.793750000000000000e+01,1.867227474026201817e-01
3.795833333333332860e+01,1.886883501507867211e-01
3.797916666666666430e+01,1.916864478745213540e-01
3.800000000000000000e+01,1.938103311273207952e-01
3.802083333333332860e+01,1.930957160437098141e-01
3.804166666666666430e+01,1.912256595623596234e-01
3.806250000000000000e+01,1.903648464520425465e-01
3.808333333333332860e+01,1.891146515454487920e-01
3.810416666666666430e+01,1.857503280155302361e-01
3.812500000000000000e+01,1.818634021429947623e-01
3.814583333333332860e+01,1.793588075073930255e-01
3.816666666666666430e+01,1.765738018288750821e-01
3.818750000000000000e+01,1.723309066003463341e-01
3.820833333333332860e+01,1.686149287534736696e-01
3.822916666666666430e+01,1.673618248624579030e-01
3.825000000000000000e+01,1.669079236758586327e-01
3.827083333333332860e+01,1.651818577860197645e-01
3.829166666666666430e+01,1.638380053789786350e-01
3.831250000000000000e+01,1.648529094532573958e-01
3.833333333333332860e+01,1.666083513222831880e-01
3.835416666666666430e+01,1.670654426439687479e-01
3.837500000000000000e+01,1.676935726362037971e-01
3.839583333333332860e+01,1.704367786956996200e-01
3.841666666666666430e+01,1.737087496593277824e-01
3.843750000000000000e+01,1.755772110035302702e-01
3.845833333333332860e+01,1.777274980693280271e-01
3.847916666666666430e+01,1.813982050376252431e-01
3.850000000000000000e+01,1.846215726964572645e-01
3.852083333333332860e+01,1.854586640329117797e-01
3.854166666666666430e+01,1.856729386657967329e-01
3.856250000000000000e+01,1.873781392294141257e-01
3.858333333333332860e+01,1.889580144625831459e-01
3.860416666666666430e+01,1.884517003615394093e-01
3.862500000000000000e+01,1.874810670589915629e-01
3.864583333333332860e+01,1.881344603492606238e-01
3.866666666666666430e+01,1.889895084345234733e-01
3.868750000000000000e+01,1.881108033606408159e-01
3.870833333333332860e+01,1.869030582567145493e-01
3.872916666666666430e+01,1.872661602737229480e-01
3.875000000000000000e+01,1.875357347586686929e-01
3.877083333333332860e+01,1.856308989924808917e-01
3.879166666666666430e+01,1.831291369384867307e-01
3.881250000000000000e+01,1.819609025835253746e-01
3.883333333333332860e+01,1.804881901332689165e-01
3.885416666666666430e+01,1.776063582076146952e-01
3.887500000000000000e+01,1.753966273002424137e-01
3.889583333333332860e+01,1.758321996758080985e-01
3.891666666666666430e+01,1.772638837339048645e-01
3.893750000000000000e+01,1.775082995112717832e-01
3.895833333333332860e+01,1.784796521498237531e-01
3.897916666666666430e+01,1.828476216374572416e-01
3.900000000000000000e+01,1.886519165551314714e-01
3.902083333333332860e+01,1.936737958092863421e-01
3.904166666666666430e+01,1.992655071310884540e-01
3.906250000000000000e+01,2.064200131542244243e-01
3.908333333333332860e+01,2.133868886439632684e-01
3.910416666666666430e+01,2.182215877713278296e-01
3.912500000000000000e+01,2.221617200128413738e-01
3.914583333333332860e+01,2.271474881051432082e-01
3.916666666666666430e+01,2.323332203722840161e-01
3.918750000000000000e+01,2.360244464984788404e-01
3.920833333333332860e+01,2.392494205615121605e-01
3.922916666666666430e+01,2.438911079438154939e-01
3.925000000000000000e+01,2.490510285977287630e-01
3.927083333333332860e+01,2.529542640722211577e-01
3.929166666666666430e+01,2.559161924348646311e-01
3.931250000000000000e+01,2.593605581921227254e-01
3.933333333333332860e+01,2.623104409030412310e-01
3.935416666666666430e+01,2.627371871969856332e-01
3.937500000000000000e+01,2.615109831127856443e-01
3.939583333333332860e+01,2.604317414756349147e-01
3.941666666666666430e+01,2.586939768036489173e-01
3.943750000000000000e+01,2.555132469769769710e-01
3.945833333333332860e+01,2.522138602483532943e-01
3.947916666666666430e+01,2.505001476490465451e-01
3.950000000000000000e+01,2.493299704902529890e-01
3.952083333333332860e+01,2.468447383013150087e-01
3.954166666666666430e+01,2.439139315323160528e-01
3.956250000000000000e+01,2.422538169579825929e-01
3.958333333333332860e+01,2.408527937523107232e-01
3.960416666666666430e+01,2.378580135248521410e-01
3.962500000000000000e+01,2.341324339711033098e-01
3.964583333333332860e+01,2.315283457706031056e-01
3.966666666666666430e+01,2.292211696735034221e-01
3.968750000000000000e+01,2.264617045914796012e-01
3.970833333333332860e+01,2.245576729949788630e-01
3.972916666666666430e+01,2.248519996903515783e-01
3.975000000000000000e+01,2.262658061548158683e-01
3.977083333333332860e+01,2.271051790762047551e-01
3.979166666666666430e+01,2.282901568071040721e-01
3.981250000000000000e+01,2.308136867048405094e-01
3.983333333333332860e+01,2.334245469002103335e-01
3.985416666666666430e+01,2.343996636415375256e-01
3.987500000000000000e+01,2.347697127340653833e-01
3.989583333333332860e+01,2.365779730988779583e-01
3.991666666666666430e+01,2.390256304358896744e-01
3.993750000000000000e+01,2.402006807484646511e-01
3.995833333333332860e+01,2.410097626529808246e-01
3.997916666666666430e+01,2.431448035929811013e-01
4.000000000000000000e+01,2.455988298580098761e-01
4.002083333333332860e+01,2.463864331400648644e-01
4.004166666666666430e+01,2.462837049881808904e-01
4.006250000000000000e+01,2.470096235589913647e-01
4.008333333333332860e+01,2.475322180186232124e-01
4.010416666666666430e+01,2.460408380358274638e-01
4.012500000000000000e+01,2.434047611946205114e-01
4.014583333333332860e+01,2.414423392840310545e-01
4.016666666666666430e+01,2.395475904777868981e-01
4.018750000000000000e+01,2.371252585203733054e-01
4.020833333333332860e+01,2.354056114482965811e-01
4.022916666666666430e+01,2.350004506099425128e-01
4.025000000000000000e+01,2.345449417710579187e-01
4.027083333333332860e+01,2.328894560425805449e-01
4.029166666666666430e+01,2.313212028400334352e-01
4.031250000000000000e+01,2.316732726674158860e-01
4.033333333333332860e+01,2.330931428791092885e-01
4.035416666666666430e+01,2.338861294597243956e-01
4.037500000000000000e+01,2.349368080446525564e-01
4.039583333333332860e+01,2.365849667947475532e-01
4.041666666666666430e+01,2.375857985019440566e-01
4.043750000000000000e+01,2.385139080749754115e-01
4.045833333333332860e+01,2.409088458310218728e-01
4.047916666666666430e+01,2.429329742712723061e-01
4.050000000000000000e+01,2.425214004967383430e-01
4.052083333333332860e+01,2.412442312159707170e-01
4.054166666666666430e+01,2.409979022619503364e-01
4.056250000000000000e+01,2.400907970995561080e-01
4.058333333333332860e+01,2.373181438860221260e-01
4.060416666666666430e+01,2.346943992135867296e-01
4.062500000000000000e+01,2.341707142877737235e-01
4.064583333333332860e+01,2.340998539105113296e-01
4.066666666666666430e+01,2.324474805058696358e-01
4.068750000000000000e+01,2.310121353642355380e-01
4.070833333333332860e+01,2.318201375568642586e-01
4.072916666666666430e+01,2.332697022815038990e-01
4.075000000000000000e+01,2.333578121370482039e-01
4.077083333333332860e+01,2.334688003498461839e-01
4.079166666666666430e+01,2.354577657224670995e-01
4.081250000000000000e+01,2.385355645528397239e-01
4.083333333333332860e+01,2.409389210677723436e-01
4.085416666666666430e+01,2.426685305565298711e-01
4.087500000000000000e+01,2.451101480811808397e-01
4.089583333333332860e+01,2.474218322531172021e-01
4.091666666666666430e+01,2.479024579451569454e-01
4.093750000000000000e+01,2.475891150482715797e-01
4.095833333333332860e+01,2.483174348512707241e-01
4.097916666666666430e+01,2.490546196543204360e-01
4.100000000000000000e+01,2.478342930368026276e-01
4.102083333333332860e+01,2.456068012310853588e-01
4.104166666666666430e+01,2.441865368111063028e-01
4.106250000000000000e+01,2.427418699646204103e-01
4.108333333333332860e+01,2.395057591907110428e-01
4.110416666666666430e+01,2.354712894264343326e-01
4.112500000000000000e+01,2.324647225782269233e-01
4.114583333333332860e+01,2.296521573705122832e-01
4.116666666666666430e+01,2.255366913772864357e-01
4.118750000000000000e+01,2.211676379788815594e-01
4.120833333333332860e+01,2.182764871805579210e-01
4.122916666666666430e+01,2.159309819325030133e-01
4.125000000000000000e+01,2.123191455235256542e-01
4.127083333333332860e+01,2.083314624427778095e-01
4.129166666666666430e+01,2.056959304614096040e-01
4.131250000000000000e+01,2.035711066426657556e-01
4.133333333333332860e+01,2.012283227044874834e-01
4.135416666666666430e+01,1.999216997909452898e-01
4.137500000000000000e+01,2.007936965875601054e-01
4.139583333333332860e+01,2.025602365857251397e-01
4.141666666666666430e+01,2.033928190280955284e-01
4.143750000000000000e+01,2.041238209993297414e-01
4.145833333333332860e+01,2.064872594224147484e-01
4.147916666666666430e+01,2.094543762868041892e-01
4.150000000000000000e+01,2.112714088204003249e-01
4.152083333333332860e+01,2.128131666886551032e-01
4.154166666666666430e+01,2.158840363157107367e-01
4.156250000000000000e+01,2.195737963376433177e-01
4.158333333333332860e+01,2.221535599608036315e-01
4.160416666666666430e+01,2.245843396393521763e-01
4.162500000000000000e+01,2.287047994000128703e-01
4.164583333333332860e+01,2.336736888744918028e-01
4.166666666666666430e+01,2.376869043479181431e-01
4.168750000000000000e+01,2.410143269433666913e-01
4.170833333333332860e+01,2.448299633533569941e-01
4.172916666666666430e+01,2.481200532577790552e-01
4.175000000000000000e+01,2.492046097621947731e-01
4.177083333333332860e+01,2.490872581398638208e-01
4.179166666666666430e+01,2.495835823331103431e-01
4.181250000000000000e+01,2.498348806771635844e-01
4.183333333333332860e+01,2.480647068112194764e-01
4.185416666666666430e+01,2.452325159079296879e-01
4.187500000000000000e+01,2.430666883490735231e-01
4.189583333333332860e+01,2.407587539165082224e-01
4.191666666666666430e+01,2.375789968572708244e-01
4.193750000000000000e+01,2.348245791240427538e-01
4.195833333333332860e+01,2.337407768842966749e-01
4.197916666666666430e+01,2.331408567906596840e-01
4.200000000000000000e+01,2.311712453993292615e-01
4.202083333333332860e+01,2.286581042261257024e-01
4.204166666666666430e+01,2.272791091575000477e-01
4.206250000000000000e+01,2.260797228760062505e-01
4.208333333333332860e+01,2.236538132988328265e-01
4.210416666666666430e+01,2.210473931209363252e-01
4.212500000000000000e+01,2.200020516109605084e-01
4.214583333333332860e+01,2.195363155386391985e-01
4.216666666666666430e+01,2.178217319868275548e-01
4.218750000000000000e+01,2.157392017943555729e-01
4.220833333333332860e+01,2.151349326492461855e-01
4.222916666666666430e+01,2.151219283924618031e-01
4.225000000000000000e+01,2.140278287630023313e-01
4.227083333333332860e+01,2.129129083281423862e-01
4.229166666666666430e+01,2.137552395160895735e-01
4.231250000000000000e+01,2.157768029284935773e-01
4.233333333333332860e+01,2.172913231829281255e-01
4.235416666666666430e+01,2.191580619448694756e-01
4.237500000000000000e+01,2.221178838340634454e-01
4.239583333333332860e+01,2.248331997426614992e-01
4.241666666666666430e+01,2.255030499236537200e-01
4.243750000000000000e+01,2.250910871172575323e-01
4.245833333333332860e+01,2.255881987393919819e-01
4.247916666666666430e+01,2.262024670535895676e-01
4.250000000000000000e+01,2.254421999455649972e-01
4.252083333333332860e+01,2.242949839768188791e-01
4.254166666666666430e+01,2.244337465438399348e-01
4.256250000000000000e+01,2.248314989044263856e-01
4.258333333333332860e+01,2.236809230574470508e-01
4.260416666666666430e+01,2.218304882298300085e-01
4.262500000000000000e+01,2.209810899446536525e-01
4.264583333333332860e+01,2.202792673526551281e-01
4.266666666666666430e+01,2.192041857325323639e-01
4.268750000000000000e+01,2.189375934509754928e-01
4.270833333333332860e+01,2.193043802278671073e-01
4.272916666666666430e+01,2.198373451435662873e-01
4.275000000000000000e+01,2.214999973295773972e-01
4.277083333333332860e+01,2.234569331714413853e-01
4.279166666666666430e+01,2.253176474951681940e-01
4.281250000000000000e+01,2.281928475646418653e-01
4.283333333333332860e+01,2.311813188454849011e-01
4.285416666666666430e+01,2.324271018449282911e-01
4.287500000000000000e+01,2.328743747524442131e-01
4.289583333333332860e+01,2.346931769734462159e-01
4.291666666666666430e+01,2.369811910971970081e-01
4.293750000000000000e+01,2.374439838757036181e-01
4.295833333333332860e+01,2.368019430173958495e-01
4.297916666666666430e+01,2.375931084518199121e-01
4.300000000000000000e+01,2.390559697796106886e-01
4.302083333333332860e+01,2.386217974669685993e-01
4.304166666666666430e+01,2.368862043372568504e-01
4.306250000000000000e+01,2.362735554136574656e-01
4.308333333333332860e+01,2.361498878076704611e-01
4.310416666666666430e+01,2.350144425139331361e-01
4.312500000000000000e+01,2.339468453437361928e-01
4.314583333333332860e+01,2.353079674261617515e-01
4.316666666666666430e+01,2.380851360879488454e-01
4.318750000000000000e+01,2.394948306038260089e-01
4.320833333333332860e+01,2.404094097735774149e-01
4.322916666666666430e+01,2.433428897566399796e-01
4.325000000000000000e+01,2.476013481220496748e-01
4.327083333333332860e+01,2.505769561815909818e-01
4.329166666666666430e+01,2.528723673082793888e-01
4.331250000000000000e+01,2.562665989171551972e-01
4.333333333333332860e+01,2.597611103082648198e-01
4.335416666666666430e+01,2.608709411428752900e-01
4.337500000000000000e+01,2.603541649027126259e-01
4.339583333333332860e+01,2.608623447088943004e-01
4.341666666666666430e+01,2.618172205129338237e-01
4.343750000000000000e+01,2.608259775797912572e-01
4.345833333333332860e+01,2.586720342568987197e-01
4.347916666666666430e+01,2.580463749803861284e-01
4.350000000000000000e+01,2.583149711630239320e-01
4.352083333333332860e+01,2.570495047900522856e-01
4.354166666666666430e+01,2.549806831079829417e-01
4.356250000000000000e+01,2.547562601704031482e-01
4.358333333333332860e+01,2.554894785588794348e-01
4.360416666666666430e+01,2.545769883534099165e-01
4.362500000000000000e+01,2.526711145703315897e-01
4.364583333333332860e+01,2.523225987480605670e-01
4.366666666666666430e+01,2.527831455064056265e-01
4.368750000000000000e+01,2.514608677703023543e-01
4.370833333333332860e+01,2.490767385906359765e-01
4.372916666666666430e+01,2.480933380265336052e-01
4.375000000000000000e+01,2.477173297795533247e-01
4.377083333333332860e+01,2.452630872328304124e-01
4.379166666666666430e+01,2.412947380197081881e-01
4.381250000000000000e+01,2.382572849691582395e-01
4.383333333333332860e+01,2.356291544219028811e-01
4.385416666666666430e+01,2.321581098451125091e-01
4.387500000000000000e+01,2.291994091451294291e-01
4.389583333333332860e+01,2.284904746789527263e-01
4.391666666666666430e+01,2.286971633992778696e-01
4.393750000000000000e+01,2.271047914482709762e-01
4.395833333333332860e+01,2.245937946021765441e-01
4.397916666666666430e+01,2.237647779223043143e-01
4.400000000000000000e+01,2.240049897217426256e-01
4.402083333333332860e+01,2.227950569653814050e-01
4.404166666666666430e+01,2.209091398390940209e-01
4.406250000000000000e+01,2.210031895896459042e-01
4.408333333333332860e+01,2.224996284449583250e-01
4.410416666666666430e+01,2.229897172970183583e-01
4.412500000000000000e+01,2.232548111643227751e-01
4.414583333333332860e+01,2.258664649638301991e-01
4.416666666666666430e+01,2.299090678960623579e-01
4.418750000000000000e+01,2.328244747206530685e-01
4.420833333333332860e+01,2.355305614505180944e-01
4.422916666666666430e+01,2.396660035207428541e-01
4.425000000000000000e+01,2.437811095602139266e-01
4.427083333333332860e+01,2.452909874527657019e-01
4.429166666666666430e+01,2.451671163072484949e-01
4.431250000000000000e+01,2.460572340464420582e-01
4.433333333333332860e+01,2.470133653567964938e-01
4.435416666666666430e+01,2.458074910738610175e-01
4.437500000000000000e+01,2.436255646359429539e-01
4.439583333333332860e+01,2.430073465396356269e-01
4.441666666666666430e+01,2.428276434033077580e-01
4.443750000000000000e+01,2.403477081026119955e-01
4.445833333333332860e+01,2.368725725294210105e-01
4.447916666666666430e+01,2.349550337707828340e-01
4.450000000000000000e+01,2.332107779441924544e-01
4.452083333333332860e+01,2.302856349331493802e-01
4.454166666666666430e+01,2.279879510653679553e-01
4.456250000000000000e+01,2.274706752594742865e-01
4.458333333333332860e+01,2.268126711305758492e-01
4.460416666666666430e+01,2.258628297693365539e-01
4.462500000000000000e+01,2.266788265056505769e-01
4.464583333333332860e+01,2.282191468076317231e-01
4.466666666666666430e+01,2.277180223815250815e-01
4.468750000000000000e+01,2.260387805594037958e-01
4.470833333333332860e+01,2.257796059661373866e-01
4.472916666666666430e+01,2.263210462574356818e-01
4.475000000000000000e+01,2.251531142517118889e-01
4.477083333333332860e+01,2.230487469910842069e-01
4.479166666666666430e+01,2.226638772557900658e-01
4.481250000000000000e+01,2.234225087852013403e-01
4.483333333333332860e+01,2.229380455963555496e-01
4.485416666666666430e+01,2.221090116516644397e-01
4.487500000000000000e+01,2.236701685176595011e-01
4.489583333333332860e+01,2.269815575501558380e-01
4.491666666666666430e+01,2.295824739570908324e-01
4.493750000000000000e+01,2.319797308295483973e-01
4.495833333333332860e+01,2.356670726694936324e-01
4.497916666666666430e+01,2.392705624059706937e-01
4.500000000000000000e+01,2.401846132119903054e-01
4.502083333333332860e+01,2.389993936830502597e-01
4.504166666666666430e+01,2.382335074833970001e-01
4.506250000000000000e+01,2.378444109690919794e-01
4.508333333333332860e+01,2.360404482029112572e-01
4.510416666666666430e+01,2.336713011088654146e-01
4.512500000000000000e+01,2.331635916226373340e-01
4.514583333333332860e+01,2.337722572038763991e-01
4.516666666666666430e+01,2.329082838218483054e-01
4.518750000000000000e+01,2.315164807955278070e-01
4.520833333333332860e+01,2.321690262402905658e-01
4.522916666666666430e+01,2.338916978200197283e-01
4.525000000000000000e+01,2.340311375203209809e-01
4.527083333333332860e+01,2.335398654961115539e-01
4.529166666666666430e+01,2.350859605702101673e-01
4.531250000000000000e+01,2.378582896226718868e-01
4.533333333333332860e+01,2.393491773462379235e-01
4.535416666666666430e+01,2.402807159636899392e-01
4.537500000000000000e+01,2.427923653141824123e-01
4.539583333333332860e+01,2.460868500517132407e-01
4.541666666666666430e+01,2.477308223757238304e-01
4.543750000000000000e+01,2.484952102929302575e-01
4.545833333333332860e+01,2.510397332260984049e-01
4.547916666666666430e+01,2.547235529830327860e-01
4.550000000000000000e+01,2.570787318003527888e-01
4.552083333333332860e+01,2.586303715086404331e-01
4.554166666666666430e+01,2.610421710749719626e-01
4.556250000000000000e+01,2.630756028672009972e-01
4.558333333333332860e+01,2.623397652630999333e-01
4.560416666666666430e+01,2.595268540150344472e-01
4.562500000000000000e+01,2.571132769887407576e-01
4.564583333333332860e+01,2.548643429753048029e-01
4.566666666666666430e+01,2.515214607089896748e-01
4.568750000000000000e+01,2.480958867046358374e-01
4.570833333333332860e+01,2.461673031934126787e-01
4.572916666666666430e+01,2.446540603825509419e-01
4.575000000000000000e+01,2.412315118220282051e-01
4.577083333333332860e+01,2.367489913856035133e-01
4.579166666666666430e+01,2.336961131422001514e-01
4.581250000000000000e+01,2.314641371463908026e-01
4.583333333333332860e+01,2.275353892856363525e-01
4.585416666666666430e+01,2.229390993112408403e-01
4.587500000000000000e+01,2.203263516723367732e-01
4.589583333333332860e+01,2.187342181909811278e-01
4.591666666666666430e+01,2.156831906533328291e-01
4.593750000000000000e+01,2.122996828882777742e-01
4.595833333333332860e+01,2.113563987540038325e-01
4.597916666666666430e+01,2.115147047456960028e-01
4.600000000000000000e+01,2.102434112979689185e-01
4.602083333333332860e+01,2.091708060604546837e-01
4.604166666666666430e+01,2.112152312370743357e-01
4.606250000000000000e+01,2.150483259303652139e-01
4.608333333333332860e+01,2.179698256016545099e-01
4.610416666666666430e+01,2.210455516083622562e-01
4.612500000000000000e+01,2.256689784164201962e-01
4.614583333333332860e+01,2.299554605214093328e-01
4.616666666666666430e+01,2.318712114056459550e-01
4.618750000000000000e+01,2.332521102028597138e-01
4.620833333333332860e+01,2.367900553894686233e-01
4.622916666666666430e+01,2.410084981588253017e-01
4.625000000000000000e+01,2.429696034748288491e-01
4.627083333333332860e+01,2.440764371942558408e-01
4.629166666666666430e+01,2.469628155897420352e-01
4.631250000000000000e+01,2.500344668404182458e-01
4.633333333333332860e+01,2.508364487302126022e-01
4.635416666666666430e+01,2.508068320519820649e-01
4.637500000000000000e+01,2.522453689944697541e-01
4.639583333333332860e+01,2.534533168913705725e-01
4.641666666666666430e+01,2.523368944941984382e-01
4.643750000000000000e+01,2.503953521892028355e-01
4.645833333333332860e+01,2.494785241267415410e-01
4.647916666666666430e+01,2.479159923245420061e-01
4.650000000000000000e+01,2.447063022676125577e-01
4.652083333333332860e+01,2.419618903652075437e-01
4.654166666666666430e+01,2.416213992323662796e-01
4.656250000000000000e+01,2.419660175450443762e-01
4.658333333333332860e+01,2.409231331226236172e-01
4.660416666666666430e+01,2.401441003127064711e-01
4.662500000000000000e+01,2.415980791579745157e-01
4.664583333333332860e+01,2.436777641471937206e-01
4.666666666666666430e+01,2.444246293259469127e-01
4.668750000000000000e+01,2.453665719357577268e-01
4.670833333333332860e+01,2.478526390759530906e-01
4.672916666666666430e+01,2.499846322445306579e-01
4.675000000000000000e+01,2.498640031438141285e-01
4.677083333333332860e+01,2.492851569560263492e-01
4.679166666666666430e+01,2.503703796577344542e-01
4.681250000000000000e+01,2.516211076566809979e-01
4.683333333333332860e+01,2.511597568159023020e-01
4.685416666666666430e+01,2.506470310370565446e-01
4.687500000000000000e+01,2.520985838545136137e-01
4.689583333333332860e+01,2.536927907293976547e-01
4.691666666666666430e+01,2.534019608710234017e-01
4.693750000000000000e+01,2.528242466351434681e-01
4.695833333333332860e+01,2.539627908031908410e-01
4.697916666666666430e+01,2.549964204549093338e-01
4.700000000000000000e+01,2.537977897378994041e-01
4.702083333333332860e+01,2.519770225715520229e-01
4.704166666666666430e+01,2.514493687807624056e-01
4.706250000000000000e+01,2.504428168682266143e-01
4.708333333333332860e+01,2.468790723740237336e-01
4.710416666666666430e+01,2.424722425638709544e-01
4.712500000000000000e+01,2.393252538386246853e-01
4.714583333333332860e+01,2.367665446942844865e-01
4.716666666666666430e+01,2.329451972845370533e-01
4.718750000000000000e+01,2.295900431492841620e-01
4.720833333333332860e+01,2.287646281991169706e-01
4.722916666666666430e+01,2.288970910087617106e-01
4.725000000000000000e+01,2.280915617748223434e-01
4.727083333333332860e+01,2.280116614935462915e-01
4.729166666666666430e+01,2.296364879379880763e-01
4.731250000000000000e+01,2.308320042277874351e-01
4.733333333333332860e+01,2.296644580394232027e-01
4.735416666666666430e+01,2.278462431953192091e-01
4.737500000000000000e+01,2.274998417867076517e-01
4.739583333333332860e+01,2.272986543546484106e-01
4.741666666666666430e+01,2.253620007408509152e-01
4.743750000000000000e+01,2.229975804191198230e-01
4.745833333333332860e+01,2.221399177588440632e-01
4.747916666666666430e+01,2.219218292817170535e-01
4.750000000000000000e+01,2.203944108692151571e-01
4.752083333333332860e+01,2.184584752922293649e-01
4.754166666666666430e+01,2.178404726354581655e-01
4.756250000000000000e+01,2.176040432563028648e-01
4.758333333333332860e+01,2.159156692530614374e-01
4.760416666666666430e+01,2.136585505971201338e-01
4.762500000000000000e+01,2.125332931059064345e-01
4.764583333333332860e+01,2.116534993826998667e-01
4.766666666666666430e+01,2.102043643867862743e-01
4.768750000000000000e+01,2.094737556732169381e-01
4.770833333333332860e+01,2.111613259082052441e-01
4.772916666666666430e+01,2.142299550600128832e-01
4.775000000000000000e+01,2.169001808142143883e-01
4.777083333333332860e+01,2.199102208261517200e-01
4.779166666666666430e+01,2.243173750540214673e-01
4.781250000000000000e+01,2.288387669525368817e-01
4.783333333333332860e+01,2.316058723200783431e-01
4.785416666666666430e+01,2.335244033245607864e-01
4.787500000000000000e+01,2.364134628489356071e-01
4.789583333333332860e+01,2.394191934124497989e-01
4.791666666666666430e+01,2.408518296386365221e-01
4.793750000000000000e+01,2.417519198210671405e-01
4.795833333333332860e+01,2.439586665228531959e-01
4.797916666666666430e+01,2.466137403097756198e-01
4.800000000000000000e+01,2.480635233752081226e-01
4.802083333333332860e+01,2.493171291136427048e-01
4.804166666666666430e+01,2.510638646779883021e-01
4.806250000000000000e+01,2.520146209608837840e-01
4.808333333333332860e+01,2.511837818561371005e-01
4.810416666666666430e+01,2.498531195950018935e-01
4.812500000000000000e+01,2.497248754996342357e-01
4.814583333333332860e+01,2.498434112765209048e-01
4.816666666666666430e+01,2.483719214723311142e-01
4.818750000000000000e+01,2.461628369563128582e-01
4.820833333333332860e+01,2.448868332328083541e-01
4.822916666666666430e+01,2.435677112211136475e-01
4.825000000000000000e+01,2.407736910533290475e-01
4.827083333333332860e+01,2.375395023491040092e-01
4.829166666666666430e+01,2.355620138716394696e-01
4.831250000000000000e+01,2.338560896483247720e-01
4.833333333333332860e+01,2.306816311948817200e-01
4.835416666666666430e+01,2.269284504563259253e-01
4.837500000000000000e+01,2.244264251883889838e-01
4.839583333333332860e+01,2.222726353825045520e-01
4.841666666666666430e+01,2.190553014932544729e-01
4.843750000000000000e+01,2.158367085777690431e-01
4.845833333333332860e+01,2.145434864513518503e-01
4.847916666666666430e+01,2.143659188497758494e-01
4.850000000000000000e+01,2.136314677679557739e-01
4.852083333333332860e+01,2.133858060771159082e-01
4.854166666666666430e+01,2.156100262915403576e-01
4.856250000000000000e+01,2.195161190276658791e-01
4.858333333333332860e+01,2.232591626335752588e-01
4.860416666666666430e+01,2.266458100165914535e-01
4.862500000000000000e+01,2.308815514233844290e-01
4.864583333333332860e+01,2.350761724771577021e-01
4.866666666666666430e+01,2.373890866604098371e-01
4.868750000000000000e+01,2.387620470965278741e-01
4.870833333333332860e+01,2.408277148341155527e-01
4.872916666666666430e+01,2.424564485063959995e-01
4.875000000000000000e+01,2.419446656672203377e-01
4.877083333333332860e+01,2.402243572951105466e-01
4.879166666666666430e+01,2.389774739176446783e-01
4.881250000000000000e+01,2.374944891844171235e-01
4.883333333333332860e+01,2.356785864797290020e-01
4.885416666666666430e+01,2.348293065177216865e-01
4.887500000000000000e+01,2.343765227368550808e-01
4.889583333333332860e+01,2.327289310495492813e-01
4.891666666666666430e+01,2.312779077847058051e-01
4.893750000000000000e+01,2.319064286988382628e-01
4.895833333333332860e+01,2.332293808734765272e-01
4.897916666666666430e+01,2.333525999780005078e-01
4.900000000000000000e+01,2.337163671113999808e-01
4.902083333333332860e+01,2.362556169722495880e-01
4.904166666666666430e+01,2.396533183393315947e-01
4.906250000000000000e+01,2.420074295793840369e-01
4.908333333333332860e+01,2.440399030418745341e-01
4.910416666666666430e+01,2.468742526246895941e-01
4.912500000000000000e+01,2.493821923556993336e-01
4.914583333333332860e+01,2.498699702484574181e-01
4.916666666666666430e+01,2.493317276518194903e-01
4.918750000000000000e+01,2.496094290908469904e-01
4.920833333333332860e+01,2.498851680055297897e-01
4.922916666666666430e+01,2.484781906640315119e-01
4.925000000000000000e+01,2.464104810804411683e-01
4.927083333333332860e+01,2.454661209598076044e-01
4.929166666666666430e+01,2.448078383332230601e-01
4.931250000000000000e+01,2.426852225863078139e-01
4.933333333333332860e+01,2.400993339314395902e-01
4.935416666666666430e+01,2.390992866635869296e-01
4.937500000000000000e+01,2.388544019940445073e-01
4.939583333333332860e+01,2.373336860142349070e-01
