0.000000000000000000e+00,2.634783080192607246e-03
2.083333333333333218e-02,5.461664618597211404e-03
4.166666666666666435e-02,5.075199680176505253e-03
6.250000000000000000e-02,5.911280749760355890e-03
8.333333333333332871e-02,1.006090459156560799e-02
1.041666666666666574e-01,1.060265918435584348e-02
1.250000000000000000e-01,8.927472251850606874e-03
1.458333333333333148e-01,1.209206910409253363e-02
1.666666666666666574e-01,1.497606123819985105e-02
1.875000000000000000e-01,1.209177770133984184e-02
2.083333333333333148e-01,1.240634430153937130e-02
2.291666666666666574e-01,1.766811487765990174e-02
2.500000000000000000e-01,1.546165248538054066e-02
2.708333333333333148e-01,1.188154810821069780e-02
2.916666666666666297e-01,1.736821226546308300e-02
3.125000000000000000e-01,1.863980943287458364e-02
3.333333333333333148e-01,1.240173447433933103e-02
3.541666666666666297e-01,1.432076863945035659e-02
3.750000000000000000e-01,1.906295273934477050e-02
3.958333333333333148e-01,1.410077070203331374e-02
4.166666666666666297e-01,1.281678570177851792e-02
4.375000000000000000e-01,1.962189921969406323e-02
4.583333333333333148e-01,1.825992505637237528e-02
4.791666666666666297e-01,1.337009774148313450e-02
5.000000000000000000e-01,1.891773330262570829e-02
5.208333333333332593e-01,2.091296083947781145e-02
5.416666666666666297e-01,1.353279513932387212e-02
5.625000000000000000e-01,1.353826338877171451e-02
5.833333333333332593e-01,1.974092446552063937e-02
6.041666666666666297e-01,1.674454078208480537e-02
6.250000000000000000e-01,1.299688375823640323e-02
6.458333333333332593e-01,1.915046919423853480e-02
6.666666666666666297e-01,1.967743488462549498e-02
6.875000000000000000e-01,1.320630809254800045e-02
7.083333333333332593e-01,1.588565331498612357e-02
7.291666666666666297e-01,2.031963726380312668e-02
7.500000000000000000e-01,1.409471018325785495e-02
7.708333333333332593e-01,1.248454715453088670e-02
7.916666666666666297e-01,1.992308960170671023e-02
8.125000000000000000e-01,1.986599444371124276e-02
8.333333333333332593e-01,1.368340269221597974e-02
8.541666666666666297e-01,1.702475367055321376e-02
8.750000000000000000e-01,2.077478732301224831e-02
8.958333333333332593e-01,1.447563181503870935e-02
9.166666666666666297e-01,1.339626795422463323e-02
9.375000000000000000e-01,2.052834294630460563e-02
9.583333333333332593e-01,1.934704709280827065e-02
9.791666666666666297e-01,1.399818007417482843e-02
1.000000000000000000e+00,1.904938483474792263e-02
1.020833333333333259e+00,2.162995471279166582e-02
1.041666666666666519e+00,1.415640110524307368e-02
1.062500000000000000e+00,1.319478364172196536e-02
1.083333333333333259e+00,1.993865659012169708e-02
1.104166666666666519e+00,1.835072062672202242e-02
1.125000000000000000e+00,1.309680103581520490e-02
1.145833333333333259e+00,1.867335801486844776e-02
1.166666666666666519e+00,2.068191583071216436e-02
1.187500000000000000e+00,1.304891591576301177e-02
1.208333333333333259e+00,1.257721062029493707e-02
1.229166666666666519e+00,1.928737120368201677e-02
1.250000000000000000e+00,1.704975268936948646e-02
1.270833333333333259e+00,1.242916384631179670e-02
1.291666666666666519e+00,1.815094547748453274e-02
1.312500000000000000e+00,1.975600777559858787e-02
1.333333333333333259e+00,1.218892900408209343e-02
1.354166666666666519e+00,1.243034004781143516e-02
1.375000000000000000e+00,1.883215190084128882e-02
1.395833333333333259e+00,1.524985111930119396e-02
1.416666666666666519e+00,1.112516936783597074e-02
1.437500000000000000e+00,1.821569198062373413e-02
1.458333333333333259e+00,2.134973735325566835e-02
1.479166666666666519e+00,1.262586381183699105e-02
1.500000000000000000e+00,9.120505233865018602e-03
1.520833333333333259e+00,1.809543265016058319e-02
1.541666666666666519e+00,2.245522499715676967e-02
1.562500000000000000e+00,1.315119984061173530e-02
1.583333333333333259e+00,7.865601350445824980e-03
1.604166666666666519e+00,1.813588812563102573e-02
1.625000000000000000e+00,2.573523115888504478e-02
1.645833333333333259e+00,1.768159936734377963e-02
1.666666666666666519e+00,1.275003131237638192e-02
1.687500000000000000e+00,2.279172093665838075e-02
1.708333333333333259e+00,2.930852815467923159e-02
1.729166666666666519e+00,2.018961959156122948e-02
1.750000000000000000e+00,1.441256262312456786e-02
1.770833333333333259e+00,2.460716397580608311e-02
1.791666666666666519e+00,3.196832173953920164e-02
1.812500000000000000e+00,2.371781924486148288e-02
1.833333333333333259e+00,1.885972376548065294e-02
1.854166666666666519e+00,2.876604569891359070e-02
1.875000000000000000e+00,3.501423801601388081e-02
1.895833333333333259e+00,2.565583546764283601e-02
1.916666666666666519e+00,1.967663709153163673e-02
1.937500000000000000e+00,2.967182849024762800e-02
1.958333333333333259e+00,3.677134948641889306e-02
1.979166666666666519e+00,2.825762363588804268e-02
2.000000000000000000e+00,2.324069307493087377e-02
2.020833333333333037e+00,3.317355277245220141e-02
2.041666666666666519e+00,3.936619137029490068e-02
2.062500000000000000e+00,2.999965666947698034e-02
2.083333333333333037e+00,2.421936250116606473e-02
2.104166666666666519e+00,3.431330973757781150e-02
2.125000000000000000e+00,4.130886375492620610e-02
2.145833333333333037e+00,3.281567108607996719e-02
2.166666666666666519e+00,2.801894808293562203e-02
2.187500000000000000e+00,3.779487119103018544e-02
2.208333333333333037e+00,4.338514202104312711e-02
2.229166666666666519e+00,3.343023246314262564e-02
2.250000000000000000e+00,2.694545506889359926e-02
2.270833333333333037e+00,3.629021197401947202e-02
2.291666666666666519e+00,4.226571793671401317e-02
2.312500000000000000e+00,3.254664610499542060e-02
2.333333333333333037e+00,2.594789803600822120e-02
2.354166666666666519e+00,3.518952489217848367e-02
2.375000000000000000e+00,4.119513346325756609e-02
2.395833333333333037e+00,3.154855248205465368e-02
2.416666666666666519e+00,2.505938888281678684e-02
2.437500000000000000e+00,3.436737988730922261e-02
2.458333333333333037e+00,4.054959977982495328e-02
2.479166666666666519e+00,3.111059134654629854e-02
2.500000000000000000e+00,2.479162722076361930e-02
2.520833333333333037e+00,3.437725728456401258e-02
2.541666666666666519e+00,4.078290171971186290e-02
2.562500000000000000e+00,3.152262955225936664e-02
2.583333333333333037e+00,2.537583607447396750e-02
2.604166666666666519e+00,3.496977583019224983e-02
2.625000000000000000e+00,4.135676268435744402e-02
2.645833333333333037e+00,3.206744081404207941e-02
2.666666666666666519e+00,2.582387915228106720e-02
2.687500000000000000e+00,3.544245619099875566e-02
2.708333333333333037e+00,4.194121823339626298e-02
2.729166666666666519e+00,3.276677428466714254e-02
2.750000000000000000e+00,2.663294036892393732e-02
2.770833333333333037e+00,3.634161278492181041e-02
2.791666666666666519e+00,4.301787236978114881e-02
2.812500000000000000e+00,3.403771462227729583e-02
2.833333333333333037e+00,2.813476625721333599e-02
2.854166666666666519e+00,3.819403458904361420e-02
2.875000000000000000e+00,4.517321126593101810e-02
2.895833333333333037e+00,3.648054535225112027e-02
2.916666666666666519e+00,3.081103196208358555e-02
2.937500000000000000e+00,4.100160680440044503e-02
2.958333333333333037e+00,4.815385016564818765e-02
2.979166666666666519e+00,3.966155495281124821e-02
3.000000000000000000e+00,3.422373594115628997e-02
3.020833333333333037e+00,4.458012908119643458e-02
3.041666666666666519e+00,5.172173331878069519e-02
3.062500000000000000e+00,4.318802871860331211e-02
3.083333333333333037e+00,3.774386533160502960e-02
3.104166666666666519e+00,4.802516495405945857e-02
3.125000000000000000e+00,5.504215514586842384e-02
3.145833333333333037e+00,4.641136653491872294e-02
3.166666666666666519e+00,4.091838411734356057e-02
3.187500000000000000e+00,5.084527765161793444e-02
3.208333333333333037e+00,5.753578885204199689e-02
3.229166666666666519e+00,4.883548170908537378e-02
3.250000000000000000e+00,4.329236535093381605e-02
3.270833333333333037e+00,5.345909403245260871e-02
3.291666666666666519e+00,6.030489528789513554e-02
3.312500000000000000e+00,5.152416857792264937e-02
3.333333333333333037e+00,4.595118089223119290e-02
3.354166666666666519e+00,5.614360316348070146e-02
3.375000000000000000e+00,6.299545505996947958e-02
3.395833333333333037e+00,5.421588410940487990e-02
3.416666666666666519e+00,4.864803969097279690e-02
3.437500000000000000e+00,5.883593348835322590e-02
3.458333333333333037e+00,6.580124056545243183e-02
3.479166666666666519e+00,5.712601061361390065e-02
3.500000000000000000e+00,5.152683153078928269e-02
3.520833333333333037e+00,6.177894643153506588e-02
3.541666666666666519e+00,6.889356579139224723e-02
3.562500000000000000e+00,6.033542687449400949e-02
3.583333333333333037e+00,5.481042840066351063e-02
3.604166666666666519e+00,6.506791374507141235e-02
3.625000000000000000e+00,7.219706071840015227e-02
3.645833333333333037e+00,6.365773911496297455e-02
3.666666666666666519e+00,5.810280978407983410e-02
3.687500000000000000e+00,6.830613795958997980e-02
3.708333333333333037e+00,7.546628289593676486e-02
3.729166666666666519e+00,6.686731490162403646e-02
3.750000000000000000e+00,6.111578858404032033e-02
3.770833333333333037e+00,7.128191398236415066e-02
3.791666666666666519e+00,7.842728584498724620e-02
3.812500000000000000e+00,6.987230830901124123e-02
3.833333333333333037e+00,6.435130839916500256e-02
3.854166666666666519e+00,7.469051487051286964e-02
3.875000000000000000e+00,8.188880718185596874e-02
3.895833333333333037e+00,7.345019106607224291e-02
3.916666666666666519e+00,6.817049537686897809e-02
3.937500000000000000e+00,7.829422234089031263e-02
3.958333333333333037e+00,8.478535448819246589e-02
3.979166666666666519e+00,7.562284299033472657e-02
4.000000000000000000e+00,6.977937884869778173e-02
4.020833333333333037e+00,7.963682438334605818e-02
4.041666666666666075e+00,8.619267510276122646e-02
4.062500000000000000e+00,7.721251907068682474e-02
4.083333333333333037e+00,7.140199540575123405e-02
4.104166666666666075e+00,8.141958965793660852e-02
4.125000000000000000e+00,8.826017804747338102e-02
4.145833333333333037e+00,7.937618452095988875e-02
4.166666666666666075e+00,7.349050903489208475e-02
4.187500000000000000e+00,8.347314762613569639e-02
4.208333333333333037e+00,9.031224140791878352e-02
4.229166666666666075e+00,8.147743815002042589e-02
4.250000000000000000e+00,7.573855899289648475e-02
4.270833333333333037e+00,8.584174211211344219e-02
4.291666666666666075e+00,9.286042564302271485e-02
4.312500000000000000e+00,8.427880136232059061e-02
4.333333333333333037e+00,7.887901963298669938e-02
4.354166666666666075e+00,8.911910743882728303e-02
4.375000000000000000e+00,9.599644652656755262e-02
4.395833333333333037e+00,8.727611124768100415e-02
4.416666666666666075e+00,8.176537810645537196e-02
4.437500000000000000e+00,9.195307983267651808e-02
4.458333333333333037e+00,9.871697779171660636e-02
4.479166666666666075e+00,8.984250938188605151e-02
4.500000000000000000e+00,8.418838896803330918e-02
4.520833333333333037e+00,9.434964435328707655e-02
4.541666666666666075e+00,1.012773036530248277e-01
4.562500000000000000e+00,9.258112539768820204e-02
4.583333333333333037e+00,8.702263299902823768e-02
4.604166666666666075e+00,9.730142031235579358e-02
4.625000000000000000e+00,1.045050734652237662e-01
4.645833333333333037e+00,9.608310081849338880e-02
4.666666666666666075e+00,9.072085659006311198e-02
4.687500000000000000e+00,1.009404337182277650e-01
4.708333333333333037e+00,1.078456813437441153e-01
4.729166666666666075e+00,9.907503576358785147e-02
4.750000000000000000e+00,9.331728211847062360e-02
4.770833333333333037e+00,1.034271416017988887e-01
4.791666666666666075e+00,1.105083781986643393e-01
4.812500000000000000e+00,1.019175489484530905e-01
4.833333333333333037e+00,9.626206411032817156e-02
4.854166666666666075e+00,1.064931156919060873e-01
4.875000000000000000e+00,1.137273933658731889e-01
4.895833333333333037e+00,1.052061846367979003e-01
4.916666666666666075e+00,9.961069317319905247e-02
4.937500000000000000e+00,1.098953904626981809e-01
4.958333333333333037e+00,1.170387604206231669e-01
4.979166666666666075e+00,1.085174624603630900e-01
5.000000000000000000e+00,1.031791452765457584e-01
5.020833333333333037e+00,1.133024374634744313e-01
5.041666666666666075e+00,1.198999539976844386e-01
5.062500000000000000e+00,1.109262097580007989e-01
5.083333333333333037e+00,1.052841329222305999e-01
5.104166666666666075e+00,1.153696052459404209e-01
5.125000000000000000e+00,1.219433392830036461e-01
5.145833333333333037e+00,1.129011524090401813e-01
5.166666666666666075e+00,1.071627026486476481e-01
5.187500000000000000e+00,1.172136877061226157e-01
5.208333333333333037e+00,1.239970097480804084e-01
5.229166666666666075e+00,1.151779802057213559e-01
5.250000000000000000e+00,1.095051692482572475e-01
5.270833333333333037e+00,1.196620468705328760e-01
5.291666666666666075e+00,1.266724258473307663e-01
5.312500000000000000e+00,1.175738176798525880e-01
5.333333333333333037e+00,1.114830988237336812e-01
5.354166666666666075e+00,1.206739106868244815e-01
5.375000000000000000e+00,1.256932772700140311e-01
5.395833333333333037e+00,1.147636865027971131e-01
5.416666666666666075e+00,1.073827831366807178e-01
5.437500000000000000e+00,1.155337986132868311e-01
5.458333333333333037e+00,1.199997826556051805e-01
5.479166666666666075e+00,1.100432643774135882e-01
5.500000000000000000e+00,1.038862258691757162e-01
5.520833333333333037e+00,1.129416334865991356e-01
5.541666666666666075e+00,1.193449186427919667e-01
5.562500000000000000e+00,1.113175886685805888e-01
5.583333333333333037e+00,1.061983134174173393e-01
5.604166666666666075e+00,1.149797636194810901e-01
5.625000000000000000e+00,1.203094745793997500e-01
5.645833333333333037e+00,1.108843664451905631e-01
5.666666666666666075e+00,1.046588337555020981e-01
5.687500000000000000e+00,1.140001809675206951e-01
5.708333333333333037e+00,1.204518979494572373e-01
5.729166666666666075e+00,1.116560184087473789e-01
5.750000000000000000e+00,1.061405108050770402e-01
5.770833333333333037e+00,1.163578342196333187e-01
5.791666666666666075e+00,1.235079461246838678e-01
5.812500000000000000e+00,1.150853407395984462e-01
5.833333333333333037e+00,1.099725469208221590e-01
5.854166666666666075e+00,1.200980395394418837e-01
5.875000000000000000e+00,1.266247078541019588e-01
5.895833333333333037e+00,1.174975801433629091e-01
5.916666666666666075e+00,1.117555393996505914e-01
5.937500000000000000e+00,1.222354767540252823e-01
5.958333333333333037e+00,1.297099134127549513e-01
5.979166666666666075e+00,1.215967701679436935e-01
6.000000000000000000e+00,1.168771943452948381e-01
6.020833333333333037e+00,1.265429683309931830e-01
6.041666666666666075e+00,1.321231518402744276e-01
6.062500000000000000e+00,1.219636291859781674e-01
6.083333333333333037e+00,1.151384257804017597e-01
6.104166666666666075e+00,1.241332680431249252e-01
6.125000000000000000e+00,1.300194080297032706e-01
6.145833333333333037e+00,1.199263830097272443e-01
6.166666666666666075e+00,1.131244285856861098e-01
6.187500000000000000e+00,1.221845807132488637e-01
6.208333333333333037e+00,1.281263622752886189e-01
6.229166666666666075e+00,1.181672781987562759e-01
6.250000000000000000e+00,1.114845947729643100e-01
6.270833333333333037e+00,1.204970413397772611e-01
6.291666666666666075e+00,1.264103728028388440e-01
6.312500000000000000e+00,1.167567854412682321e-01
6.333333333333333037e+00,1.103816952173648225e-01
6.354166666666666075e+00,1.197782751054832229e-01
6.375000000000000000e+00,1.262126070938757727e-01
6.395833333333333037e+00,1.169710252300700942e-01
6.416666666666666075e+00,1.110478267790966506e-01
6.437500000000000000e+00,1.210313988820377884e-01
6.458333333333333037e+00,1.280867137102859599e-01
6.479166666666666075e+00,1.195610655305128917e-01
6.500000000000000000e+00,1.144346620157153938e-01
6.520833333333333037e+00,1.245101973369627107e-01
6.541666666666666075e+00,1.312387658796964895e-01
6.562500000000000000e+00,1.223887250391929582e-01
6.583333333333333037e+00,1.169338230597972705e-01
6.604166666666666075e+00,1.272395120213100916e-01
6.625000000000000000e+00,1.345794671346612625e-01
6.645833333333333037e+00,1.263382504544251494e-01
6.666666666666666075e+00,1.214772752357855395e-01
6.687500000000000000e+00,1.313720811313189296e-01
6.708333333333333037e+00,1.376483627310829683e-01
6.729166666666666075e+00,1.283394959908172595e-01
6.750000000000000000e+00,1.223689574772367089e-01
6.770833333333333037e+00,1.323600394708527028e-01
6.791666666666666075e+00,1.395056286401707979e-01
6.812500000000000000e+00,1.310568098009686766e-01
6.833333333333333037e+00,1.260423937901598290e-01
6.854166666666666075e+00,1.360478868466543090e-01
6.875000000000000000e+00,1.424643554819240154e-01
6.895833333333333037e+00,1.333143809645782052e-01
6.916666666666666075e+00,1.276856225466186934e-01
6.937500000000000000e+00,1.379646746933904655e-01
6.958333333333333037e+00,1.452476612925047150e-01
6.979166666666666075e+00,1.372831586913209057e-01
7.000000000000000000e+00,1.327264914228618864e-01
7.020833333333333037e+00,1.418532720340686670e-01
7.041666666666666075e+00,1.464595955304192343e-01
7.062500000000000000e+00,1.366305924027461094e-01
7.083333333333333037e+00,1.311888992026866707e-01
7.104166666666666075e+00,1.418469727082063980e-01
7.125000000000000000e+00,1.490986182700308194e-01
7.145833333333333037e+00,1.402743063948097835e-01
7.166666666666666075e+00,1.348834476318049036e-01
7.187500000000000000e+00,1.454972476960535999e-01
7.208333333333333037e+00,1.527151063081775284e-01
7.229166666666666075e+00,1.440489926606870197e-01
7.250000000000000000e+00,1.388850707859947964e-01
7.270833333333333037e+00,1.494427295839815817e-01
7.291666666666666075e+00,1.564923593115992717e-01
7.312500000000000000e+00,1.479270375630664658e-01
7.333333333333333037e+00,1.427068964544588314e-01
7.354166666666666075e+00,1.528069273065568445e-01
7.375000000000000000e+00,1.595440210112515356e-01
7.395833333333333037e+00,1.508495942161754977e-01
7.416666666666666075e+00,1.454996027066171038e-01
7.437500000000000000e+00,1.558219422585542246e-01
7.458333333333333037e+00,1.629397979542781538e-01
7.479166666666666075e+00,1.546582929469874079e-01
7.500000000000000000e+00,1.497353248678856275e-01
7.520833333333333037e+00,1.595349380789628790e-01
7.541666666666666075e+00,1.656787616606552049e-01
7.562500000000000000e+00,1.562844636123758291e-01
7.583333333333333037e+00,1.500542664813259153e-01
7.604166666666666075e+00,1.596014280501538152e-01
7.625000000000000000e+00,1.662687115186049225e-01
7.645833333333333037e+00,1.570390669665666927e-01
7.666666666666666075e+00,1.509641717104910907e-01
7.687500000000000000e+00,1.605902170318755651e-01
7.708333333333333037e+00,1.670262263633643385e-01
7.729166666666666075e+00,1.577603132358660898e-01
7.750000000000000000e+00,1.518700066655265524e-01
7.770833333333333037e+00,1.617643826763450199e-01
7.791666666666666075e+00,1.685591340399893723e-01
7.812500000000000000e+00,1.596828639839385777e-01
7.833333333333333037e+00,1.541959317671630636e-01
7.854166666666666075e+00,1.645537122586360201e-01
7.875000000000000000e+00,1.717517926387686633e-01
7.895833333333333037e+00,1.633584640565453328e-01
7.916666666666666075e+00,1.584251080120744337e-01
7.937500000000000000e+00,1.683795862624891393e-01
7.958333333333333037e+00,1.747179133721639133e-01
7.979166666666666075e+00,1.654629310687205368e-01
8.000000000000000000e+00,1.596210473044123723e-01
8.020833333333332149e+00,1.697253600321858291e-01
8.041666666666666075e+00,1.769932126631429958e-01
8.062500000000000000e+00,1.686893916054164888e-01
8.083333333333332149e+00,1.637522539480367467e-01
8.104166666666666075e+00,1.737489455395621607e-01
8.125000000000000000e+00,1.802296018215196471e-01
8.145833333333332149e+00,1.711151052756056112e-01
8.166666666666666075e+00,1.653070357358134845e-01
8.187500000000000000e+00,1.754366501604481821e-01
8.208333333333332149e+00,1.828336169348625528e-01
8.229166666666666075e+00,1.746644387259984887e-01
8.250000000000000000e+00,1.697143510044985537e-01
8.270833333333332149e+00,1.797535253618600948e-01
8.291666666666666075e+00,1.863894415658042258e-01
8.312500000000000000e+00,1.774631248277874218e-01
8.333333333333332149e+00,1.719694925274350417e-01
8.354166666666666075e+00,1.823759745521898179e-01
8.375000000000000000e+00,1.898029492526544237e-01
8.395833333333332149e+00,1.817017715770587183e-01
8.416666666666666075e+00,1.770932809154749932e-01
8.437500000000000000e+00,1.867944238311712857e-01
8.458333333333332149e+00,1.922168500154924353e-01
8.479166666666666075e+00,1.823487790759015237e-01
8.500000000000000000e+00,1.761663902202586507e-01
8.520833333333332149e+00,1.858591429571775089e-01
8.541666666666666075e+00,1.923616022278126503e-01
8.562500000000000000e+00,1.832983625424040308e-01
8.583333333333332149e+00,1.773989001970045498e-01
8.604166666666666075e+00,1.873306058445156352e-01
8.625000000000000000e+00,1.939967312854091464e-01
8.645833333333332149e+00,1.850117998371192396e-01
8.666666666666666075e+00,1.792139751558737837e-01
8.687500000000000000e+00,1.892367166593936223e-01
8.708333333333332149e+00,1.961766023096080391e-01
8.729166666666666075e+00,1.875652279081048146e-01
8.750000000000000000e+00,1.822354231429123839e-01
8.770833333333332149e+00,1.924185722631745199e-01
8.791666666666666075e+00,1.994018547227863480e-01
8.812500000000000000e+00,1.909880183393015685e-01
8.833333333333332149e+00,1.858980109241314405e-01
8.854166666666666075e+00,1.957507495557208044e-01
8.875000000000000000e+00,2.015856122630605984e-01
8.895833333333332149e+00,1.912984345882175752e-01
8.916666666666666075e+00,1.837137386272631179e-01
8.937500000000000000e+00,1.920895265411156072e-01
8.958333333333332149e+00,1.976348731924135460e-01
8.979166666666666075e+00,1.871331714029821347e-01
9.000000000000000000e+00,1.788687396467594226e-01
9.020833333333332149e+00,1.866670806736649424e-01
9.041666666666666075e+00,1.923722074871405952e-01
9.062500000000000000e+00,1.830758250991629255e-01
9.083333333333332149e+00,1.766588431997467568e-01
9.104166666666666075e+00,1.847995304572071784e-01
9.125000000000000000e+00,1.897776874054276641e-01
9.145833333333332149e+00,1.797840260748869157e-01
9.166666666666666075e+00,1.726693473785200494e-01
9.187500000000000000e+00,1.804285104995086708e-01
9.208333333333332149e+00,1.849966878990664254e-01
9.229166666666666075e+00,1.756114113470529370e-01
9.250000000000000000e+00,1.700545402473814527e-01
9.270833333333332149e+00,1.797713661111413064e-01
9.291666666666666075e+00,1.862209985191504991e-01
9.312500000000000000e+00,1.772531307241330956e-01
9.333333333333332149e+00,1.712820749714679125e-01
9.354166666666666075e+00,1.807802787738523598e-01
9.375000000000000000e+00,1.870771451197332236e-01
9.395833333333332149e+00,1.777891203696079503e-01
9.416666666666666075e+00,1.714730445647909551e-01
9.437500000000000000e+00,1.809090288160855875e-01
9.458333333333332149e+00,1.871893786373313162e-01
9.479166666666666075e+00,1.776556394310325471e-01
9.500000000000000000e+00,1.712234005434578876e-01
9.520833333333332149e+00,1.808758643451234827e-01
9.541666666666666075e+00,1.872092460380331003e-01
9.562500000000000000e+00,1.775252393706419629e-01
9.583333333333332149e+00,1.709814081173016975e-01
9.604166666666666075e+00,1.805387519532877794e-01
9.625000000000000000e+00,1.867597345347123960e-01
9.645833333333332149e+00,1.770202281408727041e-01
9.666666666666666075e+00,1.704123989122487415e-01
9.687500000000000000e+00,1.797444914769553148e-01
9.708333333333332149e+00,1.858395452088960897e-01
9.729166666666666075e+00,1.762028562369495066e-01
9.750000000000000000e+00,1.696593074904710619e-01
9.770833333333332149e+00,1.789461051102887168e-01
9.791666666666666075e+00,1.849497660804580446e-01
9.812500000000000000e+00,1.752609379065764306e-01
9.833333333333332149e+00,1.686503576539793436e-01
9.854166666666666075e+00,1.776465519980126584e-01
9.875000000000000000e+00,1.834537120836870761e-01
9.895833333333332149e+00,1.737256580695624164e-01
9.916666666666666075e+00,1.670565218907358318e-01
9.937500000000000000e+00,1.761636787714887520e-01
9.958333333333332149e+00,1.820235885648245899e-01
9.979166666666666075e+00,1.721383079354212586e-01
1.000000000000000000e+01,1.653458916957057934e-01
1.002083333333333215e+01,1.742840390873610645e-01
1.004166666666666607e+01,1.799014551548660523e-01
1.006250000000000000e+01,1.698288566470780026e-01
1.008333333333333215e+01,1.628285934592844653e-01
1.010416666666666607e+01,1.715530133191084106e-01
1.012500000000000000e+01,1.771434434410922021e-01
1.014583333333333215e+01,1.671780932890533644e-01
1.016666666666666607e+01,1.602513959701498680e-01
1.018750000000000000e+01,1.690917828988567906e-01
1.020833333333333215e+01,1.746806566897090851e-01
1.022916666666666607e+01,1.644609501473553170e-01
1.025000000000000000e+01,1.572934880650795342e-01
1.027083333333333215e+01,1.660106782527500657e-01
1.029166666666666607e+01,1.714324957359757984e-01
1.031250000000000000e+01,1.613051454123333450e-01
1.033333333333333215e+01,1.544181821312653191e-01
1.035416666666666607e+01,1.632086250596428145e-01
1.037500000000000000e+01,1.688352236892377289e-01
1.039583333333333215e+01,1.589232699646760949e-01
1.041666666666666607e+01,1.518155006236360793e-01
1.043750000000000000e+01,1.601475406335128027e-01
1.045833333333333215e+01,1.652271965723302871e-01
1.047916666666666607e+01,1.555569016652592618e-01
1.050000000000000000e+01,1.494885990300485190e-01
1.052083333333333215e+01,1.590755770463529450e-01
1.054166666666666607e+01,1.655487600579440555e-01
1.056250000000000000e+01,1.564001698847269917e-01
1.058333333333333215e+01,1.503546443376483632e-01
1.060416666666666607e+01,1.601728082290669597e-01
1.062500000000000000e+01,1.668079911796185311e-01
1.064583333333333215e+01,1.577958192016946093e-01
1.066666666666666607e+01,1.518765105643811453e-01
1.068750000000000000e+01,1.617773752499932216e-01
1.070833333333333215e+01,1.683553704480188484e-01
1.072916666666666607e+01,1.591149421392305530e-01
1.075000000000000000e+01,1.529741851524828444e-01
1.077083333333333215e+01,1.627459753081132998e-01
1.079166666666666607e+01,1.692319926683559239e-01
1.081250000000000000e+01,1.599278174097766569e-01
1.083333333333333215e+01,1.537282081408992418e-01
1.085416666666666607e+01,1.633241969502329527e-01
1.087500000000000000e+01,1.697189130953776770e-01
1.089583333333333215e+01,1.605138733682319185e-01
1.091666666666666607e+01,1.543755350324679254e-01
1.093750000000000000e+01,1.639304633768019492e-01
1.095833333333333215e+01,1.702550019931621250e-01
1.097916666666666607e+01,1.610279960259972942e-01
1.100000000000000000e+01,1.548577159063930231e-01
1.102083333333333215e+01,1.641967842445414827e-01
1.104166666666666607e+01,1.703380521522866731e-01
1.106250000000000000e+01,1.609791223864599496e-01
1.108333333333333215e+01,1.546561195233522312e-01
1.110416666666666607e+01,1.640416310139992950e-01
1.112500000000000000e+01,1.701891984401619484e-01
1.114583333333333215e+01,1.606530526661831826e-01
1.116666666666666607e+01,1.541919285643094106e-01
1.118750000000000000e+01,1.635094128406590630e-01
1.120833333333333215e+01,1.695701146797771175e-01
1.122916666666666607e+01,1.599669110595899335e-01
1.125000000000000000e+01,1.534414462578481964e-01
1.127083333333333215e+01,1.625367134870681352e-01
1.129166666666666607e+01,1.683884643133767289e-01
1.131250000000000000e+01,1.586190539069782801e-01
1.133333333333333215e+01,1.519115023948515997e-01
1.135416666666666607e+01,1.609919994017509071e-01
1.137500000000000000e+01,1.668167996932911068e-01
1.139583333333333215e+01,1.569143771796855380e-01
1.141666666666666607e+01,1.500995465225858638e-01
1.143750000000000000e+01,1.590741330869714920e-01
1.145833333333333215e+01,1.648721228486366708e-01
1.147916666666666607e+01,1.550159618118864824e-01
1.150000000000000000e+01,1.482374591857462121e-01
1.152083333333333215e+01,1.572454774588841753e-01
1.154166666666666607e+01,1.629362659512671452e-01
1.156250000000000000e+01,1.528427461275434496e-01
1.158333333333333215e+01,1.458418647845829419e-01
1.160416666666666607e+01,1.547168550506959894e-01
1.162500000000000000e+01,1.603279277656024793e-01
1.164583333333333215e+01,1.501809392380400732e-01
1.166666666666666607e+01,1.431150393075965588e-01
1.168750000000000000e+01,1.518174251100140593e-01
1.170833333333333215e+01,1.574326797206131445e-01
1.172916666666666607e+01,1.474652444570377363e-01
1.175000000000000000e+01,1.408047308078415882e-01
1.177083333333333215e+01,1.500413103667125048e-01
1.179166666666666607e+01,1.562807959788423129e-01
1.181250000000000000e+01,1.470682333520306473e-01
1.183333333333333215e+01,1.412360143660666978e-01
1.185416666666666607e+01,1.514432020950310376e-01
1.187500000000000000e+01,1.586220377378955715e-01
1.189583333333333215e+01,1.503306712181488314e-01
1.191666666666666607e+01,1.454345569163569551e-01
1.193750000000000000e+01,1.552427596806708610e-01
1.195833333333333215e+01,1.612918995728519767e-01
1.197916666666666607e+01,1.515970261831755539e-01
1.200000000000000000e+01,1.451301733434529062e-01
1.202083333333333215e+01,1.543172869725984442e-01
1.204166666666666607e+01,1.603729167372725251e-01
1.206250000000000000e+01,1.505871083851736125e-01
1.208333333333333215e+01,1.440694299481080354e-01
1.210416666666666607e+01,1.532097315408639526e-01
1.212500000000000000e+01,1.591317963400060986e-01
1.214583333333333215e+01,1.492585036694048795e-01
1.216666666666666607e+01,1.425437295318633113e-01
1.218750000000000000e+01,1.513631647153993176e-01
1.220833333333333215e+01,1.569022271823688752e-01
1.222916666666666607e+01,1.467258014610124950e-01
1.225000000000000000e+01,1.396431412120019144e-01
1.227083333333333215e+01,1.480105298605987607e-01
1.229166666666666607e+01,1.530593172181094752e-01
1.231250000000000000e+01,1.430706361358324297e-01
1.233333333333333215e+01,1.366658505035588944e-01
1.235416666666666607e+01,1.459067226667071226e-01
1.237500000000000000e+01,1.517997146647988294e-01
1.239583333333333215e+01,1.416507532154850924e-01
1.241666666666666607e+01,1.345121839469790304e-01
1.243750000000000000e+01,1.428838190896718763e-01
1.245833333333333215e+01,1.478438321612053075e-01
1.247916666666666607e+01,1.376904119557888218e-01
1.250000000000000000e+01,1.312171531544801817e-01
1.252083333333333215e+01,1.403771453085589094e-01
1.254166666666666607e+01,1.461337520630525133e-01
1.256250000000000000e+01,1.356837458115721096e-01
1.258333333333333215e+01,1.282581828279297786e-01
1.260416666666666607e+01,1.364435534348118484e-01
1.262500000000000000e+01,1.413863626455097167e-01
1.264583333333333215e+01,1.312744316760992569e-01
1.266666666666666607e+01,1.247429320635730088e-01
1.268750000000000000e+01,1.336818691758960842e-01
1.270833333333333215e+01,1.393194307887843375e-01
1.272916666666666607e+01,1.290941259290777632e-01
1.275000000000000000e+01,1.218495078577428864e-01
1.277083333333333215e+01,1.301114910552376436e-01
1.279166666666666607e+01,1.350411767911943728e-01
1.281250000000000000e+01,1.249484449676455111e-01
1.283333333333333215e+01,1.185656459713696903e-01
1.285416666666666607e+01,1.277360431338685487e-01
1.287500000000000000e+01,1.335141564996529251e-01
1.289583333333333215e+01,1.233000339985905469e-01
1.291666666666666607e+01,1.161137864910877643e-01
1.293750000000000000e+01,1.243901340653056353e-01
1.295833333333333215e+01,1.293386913749476064e-01
1.297916666666666607e+01,1.195338267413736388e-01
1.300000000000000000e+01,1.134500891845965781e-01
1.302083333333333215e+01,1.229395466808934495e-01
1.304166666666666607e+01,1.291066217579411590e-01
1.306250000000000000e+01,1.193746277365737435e-01
1.308333333333333215e+01,1.126758936957727997e-01
1.310416666666666607e+01,1.216299200500654681e-01
1.312500000000000000e+01,1.272545803302994327e-01
1.314583333333333215e+01,1.170744705322345480e-01
1.316666666666666607e+01,1.099896512723658321e-01
1.318750000000000000e+01,1.188355179500806963e-01
1.320833333333333215e+01,1.244007415469584044e-01
1.322916666666666607e+01,1.141523549153733580e-01
1.325000000000000000e+01,1.069806773267248656e-01
1.327083333333333215e+01,1.156044197040992788e-01
1.329166666666666607e+01,1.211030386406641707e-01
1.331250000000000000e+01,1.111169818561998229e-01
1.333333333333333215e+01,1.044300881834006878e-01
1.335416666666666607e+01,1.136069194478931399e-01
1.337500000000000000e+01,1.197478550625326738e-01
1.339583333333333215e+01,1.103027787071063082e-01
1.341666666666666607e+01,1.042536562446593346e-01
1.343750000000000000e+01,1.141763406247271184e-01
1.345833333333333215e+01,1.210516507673311953e-01
1.347916666666666607e+01,1.124173517006020889e-01
1.350000000000000000e+01,1.071383054730692397e-01
1.352083333333333215e+01,1.172908852933133156e-01
1.354166666666666607e+01,1.241239044999114943e-01
1.356250000000000000e+01,1.154788170607408682e-01
1.358333333333333215e+01,1.101774089933019035e-01
1.360416666666666607e+01,1.204992283646652423e-01
1.362500000000000000e+01,1.275248621248768477e-01
1.364583333333333215e+01,1.190241455615537458e-01
1.366666666666666607e+01,1.139126810908687587e-01
1.368750000000000000e+01,1.240101817247670074e-01
1.370833333333333215e+01,1.305720935007189387e-01
1.372916666666666607e+01,1.217049524817045980e-01
1.375000000000000000e+01,1.161441489004651217e-01
1.377083333333333215e+01,1.263677209384261590e-01
1.379166666666666607e+01,1.335842183431784069e-01
1.381250000000000000e+01,1.253469798579763261e-01
1.383333333333333215e+01,1.204715122403282324e-01
1.385416666666666607e+01,1.303675869905024653e-01
1.387500000000000000e+01,1.364445932402804373e-01
1.389583333333333215e+01,1.269373871001838183e-01
1.391666666666666607e+01,1.207743776090155347e-01
1.393750000000000000e+01,1.307166368844190907e-01
1.395833333333333215e+01,1.376701188800218689e-01
1.397916666666666607e+01,1.291450558335995591e-01
1.400000000000000000e+01,1.239877145979459139e-01
1.402083333333333215e+01,1.339250733472109045e-01
1.404166666666666607e+01,1.403565248922861441e-01
1.406250000000000000e+01,1.311527482448777426e-01
1.408333333333333215e+01,1.252510864694025838e-01
1.410416666666666607e+01,1.351236428092580655e-01
1.412500000000000000e+01,1.419555839992489299e-01
1.414583333333333215e+01,1.328707368770086217e-01
1.416666666666666607e+01,1.270668509497781262e-01
1.418750000000000000e+01,1.371207618028290331e-01
1.420833333333333215e+01,1.440477302494851397e-01
1.422916666666666607e+01,1.351780753259167744e-01
1.425000000000000000e+01,1.296573619413286249e-01
1.427083333333333215e+01,1.398023380000441018e-01
1.429166666666666607e+01,1.468077229586441379e-01
1.431250000000000000e+01,1.380420730544286712e-01
1.433333333333333215e+01,1.324081171265998891e-01
1.435416666666666607e+01,1.423599737908974594e-01
1.437500000000000000e+01,1.492280125554661108e-01
1.439583333333333215e+01,1.402585996530816836e-01
1.441666666666666607e+01,1.334372371410826041e-01
1.443750000000000000e+01,1.415319955859016265e-01
1.445833333333333215e+01,1.462821815942806636e-01
1.447916666666666607e+01,1.375760422968798080e-01
1.450000000000000000e+01,1.335173415161504673e-01
1.452083333333333215e+01,1.430275795357633939e-01
1.454166666666666607e+01,1.477747727821271395e-01
1.456250000000000000e+01,1.386311013003304893e-01
1.458333333333333215e+01,1.339113095504559647e-01
1.460416666666666607e+01,1.435699770195358049e-01
1.462500000000000000e+01,1.494409068789585848e-01
1.464583333333333215e+01,1.398236375091126693e-01
1.466666666666666607e+01,1.332839532573078523e-01
1.468750000000000000e+01,1.421310272800062335e-01
1.470833333333333215e+01,1.480792195551908219e-01
1.472916666666666607e+01,1.385849727962752964e-01
1.475000000000000000e+01,1.322744186877600758e-01
1.477083333333333215e+01,1.413835813814869613e-01
1.479166666666666607e+01,1.474703148014082088e-01
1.481250000000000000e+01,1.381209832909379431e-01
1.483333333333333215e+01,1.319863229936829307e-01
1.485416666666666607e+01,1.413732523414449882e-01
1.487500000000000000e+01,1.477521782946631945e-01
1.489583333333333215e+01,1.384295111530187972e-01
1.491666666666666607e+01,1.323497468606393279e-01
1.493750000000000000e+01,1.420338244014919538e-01
1.495833333333333215e+01,1.486673070598025781e-01
1.497916666666666607e+01,1.394309310150786685e-01
1.500000000000000000e+01,1.334423534793800215e-01
1.502083333333333215e+01,1.432306588202914288e-01
1.504166666666666607e+01,1.499239064573564539e-01
1.506250000000000000e+01,1.407240206130410121e-01
1.508333333333333215e+01,1.347628869746276270e-01
1.510416666666666607e+01,1.445824041612200350e-01
1.512500000000000000e+01,1.513041458670517092e-01
1.514583333333333215e+01,1.421068544335876149e-01
1.516666666666666607e+01,1.362008741208024232e-01
1.518750000000000000e+01,1.461088574873077583e-01
1.520833333333333215e+01,1.529129574573790395e-01
1.522916666666666607e+01,1.439069146964951917e-01
1.525000000000000000e+01,1.380704294770052354e-01
1.527083333333333215e+01,1.479326244617556740e-01
1.529166666666666607e+01,1.546107434383063028e-01
1.531250000000000000e+01,1.452841529246877428e-01
1.533333333333333215e+01,1.391851216825516491e-01
1.535416666666666607e+01,1.488743022313741837e-01
1.537500000000000000e+01,1.554562914570939980e-01
1.539583333333333215e+01,1.460865638815247169e-01
1.541666666666666607e+01,1.400135332531834975e-01
1.543750000000000000e+01,1.497992516079260650e-01
1.545833333333333215e+01,1.564722096741734958e-01
1.547916666666666607e+01,1.474213595167357949e-01
1.550000000000000000e+01,1.416731081054286023e-01
1.552083333333333215e+01,1.516704449653306919e-01
1.554166666666666607e+01,1.586576974233226411e-01
1.556250000000000000e+01,1.499351123200453051e-01
1.558333333333333215e+01,1.444454351043835683e-01
1.560416666666666607e+01,1.544485223487702397e-01
1.562500000000000000e+01,1.613293473840016201e-01
1.564583333333333215e+01,1.525021770143005773e-01
1.566666666666666607e+01,1.468747850172299474e-01
1.568750000000000000e+01,1.568953536750701538e-01
1.570833333333333215e+01,1.638866361644934766e-01
1.572916666666666607e+01,1.551526965051506224e-01
1.575000000000000000e+01,1.495798817313341300e-01
1.577083333333333215e+01,1.596205356999506331e-01
1.579166666666666607e+01,1.665980117470945154e-01
1.581250000000000000e+01,1.577153554087359633e-01
1.583333333333333215e+01,1.521015859090220634e-01
1.585416666666666607e+01,1.623223671033242888e-01
1.587500000000000000e+01,1.694390577341662318e-01
1.589583333333333215e+01,1.606118532791456777e-01
1.591666666666666607e+01,1.550796208911947860e-01
1.593750000000000000e+01,1.653270592715064824e-01
1.595833333333333215e+01,1.724313046556094353e-01
1.597916666666666607e+01,1.636931173220500524e-01
1.600000000000000000e+01,1.581097686924171075e-01
1.602083333333333215e+01,1.681892992881121318e-01
1.604166666666666430e+01,1.751302390683256438e-01
1.606250000000000000e+01,1.661384123973869698e-01
1.608333333333333215e+01,1.604397688277654221e-01
1.610416666666666430e+01,1.705130935519228452e-01
1.612500000000000000e+01,1.774901986257582387e-01
1.614583333333333215e+01,1.687561540962336237e-01
1.616666666666666430e+01,1.632122424389978177e-01
1.618750000000000000e+01,1.732109583934649810e-01
1.620833333333333215e+01,1.800860801310779635e-01
1.622916666666666430e+01,1.710913893035677369e-01
1.625000000000000000e+01,1.653615480288893325e-01
1.627083333333333215e+01,1.754735631254457917e-01
1.629166666666666430e+01,1.824739223899384810e-01
1.631250000000000000e+01,1.736882061117681897e-01
1.633333333333333215e+01,1.690838184763280017e-01
1.635416666666666430e+01,1.800391868125081063e-01
1.637500000000000000e+01,1.870410008053672302e-01
1.639583333333333215e+01,1.777078210485999732e-01
1.641666666666666430e+01,1.713331367052176868e-01
1.643750000000000000e+01,1.809483911973593095e-01
1.645833333333333215e+01,1.874562552564931761e-01
1.647916666666666430e+01,1.776940999027214196e-01
1.650000000000000000e+01,1.712642501578908460e-01
1.652083333333333215e+01,1.809275498990693676e-01
1.654166666666666430e+01,1.873848031080246335e-01
1.656250000000000000e+01,1.775629954780056918e-01
1.658333333333333215e+01,1.711205904577755010e-01
1.660416666666666430e+01,1.807889622520812700e-01
1.662500000000000000e+01,1.873010351095887871e-01
1.664583333333333215e+01,1.777341451824843432e-01
1.666666666666666430e+01,1.715243899118107929e-01
1.668750000000000000e+01,1.812758768644610330e-01
1.670833333333333215e+01,1.880162556383937478e-01
1.672916666666666430e+01,1.790775889057262815e-01
1.675000000000000000e+01,1.733636045174207219e-01
1.677083333333333215e+01,1.832177814113948866e-01
1.679166666666666430e+01,1.899559471335297289e-01
1.681250000000000000e+01,1.809126256853311188e-01
1.683333333333333215e+01,1.751426190501518265e-01
1.685416666666666430e+01,1.849896167656003010e-01
1.687500000000000000e+01,1.917811979349280938e-01
1.689583333333333215e+01,1.830872899752927496e-01
1.691666666666666430e+01,1.776425415373333594e-01
1.693750000000000000e+01,1.874313761502870157e-01
1.695833333333333215e+01,1.939539839503849616e-01
1.697916666666666430e+01,1.847535783225698336e-01
1.700000000000000000e+01,1.787938607070357622e-01
1.702083333333333215e+01,1.885079683974437426e-01
1.704166666666666430e+01,1.951440319512404153e-01
1.706250000000000000e+01,1.861417302743735014e-01
1.708333333333333215e+01,1.803459631083534354e-01
1.710416666666666430e+01,1.902713986318640138e-01
1.712500000000000000e+01,1.972211447706860299e-01
1.714583333333333215e+01,1.884755491593919086e-01
1.716666666666666430e+01,1.831154197847052745e-01
1.718750000000000000e+01,1.932337578560852365e-01
1.720833333333333215e+01,1.999990706672533647e-01
1.722916666666666430e+01,1.913042453882429494e-01
1.725000000000000000e+01,1.860746457348787242e-01
1.727083333333333215e+01,1.960129190740590166e-01
1.729166666666666430e+01,2.023267763986144607e-01
1.731250000000000000e+01,1.931424712337308225e-01
1.733333333333333215e+01,1.874952024873602630e-01
1.735416666666666430e+01,1.976749391110567411e-01
1.737500000000000000e+01,2.047897770382070548e-01
1.739583333333333215e+01,1.963888430173297284e-01
1.741666666666666430e+01,1.914308566197251982e-01
1.743750000000000000e+01,2.012765341622732018e-01
1.745833333333333215e+01,2.073722463473056943e-01
1.747916666666666430e+01,1.978964164944596593e-01
1.750000000000000000e+01,1.920176193774998097e-01
1.752083333333333215e+01,2.020823495047277263e-01
1.754166666666666430e+01,2.091086514376393202e-01
1.756250000000000000e+01,2.005689030084900071e-01
1.758333333333333215e+01,1.955838128054518121e-01
1.760416666666666430e+01,2.055710037580366079e-01
1.762500000000000000e+01,2.119354208794737293e-01
1.764583333333333215e+01,2.027356397732832383e-01
1.766666666666666430e+01,1.970309778567698178e-01
1.768750000000000000e+01,2.072639076889539467e-01
1.770833333333333215e+01,2.145666177057998780e-01
1.772916666666666430e+01,2.062986038232086650e-01
1.775000000000000000e+01,2.014579834941992997e-01
1.777083333333333215e+01,2.113155703054030166e-01
1.779166666666666430e+01,2.175031549391265306e-01
1.781250000000000000e+01,2.081257676179790184e-01
1.783333333333333215e+01,2.021114300045942225e-01
1.785416666666666430e+01,2.120452283098780144e-01
1.787500000000000000e+01,2.192022549191559033e-01
1.789583333333333215e+01,2.107823139865786233e-01
1.791666666666666430e+01,2.056496515899134403e-01
1.793750000000000000e+01,2.157595949088242371e-01
1.795833333333333215e+01,2.226900305354435894e-01
1.797916666666666430e+01,2.140308037813923314e-01
1.800000000000000000e+01,2.085601722585554707e-01
1.802083333333333215e+01,2.189727650944386927e-01
1.804166666666666430e+01,2.266651477086177036e-01
1.806250000000000000e+01,2.187566555635460652e-01
1.808333333333333215e+01,2.146964481332890584e-01
1.810416666666666430e+01,2.249122427037982819e-01
1.812500000000000000e+01,2.300811382260574689e-01
1.814583333333333215e+01,2.197455293550972799e-01
1.816666666666666430e+01,2.130095782652397518e-01
1.818750000000000000e+01,2.222534981260518017e-01
1.820833333333333215e+01,2.282121778768600728e-01
1.822916666666666430e+01,2.183745189135134768e-01
1.825000000000000000e+01,2.116335749242288511e-01
1.827083333333333215e+01,2.207941350198965869e-01
1.829166666666666430e+01,2.266736379741171592e-01
1.831250000000000000e+01,2.167660082179433123e-01
1.833333333333333215e+01,2.099733785826100874e-01
1.835416666666666430e+01,2.188756805774594305e-01
1.837500000000000000e+01,2.246024151069405950e-01
1.839583333333333215e+01,2.146866474788976242e-01
1.841666666666666430e+01,2.077836784418487237e-01
1.843750000000000000e+01,2.167197578015741255e-01
1.845833333333333215e+01,2.223939819043468380e-01
1.847916666666666430e+01,2.122725063580401528e-01
1.850000000000000000e+01,2.052485273846712810e-01
1.852083333333333215e+01,2.141087709872273315e-01
1.854166666666666430e+01,2.196982572171938819e-01
1.856250000000000000e+01,2.095463504494603224e-01
1.858333333333333215e+01,2.024976525879228217e-01
1.860416666666666430e+01,2.112028460960480303e-01
1.862500000000000000e+01,2.168028227939650943e-01
1.864583333333333215e+01,2.068404414716982775e-01
1.866666666666666430e+01,2.000516706206904582e-01
1.868750000000000000e+01,2.091181663230576582e-01
1.870833333333333215e+01,2.151566273601268620e-01
1.872916666666666430e+01,2.056304738330429482e-01
1.875000000000000000e+01,1.994831757897192470e-01
1.877083333333333215e+01,2.093649509056139946e-01
1.879166666666666430e+01,2.162240373196643584e-01
1.881250000000000000e+01,2.076873539552495096e-01
1.883333333333333215e+01,2.024194006814608870e-01
1.885416666666666430e+01,2.124452346756040277e-01
1.887500000000000000e+01,2.191639518525061725e-01
1.889583333333333215e+01,2.105137520873575918e-01
1.891666666666666430e+01,2.052161085360577342e-01
1.893750000000000000e+01,2.153584819098262881e-01
1.895833333333333215e+01,2.222168575185368700e-01
1.897916666666666430e+01,2.137072074407791733e-01
1.900000000000000000e+01,2.084811900676485363e-01
1.902083333333333215e+01,2.184681432191917239e-01
1.904166666666666430e+01,2.250852161736333068e-01
1.906250000000000000e+01,2.162534706385741967e-01
1.908333333333333215e+01,2.107992430842522968e-01
1.910416666666666430e+01,2.211130099939749016e-01
1.912500000000000000e+01,2.282234151538326816e-01
1.914583333333333215e+01,2.195690061839116747e-01
1.916666666666666430e+01,2.143477924898768150e-01
1.918750000000000000e+01,2.242718225271363164e-01
1.920833333333333215e+01,2.304982311601931066e-01
1.922916666666666430e+01,2.209971339486783981e-01
1.925000000000000000e+01,2.150161850742106640e-01
1.927083333333333215e+01,2.246662029058424381e-01
1.929166666666666430e+01,2.310513769869761425e-01
1.931250000000000000e+01,2.216302785580431534e-01
1.933333333333333215e+01,2.154629999712235067e-01
1.935416666666666430e+01,2.249344116503949886e-01
1.937500000000000000e+01,2.313242732452929218e-01
1.939583333333333215e+01,2.218500701951535425e-01
1.941666666666666430e+01,2.153749608523092274e-01
1.943750000000000000e+01,2.246916154706437574e-01
1.945833333333333215e+01,2.311425822941690633e-01
1.947916666666666430e+01,2.218168020712465438e-01
1.950000000000000000e+01,2.156329658597588295e-01
1.952083333333333215e+01,2.252142591575732322e-01
1.954166666666666430e+01,2.318457904160184657e-01
1.956250000000000000e+01,2.226300297907325143e-01
1.958333333333333215e+01,2.166013028521179273e-01
1.960416666666666430e+01,2.262352012410372148e-01
1.962500000000000000e+01,2.327186519989088154e-01
1.964583333333333215e+01,2.233593929761082675e-01
1.966666666666666430e+01,2.171580513773082866e-01
1.968750000000000000e+01,2.265369416514889933e-01
1.970833333333333215e+01,2.327011823273661129e-01
1.972916666666666430e+01,2.230828298866195936e-01
1.975000000000000000e+01,2.168374102184104091e-01
1.977083333333333215e+01,2.260522017995750810e-01
1.979166666666666430e+01,2.322389397012099843e-01
1.981250000000000000e+01,2.229365957116382080e-01
1.983333333333333215e+01,2.171796811231674340e-01
1.985416666666666430e+01,2.275909800623693580e-01
1.987500000000000000e+01,2.348344315262465010e-01
1.989583333333333215e+01,2.256268852833820671e-01
1.991666666666666430e+01,2.189503907460000898e-01
1.993750000000000000e+01,2.281944720941832261e-01
1.995833333333333215e+01,2.345847949736128979e-01
1.997916666666666430e+01,2.247229860493063780e-01
2.000000000000000000e+01,2.170942921895519240e-01
2.002083333333333215e+01,2.252270625399549475e-01
2.004166666666666430e+01,2.305677183860081747e-01
2.006250000000000000e+01,2.203815754501658730e-01
2.008333333333333215e+01,2.130459720763262510e-01
2.010416666666666430e+01,2.214648594788966307e-01
2.012500000000000000e+01,2.267566480544976060e-01
2.014583333333333215e+01,2.164994023865891570e-01
2.016666666666666430e+01,2.093744568876968470e-01
2.018750000000000000e+01,2.179403429936477565e-01
2.020833333333333215e+01,2.230495169067348016e-01
2.022916666666666430e+01,2.130113880443121332e-01
2.025000000000000000e+01,2.066602514358389098e-01
2.027083333333333215e+01,2.158832833331514323e-01
2.029166666666666430e+01,2.213697391875788789e-01
2.031250000000000000e+01,2.111434405889983656e-01
2.033333333333333215e+01,2.043651197358837268e-01
2.035416666666666430e+01,2.131191290356331813e-01
2.037500000000000000e+01,2.181192698317687972e-01
2.039583333333333215e+01,2.082189179571977689e-01
2.041666666666666430e+01,2.020379010799634445e-01
2.043750000000000000e+01,2.113825925616930057e-01
2.045833333333333215e+01,2.172476377238490852e-01
2.047916666666666430e+01,2.071911048467502681e-01
2.050000000000000000e+01,2.000806566048370094e-01
2.052083333333333215e+01,2.085554504622500471e-01
2.054166666666666430e+01,2.136431508803330881e-01
2.056250000000000000e+01,2.035964175382374008e-01
2.058333333333333215e+01,1.968744606676178510e-01
2.060416666666666430e+01,2.057022683286736653e-01
2.062500000000000000e+01,2.112235552582211739e-01
2.064583333333333215e+01,2.008478089990639315e-01
2.066666666666666430e+01,1.932269199814997673e-01
2.068750000000000000e+01,2.011695691289754617e-01
2.070833333333333215e+01,2.059071166656832319e-01
2.072916666666666430e+01,1.960417450644685311e-01
2.075000000000000000e+01,1.899963165445394953e-01
2.077083333333333215e+01,1.996121968868638519e-01
2.079166666666666430e+01,2.057175773459642698e-01
2.081250000000000000e+01,1.958685246823105297e-01
2.083333333333333215e+01,1.891585112441836747e-01
2.085416666666666430e+01,1.980290005414905852e-01
2.087500000000000000e+01,2.032695557465743763e-01
2.089583333333333215e+01,1.931361909717813630e-01
2.091666666666666430e+01,1.864287149622349260e-01
2.093750000000000000e+01,1.952742239645979538e-01
2.095833333333333215e+01,2.006084816074679422e-01
2.097916666666666430e+01,1.904311324560585550e-01
2.100000000000000000e+01,1.834283347162365407e-01
2.102083333333333215e+01,1.919578859835896767e-01
2.104166666666666430e+01,1.970664046152728055e-01
2.106250000000000000e+01,1.870253985346899961e-01
2.108333333333333215e+01,1.803214812019707791e-01
2.110416666666666430e+01,1.891710491744978684e-01
2.112500000000000000e+01,1.947615065526386025e-01
2.114583333333333215e+01,1.843909923406119866e-01
2.116666666666666430e+01,1.769448725558666335e-01
2.118750000000000000e+01,1.851687937828965513e-01
2.120833333333333215e+01,1.900065100131445583e-01
2.122916666666666430e+01,1.801111107363727037e-01
2.125000000000000000e+01,1.739033739060324713e-01
2.127083333333333215e+01,1.832729003357210229e-01
2.129166666666666430e+01,1.891871234537337021e-01
2.131250000000000000e+01,1.791526918230641752e-01
2.133333333333333215e+01,1.720464142120011752e-01
2.135416666666666430e+01,1.805060873599608484e-01
2.137500000000000000e+01,1.854546968636081317e-01
2.139583333333333215e+01,1.755015983275296787e-01
2.141666666666666430e+01,1.692174849109221446e-01
2.143750000000000000e+01,1.784893502552946376e-01
2.145833333333333215e+01,1.842026271021896533e-01
2.147916666666666430e+01,1.739894196553868344e-01
2.150000000000000000e+01,1.667965496816575799e-01
2.152083333333333215e+01,1.706851498132766487e-01
2.154166666666666430e+01,1.722720424780550541e-01
2.156250000000000000e+01,1.672616464056871366e-01
2.158333333333333215e+01,1.682251255992385230e-01
2.160416666666666430e+01,1.724273733490452043e-01
2.162500000000000000e+01,1.682331003036992290e-01
2.164583333333333215e+01,1.661681870001661676e-01
2.166666666666666430e+01,1.721588733593970577e-01
2.168750000000000000e+01,1.710613616728665354e-01
2.170833333333333215e+01,1.655251751027328744e-01
2.172916666666666430e+01,1.706643678418461596e-01
2.175000000000000000e+01,1.731936941909521521e-01
2.177083333333333215e+01,1.653796580775731551e-01
2.179166666666666430e+01,1.641862627616863524e-01
2.181250000000000000e+01,1.714968388090662710e-01
2.183333333333333215e+01,1.705776166439693653e-01
2.185416666666666430e+01,1.648375400357028620e-01
2.187500000000000000e+01,1.695421211723810440e-01
2.189583333333333215e+01,1.726217012352348201e-01
2.191666666666666430e+01,1.648877115115484071e-01
2.193750000000000000e+01,1.631039192799526305e-01
2.195833333333333215e+01,1.706580250691557832e-01
2.197916666666666430e+01,1.707943917269922895e-01
2.200000000000000000e+01,1.642887989334340937e-01
2.202083333333333215e+01,1.672394720410202429e-01
2.204166666666666430e+01,1.714593257566771334e-01
2.206250000000000000e+01,1.651983227635052953e-01
2.208333333333333215e+01,1.636033151674798625e-01
2.210416666666666430e+01,1.712442663051908232e-01
2.212500000000000000e+01,1.711564125419655635e-01
2.214583333333333215e+01,1.649526056973000809e-01
2.216666666666666430e+01,1.682873229580360008e-01
2.218750000000000000e+01,1.723849969976956886e-01
2.220833333333333215e+01,1.657459110177673389e-01
2.222916666666666430e+01,1.638861021828615094e-01
2.225000000000000000e+01,1.713973034741409773e-01
2.227083333333333215e+01,1.715136346908037179e-01
2.229166666666666430e+01,1.651644393677688116e-01
2.231250000000000000e+01,1.679561264864563308e-01
2.233333333333333215e+01,1.721534335658671533e-01
2.235416666666666430e+01,1.660524418932792512e-01
2.237500000000000000e+01,1.644759679695696197e-01
2.239583333333333215e+01,1.716947225918478148e-01
2.241666666666666430e+01,1.710076983092950753e-01
2.243750000000000000e+01,1.650387747638428770e-01
2.245833333333333215e+01,1.689112390672910247e-01
2.247916666666666430e+01,1.723306393302605488e-01
2.250000000000000000e+01,1.655046350547682843e-01
2.252083333333333215e+01,1.640581504641623889e-01
2.254166666666666430e+01,1.709531193723446696e-01
2.256250000000000000e+01,1.698134086992669767e-01
2.258333333333333215e+01,1.641745468857978563e-01
2.260416666666666430e+01,1.691306348130912074e-01
2.262500000000000000e+01,1.719037095063733200e-01
2.264583333333333215e+01,1.641578924968644382e-01
2.266666666666666430e+01,1.628416404338286216e-01
2.268750000000000000e+01,1.714604311233306755e-01
2.270833333333333215e+01,1.731913112980824343e-01
2.272916666666666430e+01,1.664838536747096365e-01
2.275000000000000000e+01,1.675572367147886710e-01
2.277083333333333215e+01,1.746954303651982177e-01
2.279166666666666430e+01,1.721856911680840208e-01
2.281250000000000000e+01,1.681852198366495799e-01
2.283333333333333215e+01,1.753606216257653228e-01
2.285416666666666430e+01,1.786167837195259678e-01
2.287500000000000000e+01,1.704304612625778259e-01
2.289583333333333215e+01,1.676351164435586072e-01
2.291666666666666430e+01,1.762998000092059758e-01
2.293750000000000000e+01,1.792247024679408385e-01
2.295833333333333215e+01,1.708043426006068677e-01
2.297916666666666430e+01,1.679773130697712613e-01
2.300000000000000000e+01,1.763570730301151357e-01
2.302083333333333215e+01,1.787512772852165310e-01
2.304166666666666430e+01,1.706110154281465507e-01
2.306250000000000000e+01,1.688143823381807185e-01
2.308333333333333215e+01,1.763482846908944468e-01
2.310416666666666430e+01,1.763214133949844165e-01
2.312500000000000000e+01,1.698415911205711226e-01
2.314583333333333215e+01,1.727374047003023549e-01
2.316666666666666430e+01,1.768751931892298679e-01
2.318750000000000000e+01,1.702226951637443586e-01
2.320833333333333215e+01,1.681571535106922421e-01
2.322916666666666430e+01,1.759085142182511829e-01
2.325000000000000000e+01,1.763225131948555069e-01
2.327083333333333215e+01,1.691644496848694890e-01
2.329166666666666430e+01,1.708493404342653343e-01
2.331250000000000000e+01,1.759636209394899453e-01
2.333333333333333215e+01,1.701708237642800825e-01
2.335416666666666430e+01,1.674389705308234610e-01
2.337500000000000000e+01,1.754487425300646775e-01
2.339583333333333215e+01,1.771164397513921573e-01
2.341666666666666430e+01,1.693701562160084273e-01
2.343750000000000000e+01,1.686811261042367172e-01
2.345833333333333215e+01,1.752129280652632015e-01
2.347916666666666430e+01,1.729068119962349215e-01
2.350000000000000000e+01,1.679833312724483274e-01
2.352083333333333215e+01,1.738066351645765895e-01
2.354166666666666430e+01,1.755764284861795199e-01
2.356250000000000000e+01,1.676115040882426022e-01
2.358333333333333215e+01,1.669101003608317313e-01
2.360416666666666430e+01,1.735276626618460494e-01
2.362500000000000000e+01,1.712063037232985363e-01
2.364583333333333215e+01,1.662373962460673149e-01
2.366666666666666430e+01,1.722014185710925016e-01
2.368750000000000000e+01,1.742883240951377533e-01
2.370833333333333215e+01,1.663158510794927047e-01
2.372916666666666430e+01,1.653040175867945272e-01
2.375000000000000000e+01,1.722529482397828493e-01
2.377083333333333215e+01,1.709239835014663700e-01
2.379166666666666430e+01,1.653909108096579539e-01
2.381250000000000000e+01,1.708832635156574964e-01
2.383333333333333215e+01,1.732878836235720033e-01
2.385416666666666430e+01,1.654269012494182234e-01
2.387500000000000000e+01,1.642524833042467158e-01
2.389583333333333215e+01,1.714474195815422763e-01
2.391666666666666430e+01,1.704162495487713258e-01
2.393750000000000000e+01,1.649173638228586258e-01
2.395833333333333215e+01,1.699393602389705493e-01
2.397916666666666430e+01,1.726800180323537492e-01
2.400000000000000000e+01,1.650464046749781921e-01
2.402083333333333215e+01,1.638837355693266717e-01
2.404166666666666430e+01,1.708886052535729116e-01
2.406250000000000000e+01,1.698552868074446054e-01
2.408333333333333215e+01,1.643871524639499981e-01
2.410416666666666430e+01,1.693485073406431896e-01
2.412500000000000000e+01,1.720219615852497941e-01
2.414583333333333215e+01,1.646614348919174520e-01
2.416666666666666430e+01,1.637223873398893637e-01
2.418750000000000000e+01,1.707832544034850741e-01
2.420833333333333215e+01,1.694068259731444925e-01
2.422916666666666430e+01,1.642402067783836073e-01
2.425000000000000000e+01,1.694001896118932093e-01
2.427083333333333215e+01,1.717443394667054479e-01
2.429166666666666430e+01,1.643001447764583789e-01
2.431250000000000000e+01,1.636744911657490587e-01
2.433333333333333215e+01,1.701813257127883783e-01
2.435416666666666430e+01,1.680705478695855293e-01
2.437500000000000000e+01,1.633900500643375719e-01
2.439583333333333215e+01,1.690508166406930191e-01
2.441666666666666430e+01,1.704089175374430831e-01
2.443750000000000000e+01,1.633430640766526665e-01
2.445833333333333215e+01,1.643019218754055433e-01
2.447916666666666430e+01,1.692871341961964260e-01
2.450000000000000000e+01,1.629906279586856577e-01
2.452083333333333215e+01,1.603933548354965766e-01
2.454166666666666430e+01,1.688440876738875884e-01
2.456250000000000000e+01,1.701534327441177608e-01
2.458333333333333215e+01,1.617377592530556685e-01
2.460416666666666430e+01,1.612990166839246287e-01
2.462500000000000000e+01,1.678822032773685247e-01
2.464583333333333215e+01,1.649678065727054610e-01
2.466666666666666430e+01,1.598898338588035650e-01
2.468750000000000000e+01,1.663485300537559386e-01
2.470833333333333215e+01,1.692203031870921637e-01
2.472916666666666430e+01,1.604303344086832894e-01
2.475000000000000000e+01,1.570651734391400600e-01
2.477083333333333215e+01,1.655214431211091686e-01
2.479166666666666430e+01,1.683233614867595263e-01
2.481250000000000000e+01,1.597882691056529414e-01
2.483333333333333215e+01,1.569959325368086023e-01
2.485416666666666430e+01,1.651187294378634041e-01
2.487500000000000000e+01,1.668848328975513495e-01
2.489583333333333215e+01,1.591143926204768577e-01
2.491666666666666430e+01,1.583368878384951162e-01
2.493750000000000000e+01,1.650282281707964593e-01
2.495833333333333215e+01,1.630763812991674611e-01
2.497916666666666430e+01,1.579472433464166603e-01
2.500000000000000000e+01,1.633626583911704511e-01
2.502083333333333215e+01,1.651644273755093484e-01
2.504166666666666430e+01,1.576091820828837697e-01
2.506250000000000000e+01,1.573197913723795582e-01
2.508333333333333215e+01,1.635519309000598165e-01
2.510416666666666430e+01,1.604847560928261974e-01
2.512500000000000000e+01,1.561330183865247134e-01
2.514583333333333215e+01,1.625555794221853756e-01
2.516666666666666430e+01,1.642444813680631610e-01
2.518750000000000000e+01,1.566790744635898347e-01
2.520833333333333215e+01,1.563675586726622491e-01
2.522916666666666430e+01,1.627876617809253246e-01
2.525000000000000000e+01,1.600663451864459408e-01
2.527083333333333215e+01,1.555508735520547414e-01
2.529166666666666430e+01,1.615263262533356281e-01
2.531250000000000000e+01,1.631223524087252741e-01
2.533333333333333215e+01,1.558138808834145794e-01
2.535416666666666430e+01,1.559499775434350366e-01
2.537500000000000000e+01,1.618350948401579281e-01
2.539583333333333215e+01,1.580387398707753244e-01
2.541666666666666430e+01,1.545273846421969799e-01
2.543750000000000000e+01,1.611201146462500067e-01
2.545833333333333215e+01,1.622008051414283170e-01
2.547916666666666430e+01,1.550864395175025057e-01
2.550000000000000000e+01,1.562913677776247012e-01
2.552083333333333215e+01,1.616232225802652633e-01
2.554166666666666430e+01,1.565793870997554404e-01
2.556250000000000000e+01,1.540443188471099234e-01
2.558333333333333215e+01,1.615032970279924041e-01
2.560416666666666430e+01,1.624425223912455696e-01
2.562500000000000000e+01,1.557799359963396024e-01
2.564583333333333215e+01,1.575343994882868748e-01
2.566666666666666430e+01,1.626637199789309485e-01
2.568750000000000000e+01,1.571648965467479231e-01
2.570833333333333215e+01,1.554700902700229537e-01
2.572916666666666430e+01,1.630700432890615226e-01
2.575000000000000000e+01,1.633023299846416421e-01
2.577083333333333215e+01,1.570962809816782713e-01
2.579166666666666430e+01,1.603514409752858361e-01
2.581250000000000000e+01,1.645431502515266597e-01
2.583333333333333215e+01,1.582467698510062748e-01
2.585416666666666430e+01,1.567459082700488615e-01
2.587500000000000000e+01,1.640637914166900024e-01
2.589583333333333215e+01,1.638124631356351613e-01
2.591666666666666430e+01,1.579830185860537917e-01
2.593750000000000000e+01,1.620048703906593335e-01
2.595833333333333215e+01,1.656378618896656441e-01
2.597916666666666430e+01,1.586837367722301328e-01
2.600000000000000000e+01,1.574124671305150158e-01
2.602083333333333215e+01,1.647221994717038840e-01
2.604166666666666430e+01,1.641886535536083158e-01
2.606250000000000000e+01,1.584549063212194742e-01
2.608333333333333215e+01,1.630793206156009589e-01
2.610416666666666430e+01,1.662136109412933882e-01
2.612500000000000000e+01,1.589415962795751869e-01
2.614583333333333215e+01,1.576764701333215890e-01
2.616666666666666430e+01,1.649411590757014767e-01
2.618750000000000000e+01,1.643650583064370507e-01
2.620833333333333215e+01,1.590195761485428128e-01
2.622916666666666430e+01,1.635655611154064326e-01
2.625000000000000000e+01,1.666010002723638805e-01
2.627083333333333215e+01,1.594471605426447391e-01
2.629166666666666430e+01,1.584187948907912757e-01
2.631250000000000000e+01,1.654976756141993965e-01
2.633333333333333215e+01,1.645793232964591901e-01
2.635416666666666430e+01,1.590244683534834114e-01
2.637500000000000000e+01,1.638379071873251325e-01
2.639583333333333215e+01,1.668967350136170424e-01
2.641666666666666430e+01,1.595963977646314980e-01
2.643750000000000000e+01,1.583170398839517379e-01
2.645833333333333215e+01,1.655669943401499034e-01
2.647916666666666430e+01,1.650786689860354595e-01
2.650000000000000000e+01,1.597130512052188922e-01
2.652083333333333215e+01,1.640530650973044402e-01
2.654166666666666430e+01,1.669857867924095518e-01
2.656250000000000000e+01,1.603294158310622219e-01
2.658333333333333215e+01,1.603611124577279945e-01
2.660416666666666430e+01,1.667420565621146877e-01
2.662500000000000000e+01,1.637663974244459586e-01
2.664583333333333215e+01,1.597508340207095257e-01
2.666666666666666430e+01,1.660629146206910878e-01
2.668750000000000000e+01,1.676456051528839586e-01
2.670833333333333215e+01,1.603922295365622641e-01
2.672916666666666430e+01,1.608608343209244063e-01
2.675000000000000000e+01,1.670124701114351073e-01
2.677083333333333215e+01,1.633757221219095113e-01
2.679166666666666430e+01,1.599864069734809602e-01
2.681250000000000000e+01,1.665562755562839670e-01
2.683333333333333215e+01,1.674996927854905948e-01
2.685416666666666430e+01,1.607138297142714500e-01
2.687500000000000000e+01,1.627395098138927354e-01
2.689583333333333215e+01,1.676693470808619246e-01
2.691666666666666430e+01,1.620056970147782383e-01
2.693750000000000000e+01,1.603971169620484472e-01
2.695833333333333215e+01,1.679388847981741206e-01
2.697916666666666430e+01,1.679751940521044540e-01
2.700000000000000000e+01,1.618527564587442236e-01
2.702083333333333215e+01,1.651317564620999601e-01
2.704166666666666430e+01,1.691377914432095619e-01
2.706250000000000000e+01,1.627773188420483796e-01
2.708333333333333215e+01,1.617363642468954144e-01
2.710416666666666430e+01,1.689038550331211086e-01
2.712500000000000000e+01,1.679843025498651832e-01
2.714583333333333215e+01,1.625390608490212552e-01
2.716666666666666430e+01,1.676328359884842745e-01
2.718750000000000000e+01,1.703786142359812183e-01
2.720833333333333215e+01,1.631207741736725725e-01
2.722916666666666430e+01,1.622852799742888485e-01
2.725000000000000000e+01,1.691943930577367861e-01
2.727083333333333215e+01,1.678233460625219720e-01
2.729166666666666430e+01,1.629113968501547383e-01
2.731250000000000000e+01,1.681687045452761875e-01
2.733333333333333215e+01,1.702065423594489313e-01
2.735416666666666430e+01,1.629793611835527456e-01
2.737500000000000000e+01,1.629795468809599468e-01
2.739583333333333215e+01,1.694656622583185501e-01
2.741666666666666430e+01,1.665060305568203669e-01
2.743750000000000000e+01,1.622480698227510842e-01
2.745833333333333215e+01,1.686452786470022391e-01
2.747916666666666430e+01,1.706795379291516923e-01
2.750000000000000000e+01,1.628316247323786659e-01
2.752083333333333215e+01,1.621563410526282445e-01
2.754166666666666430e+01,1.688701128475057212e-01
2.756250000000000000e+01,1.668827365734151524e-01
2.758333333333333215e+01,1.619111368077413016e-01
2.760416666666666430e+01,1.677098970299734648e-01
2.762500000000000000e+01,1.694930621447085228e-01
2.764583333333333215e+01,1.618908933689162666e-01
2.766666666666666430e+01,1.616744521235518317e-01
2.768750000000000000e+01,1.682874245201447516e-01
2.770833333333333215e+01,1.655594168421698764e-01
2.772916666666666430e+01,1.610471381592487594e-01
2.775000000000000000e+01,1.672442731783811698e-01
2.777083333333333215e+01,1.692513769218871866e-01
2.779166666666666430e+01,1.613843372052982394e-01
2.781250000000000000e+01,1.606419271933395287e-01
2.783333333333333215e+01,1.674067797004125668e-01
2.785416666666666430e+01,1.656791153662721672e-01
2.787500000000000000e+01,1.604840382212395777e-01
2.789583333333333215e+01,1.660341816781913948e-01
2.791666666666666430e+01,1.680542843095939043e-01
2.793750000000000000e+01,1.605378095545938189e-01
2.795833333333333215e+01,1.601057677154031356e-01
2.797916666666666430e+01,1.667908100439571273e-01
2.800000000000000000e+01,1.643866109315730573e-01
2.802083333333333215e+01,1.597295512124631001e-01
2.804166666666666430e+01,1.657256151222316065e-01
2.806250000000000000e+01,1.678054167615734282e-01
2.808333333333333215e+01,1.599586076806327473e-01
2.810416666666666430e+01,1.589903759565008956e-01
2.812500000000000000e+01,1.660527655796949220e-01
2.814583333333333215e+01,1.651456862663142899e-01
2.816666666666666430e+01,1.595000162245122921e-01
2.818750000000000000e+01,1.646301435129816360e-01
2.820833333333333215e+01,1.674739207127826368e-01
2.822916666666666430e+01,1.597265816882011691e-01
2.825000000000000000e+01,1.583833385120430592e-01
2.827083333333333215e+01,1.657612019388612912e-01
2.829166666666666430e+01,1.653453037940570969e-01
2.831250000000000000e+01,1.595217611738613261e-01
2.833333333333333215e+01,1.637938330777100326e-01
2.835416666666666430e+01,1.673951251544558427e-01
2.837500000000000000e+01,1.601236960060229142e-01
2.839583333333333215e+01,1.583453790814818574e-01
2.841666666666666430e+01,1.660261972395102037e-01
2.843750000000000000e+01,1.666856097173888551e-01
2.845833333333333215e+01,1.600207790295710697e-01
2.847916666666666430e+01,1.620162219941627957e-01
2.850000000000000000e+01,1.670911105578816724e-01
2.852083333333333215e+01,1.613872118082937124e-01
2.854166666666666430e+01,1.593836511689483149e-01
2.856250000000000000e+01,1.672882385388566595e-01
2.858333333333333215e+01,1.681904476365659595e-01
2.860416666666666430e+01,1.615170708598525628e-01
2.862500000000000000e+01,1.634418351862811369e-01
2.864583333333333215e+01,1.685950762212636012e-01
2.866666666666666430e+01,1.629635376421475768e-01
2.868750000000000000e+01,1.610909566029054829e-01
2.870833333333333215e+01,1.688490743351481194e-01
2.872916666666666430e+01,1.696148149965457652e-01
2.875000000000000000e+01,1.629715782971444260e-01
2.877083333333333215e+01,1.650954741307807672e-01
2.879166666666666430e+01,1.700903654290677469e-01
2.881250000000000000e+01,1.645998902022190458e-01
2.883333333333333215e+01,1.629258167188130657e-01
2.885416666666666430e+01,1.703411539141367059e-01
2.887500000000000000e+01,1.704136461262937552e-01
2.889583333333333215e+01,1.643580612707984945e-01
2.891666666666666430e+01,1.677948102612133729e-01
2.893750000000000000e+01,1.719863713266370220e-01
2.895833333333333215e+01,1.653389100978114035e-01
2.897916666666666430e+01,1.634868351519755958e-01
2.900000000000000000e+01,1.712257372606786898e-01
2.902083333333333215e+01,1.720617039858266528e-01
2.904166666666666430e+01,1.653044821239014195e-01
2.906250000000000000e+01,1.670292261090665087e-01
2.908333333333333215e+01,1.723146715503623971e-01
2.910416666666666430e+01,1.668758884761243622e-01
2.912500000000000000e+01,1.647089472312212588e-01
2.914583333333333215e+01,1.725280878532090556e-01
2.916666666666666430e+01,1.735356782551911725e-01
2.918750000000000000e+01,1.668572911501525202e-01
2.920833333333333215e+01,1.686661785284799264e-01
2.922916666666666430e+01,1.738281132420707031e-01
2.925000000000000000e+01,1.683039473901047356e-01
2.927083333333333215e+01,1.666235157270695433e-01
2.929166666666666430e+01,1.741349301002506067e-01
2.931250000000000000e+01,1.742527841545753187e-01
2.933333333333333215e+01,1.680652396569943252e-01
2.935416666666666430e+01,1.713566915734395235e-01
2.937500000000000000e+01,1.753891370043281217e-01
2.939583333333333215e+01,1.689269023762419442e-01
2.941666666666666430e+01,1.674781513041942449e-01
2.943750000000000000e+01,1.750189921383160097e-01
2.945833333333333215e+01,1.749142145078886046e-01
2.947916666666666430e+01,1.690332938465912427e-01
2.950000000000000000e+01,1.728449327213390785e-01
2.952083333333333215e+01,1.763576579384183163e-01
2.954166666666666430e+01,1.696894031709548778e-01
2.956250000000000000e+01,1.687545417914825818e-01
2.958333333333333215e+01,1.757636223036713463e-01
2.960416666666666430e+01,1.741328967373849956e-01
2.962500000000000000e+01,1.689286663105658559e-01
2.964583333333333215e+01,1.743474858652734882e-01
2.966666666666666430e+01,1.763817717539454544e-01
2.968750000000000000e+01,1.686786904890650030e-01
2.970833333333333215e+01,1.681459699995415391e-01
2.972916666666666430e+01,1.747297298215158556e-01
2.975000000000000000e+01,1.725662095808168095e-01
2.977083333333333215e+01,1.676804326591874172e-01
2.979166666666666430e+01,1.736049827117823185e-01
2.981250000000000000e+01,1.755445347371970277e-01
2.983333333333333215e+01,1.679344424801990365e-01
2.985416666666666430e+01,1.675372371768489854e-01
2.987500000000000000e+01,1.740072267519177096e-01
2.989583333333333215e+01,1.713692093983747444e-01
2.991666666666666430e+01,1.669320946462130029e-01
2.993750000000000000e+01,1.729333134419268891e-01
2.995833333333333215e+01,1.746704835065270855e-01
2.997916666666666430e+01,1.673154026392651705e-01
3.000000000000000000e+01,1.675152564409877753e-01
3.002083333333333215e+01,1.735091368895678443e-01
3.004166666666666430e+01,1.699408784617292556e-01
3.006250000000000000e+01,1.661654843706331097e-01
3.008333333333333215e+01,1.729522436259015028e-01
3.010416666666666430e+01,1.745766936410087233e-01
3.012500000000000000e+01,1.672790036624105525e-01
3.014583333333333215e+01,1.674576191213567877e-01
3.016666666666666430e+01,1.734303722188434149e-01
3.018750000000000000e+01,1.700221600933294608e-01
3.020833333333333215e+01,1.658122304144951098e-01
3.022916666666666430e+01,1.720552340688150661e-01
3.025000000000000000e+01,1.734727184629908936e-01
3.027083333333333215e+01,1.659485051117543242e-01
3.029166666666666430e+01,1.663968528118339452e-01
3.031250000000000000e+01,1.728051959503193458e-01
3.033333333333333215e+01,1.689776032160413555e-01
3.035416666666666430e+01,1.647509912106061569e-01
3.037500000000000000e+01,1.721557809548950047e-01
3.039583333333333215e+01,1.757401100788697490e-01
3.041666666666666430e+01,1.668716733347967995e-01
3.043750000000000000e+01,1.629572247639199112e-01
3.045833333333333215e+01,1.722503259888994442e-01
3.047916666666666430e+01,1.773309182235249526e-01
3.050000000000000000e+01,1.674773748167580900e-01
3.052083333333333215e+01,1.609752945093989029e-01
3.054166666666666430e+01,1.705255526238772523e-01
3.056250000000000000e+01,1.775836721573801624e-01
3.058333333333333215e+01,1.689603542050955587e-01
3.060416666666666430e+01,1.635345278122244672e-01
3.062500000000000000e+01,1.738498402071724513e-01
3.064583333333333215e+01,1.811521683079276301e-01
3.066666666666666430e+01,1.728324476659358622e-01
3.068750000000000000e+01,1.680463121154577855e-01
3.070833333333333215e+01,1.778026022719004784e-01
3.072916666666666430e+01,1.834375794454907171e-01
3.075000000000000000e+01,1.735486429826937349e-01
3.077083333333333215e+01,1.672776553982498471e-01
3.079166666666666430e+01,1.768477398534138711e-01
3.081250000000000000e+01,1.833883387727778258e-01
3.083333333333333215e+01,1.744241600652245150e-01
3.085416666666666430e+01,1.689403077828581790e-01
3.087500000000000000e+01,1.792265211943084580e-01
3.089583333333333215e+01,1.865184933524091648e-01
3.091666666666666430e+01,1.782689319261281380e-01
3.093750000000000000e+01,1.734370756129708646e-01
3.095833333333333215e+01,1.832997365666448331e-01
3.097916666666666430e+01,1.895218364530457389e-01
3.100000000000000000e+01,1.801821643030339093e-01
3.102083333333333215e+01,1.740911432850726914e-01
3.104166666666666430e+01,1.839542160419209149e-01
3.106250000000000000e+01,1.907924378829440049e-01
3.108333333333333215e+01,1.819659165122092803e-01
3.110416666666666430e+01,1.766725997432470052e-01
3.112500000000000000e+01,1.868750047824877802e-01
3.114583333333333215e+01,1.936637740897734217e-01
3.116666666666666430e+01,1.848907013227300555e-01
3.118750000000000000e+01,1.797251532780466121e-01
3.120833333333333215e+01,1.898262526067265865e-01
3.122916666666666430e+01,1.965137359562367236e-01
3.125000000000000000e+01,1.876561641254162749e-01
3.127083333333333215e+01,1.822768586697442461e-01
3.129166666666666430e+01,1.925350725077747682e-01
3.131250000000000000e+01,1.997408422945315398e-01
3.133333333333333215e+01,1.913766618395458807e-01
3.135416666666666430e+01,1.863298877558996480e-01
3.137500000000000000e+01,1.963514731207119390e-01
3.139583333333333215e+01,2.030094425238092581e-01
3.141666666666666430e+01,1.940711797063015276e-01
3.143750000000000000e+01,1.884571328254463773e-01
3.145833333333333215e+01,1.988201686727134043e-01
3.147916666666666430e+01,2.064161464849373628e-01
3.150000000000000000e+01,1.984144949070126840e-01
3.152083333333333215e+01,1.937246780468208363e-01
3.154166666666666430e+01,2.035184481348932539e-01
3.156250000000000000e+01,2.095055415336657123e-01
3.158333333333333215e+01,1.998789683319349697e-01
3.160416666666666430e+01,1.935538536129534359e-01
3.162500000000000000e+01,2.031834659293733358e-01
3.164583333333333215e+01,2.100027610028872282e-01
3.166666666666666430e+01,2.012505560287931594e-01
3.168750000000000000e+01,1.959338174034220559e-01
3.170833333333333215e+01,2.061665494643931118e-01
3.172916666666666430e+01,2.132038206387828205e-01
3.175000000000000000e+01,2.046930779921745103e-01
3.177083333333333215e+01,1.997363414844695040e-01
3.179166666666666430e+01,2.096818531753402159e-01
3.181250000000000000e+01,2.159059604457002624e-01
3.183333333333333215e+01,2.066060106800335638e-01
3.185416666666666430e+01,2.009687577219787247e-01
3.187500000000000000e+01,2.112188046741189928e-01
3.189583333333333215e+01,2.183089744297309620e-01
3.191666666666666430e+01,2.098905049230744280e-01
3.193750000000000000e+01,2.052071454197333944e-01
3.195833333333333215e+01,2.148395738346266792e-01
3.197916666666666430e+01,2.201957398226237761e-01
3.200000000000000000e+01,2.102835865400646542e-01
3.202083333333332860e+01,2.041787230061724301e-01
3.204166666666666430e+01,2.143541769845925815e-01
3.206250000000000000e+01,2.216061244895000948e-01
3.208333333333332860e+01,2.126766937690545145e-01
3.210416666666666430e+01,2.072012099421589038e-01
3.212500000000000000e+01,2.175227193777657941e-01
3.214583333333332860e+01,2.242869237919682956e-01
3.216666666666666430e+01,2.153650159545442144e-01
3.218750000000000000e+01,2.101366197044232942e-01
3.220833333333332860e+01,2.200368192698813896e-01
3.222916666666666430e+01,2.259503716375291515e-01
3.225000000000000000e+01,2.162880394481102864e-01
3.227083333333332860e+01,2.106611442945984791e-01
3.229166666666666430e+01,2.205584834867871380e-01
3.231250000000000000e+01,2.267289790749467682e-01
3.233333333333332860e+01,2.172240299218058390e-01
3.235416666666666430e+01,2.110858375570930090e-01
3.237500000000000000e+01,2.203302889982661494e-01
3.239583333333332860e+01,2.262078060300390381e-01
3.241666666666666430e+01,2.163562512360786838e-01
3.243750000000000000e+01,2.096131248279214931e-01
3.245833333333332860e+01,2.182799579223752284e-01
3.247916666666666430e+01,2.236230312570494094e-01
3.250000000000000000e+01,2.135898763460740979e-01
3.252083333333332860e+01,2.068093132387273658e-01
3.254166666666666430e+01,2.153687604374738829e-01
3.256250000000000000e+01,2.206640377309475043e-01
3.258333333333332860e+01,2.107171191351248640e-01
3.260416666666666430e+01,2.041240149366009005e-01
3.262500000000000000e+01,2.130306939282227974e-01
3.264583333333332860e+01,2.185671019187338804e-01
3.266666666666666430e+01,2.080303973835070375e-01
3.268750000000000000e+01,2.006041550503274151e-01
3.270833333333332860e+01,2.089271630766155463e-01
3.272916666666666430e+01,2.138218788651066460e-01
3.275000000000000000e+01,2.037790385190794973e-01
3.277083333333332860e+01,1.976610213424676854e-01
3.279166666666666430e+01,2.073197638453027347e-01
3.281250000000000000e+01,2.134867422851217944e-01
3.283333333333332860e+01,2.039097377497634811e-01
3.285416666666666430e+01,1.976357997271162292e-01
3.287500000000000000e+01,2.071303880073535886e-01
3.289583333333332860e+01,2.131331000726866542e-01
3.291666666666666430e+01,2.035295514861486244e-01
3.293750000000000000e+01,1.972946489000363679e-01
3.295833333333332860e+01,2.068133065723915531e-01
3.297916666666666430e+01,2.129950587855087007e-01
3.300000000000000000e+01,2.035736907186861955e-01
3.302083333333332860e+01,1.973662019591612138e-01
3.304166666666666430e+01,2.069732984892884708e-01
3.306250000000000000e+01,2.132982553202435183e-01
3.308333333333332860e+01,2.039730904316175431e-01
3.310416666666666430e+01,1.978058168746227585e-01
3.312500000000000000e+01,2.074711964554710186e-01
3.314583333333332860e+01,2.139345291382567238e-01
3.316666666666666430e+01,2.047501149891220174e-01
3.318750000000000000e+01,1.986621638692549763e-01
3.320833333333332860e+01,2.083499542981708530e-01
3.322916666666666430e+01,2.149349543134685403e-01
3.325000000000000000e+01,2.058459484191314803e-01
3.327083333333332860e+01,1.996788875252432094e-01
3.329166666666666430e+01,2.093993862315677024e-01
3.331250000000000000e+01,2.161677941344102016e-01
3.333333333333332860e+01,2.072397934208837500e-01
3.335416666666666430e+01,2.011626427105522308e-01
3.337500000000000000e+01,2.109922861892720436e-01
3.339583333333332860e+01,2.179669395579040547e-01
3.341666666666666430e+01,2.091204228781420593e-01
3.343750000000000000e+01,2.030344892393072531e-01
3.345833333333332860e+01,2.127863169571687640e-01
3.347916666666666430e+01,2.194747738781696045e-01
3.350000000000000000e+01,2.104841553394972420e-01
3.352083333333332860e+01,2.044889197973523698e-01
3.354166666666666430e+01,2.143747114962974432e-01
3.356250000000000000e+01,2.211298916427999472e-01
3.358333333333332860e+01,2.122039227798397099e-01
3.360416666666666430e+01,2.063846541862952022e-01
3.362500000000000000e+01,2.164049899254044396e-01
3.364583333333332860e+01,2.232788612752656388e-01
3.366666666666666430e+01,2.145517520998902472e-01
3.368750000000000000e+01,2.089914610413522167e-01
3.370833333333332860e+01,2.192711909721405950e-01
3.372916666666666430e+01,2.262269816239109443e-01
3.375000000000000000e+01,2.175300748915707794e-01
3.377083333333332860e+01,2.121217441165003659e-01
3.379166666666666430e+01,2.222774940088809992e-01
3.381250000000000000e+01,2.288136135470334454e-01
3.383333333333332860e+01,2.197209610969458604e-01
3.385416666666666430e+01,2.140366329521823652e-01
3.387500000000000000e+01,2.240157126326885462e-01
3.389583333333332860e+01,2.306645537069265672e-01
3.391666666666666430e+01,2.217358224615721685e-01
3.393750000000000000e+01,2.159660235360578440e-01
3.395833333333332860e+01,2.260347330117846443e-01
3.397916666666666430e+01,2.327798861487598847e-01
3.400000000000000000e+01,2.232660961466417515e-01
3.402083333333332860e+01,2.174116228598145240e-01
3.404166666666666430e+01,2.270838048588229019e-01
3.406250000000000000e+01,2.330878312050607415e-01
3.408333333333332860e+01,2.240070732485733851e-01
3.410416666666666430e+01,2.177792744990544038e-01
3.412500000000000000e+01,2.263037684051429632e-01
3.414583333333332860e+01,2.320836162969212024e-01
3.416666666666666430e+01,2.231767811216943398e-01
3.418750000000000000e+01,2.171015088748487476e-01
3.420833333333332860e+01,2.252569344987927491e-01
3.422916666666666430e+01,2.305519929881465757e-01
3.425000000000000000e+01,2.212911048579537798e-01
3.427083333333332860e+01,2.151913089077828189e-01
3.429166666666666430e+01,2.239533930921169258e-01
3.431250000000000000e+01,2.297845346429730762e-01
3.433333333333332860e+01,2.204065995455744276e-01
3.435416666666666430e+01,2.140187956279511750e-01
3.437500000000000000e+01,2.228590718861208908e-01
3.439583333333332860e+01,2.287592261467198962e-01
3.441666666666666430e+01,2.190350368836197770e-01
3.443750000000000000e+01,2.125354620816726492e-01
3.445833333333332860e+01,2.218789510989928049e-01
3.447916666666666430e+01,2.280649902169143151e-01
3.450000000000000000e+01,2.181218301441349428e-01
3.452083333333332860e+01,2.114982410662589740e-01
3.454166666666666430e+01,2.208573009460608472e-01
3.456250000000000000e+01,2.270795781379214284e-01
3.458333333333332860e+01,2.172646567165750775e-01
3.460416666666666430e+01,2.106585822370951600e-01
3.462500000000000000e+01,2.199173606616998677e-01
3.464583333333332860e+01,2.259982601039294825e-01
3.466666666666666430e+01,2.159476449067888604e-01
3.468750000000000000e+01,2.092370935839549806e-01
3.470833333333332860e+01,2.185128521387537659e-01
3.472916666666666430e+01,2.246564093957347519e-01
3.475000000000000000e+01,2.149361307018300415e-01
3.477083333333332860e+01,2.085011408556267376e-01
3.479166666666666430e+01,2.177968432405293087e-01
3.481250000000000000e+01,2.239988746136383768e-01
3.483333333333332860e+01,2.143687497731770752e-01
3.485416666666666430e+01,2.080042789235983514e-01
3.487500000000000000e+01,2.173195589835812958e-01
3.489583333333332860e+01,2.235449768130909898e-01
3.491666666666666430e+01,2.141666750432155708e-01
3.493750000000000000e+01,2.080317238750831188e-01
3.495833333333332860e+01,2.174753398337499477e-01
3.497916666666666430e+01,2.238691928048944790e-01
3.500000000000000000e+01,2.145510261011541187e-01
3.502083333333332860e+01,2.084735539697994133e-01
3.504166666666666430e+01,2.180234337714447856e-01
3.506250000000000000e+01,2.245035863894359329e-01
3.508333333333332860e+01,2.153339192747114883e-01
3.510416666666666430e+01,2.092883138851003022e-01
3.512500000000000000e+01,2.188071626482843424e-01
3.514583333333332860e+01,2.251650716526201468e-01
3.516666666666666430e+01,2.156319757164550655e-01
3.518750000000000000e+01,2.091973811314876974e-01
3.520833333333332860e+01,2.184210936399278991e-01
3.522916666666666430e+01,2.243027025263915342e-01
3.525000000000000000e+01,2.142061845773171047e-01
3.527083333333332860e+01,2.071281444189823628e-01
3.529166666666666430e+01,2.155889919253498321e-01
3.531250000000000000e+01,2.206345675881699331e-01
3.533333333333332860e+01,2.104754563776216891e-01
3.535416666666666430e+01,2.039614460124905548e-01
3.537500000000000000e+01,2.130581836018158037e-01
3.539583333333332860e+01,2.187441515726332442e-01
3.541666666666666430e+01,2.083548631419582520e-01
3.543750000000000000e+01,2.010120417316945685e-01
3.545833333333332860e+01,2.091832506985329687e-01
3.547916666666666430e+01,2.139752809346593954e-01
3.550000000000000000e+01,2.042138577092234286e-01
3.552083333333332860e+01,1.983264241307837183e-01
3.554166666666666430e+01,2.073035022494733592e-01
3.556250000000000000e+01,2.125024611142037056e-01
3.558333333333332860e+01,2.022204738762478637e-01
3.560416666666666430e+01,1.962277724870848394e-01
3.562500000000000000e+01,2.058430892907109067e-01
3.564583333333332860e+01,2.111375121568582480e-01
3.566666666666666430e+01,2.011182004806969514e-01
3.568750000000000000e+01,1.959558103738236745e-01
3.570833333333332860e+01,2.054647892514819274e-01
3.572916666666666430e+01,2.100348935182463905e-01
3.575000000000000000e+01,2.008918312610970258e-01
3.577083333333332860e+01,1.976769808980754495e-01
3.579166666666666430e+01,2.059413195938400998e-01
3.581250000000000000e+01,2.072666112158141061e-01
3.583333333333332860e+01,2.005722431979861664e-01
3.585416666666666430e+01,2.026268074403935471e-01
3.587500000000000000e+01,2.073528626011165998e-01
3.589583333333332860e+01,2.015878103064346893e-01
3.591666666666666430e+01,2.004877689618371206e-01
3.593750000000000000e+01,2.083240039697952239e-01
3.595833333333332860e+01,2.079786084520956480e-01
3.597916666666666430e+01,2.019623506627205300e-01
3.600000000000000000e+01,2.061048127102933503e-01
3.602083333333332860e+01,2.098013587660930157e-01
3.604166666666666430e+01,2.027172795189262078e-01
3.606250000000000000e+01,2.013680051871601095e-01
3.608333333333332860e+01,2.088151660636712870e-01
3.610416666666666430e+01,2.083625443443407610e-01
3.612500000000000000e+01,2.025986603610084869e-01
3.614583333333332860e+01,2.074143299095813076e-01
3.616666666666666430e+01,2.104619267977501373e-01
3.618750000000000000e+01,2.028578769878527366e-01
3.620833333333332860e+01,2.016266365993250598e-01
3.622916666666666430e+01,2.094099347239568309e-01
3.625000000000000000e+01,2.091742071430664485e-01
3.627083333333332860e+01,2.030473228056716983e-01
3.629166666666666430e+01,2.068341049033541601e-01
3.631250000000000000e+01,2.109745150037221073e-01
3.633333333333332860e+01,2.039612704756944284e-01
3.635416666666666430e+01,2.017254087669337614e-01
3.637500000000000000e+01,2.098583705826413681e-01
3.639583333333332860e+01,2.116245961568380962e-01
3.641666666666666430e+01,2.042639973005116183e-01
3.643750000000000000e+01,2.043553736732514059e-01
3.645833333333332860e+01,2.108399670636698919e-01
3.647916666666666430e+01,2.081761781124531197e-01
3.650000000000000000e+01,2.040084418646758435e-01
3.652083333333332860e+01,2.102831164492814930e-01
3.654166666666666430e+01,2.119430897934737879e-01
3.656250000000000000e+01,2.045670472957783204e-01
3.658333333333332860e+01,2.050637696031822055e-01
3.660416666666666430e+01,2.115571146435324956e-01
3.662500000000000000e+01,2.081601021672444263e-01
3.664583333333332860e+01,2.043664202763718629e-01
3.666666666666666430e+01,2.112034096066288946e-01
3.668750000000000000e+01,2.133416180040950405e-01
3.670833333333332860e+01,2.057169629004473033e-01
3.672916666666666430e+01,2.053059256247908582e-01
3.675000000000000000e+01,2.121397653762411850e-01
3.677083333333332860e+01,2.103645931047795625e-01
3.679166666666666430e+01,2.055024744110119927e-01
3.681250000000000000e+01,2.111134931532232251e-01
3.683333333333332860e+01,2.129512193245687024e-01
3.685416666666666430e+01,2.058243716897966147e-01
3.687500000000000000e+01,2.062923044218853696e-01
3.689583333333332860e+01,2.122787353436640101e-01
3.691666666666666430e+01,2.084709104339498298e-01
3.693750000000000000e+01,2.052075218729731421e-01
3.695833333333332860e+01,2.120813462370212399e-01
3.697916666666666430e+01,2.133112194732044442e-01
3.700000000000000000e+01,2.063601623255590656e-01
3.702083333333332860e+01,2.075312545033722034e-01
3.704166666666666430e+01,2.130965887688666127e-01
3.706250000000000000e+01,2.078664823400810657e-01
3.708333333333332860e+01,2.054420865733918300e-01
3.710416666666666430e+01,2.129870685666772345e-01
3.712500000000000000e+01,2.137496423698147796e-01
3.714583333333332860e+01,2.070185599591250203e-01
3.716666666666666430e+01,2.083413055313618201e-01
3.718750000000000000e+01,2.131587534222263158e-01
3.720833333333332860e+01,2.085521826052383065e-01
3.722916666666666430e+01,2.062334240930867590e-01
3.725000000000000000e+01,2.128541361048275904e-01
3.727083333333332860e+01,2.126462212242537786e-01
3.729166666666666430e+01,2.067352041305109966e-01
3.731250000000000000e+01,2.103464272583161765e-01
3.733333333333332860e+01,2.140406953088000996e-01
3.735416666666666430e+01,2.073008183536899640e-01
3.737500000000000000e+01,2.058662041803901444e-01
3.739583333333332860e+01,2.130244746420685564e-01
3.741666666666666430e+01,2.124126560883796422e-01
3.743750000000000000e+01,2.064418575679227152e-01
3.745833333333332860e+01,2.105531952405218232e-01
3.747916666666666430e+01,2.139531420505983716e-01
3.750000000000000000e+01,2.070764924478166180e-01
3.752083333333332860e+01,2.056684947669929764e-01
3.754166666666666430e+01,2.128590359354775308e-01
3.756250000000000000e+01,2.120739216498955249e-01
3.758333333333332860e+01,2.064358574190004458e-01
3.760416666666666430e+01,2.110218480749386227e-01
3.762500000000000000e+01,2.140351606315402666e-01
3.764583333333332860e+01,2.066782578337575393e-01
3.766666666666666430e+01,2.054148890761317570e-01
3.768750000000000000e+01,2.124693925696919394e-01
3.770833333333332860e+01,2.115564639539322667e-01
3.772916666666666430e+01,2.057898968596916789e-01
3.775000000000000000e+01,2.104848729544626096e-01
3.777083333333332860e+01,2.134012375639894876e-01
3.779166666666666430e+01,2.061820555748257178e-01
3.781250000000000000e+01,2.050013373454277754e-01
3.783333333333332860e+01,2.118556769886667801e-01
3.785416666666666430e+01,2.105065820747848981e-01
3.787500000000000000e+01,2.053822737104779028e-01
3.789583333333332860e+01,2.103525496210047752e-01
3.791666666666666430e+01,2.125472528326665667e-01
3.793750000000000000e+01,2.053035524143749513e-01
3.795833333333332860e+01,2.050423533311964142e-01
3.797916666666666430e+01,2.114006711468828237e-01
3.800000000000000000e+01,2.087588436428323424e-01
3.802083333333332860e+01,2.041957927863201905e-01
3.804166666666666430e+01,2.101813600707429230e-01
3.806250000000000000e+01,2.119368658689630980e-01
3.808333333333332860e+01,2.046810759982306827e-01
3.810416666666666430e+01,2.047621484946622883e-01
3.812500000000000000e+01,2.109501869394145024e-01
3.814583333333332860e+01,2.075349937701156666e-01
3.816666666666666430e+01,2.037114966071958688e-01
3.818750000000000000e+01,2.101280366439962910e-01
3.820833333333332860e+01,2.113573566919872415e-01
3.822916666666666430e+01,2.041867373434433641e-01
3.825000000000000000e+01,2.053083730727587597e-01
3.827083333333332860e+01,2.107432775129348679e-01
3.829166666666666430e+01,2.056832862656579886e-01
3.831250000000000000e+01,2.030416759374183422e-01
3.833333333333332860e+01,2.106630274901197530e-01
3.835416666666666430e+01,2.118679390020539177e-01
3.837500000000000000e+01,2.049711267348168220e-01
3.839583333333332860e+01,2.060417376429515279e-01
3.841666666666666430e+01,2.115587046641169422e-01
3.843750000000000000e+01,2.064389000455354173e-01
3.845833333333332860e+01,2.038196379985076356e-01
3.847916666666666430e+01,2.113601483188112251e-01
3.850000000000000000e+01,2.124787388595070492e-01
3.852083333333332860e+01,2.052968817678951785e-01
3.854166666666666430e+01,2.063143665325423703e-01
3.856250000000000000e+01,2.118351426868450016e-01
3.858333333333332860e+01,2.069141531686616575e-01
3.860416666666666430e+01,2.039705848473851169e-01
3.862500000000000000e+01,2.114605233865229916e-01
3.864583333333332860e+01,2.128532585696099044e-01
3.866666666666666430e+01,2.057698410818213641e-01
3.868750000000000000e+01,2.065181229827725840e-01
3.870833333333332860e+01,2.123404926487951483e-01
3.872916666666666430e+01,2.077881782811373257e-01
3.875000000000000000e+01,2.047727263745992288e-01
3.877083333333332860e+01,2.118969992752046672e-01
3.879166666666666430e+01,2.129968933880704018e-01
3.881250000000000000e+01,2.057953096366380019e-01
3.883333333333332860e+01,2.066820729057181893e-01
3.885416666666666430e+01,2.122205472788625258e-01
3.887500000000000000e+01,2.075217345519130008e-01
3.889583333333332860e+01,2.043772310945036474e-01
3.891666666666666430e+01,2.115718393641135842e-01
3.893750000000000000e+01,2.128338868442002929e-01
3.895833333333332860e+01,2.058480401223151401e-01
3.897916666666666430e+01,2.073308797909182433e-01
3.900000000000000000e+01,2.129812088984466001e-01
3.902083333333332860e+01,2.078285313963459946e-01
3.904166666666666430e+01,2.059688582424884506e-01
3.906250000000000000e+01,2.135957638245836177e-01
3.908333333333332860e+01,2.137255801589999504e-01
3.910416666666666430e+01,2.077558861069652429e-01
3.912500000000000000e+01,2.119455985028703138e-01
3.914583333333332860e+01,2.155771999344044398e-01
3.916666666666666430e+01,2.084298748569407556e-01
3.918750000000000000e+01,2.070138498318191411e-01
3.920833333333332860e+01,2.149169357518544987e-01
3.922916666666666430e+01,2.151121993902559426e-01
3.925000000000000000e+01,2.088397904966796392e-01
3.927083333333332860e+01,2.119972139516472232e-01
3.929166666666666430e+01,2.162456563753329397e-01
3.931250000000000000e+01,2.098380674335144080e-01
3.933333333333332860e+01,2.081793071760140168e-01
3.935416666666666430e+01,2.157976893762680037e-01
3.937500000000000000e+01,2.161529332910114565e-01
3.939583333333332860e+01,2.098214879961531332e-01
3.941666666666666430e+01,2.127287964949838295e-01
3.943750000000000000e+01,2.170907309559627907e-01
3.945833333333332860e+01,2.109385520254700996e-01
3.947916666666666430e+01,2.094926000695476465e-01
3.950000000000000000e+01,2.170995944824764545e-01
3.952083333333332860e+01,2.170440965831196833e-01
3.954166666666666430e+01,2.110540851537767992e-01
3.956250000000000000e+01,2.147721435018319636e-01
3.958333333333332860e+01,2.186153150881811058e-01
3.960416666666666430e+01,2.118421031459916393e-01
3.962500000000000000e+01,2.105597491822675804e-01
3.964583333333332860e+01,2.179153821512651856e-01
3.966666666666666430e+01,2.173496060421874210e-01
3.968750000000000000e+01,2.116290463555040580e-01
3.970833333333332860e+01,2.162839760654473031e-01
3.972916666666666430e+01,2.193492705027630385e-01
3.975000000000000000e+01,2.120527851902698768e-01
3.977083333333332860e+01,2.109610724924034231e-01
3.979166666666666430e+01,2.181652217688982431e-01
3.981250000000000000e+01,2.172310943740247691e-01
3.983333333333332860e+01,2.118653189237681700e-01
3.985416666666666430e+01,2.167927672261838745e-01
3.987500000000000000e+01,2.193957567873146830e-01
3.989583333333332860e+01,2.121144680758426104e-01
3.991666666666666430e+01,2.117037699717910226e-01
3.993750000000000000e+01,2.184234916472170829e-01
3.995833333333332860e+01,2.163700915669028446e-01
3.997916666666666430e+01,2.117111373389951312e-01
4.000000000000000000e+01,2.174699968466685118e-01
4.002083333333332860e+01,2.191861906240401558e-01
4.004166666666666430e+01,2.120217436041918757e-01
4.006250000000000000e+01,2.125840249235898538e-01
4.008333333333332860e+01,2.186856687989616466e-01
4.010416666666666430e+01,2.148376935889079742e-01
4.012500000000000000e+01,2.116048318502691539e-01
4.014583333333332860e+01,2.184276120494990092e-01
4.016666666666666430e+01,2.195301365795023218e-01
4.018750000000000000e+01,2.126512020545387460e-01
4.020833333333332860e+01,2.141673348704354329e-01
4.022916666666666430e+01,2.194585562763266828e-01
4.025000000000000000e+01,2.141802393379995950e-01
4.027083333333332860e+01,2.120520188633795711e-01
4.029166666666666430e+01,2.197238930981808003e-01
4.031250000000000000e+01,2.204656003841895806e-01
4.033333333333332860e+01,2.140026896458684103e-01
4.035416666666666430e+01,2.162645221673333285e-01
4.037500000000000000e+01,2.209221087255670846e-01
4.039583333333332860e+01,2.152730248015597148e-01
4.041666666666666430e+01,2.138223498693782865e-01
4.043750000000000000e+01,2.211350675609519145e-01
4.045833333333332860e+01,2.205608722931601817e-01
4.047916666666666430e+01,2.148192110766176388e-01
4.050000000000000000e+01,2.190582707244905780e-01
4.052083333333332860e+01,2.222558577325002283e-01
4.054166666666666430e+01,2.151400340263695810e-01
4.056250000000000000e+01,2.139583722672078470e-01
4.058333333333332860e+01,2.208836403727861553e-01
4.060416666666666430e+01,2.195766175519703878e-01
4.062500000000000000e+01,2.141691321164479467e-01
4.064583333333332860e+01,2.196502032004157834e-01
4.066666666666666430e+01,2.218043388012248263e-01
4.068750000000000000e+01,2.140789050106254032e-01
4.070833333333332860e+01,2.132954994812976957e-01
4.072916666666666430e+01,2.200944477122933063e-01
4.075000000000000000e+01,2.184141269651000694e-01
4.077083333333332860e+01,2.136039545535103612e-01
4.079166666666666430e+01,2.185462584417615650e-01
4.081250000000000000e+01,2.201823055633168880e-01
4.083333333333332860e+01,2.133355801571742427e-01
4.085416666666666430e+01,2.146168660190356792e-01
4.087500000000000000e+01,2.199229454855715360e-01
4.089583333333332860e+01,2.140251296043498286e-01
4.091666666666666430e+01,2.118145387924487144e-01
4.093750000000000000e+01,2.204166961152276838e-01
4.095833333333332860e+01,2.217734107743704886e-01
4.097916666666666430e+01,2.136057888355458456e-01
4.100000000000000000e+01,2.136705506068797000e-01
4.102083333333332860e+01,2.207275037352512126e-01
4.104166666666666430e+01,2.180557132897564532e-01
4.106250000000000000e+01,2.131825600400396037e-01
4.108333333333332860e+01,2.197748770018063680e-01
4.110416666666666430e+01,2.230243637945815705e-01
4.112500000000000000e+01,2.144406571314881327e-01
4.114583333333332860e+01,2.115736815382306957e-01
4.116666666666666430e+01,2.200877112263854019e-01
4.118750000000000000e+01,2.227634251470697879e-01
4.120833333333332860e+01,2.146788224999008343e-01
4.122916666666666430e+01,2.132382331694163413e-01
4.125000000000000000e+01,2.207528023808739415e-01
4.127083333333332860e+01,2.206484177178854589e-01
4.129166666666666430e+01,2.146264017554259385e-01
4.131250000000000000e+01,2.184480964409409587e-01
4.133333333333332860e+01,2.221994978369112028e-01
4.135416666666666430e+01,2.152910117925622979e-01
4.137500000000000000e+01,2.137871754455369089e-01
4.139583333333332860e+01,2.216638625437945820e-01
4.141666666666666430e+01,2.219505943501424439e-01
4.143750000000000000e+01,2.155328321979691208e-01
4.145833333333332860e+01,2.185118955743305946e-01
4.147916666666666430e+01,2.232330691585019122e-01
4.150000000000000000e+01,2.167589832570031572e-01
4.152083333333332860e+01,2.145369794232457605e-01
4.154166666666666430e+01,2.226697612495613099e-01
4.156250000000000000e+01,2.243044888103689904e-01
4.158333333333332860e+01,2.170799063091052861e-01
4.160416666666666430e+01,2.176420726598580768e-01
4.162500000000000000e+01,2.237908792343336062e-01
4.164583333333332860e+01,2.202503020416063939e-01
4.166666666666666430e+01,2.166265894604653408e-01
4.168750000000000000e+01,2.233546209634343638e-01
4.170833333333332860e+01,2.249462557431590737e-01
4.172916666666666430e+01,2.177532742934591981e-01
4.175000000000000000e+01,2.183476094922830457e-01
4.177083333333332860e+01,2.245622045882158802e-01
4.179166666666666430e+01,2.208072712910770785e-01
4.181250000000000000e+01,2.171919662108245108e-01
4.183333333333332860e+01,2.240690034966655031e-01
4.185416666666666430e+01,2.260468950504711527e-01
4.187500000000000000e+01,2.184433668881964885e-01
4.189583333333332860e+01,2.179637609923303077e-01
4.191666666666666430e+01,2.247843799799769116e-01
4.193750000000000000e+01,2.230295006107131384e-01
4.195833333333332860e+01,2.179863120689581046e-01
4.197916666666666430e+01,2.235987814806377760e-01
4.200000000000000000e+01,2.256853242212059352e-01
4.202083333333332860e+01,2.182683149304108228e-01
4.204166666666666430e+01,2.180890316101347925e-01
4.206250000000000000e+01,2.246476531862350301e-01
4.208333333333332860e+01,2.221339236124950378e-01
4.210416666666666430e+01,2.179233635726000040e-01
4.212500000000000000e+01,2.238098605962562382e-01
4.214583333333332860e+01,2.250996822836749955e-01
4.216666666666666430e+01,2.180465927126445658e-01
4.218750000000000000e+01,2.193153251861827413e-01
4.220833333333332860e+01,2.248215025124249145e-01
4.222916666666666430e+01,2.197190288464804520e-01
4.225000000000000000e+01,2.172046209295076802e-01
4.227083333333332860e+01,2.247775350805922834e-01
4.229166666666666430e+01,2.258595599321655545e-01
4.231250000000000000e+01,2.191922342041996985e-01
4.233333333333332860e+01,2.209091648595945256e-01
4.235416666666666430e+01,2.260059008385724433e-01
4.237500000000000000e+01,2.206173999638300909e-01
4.239583333333332860e+01,2.190459935817078430e-01
4.241666666666666430e+01,2.263317734556175576e-01
4.243750000000000000e+01,2.258620886507211045e-01
4.245833333333332860e+01,2.201302923869596362e-01
4.247916666666666430e+01,2.246933049334255694e-01
4.250000000000000000e+01,2.278789921138971442e-01
4.252083333333332860e+01,2.206844500415120203e-01
4.254166666666666430e+01,2.195505913398558828e-01
4.256250000000000000e+01,2.269106834558803354e-01
4.258333333333332860e+01,2.262584368691933634e-01
4.260416666666666430e+01,2.207485873305184421e-01
4.262500000000000000e+01,2.254438255629176713e-01
4.264583333333332860e+01,2.283416996221906692e-01
4.266666666666666430e+01,2.211610611638128998e-01
4.268750000000000000e+01,2.202143118519016007e-01
4.270833333333332860e+01,2.264105764671610066e-01
4.272916666666666430e+01,2.235602071105151634e-01
4.275000000000000000e+01,2.187030018544349752e-01
4.277083333333332860e+01,2.243368300278043570e-01
4.279166666666666430e+01,2.254294261195293470e-01
4.281250000000000000e+01,2.178776637917188008e-01
4.283333333333332860e+01,2.189575996432069072e-01
4.285416666666666430e+01,2.241142071014032566e-01
4.287500000000000000e+01,2.180290055867314114e-01
4.289583333333332860e+01,2.156622399037075866e-01
4.291666666666666430e+01,2.239918073626083472e-01
4.293750000000000000e+01,2.252669749690418832e-01
4.295833333333332860e+01,2.172903635149472379e-01
4.297916666666666430e+01,2.175144778612652374e-01
4.300000000000000000e+01,2.240082924227734251e-01
4.302083333333332860e+01,2.206714956133920824e-01
4.304166666666666430e+01,2.163485480457550403e-01
4.306250000000000000e+01,2.233597099853975310e-01
4.308333333333332860e+01,2.259737698199804912e-01
4.310416666666666430e+01,2.179116390523464786e-01
4.312500000000000000e+01,2.162791061454630848e-01
4.314583333333332860e+01,2.237601434651029231e-01
4.316666666666666430e+01,2.234873067724462703e-01
4.318750000000000000e+01,2.173974304294024051e-01
4.320833333333332860e+01,2.210116867185776268e-01
4.322916666666666430e+01,2.248863405433962903e-01
4.325000000000000000e+01,2.180007900124789622e-01
4.327083333333332860e+01,2.163347828391761762e-01
4.329166666666666430e+01,2.239636743568869381e-01
4.331250000000000000e+01,2.241008171438931273e-01
4.333333333333332860e+01,2.175214995033042109e-01
4.335416666666666430e+01,2.204383903260652144e-01
4.337500000000000000e+01,2.248648439306196734e-01
4.339583333333332860e+01,2.185180761974034602e-01
4.341666666666666430e+01,2.164212719845498289e-01
4.343750000000000000e+01,2.243576869228601778e-01
4.345833333333332860e+01,2.253391509116635383e-01
4.347916666666666430e+01,2.184211569817095522e-01
4.350000000000000000e+01,2.196870653207137758e-01
4.352083333333332860e+01,2.252438454602846141e-01
4.354166666666666430e+01,2.200506696837750686e-01
4.356250000000000000e+01,2.174031110036780401e-01
4.358333333333332860e+01,2.249687229017146295e-01
4.360416666666666430e+01,2.261758569836128663e-01
4.362500000000000000e+01,2.189520087067756138e-01
4.364583333333332860e+01,2.199493884064389615e-01
4.366666666666666430e+01,2.256526862208024509e-01
4.368750000000000000e+01,2.207544042563451547e-01
4.370833333333332860e+01,2.176302853523694458e-01
4.372916666666666430e+01,2.255409512171020758e-01
4.375000000000000000e+01,2.277354729025745650e-01
4.377083333333332860e+01,2.199638804467012321e-01
4.379166666666666430e+01,2.189059041005166906e-01
4.381250000000000000e+01,2.261246799355160764e-01
4.383333333333332860e+01,2.253375527700717529e-01
4.385416666666666430e+01,2.195315537300797093e-01
4.387500000000000000e+01,2.238927006237250994e-01
4.389583333333332860e+01,2.273226205797372890e-01
4.391666666666666430e+01,2.200336485444374934e-01
4.393750000000000000e+01,2.183389117906124055e-01
4.395833333333332860e+01,2.256878411822864638e-01
4.397916666666666430e+01,2.256151111382429242e-01
4.400000000000000000e+01,2.193293971936355335e-01
4.402083333333332860e+01,2.227116305788955919e-01
4.404166666666666430e+01,2.266889925285237306e-01
4.406250000000000000e+01,2.201366543315070590e-01
4.408333333333332860e+01,2.183322348336186880e-01
4.410416666666666430e+01,2.259867774709911070e-01
4.412500000000000000e+01,2.264601019809754368e-01
4.414583333333332860e+01,2.197510964132728950e-01
4.416666666666666430e+01,2.215856681283297491e-01
4.418750000000000000e+01,2.266092983828871810e-01
4.420833333333332860e+01,2.210520987704306661e-01
4.422916666666666430e+01,2.191777529215686859e-01
4.425000000000000000e+01,2.265038112622400068e-01
4.427083333333332860e+01,2.265282240825114979e-01
4.429166666666666430e+01,2.201652845549844362e-01
4.431250000000000000e+01,2.231781981573765783e-01
4.433333333333332860e+01,2.272217696678620058e-01
4.435416666666666430e+01,2.209557690993151913e-01
4.437500000000000000e+01,2.194116129354697076e-01
4.439583333333332860e+01,2.267475551191726335e-01
4.441666666666666430e+01,2.262843550368738854e-01
4.443750000000000000e+01,2.201334470014954525e-01
4.445833333333332860e+01,2.237313405654197396e-01
4.447916666666666430e+01,2.273281219230867956e-01
4.450000000000000000e+01,2.206161360846583819e-01
4.452083333333332860e+01,2.190707672833105413e-01
4.454166666666666430e+01,2.263188745449049022e-01
4.456250000000000000e+01,2.258883040219154537e-01
4.458333333333332860e+01,2.198558290902981882e-01
4.460416666666666430e+01,2.234959444111356830e-01
4.462500000000000000e+01,2.272804378610867315e-01
4.464583333333332860e+01,2.204395727482962308e-01
4.466666666666666430e+01,2.187394036352170168e-01
4.468750000000000000e+01,2.259904341277154949e-01
4.470833333333332860e+01,2.258365549722267940e-01
4.472916666666666430e+01,2.197734540045099272e-01
4.475000000000000000e+01,2.233850311762384522e-01
4.477083333333332860e+01,2.269185686632021193e-01
4.479166666666666430e+01,2.205293433543696890e-01
4.481250000000000000e+01,2.198262018999754264e-01
4.483333333333332860e+01,2.266174994978061019e-01
4.485416666666666430e+01,2.244427890090648081e-01
4.487500000000000000e+01,2.198736858468814115e-01
4.489583333333332860e+01,2.257139229753576115e-01
4.491666666666666430e+01,2.273700080152420144e-01
4.493750000000000000e+01,2.200404205676182168e-01
4.495833333333332860e+01,2.203485839796189560e-01
4.497916666666666430e+01,2.262375877497712351e-01
4.500000000000000000e+01,2.225038258602139440e-01
4.502083333333332860e+01,2.189169862803796995e-01
4.504166666666666430e+01,2.256608894414434408e-01
4.506250000000000000e+01,2.269310723457747259e-01
4.508333333333332860e+01,2.198438906010084515e-01
4.510416666666666430e+01,2.206801543117707376e-01
4.512500000000000000e+01,2.264853564804189812e-01
4.514583333333332860e+01,2.219641660351431289e-01
4.516666666666666430e+01,2.187951234164786929e-01
4.518750000000000000e+01,2.259448341949756300e-01
4.520833333333332860e+01,2.272438135700417527e-01
4.522916666666666430e+01,2.199581745712892999e-01
4.525000000000000000e+01,2.206627931579345503e-01
4.527083333333332860e+01,2.263447118947238546e-01
4.529166666666666430e+01,2.217983982023685186e-01
4.531250000000000000e+01,2.185935428871556008e-01
4.533333333333332860e+01,2.261577551693430832e-01
4.535416666666666430e+01,2.279448362239251957e-01
4.537500000000000000e+01,2.204919751097606795e-01
4.539583333333332860e+01,2.203948511871585969e-01
4.541666666666666430e+01,2.268878230384946959e-01
4.543750000000000000e+01,2.240422391955762260e-01
4.545833333333332860e+01,2.198169218937947311e-01
4.547916666666666430e+01,2.259441182654784996e-01
4.550000000000000000e+01,2.275174376511848728e-01
4.552083333333332860e+01,2.202595338220554311e-01
4.554166666666666430e+01,2.207013118573875610e-01
4.556250000000000000e+01,2.264882081372130984e-01
4.558333333333332860e+01,2.225172286237322994e-01
4.560416666666666430e+01,2.191699170972979116e-01
4.562500000000000000e+01,2.260824198711243460e-01
4.564583333333332860e+01,2.273059629466097076e-01
4.566666666666666430e+01,2.203504386379213087e-01
4.568750000000000000e+01,2.215267759747833465e-01
4.570833333333332860e+01,2.271351414191007667e-01
4.572916666666666430e+01,2.219114264164056272e-01
4.575000000000000000e+01,2.194175420200906446e-01
4.577083333333332860e+01,2.270602331311825928e-01
4.579166666666666430e+01,2.281819747154552880e-01
4.581250000000000000e+01,2.212269116290191684e-01
4.583333333333332860e+01,2.224020778271487975e-01
4.585416666666666430e+01,2.276505776978001716e-01
4.587500000000000000e+01,2.227486770382581527e-01
4.589583333333332860e+01,2.202990957273419925e-01
4.591666666666666430e+01,2.275252828476527212e-01
4.593750000000000000e+01,2.278316519086096281e-01
4.595833333333332860e+01,2.211946788962554367e-01
4.597916666666666430e+01,2.235912259720876372e-01
4.600000000000000000e+01,2.280410413277197124e-01
4.602083333333332860e+01,2.219905329963931251e-01
4.604166666666666430e+01,2.202894939364622162e-01
4.606250000000000000e+01,2.274591018868158676e-01
4.608333333333332860e+01,2.270200805666399424e-01
4.610416666666666430e+01,2.210581779058954921e-01
4.612500000000000000e+01,2.248521514113955289e-01
4.614583333333332860e+01,2.282269724357045004e-01
4.616666666666666430e+01,2.214635125737640375e-01
4.618750000000000000e+01,2.201290716773860456e-01
4.620833333333332860e+01,2.271548042494096198e-01
4.622916666666666430e+01,2.259247980220727148e-01
4.625000000000000000e+01,2.202836340497256740e-01
4.627083333333332860e+01,2.251396579833168654e-01
4.629166666666666430e+01,2.278066726367781458e-01
4.631250000000000000e+01,2.203822654874084963e-01
4.633333333333332860e+01,2.192161527837665491e-01
4.635416666666666430e+01,2.260876300110789272e-01
4.637500000000000000e+01,2.246786393955657046e-01
4.639583333333332860e+01,2.194695715837169658e-01
4.641666666666666430e+01,2.245919468580702960e-01
4.643750000000000000e+01,2.268972980508175419e-01
4.645833333333332860e+01,2.193543712988043071e-01
4.647916666666666430e+01,2.185996728104979414e-01
4.650000000000000000e+01,2.252811585854233023e-01
4.652083333333332860e+01,2.234738279514019987e-01
4.654166666666666430e+01,2.183260408169643285e-01
4.656250000000000000e+01,2.238970773386323998e-01
4.658333333333332860e+01,2.258301281340045763e-01
4.660416666666666430e+01,2.183974926082188628e-01
4.662500000000000000e+01,2.181041166034421996e-01
4.664583333333332860e+01,2.244804976419046694e-01
4.666666666666666430e+01,2.217248219895504580e-01
4.668750000000000000e+01,2.174960012061549208e-01
4.670833333333332860e+01,2.234371766068861398e-01
4.672916666666666430e+01,2.247492644871724177e-01
4.675000000000000000e+01,2.174275785708180975e-01
4.677083333333332860e+01,2.180060390242216373e-01
4.679166666666666430e+01,2.238684648418639289e-01
4.681250000000000000e+01,2.198613070109616263e-01
4.683333333333332860e+01,2.162033027976494604e-01
4.685416666666666430e+01,2.231073847907617536e-01
4.687500000000000000e+01,2.246328237128203675e-01
4.689583333333332860e+01,2.174521901393576262e-01
4.691666666666666430e+01,2.178136330521127928e-01
4.693750000000000000e+01,2.234515457054459808e-01
4.695833333333332860e+01,2.191235457114037444e-01
4.697916666666666430e+01,2.160826708715240241e-01
4.700000000000000000e+01,2.227797390077929374e-01
4.702083333333332860e+01,2.232291487706283273e-01
4.704166666666666430e+01,2.165059450496557292e-01
4.706250000000000000e+01,2.188069926204377624e-01
4.708333333333332860e+01,2.232522655699397673e-01
4.710416666666666430e+01,2.173907907986000754e-01
4.712500000000000000e+01,2.159292084916634713e-01
4.714583333333332860e+01,2.229732899950205571e-01
4.716666666666666430e+01,2.220706688608387325e-01
4.718750000000000000e+01,2.165941079258520974e-01
4.720833333333332860e+01,2.211808731259415350e-01
4.722916666666666430e+01,2.239576688105990865e-01
4.725000000000000000e+01,2.167382199911914720e-01
4.727083333333332860e+01,2.158484399287587119e-01
4.729166666666666430e+01,2.225786231664940162e-01
4.731250000000000000e+01,2.209141973003006243e-01
4.733333333333332860e+01,2.157058456184438588e-01
4.735416666666666430e+01,2.211996016887605998e-01
4.737500000000000000e+01,2.233293927645786658e-01
4.739583333333332860e+01,2.158561664429489713e-01
4.741666666666666430e+01,2.154699164490817276e-01
4.743750000000000000e+01,2.221165517814121526e-01
4.745833333333332860e+01,2.199596146768291738e-01
4.747916666666666430e+01,2.153825173615298572e-01
4.750000000000000000e+01,2.212097508768075815e-01
4.752083333333332860e+01,2.230468094357182518e-01
4.754166666666666430e+01,2.156467952579665392e-01
4.756250000000000000e+01,2.159535494401072508e-01
4.758333333333332860e+01,2.222362794875863967e-01
4.760416666666666430e+01,2.189315851212687292e-01
4.762500000000000000e+01,2.152077232060604361e-01
4.764583333333332860e+01,2.218783303745798241e-01
4.766666666666666430e+01,2.234791744205715247e-01
4.768750000000000000e+01,2.162823854872293616e-01
4.770833333333332860e+01,2.169171032499261631e-01
4.772916666666666430e+01,2.231353857889281644e-01
4.775000000000000000e+01,2.194367514211745807e-01
4.777083333333332860e+01,2.160398754639550611e-01
4.779166666666666430e+01,2.228311064548672837e-01
4.781250000000000000e+01,2.241190174478800146e-01
4.783333333333332860e+01,2.171433911975328701e-01
4.785416666666666430e+01,2.186542569514420276e-01
4.787500000000000000e+01,2.240816348306039485e-01
4.789583333333332860e+01,2.187296362360902913e-01
4.791666666666666430e+01,2.165705581597074103e-01
4.793750000000000000e+01,2.244745554461973491e-01
4.795833333333332860e+01,2.255210728279533616e-01
4.797916666666666430e+01,2.187803730847725781e-01
4.800000000000000000e+01,2.203814905674235936e-01
4.802083333333332860e+01,2.255512294947452090e-01
4.804166666666666430e+01,2.202579793209119563e-01
4.806250000000000000e+01,2.182760579194165107e-01
4.808333333333332860e+01,2.256597822096290396e-01
4.810416666666666430e+01,2.259946428739202373e-01
4.812500000000000000e+01,2.196446158898340828e-01
4.814583333333332860e+01,2.226623117512597505e-01
4.816666666666666430e+01,2.269575124648076092e-01
4.818750000000000000e+01,2.207580612326963676e-01
4.820833333333332860e+01,2.193158173498877261e-01
4.822916666666666430e+01,2.266475852452076445e-01
4.825000000000000000e+01,2.263088705919070742e-01
4.827083333333332860e+01,2.205749215426522913e-01
4.829166666666666430e+01,2.248000017039152587e-01
4.831250000000000000e+01,2.283217313154319861e-01
4.833333333333332860e+01,2.212276522257894396e-01
4.835416666666666430e+01,2.199059192737763402e-01
4.837500000000000000e+01,2.273084025488177895e-01
4.839583333333332860e+01,2.270061709803663785e-01
4.841666666666666430e+01,2.211071874176872287e-01
4.843750000000000000e+01,2.251668534227958818e-01
4.845833333333332860e+01,2.287979753902691094e-01
4.847916666666666430e+01,2.221067362178302806e-01
4.850000000000000000e+01,2.209907425306928686e-01
4.852083333333332860e+01,2.281643607104427984e-01
4.854166666666666430e+01,2.273140584488626270e-01
4.856250000000000000e+01,2.220625817113251743e-01
4.858333333333332860e+01,2.269530643350514132e-01
4.860416666666666430e+01,2.297779159624590006e-01
4.862500000000000000e+01,2.225603740481136017e-01
4.864583333333332860e+01,2.218244279511812078e-01
4.866666666666666430e+01,2.288388807078339526e-01
4.868750000000000000e+01,2.276853621617059842e-01
4.870833333333332860e+01,2.223030129592266646e-01
4.872916666666666430e+01,2.274033572562645655e-01
4.875000000000000000e+01,2.301355728231155862e-01
4.877083333333332860e+01,2.228834135988981002e-01
4.879166666666666430e+01,2.221625467151944477e-01
4.881250000000000000e+01,2.290012774150558539e-01
4.883333333333332860e+01,2.274159490069050937e-01
4.885416666666666430e+01,2.222601179211142475e-01
4.887500000000000000e+01,2.275986910560860166e-01
4.889583333333332860e+01,2.297333118975002642e-01
4.891666666666666430e+01,2.223719112460420255e-01
4.893750000000000000e+01,2.220033107966976615e-01
4.895833333333332860e+01,2.285912509992906738e-01
4.897916666666666430e+01,2.261095401382078318e-01
4.900000000000000000e+01,2.215787627988241582e-01
4.902083333333332860e+01,2.275006199652705452e-01
4.904166666666666430e+01,2.292836784556790408e-01
4.906250000000000000e+01,2.217101406075238645e-01
4.908333333333332860e+01,2.215024617465618795e-01
4.910416666666666430e+01,2.280925526730175068e-01
4.912500000000000000e+01,2.257860614811349753e-01
4.914583333333332860e+01,2.211962965871077103e-01
4.916666666666666430e+01,2.272033209999188841e-01
4.918750000000000000e+01,2.291873987784793232e-01
4.920833333333332860e+01,2.218246006139048265e-01
4.922916666666666430e+01,2.218057618009936227e-01
4.925000000000000000e+01,2.282794019481092229e-01
4.927083333333332860e+01,2.255286371189870465e-01
4.929166666666666430e+01,2.215806554938435369e-01
4.931250000000000000e+01,2.275904477961960271e-01
4.933333333333332860e+01,2.285645285959464201e-01
4.935416666666666430e+01,2.217668350708557334e-01
4.937500000000000000e+01,2.236254682416281281e-01
4.939583333333332860e+01,2.287204100922489991e-01
