0.000000000000000000e+00,-9.198851849781812702e-05
2.083333333333333218e-02,-8.446845209613743598e-04
4.166666666666666435e-02,-1.338646035714422715e-03
6.250000000000000000e-02,-1.873665043272502388e-03
8.333333333333332871e-02,-3.732602205823210267e-03
1.041666666666666574e-01,-5.466423522220538282e-03
1.250000000000000000e-01,-5.270037402030339560e-03
1.458333333333333148e-01,-4.620541297903709224e-03
1.666666666666666574e-01,-5.866933563300921056e-03
1.875000000000000000e-01,-7.779875369892066961e-03
2.083333333333333148e-01,-8.019789102623240892e-03
2.291666666666666574e-01,-7.825009346466481330e-03
2.500000000000000000e-01,-9.537945669498237161e-03
2.708333333333333148e-01,-1.191392634710561685e-02
2.916666666666666297e-01,-1.261631805306950675e-02
3.125000000000000000e-01,-1.286765744635336856e-02
3.333333333333333148e-01,-1.500215447994559387e-02
3.541666666666666297e-01,-1.775954316234864411e-02
3.750000000000000000e-01,-1.878082842816440265e-02
3.958333333333333148e-01,-1.927190232528816841e-02
4.166666666666666297e-01,-2.153374667919887714e-02
4.375000000000000000e-01,-2.430784563633188802e-02
4.583333333333333148e-01,-2.522162202148247809e-02
4.791666666666666297e-01,-2.550853583610903155e-02
5.000000000000000000e-01,-2.749790268737413793e-02
5.208333333333332593e-01,-2.997667790552725059e-02
5.416666666666666297e-01,-3.062886024725175460e-02
5.625000000000000000e-01,-3.074020658535159267e-02
5.833333333333332593e-01,-3.270590553895955793e-02
6.041666666666666297e-01,-3.533004018302809274e-02
6.250000000000000000e-01,-3.630281098099197995e-02
6.458333333333332593e-01,-3.677709115390022376e-02
6.666666666666666297e-01,-3.840416890329644006e-02
6.875000000000000000e-01,-3.961639734659250234e-02
7.083333333333332593e-01,-3.807834719311765231e-02
7.291666666666666297e-01,-3.497607327086115631e-02
7.500000000000000000e-01,-3.258131442131859817e-02
7.708333333333332593e-01,-2.977858513865988890e-02
7.916666666666666297e-01,-2.572821663391556754e-02
8.125000000000000000e-01,-2.212068668653877079e-02
8.333333333333332593e-01,-1.987523183395548121e-02
8.541666666666666297e-01,-1.737072533570799271e-02
8.750000000000000000e-01,-1.418417955703100454e-02
8.958333333333332593e-01,-1.201866287852933722e-02
9.166666666666666297e-01,-1.005965470714806353e-02
9.375000000000000000e-01,-7.132135704937325044e-03
9.583333333333332593e-01,-4.823949663260419796e-03
9.791666666666666297e-01,-4.677157963857360608e-03
1.000000000000000000e+00,-5.199782202017676040e-03
1.020833333333333259e+00,-4.155565139313981311e-03
1.041666666666666519e+00,-2.914628041455325554e-03
1.062500000000000000e+00,-3.881981615306921360e-03
1.083333333333333259e+00,-5.925505595747079454e-03
1.104166666666666519e+00,-6.755049154517805618e-03
1.125000000000000000e+00,-7.609411248529985607e-03
1.145833333333333259e+00,-1.030999110876978930e-02
1.166666666666666519e+00,-1.341827995041481626e-02
1.187500000000000000e+00,-1.448936667567767879e-02
1.208333333333333259e+00,-1.469759756393910176e-02
1.229166666666666519e+00,-1.627078091300006996e-02
1.250000000000000000e+00,-1.788482874120726068e-02
1.270833333333333259e+00,-1.711260227154489180e-02
1.291666666666666519e+00,-1.506321577713729161e-02
1.312500000000000000e+00,-1.397338179903776477e-02
1.333333333333333259e+00,-1.269775670716752694e-02
1.354166666666666519e+00,-1.038017466571651386e-02
1.375000000000000000e+00,-8.664736301808964244e-03
1.395833333333333259e+00,-8.355525862854540353e-03
1.416666666666666519e+00,-7.783192827006860104e-03
1.437500000000000000e+00,-6.657889947553156766e-03
1.458333333333333259e+00,-6.672318460461159652e-03
1.479166666666666519e+00,-6.772428442022308120e-03
1.500000000000000000e+00,-5.168821683777158685e-03
1.520833333333333259e+00,-3.346247777992978310e-03
1.541666666666666519e+00,-3.751867545341577761e-03
1.562500000000000000e+00,-5.244659493361169232e-03
1.583333333333333259e+00,-5.589114519131337805e-03
1.604166666666666519e+00,-6.037191008957013862e-03
1.625000000000000000e+00,-8.661677104604640492e-03
1.645833333333333259e+00,-1.215216001078269284e-02
1.666666666666666519e+00,-1.422485270062156387e-02
1.687500000000000000e+00,-1.598507074696703736e-02
1.708333333333333259e+00,-1.926778622544367270e-02
1.729166666666666519e+00,-2.255083403608170237e-02
1.750000000000000000e+00,-2.347203218685187803e-02
1.770833333333333259e+00,-2.312733769184888502e-02
1.791666666666666519e+00,-2.374966020864470451e-02
1.812500000000000000e+00,-2.402991694577316303e-02
1.833333333333333259e+00,-2.171699434037426338e-02
1.854166666666666519e+00,-1.801095890339771480e-02
1.875000000000000000e+00,-1.522814248640689920e-02
1.895833333333333259e+00,-1.273972425100962369e-02
1.916666666666666519e+00,-9.080968611136932753e-03
1.937500000000000000e+00,-5.750452750647679079e-03
1.958333333333333259e+00,-5.065166291631980136e-03
1.979166666666666519e+00,-5.886253559664550959e-03
2.000000000000000000e+00,-5.929029809266875457e-03
2.020833333333333037e+00,-6.312236483231805848e-03
2.041666666666666519e+00,-8.131039012938262936e-03
2.062500000000000000e+00,-9.778186059046831136e-03
2.083333333333333037e+00,-9.548625068955537282e-03
2.104166666666666519e+00,-8.960408666474945980e-03
2.125000000000000000e+00,-1.048164478957824483e-02
2.145833333333333037e+00,-1.299124354386561875e-02
2.166666666666666519e+00,-1.423727214487916816e-02
2.187500000000000000e+00,-1.535613485577727068e-02
2.208333333333333037e+00,-1.794825885572337576e-02
2.229166666666666519e+00,-2.041561122577652612e-02
2.250000000000000000e+00,-2.041342704633142963e-02
2.270833333333333037e+00,-1.906171772823634508e-02
2.291666666666666519e+00,-1.861198950211200714e-02
2.312500000000000000e+00,-1.787800205253099045e-02
2.333333333333333037e+00,-1.552689886758774028e-02
2.354166666666666519e+00,-1.314486464275963808e-02
2.375000000000000000e+00,-1.293616159853052186e-02
2.395833333333333037e+00,-1.359805703282334320e-02
2.416666666666666519e+00,-1.267222876933362871e-02
2.437500000000000000e+00,-1.131229558801708120e-02
2.458333333333333037e+00,-1.177722805406821935e-02
2.479166666666666519e+00,-1.286890938527225463e-02
2.500000000000000000e+00,-1.224011941207964194e-02
2.520833333333333037e+00,-1.118166000311218017e-02
2.541666666666666519e+00,-1.206844306595538686e-02
2.562500000000000000e+00,-1.377427307191090092e-02
2.583333333333333037e+00,-1.404081439844585312e-02
2.604166666666666519e+00,-1.418455768860412032e-02
2.625000000000000000e+00,-1.659763407722007408e-02
2.645833333333333037e+00,-2.015801251913043254e-02
2.666666666666666519e+00,-2.254992202292148071e-02
2.687500000000000000e+00,-2.426606638685615755e-02
2.708333333333333037e+00,-2.715978712922259217e-02
2.729166666666666519e+00,-2.998732704749693806e-02
2.750000000000000000e+00,-3.047315651787801602e-02
2.770833333333333037e+00,-2.980161160265364442e-02
2.791666666666666519e+00,-3.031303199453427508e-02
2.812500000000000000e+00,-3.071858942200991066e-02
2.833333333333333037e+00,-2.862150520475023607e-02
2.854166666666666519e+00,-2.515012780757294730e-02
2.875000000000000000e+00,-2.255130280725390485e-02
2.895833333333333037e+00,-1.976721442998394598e-02
2.916666666666666519e+00,-1.590109785336507250e-02
2.937500000000000000e+00,-1.259219697475488092e-02
2.958333333333333037e+00,-1.092908709309069366e-02
2.979166666666666519e+00,-9.255997146469111328e-03
3.000000000000000000e+00,-6.376308164799463808e-03
3.020833333333333037e+00,-3.941812812715586069e-03
3.041666666666666519e+00,-3.935212724290307849e-03
3.062500000000000000e+00,-5.039897731744749643e-03
3.083333333333333037e+00,-4.909652662059534392e-03
3.104166666666666519e+00,-4.826712781035098938e-03
3.125000000000000000e+00,-7.183542473018163059e-03
3.145833333333333037e+00,-1.084591034820035424e-02
3.166666666666666519e+00,-1.349471155227446872e-02
3.187500000000000000e+00,-1.573172567121759735e-02
3.208333333333333037e+00,-1.904160002724537490e-02
3.229166666666666519e+00,-2.201305759239028173e-02
3.250000000000000000e+00,-2.243245345811694172e-02
3.270833333333333037e+00,-2.160908196614537077e-02
3.291666666666666519e+00,-2.200615770233556659e-02
3.312500000000000000e+00,-2.245816785275394495e-02
3.333333333333333037e+00,-2.070796699879393771e-02
3.354166666666666519e+00,-1.795682660596142552e-02
3.375000000000000000e+00,-1.654786345722913943e-02
3.395833333333333037e+00,-1.523096279878189720e-02
3.416666666666666519e+00,-1.176961376964451994e-02
3.437500000000000000e+00,-7.381139927658902922e-03
3.458333333333333037e+00,-4.309193041485710925e-03
3.479166666666666519e+00,-1.467359272966472020e-03
3.500000000000000000e+00,1.940740133753930934e-03
3.520833333333333037e+00,4.306866766713010261e-03
3.541666666666666519e+00,5.289359778633718687e-03
3.562500000000000000e+00,6.557048024112620103e-03
3.583333333333333037e+00,7.140878867862502158e-03
3.604166666666666519e+00,5.899330218404245582e-03
3.625000000000000000e+00,4.561345860854118528e-03
3.645833333333333037e+00,4.824734967018571782e-03
3.666666666666666519e+00,5.225349993149923204e-03
3.687500000000000000e+00,3.376355957520890856e-03
3.708333333333333037e+00,4.421018818859696062e-04
3.729166666666666519e+00,-1.328416146596776400e-03
3.750000000000000000e+00,-3.164600954143838643e-03
3.770833333333333037e+00,-6.928683606975418428e-03
3.791666666666666519e+00,-1.129196474799760118e-02
3.812500000000000000e+00,-1.405031491743762365e-02
3.833333333333333037e+00,-1.647884149314913366e-02
3.854166666666666519e+00,-2.038465502612108252e-02
3.875000000000000000e+00,-2.435376244062804896e-02
3.895833333333333037e+00,-2.613585657562135511e-02
3.916666666666666519e+00,-2.702897258220913340e-02
3.937500000000000000e+00,-2.936792873172520968e-02
3.958333333333333037e+00,-3.195193863760879827e-02
3.979166666666666519e+00,-3.236520855832131921e-02
4.000000000000000000e+00,-3.177575375513613798e-02
4.020833333333333037e+00,-3.240533369527907881e-02
4.041666666666666075e+00,-3.294205111795010799e-02
4.062500000000000000e+00,-3.092593642954605260e-02
4.083333333333333037e+00,-2.743714068026417707e-02
4.104166666666666075e+00,-2.470372862959337862e-02
4.125000000000000000e+00,-2.174652895427782798e-02
4.145833333333333037e+00,-1.791008272442862551e-02
4.166666666666666075e+00,-1.482873402823519163e-02
4.187500000000000000e+00,-1.256231383546487813e-02
4.208333333333333037e+00,-9.318561247865576533e-03
4.229166666666666075e+00,-6.304277708732408322e-03
4.250000000000000000e+00,-5.808975113260729864e-03
4.270833333333333037e+00,-6.581480807028395295e-03
4.291666666666666075e+00,-6.292100222939303426e-03
4.312500000000000000e+00,-6.066032240176357816e-03
4.333333333333333037e+00,-8.152927551454206001e-03
4.354166666666666075e+00,-1.130767355265041747e-02
4.375000000000000000e+00,-1.326577659984922927e-02
4.395833333333333037e+00,-1.512179628216718530e-02
4.416666666666666075e+00,-1.783630137503756583e-02
4.437500000000000000e+00,-1.981366898174820312e-02
4.458333333333333037e+00,-2.025557215158885552e-02
4.479166666666666075e+00,-2.086120419715126878e-02
4.500000000000000000e+00,-2.186949347783928577e-02
4.520833333333333037e+00,-2.167675770820869444e-02
4.541666666666666075e+00,-2.145497518433273076e-02
4.562500000000000000e+00,-2.247982087612220015e-02
4.583333333333333037e+00,-2.312156689152362887e-02
4.604166666666666075e+00,-2.152061468594538077e-02
4.625000000000000000e+00,-1.909495124686718531e-02
4.645833333333333037e+00,-1.820770354811070135e-02
4.666666666666666075e+00,-1.756202493090464403e-02
4.687500000000000000e+00,-1.477844478778196115e-02
4.708333333333333037e+00,-1.101901109146723873e-02
4.729166666666666075e+00,-8.531371285596098253e-03
4.750000000000000000e+00,-6.193556314979586919e-03
4.770833333333333037e+00,-2.725790651828662731e-03
4.791666666666666075e+00,2.632869511749543921e-04
4.812500000000000000e+00,5.973200779254570283e-04
4.833333333333333037e+00,-4.001139374023947033e-04
4.854166666666666075e+00,-2.938514359436045957e-04
4.875000000000000000e+00,-2.601908989627672777e-04
4.895833333333333037e+00,-2.524251755141466210e-03
4.916666666666666075e+00,-5.837544530401078159e-03
4.937500000000000000e+00,-7.824090988383939488e-03
4.958333333333333037e+00,-9.679771618115538129e-03
4.979166666666666075e+00,-1.306978932581303807e-02
5.000000000000000000e+00,-1.650972207793199170e-02
5.020833333333333037e+00,-1.774898020519882075e-02
5.041666666666666075e+00,-1.807504282789991479e-02
5.062500000000000000e+00,-1.989791431350083559e-02
5.083333333333333037e+00,-2.211388091064252215e-02
5.104166666666666075e+00,-2.254919914560208835e-02
5.125000000000000000e+00,-2.254081589253041987e-02
5.145833333333333037e+00,-2.454101610072791095e-02
5.166666666666666075e+00,-2.741468303833184683e-02
5.187500000000000000e+00,-2.888792900035094466e-02
5.208333333333333037e+00,-2.986864500872975919e-02
5.229166666666666075e+00,-3.165400117283712067e-02
5.250000000000000000e+00,-3.262122858057106556e-02
5.270833333333333037e+00,-3.119580340100893204e-02
5.291666666666666075e+00,-2.887355478865382200e-02
5.312500000000000000e+00,-2.792284203608181789e-02
5.333333333333333037e+00,-2.709993750896825052e-02
5.354166666666666075e+00,-2.401996237997761421e-02
5.375000000000000000e+00,-1.985568441180825608e-02
5.395833333333333037e+00,-1.684630321474860429e-02
5.416666666666666075e+00,-1.382223125950427997e-02
5.437500000000000000e+00,-9.540868277965365227e-03
5.458333333333333037e+00,-5.649927154217954280e-03
5.479166666666666075e+00,-4.449069006652183952e-03
5.500000000000000000e+00,-4.633569484494432997e-03
5.520833333333333037e+00,-3.792770776788378841e-03
5.541666666666666075e+00,-3.020361688837058193e-03
5.562500000000000000e+00,-4.543909171376207985e-03
5.583333333333333037e+00,-7.006762993540104935e-03
5.604166666666666075e+00,-8.042849415132658636e-03
5.625000000000000000e+00,-8.772342504579772743e-03
5.645833333333333037e+00,-1.153282803206123405e-02
5.666666666666666075e+00,-1.507852208860347223e-02
5.687500000000000000e+00,-1.713205519927040246e-02
5.708333333333333037e+00,-1.886989912821221069e-02
5.729166666666666075e+00,-2.189698523367338695e-02
5.750000000000000000e+00,-2.472064446211539104e-02
5.770833333333333037e+00,-2.506369931106494295e-02
5.791666666666666075e+00,-2.423820219931424255e-02
5.812500000000000000e+00,-2.470796678938191188e-02
5.833333333333333037e+00,-2.540482359099837176e-02
5.854166666666666075e+00,-2.408108725774458017e-02
5.875000000000000000e+00,-2.203484893293995370e-02
5.895833333333333037e+00,-2.161913829413665208e-02
5.916666666666666075e+00,-2.170988174366014767e-02
5.937500000000000000e+00,-1.997229059055189229e-02
5.958333333333333037e+00,-1.764826002110841605e-02
5.979166666666666075e+00,-1.700668943969450148e-02
6.000000000000000000e+00,-1.678034922242353788e-02
6.020833333333333037e+00,-1.455434805896011971e-02
6.041666666666666075e+00,-1.145728863473966658e-02
6.062500000000000000e+00,-9.721049931470453556e-03
6.083333333333333037e+00,-8.061244415951044837e-03
6.104166666666666075e+00,-4.559320046413127200e-03
6.125000000000000000e+00,-5.527969418046992621e-04
6.145833333333333037e+00,1.746111629348547729e-03
6.166666666666666075e+00,3.611882195742400874e-03
6.187500000000000000e+00,7.096930309667833468e-03
6.208333333333333037e+00,1.088874262619242590e-02
6.229166666666666075e+00,1.263137323556795012e-02
6.250000000000000000e+00,1.354020656294096722e-02
6.270833333333333037e+00,1.585226113914084065e-02
6.291666666666666075e+00,1.831384326535325305e-02
6.312500000000000000e+00,1.849800136382470997e-02
6.333333333333333037e+00,1.753502153867575117e-02
6.354166666666666075e+00,1.763436997132824743e-02
6.375000000000000000e+00,1.741923469216341905e-02
6.395833333333333037e+00,1.447577307130660379e-02
6.416666666666666075e+00,9.945826301678842990e-03
6.437500000000000000e+00,6.162478717113571529e-03
6.458333333333333037e+00,2.676473296062267977e-03
6.479166666666666075e+00,-1.996177922649471168e-03
6.500000000000000000e+00,-6.437688820892406572e-03
6.520833333333333037e+00,-8.227566588110451357e-03
6.541666666666666075e+00,-8.550887496119952483e-03
6.562500000000000000e+00,-9.633529104193136808e-03
6.583333333333333037e+00,-1.033931201338102526e-02
6.604166666666666075e+00,-9.593320562769205168e-03
6.625000000000000000e+00,-8.995106044374942197e-03
6.645833333333333037e+00,-1.006321680484274089e-02
6.666666666666666075e+00,-1.112722728028109689e-02
6.687500000000000000e+00,-9.796537229863894539e-03
6.708333333333333037e+00,-7.208039999366244559e-03
6.729166666666666075e+00,-5.661022431997927810e-03
6.750000000000000000e+00,-4.159531374085964628e-03
6.770833333333333037e+00,-1.895815331116470527e-03
6.791666666666666075e+00,-4.784170463113761448e-04
6.812500000000000000e+00,-1.902692772783728871e-04
6.833333333333333037e+00,6.134458946644421456e-04
6.854166666666666075e+00,7.965822769399275851e-04
6.875000000000000000e+00,-4.807921020356135879e-04
6.895833333333333037e+00,-1.563624399853458507e-03
6.916666666666666075e+00,-1.585899398619432807e-03
6.937500000000000000e+00,-2.177269866023659808e-03
6.958333333333333037e+00,-3.676057186150060579e-03
6.979166666666666075e+00,-4.425131100016332572e-03
7.000000000000000000e+00,-5.430857851986862876e-03
7.020833333333333037e+00,-7.492930538674807094e-03
7.041666666666666075e+00,-8.989793541741127048e-03
7.062500000000000000e+00,-9.350249489478185128e-03
7.083333333333333037e+00,-1.019494591950362815e-02
7.104166666666666075e+00,-1.098987783394918261e-02
7.125000000000000000e+00,-1.015103333579590525e-02
7.145833333333333037e+00,-9.036391876842858259e-03
7.166666666666666075e+00,-9.842297684524320758e-03
7.187500000000000000e+00,-1.122516376835886939e-02
7.208333333333333037e+00,-1.070898436093886338e-02
7.229166666666666075e+00,-9.435113671603984412e-03
7.250000000000000000e+00,-9.622816218888580186e-03
7.270833333333333037e+00,-9.986498926983077007e-03
7.291666666666666075e+00,-8.104126384788303342e-03
7.312500000000000000e+00,-5.226288598942821495e-03
7.333333333333333037e+00,-3.668007107829990635e-03
7.354166666666666075e+00,-2.375443154330008060e-03
7.375000000000000000e+00,2.402332695246231758e-04
7.395833333333333037e+00,2.585077411085776825e-03
7.416666666666666075e+00,2.285751891197870204e-03
7.437500000000000000e+00,4.413152411631859505e-04
7.458333333333333037e+00,-7.442592631221803387e-04
7.479166666666666075e+00,-2.251797190699825549e-03
7.500000000000000000e+00,-4.882075791153213731e-03
7.520833333333333037e+00,-7.027780218820217986e-03
7.541666666666666075e+00,-8.197215295343068461e-03
7.562500000000000000e+00,-1.000011544596895834e-02
7.583333333333333037e+00,-1.144667917028286547e-02
7.604166666666666075e+00,-1.124418740197108760e-02
7.625000000000000000e+00,-1.094942277462460957e-02
7.645833333333333037e+00,-1.328793420509822958e-02
7.666666666666666075e+00,-2.063691514372311200e-02
7.687500000000000000e+00,-3.230311884731909555e-02
7.708333333333333037e+00,-4.594018345716826407e-02
7.729166666666666075e+00,-6.175128752301158735e-02
7.750000000000000000e+00,-8.019620955062765899e-02
7.770833333333333037e+00,-9.929993514108104158e-02
7.791666666666666075e+00,-1.181646264935498208e-01
7.812500000000000000e+00,-1.380896007850717921e-01
7.833333333333333037e+00,-1.578107126962830786e-01
7.854166666666666075e+00,-1.749096815688279682e-01
7.875000000000000000e+00,-1.904016485876744991e-01
7.895833333333333037e+00,-2.065140851043242021e-01
7.916666666666666075e+00,-2.219940022133297386e-01
7.937500000000000000e+00,-2.342577646705831795e-01
7.958333333333333037e+00,-2.444094830051188050e-01
7.979166666666666075e+00,-2.547204803013679575e-01
8.000000000000000000e+00,-2.639362245908300486e-01
8.020833333333332149e+00,-2.694467445212027634e-01
8.041666666666666075e+00,-2.722038799583216262e-01
8.062500000000000000e+00,-2.745561720342376000e-01
8.083333333333332149e+00,-2.761064735270427617e-01
8.104166666666666075e+00,-2.756118399694632570e-01
8.125000000000000000e+00,-2.744681106286282479e-01
8.145833333333332149e+00,-2.749163483875943226e-01
8.166666666666666075e+00,-2.757053007071311179e-01
8.187500000000000000e+00,-2.742508235627394431e-01
8.208333333333332149e+00,-2.714650995154510027e-01
8.229166666666666075e+00,-2.695737800835571463e-01
8.250000000000000000e+00,-2.674271007636056519e-01
8.270833333333332149e+00,-2.630857489687572492e-01
8.291666666666666075e+00,-2.577371356537597191e-01
8.312500000000000000e+00,-2.536091735495790700e-01
8.333333333333332149e+00,-2.496746843002618788e-01
8.354166666666666075e+00,-2.448949781798857028e-01
8.375000000000000000e+00,-2.407609817231199933e-01
8.395833333333332149e+00,-2.387763255915066329e-01
8.416666666666666075e+00,-2.374052562024402679e-01
8.437500000000000000e+00,-2.340572405312274784e-01
8.458333333333332149e+00,-2.296290638214309732e-01
8.479166666666666075e+00,-2.265116807696496148e-01
8.500000000000000000e+00,-2.247377644136118180e-01
8.520833333333332149e+00,-2.222667140497871507e-01
8.541666666666666075e+00,-2.199844274562365032e-01
8.562500000000000000e+00,-2.201211181067569134e-01
8.583333333333332149e+00,-2.214619671067612483e-01
8.604166666666666075e+00,-2.214110716871976470e-01
8.625000000000000000e+00,-2.208517345016976496e-01
8.645833333333332149e+00,-2.220191558493980755e-01
8.666666666666666075e+00,-2.237129740472662831e-01
8.687500000000000000e+00,-2.233849876051207106e-01
8.708333333333332149e+00,-2.219357417438767854e-01
8.729166666666666075e+00,-2.216869024406266653e-01
8.750000000000000000e+00,-2.221636214988030045e-01
8.770833333333332149e+00,-2.216464018765235688e-01
8.791666666666666075e+00,-2.212645151588501502e-01
8.812500000000000000e+00,-2.232580215855629047e-01
8.833333333333332149e+00,-2.264327437262760312e-01
8.854166666666666075e+00,-2.281836115275402421e-01
8.875000000000000000e+00,-2.293745033069534422e-01
8.895833333333332149e+00,-2.322500520942380464e-01
8.916666666666666075e+00,-2.356254552371375433e-01
8.937500000000000000e+00,-2.368946946974109236e-01
8.958333333333332149e+00,-2.369177804362947171e-01
8.979166666666666075e+00,-2.379457537398041167e-01
9.000000000000000000e+00,-2.389608291593963985e-01
9.020833333333332149e+00,-2.386262300676124659e-01
9.041666666666666075e+00,-2.383309398652430633e-01
9.062500000000000000e+00,-2.401988728927307026e-01
9.083333333333332149e+00,-2.430007705359358838e-01
9.104166666666666075e+00,-2.441217545327835359e-01
9.125000000000000000e+00,-2.444086627538140100e-01
9.145833333333332149e+00,-2.461179699868658033e-01
9.166666666666666075e+00,-2.480843821179781195e-01
9.187500000000000000e+00,-2.476917768676602238e-01
9.208333333333332149e+00,-2.457829575214382223e-01
9.229166666666666075e+00,-2.446958399824924468e-01
9.250000000000000000e+00,-2.439716943393002158e-01
9.270833333333332149e+00,-2.420102509357128506e-01
9.291666666666666075e+00,-2.399669607548305106e-01
9.312500000000000000e+00,-2.400977442575135679e-01
9.333333333333332149e+00,-2.412544015804593545e-01
9.354166666666666075e+00,-2.408178535833395140e-01
9.375000000000000000e+00,-2.396104750048581866e-01
9.395833333333332149e+00,-2.398899833816730831e-01
9.416666666666666075e+00,-2.405148312882255113e-01
9.437500000000000000e+00,-2.388656419781366724e-01
9.458333333333332149e+00,-2.357630753673576884e-01
9.479166666666666075e+00,-2.335966176804139538e-01
9.500000000000000000e+00,-2.322779781296197832e-01
9.520833333333332149e+00,-2.299244721925971513e-01
9.541666666666666075e+00,-2.276170575264824802e-01
9.562500000000000000e+00,-2.276963935757771174e-01
9.583333333333332149e+00,-2.290196107258119784e-01
9.604166666666666075e+00,-2.289443013899068458e-01
9.625000000000000000e+00,-2.282908422812286453e-01
9.645833333333332149e+00,-2.293325168661501379e-01
9.666666666666666075e+00,-2.308858235317994556e-01
9.687500000000000000e+00,-2.303003260660340945e-01
9.708333333333332149e+00,-2.284186583862752862e-01
9.729166666666666075e+00,-2.276005409917044864e-01
9.750000000000000000e+00,-2.273870479658630372e-01
9.770833333333332149e+00,-2.262279972119164984e-01
9.791666666666666075e+00,-2.252826790112156530e-01
9.812500000000000000e+00,-2.268180364825629070e-01
9.833333333333332149e+00,-2.297203914076359488e-01
9.854166666666666075e+00,-2.313556818366120094e-01
9.875000000000000000e+00,-2.325243139866035036e-01
9.895833333333332149e+00,-2.355023922644396694e-01
9.916666666666666075e+00,-2.391823076880736643e-01
9.937500000000000000e+00,-2.409342638181579677e-01
9.958333333333332149e+00,-2.416074227609386615e-01
9.979166666666666075e+00,-2.435086153624078931e-01
1.000000000000000000e+01,-2.455314702103382762e-01
1.002083333333333215e+01,-2.450318483032794536e-01
1.004166666666666607e+01,-2.428018227800617101e-01
1.006250000000000000e+01,-2.412832513114604727e-01
1.008333333333333215e+01,-2.405921720497803118e-01
1.010416666666666607e+01,-2.386166838668293821e-01
1.012500000000000000e+01,-2.361384055025430029e-01
1.014583333333333215e+01,-2.354454249479101535e-01
1.016666666666666607e+01,-2.354424224217528394e-01
1.018750000000000000e+01,-2.334806994818914017e-01
1.020833333333333215e+01,-2.303381500755952160e-01
1.022916666666666607e+01,-2.284255164999502707e-01
1.025000000000000000e+01,-2.276220314642156684e-01
1.027083333333333215e+01,-2.257091147312175472e-01
1.029166666666666607e+01,-2.234501871858458333e-01
1.031250000000000000e+01,-2.231252653126115926e-01
1.033333333333333215e+01,-2.236524142417796457e-01
1.035416666666666607e+01,-2.223859757760219547e-01
1.037500000000000000e+01,-2.200874595283103252e-01
1.039583333333333215e+01,-2.191399245553204145e-01
1.041666666666666607e+01,-2.192851199671476403e-01
1.043750000000000000e+01,-2.184401646724451473e-01
1.045833333333333215e+01,-2.174529218238103745e-01
1.047916666666666607e+01,-2.186066379118180025e-01
1.050000000000000000e+01,-2.208264038066882484e-01
1.052083333333333215e+01,-2.214595667619550234e-01
1.054166666666666607e+01,-2.212531560217588233e-01
1.056250000000000000e+01,-2.224942756333792016e-01
1.058333333333333215e+01,-2.242254359081441994e-01
1.060416666666666607e+01,-2.246287573990924935e-01
1.062500000000000000e+01,-2.248049049941889255e-01
1.064583333333333215e+01,-2.270425982724864344e-01
1.066666666666666607e+01,-2.302868256104799449e-01
1.068750000000000000e+01,-2.318822369951734075e-01
1.070833333333333215e+01,-2.325630445202132301e-01
1.072916666666666607e+01,-2.346229851559393231e-01
1.075000000000000000e+01,-2.370168583007570551e-01
1.077083333333333215e+01,-2.370878078014096724e-01
1.079166666666666607e+01,-2.355663381977064763e-01
1.081250000000000000e+01,-2.348777543998814554e-01
1.083333333333333215e+01,-2.350777453370438141e-01
1.085416666666666607e+01,-2.343665326140578764e-01
1.087500000000000000e+01,-2.319102698347882685e-01
1.089583333333333215e+01,-2.291867226284515502e-01
1.091666666666666607e+01,-2.268229261865578605e-01
1.093750000000000000e+01,-2.232542437928785595e-01
1.095833333333333215e+01,-2.193600440436560273e-01
1.097916666666666607e+01,-2.172964022707531417e-01
1.100000000000000000e+01,-2.159687605758306428e-01
1.102083333333333215e+01,-2.127111542387435938e-01
1.104166666666666607e+01,-2.082316794434119211e-01
1.106250000000000000e+01,-2.048326260158030432e-01
1.108333333333333215e+01,-2.015474949448487485e-01
1.110416666666666607e+01,-1.961191852855991569e-01
1.112500000000000000e+01,-1.894333506334740236e-01
1.114583333333333215e+01,-1.839048743248400675e-01
1.116666666666666607e+01,-1.794243725823168878e-01
1.118750000000000000e+01,-1.739478315916833939e-01
1.120833333333333215e+01,-1.682734819952640959e-01
1.122916666666666607e+01,-1.646987646018985840e-01
1.125000000000000000e+01,-1.622234804322793544e-01
1.127083333333333215e+01,-1.582801109802324802e-01
1.129166666666666607e+01,-1.536082151903146176e-01
1.131250000000000000e+01,-1.506032841301763459e-01
1.133333333333333215e+01,-1.490452340371347106e-01
1.135416666666666607e+01,-1.469077937547765278e-01
1.137500000000000000e+01,-1.450157532452416298e-01
1.139583333333333215e+01,-1.456682558360253010e-01
1.141666666666666607e+01,-1.478593202848776100e-01
1.143750000000000000e+01,-1.489171325338335961e-01
1.145833333333333215e+01,-1.495277479291974854e-01
1.147916666666666607e+01,-1.519943259712301098e-01
1.150000000000000000e+01,-1.543892839790925731e-01
1.152083333333333215e+01,-1.559152371825225092e-01
1.154166666666666607e+01,-1.568461872180536010e-01
1.156250000000000000e+01,-1.590741018634455328e-01
1.158333333333333215e+01,-1.617233785110920863e-01
1.160416666666666607e+01,-1.622486163442733442e-01
1.162500000000000000e+01,-1.613115225093034455e-01
1.164583333333333215e+01,-1.612046616911271824e-01
1.166666666666666607e+01,-1.613419729310497652e-01
1.168750000000000000e+01,-1.606417190453086896e-01
1.170833333333333215e+01,-1.602511467903956210e-01
1.172916666666666607e+01,-1.606937633057979042e-01
1.175000000000000000e+01,-1.606865237312149475e-01
1.177083333333333215e+01,-1.610464402336350964e-01
1.179166666666666607e+01,-1.628423555685420965e-01
1.181250000000000000e+01,-1.646054326674492307e-01
1.183333333333333215e+01,-1.644272914094479232e-01
1.185416666666666607e+01,-1.633506849673435624e-01
1.187500000000000000e+01,-1.634157437515223743e-01
1.189583333333333215e+01,-1.636472510512246570e-01
1.191666666666666607e+01,-1.621776253454184913e-01
1.193750000000000000e+01,-1.600865908572578766e-01
1.195833333333333215e+01,-1.594346684481670329e-01
1.197916666666666607e+01,-1.593034028484981990e-01
1.200000000000000000e+01,-1.578475421529444700e-01
1.202083333333333215e+01,-1.562483513504152877e-01
1.204166666666666607e+01,-1.567068345305759336e-01
1.206250000000000000e+01,-1.583446098693573056e-01
1.208333333333333215e+01,-1.590570091346568682e-01
1.210416666666666607e+01,-1.598640515667173745e-01
1.212500000000000000e+01,-1.629078212887581090e-01
1.214583333333333215e+01,-1.672383306352349386e-01
1.216666666666666607e+01,-1.705040389774466203e-01
1.218750000000000000e+01,-1.732249317259339505e-01
1.220833333333333215e+01,-1.767537457379621813e-01
1.222916666666666607e+01,-1.799310624465619568e-01
1.225000000000000000e+01,-1.810438649145524048e-01
1.227083333333333215e+01,-1.812539167498560255e-01
1.229166666666666607e+01,-1.830799098136670910e-01
1.231250000000000000e+01,-1.855463314548026488e-01
1.233333333333333215e+01,-1.861222821858196652e-01
1.235416666666666607e+01,-1.855787938900499423e-01
1.237500000000000000e+01,-1.863349352282835658e-01
1.239583333333333215e+01,-1.874124736041577477e-01
1.241666666666666607e+01,-1.861785361777641978e-01
1.243750000000000000e+01,-1.833734358211237814e-01
1.245833333333333215e+01,-1.813445300353974943e-01
1.247916666666666607e+01,-1.792564660785763431e-01
1.250000000000000000e+01,-1.760871167677458271e-01
1.252083333333333215e+01,-1.731223693285457166e-01
1.254166666666666607e+01,-1.712630841882528676e-01
1.256250000000000000e+01,-1.688310977021056924e-01
1.258333333333333215e+01,-1.636744778608897888e-01
1.260416666666666607e+01,-1.541004506187303724e-01
1.262500000000000000e+01,-1.414597566749437874e-01
1.264583333333333215e+01,-1.285914338072247365e-01
1.266666666666666607e+01,-1.146530000855273124e-01
1.268750000000000000e+01,-9.962856415223807216e-02
1.270833333333333215e+01,-8.490236673332839101e-02
1.272916666666666607e+01,-6.981600930754261469e-02
1.275000000000000000e+01,-5.452291149196716175e-02
1.277083333333333215e+01,-4.059587092885334064e-02
1.279166666666666607e+01,-2.711970014404711804e-02
1.281250000000000000e+01,-1.341412810986276384e-02
1.283333333333333215e+01,-1.408314140716474851e-03
1.285416666666666607e+01,7.756142649874044059e-03
1.287500000000000000e+01,1.597706826571758040e-02
1.289583333333333215e+01,2.436486393299311382e-02
1.291666666666666607e+01,3.096170187240742180e-02
1.293750000000000000e+01,3.372207220296057767e-02
1.295833333333333215e+01,3.433350428155407252e-02
1.297916666666666607e+01,3.493697377785843355e-02
1.300000000000000000e+01,3.441021191495119425e-02
1.302083333333333215e+01,3.185088669275380063e-02
1.304166666666666607e+01,2.935601870450047987e-02
1.306250000000000000e+01,2.865597439791505927e-02
1.308333333333333215e+01,2.807008172769283674e-02
1.310416666666666607e+01,2.547783730984559333e-02
1.312500000000000000e+01,2.239775658122385854e-02
1.314583333333333215e+01,2.086386156044920531e-02
1.316666666666666607e+01,1.934909181909627574e-02
1.318750000000000000e+01,1.574378818980683506e-02
1.320833333333333215e+01,1.161047897106627126e-02
1.322916666666666607e+01,8.997338747124930189e-03
1.325000000000000000e+01,6.422570046539544629e-03
1.327083333333333215e+01,2.125071863317043799e-03
1.329166666666666607e+01,-2.303212221775020017e-03
1.331250000000000000e+01,-4.879586767083654401e-03
1.333333333333333215e+01,-7.143737745199537324e-03
1.335416666666666607e+01,-1.118360411903512354e-02
1.337500000000000000e+01,-1.532501035023821345e-02
1.339583333333333215e+01,-1.748331164064854948e-02
1.341666666666666607e+01,-1.918106661017195125e-02
1.343750000000000000e+01,-2.245328683614310206e-02
1.345833333333333215e+01,-2.560956387219173389e-02
1.347916666666666607e+01,-2.655793745547019996e-02
1.350000000000000000e+01,-2.682048459075653257e-02
1.352083333333333215e+01,-2.852468574756027164e-02
1.354166666666666607e+01,-3.019587224655633645e-02
1.356250000000000000e+01,-2.982034094053246515e-02
1.358333333333333215e+01,-2.892312318354805026e-02
1.360416666666666607e+01,-2.960780533747327248e-02
1.362500000000000000e+01,-3.021878357025212930e-02
1.364583333333333215e+01,-2.865787392340824954e-02
1.366666666666666607e+01,-2.643883435744396118e-02
1.368750000000000000e+01,-2.571342004617795454e-02
1.370833333333333215e+01,-2.512564318090185211e-02
1.372916666666666607e+01,-2.270654950748970252e-02
1.375000000000000000e+01,-1.992431148597957613e-02
1.377083333333333215e+01,-1.886874952663770283e-02
1.379166666666666607e+01,-1.789582656325605994e-02
1.381250000000000000e+01,-1.489838694163905103e-02
1.383333333333333215e+01,-1.137830895330526476e-02
1.385416666666666607e+01,-9.480106964857142396e-03
1.387500000000000000e+01,-7.725353299316306890e-03
1.389583333333333215e+01,-4.075594951579919120e-03
1.391666666666666607e+01,-3.019824808721846381e-05
1.393750000000000000e+01,2.287868758970712426e-03
1.395833333333333215e+01,4.504202388688551516e-03
1.397916666666666607e+01,8.735056644158068623e-03
1.400000000000000000e+01,1.349106454403189471e-02
1.402083333333333215e+01,1.658862364477673573e-02
1.404166666666666607e+01,1.933136163849831501e-02
1.406250000000000000e+01,2.310761926854329809e-02
1.408333333333333215e+01,2.617221845082859724e-02
1.410416666666666607e+01,2.640272633779141773e-02
1.412500000000000000e+01,2.541841288854565853e-02
1.414583333333333215e+01,2.534710341596307231e-02
1.416666666666666607e+01,2.471516597009612223e-02
1.418750000000000000e+01,2.138331142762401466e-02
1.420833333333333215e+01,1.695777089851492614e-02
1.422916666666666607e+01,1.361637012327196646e-02
1.425000000000000000e+01,1.032394566167012771e-02
1.427083333333333215e+01,5.888950866979244907e-03
1.429166666666666607e+01,2.213471600867064713e-03
1.431250000000000000e+01,1.408002027037639700e-03
1.433333333333333215e+01,2.004833963641614990e-03
1.435416666666666607e+01,1.805660676580386065e-03
1.437500000000000000e+01,1.962065493781693301e-03
1.439583333333333215e+01,3.546603232142466876e-03
1.441666666666666607e+01,4.856054075997246096e-03
1.443750000000000000e+01,3.920380199856955857e-03
1.445833333333333215e+01,1.766483144246157886e-03
1.447916666666666607e+01,4.061321483542650913e-04
1.450000000000000000e+01,-9.936028291099279625e-04
1.452083333333333215e+01,-2.944094445988712939e-03
1.454166666666666607e+01,-4.044123142752698713e-03
1.456250000000000000e+01,-4.049276388382398381e-03
1.458333333333333215e+01,-4.488111585052806905e-03
1.460416666666666607e+01,-4.494252846266055292e-03
1.462500000000000000e+01,-2.989293755807014268e-03
1.464583333333333215e+01,-1.605501717326917981e-03
1.466666666666666607e+01,-2.295202139466065092e-03
1.468750000000000000e+01,-3.828773144387529869e-03
1.470833333333333215e+01,-3.924819145531562026e-03
1.472916666666666607e+01,-3.493444258735397320e-03
1.475000000000000000e+01,-4.728202031095268647e-03
1.477083333333333215e+01,-6.513238892012360864e-03
1.479166666666666607e+01,-6.222046971247255538e-03
1.481250000000000000e+01,-4.729054739626147551e-03
1.483333333333333215e+01,-4.373236825649305833e-03
1.485416666666666607e+01,-4.077847756053913815e-03
1.487500000000000000e+01,-1.263911517118671392e-03
1.489583333333333215e+01,3.262710622374442176e-03
1.491666666666666607e+01,7.002331220570204122e-03
1.493750000000000000e+01,9.392107563184554780e-03
1.495833333333333215e+01,1.234872602966933207e-02
1.497916666666666607e+01,1.510352847801597030e-02
1.500000000000000000e+01,1.537670254894787057e-02
1.502083333333333215e+01,1.426206422023181333e-02
1.504166666666666607e+01,1.440568029945565875e-02
1.506250000000000000e+01,1.503344236451369977e-02
1.508333333333333215e+01,1.386735347848137498e-02
1.510416666666666607e+01,1.202102827483771119e-02
1.512500000000000000e+01,1.214317928256099938e-02
1.514583333333333215e+01,1.346139815873515812e-02
1.516666666666666607e+01,1.369819956274337738e-02
1.518750000000000000e+01,1.377957704735539857e-02
1.520833333333333215e+01,1.504635978518096412e-02
1.522916666666666607e+01,1.617989569424868254e-02
1.525000000000000000e+01,1.505684900815685776e-02
1.527083333333333215e+01,1.283576311121044713e-02
1.529166666666666607e+01,1.215572444538298887e-02
1.531250000000000000e+01,1.224308600393200774e-02
1.533333333333333215e+01,1.082129340231339533e-02
1.535416666666666607e+01,8.982005703122493759e-03
1.537500000000000000e+01,9.362733643873711112e-03
1.539583333333333215e+01,1.118721600616931142e-02
1.541666666666666607e+01,1.213932997932069650e-02
1.543750000000000000e+01,1.283507682301685687e-02
1.545833333333333215e+01,1.435584295982075993e-02
1.547916666666666607e+01,1.547787188584190225e-02
1.550000000000000000e+01,1.532210670890760476e-02
1.552083333333333215e+01,1.526764791111359307e-02
1.554166666666666607e+01,1.536260398025125415e-02
1.556250000000000000e+01,1.413537069088679522e-02
1.558333333333333215e+01,1.280678493727173059e-02
1.560416666666666607e+01,1.356739055815000920e-02
1.562500000000000000e+01,1.551183098917444103e-02
1.564583333333333215e+01,1.680281355607045682e-02
1.566666666666666607e+01,1.873444661981621406e-02
1.568750000000000000e+01,2.358589516504980624e-02
1.570833333333333215e+01,3.036633286040783461e-02
1.572916666666666607e+01,3.700990554283208056e-02
1.575000000000000000e+01,4.365801358858140135e-02
1.577083333333333215e+01,5.154154855278526848e-02
1.579166666666666607e+01,5.950455718682212680e-02
1.581250000000000000e+01,6.564882755150455718e-02
1.583333333333333215e+01,7.121708058178272127e-02
1.585416666666666607e+01,7.841542718776089993e-02
1.587500000000000000e+01,8.632100211830780190e-02
1.589583333333333215e+01,9.286651942750616395e-02
1.591666666666666607e+01,9.809710001549931668e-02
1.593750000000000000e+01,1.036999901204433139e-01
1.595833333333333215e+01,1.087400996539017867e-01
1.597916666666666607e+01,1.112961516666227391e-01
1.600000000000000000e+01,1.126072170962156282e-01
1.602083333333333215e+01,1.149030650636492096e-01
1.604166666666666430e+01,1.172703370349490182e-01
1.606250000000000000e+01,1.177889474146507492e-01
1.608333333333333215e+01,1.176489151100436337e-01
1.610416666666666430e+01,1.180354600168475182e-01
1.612500000000000000e+01,1.175762076411944329e-01
1.614583333333333215e+01,1.146360628306561935e-01
1.616666666666666430e+01,1.106031917701150447e-01
1.618750000000000000e+01,1.077019058254728712e-01
1.620833333333333215e+01,1.049948343764902786e-01
1.622916666666666430e+01,1.005454609191394760e-01
1.625000000000000000e+01,9.561294116697335865e-02
1.627083333333333215e+01,9.242592343689313983e-02
1.629166666666666430e+01,9.004969632709299010e-02
1.631250000000000000e+01,8.653392168047732702e-02
1.633333333333333215e+01,8.314783979752529697e-02
1.635416666666666430e+01,8.218795613031069924e-02
1.637500000000000000e+01,8.269184444663155165e-02
1.639583333333333215e+01,8.241786926704182392e-02
1.641666666666666430e+01,8.203475908322044319e-02
1.643750000000000000e+01,8.274332823099886380e-02
1.645833333333333215e+01,8.316228045764116616e-02
1.647916666666666430e+01,8.175056161834061419e-02
1.650000000000000000e+01,7.996946033645185858e-02
1.652083333333333215e+01,8.021168158304096962e-02
1.654166666666666430e+01,8.151284610567520461e-02
1.656250000000000000e+01,8.146421988429849992e-02
1.658333333333333215e+01,8.112249704585326737e-02
1.660416666666666430e+01,8.254110962984610722e-02
1.662500000000000000e+01,8.457695559243486039e-02
1.664583333333333215e+01,8.475631750115134033e-02
1.666666666666666430e+01,8.412407518936436401e-02
1.668750000000000000e+01,8.506414649783623771e-02
1.670833333333333215e+01,8.659697273050004362e-02
1.672916666666666430e+01,8.624620831961671286e-02
1.675000000000000000e+01,8.504694356603335892e-02
1.677083333333333215e+01,8.538959501489097603e-02
1.679166666666666430e+01,8.630359430252014519e-02
1.681250000000000000e+01,8.530476178935762765e-02
1.683333333333333215e+01,8.341810738139715520e-02
1.685416666666666430e+01,8.304095539410576154e-02
1.687500000000000000e+01,8.323332605758090863e-02
1.689583333333333215e+01,8.168401434425699714e-02
1.691666666666666430e+01,7.950090797153548661e-02
1.693750000000000000e+01,7.907096818868776522e-02
1.695833333333333215e+01,7.942308301217172739e-02
1.697916666666666430e+01,7.807469224119546747e-02
1.700000000000000000e+01,7.605062746138879781e-02
1.702083333333333215e+01,7.574377669454063211e-02
1.704166666666666430e+01,7.621412486734456537e-02
1.706250000000000000e+01,7.515329670433534837e-02
1.708333333333333215e+01,7.366731072721732776e-02
1.710416666666666430e+01,7.413961699018943585e-02
1.712500000000000000e+01,7.559982197633219325e-02
1.714583333333333215e+01,7.556710776853817202e-02
1.716666666666666430e+01,7.506412259083207472e-02
1.718750000000000000e+01,7.648051368088676361e-02
1.720833333333333215e+01,7.885662132204397656e-02
1.722916666666666430e+01,7.970866030229757648e-02
1.725000000000000000e+01,8.006303281419169249e-02
1.727083333333333215e+01,8.216606563186425183e-02
1.729166666666666430e+01,8.499012890027093925e-02
1.731250000000000000e+01,8.605240848350735605e-02
1.733333333333333215e+01,8.636460573102414107e-02
1.735416666666666430e+01,8.832008118866523094e-02
1.737500000000000000e+01,9.097073416283259217e-02
1.739583333333333215e+01,9.182659396559215981e-02
1.741666666666666430e+01,9.187334064881345908e-02
1.743750000000000000e+01,9.363116033304183516e-02
1.745833333333333215e+01,9.561529586848413476e-02
1.747916666666666430e+01,9.516847742934789189e-02
1.750000000000000000e+01,8.950537846855184665e-02
1.752083333333333215e+01,7.614056293657964214e-02
1.754166666666666430e+01,5.634737473431800092e-02
1.756250000000000000e+01,3.340852232147585588e-02
1.758333333333333215e+01,9.857909320089433894e-03
1.760416666666666430e+01,-1.534693465849737079e-02
1.762500000000000000e+01,-4.231818237287567064e-02
1.764583333333333215e+01,-6.865707862476189138e-02
1.766666666666666430e+01,-9.341974512652029272e-02
1.768750000000000000e+01,-1.181575878790418616e-01
1.770833333333333215e+01,-1.420629473407000465e-01
1.772916666666666430e+01,-1.632356172331016209e-01
1.775000000000000000e+01,-1.825726042505792790e-01
1.777083333333333215e+01,-2.015555353015892059e-01
1.779166666666666430e+01,-2.189895097991656214e-01
1.781250000000000000e+01,-2.330888352787054141e-01
1.783333333333333215e+01,-2.449278607939410768e-01
1.785416666666666430e+01,-2.558736254536828070e-01
1.787500000000000000e+01,-2.646981940758971197e-01
1.789583333333333215e+01,-2.695919302290962771e-01
1.791666666666666430e+01,-2.717747807341297506e-01
1.793750000000000000e+01,-2.734959765932274967e-01
1.795833333333333215e+01,-2.738675677864300106e-01
1.797916666666666430e+01,-2.708044163848962183e-01
1.800000000000000000e+01,-2.654213898740814814e-01
1.802083333333333215e+01,-2.599745515197839918e-01
1.804166666666666430e+01,-2.540370210347623892e-01
1.806250000000000000e+01,-2.469365585101729044e-01
1.808333333333333215e+01,-2.402253652380070270e-01
1.810416666666666430e+01,-2.350286175705174341e-01
1.812500000000000000e+01,-2.300283914401463903e-01
1.814583333333333215e+01,-2.233740695171581303e-01
1.816666666666666430e+01,-2.162681011982382495e-01
1.818750000000000000e+01,-2.108261679295517221e-01
1.820833333333333215e+01,-2.061635581199759981e-01
1.822916666666666430e+01,-2.004162685010355271e-01
1.825000000000000000e+01,-1.947996378022073538e-01
1.827083333333333215e+01,-1.915754253930785911e-01
1.829166666666666430e+01,-1.898527401451789443e-01
1.831250000000000000e+01,-1.873778413148317890e-01
1.833333333333333215e+01,-1.852073131871029288e-01
1.835416666666666430e+01,-1.857587389742037520e-01
1.837500000000000000e+01,-1.881398418635097658e-01
1.839583333333333215e+01,-1.898208657643426500e-01
1.841666666666666430e+01,-1.915890263058136478e-01
1.843750000000000000e+01,-1.947188223562643927e-01
1.845833333333333215e+01,-1.978477950550716624e-01
1.847916666666666430e+01,-1.987157107283014923e-01
1.850000000000000000e+01,-1.983756160413966130e-01
1.852083333333333215e+01,-1.992557450115182427e-01
1.854166666666666430e+01,-2.004765894612655364e-01
1.856250000000000000e+01,-1.995817834034329663e-01
1.858333333333333215e+01,-1.976313629758962576e-01
1.860416666666666430e+01,-1.970540209666321319e-01
1.862500000000000000e+01,-1.968507172761110591e-01
1.864583333333333215e+01,-1.949809402626892785e-01
1.866666666666666430e+01,-1.926542137029521318e-01
1.868750000000000000e+01,-1.923005621566988566e-01
1.870833333333333215e+01,-1.930197303594604896e-01
1.872916666666666430e+01,-1.922995176355531965e-01
1.875000000000000000e+01,-1.911746079639078111e-01
1.877083333333333215e+01,-1.920828179151987669e-01
1.879166666666666430e+01,-1.940684411362048611e-01
1.881250000000000000e+01,-1.945991975456211331e-01
1.883333333333333215e+01,-1.946314668657050106e-01
1.885416666666666430e+01,-1.965788398840238038e-01
1.887500000000000000e+01,-1.995379255022280973e-01
1.889583333333333215e+01,-2.009895961998337810e-01
1.891666666666666430e+01,-2.018805655480658545e-01
1.893750000000000000e+01,-2.046304105932124084e-01
1.895833333333333215e+01,-2.083453566585374284e-01
1.897916666666666430e+01,-2.105103795874148920e-01
1.900000000000000000e+01,-2.121158426934582342e-01
1.902083333333333215e+01,-2.151899433784515148e-01
1.904166666666666430e+01,-2.185544116967197692e-01
1.906250000000000000e+01,-2.196460335735798963e-01
1.908333333333333215e+01,-2.194080215688634650e-01
1.910416666666666430e+01,-2.202640509350935194e-01
1.912500000000000000e+01,-2.213284637998905180e-01
1.914583333333333215e+01,-2.200857000690646936e-01
1.916666666666666430e+01,-2.175541905984820779e-01
1.918750000000000000e+01,-2.161889660103006594e-01
1.920833333333333215e+01,-2.151012309313223292e-01
1.922916666666666430e+01,-2.117937231836012069e-01
1.925000000000000000e+01,-2.072116828328874338e-01
1.927083333333333215e+01,-2.037880532680231283e-01
1.929166666666666430e+01,-2.008893237418654110e-01
1.931250000000000000e+01,-1.972002259417905135e-01
1.933333333333333215e+01,-1.940528062712484347e-01
1.935416666666666430e+01,-1.930507104605352353e-01
1.937500000000000000e+01,-1.929670695308938477e-01
1.939583333333333215e+01,-1.912642930618288772e-01
1.941666666666666430e+01,-1.888521273901164477e-01
1.943750000000000000e+01,-1.881637444261701764e-01
1.945833333333333215e+01,-1.883609495306800830e-01
1.947916666666666430e+01,-1.870893851561990229e-01
1.950000000000000000e+01,-1.853679821717325316e-01
1.952083333333333215e+01,-1.856315363313308375e-01
1.954166666666666430e+01,-1.870094660245307516e-01
1.956250000000000000e+01,-1.869680387176406444e-01
1.958333333333333215e+01,-1.864151168214708831e-01
1.960416666666666430e+01,-1.877789789116484087e-01
1.962500000000000000e+01,-1.902012112281489808e-01
1.964583333333333215e+01,-1.911532381380150192e-01
1.966666666666666430e+01,-1.916436921467268573e-01
1.968750000000000000e+01,-1.941361618510192288e-01
1.970833333333333215e+01,-1.977496860003642165e-01
1.972916666666666430e+01,-1.999452541774431602e-01
1.975000000000000000e+01,-2.016231287645751935e-01
1.977083333333333215e+01,-2.052104494595155537e-01
1.979166666666666430e+01,-2.098565764488146690e-01
1.981250000000000000e+01,-2.130221488336334901e-01
1.983333333333333215e+01,-2.154918187176733946e-01
1.985416666666666430e+01,-2.189316058007468868e-01
1.987500000000000000e+01,-2.221659297783024900e-01
1.989583333333333215e+01,-2.226489706778651545e-01
1.991666666666666430e+01,-2.212533291348651454e-01
1.993750000000000000e+01,-2.204258121877450405e-01
1.995833333333333215e+01,-2.194284238572292711e-01
1.997916666666666430e+01,-2.163798016461768725e-01
2.000000000000000000e+01,-2.125603041528883741e-01
2.002083333333333215e+01,-2.104359797623533979e-01
2.004166666666666430e+01,-2.089507085897495120e-01
2.006250000000000000e+01,-2.054692790995952256e-01
2.008333333333333215e+01,-2.009629722161914989e-01
2.010416666666666430e+01,-1.979230457446563840e-01
2.012500000000000000e+01,-1.956283267379759494e-01
2.014583333333333215e+01,-1.923392517451022743e-01
2.016666666666666430e+01,-1.892695884828223818e-01
2.018750000000000000e+01,-1.888592855871422671e-01
2.020833333333333215e+01,-1.902908484546497747e-01
2.022916666666666430e+01,-1.910017049868523165e-01
2.025000000000000000e+01,-1.917316512696945197e-01
2.027083333333333215e+01,-1.940919099820465898e-01
2.029166666666666430e+01,-1.969069806177406734e-01
2.031250000000000000e+01,-1.976184587222544198e-01
2.033333333333333215e+01,-1.970996874972991142e-01
2.035416666666666430e+01,-1.978129725722677090e-01
2.037500000000000000e+01,-1.989658928430713680e-01
2.039583333333333215e+01,-1.981078448202875097e-01
2.041666666666666430e+01,-1.962428454370465647e-01
2.043750000000000000e+01,-1.958482711087640160e-01
2.045833333333333215e+01,-1.960431324430025601e-01
2.047916666666666430e+01,-1.943154646940805363e-01
2.050000000000000000e+01,-1.915447472205938362e-01
2.052083333333333215e+01,-1.901748043755039086e-01
2.054166666666666430e+01,-1.894575750691967764e-01
2.056250000000000000e+01,-1.872663843174632026e-01
2.058333333333333215e+01,-1.846258621948136391e-01
2.060416666666666430e+01,-1.839860305967171428e-01
2.062500000000000000e+01,-1.845790604101686383e-01
2.064583333333333215e+01,-1.840451776072409285e-01
2.066666666666666430e+01,-1.833327837705007179e-01
2.068750000000000000e+01,-1.848950111725823353e-01
2.070833333333333215e+01,-1.879321298688919617e-01
2.072916666666666430e+01,-1.898805491579574900e-01
2.075000000000000000e+01,-1.915302667256737201e-01
2.077083333333333215e+01,-1.950528593455231607e-01
2.079166666666666430e+01,-1.995401122740561584e-01
2.081250000000000000e+01,-2.024318759885090357e-01
2.083333333333333215e+01,-2.046040160977893041e-01
2.085416666666666430e+01,-2.083907141275520569e-01
2.087500000000000000e+01,-2.129451458543863973e-01
2.089583333333333215e+01,-2.157016058824491045e-01
2.091666666666666430e+01,-2.174439712648696676e-01
2.093750000000000000e+01,-2.204190711162018479e-01
2.095833333333333215e+01,-2.237684725367124206e-01
2.097916666666666430e+01,-2.249641696122708090e-01
2.100000000000000000e+01,-2.249878990877146323e-01
2.102083333333333215e+01,-2.263310413018602696e-01
2.104166666666666430e+01,-2.280285033257911931e-01
2.106250000000000000e+01,-2.274243878408300501e-01
2.108333333333333215e+01,-2.253134588321467902e-01
2.110416666666666430e+01,-2.241597509989423642e-01
2.112500000000000000e+01,-2.232248082896832464e-01
2.114583333333333215e+01,-2.200596952180326749e-01
2.116666666666666430e+01,-2.156222365065542934e-01
2.118750000000000000e+01,-2.124109847461836398e-01
2.120833333333333215e+01,-2.096507572729858770e-01
2.122916666666666430e+01,-2.052375671195917906e-01
2.125000000000000000e+01,-2.001776789218500663e-01
2.127083333333333215e+01,-1.969307464459801316e-01
2.129166666666666430e+01,-1.947500624087783738e-01
2.131250000000000000e+01,-1.910495330607478170e-01
2.133333333333333215e+01,-1.865987211022310799e-01
2.135416666666666430e+01,-1.838625337131938875e-01
2.137500000000000000e+01,-1.821038487328106303e-01
2.139583333333333215e+01,-1.787705629688930153e-01
2.141666666666666430e+01,-1.748777505328268367e-01
2.143750000000000000e+01,-1.729026386202387744e-01
2.145833333333333215e+01,-1.715644507410434005e-01
2.147916666666666430e+01,-1.691050469014815927e-01
2.150000000000000000e+01,-1.672345620226474427e-01
2.152083333333333215e+01,-1.686274060363445737e-01
2.154166666666666430e+01,-1.714475503718152216e-01
2.156250000000000000e+01,-1.727917640266581623e-01
2.158333333333333215e+01,-1.736226358817128113e-01
2.160416666666666430e+01,-1.765389299991741989e-01
2.162500000000000000e+01,-1.809266367831567079e-01
2.164583333333333215e+01,-1.850187578079716955e-01
2.166666666666666430e+01,-1.896599920979240572e-01
2.168750000000000000e+01,-1.949791061175391305e-01
2.170833333333333215e+01,-1.995605777376627255e-01
2.172916666666666430e+01,-2.034055453607439556e-01
2.175000000000000000e+01,-2.082761496575997462e-01
2.177083333333333215e+01,-2.128101216565252696e-01
2.179166666666666430e+01,-2.151132612742658323e-01
2.181250000000000000e+01,-2.170643217060668761e-01
2.183333333333333215e+01,-2.211993071750261997e-01
2.185416666666666430e+01,-2.260721823807151365e-01
2.187500000000000000e+01,-2.293660329140315701e-01
2.189583333333333215e+01,-2.325231131630969283e-01
2.191666666666666430e+01,-2.359874786685532133e-01
2.193750000000000000e+01,-2.379309550511032045e-01
2.195833333333333215e+01,-2.392190364031004934e-01
2.197916666666666430e+01,-2.421025441362141262e-01
2.200000000000000000e+01,-2.451759419923899841e-01
2.202083333333333215e+01,-2.457915284776919784e-01
2.204166666666666430e+01,-2.451823377645558633e-01
2.206250000000000000e+01,-2.461331934936731580e-01
2.208333333333333215e+01,-2.473809509368598836e-01
2.210416666666666430e+01,-2.463418785422301915e-01
2.212500000000000000e+01,-2.446824348676572836e-01
2.214583333333333215e+01,-2.453888897867596841e-01
2.216666666666666430e+01,-2.472086732914103024e-01
2.218750000000000000e+01,-2.474935549499399090e-01
2.220833333333333215e+01,-2.473054520563860437e-01
2.222916666666666430e+01,-2.482291927695476075e-01
2.225000000000000000e+01,-2.485740419680989299e-01
2.227083333333333215e+01,-2.465638201364614146e-01
2.229166666666666430e+01,-2.442078310872249636e-01
2.231250000000000000e+01,-2.442055246465181240e-01
2.233333333333333215e+01,-2.454440550994161918e-01
2.235416666666666430e+01,-2.459995087937889846e-01
2.237500000000000000e+01,-2.462776030696145757e-01
2.239583333333333215e+01,-2.482150612517914634e-01
2.241666666666666430e+01,-2.504505191528836328e-01
2.243750000000000000e+01,-2.503737602912877724e-01
2.245833333333333215e+01,-2.495077834785054682e-01
2.247916666666666430e+01,-2.505498230204144527e-01
2.250000000000000000e+01,-2.520799374604005272e-01
2.252083333333333215e+01,-2.512365271448560589e-01
2.254166666666666430e+01,-2.494372268258950032e-01
2.256250000000000000e+01,-2.493766747182429022e-01
2.258333333333333215e+01,-2.495172201947871704e-01
2.260416666666666430e+01,-2.469255940274134031e-01
2.262500000000000000e+01,-2.429281734994732656e-01
2.264583333333333215e+01,-2.402661752340565782e-01
2.266666666666666430e+01,-2.380161244407912047e-01
2.268750000000000000e+01,-2.343120506829768912e-01
2.270833333333333215e+01,-2.308653998795818785e-01
2.272916666666666430e+01,-2.304148697284968406e-01
2.275000000000000000e+01,-2.315036180883735251e-01
2.277083333333333215e+01,-2.316313905242348981e-01
2.279166666666666430e+01,-2.321892555623677468e-01
2.281250000000000000e+01,-2.347122438808503797e-01
2.283333333333333215e+01,-2.372277716999738328e-01
2.285416666666666430e+01,-2.373428988989326194e-01
2.287500000000000000e+01,-2.366160806391407745e-01
2.289583333333333215e+01,-2.370051583123705397e-01
2.291666666666666430e+01,-2.370844924038644219e-01
2.293750000000000000e+01,-2.355236690585284509e-01
2.295833333333333215e+01,-2.341914584689446521e-01
2.297916666666666430e+01,-2.350338202095414997e-01
2.300000000000000000e+01,-2.364306336491551197e-01
2.302083333333333215e+01,-2.364894955268905530e-01
2.304166666666666430e+01,-2.370790860863244975e-01
2.306250000000000000e+01,-2.403131741805819566e-01
2.308333333333333215e+01,-2.445876593786109332e-01
2.310416666666666430e+01,-2.478437782925507760e-01
2.312500000000000000e+01,-2.506490411209379432e-01
2.314583333333333215e+01,-2.544862217086817369e-01
2.316666666666666430e+01,-2.576850309491682256e-01
2.318750000000000000e+01,-2.582845659113711667e-01
2.320833333333333215e+01,-2.579502714375056516e-01
2.322916666666666430e+01,-2.586852274653636541e-01
2.325000000000000000e+01,-2.589889407862743242e-01
2.327083333333333215e+01,-2.569546407948503641e-01
2.329166666666666430e+01,-2.541972684889768908e-01
2.331250000000000000e+01,-2.525811548003815132e-01
2.333333333333333215e+01,-2.504318047151314341e-01
2.335416666666666430e+01,-2.471442088486889288e-01
2.337500000000000000e+01,-2.448504806447588111e-01
2.339583333333333215e+01,-2.442724325743428626e-01
2.341666666666666430e+01,-2.432883146866473834e-01
2.343750000000000000e+01,-2.412202914560059586e-01
2.345833333333333215e+01,-2.401053867878409354e-01
2.347916666666666430e+01,-2.405102090693772843e-01
2.350000000000000000e+01,-2.403746803832928769e-01
2.352083333333333215e+01,-2.390952045797875847e-01
2.354166666666666430e+01,-2.388673364433750168e-01
2.356250000000000000e+01,-2.398774864789066652e-01
2.358333333333333215e+01,-2.400506251085897935e-01
2.360416666666666430e+01,-2.401990693393339371e-01
2.362500000000000000e+01,-2.423272166471706346e-01
2.364583333333333215e+01,-2.448430221018368380e-01
2.366666666666666430e+01,-2.450630888882410763e-01
2.368750000000000000e+01,-2.445542712201328739e-01
2.370833333333333215e+01,-2.458321407483499976e-01
2.372916666666666430e+01,-2.474434996890713390e-01
2.375000000000000000e+01,-2.471452418538785945e-01
2.377083333333333215e+01,-2.466020067059655485e-01
2.379166666666666430e+01,-2.479480204321573011e-01
2.381250000000000000e+01,-2.498628366953171143e-01
2.383333333333333215e+01,-2.505448528604147795e-01
2.385416666666666430e+01,-2.514639820335108356e-01
2.387500000000000000e+01,-2.536906030494444630e-01
2.389583333333333215e+01,-2.551318035755613667e-01
2.391666666666666430e+01,-2.538128838385023123e-01
2.393750000000000000e+01,-2.513710655979083941e-01
2.395833333333333215e+01,-2.497882725091374601e-01
2.397916666666666430e+01,-2.478190120758009818e-01
2.400000000000000000e+01,-2.446851708607325759e-01
2.402083333333333215e+01,-2.421549024842627185e-01
2.404166666666666430e+01,-2.417060693273243854e-01
2.406250000000000000e+01,-2.420086113132908778e-01
2.408333333333333215e+01,-2.411561802306496360e-01
2.410416666666666430e+01,-2.400048191267163677e-01
2.412500000000000000e+01,-2.402111431541481823e-01
2.414583333333333215e+01,-2.407971122142322229e-01
2.416666666666666430e+01,-2.399260047686300468e-01
2.418750000000000000e+01,-2.383916022685639569e-01
2.420833333333333215e+01,-2.378333357060536946e-01
2.422916666666666430e+01,-2.372643119128922118e-01
2.425000000000000000e+01,-2.358349654591491706e-01
2.427083333333333215e+01,-2.347727484243347096e-01
2.429166666666666430e+01,-2.354254258574730307e-01
2.431250000000000000e+01,-2.366993433432912075e-01
2.433333333333333215e+01,-2.369085646153557267e-01
2.435416666666666430e+01,-2.370093389872760248e-01
2.437500000000000000e+01,-2.389214768999949612e-01
2.439583333333333215e+01,-2.418694111219857612e-01
2.441666666666666430e+01,-2.441681662452523383e-01
2.443750000000000000e+01,-2.464759736821753311e-01
2.445833333333333215e+01,-2.491037484534155133e-01
2.447916666666666430e+01,-2.507851691169988850e-01
2.450000000000000000e+01,-2.513050217440213063e-01
2.452083333333333215e+01,-2.520075810937026928e-01
2.454166666666666430e+01,-2.525657923718163111e-01
2.456250000000000000e+01,-2.516382898371273824e-01
2.458333333333333215e+01,-2.509003833019677887e-01
2.460416666666666430e+01,-2.523117218179865007e-01
2.462500000000000000e+01,-2.540231862581205924e-01
2.464583333333333215e+01,-2.539981958400935880e-01
2.466666666666666430e+01,-2.538417973466031152e-01
2.468750000000000000e+01,-2.554866052403135801e-01
2.470833333333333215e+01,-2.573151734685056868e-01
2.472916666666666430e+01,-2.573328601649088609e-01
2.475000000000000000e+01,-2.571490111655687083e-01
2.477083333333333215e+01,-2.586240736078893598e-01
2.479166666666666430e+01,-2.599609907324457736e-01
2.481250000000000000e+01,-2.589694043557755898e-01
2.483333333333333215e+01,-2.570665531917610824e-01
2.485416666666666430e+01,-2.560928524057043965e-01
2.487500000000000000e+01,-2.544986617033740961e-01
2.489583333333333215e+01,-2.509435652380716530e-01
2.491666666666666430e+01,-2.475535755892199485e-01
2.493750000000000000e+01,-2.463577806235465739e-01
2.495833333333333215e+01,-2.457603258309436767e-01
2.497916666666666430e+01,-2.438696470964249186e-01
2.500000000000000000e+01,-2.425696290178142311e-01
2.502083333333333215e+01,-2.439828247084755153e-01
2.504166666666666430e+01,-2.464837834471822198e-01
2.506250000000000000e+01,-2.480639120789248919e-01
2.508333333333333215e+01,-2.496776515074085045e-01
2.510416666666666430e+01,-2.528102933632409566e-01
2.512500000000000000e+01,-2.556567739680026818e-01
2.514583333333333215e+01,-2.562379566410923903e-01
2.516666666666666430e+01,-2.561840711878874410e-01
2.518750000000000000e+01,-2.574278543160820054e-01
2.520833333333333215e+01,-2.581097994311544741e-01
2.522916666666666430e+01,-2.561444213067809450e-01
2.525000000000000000e+01,-2.531232082084085011e-01
2.527083333333333215e+01,-2.509424026342464975e-01
2.529166666666666430e+01,-2.482187468050526535e-01
2.531250000000000000e+01,-2.445324682455764786e-01
2.533333333333333215e+01,-2.420150770589539202e-01
2.535416666666666430e+01,-2.411820173700111036e-01
2.537500000000000000e+01,-2.399227563289035026e-01
2.539583333333333215e+01,-2.380954227722607286e-01
2.541666666666666430e+01,-2.376993729786459619e-01
2.543750000000000000e+01,-2.373658463822492792e-01
2.545833333333333215e+01,-2.356730938693525346e-01
2.547916666666666430e+01,-2.344904473044424065e-01
2.550000000000000000e+01,-2.349236024718833471e-01
2.552083333333333215e+01,-2.351142814663790270e-01
2.554166666666666430e+01,-2.346859254848721044e-01
2.556250000000000000e+01,-2.358562306618389171e-01
2.558333333333333215e+01,-2.380761614169394913e-01
2.560416666666666430e+01,-2.389152579637928153e-01
2.562500000000000000e+01,-2.391068031370069125e-01
2.564583333333333215e+01,-2.412221681846449250e-01
2.566666666666666430e+01,-2.447617070792126037e-01
2.568750000000000000e+01,-2.472165501718412428e-01
2.570833333333333215e+01,-2.484225927392752775e-01
2.572916666666666430e+01,-2.505534450500901400e-01
2.575000000000000000e+01,-2.528712493434683295e-01
2.577083333333333215e+01,-2.527472368099970002e-01
2.579166666666666430e+01,-2.507189279559329798e-01
2.581250000000000000e+01,-2.492189132443992927e-01
2.583333333333333215e+01,-2.479112801005064204e-01
2.585416666666666430e+01,-2.456281566222805468e-01
2.587500000000000000e+01,-2.434300982551089454e-01
2.589583333333333215e+01,-2.427043389130921214e-01
2.591666666666666430e+01,-2.421003780926210824e-01
2.593750000000000000e+01,-2.396811182549653529e-01
2.595833333333333215e+01,-2.367080757601279506e-01
2.597916666666666430e+01,-2.358256697501130428e-01
2.600000000000000000e+01,-2.363020712753350627e-01
2.602083333333333215e+01,-2.355903815180468153e-01
2.604166666666666430e+01,-2.344522073679428664e-01
2.606250000000000000e+01,-2.356105125352548346e-01
2.608333333333333215e+01,-2.385185948530293976e-01
2.610416666666666430e+01,-2.406055370217166645e-01
2.612500000000000000e+01,-2.415330936671131468e-01
2.614583333333333215e+01,-2.434911850357300844e-01
2.616666666666666430e+01,-2.458937159175960396e-01
2.618750000000000000e+01,-2.462671906974827352e-01
2.620833333333333215e+01,-2.452453138600710070e-01
2.622916666666666430e+01,-2.453740779435361063e-01
2.625000000000000000e+01,-2.459479155135608497e-01
2.627083333333333215e+01,-2.443599306209376099e-01
2.629166666666666430e+01,-2.411750441705464154e-01
2.631250000000000000e+01,-2.388198822239721575e-01
2.633333333333333215e+01,-2.367479787809981528e-01
2.635416666666666430e+01,-2.338973753561944535e-01
2.637500000000000000e+01,-2.313224939377927503e-01
2.639583333333333215e+01,-2.298521486479237763e-01
2.641666666666666430e+01,-2.284556746519230130e-01
2.643750000000000000e+01,-2.275428465310129766e-01
2.645833333333333215e+01,-2.281795831769196925e-01
2.647916666666666430e+01,-2.292333305643799168e-01
2.650000000000000000e+01,-2.290283508451893824e-01
2.652083333333333215e+01,-2.285115380363340332e-01
2.654166666666666430e+01,-2.294748791775762797e-01
2.656250000000000000e+01,-2.310865158536245245e-01
2.658333333333333215e+01,-2.317083562084584492e-01
2.660416666666666430e+01,-2.323527291855929100e-01
2.662500000000000000e+01,-2.348334051943006540e-01
2.664583333333333215e+01,-2.383311659975364538e-01
2.666666666666666430e+01,-2.411680101528013431e-01
2.668750000000000000e+01,-2.438137676077735960e-01
2.670833333333333215e+01,-2.467366298944372593e-01
2.672916666666666430e+01,-2.486982638493067388e-01
2.675000000000000000e+01,-2.490984232253526942e-01
2.677083333333333215e+01,-2.492787158701909589e-01
2.679166666666666430e+01,-2.504512491026309462e-01
2.681250000000000000e+01,-2.514753936671800250e-01
2.683333333333333215e+01,-2.505416109765236099e-01
2.685416666666666430e+01,-2.484779576430061199e-01
2.687500000000000000e+01,-2.469163195563232327e-01
2.689583333333333215e+01,-2.449579101569438200e-01
2.691666666666666430e+01,-2.417470209576372542e-01
2.693750000000000000e+01,-2.385413485578219972e-01
2.695833333333333215e+01,-2.369921673690580100e-01
2.697916666666666430e+01,-2.361259925428319528e-01
2.700000000000000000e+01,-2.341979986133319036e-01
2.702083333333333215e+01,-2.320888978962487581e-01
2.704166666666666430e+01,-2.315825624401051386e-01
2.706250000000000000e+01,-2.318008735155753230e-01
2.708333333333333215e+01,-2.310808651710276884e-01
2.710416666666666430e+01,-2.303873571207427640e-01
2.712500000000000000e+01,-2.315444593380995009e-01
2.714583333333333215e+01,-2.337419871992311715e-01
2.716666666666666430e+01,-2.353160374826853418e-01
2.718750000000000000e+01,-2.369119711174965393e-01
2.720833333333333215e+01,-2.388589960987401728e-01
2.722916666666666430e+01,-2.399128254918626302e-01
2.725000000000000000e+01,-2.401072666933504463e-01
2.727083333333333215e+01,-2.407836209377308689e-01
2.729166666666666430e+01,-2.407538213085478329e-01
2.731250000000000000e+01,-2.391032264320519518e-01
2.733333333333333215e+01,-2.378465899682138673e-01
2.735416666666666430e+01,-2.388565961224490553e-01
2.737500000000000000e+01,-2.402543910896504376e-01
2.739583333333333215e+01,-2.399756341591589293e-01
2.741666666666666430e+01,-2.396040116846135104e-01
2.743750000000000000e+01,-2.409986794227916285e-01
2.745833333333333215e+01,-2.423104989442119439e-01
2.747916666666666430e+01,-2.414245997485490458e-01
2.750000000000000000e+01,-2.399790688764973645e-01
2.752083333333333215e+01,-2.398711945531346035e-01
2.754166666666666430e+01,-2.391950360075484616e-01
2.756250000000000000e+01,-2.354539369918744185e-01
2.758333333333333215e+01,-2.304832515026703776e-01
2.760416666666666430e+01,-2.272785867706093588e-01
2.762500000000000000e+01,-2.245073874267583536e-01
2.764583333333333215e+01,-2.194560390399084293e-01
2.766666666666666430e+01,-2.138177369996610011e-01
2.768750000000000000e+01,-2.104915991632050620e-01
2.770833333333333215e+01,-2.084256435645411853e-01
2.772916666666666430e+01,-2.049578297426507545e-01
2.775000000000000000e+01,-2.015816688671435986e-01
2.777083333333333215e+01,-2.001931355874139451e-01
2.779166666666666430e+01,-1.989482967014733761e-01
2.781250000000000000e+01,-1.952302163967852555e-01
2.783333333333333215e+01,-1.905653102234017848e-01
2.785416666666666430e+01,-1.876746581429305227e-01
2.787500000000000000e+01,-1.850572015374267465e-01
2.789583333333333215e+01,-1.806089595300594541e-01
2.791666666666666430e+01,-1.760099157577029727e-01
2.793750000000000000e+01,-1.739047736758616847e-01
2.795833333333333215e+01,-1.727081022040374836e-01
2.797916666666666430e+01,-1.698264376335270609e-01
2.800000000000000000e+01,-1.667294961723739255e-01
2.802083333333333215e+01,-1.658249799216168496e-01
2.804166666666666430e+01,-1.654575702549655747e-01
2.806250000000000000e+01,-1.632590381068811658e-01
2.808333333333333215e+01,-1.608598669357705069e-01
2.810416666666666430e+01,-1.611624292332641262e-01
2.812500000000000000e+01,-1.627559860342391862e-01
2.814583333333333215e+01,-1.628955728283363324e-01
2.816666666666666430e+01,-1.628012966584252708e-01
2.818750000000000000e+01,-1.652794742929550587e-01
2.820833333333333215e+01,-1.690204198526618629e-01
2.822916666666666430e+01,-1.713714869772737237e-01
2.825000000000000000e+01,-1.738451077607868211e-01
2.827083333333333215e+01,-1.785077503225132034e-01
2.829166666666666430e+01,-1.835995556586035027e-01
2.831250000000000000e+01,-1.864135355549190742e-01
2.833333333333333215e+01,-1.884759267308550590e-01
2.835416666666666430e+01,-1.923186306228698295e-01
2.837500000000000000e+01,-1.964360244523748189e-01
2.839583333333333215e+01,-1.983294810317580426e-01
2.841666666666666430e+01,-1.995886483264172340e-01
2.843750000000000000e+01,-2.026915025869657494e-01
2.845833333333333215e+01,-2.060496262108233168e-01
2.847916666666666430e+01,-2.071210986041349678e-01
2.850000000000000000e+01,-2.073678326955412099e-01
2.852083333333333215e+01,-2.093272166882379770e-01
2.854166666666666430e+01,-2.112938791027913210e-01
2.856250000000000000e+01,-2.104530655037931686e-01
2.858333333333333215e+01,-2.081907146477670334e-01
2.860416666666666430e+01,-2.072990398502734255e-01
2.862500000000000000e+01,-2.062817627963497713e-01
2.864583333333333215e+01,-2.027052902211534113e-01
2.866666666666666430e+01,-1.980912727189867439e-01
2.868750000000000000e+01,-1.946406443296903321e-01
2.870833333333333215e+01,-1.908993958585763484e-01
2.872916666666666430e+01,-1.862391583490708435e-01
2.875000000000000000e+01,-1.828849129459730882e-01
2.877083333333333215e+01,-1.816381045658209403e-01
2.879166666666666430e+01,-1.804362468537905606e-01
2.881250000000000000e+01,-1.778902439717752748e-01
2.883333333333333215e+01,-1.758282255398685434e-01
2.885416666666666430e+01,-1.761992507199436342e-01
2.887500000000000000e+01,-1.774124919129961564e-01
2.889583333333333215e+01,-1.776116347856040445e-01
2.891666666666666430e+01,-1.784673191853735352e-01
2.893750000000000000e+01,-1.808799241990000362e-01
2.895833333333333215e+01,-1.827031141383670121e-01
2.897916666666666430e+01,-1.820949625334509492e-01
2.900000000000000000e+01,-1.807889168251723966e-01
2.902083333333333215e+01,-1.808212641295220691e-01
2.904166666666666430e+01,-1.807949734847593692e-01
2.906250000000000000e+01,-1.788464031831188406e-01
2.908333333333333215e+01,-1.763716712745058424e-01
2.910416666666666430e+01,-1.752158373411460135e-01
2.912500000000000000e+01,-1.741012933356528014e-01
2.914583333333333215e+01,-1.720127572107183478e-01
2.916666666666666430e+01,-1.705626689376243954e-01
2.918750000000000000e+01,-1.715536574848893214e-01
2.920833333333333215e+01,-1.740242450429009269e-01
2.922916666666666430e+01,-1.759364704785975064e-01
2.925000000000000000e+01,-1.779797534635060297e-01
2.927083333333333215e+01,-1.811538216445172933e-01
2.929166666666666430e+01,-1.841836384882657995e-01
2.931250000000000000e+01,-1.852502444531043957e-01
2.933333333333333215e+01,-1.851486916194087784e-01
2.935416666666666430e+01,-1.855894355659542805e-01
2.937500000000000000e+01,-1.859934774678679292e-01
2.939583333333333215e+01,-1.856115843955667144e-01
2.941666666666666430e+01,-1.855849979700055774e-01
2.943750000000000000e+01,-1.869767867260366256e-01
2.945833333333333215e+01,-1.885830871495736694e-01
2.947916666666666430e+01,-1.887197896607271663e-01
2.950000000000000000e+01,-1.883324836736834929e-01
2.952083333333333215e+01,-1.892212238311277162e-01
2.954166666666666430e+01,-1.905531986179237747e-01
2.956250000000000000e+01,-1.906862561444394311e-01
2.958333333333333215e+01,-1.907245944954602535e-01
2.960416666666666430e+01,-1.927237307626279705e-01
2.962500000000000000e+01,-1.959214592862822679e-01
2.964583333333333215e+01,-1.984233185644650177e-01
2.966666666666666430e+01,-2.012190084453059913e-01
2.968750000000000000e+01,-2.032607481409041683e-01
2.970833333333333215e+01,-2.037520162551262060e-01
2.972916666666666430e+01,-2.042202654430075870e-01
2.975000000000000000e+01,-2.063710332721665763e-01
2.977083333333333215e+01,-2.090700174905119335e-01
2.979166666666666430e+01,-2.101974799658172521e-01
2.981250000000000000e+01,-2.106471423674881882e-01
2.983333333333333215e+01,-2.123862316229139791e-01
2.985416666666666430e+01,-2.146174221054047149e-01
2.987500000000000000e+01,-2.156309749879097015e-01
2.989583333333333215e+01,-2.162951612959563841e-01
2.991666666666666430e+01,-2.175960031573582476e-01
2.993750000000000000e+01,-2.182961146839216271e-01
2.995833333333333215e+01,-2.195400898499584585e-01
2.997916666666666430e+01,-2.227956716033771822e-01
3.000000000000000000e+01,-2.274734478109228519e-01
3.002083333333333215e+01,-2.318932041717426118e-01
3.004166666666666430e+01,-2.356454734449139332e-01
3.006250000000000000e+01,-2.401884729503806770e-01
3.008333333333333215e+01,-2.447587772896463176e-01
3.010416666666666430e+01,-2.474499972637796419e-01
3.012500000000000000e+01,-2.491333757978760888e-01
3.014583333333333215e+01,-2.519667567015699827e-01
3.016666666666666430e+01,-2.551977838552972888e-01
3.018750000000000000e+01,-2.566226206004096344e-01
3.020833333333333215e+01,-2.570445017032214063e-01
3.022916666666666430e+01,-2.591113658302566791e-01
3.025000000000000000e+01,-2.621467779198973780e-01
3.027083333333333215e+01,-2.635938332678406382e-01
3.029166666666666430e+01,-2.640140665761636085e-01
3.031250000000000000e+01,-2.658917983466197454e-01
3.033333333333333215e+01,-2.682973002996536516e-01
3.035416666666666430e+01,-2.684682248766600554e-01
3.037500000000000000e+01,-2.670000116702375137e-01
3.039583333333333215e+01,-2.663300017794384966e-01
3.041666666666666430e+01,-2.657277462274469926e-01
3.043750000000000000e+01,-2.625500965076127402e-01
3.045833333333333215e+01,-2.576371438617556242e-01
3.047916666666666430e+01,-2.536784545522661194e-01
3.050000000000000000e+01,-2.507554408146345226e-01
3.052083333333333215e+01,-2.467142568756870991e-01
3.054166666666666430e+01,-2.423212043261914472e-01
3.056250000000000000e+01,-2.401334060105229928e-01
3.058333333333333215e+01,-2.396013684808659949e-01
3.060416666666666430e+01,-2.382512156759000743e-01
3.062500000000000000e+01,-2.368327408979030158e-01
3.064583333333333215e+01,-2.380532518038353529e-01
3.066666666666666430e+01,-2.413726096835011048e-01
3.068750000000000000e+01,-2.441792708419657232e-01
3.070833333333333215e+01,-2.458756341372322907e-01
3.072916666666666430e+01,-2.485359049443220392e-01
3.075000000000000000e+01,-2.515683103542734611e-01
3.077083333333333215e+01,-2.524689238468345032e-01
3.079166666666666430e+01,-2.518131410303258155e-01
3.081250000000000000e+01,-2.519289952416314260e-01
3.083333333333333215e+01,-2.521101263299865836e-01
3.085416666666666430e+01,-2.508840479551885938e-01
3.087500000000000000e+01,-2.492880483317707063e-01
3.089583333333333215e+01,-2.496407987489382974e-01
3.091666666666666430e+01,-2.511733220002186351e-01
3.093750000000000000e+01,-2.511700241201086925e-01
3.095833333333333215e+01,-2.501736608367693404e-01
3.097916666666666430e+01,-2.506049292621871927e-01
3.100000000000000000e+01,-2.517720041050007795e-01
3.102083333333333215e+01,-2.510256737006102412e-01
3.104166666666666430e+01,-2.492481202077643787e-01
3.106250000000000000e+01,-2.490592773168440743e-01
3.108333333333333215e+01,-2.498175022968713854e-01
3.110416666666666430e+01,-2.489773699429173037e-01
3.112500000000000000e+01,-2.472456819479689760e-01
3.114583333333333215e+01,-2.472290968529968214e-01
3.116666666666666430e+01,-2.483840477387577739e-01
3.118750000000000000e+01,-2.482840855422277226e-01
3.120833333333333215e+01,-2.476715623466579641e-01
3.122916666666666430e+01,-2.492594878647976520e-01
3.125000000000000000e+01,-2.525172557203133605e-01
3.127083333333333215e+01,-2.549174224044153392e-01
3.129166666666666430e+01,-2.564777362055932763e-01
3.131250000000000000e+01,-2.591436118732244887e-01
3.133333333333333215e+01,-2.621138913519396318e-01
3.135416666666666430e+01,-2.628684592271937071e-01
3.137500000000000000e+01,-2.619741112833879892e-01
3.139583333333333215e+01,-2.617720501334160899e-01
3.141666666666666430e+01,-2.615247122453282502e-01
3.143750000000000000e+01,-2.594976706916028442e-01
3.145833333333333215e+01,-2.566308540364500845e-01
3.147916666666666430e+01,-2.553224570556221207e-01
3.150000000000000000e+01,-2.548333269224459241e-01
3.152083333333333215e+01,-2.524678304599373146e-01
3.154166666666666430e+01,-2.487576399012218498e-01
3.156250000000000000e+01,-2.461563421413227870e-01
3.158333333333333215e+01,-2.440406339499307242e-01
3.160416666666666430e+01,-2.403267250444199865e-01
3.162500000000000000e+01,-2.360577358800214354e-01
3.164583333333333215e+01,-2.338334453268240132e-01
3.166666666666666430e+01,-2.330925662758450145e-01
3.168750000000000000e+01,-2.313320569015362982e-01
3.170833333333333215e+01,-2.278455427652296972e-01
3.172916666666666430e+01,-2.213899883226800869e-01
3.175000000000000000e+01,-2.118104336150683498e-01
3.177083333333333215e+01,-2.019639785139634713e-01
3.179166666666666430e+01,-1.927559174373258688e-01
3.181250000000000000e+01,-1.821585953685548043e-01
3.183333333333333215e+01,-1.701613070462820176e-01
3.185416666666666430e+01,-1.591170976963182382e-01
3.187500000000000000e+01,-1.484043049287093741e-01
3.189583333333333215e+01,-1.362603580440654993e-01
3.191666666666666430e+01,-1.244364011972169115e-01
3.193750000000000000e+01,-1.155349552580425820e-01
3.195833333333333215e+01,-1.079915395638718495e-01
3.197916666666666430e+01,-9.885123352680620645e-02
3.200000000000000000e+01,-8.954211603948430964e-02
3.202083333333332860e+01,-8.286667258133384451e-02
3.204166666666666430e+01,-7.740238046861104559e-02
3.206250000000000000e+01,-7.067917347755828250e-02
3.208333333333332860e+01,-6.419747662799689392e-02
3.210416666666666430e+01,-6.036928701394973090e-02
3.212500000000000000e+01,-5.768632763505859157e-02
3.214583333333332860e+01,-5.421327215824735951e-02
3.216666666666666430e+01,-5.174214957679827004e-02
3.218750000000000000e+01,-5.227283136480407461e-02
3.220833333333332860e+01,-5.418569270076327438e-02
3.222916666666666430e+01,-5.559614080863402308e-02
3.225000000000000000e+01,-5.832304671939088359e-02
3.227083333333332860e+01,-6.400044251207559487e-02
3.229166666666666430e+01,-7.079280674614785163e-02
3.231250000000000000e+01,-7.661027946398242527e-02
3.233333333333332860e+01,-8.274152154657053726e-02
3.235416666666666430e+01,-8.966460043640359090e-02
3.237500000000000000e+01,-9.524809597239693171e-02
3.239583333333332860e+01,-9.852403384666695574e-02
3.241666666666666430e+01,-1.015303713696300569e-01
3.243750000000000000e+01,-1.061375246792991694e-01
3.245833333333332860e+01,-1.107642286589474029e-01
3.247916666666666430e+01,-1.134927437649447118e-01
3.250000000000000000e+01,-1.158154389814409907e-01
3.252083333333332860e+01,-1.195368836467093770e-01
3.254166666666666430e+01,-1.228594165471554173e-01
3.256250000000000000e+01,-1.236706712398130265e-01
3.258333333333332860e+01,-1.236668659139521093e-01
3.260416666666666430e+01,-1.247672522850880872e-01
3.262500000000000000e+01,-1.252627858238287706e-01
3.264583333333332860e+01,-1.231423390319790478e-01
3.266666666666666430e+01,-1.202501009869794413e-01
3.268750000000000000e+01,-1.186243452008100135e-01
3.270833333333332860e+01,-1.166842843563755672e-01
3.272916666666666430e+01,-1.126080348755317956e-01
3.275000000000000000e+01,-1.079554608713544084e-01
3.277083333333332860e+01,-1.046769471151880737e-01
3.279166666666666430e+01,-1.014478587452936897e-01
3.281250000000000000e+01,-9.669937143206150387e-02
3.283333333333332860e+01,-9.196176512623628618e-02
3.285416666666666430e+01,-8.926859006416126840e-02
3.287500000000000000e+01,-8.732854741185590297e-02
3.289583333333332860e+01,-8.436439648425887727e-02
3.291666666666666430e+01,-8.161684217618790649e-02
3.293750000000000000e+01,-8.099755376272776974e-02
3.295833333333332860e+01,-8.169972359386147576e-02
3.297916666666666430e+01,-8.205583412959667478e-02
3.300000000000000000e+01,-8.292977187736140510e-02
3.302083333333332860e+01,-8.507692642830409768e-02
3.304166666666666430e+01,-8.718308263637158939e-02
3.306250000000000000e+01,-8.750104295135083254e-02
3.308333333333332860e+01,-8.697380556871331381e-02
3.310416666666666430e+01,-8.753816166643399455e-02
3.312500000000000000e+01,-8.836122022276644838e-02
3.314583333333332860e+01,-8.760586679086694584e-02
3.316666666666666430e+01,-8.608692755046433442e-02
3.318750000000000000e+01,-8.549570514765025830e-02
3.320833333333332860e+01,-8.521959077107141289e-02
3.322916666666666430e+01,-8.428181496532802242e-02
3.325000000000000000e+01,-8.378068061292705260e-02
3.327083333333332860e+01,-8.513315074972246932e-02
3.329166666666666430e+01,-8.722351691601809565e-02
3.331250000000000000e+01,-8.831794893258636259e-02
3.333333333333332860e+01,-8.928987234651124261e-02
3.335416666666666430e+01,-9.191416035071491020e-02
3.337500000000000000e+01,-9.533104669991415703e-02
3.339583333333332860e+01,-9.784621488631656261e-02
3.341666666666666430e+01,-1.003051369309394536e-01
3.343750000000000000e+01,-1.032649321601952497e-01
3.345833333333332860e+01,-1.055298350869332685e-01
3.347916666666666430e+01,-1.070034234270087897e-01
3.350000000000000000e+01,-1.089622239657002112e-01
3.352083333333332860e+01,-1.099251023096683849e-01
3.354166666666666430e+01,-1.090339780738468212e-01
3.356250000000000000e+01,-1.084565378475799147e-01
3.358333333333332860e+01,-1.096321058345493954e-01
3.360416666666666430e+01,-1.105764496666521157e-01
3.362500000000000000e+01,-1.093315794724190326e-01
3.364583333333332860e+01,-1.075575555733367661e-01
3.366666666666666430e+01,-1.072641308479033856e-01
3.368750000000000000e+01,-1.070429395631340569e-01
3.370833333333332860e+01,-1.049916988480326246e-01
3.372916666666666430e+01,-1.024772183715797480e-01
3.375000000000000000e+01,-1.013531504166148983e-01
3.377083333333332860e+01,-1.003009893923557244e-01
3.379166666666666430e+01,-9.734738826507111087e-02
3.381250000000000000e+01,-9.344306626197264320e-02
3.383333333333332860e+01,-9.061784784852799923e-02
3.385416666666666430e+01,-8.819235044722882610e-02
3.387500000000000000e+01,-8.549897646011424268e-02
3.389583333333332860e+01,-8.372373814675140857e-02
3.391666666666666430e+01,-8.325405290066689723e-02
3.393750000000000000e+01,-8.271508963781636081e-02
3.395833333333332860e+01,-8.187004137073225496e-02
3.397916666666666430e+01,-8.198767821906514930e-02
3.400000000000000000e+01,-8.282236199533735133e-02
3.402083333333332860e+01,-8.295445698648303001e-02
3.404166666666666430e+01,-8.396684173938787077e-02
3.406250000000000000e+01,-8.695501937535876635e-02
3.408333333333332860e+01,-8.987707887953980124e-02
3.410416666666666430e+01,-9.074138103731281546e-02
3.412500000000000000e+01,-9.136293638613619816e-02
3.414583333333332860e+01,-9.380858273674586023e-02
3.416666666666666430e+01,-9.643671882728264977e-02
3.418750000000000000e+01,-9.719387643504238949e-02
3.420833333333332860e+01,-9.768529299828300483e-02
3.422916666666666430e+01,-9.993697903869272481e-02
3.425000000000000000e+01,-1.023667303206334256e-01
3.427083333333332860e+01,-1.031110640122121086e-01
3.429166666666666430e+01,-1.039812077028121617e-01
3.431250000000000000e+01,-1.070622816366733343e-01
3.433333333333332860e+01,-1.109147621605935663e-01
3.435416666666666430e+01,-1.135578457433676774e-01
3.437500000000000000e+01,-1.158039443025605936e-01
3.439583333333332860e+01,-1.192549699011720560e-01
3.441666666666666430e+01,-1.220632280970637418e-01
3.443750000000000000e+01,-1.221773331977701743e-01
3.445833333333332860e+01,-1.212784164380354968e-01
3.447916666666666430e+01,-1.220510620788076567e-01
3.450000000000000000e+01,-1.240495157954359384e-01
3.452083333333332860e+01,-1.250469849116213616e-01
3.454166666666666430e+01,-1.265041150345209697e-01
3.456250000000000000e+01,-1.310571750159761628e-01
3.458333333333332860e+01,-1.372380208976682336e-01
3.460416666666666430e+01,-1.422429041845219011e-01
3.462500000000000000e+01,-1.468978844820842955e-01
3.464583333333332860e+01,-1.529051136939360844e-01
3.466666666666666430e+01,-1.585193783870208761e-01
3.468750000000000000e+01,-1.610988466605422220e-01
3.470833333333332860e+01,-1.622395089544292068e-01
3.472916666666666430e+01,-1.648277909296887167e-01
3.475000000000000000e+01,-1.674841297021572584e-01
3.477083333333332860e+01,-1.674051551298256224e-01
3.479166666666666430e+01,-1.660742135800696295e-01
3.481250000000000000e+01,-1.660957395435373740e-01
3.483333333333332860e+01,-1.659541335574556131e-01
3.485416666666666430e+01,-1.631131797349981705e-01
3.487500000000000000e+01,-1.590925468459779002e-01
3.489583333333332860e+01,-1.565970878622947593e-01
3.491666666666666430e+01,-1.542664467955886520e-01
3.493750000000000000e+01,-1.504901230831602321e-01
3.495833333333332860e+01,-1.471437959171173204e-01
3.497916666666666430e+01,-1.466663633960636759e-01
3.500000000000000000e+01,-1.473832094125229752e-01
3.502083333333332860e+01,-1.467293741069029822e-01
3.504166666666666430e+01,-1.461854530941756880e-01
3.506250000000000000e+01,-1.484366102297295098e-01
3.508333333333332860e+01,-1.519552511063206324e-01
3.510416666666666430e+01,-1.540054653559315978e-01
3.512500000000000000e+01,-1.559610832522272672e-01
3.514583333333332860e+01,-1.594478098171846492e-01
3.516666666666666430e+01,-1.625906323395952535e-01
3.518750000000000000e+01,-1.630919286238411703e-01
3.520833333333332860e+01,-1.627418752654962442e-01
3.522916666666666430e+01,-1.645012813643128846e-01
3.525000000000000000e+01,-1.670605337784166478e-01
3.527083333333332860e+01,-1.677348699895032658e-01
3.529166666666666430e+01,-1.681081044526159252e-01
3.531250000000000000e+01,-1.708539775201545485e-01
3.533333333333332860e+01,-1.744930030806767784e-01
3.535416666666666430e+01,-1.762053613748943981e-01
3.537500000000000000e+01,-1.773420879718908827e-01
3.539583333333332860e+01,-1.794880704591885201e-01
3.541666666666666430e+01,-1.807939861241114887e-01
3.543750000000000000e+01,-1.796443785414982008e-01
3.545833333333332860e+01,-1.779480023343460171e-01
3.547916666666666430e+01,-1.781339827435197698e-01
3.550000000000000000e+01,-1.784286863366230380e-01
3.552083333333332860e+01,-1.758966709924324745e-01
3.554166666666666430e+01,-1.718890566528347708e-01
3.556250000000000000e+01,-1.691440193407526549e-01
3.558333333333332860e+01,-1.663823084438372235e-01
3.560416666666666430e+01,-1.612914359223808491e-01
3.562500000000000000e+01,-1.543120436485425351e-01
3.564583333333332860e+01,-1.472857861261940016e-01
3.566666666666666430e+01,-1.394521032228862867e-01
3.568750000000000000e+01,-1.294264762148336079e-01
3.570833333333332860e+01,-1.183567472448232155e-01
3.572916666666666430e+01,-1.090354782338441297e-01
3.575000000000000000e+01,-1.007785906932556069e-01
3.577083333333332860e+01,-9.125974300873225531e-02
3.579166666666666430e+01,-8.138542901295300891e-02
3.581250000000000000e+01,-7.397213972642445456e-02
3.583333333333332860e+01,-6.825568825666954165e-02
3.585416666666666430e+01,-6.159746308933269909e-02
3.587500000000000000e+01,-5.465808273077731733e-02
3.589583333333332860e+01,-4.994330856499507032e-02
3.591666666666666430e+01,-4.673141636510390329e-02
3.593750000000000000e+01,-4.238134454257200256e-02
3.595833333333332860e+01,-3.751359358068579591e-02
3.597916666666666430e+01,-3.447735999253808553e-02
3.600000000000000000e+01,-3.238174264010564019e-02
3.602083333333332860e+01,-2.884727050209429447e-02
3.604166666666666430e+01,-2.458694843063596175e-02
3.606250000000000000e+01,-2.202012636525222875e-02
3.608333333333332860e+01,-2.043275344634076437e-02
3.610416666666666430e+01,-1.763718851912495986e-02
3.612500000000000000e+01,-1.470029514194194468e-02
3.614583333333332860e+01,-1.418298413758035947e-02
3.616666666666666430e+01,-1.516659866356889069e-02
3.618750000000000000e+01,-1.497704022815929924e-02
3.620833333333332860e+01,-1.437185722775903736e-02
3.622916666666666430e+01,-1.595495106304487681e-02
3.625000000000000000e+01,-1.911827570540043653e-02
3.627083333333332860e+01,-2.141165057423386614e-02
3.629166666666666430e+01,-2.369343723927673506e-02
3.631250000000000000e+01,-2.833907795151833706e-02
3.633333333333332860e+01,-3.464207806940013817e-02
3.635416666666666430e+01,-4.014526983588776604e-02
3.637500000000000000e+01,-4.528952925452438966e-02
3.639583333333332860e+01,-5.106192091197018362e-02
3.641666666666666430e+01,-5.616862759842367742e-02
3.643750000000000000e+01,-5.981705536814047042e-02
3.645833333333332860e+01,-6.323547526209960523e-02
3.647916666666666430e+01,-6.577265133366963501e-02
3.650000000000000000e+01,-6.691082955097217566e-02
3.652083333333332860e+01,-6.799329439929670260e-02
3.654166666666666430e+01,-6.991377960184867735e-02
3.656250000000000000e+01,-7.133457847825226683e-02
3.658333333333332860e+01,-7.029312268021692400e-02
3.660416666666666430e+01,-6.757446199708296020e-02
3.662500000000000000e+01,-6.505872097720502567e-02
3.664583333333332860e+01,-6.249636167517409052e-02
3.666666666666666430e+01,-5.915140671824550139e-02
3.668750000000000000e+01,-5.625544814511890257e-02
3.670833333333332860e+01,-5.553064144222533832e-02
3.672916666666666430e+01,-5.604941517446607874e-02
3.675000000000000000e+01,-5.612086206617196427e-02
3.677083333333332860e+01,-5.653705183423656661e-02
3.679166666666666430e+01,-5.780693835305249217e-02
3.681250000000000000e+01,-5.852747761481023187e-02
3.683333333333332860e+01,-5.693390927059150536e-02
3.685416666666666430e+01,-5.400495879458582643e-02
3.687500000000000000e+01,-5.156011109864886560e-02
3.689583333333332860e+01,-4.881176212800429626e-02
3.691666666666666430e+01,-4.407317258074523736e-02
3.693750000000000000e+01,-3.856228861677488823e-02
3.695833333333332860e+01,-3.414071963649876335e-02
3.697916666666666430e+01,-3.000171167924728724e-02
3.700000000000000000e+01,-2.437309632482882044e-02
3.702083333333332860e+01,-1.814180524808752665e-02
3.704166666666666430e+01,-1.303715087555632791e-02
3.706250000000000000e+01,-8.243256426620038796e-03
3.708333333333332860e+01,-3.279264988152819603e-03
3.710416666666666430e+01,5.441031024737541912e-04
3.712500000000000000e+01,2.316616669159874721e-03
3.714583333333332860e+01,3.389262274670957944e-03
3.716666666666666430e+01,5.614056790952094700e-03
3.718750000000000000e+01,8.186369367097837135e-03
3.720833333333332860e+01,9.442850041448652698e-03
3.722916666666666430e+01,1.020895995772613633e-02
3.725000000000000000e+01,1.085158419940549651e-02
3.727083333333332860e+01,1.013785431316869927e-02
3.729166666666666430e+01,8.309291811371490727e-03
3.731250000000000000e+01,6.803593324367408941e-03
3.733333333333332860e+01,4.283291518820992946e-03
3.735416666666666430e+01,1.815246738446701317e-04
3.737500000000000000e+01,-3.357148721390586059e-03
3.739583333333332860e+01,-5.271980504283027558e-03
3.741666666666666430e+01,-7.708852755281979732e-03
3.743750000000000000e+01,-1.243289446606995509e-02
3.745833333333332860e+01,-1.769755601224257124e-02
3.747916666666666430e+01,-2.161338787879650211e-02
3.750000000000000000e+01,-2.572330416463384714e-02
3.752083333333332860e+01,-3.047745430705930264e-02
3.754166666666666430e+01,-3.364473609114847219e-02
3.756250000000000000e+01,-3.413808721769732296e-02
3.758333333333332860e+01,-3.401327487849540449e-02
3.760416666666666430e+01,-3.528079165203405060e-02
3.762500000000000000e+01,-3.620887723842777794e-02
3.764583333333332860e+01,-3.477889547517463986e-02
3.766666666666666430e+01,-3.260171798519224950e-02
3.768750000000000000e+01,-3.162414214940208884e-02
3.770833333333332860e+01,-3.037699357940361680e-02
3.772916666666666430e+01,-2.687939511429782505e-02
3.775000000000000000e+01,-2.248300449924825126e-02
3.777083333333332860e+01,-1.901712393889122207e-02
3.779166666666666430e+01,-1.493510241845289604e-02
3.781250000000000000e+01,-9.767925380244143682e-03
3.783333333333332860e+01,-5.683216434496240685e-03
3.785416666666666430e+01,-3.290926699532644925e-03
3.787500000000000000e+01,-5.570077327044969983e-04
3.789583333333332860e+01,2.780442043095606667e-03
3.791666666666666430e+01,4.491718204467814654e-03
3.793750000000000000e+01,5.504848173578445573e-03
3.795833333333332860e+01,7.809703549808379684e-03
3.797916666666666430e+01,9.658215568298057427e-03
3.800000000000000000e+01,8.445494319489875099e-03
3.802083333333332860e+01,5.632564437782939734e-03
3.804166666666666430e+01,3.962230099549043233e-03
3.806250000000000000e+01,2.664852717590497980e-03
3.808333333333332860e+01,-3.474732116837580317e-04
3.810416666666666430e+01,-3.497795956309998795e-03
3.812500000000000000e+01,-3.980082905222810143e-03
3.814583333333332860e+01,-3.285228790351960373e-03
3.816666666666666430e+01,-4.128980229908648519e-03
3.818750000000000000e+01,-5.000140803950831395e-03
3.820833333333332860e+01,-3.030857364656477839e-03
3.822916666666666430e+01,4.027461439574844381e-04
3.825000000000000000e+01,2.565727230155603195e-03
3.827083333333332860e+01,4.394158852916250219e-03
3.829166666666666430e+01,7.335539269990328133e-03
3.831250000000000000e+01,8.880228444306905930e-03
3.833333333333332860e+01,1.065812701761315907e-02
3.835416666666666430e+01,1.252548368759436211e-02
3.837500000000000000e+01,1.322069658680043516e-02
3.839583333333332860e+01,1.308986300489780631e-02
3.841666666666666430e+01,1.424899651865891258e-02
3.843750000000000000e+01,1.531846787898450031e-02
3.845833333333332860e+01,1.366147626341672125e-02
3.847916666666666430e+01,1.079188909487550398e-02
3.850000000000000000e+01,9.678473390580222616e-03
3.852083333333332860e+01,9.253670057655078926e-03
3.854166666666666430e+01,6.950879373923300394e-03
3.856250000000000000e+01,4.416459953842538123e-03
3.858333333333332860e+01,4.548150542027518291e-03
3.860416666666666430e+01,6.008052938601881818e-03
3.862500000000000000e+01,6.022301353293763038e-03
3.864583333333332860e+01,6.036430940604901874e-03
3.866666666666666430e+01,7.846949871265541249e-03
3.868750000000000000e+01,9.533375644449389869e-03
3.870833333333332860e+01,8.170491247780973035e-03
3.872916666666666430e+01,5.145626055649970242e-03
3.875000000000000000e+01,3.202525901526793659e-03
3.877083333333332860e+01,1.334288366958515538e-03
3.879166666666666430e+01,-1.953382089489873012e-03
3.881250000000000000e+01,-4.857116509481021471e-03
3.883333333333332860e+01,-5.289811117270785262e-03
3.885416666666666430e+01,-5.118499709071413876e-03
3.887500000000000000e+01,-7.210486287592770237e-03
3.889583333333332860e+01,-1.018660558061353950e-02
3.891666666666666430e+01,-1.122788422364739622e-02
3.893750000000000000e+01,-1.173225137905531054e-02
3.895833333333332860e+01,-1.370701856886284535e-02
3.897916666666666430e+01,-1.534662175203392077e-02
3.900000000000000000e+01,-1.386190006244230992e-02
3.902083333333332860e+01,-1.067169698158662583e-02
3.904166666666666430e+01,-8.502955156804350295e-03
3.906250000000000000e+01,-6.345844978755291882e-03
3.908333333333332860e+01,-2.679196563828277911e-03
3.910416666666666430e+01,6.864816601883735490e-04
3.912500000000000000e+01,1.692834599960323008e-03
3.914583333333332860e+01,2.203623237547536369e-03
3.916666666666666430e+01,5.034820746558540429e-03
3.918750000000000000e+01,8.762632523367975060e-03
3.920833333333332860e+01,1.048553978919335682e-02
3.922916666666666430e+01,1.164306684074670369e-02
3.925000000000000000e+01,1.490176823958691034e-02
3.927083333333332860e+01,1.872324393343004559e-02
3.929166666666666430e+01,2.012650826707846827e-02
3.931250000000000000e+01,2.042750501000149821e-02
3.933333333333332860e+01,2.230882778279318773e-02
3.935416666666666430e+01,2.413445475707412524e-02
3.937500000000000000e+01,2.315003348403226954e-02
3.939583333333332860e+01,2.076741022830654732e-02
3.941666666666666430e+01,1.972713208285504713e-02
3.943750000000000000e+01,1.846279079975168824e-02
3.945833333333332860e+01,1.427452447745821904e-02
3.947916666666666430e+01,8.650405359637240027e-03
3.950000000000000000e+01,4.552174011910742335e-03
3.952083333333332860e+01,8.444099254548281808e-04
3.954166666666666430e+01,-4.196643112500072527e-03
3.956250000000000000e+01,-8.696793909880191562e-03
3.958333333333332860e+01,-1.001783096681221896e-02
3.960416666666666430e+01,-9.607156820616399862e-03
3.962500000000000000e+01,-1.016285892595571345e-02
3.964583333333332860e+01,-1.025350324763948419e-02
3.966666666666666430e+01,-8.568501115508386778e-03
3.968750000000000000e+01,-6.963528309824039766e-03
3.970833333333332860e+01,-6.567807892065405211e-03
3.972916666666666430e+01,-5.486941048837128306e-03
3.975000000000000000e+01,-3.909296413325417767e-03
3.977083333333332860e+01,-3.987395044377181966e-03
3.979166666666666430e+01,-5.042794309111218141e-03
3.981250000000000000e+01,-4.588101025689118179e-03
3.983333333333332860e+01,-3.369139720556192999e-03
3.985416666666666430e+01,-4.071050066386606818e-03
3.987500000000000000e+01,-6.155095137043354279e-03
3.989583333333332860e+01,-7.210606338844493743e-03
3.991666666666666430e+01,-7.820681906560177088e-03
3.993750000000000000e+01,-9.367540847314703364e-03
3.995833333333332860e+01,-1.079389187658789245e-02
3.997916666666666430e+01,-1.032996854292450237e-02
4.000000000000000000e+01,-8.926392712033104360e-03
4.002083333333332860e+01,-9.163567737621832604e-03
4.004166666666666430e+01,-1.034996918473561796e-02
4.006250000000000000e+01,-9.906537498188677793e-03
4.008333333333332860e+01,-8.415796364939812438e-03
4.010416666666666430e+01,-8.337820878733252089e-03
4.012500000000000000e+01,-8.708663506991587769e-03
4.014583333333332860e+01,-6.761501263447369445e-03
4.016666666666666430e+01,-3.173534927653387690e-03
4.018750000000000000e+01,-4.596437954598396299e-04
4.020833333333332860e+01,1.767933479397589512e-03
4.022916666666666430e+01,4.757435077901651238e-03
4.025000000000000000e+01,7.506734562075584143e-03
4.027083333333332860e+01,8.730204013015810741e-03
4.029166666666666430e+01,9.465689425092901205e-03
4.031250000000000000e+01,1.135865223382142783e-02
4.033333333333332860e+01,1.331659349872930422e-02
4.035416666666666430e+01,1.299374704486056138e-02
4.037500000000000000e+01,1.105142472103162743e-02
4.039583333333332860e+01,9.806563270097252635e-03
4.041666666666666430e+01,8.582659597103824145e-03
4.043750000000000000e+01,6.261680361700753053e-03
4.045833333333332860e+01,3.910893978125307667e-03
4.047916666666666430e+01,2.606771390733351838e-03
4.050000000000000000e+01,1.305277404394431656e-03
4.052083333333332860e+01,-5.198779582877832966e-04
4.054166666666666430e+01,-1.768182449904569416e-03
4.056250000000000000e+01,-3.244322028005406158e-03
4.058333333333332860e+01,-5.611118757951769932e-03
4.060416666666666430e+01,-7.555885330553386778e-03
4.062500000000000000e+01,-7.640629806624265122e-03
4.064583333333332860e+01,-6.865537350542184371e-03
4.066666666666666430e+01,-6.860105501461180762e-03
4.068750000000000000e+01,-6.613435070137486937e-03
4.070833333333332860e+01,-4.317989409011614016e-03
4.072916666666666430e+01,-7.908738746225572012e-04
4.075000000000000000e+01,2.226813172839257893e-03
4.077083333333332860e+01,4.782226525794269767e-03
4.079166666666666430e+01,8.077715555013537801e-03
4.081250000000000000e+01,1.117152606795748619e-02
4.083333333333332860e+01,1.233599119316722628e-02
4.085416666666666430e+01,1.247302339157715413e-02
4.087500000000000000e+01,1.324461469783766616e-02
4.089583333333332860e+01,1.371067460413696350e-02
4.091666666666666430e+01,1.207085477664794800e-02
4.093750000000000000e+01,9.139638411933907400e-03
4.095833333333332860e+01,6.661845836280794186e-03
4.097916666666666430e+01,4.506222301061764759e-03
4.100000000000000000e+01,1.532650211176487740e-03
4.102083333333332860e+01,-1.287408298144018890e-03
4.104166666666666430e+01,-2.311445185181068042e-03
4.106250000000000000e+01,-2.514462992890635455e-03
4.108333333333332860e+01,-3.637110697130272602e-03
4.110416666666666430e+01,-4.808859243468516578e-03
4.112500000000000000e+01,-4.257443126263690987e-03
4.114583333333332860e+01,-2.848369184444100952e-03
4.116666666666666430e+01,-2.249008520263881278e-03
4.118750000000000000e+01,-1.532589867788867240e-03
4.120833333333332860e+01,7.999463778361368908e-04
4.122916666666666430e+01,3.809163648117235620e-03
4.125000000000000000e+01,5.854625647195993432e-03
4.127083333333332860e+01,7.766541642869215396e-03
4.129166666666666430e+01,9.976317530761004762e-03
4.131250000000000000e+01,1.125262043614626978e-02
4.133333333333332860e+01,1.167898333756144449e-02
4.135416666666666430e+01,1.258040287378689621e-02
4.137500000000000000e+01,1.252669528665887981e-02
4.139583333333332860e+01,1.076404025238827597e-02
4.141666666666666430e+01,9.350456367933994081e-03
4.143750000000000000e+01,9.480182455793101370e-03
4.145833333333332860e+01,9.037443853948081557e-03
4.147916666666666430e+01,5.960648990992855299e-03
4.150000000000000000e+01,1.853789313819811501e-03
4.152083333333332860e+01,-1.288455165050568898e-03
4.154166666666666430e+01,-4.203753372912204765e-03
4.156250000000000000e+01,-8.348047061579474959e-03
4.158333333333332860e+01,-1.205257673916327286e-02
4.160416666666666430e+01,-1.339779314286879651e-02
4.162500000000000000e+01,-1.417551539763097813e-02
4.164583333333332860e+01,-1.661043273889097754e-02
4.166666666666666430e+01,-1.905708683122178670e-02
4.168750000000000000e+01,-1.954013565046304815e-02
4.170833333333332860e+01,-1.968006041171686815e-02
4.172916666666666430e+01,-2.139690379878360013e-02
4.175000000000000000e+01,-2.281843773811995449e-02
4.177083333333332860e+01,-2.186198556041857657e-02
4.179166666666666430e+01,-2.011743309991811945e-02
4.181250000000000000e+01,-1.946137729318300064e-02
4.183333333333332860e+01,-1.821594790767412653e-02
4.185416666666666430e+01,-1.438014820818280838e-02
4.187500000000000000e+01,-9.601964722607327432e-03
4.189583333333332860e+01,-5.980624977354223951e-03
4.191666666666666430e+01,-2.922027061144769153e-03
4.193750000000000000e+01,1.122289989346940365e-03
4.195833333333332860e+01,4.716684588125238248e-03
4.197916666666666430e+01,5.997256293864778286e-03
4.200000000000000000e+01,6.433659643745298813e-03
4.202083333333332860e+01,7.859438700934608807e-03
4.204166666666666430e+01,8.406140558455657899e-03
4.206250000000000000e+01,6.074909555264848722e-03
4.208333333333332860e+01,2.546891932973568973e-03
4.210416666666666430e+01,-1.165219823887313081e-04
4.212500000000000000e+01,-2.566778369181289734e-03
4.214583333333332860e+01,-6.330168841715609271e-03
4.216666666666666430e+01,-9.923850515061210381e-03
4.218750000000000000e+01,-1.146894582915947841e-02
4.220833333333332860e+01,-1.259435702715804711e-02
4.222916666666666430e+01,-1.523838265137048009e-02
4.225000000000000000e+01,-1.752855807067260629e-02
4.227083333333332860e+01,-1.739062393144307633e-02
4.229166666666666430e+01,-1.640877076595032014e-02
4.231250000000000000e+01,-1.644402906558643448e-02
4.233333333333332860e+01,-1.569793128099385149e-02
4.235416666666666430e+01,-1.210344344417909300e-02
4.237500000000000000e+01,-7.299143330522249451e-03
4.239583333333332860e+01,-3.397112138751201375e-03
4.241666666666666430e+01,5.229812394099623944e-05
4.243750000000000000e+01,4.475493758970677631e-03
4.245833333333332860e+01,8.040268524271948491e-03
4.247916666666666430e+01,8.723371319706449412e-03
4.250000000000000000e+01,8.129921425002779520e-03
4.252083333333332860e+01,8.197111030272576093e-03
4.254166666666666430e+01,7.526014796304907571e-03
4.256250000000000000e+01,5.400391694394377981e-03
4.258333333333332860e+01,3.874110471084866048e-03
4.260416666666666430e+01,3.862600488514974020e-03
4.262500000000000000e+01,3.206683378104138379e-03
4.264583333333332860e+01,4.581265950056033790e-04
4.266666666666666430e+01,-2.417400090424578086e-03
4.268750000000000000e+01,-3.463680352337258992e-03
4.270833333333332860e+01,-4.320286016770986080e-03
4.272916666666666430e+01,-6.933655501091858485e-03
4.275000000000000000e+01,-9.448752245412847528e-03
4.277083333333332860e+01,-9.825472047150089414e-03
4.279166666666666430e+01,-9.664036110371377816e-03
4.281250000000000000e+01,-1.085868727032986841e-02
4.283333333333332860e+01,-1.152453632294453238e-02
4.285416666666666430e+01,-9.534221690889535528e-03
4.287500000000000000e+01,-6.510648980266533700e-03
4.289583333333332860e+01,-4.435852793019514316e-03
4.291666666666666430e+01,-2.185504646847253284e-03
4.293750000000000000e+01,1.386145663824949956e-03
4.295833333333332860e+01,4.290325553460487724e-03
4.297916666666666430e+01,4.557075464319418692e-03
4.300000000000000000e+01,3.834098052265667682e-03
4.302083333333332860e+01,4.052947510068113934e-03
4.304166666666666430e+01,3.502547724544073128e-03
4.306250000000000000e+01,1.168935153840051444e-03
4.308333333333332860e+01,-8.766106654714965907e-04
4.310416666666666430e+01,-7.574004741611630028e-04
4.312500000000000000e+01,-1.850317049787850361e-04
4.314583333333332860e+01,-1.212800579589584649e-03
4.316666666666666430e+01,-2.207529484109438476e-03
4.318750000000000000e+01,-1.272160485256549397e-03
4.320833333333332860e+01,-1.701201226661361505e-04
4.322916666666666430e+01,-9.698956508969125640e-04
4.325000000000000000e+01,-1.952619467570347730e-03
4.327083333333332860e+01,-1.134678810949482121e-03
4.329166666666666430e+01,-1.652737979258610875e-04
4.331250000000000000e+01,-1.142374896890320729e-03
4.333333333333332860e+01,-2.427793060539295937e-03
4.335416666666666430e+01,-2.013564364677739200e-03
4.337500000000000000e+01,-1.477226169150894566e-03
4.339583333333332860e+01,-2.664670846616341328e-03
4.341666666666666430e+01,-3.744083606461982676e-03
4.343750000000000000e+01,-2.609531231815950120e-03
4.345833333333332860e+01,-8.810237794535005339e-04
4.347916666666666430e+01,-4.582341176954637441e-04
4.350000000000000000e+01,2.692968415546614924e-04
4.352083333333332860e+01,2.145683767293594772e-03
4.354166666666666430e+01,3.210174525191856251e-03
4.356250000000000000e+01,2.755980211298134260e-03
4.358333333333332860e+01,2.845142940758933585e-03
4.360416666666666430e+01,4.640922366475490161e-03
4.362500000000000000e+01,5.944767614724944665e-03
4.364583333333332860e+01,4.684783259752835216e-03
4.366666666666666430e+01,2.444939537579253388e-03
4.368750000000000000e+01,1.179549416741593280e-03
4.370833333333332860e+01,-7.938706601063417806e-05
4.372916666666666430e+01,-2.665756373816639564e-03
4.375000000000000000e+01,-4.854719492591880875e-03
4.377083333333332860e+01,-4.769043719292953044e-03
4.379166666666666430e+01,-4.168138341503675216e-03
4.381250000000000000e+01,-5.107480935588989274e-03
4.383333333333332860e+01,-5.867471495338815075e-03
4.385416666666666430e+01,-4.461629671620868237e-03
4.387500000000000000e+01,-2.522204739900592730e-03
4.389583333333332860e+01,-1.993275194412244631e-03
4.391666666666666430e+01,-1.301937772399383792e-03
4.393750000000000000e+01,1.515278799111377224e-03
4.395833333333332860e+01,4.864825951136914593e-03
4.397916666666666430e+01,6.836584954922383939e-03
4.400000000000000000e+01,8.644456289951368486e-03
4.402083333333332860e+01,1.132343109235814903e-02
4.404166666666666430e+01,1.317100638458518734e-02
4.406250000000000000e+01,1.256766953790587615e-02
4.408333333333332860e+01,1.127674485217747963e-02
4.410416666666666430e+01,1.131571059643004390e-02
4.412500000000000000e+01,1.089554931804587179e-02
4.414583333333332860e+01,8.003668978953959803e-03
4.416666666666666430e+01,4.288900940976137291e-03
4.418750000000000000e+01,1.672798681214195593e-03
4.420833333333332860e+01,-1.335397284836801601e-03
4.422916666666666430e+01,-5.362203048664332394e-03
4.425000000000000000e+01,-8.305425066862590078e-03
4.427083333333332860e+01,-9.416016845791708514e-03
4.429166666666666430e+01,-1.089947259113163529e-02
4.431250000000000000e+01,-1.381154685457535759e-02
4.433333333333332860e+01,-1.606779281003809998e-02
4.435416666666666430e+01,-1.575839236606045926e-02
4.437500000000000000e+01,-1.461547155889172077e-02
4.439583333333332860e+01,-1.468099214758960408e-02
4.441666666666666430e+01,-1.419188183364544081e-02
4.443750000000000000e+01,-1.115041468949470350e-02
4.445833333333332860e+01,-7.208875361550183027e-03
4.447916666666666430e+01,-4.291869901211325423e-03
4.450000000000000000e+01,-9.047026793226769538e-04
4.452083333333332860e+01,3.526537935393565717e-03
4.454166666666666430e+01,6.900453123711910476e-03
4.456250000000000000e+01,8.748807281679763653e-03
4.458333333333332860e+01,1.092517511743871725e-02
4.460416666666666430e+01,1.323789060549871756e-02
4.462500000000000000e+01,1.375411732444535053e-02
4.464583333333332860e+01,1.405990885613802276e-02
4.466666666666666430e+01,1.613064047497474174e-02
4.468750000000000000e+01,1.819118959746436615e-02
4.470833333333332860e+01,1.742788345675604089e-02
4.472916666666666430e+01,1.532778311723127784e-02
4.475000000000000000e+01,1.451073718711806855e-02
4.477083333333332860e+01,1.348364439655904551e-02
4.479166666666666430e+01,9.968791778552546501e-03
4.481250000000000000e+01,5.596233224143619400e-03
4.483333333333332860e+01,3.063156338721703068e-03
4.485416666666666430e+01,7.995431422801889312e-04
4.487500000000000000e+01,-3.660888392840738401e-03
4.489583333333332860e+01,-8.810303360253245869e-03
4.491666666666666430e+01,-1.238338360485973823e-02
4.493750000000000000e+01,-1.554590281451738790e-02
4.495833333333332860e+01,-1.937170927810528964e-02
4.497916666666666430e+01,-2.187989423072261505e-02
4.500000000000000000e+01,-2.130718130955604889e-02
4.502083333333332860e+01,-1.954418123004924429e-02
4.504166666666666430e+01,-1.872517126641545446e-02
4.506250000000000000e+01,-1.730108063711066624e-02
4.508333333333332860e+01,-1.344635239269760182e-02
4.510416666666666430e+01,-8.914106869371692457e-03
4.512500000000000000e+01,-5.790848874497916271e-03
4.514583333333332860e+01,-2.382567778510388031e-03
4.516666666666666430e+01,2.651127836956093924e-03
4.518750000000000000e+01,7.363062027595883990e-03
4.520833333333332860e+01,9.776222180997511460e-03
4.522916666666666430e+01,1.132712883091510636e-02
4.525000000000000000e+01,1.392413640754523903e-02
4.527083333333332860e+01,1.608763029332430095e-02
4.529166666666666430e+01,1.599806768245562796e-02
4.531250000000000000e+01,1.553032718175658203e-02
4.533333333333332860e+01,1.680123850244638617e-02
4.535416666666666430e+01,1.820200051047760406e-02
4.537500000000000000e+01,1.785744279100024215e-02
4.539583333333332860e+01,1.755841885216731166e-02
4.541666666666666430e+01,1.937143667581169015e-02
4.543750000000000000e+01,2.160991170422836213e-02
4.545833333333332860e+01,2.232431188947960055e-02
4.547916666666666430e+01,2.302546413874146866e-02
4.550000000000000000e+01,2.455940378133387655e-02
4.552083333333332860e+01,2.473978588348151736e-02
4.554166666666666430e+01,2.265757230744605555e-02
4.556250000000000000e+01,2.043704847368937177e-02
4.558333333333332860e+01,2.000186381186773443e-02
4.560416666666666430e+01,1.980662440242780126e-02
4.562500000000000000e+01,1.786772840863296713e-02
4.564583333333332860e+01,1.577015176386517559e-02
4.566666666666666430e+01,1.539298281831351194e-02
4.568750000000000000e+01,1.493496024497164426e-02
4.570833333333332860e+01,1.229539533273716831e-02
4.572916666666666430e+01,8.867273196639331723e-03
4.575000000000000000e+01,6.491816949132127139e-03
4.577083333333332860e+01,3.702626301108789906e-03
4.579166666666666430e+01,-3.386074797445825938e-04
4.581250000000000000e+01,-3.362829303888274692e-03
4.583333333333332860e+01,-4.044683990700783001e-03
4.585416666666666430e+01,-4.280998168174138946e-03
4.587500000000000000e+01,-5.951434099643799526e-03
4.589583333333332860e+01,-7.190897893242041011e-03
4.591666666666666430e+01,-5.876926070435632352e-03
4.593750000000000000e+01,-3.642181129170624695e-03
4.595833333333332860e+01,-2.403276729686555733e-03
4.597916666666666430e+01,-6.300952738259911826e-04
4.600000000000000000e+01,2.238467041733191183e-03
4.602083333333332860e+01,4.030599762984846471e-03
4.604166666666666430e+01,4.420341818449339058e-03
4.606250000000000000e+01,5.453116077646007719e-03
4.608333333333332860e+01,6.653333260852640693e-03
4.610416666666666430e+01,5.542441910910215694e-03
4.612500000000000000e+01,3.480813801369617069e-03
4.614583333333332860e+01,3.131657453682508592e-03
4.616666666666666430e+01,2.870012634863607342e-03
4.618750000000000000e+01,-8.022427409349881626e-06
4.620833333333332860e+01,-4.058592585165488736e-03
4.622916666666666430e+01,-6.539898131262403443e-03
4.625000000000000000e+01,-8.396746687297304210e-03
4.627083333333332860e+01,-1.150769040069710494e-02
4.629166666666666430e+01,-1.415379287362952820e-02
4.631250000000000000e+01,-1.352955380830702346e-02
4.633333333333332860e+01,-1.110873929041701104e-02
4.635416666666666430e+01,-9.665156605924950239e-03
4.637500000000000000e+01,-8.168617210016939148e-03
4.639583333333332860e+01,-4.853521457151063062e-03
4.641666666666666430e+01,-1.470917235639688939e-03
4.643750000000000000e+01,-5.938133362295454007e-04
4.645833333333332860e+01,-5.950249749033608261e-04
4.647916666666666430e+01,1.015822979548850879e-03
4.650000000000000000e+01,2.772268298023990076e-03
4.652083333333332860e+01,2.483305940495082308e-03
4.654166666666666430e+01,1.887280996882387046e-03
4.656250000000000000e+01,3.077280332124991517e-03
4.658333333333332860e+01,4.456470377666454236e-03
4.660416666666666430e+01,4.170865501609168427e-03
4.662500000000000000e+01,4.008104911169053583e-03
4.664583333333332860e+01,5.873643104839884610e-03
4.666666666666666430e+01,8.326592575828656306e-03
4.668750000000000000e+01,9.552386660763056633e-03
4.670833333333332860e+01,1.096115346855931413e-02
4.672916666666666430e+01,1.330446756665956860e-02
4.675000000000000000e+01,1.434919129599673132e-02
4.677083333333332860e+01,1.307650722645428178e-02
4.679166666666666430e+01,1.157383415042612974e-02
4.681250000000000000e+01,1.189327118331631739e-02
4.683333333333332860e+01,1.234436283295976128e-02
4.685416666666666430e+01,1.086096123048055709e-02
4.687500000000000000e+01,9.058786683912401633e-03
4.689583333333332860e+01,8.820275286199118908e-03
4.691666666666666430e+01,8.342567523072373994e-03
4.693750000000000000e+01,5.532936858289448645e-03
4.695833333333332860e+01,1.800314313318924532e-03
4.697916666666666430e+01,-9.132141329682225616e-04
4.700000000000000000e+01,-3.451200186447387665e-03
4.702083333333332860e+01,-7.407697816398488289e-03
4.704166666666666430e+01,-1.090464230927808489e-02
4.706250000000000000e+01,-1.190558060706997483e-02
4.708333333333332860e+01,-1.199682798749728864e-02
4.710416666666666430e+01,-1.304521069972701050e-02
4.712500000000000000e+01,-1.324726300549334580e-02
4.714583333333332860e+01,-1.095582070067844215e-02
4.716666666666666430e+01,-8.004279853495985253e-03
4.718750000000000000e+01,-6.301606260571981921e-03
4.720833333333332860e+01,-4.175967737505665092e-03
4.722916666666666430e+01,-5.666600206841022978e-04
4.725000000000000000e+01,2.340318716334963221e-03
4.727083333333332860e+01,2.554661386249545540e-03
4.729166666666666430e+01,1.710021482663624933e-03
4.731250000000000000e+01,1.743269086688970871e-03
4.733333333333332860e+01,1.096843624611542950e-03
4.735416666666666430e+01,-1.162979200472854645e-03
4.737500000000000000e+01,-2.962957560454497485e-03
4.739583333333332860e+01,-2.457393802915888714e-03
4.741666666666666430e+01,-1.484183955394176779e-03
4.743750000000000000e+01,-2.139541788950825689e-03
4.745833333333332860e+01,-2.759842334879877065e-03
4.747916666666666430e+01,-1.441198051471848139e-03
4.750000000000000000e+01,7.913066506325106258e-05
4.752083333333332860e+01,-2.311249238593203492e-04
4.754166666666666430e+01,-5.440905947228228583e-04
4.756250000000000000e+01,1.185500452940983253e-03
4.758333333333332860e+01,3.326097469939913454e-03
4.760416666666666430e+01,3.920374849888065213e-03
4.762500000000000000e+01,4.368084693076229597e-03
4.764583333333332860e+01,6.591912638727216202e-03
4.766666666666666430e+01,9.289129795119225805e-03
4.768750000000000000e+01,1.065091063269074309e-02
4.770833333333332860e+01,1.184312306369561703e-02
4.772916666666666430e+01,1.408626871884116442e-02
4.775000000000000000e+01,1.624502258094630280e-02
4.777083333333332860e+01,1.666929006009165368e-02
4.779166666666666430e+01,1.636270102158316614e-02
4.781250000000000000e+01,1.714393991610749235e-02
4.783333333333332860e+01,1.821525823549330694e-02
4.785416666666666430e+01,1.792604958539742790e-02
4.787500000000000000e+01,1.727191286877584678e-02
4.789583333333332860e+01,1.801851445016161568e-02
4.791666666666666430e+01,1.931901507588870692e-02
4.793750000000000000e+01,1.943620555319043250e-02
4.795833333333332860e+01,1.922853891552459005e-02
4.797916666666666430e+01,1.992019673875869423e-02
4.800000000000000000e+01,2.033968881284332897e-02
4.802083333333332860e+01,1.834357968625850363e-02
4.804166666666666430e+01,1.471913468914307251e-02
4.806250000000000000e+01,1.198487533634005203e-02
4.808333333333332860e+01,9.455603975604565808e-03
4.810416666666666430e+01,6.007928198454601763e-03
4.812500000000000000e+01,2.730590178099219154e-03
4.814583333333332860e+01,4.729059608933065188e-04
4.816666666666666430e+01,-1.792396127082301633e-03
4.818750000000000000e+01,-3.684176674332267920e-03
4.820833333333332860e+01,-4.205806892281009797e-03
4.822916666666666430e+01,-4.568784121886494166e-03
4.825000000000000000e+01,-6.600610551605191022e-03
4.827083333333332860e+01,-9.496553022583009707e-03
4.829166666666666430e+01,-1.154957249677221985e-02
4.831250000000000000e+01,-1.312867537983077731e-02
4.833333333333332860e+01,-1.503743050088394810e-02
4.835416666666666430e+01,-1.608791850031654480e-02
4.837500000000000000e+01,-1.456118205661556531e-02
4.839583333333332860e+01,-1.149153989983537662e-02
4.841666666666666430e+01,-8.859245982879982231e-03
4.843750000000000000e+01,-6.353347875175364978e-03
4.845833333333332860e+01,-3.047826133677776755e-03
4.847916666666666430e+01,-3.002597639497814590e-05
4.850000000000000000e+01,1.064368235794503278e-03
4.852083333333332860e+01,1.427549680661052440e-03
4.854166666666666430e+01,3.051653994711956558e-03
4.856250000000000000e+01,5.163276217903676503e-03
4.858333333333332860e+01,6.114272500534176195e-03
4.860416666666666430e+01,6.891590826893858462e-03
4.862500000000000000e+01,9.266277399822085009e-03
4.864583333333332860e+01,1.237366577560432453e-02
4.866666666666666430e+01,1.445407222278101075e-02
4.868750000000000000e+01,1.626864498222049468e-02
4.870833333333332860e+01,1.834919921463140299e-02
4.872916666666666430e+01,1.941023401044250293e-02
4.875000000000000000e+01,1.882135897957065360e-02
4.877083333333332860e+01,1.792729048403843284e-02
4.879166666666666430e+01,1.837029964207103142e-02
4.881250000000000000e+01,1.911804304083128403e-02
4.883333333333332860e+01,1.836363393202029154e-02
4.885416666666666430e+01,1.693359608236719160e-02
4.887500000000000000e+01,1.651713759560108352e-02
4.889583333333332860e+01,1.608205301181372948e-02
4.891666666666666430e+01,1.346780325789821015e-02
4.893750000000000000e+01,9.429520699698963962e-03
4.895833333333332860e+01,6.204914108109324186e-03
4.897916666666666430e+01,3.403621202858058813e-03
4.900000000000000000e+01,-5.172388981804297136e-04
4.902083333333332860e+01,-4.486777850760359683e-03
4.904166666666666430e+01,-5.991580470300154546e-03
4.906250000000000000e+01,-5.699763563539825099e-03
4.908333333333332860e+01,-6.179239115134531682e-03
4.910416666666666430e+01,-6.726324756303755405e-03
4.912500000000000000e+01,-5.763024918490494870e-03
4.914583333333332860e+01,-4.348235038366284749e-03
4.916666666666666430e+01,-4.955455693055995509e-03
4.918750000000000000e+01,-6.821543706336219773e-03
4.920833333333332860e+01,-7.251746372508739887e-03
4.922916666666666430e+01,-6.798831523805263025e-03
4.925000000000000000e+01,-7.861030648617012284e-03
4.927083333333332860e+01,-9.697456706697886106e-03
4.929166666666666430e+01,-9.611901937972322160e-03
4.931250000000000000e+01,-8.202768766734041747e-03
4.933333333333332860e+01,-7.921123146268841189e-03
4.935416666666666430e+01,-8.105249855480611831e-03
4.937500000000000000e+01,-6.170646902398627294e-03
4.939583333333332860e+01,-2.832489194755590661e-03
4.941666666666666430e+01,-6.546315254679099891e-04
4.943750000000000000e+01,9.234509979823559648e-04
4.945833333333332860e+01,4.326268001275791406e-03
4.947916666666666430e+01,8.529007358703823496e-03
4.950000000000000000e+01,1.075867898832957165e-02
4.952083333333332860e+01,1.194232896806381519e-02
4.954166666666666430e+01,1.458731613930105975e-02
