0.000000000000000000e+00,2.690957551970160067e-01
2.083333333333333218e-02,-2.179065423271911162e-01
4.166666666666666435e-02,4.862531471068475691e-02
6.250000000000000000e-02,4.844173035700435337e-01
8.333333333333332871e-02,-1.747215582762671193e-01
1.041666666666666574e-01,-6.312157217625570249e-01
1.250000000000000000e-01,2.919780090485593615e-02
1.458333333333333148e-01,6.800415418468366280e-01
1.666666666666666574e-01,2.193392513673306232e-02
1.875000000000000000e-01,-6.238168244533071061e-01
2.083333333333333148e-01,3.646839437483867519e-02
2.291666666666666574e-01,6.755291598062327374e-01
2.500000000000000000e-01,2.359699744618534711e-02
2.708333333333333148e-01,-6.189403209964621233e-01
2.916666666666666297e-01,2.253872476266977065e-02
3.125000000000000000e-01,6.725189489458704983e-01
3.333333333333333148e-01,2.015810672740253606e-02
3.541666666666666297e-01,-6.409204849036733709e-01
3.750000000000000000e-01,2.131773124811886522e-04
3.958333333333333148e-01,6.502854394103287916e-01
4.166666666666666297e-01,-6.651592036060693935e-03
4.375000000000000000e-01,-6.794572116958440544e-01
4.583333333333333148e-01,-1.367863934512736357e-02
4.791666666666666297e-01,6.321924936848114518e-01
5.000000000000000000e-01,-1.180210095870465326e-02
5.208333333333332593e-01,-6.660867712017677356e-01
5.416666666666666297e-01,6.363600382285145018e-03
5.625000000000000000e-01,6.724913772467357997e-01
5.833333333333332593e-01,3.342594553021890902e-02
6.041666666666666297e-01,-6.260310087304803428e-01
6.250000000000000000e-01,3.024393414186013485e-02
6.458333333333332593e-01,4.468352981833344506e-01
6.666666666666666297e-01,-2.348296539211050526e-01
6.875000000000000000e-01,-8.801229610592529173e-01
7.083333333333332593e-01,-2.400415133039693338e-01
7.291666666666666297e-01,4.054599303322122816e-01
7.500000000000000000e-01,-2.864926067492326034e-01
7.708333333333332593e-01,-3.692644103330784966e-01
7.916666666666666297e-01,2.731666182194107950e-01
8.125000000000000000e-01,4.066171699451430754e-01
8.333333333333332593e-01,-2.461310270140426304e-01
8.541666666666666297e-01,-2.060003431035131449e-01
8.750000000000000000e-01,4.714468809509362313e-01
8.958333333333332593e-01,-8.828788216287199175e-02
9.166666666666666297e-01,-3.595811037847858604e-01
9.375000000000000000e-01,3.041559595138394467e-01
9.583333333333332593e-01,6.531912003534576794e-01
9.791666666666666297e-01,3.587412830656282192e-02
1.000000000000000000e+00,-5.972910234319634970e-01
1.020833333333333259e+00,9.266145835044711787e-02
1.041666666666666519e+00,7.509277492168628942e-01
1.062500000000000000e+00,1.385994882614404178e-01
1.083333333333333259e+00,-5.254613982345964773e-01
1.104166666666666519e+00,1.660791480867144232e-01
1.125000000000000000e+00,6.128875152271030524e-01
1.145833333333333259e+00,-2.771951893403801215e-02
1.166666666666666519e+00,-7.219382154467721691e-01
1.187500000000000000e+00,-6.437349960394778137e-02
1.208333333333333259e+00,5.440528147512641022e-01
1.229166666666666519e+00,-1.254327563978603066e-01
1.250000000000000000e+00,-7.914566801460112266e-01
1.270833333333333259e+00,-1.838855903479092446e-01
1.291666666666666519e+00,4.560458852953946929e-01
1.312500000000000000e+00,-2.312542824048802736e-01
1.333333333333333259e+00,-3.144189220831172249e-01
1.354166666666666519e+00,2.960045431971372598e-01
1.375000000000000000e+00,4.166469777585234957e-01
1.395833333333333259e+00,-2.577060511825083333e-01
1.416666666666666519e+00,-1.558491618059056616e-01
1.437500000000000000e+00,4.916531682213063359e-01
1.458333333333333259e+00,-1.084160415927734739e-01
1.479166666666666519e+00,-5.842614641981406232e-01
1.500000000000000000e+00,7.286206961140967442e-02
1.520833333333333259e+00,7.689780105168650959e-01
1.541666666666666519e+00,1.247278270326286631e-01
1.562500000000000000e+00,-4.939307815650118560e-01
1.583333333333333259e+00,1.640908798614393593e-01
1.604166666666666519e+00,7.230014029699236566e-01
1.625000000000000000e+00,6.733122282294493055e-02
1.645833333333333259e+00,-5.456719223317194611e-01
1.666666666666666519e+00,6.074130910144533158e-02
1.687500000000000000e+00,5.389383285919853162e-01
1.708333333333333259e+00,-1.285838501294438163e-01
1.729166666666666519e+00,-7.809524148551502121e-01
1.750000000000000000e+00,-1.830357969698994114e-01
1.770833333333333259e+00,4.607802305963453193e-01
1.791666666666666519e+00,-2.190496830441507337e-01
1.812500000000000000e+00,-8.342476947482476701e-01
1.833333333333333259e+00,-2.007093439067588470e-01
1.854166666666666519e+00,4.206842218649305409e-01
1.875000000000000000e+00,-1.739255932510350156e-02
1.895833333333333259e+00,-4.547159220091426812e-01
1.916666666666666519e+00,2.132291918926740859e-01
1.937500000000000000e+00,8.393641270226498419e-01
1.958333333333333259e+00,2.393415088272733138e-01
1.979166666666666519e+00,-4.174349186817517543e-01
2.000000000000000000e+00,2.495758497381797558e-01
2.020833333333333037e+00,4.323659721972495373e-01
2.041666666666666519e+00,-1.686124165792137475e-01
2.062500000000000000e+00,-6.190721726863064323e-01
2.083333333333333037e+00,4.605336926516237495e-02
2.104166666666666519e+00,7.439981756714437733e-01
2.125000000000000000e+00,1.003867057377509919e-01
2.145833333333333037e+00,-5.144970937526835986e-01
2.166666666666666519e+00,1.188144965759378446e-01
2.187500000000000000e+00,5.054588007706689590e-01
2.208333333333333037e+00,-1.600726796455063383e-01
2.229166666666666519e+00,-8.047118068929397516e-01
2.250000000000000000e+00,-2.007589573964394525e-01
2.270833333333333037e+00,4.510425391897320280e-01
2.291666666666666519e+00,-2.398546711163940248e-01
2.312500000000000000e+00,-5.043441162288264668e-01
2.333333333333333037e+00,1.199232722254701400e-01
2.354166666666666519e+00,7.326196121792656335e-01
2.375000000000000000e+00,6.942581188938290460e-02
2.395833333333333037e+00,-6.174561310997861430e-01
2.416666666666666519e+00,3.487791894084996125e-02
2.437500000000000000e+00,6.428153256904517443e-01
2.458333333333333037e+00,2.731558825833900472e-02
2.479166666666666519e+00,-6.485595460594201223e-01
2.500000000000000000e+00,3.688072487820387435e-02
2.520833333333333037e+00,6.825885262966741029e-01
2.541666666666666519e+00,7.670119098213384889e-02
2.562500000000000000e+00,-5.778574362283366295e-01
2.583333333333333037e+00,1.099880279581891829e-01
2.604166666666666519e+00,7.659548075141870971e-01
2.625000000000000000e+00,1.493852220152450949e-01
2.645833333333333037e+00,-4.744016204592134689e-01
2.666666666666666519e+00,-1.094985805470549828e-01
2.687500000000000000e+00,5.070015511987664425e-01
2.708333333333333037e+00,-1.487920912690049724e-01
2.729166666666666519e+00,-7.716884532554431075e-01
2.750000000000000000e+00,-1.521029309397777807e-01
2.770833333333333037e+00,5.256990797396707826e-01
2.791666666666666519e+00,-1.635162674972183705e-01
2.812500000000000000e+00,-8.141533900551971570e-01
2.833333333333333037e+00,-2.110284778226589053e-01
2.854166666666666519e+00,4.397339891094818598e-01
2.875000000000000000e+00,-2.130169880270375293e-01
2.895833333333333037e+00,-3.428770810257246171e-01
2.916666666666666519e+00,2.899204774702052734e-01
2.937500000000000000e+00,4.940244191187623812e-01
2.958333333333333037e+00,-1.647317168424866640e-01
2.979166666666666519e+00,-4.092902989570306738e-01
3.000000000000000000e+00,2.443686716247067126e-01
3.020833333333333037e+00,7.656114226946990620e-01
3.041666666666666519e+00,1.407339660528666714e-01
3.062500000000000000e+00,-5.434345103715305658e-01
3.083333333333333037e+00,1.527103106768706864e-01
3.104166666666666519e+00,8.036011512073381047e-01
3.125000000000000000e+00,1.908301701009771367e-01
3.145833333333333037e+00,-4.620780954653980199e-01
3.166666666666666519e+00,2.804114193560997004e-04
3.187500000000000000e+00,4.192769654901524201e-01
3.208333333333333037e+00,-1.998425182569143754e-01
3.229166666666666519e+00,-8.258493952206479305e-01
3.250000000000000000e+00,-1.678591232750581697e-01
3.270833333333333037e+00,5.411477483691684576e-01
3.291666666666666519e+00,-1.157308457963865111e-01
3.312500000000000000e+00,-7.483814000382509324e-01
3.333333333333333037e+00,-1.135697962607494782e-01
3.354166666666666519e+00,5.732776352762932737e-01
3.375000000000000000e+00,-1.277081981263734067e-01
3.395833333333333037e+00,-7.179333961745183457e-01
3.416666666666666519e+00,-1.025197290337592076e-01
3.437500000000000000e+00,5.541587381552292024e-01
3.458333333333333037e+00,-1.370524563449268263e-01
3.479166666666666519e+00,-1.968204314737317107e-01
3.500000000000000000e+00,4.142476627565206959e-01
3.520833333333333037e+00,3.622719139683247547e-01
3.541666666666666519e+00,-2.946800491145619705e-01
3.562500000000000000e+00,3.057670568375410181e-01
3.583333333333333037e+00,5.463445519280156759e-01
3.604166666666666519e+00,-1.328579132562428267e-01
3.625000000000000000e+00,-5.405893511350355896e-01
3.645833333333333037e+00,7.882630251260121235e-02
3.666666666666666519e+00,7.766525575510401236e-01
3.687500000000000000e+00,1.201545772382146549e-01
3.708333333333333037e+00,-4.966977157378640317e-01
3.729166666666666519e+00,1.525971776658133494e-01
3.750000000000000000e+00,6.450121490363639465e-01
3.770833333333333037e+00,1.324683307816587607e-02
3.791666666666666519e+00,-6.058576204150943889e-01
3.812500000000000000e+00,8.555382939934166875e-02
3.833333333333333037e+00,5.134383604196851580e-01
3.854166666666666519e+00,-9.598993855489908189e-02
3.875000000000000000e+00,-7.512065427838428011e-01
3.895833333333333037e+00,-7.046712690944259561e-02
3.916666666666666519e+00,5.709936573355594014e-01
3.937500000000000000e+00,-5.395557801140256349e-02
3.958333333333333037e+00,-7.576834020019844740e-01
3.979166666666666519e+00,-1.046663184431916860e-01
4.000000000000000000e+00,5.155409988782879704e-01
4.020833333333333037e+00,-1.498509188731247666e-01
4.041666666666666075e+00,-8.462625265666949836e-01
4.062500000000000000e+00,-2.282033621166968951e-01
4.083333333333333037e+00,4.085364875165346521e-01
4.104166666666666075e+00,-2.363927016502323786e-01
4.125000000000000000e+00,-2.567002943815172578e-01
4.145833333333333037e+00,3.542674040397253421e-01
4.166666666666666075e+00,2.051786944096289644e-01
4.187500000000000000e+00,-4.746478438853895532e-01
4.208333333333333037e+00,1.827813654361322426e-01
4.229166666666666075e+00,8.243854314018193019e-01
4.250000000000000000e+00,1.640217953378759475e-01
4.270833333333333037e+00,-4.802191513216903518e-01
4.291666666666666075e+00,1.337897327379741763e-01
4.312500000000000000e+00,7.769282343243203437e-01
4.333333333333333037e+00,1.035910877695796206e-01
4.354166666666666075e+00,-4.991282795860625399e-01
4.375000000000000000e+00,1.471305955652306152e-01
4.395833333333333037e+00,2.947335298180144836e-01
4.416666666666666075e+00,-3.527944292747912103e-01
4.437500000000000000e+00,-4.369259099757784037e-01
4.458333333333333037e+00,2.389816497350966684e-01
4.479166666666666075e+00,1.029113492485755066e-01
4.500000000000000000e+00,-5.037785412576883948e-01
4.520833333333333037e+00,1.651732820534159429e-01
4.541666666666666075e+00,4.158744058309608582e-01
4.562500000000000000e+00,-2.381310851562236930e-01
4.583333333333333037e+00,-7.068778174302592365e-01
4.604166666666666075e+00,-6.770758146283797907e-02
4.625000000000000000e+00,6.088564400008379396e-01
4.645833333333333037e+00,-8.587534914861641444e-02
4.666666666666666075e+00,-7.258772339324771616e-01
4.687500000000000000e+00,-1.147840883937847195e-01
4.708333333333333037e+00,5.376940516764672218e-01
4.729166666666666075e+00,-1.347351973588915564e-01
4.750000000000000000e+00,-3.810464659954899136e-01
4.770833333333333037e+00,2.370787230890512021e-01
4.791666666666666075e+00,8.444509110900381144e-01
4.812500000000000000e+00,1.728792829476969994e-01
4.833333333333333037e+00,-4.980112067197171588e-01
4.854166666666666075e+00,1.555043116918511936e-01
4.875000000000000000e+00,7.558114137359669416e-01
4.895833333333333037e+00,1.196172948308675543e-01
4.916666666666666075e+00,-5.546363226282310377e-01
4.937500000000000000e+00,1.327678242613941628e-01
4.958333333333333037e+00,5.034235478393819241e-01
4.979166666666666075e+00,-1.003444384221171271e-01
5.000000000000000000e+00,-7.526504841724415140e-01
5.020833333333333037e+00,-8.136293494722432462e-02
5.041666666666666075e+00,5.822058057820282961e-01
5.062500000000000000e+00,-2.607797941049619372e-02
5.083333333333333037e+00,-6.436181477436196952e-01
5.104166666666666075e+00,3.238178377560277377e-02
5.125000000000000000e+00,7.173795451489961561e-01
5.145833333333333037e+00,6.697935950939518102e-02
5.166666666666666075e+00,-5.364892172445696605e-01
5.187500000000000000e+00,1.683818203896875199e-02
5.208333333333333037e+00,3.300373212326633832e-01
5.229166666666666075e+00,-3.526769181140137488e-01
5.250000000000000000e+00,-6.994846617687259238e-01
5.270833333333333037e+00,-9.751770272692034114e-02
5.291666666666666075e+00,5.537314851869808985e-01
5.312500000000000000e+00,-9.512039220391357852e-02
5.333333333333333037e+00,-7.662762975031758295e-01
5.354166666666666075e+00,-1.271118997782118287e-01
5.375000000000000000e+00,4.922485248995988605e-01
5.395833333333333037e+00,-1.602785173170649946e-01
5.416666666666666075e+00,-4.255946283482350823e-01
5.437500000000000000e+00,2.259030565932331758e-01
5.458333333333333037e+00,8.628364610037579929e-01
5.479166666666666075e+00,1.929664418491649491e-01
5.500000000000000000e+00,-4.753428991465875608e-01
5.520833333333333037e+00,1.340164405746053777e-01
5.541666666666666075e+00,7.696630332427647492e-01
5.562500000000000000e+00,8.254467038639168308e-02
5.583333333333333037e+00,-5.673079460280520125e-01
5.604166666666666075e+00,4.122361310406372215e-02
5.625000000000000000e+00,7.194679333634448337e-01
5.645833333333333037e+00,4.611752442412000996e-02
5.666666666666666075e+00,-5.738517165780931961e-01
5.687500000000000000e+00,6.311040398447645416e-02
5.708333333333333037e+00,4.730499930378466167e-01
5.729166666666666075e+00,-1.785033933230370795e-01
5.750000000000000000e+00,-8.167100454662157283e-01
5.770833333333333037e+00,-1.446664663743515433e-01
5.791666666666666075e+00,5.490921786804260352e-01
5.812500000000000000e+00,-6.540981015899112461e-02
5.833333333333333037e+00,-7.027970641516106953e-01
5.854166666666666075e+00,-3.844508653289713251e-02
5.875000000000000000e+00,6.129470947396890024e-01
5.895833333333333037e+00,8.403191420105912690e-03
5.916666666666666075e+00,-6.718999456683748539e-01
5.937500000000000000e+00,1.052702635158747624e-03
5.958333333333333037e+00,6.193272839698080734e-01
5.979166666666666075e+00,-2.089394331438837460e-02
6.000000000000000000e+00,-7.184116434633368575e-01
6.020833333333333037e+00,-6.935298421469310304e-02
6.041666666666666075e+00,5.428608120443503271e-01
6.062500000000000000e+00,-1.321556768335191145e-01
6.083333333333333037e+00,-6.148724536730181267e-01
6.104166666666666075e+00,-4.721991732138094977e-03
6.125000000000000000e+00,6.343503704487941652e-01
6.145833333333333037e+00,-5.126504460294920018e-02
6.166666666666666075e+00,-5.715512307411321213e-01
6.187500000000000000e+00,3.652779312515570809e-02
6.208333333333333037e+00,7.251169438815540103e-01
6.229166666666666075e+00,5.560088663000445353e-02
6.250000000000000000e+00,-5.552751400080682131e-01
6.270833333333333037e+00,9.369884002650485932e-02
6.291666666666666075e+00,7.723898831077857796e-01
6.312500000000000000e+00,1.380975742005797757e-01
6.333333333333333037e+00,-4.689513061841250607e-01
6.354166666666666075e+00,2.119160534580519228e-01
6.375000000000000000e+00,8.671569391274466243e-01
6.395833333333333037e+00,2.624571202079412080e-01
6.416666666666666075e+00,-3.894517450960063298e-01
6.437500000000000000e+00,1.082164169024370237e-02
6.458333333333333037e+00,4.544401339883911706e-01
6.479166666666666075e+00,-1.736506521646521417e-01
6.500000000000000000e+00,-8.641355391414075049e-01
6.520833333333333037e+00,-2.055021694272076982e-01
6.541666666666666075e+00,4.003251642181370196e-01
6.562500000000000000e+00,-2.615167504044257907e-01
6.583333333333333037e+00,-4.345542213215783378e-01
6.604166666666666075e+00,1.743062476463015653e-01
6.625000000000000000e+00,5.496713698477787569e-01
6.645833333333333037e+00,-1.401536757256315324e-01
6.666666666666666075e+00,-7.941730523337428016e-01
6.687500000000000000e+00,-1.810602146457614969e-01
6.708333333333333037e+00,4.823041542660190251e-01
6.729166666666666075e+00,-1.665943684104203293e-01
6.750000000000000000e+00,-2.602621965273558824e-01
6.770833333333333037e+00,3.863876952010025789e-01
6.791666666666666075e+00,2.889885100669003504e-01
6.812500000000000000e+00,-3.573195502884558006e-01
6.833333333333333037e+00,3.292319494324991158e-01
6.854166666666666075e+00,4.196875694341407059e-01
6.875000000000000000e+00,-2.094229963140809558e-01
6.895833333333333037e+00,-3.369600298953337458e-01
6.916666666666666075e+00,3.246907624987355190e-01
6.937500000000000000e+00,2.475174719750953267e-01
6.958333333333333037e+00,-4.104526358163099742e-01
6.979166666666666075e+00,2.349974177746515791e-01
7.000000000000000000e+00,3.255587152009711271e-01
7.020833333333333037e+00,-3.057666504271138175e-01
7.041666666666666075e+00,-3.218798459252064648e-01
7.062500000000000000e+00,3.372090172701920907e-01
7.083333333333333037e+00,-9.509135355835016123e-02
7.104166666666666075e+00,-5.700642759383967029e-01
7.125000000000000000e+00,7.074594418196064605e-02
7.145833333333333037e+00,6.759162590548893901e-01
7.166666666666666075e+00,-8.676529420255679748e-03
7.187500000000000000e+00,-6.883818601512963209e-01
7.208333333333333037e+00,-4.246602286216971667e-02
7.229166666666666075e+00,5.622657336226629665e-01
7.250000000000000000e+00,-9.059639715798625814e-02
7.270833333333333037e+00,-7.735139505421764206e-01
7.291666666666666075e+00,-9.594587564115023004e-02
7.312500000000000000e+00,5.279147268033697049e-01
7.333333333333333037e+00,-7.761282748553208211e-02
7.354166666666666075e+00,-4.709153948722122895e-01
7.375000000000000000e+00,1.912720226854743022e-01
7.395833333333333037e+00,8.536147188473830472e-01
7.416666666666666075e+00,2.423142975642210151e-01
7.437500000000000000e+00,-3.749477275842567625e-01
7.458333333333333037e+00,2.430045296531675170e-01
7.479166666666666075e+00,3.477542251368052062e-01
7.500000000000000000e+00,-3.037953549569276657e-01
7.520833333333333037e+00,-2.670155992568270520e-01
7.541666666666666075e+00,3.798922333241643856e-01
7.562500000000000000e+00,-2.290427316993117746e-01
7.583333333333333037e+00,-5.145502874357753553e-01
7.604166666666666075e+00,1.177216200757028874e-01
7.625000000000000000e+00,7.366430737982188059e-01
7.645833333333333037e+00,1.337635651004747350e+00
7.666666666666666075e+00,9.543171499402874902e-01
7.687500000000000000e+00,3.248986586260820264e-01
7.708333333333333037e+00,6.388284528932730577e-01
7.729166666666666075e+00,6.433117880137617650e-01
7.750000000000000000e+00,8.173780398106955669e-03
7.770833333333333037e+00,-5.714180852029385888e-02
7.791666666666666075e+00,5.011438119669053837e-01
7.812500000000000000e+00,-2.396580193610068632e-01
7.833333333333333037e+00,-8.359460131593267063e-01
7.854166666666666075e+00,-1.864130482446493542e-01
7.875000000000000000e+00,3.948019340142473466e-01
7.895833333333333037e+00,-3.218871874078660933e-01
7.916666666666666075e+00,-9.942088833574618256e-01
7.937500000000000000e+00,-3.320680021715601837e-01
7.958333333333333037e+00,2.789809934112685852e-01
7.979166666666666075e+00,-4.078478163444057558e-01
8.000000000000000000e+00,-1.116808731270852784e+00
8.020833333333332149e+00,-5.216088164064118793e-01
8.041666666666666075e+00,1.209010222859314421e-01
8.062500000000000000e+00,-2.670369082927885329e-01
8.083333333333332149e+00,-6.252988281328858422e-01
8.104166666666666075e+00,-5.855829655895765373e-02
8.125000000000000000e+00,6.072745702734364537e-01
8.145833333333332149e+00,-2.566412365100842474e-02
8.166666666666666075e+00,-7.788263807629918212e-01
8.187500000000000000e+00,-2.246107480804278578e-01
8.208333333333332149e+00,4.429591688785532444e-01
8.229166666666666075e+00,-1.889977672290207023e-01
8.250000000000000000e+00,-7.023075947561457921e-01
8.270833333333332149e+00,-1.447110233772012644e-01
8.291666666666666075e+00,5.198917131118619972e-01
8.312500000000000000e+00,-1.148283201016615518e-01
8.333333333333332149e+00,-2.910521470418249712e-01
8.354166666666666075e+00,2.676244465719928578e-01
8.375000000000000000e+00,6.658728904801670678e-01
8.395833333333332149e+00,2.868729216497029055e-02
8.416666666666666075e+00,-7.175333913469756908e-01
8.437500000000000000e+00,-1.572287756186792618e-01
8.458333333333332149e+00,5.048536217723016417e-01
8.479166666666666075e+00,3.295403914670097523e-01
8.500000000000000000e+00,-4.170364040153176077e-01
8.520833333333332149e+00,1.428813448842160549e-01
8.541666666666666075e+00,8.033804830817706799e-01
8.562500000000000000e+00,1.654871201827197713e-01
8.583333333333332149e+00,-5.794778002141498519e-01
8.604166666666666075e+00,-1.833461833622299086e-02
8.625000000000000000e+00,6.415721241509466655e-01
8.645833333333332149e+00,3.901972568802342112e-03
8.666666666666666075e+00,-7.230405573333458236e-01
8.687500000000000000e+00,-1.615407722855867756e-01
8.708333333333332149e+00,4.989811459095316870e-01
8.729166666666666075e+00,1.005487900232961002e-01
8.750000000000000000e+00,-4.254798672734519949e-01
8.770833333333332149e+00,1.347650362966807125e-01
8.791666666666666075e+00,7.947546301290198123e-01
8.812500000000000000e+00,1.579433562041044625e-01
8.833333333333332149e+00,-5.873919103046545409e-01
8.854166666666666075e+00,-2.716752045982240293e-02
8.875000000000000000e+00,6.333256203744755952e-01
8.895833333333332149e+00,-2.078509767847069867e-03
8.916666666666666075e+00,-7.482952728115004337e-01
8.937500000000000000e+00,-1.889431183861679520e-01
8.958333333333332149e+00,4.734739827358747100e-01
8.979166666666666075e+00,-1.592883956450627803e-01
9.000000000000000000e+00,-4.408998511757680205e-01
9.020833333333332149e+00,1.151915079028629635e-01
9.041666666666666075e+00,7.327994558768204936e-01
9.062500000000000000e+00,1.022966072295841689e-01
9.083333333333332149e+00,-6.492142260514638386e-01
9.104166666666666075e+00,-9.573293094971158101e-02
9.125000000000000000e+00,5.721313414087330074e-01
9.145833333333332149e+00,-5.392354718840722261e-02
9.166666666666666075e+00,-8.094680223521746321e-01
9.187500000000000000e+00,-2.603074117393260889e-01
9.208333333333332149e+00,4.125718985331418009e-01
9.229166666666666075e+00,1.350270938780130658e-02
9.250000000000000000e+00,-4.693818850995692959e-01
9.270833333333332149e+00,7.835875301130204584e-02
9.291666666666666075e+00,7.483286529789259234e-01
9.312500000000000000e+00,1.239338728883195573e-01
9.333333333333332149e+00,-6.296597328416738693e-01
9.354166666666666075e+00,-7.754646736864422019e-02
9.375000000000000000e+00,5.875435661937065124e-01
9.395833333333332149e+00,-4.094265464309457259e-02
9.416666666666666075e+00,-7.900024345448443119e-01
9.437500000000000000e+00,-2.340176011726803340e-01
9.458333333333332149e+00,4.278734173603229718e-01
9.479166666666666075e+00,1.698519129389164106e-01
9.500000000000000000e+00,-4.753816068904206382e-01
9.520833333333332149e+00,1.376332605738220249e-01
9.541666666666666075e+00,7.999987048076411256e-01
9.562500000000000000e+00,1.719855869126735992e-01
9.583333333333332149e+00,-5.852100925161322076e-01
9.604166666666666075e+00,-3.946059595685569299e-02
9.625000000000000000e+00,6.396354786277768101e-01
9.645833333333332149e+00,7.565585081541092993e-03
9.666666666666666075e+00,-7.608161784531786154e-01
9.687500000000000000e+00,-2.069005500955827248e-01
9.708333333333332149e+00,4.723253782084679830e-01
9.729166666666666075e+00,6.290607474612834593e-02
9.750000000000000000e+00,-3.929030954066369818e-01
9.770833333333332149e+00,1.471811606348245038e-01
9.791666666666666075e+00,8.222416034990926992e-01
9.812500000000000000e+00,2.063206865138186852e-01
9.833333333333332149e+00,-5.544543515395730093e-01
9.854166666666666075e+00,-6.840497753491311950e-03
9.875000000000000000e+00,6.656068903906866563e-01
9.895833333333332149e+00,4.802209787195278745e-02
9.916666666666666075e+00,-7.112520951030129046e-01
9.937500000000000000e+00,-1.455877269079454139e-01
9.958333333333332149e+00,5.291406557745707007e-01
9.979166666666666075e+00,-8.452565395959230066e-02
1.000000000000000000e+01,-8.505785965829087969e-01
1.002083333333333215e+01,-3.137080603699466952e-01
1.004166666666666607e+01,3.706288896738108574e-01
1.006250000000000000e+01,2.147995583566733591e-01
1.008333333333333215e+01,-5.613373138553272579e-01
1.010416666666666607e+01,-3.217558333656624081e-02
1.012500000000000000e+01,6.590857168387942444e-01
1.014583333333333215e+01,6.284541791805332844e-02
1.016666666666666607e+01,-7.193850889845455621e-01
1.018750000000000000e+01,-1.982790387862721770e-01
1.020833333333333215e+01,4.994522234852955545e-01
1.022916666666666607e+01,2.670259535774686110e-01
1.025000000000000000e+01,-5.201517542185478682e-01
1.027083333333333215e+01,-3.094244058925055274e-03
1.029166666666666607e+01,6.938692790567762003e-01
1.031250000000000000e+01,1.035799230396772797e-01
1.033333333333333215e+01,-6.808394818833425344e-01
1.035416666666666607e+01,-1.615798507889611157e-01
1.037500000000000000e+01,5.339188756707062833e-01
1.039583333333333215e+01,2.328378134535043498e-01
1.041666666666666607e+01,-4.696959801970788106e-01
1.043750000000000000e+01,5.076739673564654998e-02
1.045833333333333215e+01,7.436726506378193990e-01
1.047916666666666607e+01,1.482452244967156496e-01
1.050000000000000000e+01,-6.318924911575988235e-01
1.052083333333333215e+01,-1.088677469623368782e-01
1.054166666666666607e+01,5.811801573074218963e-01
1.056250000000000000e+01,-1.420209866770026641e-02
1.058333333333333215e+01,-4.862041545546085808e-01
1.060416666666666607e+01,3.862184792581489778e-02
1.062500000000000000e+01,7.260834167658867244e-01
1.064583333333333215e+01,1.286821562117533568e-01
1.066666666666666607e+01,-6.466122189861349678e-01
1.068750000000000000e+01,-1.199440263917915805e-01
1.070833333333333215e+01,5.663272895481811231e-01
1.072916666666666607e+01,-3.107251917209548353e-02
1.075000000000000000e+01,-8.058228632328762187e-01
1.077083333333333215e+01,-2.788602319264354978e-01
1.079166666666666607e+01,4.081864600012261590e-01
1.081250000000000000e+01,1.789137786975694144e-01
1.083333333333333215e+01,-3.477853749180386256e-01
1.085416666666666607e+01,-5.182973887460337048e-01
1.087500000000000000e+01,9.190971854607686564e-02
1.089583333333333215e+01,1.787765461226236141e-01
1.091666666666666607e+01,-5.103339070947940925e-01
1.093750000000000000e+01,-2.592459046471487505e-02
1.095833333333333215e+01,6.523828699180724833e-01
1.097916666666666607e+01,1.112155707208440508e-01
1.100000000000000000e+01,-7.145166764403398929e-01
1.102083333333333215e+01,-2.375244235034827955e-01
1.104166666666666607e+01,4.937763198156230882e-01
1.106250000000000000e+01,-5.581264925611333083e-02
1.108333333333333215e+01,-7.235249353798249849e-01
1.110416666666666607e+01,-2.388056328765149616e-01
1.112500000000000000e+01,4.854099075529937912e-01
1.114583333333333215e+01,2.527365134612525321e-01
1.116666666666666607e+01,-4.733679755479646145e-01
1.118750000000000000e+01,1.856005045154683619e-02
1.120833333333333215e+01,7.340711646310875693e-01
1.122916666666666607e+01,1.678793590929829049e-01
1.125000000000000000e+01,-5.976576406594085178e-01
1.127083333333333215e+01,-9.717232445490260606e-02
1.129166666666666607e+01,6.106086087963742415e-01
1.131250000000000000e+01,3.133135082867605226e-01
1.133333333333333215e+01,-3.663544461208907421e-01
1.135416666666666607e+01,1.415097207445166760e-01
1.137500000000000000e+01,8.400580523841854053e-01
1.139583333333333215e+01,2.573820746996315356e-01
1.141666666666666607e+01,-5.272413245286482475e-01
1.143750000000000000e+01,-1.071280277588260166e-02
1.145833333333333215e+01,6.796841905533125283e-01
1.147916666666666607e+01,9.016727259997298072e-02
1.150000000000000000e+01,-5.775732525246404236e-01
1.152083333333333215e+01,-1.032393046168697259e-01
1.154166666666666607e+01,5.423451668708284545e-01
1.156250000000000000e+01,-1.897470941486197049e-02
1.158333333333333215e+01,-7.780121628936852440e-01
1.160416666666666607e+01,-2.522974951770473595e-01
1.162500000000000000e+01,4.285953460923014324e-01
1.164583333333333215e+01,-7.322888911019059810e-02
1.166666666666666607e+01,-3.069867706621895453e-01
1.168750000000000000e+01,2.279081873768819821e-01
1.170833333333333215e+01,2.429172996703591603e-01
1.172916666666666607e+01,-3.119429425872852213e-01
1.175000000000000000e+01,2.172927025869952344e-01
1.177083333333333215e+01,4.528142436406810134e-01
1.179166666666666607e+01,-1.416434723913616023e-01
1.181250000000000000e+01,-6.410476556127734371e-01
1.183333333333333215e+01,-1.033381085783135894e-01
1.185416666666666607e+01,4.718252493896287203e-01
1.187500000000000000e+01,-8.375740764913156000e-02
1.189583333333333215e+01,-5.848732075734774938e-01
1.191666666666666607e+01,-3.733399114925331497e-02
1.193750000000000000e+01,5.379603653238375083e-01
1.195833333333333215e+01,1.672542790875929108e-02
1.197916666666666607e+01,-4.984983886880505199e-01
1.200000000000000000e+01,7.561993853313264680e-02
1.202083333333333215e+01,6.997650831908045488e-01
1.204166666666666607e+01,1.848856508049706582e-01
1.206250000000000000e+01,-4.424608509517092281e-01
1.208333333333333215e+01,1.433488369267091611e-01
1.210416666666666607e+01,7.345178748121156120e-01
1.212500000000000000e+01,2.060010784810951678e-01
1.214583333333333215e+01,-4.681633047431830175e-01
1.216666666666666607e+01,-3.467674204837328800e-02
1.218750000000000000e+01,3.432636552043120126e-01
1.220833333333333215e+01,-2.039364172988050172e-01
1.222916666666666607e+01,-6.407584810538364817e-01
1.225000000000000000e+01,-1.270312354099173979e-01
1.227083333333333215e+01,6.358319737186046705e-01
1.229166666666666607e+01,4.964386086162980716e-02
1.231250000000000000e+01,-6.815814771449159037e-01
1.233333333333333215e+01,-1.851828219310294732e-01
1.235416666666666607e+01,5.548758528552922842e-01
1.237500000000000000e+01,-1.451942780232648444e-02
1.239583333333333215e+01,-8.059989945053148697e-01
1.241666666666666607e+01,-2.903933073724416780e-01
1.243750000000000000e+01,4.269753367273244615e-01
1.245833333333333215e+01,-1.537951485277591901e-01
1.247916666666666607e+01,-3.619946028338401622e-01
1.250000000000000000e+01,1.883011405766275570e-01
1.252083333333333215e+01,3.403680531585895896e-01
1.254166666666666607e+01,-1.748628951298445422e-01
1.256250000000000000e+01,-7.319279402287206526e-01
1.258333333333333215e+01,-1.196651677846689354e+00
1.260416666666666607e+01,-6.214062729852920519e-01
1.262500000000000000e+01,1.589595860097571534e-01
1.264583333333333215e+01,-4.602425632577857861e-01
1.266666666666666607e+01,-2.580389325762686425e-01
1.268750000000000000e+01,2.606411497520939036e-01
1.270833333333333215e+01,-2.796422888012132790e-01
1.272916666666666607e+01,-3.973504545681908612e-02
1.275000000000000000e+01,5.468214615904759546e-01
1.277083333333333215e+01,-5.619362837152616641e-02
1.279166666666666607e+01,-1.421000597683860223e-01
1.281250000000000000e+01,5.703880843019221158e-01
1.283333333333333215e+01,8.087012740957036927e-01
1.285416666666666607e+01,6.613118708339360552e-03
1.287500000000000000e+01,-1.416915263877915332e-01
1.289583333333333215e+01,5.731422423126968368e-01
1.291666666666666607e+01,1.130684247833507294e+00
1.293750000000000000e+01,3.230683583519830537e-01
1.295833333333333215e+01,-1.951150797114368229e-01
1.297916666666666607e+01,4.252383191827295850e-01
1.300000000000000000e+01,5.976893434394718874e-01
1.302083333333333215e+01,-2.059618409266842920e-01
1.304166666666666607e+01,-5.822000351071114910e-01
1.306250000000000000e+01,1.281032327849010444e-01
1.308333333333333215e+01,6.928676867726197841e-01
1.310416666666666607e+01,-5.178213621382890541e-02
1.312500000000000000e+01,-5.526607781061212421e-01
1.314583333333333215e+01,1.509537847144044043e-01
1.316666666666666607e+01,7.085284108121080449e-01
1.318750000000000000e+01,-4.604749122107731907e-02
1.320833333333333215e+01,-5.421816879677227030e-01
1.322916666666666607e+01,1.573790316268003642e-01
1.325000000000000000e+01,5.775849079937176445e-01
1.327083333333333215e+01,-1.270897032342602762e-01
1.329166666666666607e+01,-6.219991459050691063e-01
1.331250000000000000e+01,8.242330433782957266e-02
1.333333333333333215e+01,6.431474709083461194e-01
1.335416666666666607e+01,-1.560858294371918198e-01
1.337500000000000000e+01,-6.623508440627846605e-01
1.339583333333333215e+01,4.901943702755040544e-02
1.341666666666666607e+01,5.943881082777491276e-01
1.343750000000000000e+01,-2.070290959021305055e-01
1.345833333333333215e+01,-7.158836552076059956e-01
1.347916666666666607e+01,-6.570146157955453203e-03
1.350000000000000000e+01,5.601608214059972113e-01
1.352083333333333215e+01,-1.700082207907298304e-01
1.354166666666666607e+01,-6.753485839694116644e-01
1.356250000000000000e+01,3.157820904416086538e-02
1.358333333333333215e+01,5.994379072783151408e-01
1.360416666666666607e+01,-1.969519432300289030e-01
1.362500000000000000e+01,-7.057356726469821151e-01
1.364583333333333215e+01,-1.586492140652900895e-03
1.366666666666666607e+01,5.656541921521608396e-01
1.368750000000000000e+01,-1.178062216471008616e-01
1.370833333333333215e+01,-6.254114268781857389e-01
1.372916666666666607e+01,6.243136320019945784e-02
1.375000000000000000e+01,6.373283416965048742e-01
1.377083333333333215e+01,-1.592522515973770203e-01
1.379166666666666607e+01,-6.760225962186169335e-01
1.381250000000000000e+01,2.872847546439655231e-02
1.383333333333333215e+01,6.050131298428329529e-01
1.385416666666666607e+01,-1.287089400551440221e-01
1.387500000000000000e+01,-6.435706061739819850e-01
1.389583333333333215e+01,5.786213157570502252e-02
1.391666666666666607e+01,6.359397545761724668e-01
1.393750000000000000e+01,-1.536524058148372174e-01
1.395833333333333215e+01,-6.720351715980615870e-01
1.397916666666666607e+01,2.517309621211627491e-02
1.400000000000000000e+01,6.109267561122573298e-01
1.402083333333333215e+01,-8.903020470536568420e-02
1.404166666666666607e+01,-3.775780016252802129e-01
1.406250000000000000e+01,3.152537911189700059e-01
1.408333333333333215e+01,9.023595309958886146e-01
1.410416666666666607e+01,1.102601279504987764e-01
1.412500000000000000e+01,-4.204723685493171326e-01
1.414583333333333215e+01,2.818103960470053071e-01
1.416666666666666607e+01,8.730659827170550447e-01
1.418750000000000000e+01,8.335631199240581268e-02
1.420833333333333215e+01,-4.477244944658742010e-01
1.422916666666666607e+01,1.291069445578340025e-01
1.425000000000000000e+01,4.145871386379302859e-01
1.427083333333333215e+01,-3.468607309009342776e-01
1.429166666666666607e+01,-8.709871710691874380e-01
1.431250000000000000e+01,-1.810546691404923692e-01
1.433333333333333215e+01,4.029546223382420300e-01
1.435416666666666607e+01,-2.527446993589135826e-01
1.437500000000000000e+01,-4.353535369798776644e-01
1.439583333333333215e+01,2.035838619424202300e-01
1.441666666666666607e+01,7.134283968524092190e-01
1.443750000000000000e+01,1.847555636305115989e-01
1.445833333333333215e+01,-3.959374060837726472e-01
1.447916666666666607e+01,1.657056304688113713e-01
1.450000000000000000e+01,1.758907846955962972e-01
1.452083333333333215e+01,-3.528870411493201242e-01
1.454166666666666607e+01,-2.825597529697473353e-01
1.456250000000000000e+01,3.128356235931568641e-01
1.458333333333333215e+01,-2.401804045191581194e-01
1.460416666666666607e+01,-4.733929751308952882e-01
1.462500000000000000e+01,1.631450371578302694e-01
1.464583333333333215e+01,6.763233610108884131e-01
1.466666666666666607e+01,8.511833630734232103e-02
1.468750000000000000e+01,-5.610074281309239685e-01
1.470833333333333215e+01,-3.448367216795857060e-02
1.472916666666666607e+01,6.208976766327432006e-01
1.475000000000000000e+01,2.906899055831919931e-02
1.477083333333333215e+01,-7.493287215498354303e-01
1.479166666666666607e+01,-1.808098231419109081e-01
1.481250000000000000e+01,5.073952421194973805e-01
1.483333333333333215e+01,-9.224435504189378021e-02
1.485416666666666607e+01,-8.435491478823298195e-01
1.487500000000000000e+01,-3.166807853091566094e-01
1.489583333333333215e+01,3.748680507958743191e-01
1.491666666666666607e+01,3.881533239416943282e-01
1.493750000000000000e+01,-3.923105077271542562e-01
1.495833333333333215e+01,1.317364261760535782e-01
1.497916666666666607e+01,8.229810230928337189e-01
1.500000000000000000e+01,2.258279122901586944e-01
1.502083333333333215e+01,-5.538256948934223711e-01
1.504166666666666607e+01,-2.938593824390176024e-02
1.506250000000000000e+01,6.624964230833375600e-01
1.508333333333333215e+01,5.805193218095251739e-02
1.510416666666666607e+01,-7.206259643758876621e-01
1.512500000000000000e+01,-1.946456436600592088e-01
1.514583333333333215e+01,4.938233837509041213e-01
1.516666666666666607e+01,-1.064276988942400165e-01
1.518750000000000000e+01,-4.033005868711023179e-01
1.520833333333333215e+01,1.268816098299864470e-01
1.522916666666666607e+01,7.548465928498295785e-01
1.525000000000000000e+01,1.490989034288413562e-01
1.527083333333333215e+01,-6.200016032065933658e-01
1.529166666666666607e+01,-8.498414308933965877e-02
1.531250000000000000e+01,5.948618042648418092e-01
1.533333333333333215e+01,-1.401222447469407939e-02
1.535416666666666607e+01,-7.799769056507237508e-01
1.537500000000000000e+01,-2.422526067837812991e-01
1.539583333333333215e+01,4.359616891147248818e-01
1.541666666666666607e+01,-6.554187038830072698e-02
1.543750000000000000e+01,-3.048367286367822948e-01
1.545833333333333215e+01,2.335568523303769295e-01
1.547916666666666607e+01,3.968447395959520119e-01
1.550000000000000000e+01,-2.152344234061528971e-01
1.552083333333333215e+01,-2.602756405340660162e-02
1.554166666666666607e+01,5.122909644762658754e-01
1.556250000000000000e+01,-9.614898474484820379e-02
1.558333333333333215e+01,-7.058863191894830802e-01
1.560416666666666607e+01,-1.705512589961167280e-01
1.562500000000000000e+01,3.614456338500516286e-01
1.564583333333333215e+01,-2.858268148783763563e-01
1.566666666666666607e+01,-8.907988147888421526e-01
1.568750000000000000e+01,-3.472217078850882155e-01
1.570833333333333215e+01,1.924273795511812768e-01
1.572916666666666607e+01,-3.400666510986584401e-02
1.575000000000000000e+01,-4.619605223006840733e-01
1.577083333333333215e+01,8.618842556565306512e-02
1.579166666666666607e+01,6.321641866887126593e-01
1.581250000000000000e+01,1.105109139542108376e-02
1.583333333333333215e+01,-6.122615540807305745e-01
1.585416666666666607e+01,-6.017277848161235732e-02
1.587500000000000000e+01,4.897092851531658075e-01
1.589583333333333215e+01,3.083803520142902599e-01
1.591666666666666607e+01,-3.098088899881354386e-01
1.593750000000000000e+01,2.399021880097597925e-01
1.595833333333333215e+01,7.853895649535075352e-01
1.597916666666666607e+01,1.701678921550515422e-01
1.600000000000000000e+01,-4.452371024689755763e-01
1.602083333333333215e+01,9.187010567174454245e-02
1.604166666666666430e+01,6.244928712004501614e-01
1.606250000000000000e+01,-7.543837839584899285e-03
1.608333333333333215e+01,-2.189074103988464526e-01
1.610416666666666430e+01,3.179054681536490623e-01
1.612500000000000000e+01,7.494533917036869664e-01
1.614583333333333215e+01,1.349178855573441860e-01
1.616666666666666430e+01,-4.814346971627815330e-01
1.618750000000000000e+01,6.597498351838433639e-02
1.620833333333333215e+01,6.115605362411680179e-01
1.622916666666666430e+01,-8.148607389584991423e-03
1.625000000000000000e+01,-6.264913708750536880e-01
1.627083333333333215e+01,-7.883849947409378445e-02
1.629166666666666430e+01,4.652221882753098670e-01
1.631250000000000000e+01,-1.513317038242977253e-01
1.633333333333333215e+01,-7.868289523367670846e-01
1.635416666666666430e+01,-2.386801107129041533e-01
1.637500000000000000e+01,3.981355532011837672e-01
1.639583333333333215e+01,-8.486921328026930667e-02
1.641666666666666430e+01,-3.848685041535719331e-01
1.643750000000000000e+01,2.023033399282621325e-01
1.645833333333333215e+01,5.957493975356101812e-01
1.647916666666666430e+01,-3.216092524784691653e-02
1.650000000000000000e+01,-7.020487387543421498e-01
1.652083333333333215e+01,-1.498589106738281163e-01
1.654166666666666430e+01,5.679102283330013101e-01
1.656250000000000000e+01,-6.452024074889700644e-02
1.658333333333333215e+01,-6.046546599564115443e-01
1.660416666666666430e+01,-4.685394663697138584e-02
1.662500000000000000e+01,7.024900108114653374e-01
1.664583333333333215e+01,7.117354667178202310e-02
1.666666666666666430e+01,-6.041586649756988114e-01
1.668750000000000000e+01,-4.214042611948994044e-02
1.670833333333333215e+01,7.137875557763014855e-01
1.672916666666666430e+01,8.049411954700846916e-02
1.675000000000000000e+01,-5.967339630312671339e-01
1.677083333333333215e+01,-3.738780727935286929e-02
1.679166666666666430e+01,7.160012992975532953e-01
1.681250000000000000e+01,9.037665879100376110e-02
1.683333333333333215e+01,-5.797856731449850809e-01
1.685416666666666430e+01,-3.261234916121337479e-02
1.687500000000000000e+01,6.457400124593739577e-01
1.689583333333333215e+01,3.065947650502885702e-02
1.691666666666666430e+01,-6.328659790004289576e-01
1.693750000000000000e+01,-8.729790122455644008e-02
1.695833333333333215e+01,6.560978882025074732e-01
1.697916666666666430e+01,4.104052509723075948e-02
1.700000000000000000e+01,-6.228779487912639024e-01
1.702083333333333215e+01,-8.206928966019245986e-02
1.704166666666666430e+01,5.940354164460652786e-01
1.706250000000000000e+01,-1.808311907867317381e-02
1.708333333333333215e+01,-6.827743828915399105e-01
1.710416666666666430e+01,-1.362990873176433138e-01
1.712500000000000000e+01,6.121905346057103792e-01
1.714583333333333215e+01,-7.131647800111690083e-03
1.716666666666666430e+01,-6.792901433348447204e-01
1.718750000000000000e+01,-1.305813867686322904e-01
1.720833333333333215e+01,6.209803116977128390e-01
1.722916666666666430e+01,-8.486349483761979062e-03
1.725000000000000000e+01,-6.247069176102775234e-01
1.727083333333333215e+01,-7.481752893359779055e-02
1.729166666666666430e+01,6.814691460211205198e-01
1.731250000000000000e+01,5.964513988752608020e-02
1.733333333333333215e+01,-6.198354869180908722e-01
1.735416666666666430e+01,-6.956311933067509112e-02
1.737500000000000000e+01,6.891910469577982035e-01
1.739583333333333215e+01,6.853807027954213205e-02
1.741666666666666430e+01,-5.475322074051462984e-01
1.743750000000000000e+01,5.012860516108708087e-02
1.745833333333333215e+01,6.275868912805028232e-01
1.747916666666666430e+01,1.310640676439593477e+00
1.750000000000000000e+01,1.977981887199951716e+00
1.752083333333333215e+01,1.397371876246669586e+00
1.754166666666666430e+01,6.574277955079017577e-01
1.756250000000000000e+01,-5.175546624576676802e-02
1.758333333333333215e+01,5.914020370506364310e-01
1.760416666666666430e+01,4.425510609217896962e-01
1.762500000000000000e+01,-2.810615976696487217e-01
1.764583333333333215e+01,-4.404925351526754462e-01
1.766666666666666430e+01,2.047827588170669788e-01
1.768750000000000000e+01,-2.721460831947044579e-01
1.770833333333333215e+01,-8.368235998553784638e-01
1.772916666666666430e+01,-2.833864865196223937e-01
1.775000000000000000e+01,2.891167827097818055e-02
1.777083333333333215e+01,-4.621995676638238626e-01
1.779166666666666430e+01,-9.514543020649389726e-01
1.781250000000000000e+01,-3.851381396402223101e-01
1.783333333333333215e+01,-9.403956804972077310e-02
1.785416666666666430e+01,-5.978521488753067992e-01
1.787500000000000000e+01,-1.099177229613848228e+00
1.789583333333333215e+01,-5.191975863274151948e-01
1.791666666666666430e+01,1.064578825004596774e-01
1.793750000000000000e+01,-4.137566569019664464e-01
1.795833333333333215e+01,-1.030670547453306884e+00
1.797916666666666430e+01,-4.317597596414278760e-01
1.800000000000000000e+01,2.052426360424030316e-01
1.802083333333333215e+01,-2.254958846241383597e-01
1.804166666666666430e+01,-3.758472945796068609e-01
1.806250000000000000e+01,2.348757165221866394e-01
1.808333333333333215e+01,4.834690472321121479e-01
1.810416666666666430e+01,-5.981922079793142166e-02
1.812500000000000000e+01,-6.010340156315983062e-01
1.814583333333333215e+01,1.043417867970299062e-02
1.816666666666666430e+01,6.159711850349216533e-01
1.818750000000000000e+01,7.578305902025078700e-02
1.820833333333333215e+01,-4.597747523263371328e-01
1.822916666666666430e+01,1.419429707564713872e-01
1.825000000000000000e+01,7.905632185905678844e-01
1.827083333333333215e+01,2.563852299661789624e-01
1.829166666666666430e+01,-4.179326042369703176e-01
1.831250000000000000e+01,1.800622297912792824e-01
1.833333333333333215e+01,8.760630353809050197e-01
1.835416666666666430e+01,3.422156651499421165e-01
1.837500000000000000e+01,-4.366685368214200391e-01
1.839583333333333215e+01,1.647003650205783321e-01
1.841666666666666430e+01,4.378626895853877099e-01
1.843750000000000000e+01,-9.510602642728975542e-02
1.845833333333333215e+01,-7.736453840469467158e-01
1.847916666666666430e+01,-1.736989786937482849e-01
1.850000000000000000e+01,5.170274326046730984e-01
1.852083333333333215e+01,-1.029457770953151607e-02
1.854166666666666430e+01,-7.543744422510569869e-01
1.856250000000000000e+01,-1.276587321206894832e-01
1.858333333333333215e+01,5.549063304427523935e-01
1.860416666666666430e+01,-3.365973003415168030e-02
1.862500000000000000e+01,-6.019273331266798976e-01
1.864583333333333215e+01,5.605914942081749452e-03
1.866666666666666430e+01,6.906803440116184856e-01
1.868750000000000000e+01,1.623055370919705143e-01
1.870833333333333215e+01,-6.010258124393860202e-01
1.872916666666666430e+01,2.538001008234745670e-02
1.875000000000000000e+01,7.070243620171587917e-01
1.877083333333333215e+01,1.591543268335348094e-01
1.879166666666666430e+01,-6.105869802658689949e-01
1.881250000000000000e+01,-5.890192061255863920e-03
1.883333333333333215e+01,6.860271177014956034e-01
1.885416666666666430e+01,1.488210992978221681e-01
1.887500000000000000e+01,-6.247715915220137806e-01
1.889583333333333215e+01,-2.079191838209493159e-02
1.891666666666666430e+01,6.704260966917425790e-01
1.893750000000000000e+01,1.386021334414322403e-01
1.895833333333333215e+01,-6.296527157289417698e-01
1.897916666666666430e+01,1.765694054961214343e-03
1.900000000000000000e+01,5.377920899211466876e-01
1.902083333333333215e+01,-3.034224874415843154e-02
1.904166666666666430e+01,-8.034565676577938298e-01
1.906250000000000000e+01,-2.023297978856685164e-01
1.908333333333333215e+01,4.906965863485478474e-01
1.910416666666666430e+01,-3.894223057028783908e-02
1.912500000000000000e+01,-8.105715230045157371e-01
1.914583333333333215e+01,-1.841049476803379992e-01
1.916666666666666430e+01,5.062222014185373542e-01
1.918750000000000000e+01,-2.383170964063996422e-02
1.920833333333333215e+01,-7.939854996693459510e-01
1.922916666666666430e+01,-1.921308353204358998e-01
1.925000000000000000e+01,5.094997056983163741e-01
1.927083333333333215e+01,9.988745789224276472e-03
1.929166666666666430e+01,-3.431188210993404430e-01
1.931250000000000000e+01,2.576357701261023925e-01
1.933333333333333215e+01,6.593964429069014699e-01
1.935416666666666430e+01,1.289261706800328700e-01
1.937500000000000000e+01,-6.529843233665908464e-01
1.939583333333333215e+01,-6.008287882545322589e-02
1.941666666666666430e+01,6.358401043117302143e-01
1.943750000000000000e+01,1.171290104532294596e-01
1.945833333333333215e+01,-5.882591403272916519e-01
1.947916666666666430e+01,4.294924658658480499e-03
1.950000000000000000e+01,6.936234772950931049e-01
1.952083333333333215e+01,1.761296409751265113e-01
1.954166666666666430e+01,-5.981372600731463818e-01
1.956250000000000000e+01,-1.369299358602711625e-02
1.958333333333333215e+01,6.797681085133838730e-01
1.960416666666666430e+01,1.641064585333942838e-01
1.962500000000000000e+01,-6.098796038312053192e-01
1.964583333333333215e+01,9.487426780202590226e-03
1.966666666666666430e+01,7.017272538008528793e-01
1.968750000000000000e+01,1.775717968327943375e-01
1.970833333333333215e+01,-6.049372700129378444e-01
1.972916666666666430e+01,-1.606799426964840294e-02
1.975000000000000000e+01,6.897565619909344914e-01
1.977083333333333215e+01,1.660320141133521665e-01
1.979166666666666430e+01,-6.252479918863599329e-01
1.981250000000000000e+01,-3.621238885986342859e-02
1.983333333333333215e+01,3.899695177359541742e-01
1.985416666666666430e+01,-1.302635555368254483e-01
1.987500000000000000e+01,-9.219910881492264787e-01
1.989583333333333215e+01,-3.384752410871604278e-01
1.991666666666666430e+01,3.696276414289986212e-01
1.993750000000000000e+01,-1.413242619764382146e-01
1.995833333333333215e+01,-6.854634868241840095e-01
1.997916666666666430e+01,-6.462412610831859416e-02
2.000000000000000000e+01,6.377104051727413569e-01
2.002083333333333215e+01,4.627479320880403812e-02
2.004166666666666430e+01,-7.443982499147741017e-01
2.006250000000000000e+01,-1.264115557012043811e-01
2.008333333333333215e+01,5.796179366672047362e-01
2.010416666666666430e+01,6.873752804417919415e-02
2.012500000000000000e+01,-4.263341080147517448e-01
2.014583333333333215e+01,1.519478114014242431e-01
2.016666666666666430e+01,8.659273021553162142e-01
2.018750000000000000e+01,3.522430579994952904e-01
2.020833333333333215e+01,-4.454225524890892407e-01
2.022916666666666430e+01,1.301906183707532694e-01
2.025000000000000000e+01,5.345406027884913591e-01
2.027083333333333215e+01,2.742911775787920670e-02
2.029166666666666430e+01,-7.639697618167774484e-01
2.031250000000000000e+01,-1.853228398578102010e-01
2.033333333333333215e+01,5.192131182623943575e-01
2.035416666666666430e+01,2.101612147984785461e-02
2.037500000000000000e+01,-7.273065748855290780e-01
2.039583333333333215e+01,-1.234501233699620143e-01
2.041666666666666430e+01,5.773634179302715719e-01
2.043750000000000000e+01,4.905194515197128236e-02
2.045833333333333215e+01,-7.156614192670875951e-01
2.047916666666666430e+01,-1.457046275880183039e-01
2.050000000000000000e+01,5.656545223714425363e-01
2.052083333333333215e+01,6.094537566143096163e-02
2.054166666666666430e+01,-5.739896264110070367e-01
2.056250000000000000e+01,-6.845561880089390261e-03
2.058333333333333215e+01,7.025911684506218613e-01
2.060416666666666430e+01,2.056106732080161814e-01
2.062500000000000000e+01,-5.092241817538990523e-01
2.064583333333333215e+01,6.017392783838215742e-02
2.066666666666666430e+01,7.665605103452443059e-01
2.068750000000000000e+01,2.687188045136518766e-01
2.070833333333333215e+01,-5.252896256197268077e-01
2.072916666666666430e+01,3.704908861918151941e-02
2.075000000000000000e+01,6.471851790853854203e-01
2.077083333333333215e+01,1.501677581088202984e-01
2.079166666666666430e+01,-6.451162554858902443e-01
2.081250000000000000e+01,-5.864792283711536824e-02
2.083333333333333215e+01,5.999435737506586541e-01
2.085416666666666430e+01,1.044221568692539764e-01
2.087500000000000000e+01,-6.936148412536147223e-01
2.089583333333333215e+01,-1.345031861180835953e-01
2.091666666666666430e+01,5.047061010662098335e-01
2.093750000000000000e+01,1.208287753619546878e-02
2.095833333333333215e+01,-7.769914741727450558e-01
2.097916666666666430e+01,-1.613533357407103130e-01
2.100000000000000000e+01,5.551410116090481628e-01
2.102083333333333215e+01,-1.178363011207557431e-02
2.104166666666666430e+01,-8.197616664874716186e-01
2.106250000000000000e+01,-2.594277071809955038e-01
2.108333333333333215e+01,4.658839463031089201e-01
2.110416666666666430e+01,-2.681612787582104973e-02
2.112500000000000000e+01,-7.911865095592642838e-01
2.114583333333333215e+01,-1.919972058506137502e-01
2.116666666666666430e+01,5.325248792959080824e-01
2.118750000000000000e+01,7.375285034796799644e-03
2.120833333333333215e+01,-6.212061125080666768e-01
2.122916666666666430e+01,-5.955769858512990900e-02
2.125000000000000000e+01,6.745417786272071003e-01
2.127083333333333215e+01,1.761481160464493101e-01
2.129166666666666430e+01,-6.423655380727645303e-01
2.131250000000000000e+01,-8.411380196375461971e-02
2.133333333333333215e+01,6.463330860076046402e-01
2.135416666666666430e+01,1.558629789115902331e-01
2.137500000000000000e+01,-6.527526747189793532e-01
2.139583333333333215e+01,-1.152983093686446581e-02
2.141666666666666430e+01,7.117120405011606588e-01
2.143750000000000000e+01,-2.246088669173565422e-02
2.145833333333333215e+01,-4.390204664344874996e-01
2.147916666666666430e+01,2.825282563406441572e-01
2.150000000000000000e+01,1.002308136208256872e+00
2.152083333333333215e+01,1.462140849071773274e-01
2.154166666666666430e+01,-5.602674379099549240e-01
2.156250000000000000e+01,-2.022435124225645253e-02
2.158333333333333215e+01,6.992115646878256374e-01
2.160416666666666430e+01,2.521526026053364511e-01
2.162500000000000000e+01,-2.005157392026844509e-01
2.164583333333333215e+01,2.946619707472284411e-01
2.166666666666666430e+01,1.111500218173191862e-01
2.168750000000000000e+01,-3.128137600150001085e-01
2.170833333333333215e+01,-1.309880870665454944e-01
2.172916666666666430e+01,4.882314698477196457e-01
2.175000000000000000e+01,-2.907087347448660264e-01
2.177083333333333215e+01,-7.203912446155540383e-01
2.179166666666666430e+01,1.447569161028770257e-01
2.181250000000000000e+01,7.561598010728693975e-01
2.183333333333333215e+01,-9.630613384562058954e-03
2.185416666666666430e+01,-6.109535918934404508e-01
2.187500000000000000e+01,2.354952601294994785e-01
2.189583333333333215e+01,9.502951130532566459e-02
2.191666666666666430e+01,-6.086592202203767732e-01
2.193750000000000000e+01,-5.835411057591499695e-02
2.195833333333333215e+01,6.310940489336547277e-01
2.197916666666666430e+01,-1.001567300896536727e-01
2.200000000000000000e+01,-8.261651801452796207e-01
2.202083333333333215e+01,-1.663070921323150653e-01
2.204166666666666430e+01,6.415910141395267940e-01
2.206250000000000000e+01,-7.669277259483198161e-02
2.208333333333333215e+01,-7.921169550778220936e-01
2.210416666666666430e+01,1.774875854036664369e-02
2.212500000000000000e+01,8.278552616932852715e-01
2.214583333333333215e+01,1.137085961316009197e-01
2.216666666666666430e+01,-5.974801720990378096e-01
2.218750000000000000e+01,4.109824384477164805e-02
2.220833333333333215e+01,4.100204076524401331e-01
2.222916666666666430e+01,-3.067493414173901867e-01
2.225000000000000000e+01,-7.256014046652471405e-01
2.227083333333333215e+01,8.960392252889809450e-02
2.229166666666666430e+01,8.241981138168823495e-01
2.231250000000000000e+01,2.245252634284917725e-01
2.233333333333333215e+01,-4.260569916893846010e-01
2.235416666666666430e+01,-1.833798734650607387e-02
2.237500000000000000e+01,6.394964878775779571e-01
2.239583333333333215e+01,-6.959552344364994259e-02
2.241666666666666430e+01,-8.340329664729281278e-01
2.243750000000000000e+01,-2.175373834512461801e-02
2.245833333333333215e+01,7.147426726814751774e-01
2.247916666666666430e+01,-1.555077265640922302e-02
2.250000000000000000e+01,-8.583751456970768468e-01
2.252083333333333215e+01,-6.461332938005828752e-02
2.254166666666666430e+01,6.810867312691194497e-01
2.256250000000000000e+01,-1.007179859424538193e-01
2.258333333333333215e+01,-9.408786964013444720e-01
2.260416666666666430e+01,-1.764475746025896130e-01
2.262500000000000000e+01,5.706625398885184497e-01
2.264583333333333215e+01,-3.504218173178312579e-02
2.266666666666666430e+01,-5.376262642526118407e-01
2.268750000000000000e+01,1.952268007214838508e-01
2.270833333333333215e+01,9.853650695686433370e-01
2.272916666666666430e+01,2.007740688640033133e-01
2.275000000000000000e+01,-4.740537248652411106e-01
2.277083333333333215e+01,2.757932099498027201e-01
2.279166666666666430e+01,6.243096866750034168e-01
2.281250000000000000e+01,-1.715433641322638980e-01
2.283333333333333215e+01,-8.039560437529825743e-01
2.285416666666666430e+01,-1.786498429762331530e-02
2.287500000000000000e+01,4.485931167090808080e-01
2.289583333333333215e+01,-2.438766447105044644e-01
2.291666666666666430e+01,-5.281322278815855364e-01
2.293750000000000000e+01,2.227685433826040451e-01
2.295833333333333215e+01,7.002347773346743187e-01
2.297916666666666430e+01,-3.582806306959221421e-02
2.300000000000000000e+01,-5.174652233771189769e-01
2.302083333333333215e+01,3.152019369879045518e-01
2.304166666666666430e+01,8.245458163038684729e-01
2.306250000000000000e+01,7.374016947580994130e-02
2.308333333333333215e+01,-3.895967706918356255e-01
2.310416666666666430e+01,-6.285871868443915211e-02
2.312500000000000000e+01,4.593213186402562709e-01
2.314583333333333215e+01,-3.361494597325084266e-01
2.316666666666666430e+01,-7.961009639762546275e-01
2.318750000000000000e+01,-4.937948261787000748e-02
2.320833333333333215e+01,4.480698539172116579e-01
2.322916666666666430e+01,-2.583751552285841191e-01
2.325000000000000000e+01,-7.398009439219080940e-01
2.327083333333333215e+01,-3.603651122837170373e-03
2.329166666666666430e+01,4.699704743062944057e-01
2.331250000000000000e+01,-3.652442856807888161e-01
2.333333333333333215e+01,-3.188024523012003009e-01
2.335416666666666430e+01,4.503251804844979889e-01
2.337500000000000000e+01,4.690620984700094587e-01
2.339583333333333215e+01,-3.198703255397282730e-01
2.341666666666666430e+01,-3.141751051151950302e-01
2.343750000000000000e+01,4.380523364473012382e-01
2.345833333333333215e+01,4.003090544323126831e-01
2.347916666666666430e+01,-3.323596247837304896e-01
2.350000000000000000e+01,-3.374481001174176042e-01
2.352083333333333215e+01,4.946963428902741988e-01
2.354166666666666430e+01,2.901689129799902012e-01
2.356250000000000000e+01,-4.448370017822087519e-01
2.358333333333333215e+01,9.946670430248390204e-02
2.360416666666666430e+01,6.890730407182884543e-01
2.362500000000000000e+01,-4.975274723420719525e-02
2.364583333333333215e+01,-8.212711954982975238e-01
2.366666666666666430e+01,8.569960222058636834e-03
2.368750000000000000e+01,6.604814707049425637e-01
2.370833333333333215e+01,-7.818362290965166772e-02
2.372916666666666430e+01,-6.834150116976591693e-01
2.375000000000000000e+01,1.319163519915044769e-01
2.377083333333333215e+01,6.394995667511859105e-01
2.379166666666666430e+01,-2.148361824429800837e-02
2.381250000000000000e+01,-4.673270336802963221e-01
2.383333333333333215e+01,2.422750594092889509e-01
2.385416666666666430e+01,4.194133550778904596e-01
2.387500000000000000e+01,-3.659318348957573130e-01
2.389583333333333215e+01,-8.281110822901188717e-01
2.391666666666666430e+01,-1.026522974090121332e-01
2.393750000000000000e+01,3.898419491891014221e-01
2.395833333333333215e+01,-2.683609372129793225e-01
2.397916666666666430e+01,-3.387473804463807525e-01
2.400000000000000000e+01,2.870986216300505101e-01
2.402083333333333215e+01,6.298419773452481607e-01
2.404166666666666430e+01,6.258707425560129656e-02
2.406250000000000000e+01,-4.537110760366139806e-01
2.408333333333333215e+01,3.318259426167943782e-02
2.410416666666666430e+01,4.844999321208623977e-01
2.412500000000000000e+01,-7.500229272948882864e-03
2.414583333333333215e+01,-5.188669452305173513e-01
2.416666666666666430e+01,-6.963885547346722327e-02
2.418750000000000000e+01,3.963616237034751077e-01
2.420833333333333215e+01,-1.435427270206957040e-01
2.422916666666666430e+01,-2.676022458341810184e-01
2.425000000000000000e+01,1.757954312439211353e-01
2.427083333333333215e+01,5.433928954743991735e-01
2.429166666666666430e+01,3.890648486259568051e-02
2.431250000000000000e+01,-4.153746552541694448e-01
2.433333333333333215e+01,6.236412925567261234e-02
2.435416666666666430e+01,6.199127673064499522e-01
2.437500000000000000e+01,1.381962183288496515e-01
2.439583333333333215e+01,-3.069729931382900734e-01
2.441666666666666430e+01,1.262775314875076438e-01
2.443750000000000000e+01,1.001322797693123684e-01
2.445833333333333215e+01,-3.473761311413620656e-01
2.447916666666666430e+01,-2.959577036615920198e-01
2.450000000000000000e+01,2.084032956407727011e-01
2.452083333333333215e+01,-8.203222434967784304e-02
2.454166666666666430e+01,-5.285975801917117689e-01
2.456250000000000000e+01,2.142504740268035002e-01
2.458333333333333215e+01,7.100404417325566486e-01
2.460416666666666430e+01,-1.194133654712133952e-01
2.462500000000000000e+01,-5.962796391550875263e-01
2.464583333333333215e+01,1.354277183401999818e-01
2.466666666666666430e+01,6.158466492203931164e-01
2.468750000000000000e+01,-1.172484675235060669e-01
2.470833333333333215e+01,-6.280923424092305085e-01
2.472916666666666430e+01,1.284914845870649691e-01
2.475000000000000000e+01,5.798557677479899697e-01
2.477083333333333215e+01,-2.197519806077168902e-01
2.479166666666666430e+01,-7.502227941289509872e-01
2.481250000000000000e+01,-4.905268789362382531e-02
2.483333333333333215e+01,3.912864631246341096e-01
2.485416666666666430e+01,-3.286507560119515947e-01
2.487500000000000000e+01,-5.996442353705595529e-01
2.489583333333333215e+01,2.252550983184238298e-01
2.491666666666666430e+01,7.038094267624771527e-01
2.493750000000000000e+01,-2.502510569925353590e-02
2.495833333333333215e+01,-5.027472402833269571e-01
2.497916666666666430e+01,3.238523879544374373e-01
2.500000000000000000e+01,8.465313929881513877e-01
2.502083333333333215e+01,8.180530831862889429e-02
2.504166666666666430e+01,-3.822149834674708480e-01
2.506250000000000000e+01,1.047880411890894370e-01
2.508333333333333215e+01,5.534307376580948068e-01
2.510416666666666430e+01,-2.551870257873313230e-01
2.512500000000000000e+01,-7.208256422413310549e-01
2.514583333333333215e+01,2.048879742454370878e-02
2.516666666666666430e+01,5.112494531814922860e-01
2.518750000000000000e+01,-3.230037463495408212e-01
2.520833333333333215e+01,-8.171963645758761885e-01
2.522916666666666430e+01,-8.424903648820039614e-02
2.525000000000000000e+01,3.824628284199028116e-01
2.527083333333333215e+01,-3.227919021017283119e-01
2.529166666666666430e+01,-2.807478529591189709e-01
2.531250000000000000e+01,4.944494560742868083e-01
2.533333333333333215e+01,4.407444409400954055e-01
2.535416666666666430e+01,-3.319924865070860154e-01
2.537500000000000000e+01,-1.426705731899661767e-01
2.539583333333333215e+01,6.090756537402541859e-01
2.541666666666666430e+01,-1.899170550775445276e-01
2.543750000000000000e+01,-4.599141642887944470e-01
2.545833333333333215e+01,3.256340456850710385e-01
2.547916666666666430e+01,4.868817334944643971e-01
2.550000000000000000e+01,-2.779678862019915875e-01
2.552083333333333215e+01,-1.896373270715017434e-01
2.554166666666666430e+01,6.509504754594643838e-01
2.556250000000000000e+01,1.782152329555344861e-01
2.558333333333333215e+01,-5.707368950801158247e-01
2.560416666666666430e+01,-8.591046980057115423e-02
2.562500000000000000e+01,7.564083369929548439e-01
2.564583333333333215e+01,2.580655985217309989e-01
2.566666666666666430e+01,-4.944263038188360104e-01
2.568750000000000000e+01,-3.080868151287253220e-01
2.570833333333333215e+01,4.825959052589695597e-01
2.572916666666666430e+01,-3.468064346373274376e-02
2.575000000000000000e+01,-8.375605999713300331e-01
2.577083333333333215e+01,-3.842305160075182302e-01
2.579166666666666430e+01,3.638479326478668008e-01
2.581250000000000000e+01,-3.553074836509984014e-02
2.583333333333333215e+01,-3.662812478883540335e-01
2.585416666666666430e+01,1.193405236388988128e-01
2.587500000000000000e+01,5.053111312986687809e-01
2.589583333333333215e+01,-9.522251070632387071e-02
2.591666666666666430e+01,-6.355461939269217986e-01
2.593750000000000000e+01,-2.460965867050701750e-02
2.595833333333333215e+01,7.561456237125629976e-01
2.597916666666666430e+01,2.326344327873601792e-01
2.600000000000000000e+01,-5.417361773288484894e-01
2.602083333333333215e+01,-1.638133071368187699e-02
2.604166666666666430e+01,8.109636917393672206e-01
2.606250000000000000e+01,3.391816876842098649e-01
2.608333333333333215e+01,-4.037274908503660775e-01
2.610416666666666430e+01,-3.184351362058313595e-01
2.612500000000000000e+01,5.223686232808580909e-01
2.614583333333333215e+01,2.860670248359648005e-02
2.616666666666666430e+01,-7.253375593214599348e-01
2.618750000000000000e+01,-2.622348608385833835e-01
2.620833333333333215e+01,5.441779411850485859e-01
2.622916666666666430e+01,2.207381228666563389e-02
2.625000000000000000e+01,-7.671927930602678858e-01
2.627083333333333215e+01,-3.088056290320597697e-01
2.629166666666666430e+01,4.489627693664601793e-01
2.631250000000000000e+01,-6.075542234009269349e-02
2.633333333333333215e+01,-2.875143723340419788e-01
2.635416666666666430e+01,1.848730633124094913e-01
2.637500000000000000e+01,3.382065473582523962e-01
2.639583333333333215e+01,-1.432940637293993458e-01
2.641666666666666430e+01,1.728268673165223590e-01
2.643750000000000000e+01,4.920477746339472214e-01
2.645833333333333215e+01,-6.495859750381693942e-03
2.647916666666666430e+01,-4.627928490403687700e-01
2.650000000000000000e+01,1.208097390557411055e-02
2.652083333333333215e+01,5.334334480232064690e-01
2.654166666666666430e+01,5.522148348658539874e-02
2.656250000000000000e+01,-4.039072659951139510e-01
2.658333333333333215e+01,1.070271351214906047e-01
2.660416666666666430e+01,6.154276808991080427e-01
2.662500000000000000e+01,1.523470630324651187e-01
2.664583333333333215e+01,-3.230879463583261613e-01
2.666666666666666430e+01,6.647238342358702257e-02
2.668750000000000000e+01,1.148491975337246895e-01
2.670833333333333215e+01,-3.428684699678513081e-01
2.672916666666666430e+01,-4.295899046366075114e-01
2.675000000000000000e+01,6.665225905994610900e-02
2.677083333333333215e+01,3.553384958438076668e-01
2.679166666666666430e+01,-1.245389785518350861e-01
2.681250000000000000e+01,-6.445003652474128319e-01
2.683333333333333215e+01,-1.690508747041526982e-01
2.685416666666666430e+01,2.891091318805483201e-01
2.687500000000000000e+01,-2.297787443119925221e-01
2.689583333333333215e+01,-3.745266812575039350e-01
2.691666666666666430e+01,8.765302592137592941e-02
2.693750000000000000e+01,5.679650819410619889e-01
2.695833333333333215e+01,4.776749355948715914e-02
2.697916666666666430e+01,-4.204505668041847444e-01
2.700000000000000000e+01,4.505716439897249070e-02
2.702083333333333215e+01,5.569728539138177892e-01
2.704166666666666430e+01,6.485645221477752409e-02
2.706250000000000000e+01,-3.871482230806757019e-01
2.708333333333333215e+01,1.001024696071836639e-01
2.710416666666666430e+01,6.165128103263110004e-01
2.712500000000000000e+01,1.508264587367407206e-01
2.714583333333333215e+01,-3.083978994965879128e-01
2.716666666666666430e+01,1.338286455815533849e-01
2.718750000000000000e+01,1.084577895971023109e-01
2.720833333333333215e+01,-3.433276206574754075e-01
2.722916666666666430e+01,-2.014721197399444996e-01
2.725000000000000000e+01,3.082079786995463588e-01
2.727083333333333215e+01,-3.336455407994501909e-01
2.729166666666666430e+01,-4.756572940000853289e-01
2.731250000000000000e+01,2.605364238298397694e-01
2.733333333333333215e+01,7.346884647917930611e-01
2.735416666666666430e+01,-1.005614462914642404e-01
2.737500000000000000e+01,-5.891128290833964609e-01
2.739583333333333215e+01,1.477873342387314715e-01
2.741666666666666430e+01,6.117496207957521248e-01
2.743750000000000000e+01,-2.090666770595348833e-01
2.745833333333333215e+01,-7.222362134166573355e-01
2.747916666666666430e+01,4.856924046330074463e-02
2.750000000000000000e+01,5.022798378209076819e-01
2.752083333333333215e+01,-3.039951551029023702e-01
2.754166666666666430e+01,-9.605161674458724264e-01
2.756250000000000000e+01,-1.250739938406329743e-01
2.758333333333333215e+01,7.143860965710421285e-01
2.760416666666666430e+01,-5.937465399120681053e-02
2.762500000000000000e+01,-8.392700159497933354e-01
2.764583333333333215e+01,4.201032449378791500e-02
2.766666666666666430e+01,8.463755679059838943e-01
2.768750000000000000e+01,1.522907126473036221e-01
2.770833333333333215e+01,-6.308909179674617729e-01
2.772916666666666430e+01,2.595927126875915425e-01
2.775000000000000000e+01,6.380102775796989700e-01
2.777083333333333215e+01,-1.513333976735340702e-01
2.779166666666666430e+01,-8.348542075846091537e-01
2.781250000000000000e+01,-3.311409509055404654e-02
2.783333333333333215e+01,6.666756622472634897e-01
2.785416666666666430e+01,-1.237587660815088197e-01
2.787500000000000000e+01,-6.149564450940793181e-01
2.789583333333333215e+01,1.027698960852648224e-01
2.791666666666666430e+01,8.496224985330003143e-01
2.793750000000000000e+01,3.930948344005935624e-02
2.795833333333333215e+01,-6.335884089674417297e-01
2.797916666666666430e+01,9.314657137446882840e-02
2.800000000000000000e+01,7.718220905604055160e-01
2.802083333333333215e+01,-6.068471061226657359e-02
2.804166666666666430e+01,-6.602219749167292928e-01
2.806250000000000000e+01,1.009433709021272663e-01
2.808333333333333215e+01,9.267462267141106658e-01
2.810416666666666430e+01,1.290618752901943889e-01
2.812500000000000000e+01,-5.913031310351752889e-01
2.814583333333333215e+01,7.042584048721828305e-02
2.816666666666666430e+01,8.828447100042872142e-01
2.818750000000000000e+01,1.536682849232046677e-01
2.820833333333333215e+01,-5.942956075188937648e-01
2.822916666666666430e+01,2.229044018772366464e-01
2.825000000000000000e+01,6.968759486081268495e-01
2.827083333333333215e+01,-2.908970465390584015e-02
2.829166666666666430e+01,-8.213928732106736685e-01
2.831250000000000000e+01,-2.900530128637168747e-03
2.833333333333333215e+01,6.673582758392395675e-01
2.835416666666666430e+01,-8.720294243111817445e-02
2.837500000000000000e+01,-7.758913715963311475e-01
2.839583333333333215e+01,1.862095192028415114e-02
2.841666666666666430e+01,6.876839085671695440e-01
2.843750000000000000e+01,-1.098965811300365580e-01
2.845833333333333215e+01,-7.817469699136817551e-01
2.847916666666666430e+01,-4.269043457461915714e-02
2.850000000000000000e+01,6.631192113866251070e-01
2.852083333333333215e+01,-1.653913061054504696e-01
2.854166666666666430e+01,-9.311972039551680291e-01
2.856250000000000000e+01,-2.003714912892269606e-01
2.858333333333333215e+01,6.119678135440197453e-01
2.860416666666666430e+01,-2.004876200091398331e-01
2.862500000000000000e+01,-8.472433977324479448e-01
2.864583333333333215e+01,-7.749589587631350307e-02
2.866666666666666430e+01,4.908207480576300408e-01
2.868750000000000000e+01,-2.791521770739626707e-01
2.870833333333333215e+01,-2.919119098082266772e-01
2.872916666666666430e+01,5.316519496288723001e-01
2.875000000000000000e+01,5.627585023122796404e-01
2.877083333333333215e+01,-1.764882050815274883e-01
2.879166666666666430e+01,-4.497356336009585842e-01
2.881250000000000000e+01,2.714358513174887078e-01
2.883333333333333215e+01,7.682724927981756657e-01
2.885416666666666430e+01,2.797913129614568173e-02
2.887500000000000000e+01,-4.288070714965391272e-01
2.889583333333333215e+01,3.736609447387443383e-01
2.891666666666666430e+01,4.527593754130149750e-01
2.893750000000000000e+01,-3.247976979427161792e-01
2.895833333333333215e+01,-7.445997158705692787e-01
2.897916666666666430e+01,8.361707534024875876e-03
2.900000000000000000e+01,5.065196267949265696e-01
2.902083333333333215e+01,-1.621242063160084901e-01
2.904166666666666430e+01,-6.318834348119628519e-01
2.906250000000000000e+01,1.888052038703869062e-02
2.908333333333333215e+01,5.009056499930270023e-01
2.910416666666666430e+01,-1.642724202296123037e-01
2.912500000000000000e+01,-3.211414970821622750e-01
2.914583333333333215e+01,2.870790503831182616e-01
2.916666666666666430e+01,7.392809059690099716e-01
2.918750000000000000e+01,2.611541614165286962e-01
2.920833333333333215e+01,-3.318076077355378573e-01
2.922916666666666430e+01,1.505132160953691622e-01
2.925000000000000000e+01,3.685818336348988256e-01
2.927083333333333215e+01,-1.332568040358585448e-01
2.929166666666666430e+01,-6.384666072351771193e-01
2.931250000000000000e+01,-1.867024158671278244e-01
2.933333333333333215e+01,2.859656464394250697e-01
2.935416666666666430e+01,-1.035833143775622966e-01
2.937500000000000000e+01,-2.636566027183016026e-01
2.939583333333333215e+01,1.827643845012364154e-01
2.941666666666666430e+01,4.442814424217095826e-01
2.943750000000000000e+01,-5.503953909268928524e-02
2.945833333333333215e+01,-5.113022700127156650e-01
2.947916666666666430e+01,-3.291144948545444981e-02
2.950000000000000000e+01,4.810684892897529319e-01
2.952083333333333215e+01,8.255083951012043286e-04
2.954166666666666430e+01,-4.439056259100210289e-01
2.956250000000000000e+01,7.908005848676397109e-02
2.958333333333333215e+01,6.514374016291695213e-01
2.960416666666666430e+01,2.052096679377691246e-01
2.962500000000000000e+01,-3.382564553729932588e-01
2.964583333333333215e+01,-3.745594483579042094e-02
2.966666666666666430e+01,-6.176510595425888095e-02
2.968750000000000000e+01,-4.460621343879027645e-01
2.970833333333333215e+01,1.315642954413363541e-01
2.972916666666666430e+01,5.621270553626185329e-01
2.975000000000000000e+01,4.510383381523008772e-02
2.977083333333333215e+01,-6.165494426756438218e-01
2.979166666666666430e+01,-4.076594222614041141e-02
2.981250000000000000e+01,5.289018607331972266e-01
2.983333333333333215e+01,1.500422383274084559e-02
2.985416666666666430e+01,-5.074093872885199197e-01
2.987500000000000000e+01,6.604991538121315897e-02
2.989583333333333215e+01,2.721838082847666818e-01
2.991666666666666430e+01,-2.466901033918137975e-01
2.993750000000000000e+01,1.759934966972630521e-01
2.995833333333333215e+01,6.862568705267739766e-01
2.997916666666666430e+01,2.325129725727157481e-01
3.000000000000000000e+01,-2.270288876055465144e-01
3.002083333333333215e+01,-2.178285109564576383e-01
3.004166666666666430e+01,3.778733708560723104e-01
3.006250000000000000e+01,-6.887914278061617324e-02
3.008333333333333215e+01,-6.492708575968322293e-01
3.010416666666666430e+01,-1.546700988006607658e-01
3.012500000000000000e+01,4.947829483664052397e-01
3.014583333333333215e+01,2.027468290850713284e-02
3.016666666666666430e+01,-6.522284649115099864e-01
3.018750000000000000e+01,-1.738758507491875438e-01
3.020833333333333215e+01,6.765856053437975248e-01
3.022916666666666430e+01,1.456226956118479299e-01
3.025000000000000000e+01,-6.360309798882670673e-01
3.027083333333333215e+01,-1.704610457218083963e-01
3.029166666666666430e+01,6.125163831443267703e-01
3.031250000000000000e+01,2.240856633429903766e-02
3.033333333333333215e+01,-7.933408422181144060e-01
3.035416666666666430e+01,-3.019754268857391954e-01
3.037500000000000000e+01,4.280206180901695578e-01
3.039583333333333215e+01,-6.305603568841636197e-02
3.041666666666666430e+01,-8.831446196294312490e-01
3.043750000000000000e+01,-2.965206473678015930e-01
3.045833333333333215e+01,4.346876221239699967e-01
3.047916666666666430e+01,2.504075966918422047e-01
3.050000000000000000e+01,-5.186133450973906545e-01
3.052083333333333215e+01,-8.756052448184448167e-03
3.054166666666666430e+01,7.740891532757552262e-01
3.056250000000000000e+01,3.231584329797140276e-01
3.058333333333333215e+01,-4.502618726507639502e-01
3.060416666666666430e+01,6.181630216075409412e-02
3.062500000000000000e+01,8.914286622475574573e-01
3.064583333333333215e+01,4.209949616893948199e-01
3.066666666666666430e+01,-3.216412050399116151e-01
3.068750000000000000e+01,-3.312881158839441897e-01
3.070833333333333215e+01,5.026962306014131077e-01
3.072916666666666430e+01,1.036168772163512108e-02
3.075000000000000000e+01,-7.402193091472429876e-01
3.077083333333333215e+01,-3.009796324293536052e-01
3.079166666666666430e+01,4.205477702648988125e-01
3.081250000000000000e+01,-9.702656783262594842e-02
3.083333333333333215e+01,-4.643961795746507359e-01
3.085416666666666430e+01,-2.723171616904587755e-02
3.087500000000000000e+01,6.994067323927862789e-01
3.089583333333333215e+01,2.055541784765940738e-01
3.091666666666666430e+01,-6.329191127583910781e-01
3.093750000000000000e+01,-1.617202456533942678e-01
3.095833333333333215e+01,5.785253189749609559e-01
3.097916666666666430e+01,1.009429828963950976e-01
3.100000000000000000e+01,-7.259214975034675721e-01
3.102083333333333215e+01,-1.384493822813259722e-01
3.104166666666666430e+01,6.142855851341695317e-01
3.106250000000000000e+01,1.586621364290080605e-01
3.108333333333333215e+01,-6.401084582405693890e-01
3.110416666666666430e+01,-1.334936416857109287e-01
3.112500000000000000e+01,6.592369336734409391e-01
3.114583333333333215e+01,2.128317789657400150e-01
3.116666666666666430e+01,-5.478954241219432530e-01
3.118750000000000000e+01,-4.646835721898480431e-02
3.120833333333333215e+01,7.914527642671416174e-01
3.122916666666666430e+01,3.211459197662621667e-01
3.125000000000000000e+01,-4.238663085793040186e-01
3.127083333333333215e+01,-1.860178057197795776e-01
3.129166666666666430e+01,4.931537987229972497e-01
3.131250000000000000e+01,-4.612567787207672021e-03
3.133333333333333215e+01,-7.645096858517851368e-01
3.135416666666666430e+01,-3.227491401604367649e-01
3.137500000000000000e+01,4.060073859889776760e-01
3.139583333333333215e+01,-1.184006076719003875e-01
3.141666666666666430e+01,-5.792171954659814936e-01
3.143750000000000000e+01,-1.374881418792323062e-01
3.145833333333333215e+01,6.127550706454246709e-01
3.147916666666666430e+01,1.205939205880475207e-01
3.150000000000000000e+01,-7.153338629553439576e-01
3.152083333333333215e+01,-2.405000884936464856e-01
3.154166666666666430e+01,4.975197919649261280e-01
3.156250000000000000e+01,3.028863801035454328e-02
3.158333333333333215e+01,-5.904975299936985333e-01
3.160416666666666430e+01,-4.457396164251063719e-02
3.162500000000000000e+01,7.280316505206444466e-01
3.164583333333333215e+01,2.867121408676034378e-01
3.166666666666666430e+01,-4.989833096161940817e-01
3.168750000000000000e+01,8.124302902811200711e-03
3.170833333333333215e+01,-9.026545827297414171e-01
3.172916666666666430e+01,-7.329207400185910881e-01
3.175000000000000000e+01,3.901942222754589684e-02
3.177083333333333215e+01,1.767588882161336972e-01
3.179166666666666430e+01,-6.058634221583931723e-01
3.181250000000000000e+01,-3.031881660447611759e-01
3.183333333333333215e+01,4.135985228267344271e-01
3.185416666666666430e+01,-2.254012197500598891e-02
3.187500000000000000e+01,-5.215135480723674943e-01
3.189583333333333215e+01,1.930929904222216942e-01
3.191666666666666430e+01,9.561111287252004320e-01
3.193750000000000000e+01,1.449612222239148318e-01
3.195833333333333215e+01,-6.425448753715683470e-01
3.197916666666666430e+01,7.724886017267279525e-02
3.200000000000000000e+01,9.105395549219764684e-01
3.202083333333332860e+01,1.274400031759224117e-01
3.204166666666666430e+01,-5.583181679514467310e-01
3.206250000000000000e+01,2.247847046569163287e-01
3.208333333333332860e+01,8.572851645359046424e-01
3.210416666666666430e+01,9.115564799093736625e-02
3.212500000000000000e+01,-3.790675974506526602e-01
3.214583333333332860e+01,4.132564481097180664e-01
3.216666666666666430e+01,8.908026706557284902e-01
3.218750000000000000e+01,1.615635965354368930e-01
3.220833333333332860e+01,-3.171954360014949126e-01
3.222916666666666430e+01,5.064956853944224680e-01
3.225000000000000000e+01,8.563639789910841849e-01
3.227083333333332860e+01,9.521404788066045732e-02
3.229166666666666430e+01,-4.193357553620771228e-01
3.231250000000000000e+01,2.497935414369608365e-01
3.233333333333332860e+01,2.629245904678427781e-01
3.235416666666666430e+01,-5.260245799323017835e-01
3.237500000000000000e+01,-6.305882086806123832e-01
3.239583333333332860e+01,1.145478400347295922e-01
3.241666666666666430e+01,5.546743458340868127e-01
3.243750000000000000e+01,-1.451543090809884751e-01
3.245833333333332860e+01,-6.409210179667254037e-01
3.247916666666666430e+01,6.576604130960939099e-02
3.250000000000000000e+01,5.246592459737604575e-01
3.252083333333332860e+01,-2.789503569930242288e-01
3.254166666666666430e+01,-7.960214802446639037e-01
3.256250000000000000e+01,-1.049824572190893868e-02
3.258333333333332860e+01,4.482887098649628310e-01
3.260416666666666430e+01,-3.163218482863939807e-01
3.262500000000000000e+01,-8.254940305574322013e-01
3.264583333333332860e+01,9.953180174302328487e-03
3.266666666666666430e+01,4.866014222495972374e-01
3.268750000000000000e+01,-2.473115762049562516e-01
3.270833333333332860e+01,-6.730889077619511829e-01
3.272916666666666430e+01,8.696132153150210042e-03
3.275000000000000000e+01,5.139321851797586937e-01
3.277083333333332860e+01,-1.379039620706589975e-01
3.279166666666666430e+01,-5.256634015266091753e-01
3.281250000000000000e+01,1.544192582415379600e-01
3.283333333333332860e+01,6.703622244778819628e-01
3.285416666666666430e+01,3.831215314524225035e-02
3.287500000000000000e+01,-4.150665960257689524e-01
3.289583333333332860e+01,1.753470500011748423e-01
3.291666666666666430e+01,6.741140308352294719e-01
3.293750000000000000e+01,2.235802504055535711e-01
3.295833333333332860e+01,-2.500840136132925773e-01
3.297916666666666430e+01,2.557042308921187446e-01
3.300000000000000000e+01,3.615467382406098995e-01
3.302083333333332860e+01,-8.508839878490914721e-02
3.304166666666666430e+01,-6.016187047169153645e-01
3.306250000000000000e+01,-1.077484605695699926e-01
3.308333333333332860e+01,4.537485296681079694e-01
3.310416666666666430e+01,-2.621317836421954706e-02
3.312500000000000000e+01,-5.564081389716620807e-01
3.314583333333332860e+01,-8.063841161980235539e-02
3.316666666666666430e+01,3.710606677711761892e-01
3.318750000000000000e+01,-1.542729973625765749e-02
3.320833333333332860e+01,-2.540052876138889082e-01
3.322916666666666430e+01,1.951062985449575904e-01
3.325000000000000000e+01,5.808134409188814296e-01
3.327083333333332860e+01,6.733819179620587070e-02
3.329166666666666430e+01,-4.055443440176338399e-01
3.331250000000000000e+01,5.849599181216373622e-02
3.333333333333332860e+01,5.718457476814727825e-01
3.335416666666666430e+01,7.417182261449650760e-02
3.337500000000000000e+01,-3.737524988933216274e-01
3.339583333333332860e+01,1.235575529311222359e-01
3.341666666666666430e+01,1.683338093213836983e-01
3.343750000000000000e+01,-3.116595377568421865e-01
3.345833333333332860e+01,-1.923488279548137836e-01
3.347916666666666430e+01,3.194987225182004953e-01
3.350000000000000000e+01,-4.406635454449939759e-01
3.352083333333332860e+01,-5.206415065618923421e-01
3.354166666666666430e+01,2.759655324316355185e-01
3.356250000000000000e+01,5.541625235106404368e-01
3.358333333333332860e+01,-2.403342129871415822e-01
3.360416666666666430e+01,-6.965790617623006664e-01
3.362500000000000000e+01,4.301648608412919628e-02
3.364583333333332860e+01,5.415173461739950511e-01
3.366666666666666430e+01,-1.323021185049028936e-01
3.368750000000000000e+01,-6.134203786016558801e-01
3.370833333333332860e+01,3.318749665238415747e-02
3.372916666666666430e+01,5.153040854362460621e-01
3.375000000000000000e+01,-1.217342866969886028e-01
3.377083333333332860e+01,-6.294671124460969880e-01
3.379166666666666430e+01,-1.206181455079344822e-01
3.381250000000000000e+01,4.495255873114573086e-01
3.383333333333332860e+01,-3.389367035211486578e-02
3.385416666666666430e+01,-1.282318411936577418e-01
3.387500000000000000e+01,3.600222634471701988e-01
3.389583333333332860e+01,3.386061211208163391e-01
3.391666666666666430e+01,-1.632704141311247248e-01
3.393750000000000000e+01,-8.533928140881338886e-02
3.395833333333332860e+01,3.710926634827811377e-01
3.397916666666666430e+01,1.433911798094404111e-01
3.400000000000000000e+01,-3.724576459634517112e-01
3.402083333333332860e+01,4.139430866932521935e-01
3.404166666666666430e+01,5.654301059990444189e-01
3.406250000000000000e+01,-1.861562179981380571e-01
3.408333333333332860e+01,-6.926451485822531229e-01
3.410416666666666430e+01,1.356346395507308789e-01
3.412500000000000000e+01,6.133593220081652309e-01
3.414583333333332860e+01,-1.143350610123617939e-01
3.416666666666666430e+01,-6.494582233709864649e-01
3.418750000000000000e+01,1.069191689830235048e-01
3.420833333333332860e+01,6.097261805979983240e-01
3.422916666666666430e+01,-1.258691239808404083e-01
3.425000000000000000e+01,-5.863066252636074394e-01
3.427083333333332860e+01,2.149308085841623861e-01
3.429166666666666430e+01,7.201915069215166776e-01
3.431250000000000000e+01,1.346065279741814891e-02
3.433333333333332860e+01,-4.348850878174114754e-01
3.435416666666666430e+01,-1.363078197173984984e-02
3.437500000000000000e+01,4.874791072385098456e-01
3.439583333333332860e+01,-3.374753539041900896e-01
3.441666666666666430e+01,-8.205951913771267758e-01
3.443750000000000000e+01,-9.930586972693833392e-02
3.445833333333332860e+01,6.328457652349954721e-01
3.447916666666666430e+01,2.275064928206876336e-01
3.450000000000000000e+01,-5.001807237811222162e-01
3.452083333333332860e+01,2.714189239738675763e-01
3.454166666666666430e+01,9.921408618461688977e-01
3.456250000000000000e+01,2.061372495005223404e-01
3.458333333333332860e+01,-5.070398659523590590e-01
3.460416666666666430e+01,3.579569988308517470e-02
3.462500000000000000e+01,4.899709209003292876e-01
3.464583333333332860e+01,-2.229814158091860676e-01
3.466666666666666430e+01,-9.827177440445153955e-01
3.468750000000000000e+01,-1.735595127306734931e-01
3.470833333333332860e+01,6.090747783593178921e-01
3.472916666666666430e+01,-1.086482731127266510e-01
3.475000000000000000e+01,-9.347312815857461432e-01
3.477083333333332860e+01,-1.327028246059305805e-01
3.479166666666666430e+01,5.785734259328192408e-01
3.481250000000000000e+01,-1.896378041006106241e-01
3.483333333333332860e+01,-8.951981140636464662e-01
3.485416666666666430e+01,-1.157724294447213809e-01
3.487500000000000000e+01,6.217582043680003334e-01
3.489583333333332860e+01,-1.524281924727580451e-01
3.491666666666666430e+01,-4.858136168282277678e-01
3.493750000000000000e+01,2.452405348724576717e-01
3.495833333333332860e+01,9.295597881609223290e-01
3.497916666666666430e+01,1.056377915514192245e-01
3.500000000000000000e+01,-5.652857888941782427e-01
3.502083333333332860e+01,1.613973752614218382e-01
3.504166666666666430e+01,9.378271199724552698e-01
3.506250000000000000e+01,1.335145774504379879e-01
3.508333333333332860e+01,-6.135708038338010262e-01
3.510416666666666430e+01,1.561484797533918556e-01
3.512500000000000000e+01,5.308004366270597796e-01
3.514583333333332860e+01,-2.530421037257036820e-01
3.516666666666666430e+01,-8.531072604021462391e-01
3.518750000000000000e+01,-4.025807327704850058e-02
3.520833333333332860e+01,7.880691333557675593e-01
3.522916666666666430e+01,4.509429502477563245e-02
3.525000000000000000e+01,-7.254734261337424384e-01
3.527083333333332860e+01,1.069658465988196361e-01
3.529166666666666430e+01,8.115052245471998660e-01
3.531250000000000000e+01,7.415517694556411632e-02
3.533333333333332860e+01,-7.453176052448581279e-01
3.535416666666666430e+01,6.777581080540265313e-02
3.537500000000000000e+01,3.930187477760014314e-01
3.539583333333332860e+01,-3.871808531848255353e-01
3.541666666666666430e+01,-7.346781108283400030e-01
3.543750000000000000e+01,3.653893145330688874e-02
3.545833333333332860e+01,6.887269450691571038e-01
3.547916666666666430e+01,-1.426593802170133263e-01
3.550000000000000000e+01,-9.447905166069880956e-01
3.552083333333332860e+01,-2.084534840343033602e-01
3.554166666666666430e+01,5.741427811661237168e-01
3.556250000000000000e+01,-1.807748942325664021e-01
3.558333333333332860e+01,-6.329574545241968275e-01
3.560416666666666430e+01,-4.569235717683168274e-01
3.562500000000000000e+01,1.814516001939168455e-01
3.564583333333332860e+01,-2.855838107895504185e-01
3.566666666666666430e+01,-6.760349466724668854e-01
3.568750000000000000e+01,-1.838973979615041443e-01
3.570833333333332860e+01,6.736928886750387369e-01
3.572916666666666430e+01,1.910981999852386648e-01
3.575000000000000000e+01,-5.760506639168487819e-01
3.577083333333332860e+01,1.492360800251808783e-02
3.579166666666666430e+01,8.686871976159054043e-01
3.581250000000000000e+01,2.967641108960182295e-01
3.583333333333332860e+01,-4.769617321364240103e-01
3.585416666666666430e+01,-6.176219163503721132e-03
3.587500000000000000e+01,7.998419085947159335e-01
3.589583333333332860e+01,2.613841826660753265e-01
3.591666666666666430e+01,-5.165952478654805002e-01
3.593750000000000000e+01,-6.144951362373371473e-02
3.595833333333332860e+01,6.869182421623453161e-01
3.597916666666666430e+01,1.166996215639355683e-01
3.600000000000000000e+01,-5.668297981248604511e-01
3.602083333333332860e+01,-1.018844296588267140e-01
3.604166666666666430e+01,6.398203172908391023e-01
3.606250000000000000e+01,1.440990859552191417e-01
3.608333333333332860e+01,-5.217361207937707412e-01
3.610416666666666430e+01,7.865026167111649480e-02
3.612500000000000000e+01,8.140961987108157327e-01
3.614583333333332860e+01,2.617124222019074908e-01
3.616666666666666430e+01,-5.460488064647519568e-01
3.618750000000000000e+01,-1.203554677691344443e-02
3.620833333333332860e+01,7.628321094099319577e-01
3.622916666666666430e+01,3.109279584843286370e-01
3.625000000000000000e+01,-4.684344765853278858e-01
3.627083333333332860e+01,1.009963516846631437e-01
3.629166666666666430e+01,7.841060380541671204e-01
3.631250000000000000e+01,3.196259747220863146e-01
3.633333333333332860e+01,-4.223991826093223545e-01
3.635416666666666430e+01,1.702952330266853387e-02
3.637500000000000000e+01,2.733612634953151432e-01
3.639583333333332860e+01,-3.208990932671562102e-01
3.641666666666666430e+01,-4.026393013085571848e-01
3.643750000000000000e+01,1.391875385936909848e-01
3.645833333333332860e+01,-3.374002878871057987e-01
3.647916666666666430e+01,-3.738096141808451844e-01
3.650000000000000000e+01,1.143813712543360339e-01
3.652083333333332860e+01,2.830251501905613476e-01
3.654166666666666430e+01,-2.132510477713900343e-01
3.656250000000000000e+01,-7.631062793628358154e-01
3.658333333333332860e+01,-3.134257802921179836e-01
3.660416666666666430e+01,2.196630719298749423e-01
3.662500000000000000e+01,-8.579701446375112561e-02
3.664583333333332860e+01,-2.690698654902298204e-01
3.666666666666666430e+01,1.858951296205881287e-01
3.668750000000000000e+01,6.894393198571548975e-01
3.670833333333332860e+01,1.851527845876164702e-01
3.672916666666666430e+01,-2.726309748639312303e-01
3.675000000000000000e+01,2.100857162525081867e-01
3.677083333333332860e+01,2.523082418199051324e-01
3.679166666666666430e+01,-2.266545658356349247e-01
3.681250000000000000e+01,-7.238150032339667472e-01
3.683333333333332860e+01,-2.128196404460193647e-01
3.685416666666666430e+01,2.898102330577072006e-01
3.687500000000000000e+01,-1.598687990730895958e-01
3.689583333333332860e+01,-6.369876038939940033e-01
3.691666666666666430e+01,-7.005573202018165746e-02
3.693750000000000000e+01,4.323401575430994570e-01
3.695833333333332860e+01,-1.065759288787886117e-02
3.697916666666666430e+01,-5.365487981835833642e-01
3.700000000000000000e+01,-4.106517245494609170e-02
3.702083333333332860e+01,4.298935484357110925e-01
3.704166666666666430e+01,-4.632703967656198740e-02
3.706250000000000000e+01,-9.729351983515098501e-02
3.708333333333332860e+01,3.929284957107482823e-01
3.710416666666666430e+01,5.701594385622315020e-01
3.712500000000000000e+01,7.088937511487852783e-02
3.714583333333332860e+01,-4.581398625857193152e-01
3.716666666666666430e+01,7.796081881148095305e-03
3.718750000000000000e+01,4.825015672903091302e-01
3.720833333333332860e+01,-3.439059869499019872e-02
3.722916666666666430e+01,6.134229257031810489e-03
3.725000000000000000e+01,4.600886822906851692e-01
3.727083333333332860e+01,2.354115233120019912e-01
3.729166666666666430e+01,-2.720037579117954296e-01
3.731250000000000000e+01,4.415156071918470149e-01
3.733333333333332860e+01,4.123286811079466263e-01
3.735416666666666430e+01,-3.167423021790288784e-01
3.737500000000000000e+01,-5.030328837634709949e-01
3.739583333333332860e+01,3.273246674434943104e-01
3.741666666666666430e+01,6.972550889741740976e-01
3.743750000000000000e+01,-4.340624331321710216e-02
3.745833333333332860e+01,-5.009852413413091732e-01
3.747916666666666430e+01,2.666095026384355804e-01
3.750000000000000000e+01,2.001231601267433602e-01
3.752083333333332860e+01,-5.826452653563684025e-01
3.754166666666666430e+01,-7.239171478236726687e-01
3.756250000000000000e+01,2.635255062158867179e-02
3.758333333333332860e+01,5.287726357153231804e-01
3.760416666666666430e+01,-2.583381904209615110e-01
3.762500000000000000e+01,-7.385507038617979969e-01
3.764583333333332860e+01,-1.532927483048310280e-02
3.766666666666666430e+01,4.702935720102456307e-01
3.768750000000000000e+01,-2.065434257164746878e-01
3.770833333333332860e+01,-7.279537110636018493e-01
3.772916666666666430e+01,-5.996296699045311485e-02
3.775000000000000000e+01,4.040665896674953128e-01
3.777083333333332860e+01,-3.596193810793976153e-01
3.779166666666666430e+01,-3.098690221203291295e-01
3.781250000000000000e+01,4.794489410446788336e-01
3.783333333333332860e+01,4.423724005733567499e-01
3.785416666666666430e+01,-3.026106978986335960e-01
3.787500000000000000e+01,-1.692602530393714777e-01
3.789583333333332860e+01,6.589909808002962777e-01
3.791666666666666430e+01,2.736574034447097903e-02
3.793750000000000000e+01,-5.194103852280895772e-01
3.795833333333332860e+01,2.772890613021867789e-01
3.797916666666666430e+01,9.629294132898578162e-01
3.800000000000000000e+01,2.349946144962966055e-01
3.802083333333332860e+01,-5.210552632633126402e-01
3.804166666666666430e+01,1.589478155051551878e-02
3.806250000000000000e+01,6.335165312987190989e-01
3.808333333333332860e+01,-1.049456913644898903e-01
3.810416666666666430e+01,-9.184364139785475833e-01
3.812500000000000000e+01,-1.038918825497133769e-01
3.814583333333332860e+01,6.291965419402216764e-01
3.816666666666666430e+01,-1.472736200973238652e-01
3.818750000000000000e+01,-9.534014254443735625e-01
3.820833333333332860e+01,-1.823136017125561170e-01
3.822916666666666430e+01,5.467896840367539868e-01
3.825000000000000000e+01,-6.818742792520336715e-02
3.827083333333332860e+01,-4.100998703248816546e-01
3.829166666666666430e+01,3.230341283448366907e-01
3.831250000000000000e+01,-6.262679600607454211e-02
3.833333333333332860e+01,1.262481040205818729e-02
3.835416666666666430e+01,4.807082292755274211e-01
3.837500000000000000e+01,2.193035809936103309e-01
3.839583333333332860e+01,-6.080648572099680571e-01
3.841666666666666430e+01,1.624859402511780460e-01
3.843750000000000000e+01,9.378846760846271113e-01
3.845833333333332860e+01,1.489012779785611751e-01
3.847916666666666430e+01,-7.362042172328505663e-01
3.850000000000000000e+01,-3.454168748586217141e-02
3.852083333333332860e+01,7.511377983978532180e-01
3.854166666666666430e+01,-1.287018622557013214e-01
3.856250000000000000e+01,-9.308957643673370086e-01
3.858333333333332860e+01,-1.550529709027680947e-01
3.860416666666666430e+01,6.345192948979633263e-01
3.862500000000000000e+01,-2.172280992622076801e-01
3.864583333333332860e+01,-5.906733072705020460e-01
3.866666666666666430e+01,1.849861800673337775e-01
3.868750000000000000e+01,1.007215711211673748e+00
3.870833333333332860e+01,2.241668515428005548e-01
3.872916666666666430e+01,-5.055186637312695241e-01
3.875000000000000000e+01,1.335371846542890983e-01
3.877083333333332860e+01,4.897031135839988725e-01
3.879166666666666430e+01,-2.477860469243894914e-01
3.881250000000000000e+01,-8.047827670249279031e-01
3.883333333333332860e+01,3.186908024249573979e-02
3.885416666666666430e+01,8.121387734691645210e-01
3.887500000000000000e+01,6.414086720761402738e-02
3.889583333333332860e+01,-7.469992865596704057e-01
3.891666666666666430e+01,7.343777933499570643e-02
3.893750000000000000e+01,5.394386569585539748e-01
3.895833333333332860e+01,-2.423998490540729411e-01
3.897916666666666430e+01,-1.004953838163506585e+00
3.900000000000000000e+01,-2.392619903579598639e-01
3.902083333333332860e+01,4.875516389996598643e-01
3.904166666666666430e+01,-1.499951115916789701e-01
3.906250000000000000e+01,-5.038035153885986883e-01
3.908333333333332860e+01,2.237799404072173537e-01
3.910416666666666430e+01,7.713991701416522684e-01
3.912500000000000000e+01,-5.266254169588088785e-02
3.914583333333332860e+01,-8.188250235034072455e-01
3.916666666666666430e+01,-7.403240300140589980e-02
3.918750000000000000e+01,7.670754944255022689e-01
3.920833333333332860e+01,-3.030814604601092532e-02
3.922916666666666430e+01,-7.668503361780694139e-01
3.925000000000000000e+01,2.351163820507332081e-02
3.927083333333332860e+01,8.595652004241951527e-01
3.929166666666666430e+01,1.091733590092917316e-01
3.931250000000000000e+01,-6.439716896561805681e-01
3.933333333333332860e+01,1.820882389794169498e-01
3.935416666666666430e+01,9.223815597430109481e-01
3.937500000000000000e+01,1.925564603271757158e-01
3.939583333333332860e+01,-5.999848621793654191e-01
3.941666666666666430e+01,2.220471947861265560e-01
3.943750000000000000e+01,9.536600656874747450e-01
3.945833333333332860e+01,1.999451977754782284e-01
3.947916666666666430e+01,-6.477779996386703321e-01
3.950000000000000000e+01,6.820331869229392940e-02
3.952083333333332860e+01,5.069886122822298002e-01
3.954166666666666430e+01,-2.939584546372236984e-01
3.956250000000000000e+01,-1.009874341100911455e+00
3.958333333333332860e+01,-2.584838214584487259e-01
3.960416666666666430e+01,5.121175533556969750e-01
3.962500000000000000e+01,-3.287422635233363533e-01
3.964583333333332860e+01,-5.360684495692226159e-01
3.966666666666666430e+01,2.065141683249704929e-01
3.968750000000000000e+01,4.043917299139235810e-01
3.970833333333332860e+01,-4.162217571055474297e-01
3.972916666666666430e+01,-8.126509265300334295e-02
3.975000000000000000e+01,6.131363253053743190e-01
3.977083333333332860e+01,1.696769780032169606e-01
3.979166666666666430e+01,-6.135163162401202630e-01
3.981250000000000000e+01,-1.062980162919387739e-01
3.983333333333332860e+01,7.185123527367919261e-01
3.985416666666666430e+01,2.608889121458058402e-01
3.987500000000000000e+01,-4.883612055187727119e-01
3.989583333333332860e+01,8.812522256925470199e-04
3.991666666666666430e+01,3.646066386913072166e-01
3.993750000000000000e+01,-1.227996220482307499e-01
3.995833333333332860e+01,-6.186725282107669033e-01
3.997916666666666430e+01,-1.563333134941033431e-01
4.000000000000000000e+01,6.580383389424526719e-01
4.002083333333332860e+01,1.435420353806579619e-01
4.004166666666666430e+01,-6.339592531611732973e-01
4.006250000000000000e+01,-1.853419796736489600e-01
4.008333333333332860e+01,5.976283966643066714e-01
4.010416666666666430e+01,1.004627502659159732e-02
4.012500000000000000e+01,-8.174919315430942968e-01
4.014583333333332860e+01,-3.033463048907225623e-01
4.016666666666666430e+01,4.431856588079599035e-01
4.018750000000000000e+01,2.767920411729989094e-02
4.020833333333332860e+01,-3.197614282856084955e-01
4.022916666666666430e+01,1.674447468844534326e-01
4.025000000000000000e+01,4.790909546946028330e-01
4.027083333333332860e+01,2.230602987824559236e-02
4.029166666666666430e+01,-4.436181658921516391e-01
4.031250000000000000e+01,6.848247638667323556e-02
4.033333333333332860e+01,7.616487782566401243e-01
4.035416666666666430e+01,3.190160152961324380e-01
4.037500000000000000e+01,-4.088036296416434623e-01
4.039583333333332860e+01,1.200642065618738458e-01
4.041666666666666430e+01,3.655764970563299965e-01
4.043750000000000000e+01,-9.950636985352530328e-02
4.045833333333332860e+01,-3.529341490940423043e-01
4.047916666666666430e+01,1.314754050496997062e-01
4.050000000000000000e+01,1.779559507062794255e-01
4.052083333333332860e+01,-3.134756031553427857e-01
4.054166666666666430e+01,1.958009394605490228e-01
4.056250000000000000e+01,2.709994599247025904e-01
4.058333333333332860e+01,-2.063801260087555489e-01
4.060416666666666430e+01,-5.751826499058381170e-01
4.062500000000000000e+01,-9.859097050254915506e-02
4.064583333333332860e+01,3.410448981588180550e-01
4.066666666666666430e+01,-1.568432808818186475e-01
4.068750000000000000e+01,-6.553495804490468979e-01
4.070833333333332860e+01,-2.056997701527488731e-01
4.072916666666666430e+01,2.649181542283153279e-01
4.075000000000000000e+01,8.840541711568805638e-02
4.077083333333332860e+01,-3.240685117723971498e-01
4.079166666666666430e+01,1.280915655661818697e-01
4.081250000000000000e+01,6.324288145507626080e-01
4.083333333333332860e+01,1.354331809840335632e-01
4.085416666666666430e+01,-3.151953293698496750e-01
4.087500000000000000e+01,1.640891889490977418e-01
4.089583333333332860e+01,6.746083218778761159e-01
4.091666666666666430e+01,2.036641695733834578e-01
4.093750000000000000e+01,-2.412548305562124684e-01
4.095833333333332860e+01,-5.027165126438869897e-02
4.097916666666666430e+01,3.273251887103560409e-01
4.100000000000000000e+01,-1.172646698628330847e-01
4.102083333333332860e+01,-5.935915035958285735e-01
4.104166666666666430e+01,-8.765042520166578532e-02
4.106250000000000000e+01,3.853794805778999466e-01
4.108333333333332860e+01,-6.996768636144319597e-02
4.110416666666666430e+01,-5.873823471216482739e-01
4.112500000000000000e+01,-9.805502268474187988e-02
4.114583333333332860e+01,3.558425669763916055e-01
4.116666666666666430e+01,-1.291863225371382984e-01
4.118750000000000000e+01,-5.287415685545759914e-01
4.120833333333332860e+01,-6.418119427923191234e-02
4.122916666666666430e+01,3.901488980938958573e-01
4.125000000000000000e+01,-1.140699991042828515e-01
4.127083333333332860e+01,-9.345629486690119891e-02
4.129166666666666430e+01,3.516728929298689188e-01
4.131250000000000000e+01,1.930444053925443881e-01
4.133333333333332860e+01,-3.126708951380672841e-01
4.135416666666666430e+01,4.279045390864212317e-01
4.137500000000000000e+01,4.645622855955967023e-01
4.139583333333332860e+01,-2.681636898350945875e-01
4.141666666666666430e+01,-4.894856491008372501e-01
4.143750000000000000e+01,3.199452044053985311e-01
4.145833333333332860e+01,8.096238136441185063e-01
4.147916666666666430e+01,7.925423472946446779e-02
4.150000000000000000e+01,-3.875554824968922007e-01
4.152083333333332860e+01,1.847888863141550209e-02
4.154166666666666430e+01,4.854744865470217996e-01
4.156250000000000000e+01,-2.870337821429845837e-01
4.158333333333332860e+01,-7.372307246743148301e-01
4.160416666666666430e+01,4.272925747891345716e-02
4.162500000000000000e+01,6.077397988116056693e-01
4.164583333333332860e+01,-1.780591084133569535e-01
4.166666666666666430e+01,-6.413191334080039496e-01
4.168750000000000000e+01,8.423790251165985676e-02
4.170833333333332860e+01,5.691433797780484083e-01
4.172916666666666430e+01,-2.548155747832672735e-01
4.175000000000000000e+01,-7.538961218767268324e-01
4.177083333333332860e+01,-2.203883664643013773e-02
4.179166666666666430e+01,4.447997856041485121e-01
4.181250000000000000e+01,-3.003772984775077703e-01
4.183333333333332860e+01,-8.220177227112919205e-01
4.185416666666666430e+01,-3.604466732072111879e-02
4.187500000000000000e+01,4.193302213525184063e-01
4.189583333333332860e+01,7.506760621520436327e-02
4.191666666666666430e+01,-4.230733898186865294e-01
4.193750000000000000e+01,2.507527084679851970e-01
4.195833333333332860e+01,7.286000097337393955e-01
4.197916666666666430e+01,4.477302543639094523e-02
4.200000000000000000e+01,-4.310724023404607919e-01
4.202083333333332860e+01,3.953638879325477862e-01
4.204166666666666430e+01,8.733704537803040902e-01
4.206250000000000000e+01,1.076761435838031189e-01
4.208333333333332860e+01,-3.588891491640471831e-01
4.210416666666666430e+01,4.078005864508571499e-03
4.212500000000000000e+01,5.159696509972406808e-01
4.214583333333332860e+01,-2.049315991425305350e-01
4.216666666666666430e+01,-6.681485843289235449e-01
4.218750000000000000e+01,7.204115965558841039e-02
4.220833333333332860e+01,5.619609217935588319e-01
4.222916666666666430e+01,-2.731854146447737497e-01
4.225000000000000000e+01,-7.666778725366234504e-01
4.227083333333332860e+01,-3.125899905225179576e-02
4.229166666666666430e+01,4.318056067714765578e-01
4.231250000000000000e+01,-3.601390387348487598e-01
4.233333333333332860e+01,-8.818840819811849530e-01
4.235416666666666430e+01,-1.042279669041473178e-01
4.237500000000000000e+01,3.595521748152999963e-01
4.239583333333332860e+01,7.058397864662456500e-02
4.241666666666666430e+01,-4.474849183327322955e-01
4.243750000000000000e+01,3.942856166455827593e-01
4.245833333333332860e+01,8.738385422192439522e-01
4.247916666666666430e+01,1.272502331704180034e-01
4.250000000000000000e+01,-3.507098533897178849e-01
4.252083333333332860e+01,3.750009526134937543e-01
4.254166666666666430e+01,4.151649471670501024e-01
4.256250000000000000e+01,-3.459083219598171333e-01
4.258333333333332860e+01,-4.477760947164918792e-01
4.260416666666666430e+01,3.502692766930202151e-01
4.262500000000000000e+01,6.414556475462040996e-01
4.264583333333332860e+01,-1.551864607637119531e-01
4.266666666666666430e+01,-6.192121316569846323e-01
4.268750000000000000e+01,1.250354601804980759e-01
4.270833333333332860e+01,6.285875321794726078e-01
4.272916666666666430e+01,-2.180396023382759341e-01
4.275000000000000000e+01,-7.004835597766337907e-01
4.277083333333332860e+01,4.735256868576323552e-02
4.279166666666666430e+01,5.223209563003663458e-01
4.281250000000000000e+01,-3.218337839473329187e-01
4.283333333333332860e+01,-8.289720145657654138e-01
4.285416666666666430e+01,-6.088101858102157315e-02
4.287500000000000000e+01,3.910724308981119446e-01
4.289583333333332860e+01,-1.785566408886485601e-01
4.291666666666666430e+01,-4.566120936451885104e-01
4.293750000000000000e+01,3.451501089676528577e-01
4.295833333333332860e+01,8.049711258882692455e-01
4.297916666666666430e+01,6.354102743681963594e-02
4.300000000000000000e+01,-4.298137990273120934e-01
4.302083333333332860e+01,4.069711866062154515e-01
4.304166666666666430e+01,5.021421885336632140e-01
4.306250000000000000e+01,-2.347842396488694916e-01
4.308333333333332860e+01,-7.013611314674630393e-01
4.310416666666666430e+01,6.536325419180713525e-02
4.312500000000000000e+01,5.833896721527385143e-01
4.314583333333332860e+01,-1.867272647630295601e-01
4.316666666666666430e+01,-6.427943525169094174e-01
4.318750000000000000e+01,1.423910554314095911e-01
4.320833333333332860e+01,6.531735681643683344e-01
4.322916666666666430e+01,-1.419294159986829729e-01
4.325000000000000000e+01,-6.025213596294869411e-01
4.327083333333332860e+01,1.226175261227245017e-01
4.329166666666666430e+01,6.671704761585059984e-01
4.331250000000000000e+01,-9.779275074270318835e-02
4.333333333333332860e+01,-5.911484327374382231e-01
4.335416666666666430e+01,1.344350775525127162e-01
4.337500000000000000e+01,6.000906273603928698e-01
4.339583333333332860e+01,-2.109369471246026195e-01
4.341666666666666430e+01,-7.260798143971441965e-01
4.343750000000000000e+01,4.150071563276416797e-02
4.345833333333332860e+01,4.914969497360816564e-01
4.347916666666666430e+01,-2.903172644331089569e-01
4.350000000000000000e+01,-3.410541436225370537e-01
4.352083333333332860e+01,3.953357462053770366e-01
4.354166666666666430e+01,4.137962869266835764e-01
4.356250000000000000e+01,-3.161480439105701645e-01
4.358333333333332860e+01,-5.258135503097128849e-01
4.360416666666666430e+01,3.062427728976666597e-01
4.362500000000000000e+01,7.976015699979823736e-01
4.364583333333332860e+01,5.933398419885163588e-02
4.366666666666666430e+01,-3.960036194046022140e-01
4.368750000000000000e+01,1.162561750162185298e-01
4.370833333333332860e+01,4.739470436017658717e-01
4.372916666666666430e+01,-2.717825163979118441e-01
4.375000000000000000e+01,-7.176024753365530806e-01
4.377083333333332860e+01,5.986674125419969017e-02
4.379166666666666430e+01,5.647657998681294700e-01
4.381250000000000000e+01,-2.236353638755163853e-01
4.383333333333332860e+01,-6.907188700364366163e-01
4.385416666666666430e+01,3.849379697954907753e-02
4.387500000000000000e+01,5.252902544939439533e-01
4.389583333333332860e+01,-2.007140494341274062e-01
4.391666666666666430e+01,-6.914757524819501455e-01
4.393750000000000000e+01,4.304788081958602075e-02
4.395833333333332860e+01,5.000409790117087416e-01
4.397916666666666430e+01,-1.250971358945594525e-01
4.400000000000000000e+01,-3.136279986949295773e-01
4.402083333333332860e+01,3.616822604503363570e-01
4.404166666666666430e+01,7.388708499172089716e-01
4.406250000000000000e+01,-1.200669692083955464e-02
4.408333333333332860e+01,-5.192204804188632616e-01
4.410416666666666430e+01,2.990723803588114516e-01
4.412500000000000000e+01,7.628943591816433889e-01
4.414583333333332860e+01,3.051376816402853742e-02
4.416666666666666430e+01,-4.580024435508389113e-01
4.418750000000000000e+01,3.116045307537980147e-01
4.420833333333332860e+01,2.817130871091514388e-01
4.422916666666666430e+01,-4.479337737331022251e-01
4.425000000000000000e+01,-5.155288287922995538e-01
4.427083333333332860e+01,3.028905829727278065e-01
4.429166666666666430e+01,4.379703531827258689e-01
4.431250000000000000e+01,-3.302505024694450397e-01
4.433333333333332860e+01,-7.931902589697044093e-01
4.435416666666666430e+01,-2.336079496311840864e-02
4.437500000000000000e+01,4.985240169286950795e-01
4.439583333333332860e+01,-3.201076518703462881e-01
4.441666666666666430e+01,-7.870722077758471880e-01
4.443750000000000000e+01,-4.722005531715095517e-02
4.445833333333332860e+01,4.443404847870940366e-01
4.447916666666666430e+01,-3.350346045078473889e-01
4.450000000000000000e+01,-2.791130169952553142e-01
4.452083333333332860e+01,4.474093631633475066e-01
4.454166666666666430e+01,3.996496571937258047e-01
4.456250000000000000e+01,-2.829820986273047234e-01
4.458333333333332860e+01,-1.529038647869934014e-02
4.460416666666666430e+01,6.795677137861080297e-01
4.462500000000000000e+01,-1.456491629689772027e-01
4.464583333333332860e+01,-5.964209419844679338e-01
4.466666666666666430e+01,1.346740499182386419e-01
4.468750000000000000e+01,9.570012875125841756e-01
4.470833333333332860e+01,1.468940746953716348e-01
4.472916666666666430e+01,-5.611433656938102921e-01
4.475000000000000000e+01,2.108765652771140975e-01
4.477083333333332860e+01,8.198718392267783095e-01
4.479166666666666430e+01,3.832441239951087097e-02
4.481250000000000000e+01,-6.993068443484524721e-01
4.483333333333332860e+01,1.144492077016758813e-01
4.485416666666666430e+01,7.468197511852098236e-01
4.487500000000000000e+01,1.198209075027126258e-02
4.489583333333332860e+01,-5.993884026072422433e-01
4.491666666666666430e+01,8.338560720813781302e-02
4.493750000000000000e+01,2.567484806299064060e-01
4.495833333333332860e+01,-4.768261567049101313e-01
4.497916666666666430e+01,-9.116431185939344317e-01
4.500000000000000000e+01,-9.042562093676242974e-02
4.502083333333332860e+01,4.227590272006215844e-01
4.504166666666666430e+01,-3.105863912220520051e-01
4.506250000000000000e+01,-7.635832723365097996e-01
4.508333333333332860e+01,2.508447397117949396e-02
4.510416666666666430e+01,5.377324486129244629e-01
4.512500000000000000e+01,-2.758830078373514239e-01
4.514583333333332860e+01,-4.983120086942672278e-01
4.516666666666666430e+01,2.375855428853556606e-01
4.518750000000000000e+01,7.375379543676100491e-01
4.520833333333332860e+01,4.699688698469328685e-02
4.522916666666666430e+01,-4.295096914712290270e-01
4.525000000000000000e+01,2.536447838270203814e-01
4.527083333333332860e+01,7.337619075073530395e-01
4.529166666666666430e+01,-1.044754455830568252e-01
4.531250000000000000e+01,-6.107116207445415501e-01
4.533333333333332860e+01,1.436252724166999784e-01
4.535416666666666430e+01,6.007155425304183671e-01
4.537500000000000000e+01,-1.909522358641590478e-01
4.539583333333332860e+01,-7.066034196250808863e-01
4.541666666666666430e+01,8.575154328021225569e-02
4.543750000000000000e+01,5.410945351803975178e-01
4.545833333333332860e+01,-1.983599779871449142e-01
4.547916666666666430e+01,-2.873485648568113726e-01
4.550000000000000000e+01,5.433780041332482158e-01
4.552083333333332860e+01,6.008913785148732867e-01
4.554166666666666430e+01,-1.298971665962039002e-01
4.556250000000000000e+01,-6.096698793846032638e-01
4.558333333333332860e+01,9.329665040092899320e-02
4.560416666666666430e+01,6.170771189176089688e-01
4.562500000000000000e+01,-1.338649874450141830e-01
4.564583333333332860e+01,-5.948882735618652440e-01
4.566666666666666430e+01,2.008091527445750590e-01
4.568750000000000000e+01,7.139537313943580266e-01
4.570833333333332860e+01,2.585126000405538194e-02
4.572916666666666430e+01,-4.269388231077173024e-01
4.575000000000000000e+01,2.964315246867104126e-01
4.577083333333332860e+01,3.851312988920084779e-01
4.579166666666666430e+01,-4.490725484135993373e-01
4.581250000000000000e+01,-6.724000543821575526e-01
4.583333333333332860e+01,6.535098735920477631e-02
4.585416666666666430e+01,5.357055293641788118e-01
4.587500000000000000e+01,-2.914043322730059948e-01
4.589583333333332860e+01,-8.065869219248651412e-01
4.591666666666666430e+01,-3.711840120718096214e-02
4.593750000000000000e+01,4.198511152112985312e-01
4.595833333333332860e+01,-3.399251339843981645e-01
4.597916666666666430e+01,-3.201301549092630538e-01
4.600000000000000000e+01,4.903525136750553903e-01
4.602083333333332860e+01,3.463816482176604317e-01
4.604166666666666430e+01,-3.911180898617507840e-01
4.606250000000000000e+01,4.009513606640716099e-03
4.608333333333332860e+01,8.376488134901387550e-01
4.610416666666666430e+01,6.274398376428982904e-02
4.612500000000000000e+01,-6.708508564907640359e-01
4.614583333333332860e+01,1.525732389170895154e-01
4.616666666666666430e+01,8.718393493719263088e-01
4.618750000000000000e+01,1.362583321758379096e-01
4.620833333333332860e+01,-6.368311512288447052e-01
4.622916666666666430e+01,-6.627737671541289455e-03
4.625000000000000000e+01,4.935221543046581782e-01
4.627083333333332860e+01,-2.498363378578473404e-01
4.629166666666666430e+01,-1.058067333674635568e+00
4.631250000000000000e+01,-2.519406691251661057e-01
4.633333333333332860e+01,4.850215663049501913e-01
4.635416666666666430e+01,-1.512949189585158782e-01
4.637500000000000000e+01,-6.213441297659867413e-01
4.639583333333332860e+01,1.466806396037552418e-01
4.641666666666666430e+01,8.441880349738820621e-01
4.643750000000000000e+01,3.000808061688339801e-02
4.645833333333332860e+01,-6.122655522725518606e-01
4.647916666666666430e+01,1.210382310800956485e-01
4.650000000000000000e+01,7.122663625532366094e-01
4.652083333333332860e+01,-1.178180500986332757e-01
4.654166666666666430e+01,-6.180297523250843916e-01
4.656250000000000000e+01,1.289458285993595743e-01
4.658333333333332860e+01,5.802773387374475789e-01
4.660416666666666430e+01,-2.235285864836390468e-01
4.662500000000000000e+01,-6.501754319100595536e-01
4.664583333333332860e+01,1.922621142692859664e-02
4.666666666666666430e+01,4.616799885559963457e-01
4.668750000000000000e+01,-2.344899514337782653e-01
4.670833333333332860e+01,-3.029766404129651258e-01
4.672916666666666430e+01,5.246612357540079152e-01
4.675000000000000000e+01,6.249716590913799719e-01
4.677083333333332860e+01,-1.036234971355366741e-01
4.679166666666666430e+01,-6.392782435202735147e-01
4.681250000000000000e+01,1.412635032486155018e-01
4.683333333333332860e+01,6.612577054385544439e-01
4.685416666666666430e+01,-1.004273463083465157e-01
4.687500000000000000e+01,-5.567055106819140953e-01
4.689583333333332860e+01,2.405402415010139960e-01
4.691666666666666430e+01,7.468969279914959847e-01
4.693750000000000000e+01,5.445959625325827447e-02
4.695833333333332860e+01,-3.912653334355812307e-01
4.697916666666666430e+01,4.464718494412622807e-02
4.700000000000000000e+01,5.345183465185354699e-01
4.702083333333332860e+01,-2.954206179545235678e-01
4.704166666666666430e+01,-7.796158690949356318e-01
4.706250000000000000e+01,-4.563188771322612691e-02
4.708333333333332860e+01,4.218552096581379418e-01
4.710416666666666430e+01,-4.004574959751341923e-01
4.712500000000000000e+01,-7.461863483843910183e-01
4.714583333333332860e+01,2.502519957067975143e-02
4.716666666666666430e+01,4.803548817257263792e-01
4.718750000000000000e+01,-3.074335159357295399e-01
4.720833333333332860e+01,-4.601660690276104804e-01
4.722916666666666430e+01,3.550081019943341909e-01
4.725000000000000000e+01,8.182278032447728444e-01
4.727083333333332860e+01,8.121835446614825149e-02
4.729166666666666430e+01,-4.054745565617947078e-01
4.731250000000000000e+01,3.672387391050492278e-01
4.733333333333332860e+01,4.610531505193247170e-01
4.735416666666666430e+01,-2.750464630331485028e-01
4.737500000000000000e+01,-7.347217266305381411e-01
4.739583333333332860e+01,7.381748375599803125e-02
4.741666666666666430e+01,5.907145457895029983e-01
4.743750000000000000e+01,-1.880164817687947076e-01
4.745833333333332860e+01,-6.452792546656456185e-01
4.747916666666666430e+01,1.300507568934581581e-01
4.750000000000000000e+01,6.421637006687785920e-01
4.752083333333332860e+01,-1.931806500817631056e-01
4.754166666666666430e+01,-6.660719271843842382e-01
4.756250000000000000e+01,6.778080738871297695e-02
4.758333333333332860e+01,5.511179225241136237e-01
4.760416666666666430e+01,-1.075412581191634853e-01
4.762500000000000000e+01,-6.043633818989951889e-01
4.764583333333332860e+01,2.863202938541181686e-02
4.766666666666666430e+01,4.873256829771628884e-01
4.768750000000000000e+01,-9.998784570863773757e-02
4.770833333333332860e+01,-3.590822606125234628e-01
4.772916666666666430e+01,1.216283746133483001e-01
4.775000000000000000e+01,5.735031877986997983e-01
4.777083333333332860e+01,7.372541792825020035e-02
4.779166666666666430e+01,-4.361266906221153983e-01
4.781250000000000000e+01,1.949310147438018670e-02
4.783333333333332860e+01,4.916731324317740182e-01
4.785416666666666430e+01,-1.894854463353685958e-02
4.787500000000000000e+01,-5.003614055357551438e-01
4.789583333333332860e+01,-5.071199383417962503e-02
4.791666666666666430e+01,4.581178378750193625e-01
4.793750000000000000e+01,-3.534169686662463894e-02
4.795833333333332860e+01,-3.351448524387791172e-01
4.797916666666666430e+01,1.407931774220527732e-01
4.800000000000000000e+01,7.874045725868519252e-01
4.802083333333332860e+01,3.094263625123446215e-01
4.804166666666666430e+01,-4.723035763722162050e-01
4.806250000000000000e+01,9.481159108959082149e-02
4.808333333333332860e+01,3.032309077183988899e-01
4.810416666666666430e+01,-1.477062164274350886e-01
4.812500000000000000e+01,-3.387162194146844385e-01
4.814583333333332860e+01,1.746611745762969570e-01
4.816666666666666430e+01,-1.651937152804537901e-01
4.818750000000000000e+01,-4.371407774121769396e-01
4.820833333333332860e+01,5.979531136705930339e-02
4.822916666666666430e+01,5.712961572959381895e-01
4.825000000000000000e+01,1.180145104381494503e-01
4.827083333333332860e+01,-3.538312071033149486e-01
4.829166666666666430e+01,-3.681385659856259429e-02
4.831250000000000000e+01,1.674516201525743375e-01
4.833333333333332860e+01,-2.784580169252690030e-01
4.835416666666666430e+01,-7.891771748803245723e-01
4.837500000000000000e+01,-2.579913757298767374e-01
4.839583333333332860e+01,2.733064397030892656e-01
4.841666666666666430e+01,-2.377912147249471031e-02
4.843750000000000000e+01,-3.073379244912256003e-01
4.845833333333332860e+01,1.696180412249798930e-01
4.847916666666666430e+01,6.170283345973711642e-01
4.850000000000000000e+01,5.754127464001661252e-02
4.852083333333332860e+01,-4.779594644401989334e-01
4.854166666666666430e+01,-3.059609343175610785e-02
4.856250000000000000e+01,4.429627319797997953e-01
4.858333333333332860e+01,-6.441639249373196097e-02
4.860416666666666430e+01,-5.449791661949257016e-01
4.862500000000000000e+01,-9.361011145956833757e-02
4.864583333333332860e+01,4.224652937949998632e-01
4.866666666666666430e+01,-7.200790036868082167e-02
4.868750000000000000e+01,-1.171644037763578533e-01
4.870833333333332860e+01,3.657511968775483124e-01
4.872916666666666430e+01,4.485881055781433258e-01
4.875000000000000000e+01,-2.509445567870376148e-02
4.877083333333332860e+01,-4.826415735735034573e-01
4.879166666666666430e+01,3.282738475719808313e-02
4.881250000000000000e+01,5.284500346465208498e-01
4.883333333333332860e+01,7.421887731348571215e-02
4.885416666666666430e+01,-4.116660031729204583e-01
4.887500000000000000e+01,9.480091381366431702e-02
4.889583333333332860e+01,7.252865307521908500e-01
4.891666666666666430e+01,2.646682541068360872e-01
4.893750000000000000e+01,-4.034962069582155864e-01
4.895833333333332860e+01,-4.149249557708201142e-02
4.897916666666666430e+01,4.476873603844691019e-01
4.900000000000000000e+01,-7.806533150883562810e-02
4.902083333333332860e+01,-8.179655696091824302e-01
4.904166666666666430e+01,-3.565329605989432382e-01
4.906250000000000000e+01,4.508461067347858675e-01
4.908333333333332860e+01,-1.071938914352660449e-01
4.910416666666666430e+01,-4.930543997783742305e-01
4.912500000000000000e+01,-4.523759221557510646e-02
4.914583333333332860e+01,7.335943975984409171e-01
4.916666666666666430e+01,2.205987331818684560e-01
4.918750000000000000e+01,-6.055535010643426919e-01
4.920833333333332860e+01,-1.410957604475966964e-01
4.922916666666666430e+01,6.037529969870335522e-01
4.925000000000000000e+01,1.103810361105954790e-01
4.927083333333332860e+01,-7.265000900286432417e-01
4.929166666666666430e+01,-2.354465441331137776e-01
4.931250000000000000e+01,5.085462721054669899e-01
4.933333333333332860e+01,4.343876549451056168e-02
4.935416666666666430e+01,-7.686595649920837658e-01
4.937500000000000000e+01,-2.519865255767215206e-01
4.939583333333332860e+01,5.249178654955752865e-01
4.941666666666666430e+01,7.535543915901495027e-02
4.943750000000000000e+01,-6.868673084895929870e-01
4.945833333333332860e+01,-9.271924186674103396e-02
4.947916666666666430e+01,7.429562816960004756e-01
4.950000000000000000e+01,1.420151905378453927e-01
4.952083333333332860e+01,-6.032146405855884908e-01
4.954166666666666430e+01,1.330716905178205844e-03
