0.000000000000000000e+00,2.029401190179385355e-06
2.083333333333333218e-02,4.100869128539854394e-05
4.166666666666666435e-02,2.140942591038483625e-04
6.250000000000000000e-02,6.400432484282780280e-04
8.333333333333332871e-02,1.393891128685556318e-03
1.041666666666666574e-01,2.513538153568801396e-03
1.250000000000000000e-01,4.049395895460839931e-03
1.458333333333333148e-01,6.047332234797074026e-03
1.666666666666666574e-01,8.505361453445709277e-03
1.875000000000000000e-01,1.141170753084032666e-02
2.083333333333333148e-01,1.477148401693522718e-02
2.291666666666666574e-01,1.856397285906655203e-02
2.500000000000000000e-01,2.277032606563239928e-02
2.708333333333333148e-01,2.737830306074313588e-02
2.916666666666666297e-01,3.232806221635252386e-02
3.125000000000000000e-01,3.755617687174716418e-02
3.333333333333333148e-01,4.305754068673704749e-02
3.541666666666666297e-01,4.883964219181457372e-02
3.750000000000000000e-01,5.485813268292141776e-02
3.958333333333333148e-01,6.106204505151380940e-02
4.166666666666666297e-01,6.745679598031673052e-02
4.375000000000000000e-01,7.405618231814968533e-02
4.583333333333333148e-01,8.081987902301067395e-02
4.791666666666666297e-01,8.769501851888633626e-02
5.000000000000000000e-01,9.467078526435379615e-02
5.208333333333332593e-01,1.017333915727778870e-01
5.416666666666666297e-01,1.088125824175440320e-01
5.625000000000000000e-01,1.158293274129480882e-01
5.833333333333332593e-01,1.227681416469102171e-01
6.041666666666666297e-01,1.296648880569645501e-01
6.250000000000000000e-01,1.365942256367674579e-01
6.458333333333332593e-01,1.436293776759906271e-01
6.666666666666666297e-01,1.507956222438516514e-01
6.875000000000000000e-01,1.581114320180209420e-01
7.083333333333332593e-01,1.656205171466529624e-01
7.291666666666666297e-01,1.733411010167210387e-01
7.500000000000000000e-01,1.812595764086951389e-01
7.708333333333332593e-01,1.893818747782211320e-01
7.916666666666666297e-01,1.977309994744832211e-01
8.125000000000000000e-01,2.062913394614234452e-01
8.333333333333332593e-01,2.150377036440113687e-01
8.541666666666666297e-01,2.239892980472466266e-01
8.750000000000000000e-01,2.331664415644758570e-01
8.958333333333332593e-01,2.425392063557569033e-01
9.166666666666666297e-01,2.520721435061520910e-01
9.375000000000000000e-01,2.617725046779542097e-01
9.583333333333332593e-01,2.716414670880079596e-01
9.791666666666666297e-01,2.816259400957240033e-01
1.000000000000000000e+00,2.916648901900109614e-01
1.020833333333333259e+00,3.017497072500269217e-01
1.041666666666666519e+00,3.118779235445495179e-01
1.062500000000000000e+00,3.219943894135259832e-01
1.083333333333333259e+00,3.320366797032390238e-01
1.104166666666666519e+00,3.419950333038161983e-01
1.125000000000000000e+00,3.518765524430123026e-01
1.145833333333333259e+00,3.616536816398412402e-01
1.166666666666666519e+00,3.713017502381003587e-01
1.187500000000000000e+00,3.808509230058711448e-01
1.208333333333333259e+00,3.903406702660652261e-01
1.229166666666666519e+00,3.997575999597340335e-01
1.250000000000000000e+00,4.090806524478525219e-01
1.270833333333333259e+00,4.183482966045176110e-01
1.291666666666666519e+00,4.276627712047244012e-01
1.312500000000000000e+00,4.371352545866043493e-01
1.333333333333333259e+00,4.468189758416116208e-01
1.354166666666666519e+00,4.567355175994497474e-01
1.375000000000000000e+00,4.669313356064618281e-01
1.395833333333333259e+00,4.774545524829546528e-01
1.416666666666666519e+00,4.882993976920793622e-01
1.437500000000000000e+00,4.994498098774621253e-01
1.458333333333333259e+00,5.109388780655393925e-01
1.479166666666666519e+00,5.228012998957438651e-01
1.500000000000000000e+00,5.350202385830473695e-01
1.520833333333333259e+00,5.475638558570932179e-01
1.541666666666666519e+00,5.604211737284012784e-01
1.562500000000000000e+00,5.735686179862192757e-01
1.583333333333333259e+00,5.869577583142800981e-01
1.604166666666666519e+00,6.005672557445616011e-01
1.625000000000000000e+00,6.143778339137594413e-01
1.645833333333333259e+00,6.283269773768659361e-01
1.666666666666666519e+00,6.423570582797062389e-01
1.687500000000000000e+00,6.564608593018789184e-01
1.708333333333333259e+00,6.706359789428857354e-01
1.729166666666666519e+00,6.848283427558778946e-01
1.750000000000000000e+00,6.989774606370999788e-01
1.770833333333333259e+00,7.130694845426190920e-01
1.791666666666666519e+00,7.271030580198469817e-01
1.812500000000000000e+00,7.410496539639452873e-01
1.833333333333333259e+00,7.548885173525412551e-01
1.854166666666666519e+00,7.686463417814601851e-01
1.875000000000000000e+00,7.823540598212016528e-01
1.895833333333333259e+00,7.959996398182709321e-01
1.916666666666666519e+00,8.095667715425519662e-01
1.937500000000000000e+00,8.230879509923350046e-01
1.958333333333333259e+00,8.366209118733711758e-01
1.979166666666666519e+00,8.501906016052613868e-01
2.000000000000000000e+00,8.638096742685243967e-01
2.020833333333333037e+00,8.775356160396459160e-01
2.041666666666666519e+00,8.914346051125846548e-01
2.062500000000000000e+00,9.055215959604213660e-01
2.083333333333333037e+00,9.197888235020801329e-01
2.104166666666666519e+00,9.342543595653799438e-01
2.125000000000000000e+00,9.489266023150111362e-01
2.145833333333333037e+00,9.637587471562449881e-01
2.166666666666666519e+00,9.786927007413205315e-01
2.187500000000000000e+00,9.937195369755766894e-01
2.208333333333333037e+00,1.008836311054935875e+00
2.229166666666666519e+00,1.024014671679610577e+00
2.250000000000000000e+00,1.039249919373609776e+00
2.270833333333333037e+00,1.054543186467633564e+00
2.291666666666666519e+00,1.069859271863203842e+00
2.312500000000000000e+00,1.085171573321768168e+00
2.333333333333333037e+00,1.100506273030026128e+00
2.354166666666666519e+00,1.115895772950357356e+00
2.375000000000000000e+00,1.131318017895615924e+00
2.395833333333333037e+00,1.146741591581332598e+00
2.416666666666666519e+00,1.162187945227541430e+00
2.437500000000000000e+00,1.177688273572764510e+00
2.458333333333333037e+00,1.193221659610518293e+00
2.479166666666666519e+00,1.208760693534118413e+00
2.500000000000000000e+00,1.224331031295363026e+00
2.520833333333333037e+00,1.239967311051222154e+00
2.541666666666666519e+00,1.255658188105710060e+00
2.562500000000000000e+00,1.271375366430623766e+00
2.583333333333333037e+00,1.287125510056329025e+00
2.604166666666666519e+00,1.302911524365993889e+00
2.625000000000000000e+00,1.318682395044723066e+00
2.645833333333333037e+00,1.334381724994316398e+00
2.666666666666666519e+00,1.350009108949775216e+00
2.687500000000000000e+00,1.365575081612389940e+00
2.708333333333333037e+00,1.381055805219680632e+00
2.729166666666666519e+00,1.396439826131848694e+00
2.750000000000000000e+00,1.411755530901847466e+00
2.770833333333333037e+00,1.427020810416452568e+00
2.791666666666666519e+00,1.442216485871640863e+00
2.812500000000000000e+00,1.457335775662554678e+00
2.833333333333333037e+00,1.472411478159788789e+00
2.854166666666666519e+00,1.487465194917192202e+00
2.875000000000000000e+00,1.502475904403538953e+00
2.895833333333333037e+00,1.517429500806423359e+00
2.916666666666666519e+00,1.532363760939527086e+00
2.937500000000000000e+00,1.547322103132239279e+00
2.958333333333333037e+00,1.562293510054067136e+00
2.979166666666666519e+00,1.577256975632751024e+00
3.000000000000000000e+00,1.592242936421333965e+00
3.020833333333333037e+00,1.607290283918514140e+00
3.041666666666666519e+00,1.622385502723754369e+00
3.062500000000000000e+00,1.637507256341428796e+00
3.083333333333333037e+00,1.652678409275611271e+00
3.104166666666666519e+00,1.667921078748322961e+00
3.125000000000000000e+00,1.683205171335211636e+00
3.145833333333333037e+00,1.698495086263628551e+00
3.166666666666666519e+00,1.713810448332871328e+00
3.187500000000000000e+00,1.729182335681999749e+00
3.208333333333333037e+00,1.744574371334706608e+00
3.229166666666666519e+00,1.759945949518795238e+00
3.250000000000000000e+00,1.775270867108631911e+00
3.270833333333333037e+00,1.790507596763252218e+00
3.291666666666666519e+00,1.805581133736955168e+00
3.312500000000000000e+00,1.820367377475453186e+00
3.333333333333333037e+00,1.834683511142962908e+00
3.354166666666666519e+00,1.848281200457894791e+00
3.375000000000000000e+00,1.860874394650279040e+00
3.395833333333333037e+00,1.872205474646254642e+00
3.416666666666666519e+00,1.882094624364559321e+00
3.437500000000000000e+00,1.890439237813046125e+00
3.458333333333333037e+00,1.897210089398666089e+00
3.479166666666666519e+00,1.902422728707857225e+00
3.500000000000000000e+00,1.906091899217825958e+00
3.520833333333333037e+00,1.908246295463403630e+00
3.541666666666666519e+00,1.908954116404024903e+00
3.562500000000000000e+00,1.908304371227701246e+00
3.583333333333333037e+00,1.906400349924676219e+00
3.604166666666666519e+00,1.903352397707220200e+00
3.625000000000000000e+00,1.899237657818726221e+00
3.645833333333333037e+00,1.894136642030116224e+00
3.666666666666666519e+00,1.888187463154533896e+00
3.687500000000000000e+00,1.881535833260338464e+00
3.708333333333333037e+00,1.874261492457083511e+00
3.729166666666666519e+00,1.866431353406294402e+00
3.750000000000000000e+00,1.858169295128995424e+00
3.770833333333333037e+00,1.849606074491729535e+00
3.791666666666666519e+00,1.840811601387721819e+00
3.812500000000000000e+00,1.831845885651924410e+00
3.833333333333333037e+00,1.822826732279621664e+00
3.854166666666666519e+00,1.813983025442964969e+00
3.875000000000000000e+00,1.805619537795342788e+00
3.895833333333333037e+00,1.798078965898163517e+00
3.916666666666666519e+00,1.791691221811160251e+00
3.937500000000000000e+00,1.786720799780201485e+00
3.958333333333333037e+00,1.783346467786008027e+00
3.979166666666666519e+00,1.781660717560671570e+00
4.000000000000000000e+00,1.781691111098101299e+00
4.020833333333333037e+00,1.783460292945785231e+00
4.041666666666666075e+00,1.787005644992527786e+00
4.062500000000000000e+00,1.792319523734980047e+00
4.083333333333333037e+00,1.799335202865205430e+00
4.104166666666666075e+00,1.807938455731053384e+00
4.125000000000000000e+00,1.818016678388032048e+00
4.145833333333333037e+00,1.829459328262846629e+00
4.166666666666666075e+00,1.842122957389525473e+00
4.187500000000000000e+00,1.855858095425186427e+00
4.208333333333333037e+00,1.870549571152148705e+00
4.229166666666666075e+00,1.886088631924968340e+00
4.250000000000000000e+00,1.902335245416022058e+00
4.270833333333333037e+00,1.919136147436337314e+00
4.291666666666666075e+00,1.936366681397852174e+00
4.312500000000000000e+00,1.953913679069810172e+00
4.333333333333333037e+00,1.971628214956603120e+00
4.354166666666666075e+00,1.989353328104026097e+00
4.375000000000000000e+00,2.006971284256378496e+00
4.395833333333333037e+00,2.024417833503427744e+00
4.416666666666666075e+00,2.041649085459926294e+00
4.437500000000000000e+00,2.058575239469458307e+00
4.458333333333333037e+00,2.075017165189902091e+00
4.479166666666666075e+00,2.090882920066330808e+00
4.500000000000000000e+00,2.106190494919617073e+00
4.520833333333333037e+00,2.120992885677577267e+00
4.541666666666666075e+00,2.135388795707358067e+00
4.562500000000000000e+00,2.149491755866166365e+00
4.583333333333333037e+00,2.163375769324209941e+00
4.604166666666666075e+00,2.177096593764078936e+00
4.625000000000000000e+00,2.190714538265007061e+00
4.645833333333333037e+00,2.204273340648042367e+00
4.666666666666666075e+00,2.217797703329812187e+00
4.687500000000000000e+00,2.231330292158796968e+00
4.708333333333333037e+00,2.244912659745733841e+00
4.729166666666666075e+00,2.258543360035019987e+00
4.750000000000000000e+00,2.272229815800367092e+00
4.770833333333333037e+00,2.286027717974409068e+00
4.791666666666666075e+00,2.299983516414258577e+00
4.812500000000000000e+00,2.314091208722889537e+00
4.833333333333333037e+00,2.328338740088333747e+00
4.854166666666666075e+00,2.342745519148465849e+00
4.875000000000000000e+00,2.357325001399081632e+00
4.895833333333333037e+00,2.372044731219229430e+00
4.916666666666666075e+00,2.386879780430920750e+00
4.937500000000000000e+00,2.401854718797961752e+00
4.958333333333333037e+00,2.416986692713367635e+00
4.979166666666666075e+00,2.432237229788390742e+00
5.000000000000000000e+00,2.447566030808140614e+00
5.020833333333333037e+00,2.462988635368839052e+00
5.041666666666666075e+00,2.478521400772017547e+00
5.062500000000000000e+00,2.494132959714608688e+00
5.083333333333333037e+00,2.509794638837463232e+00
5.104166666666666075e+00,2.525490372722036359e+00
5.125000000000000000e+00,2.541173320066474339e+00
5.145833333333333037e+00,2.556792610347843997e+00
5.166666666666666075e+00,2.572329139838590795e+00
5.187500000000000000e+00,2.587767757642924327e+00
5.208333333333333037e+00,2.603070579146172570e+00
5.229166666666666075e+00,2.618204870543578977e+00
5.250000000000000000e+00,2.633160555164529626e+00
5.270833333333333037e+00,2.647921775640811770e+00
5.291666666666666075e+00,2.662468673416893417e+00
5.312500000000000000e+00,2.676808939318455316e+00
5.333333333333333037e+00,2.690954785317887676e+00
5.354166666666666075e+00,2.704893691049075066e+00
5.375000000000000000e+00,2.718610623306139118e+00
5.395833333333333037e+00,2.732116532161933176e+00
5.416666666666666075e+00,2.745426015654909957e+00
5.437500000000000000e+00,2.758531970167551250e+00
5.458333333333333037e+00,2.771428717493250371e+00
5.479166666666666075e+00,2.784136279912993839e+00
5.500000000000000000e+00,2.796678113075560912e+00
5.520833333333333037e+00,2.809055460956327188e+00
5.541666666666666075e+00,2.821269641542248241e+00
5.562500000000000000e+00,2.833347099759416565e+00
5.583333333333333037e+00,2.845317459758817780e+00
5.604166666666666075e+00,2.857185518704445037e+00
5.625000000000000000e+00,2.868958758584587265e+00
5.645833333333333037e+00,2.880677413943107279e+00
5.666666666666666075e+00,2.892385931642935226e+00
5.687500000000000000e+00,2.904104408823621419e+00
5.708333333333333037e+00,2.915848792120063759e+00
5.729166666666666075e+00,2.927647943678169273e+00
5.750000000000000000e+00,2.939538569064320317e+00
5.770833333333333037e+00,2.951545737719414308e+00
5.791666666666666075e+00,2.963668539962622805e+00
5.812500000000000000e+00,2.975898125450528564e+00
5.833333333333333037e+00,2.988244742061860748e+00
5.854166666666666075e+00,3.000719805026899945e+00
5.875000000000000000e+00,3.013304661728682277e+00
5.895833333333333037e+00,3.025967271834272054e+00
5.916666666666666075e+00,3.038695808256198116e+00
5.937500000000000000e+00,3.051480847432708199e+00
5.958333333333333037e+00,3.064295100124285742e+00
5.979166666666666075e+00,3.077113681072280116e+00
6.000000000000000000e+00,3.089934131586239197e+00
6.020833333333333037e+00,3.102756916310295932e+00
6.041666666666666075e+00,3.115571477337053974e+00
6.062500000000000000e+00,3.128378684013285227e+00
6.083333333333333037e+00,3.141202525521115785e+00
6.104166666666666075e+00,3.154061140214557302e+00
6.125000000000000000e+00,3.166937911245805370e+00
6.145833333333333037e+00,3.179809538714042372e+00
6.166666666666666075e+00,3.192674405564324136e+00
6.187500000000000000e+00,3.205532873347637590e+00
6.208333333333333037e+00,3.218364256859410855e+00
6.229166666666666075e+00,3.231146999179703272e+00
6.250000000000000000e+00,3.243882154167379017e+00
6.270833333333333037e+00,3.256577918395388682e+00
6.291666666666666075e+00,3.269233291841970424e+00
6.312500000000000000e+00,3.281854423623881356e+00
6.333333333333333037e+00,3.294457384350806262e+00
6.354166666666666075e+00,3.307044048837393113e+00
6.375000000000000000e+00,3.319606737015551090e+00
6.395833333333333037e+00,3.332156491587993319e+00
6.416666666666666075e+00,3.344740363903102587e+00
6.437500000000000000e+00,3.357432577179311206e+00
6.458333333333333037e+00,3.370279160336730584e+00
6.479166666666666075e+00,3.383239927678116210e+00
6.500000000000000000e+00,3.396256471771348373e+00
6.520833333333333037e+00,3.409311634899033105e+00
6.541666666666666075e+00,3.422364969224870102e+00
6.562500000000000000e+00,3.435351099666632546e+00
6.583333333333333037e+00,3.448222645509262385e+00
6.604166666666666075e+00,3.460942918371362254e+00
6.625000000000000000e+00,3.473492605139207878e+00
6.645833333333333037e+00,3.485855509502308269e+00
6.666666666666666075e+00,3.497994148453137164e+00
6.687500000000000000e+00,3.509868487939844073e+00
6.708333333333333037e+00,3.521482366658609475e+00
6.729166666666666075e+00,3.532872227682633870e+00
6.750000000000000000e+00,3.544034750278215906e+00
6.770833333333333037e+00,3.554940661949590019e+00
6.791666666666666075e+00,3.565590566367865755e+00
6.812500000000000000e+00,3.575994865156695734e+00
6.833333333333333037e+00,3.586164602539865687e+00
6.854166666666666075e+00,3.596126963591804504e+00
6.875000000000000000e+00,3.605911367658011457e+00
6.895833333333333037e+00,3.615532546780504841e+00
6.916666666666666075e+00,3.625004094733131677e+00
6.937500000000000000e+00,3.634354963118322068e+00
6.958333333333333037e+00,3.643607970503519145e+00
6.979166666666666075e+00,3.652785728610988603e+00
7.000000000000000000e+00,3.661937860067812078e+00
7.020833333333333037e+00,3.671093786635213352e+00
7.041666666666666075e+00,3.680237961094514176e+00
7.062500000000000000e+00,3.689345412714024608e+00
7.083333333333333037e+00,3.698432914224563994e+00
7.104166666666666075e+00,3.707513692490334023e+00
7.125000000000000000e+00,3.716564155727348773e+00
7.145833333333333037e+00,3.725577750430066004e+00
7.166666666666666075e+00,3.734586281555170029e+00
7.187500000000000000e+00,3.743603947661354514e+00
7.208333333333333037e+00,3.752605568893843113e+00
7.229166666666666075e+00,3.761587937811437410e+00
7.250000000000000000e+00,3.770592695562783092e+00
7.270833333333333037e+00,3.779640460409154024e+00
7.291666666666666075e+00,3.788706393265721672e+00
7.312500000000000000e+00,3.797777887864886459e+00
7.333333333333333037e+00,3.806878143551895022e+00
7.354166666666666075e+00,3.816013886588675685e+00
7.375000000000000000e+00,3.825151211860574829e+00
7.395833333333333037e+00,3.834275761842520946e+00
7.416666666666666075e+00,3.843414571575196614e+00
7.437500000000000000e+00,3.852571898813340390e+00
7.458333333333333037e+00,3.861708613525971057e+00
7.479166666666666075e+00,3.870809230654874700e+00
7.500000000000000000e+00,3.879901835056510873e+00
7.520833333333333037e+00,3.888993731619994954e+00
7.541666666666666075e+00,3.898060462032423956e+00
7.562500000000000000e+00,3.907108999365938473e+00
7.583333333333333037e+00,3.916176891358223777e+00
7.604166666666666075e+00,3.925270107926613683e+00
7.625000000000000000e+00,3.934351622820825067e+00
7.645833333333333037e+00,3.943408814889518332e+00
7.666666666666666075e+00,3.952463705179199760e+00
7.687500000000000000e+00,3.961515307415576892e+00
7.708333333333333037e+00,3.970513320539057034e+00
7.729166666666666075e+00,3.979409711016825835e+00
7.750000000000000000e+00,3.988211811525482986e+00
7.770833333333333037e+00,3.996926216551291766e+00
7.791666666666666075e+00,4.005514327926968932e+00
7.812500000000000000e+00,4.013951357149069032e+00
7.833333333333333037e+00,4.022256108090147109e+00
7.854166666666666075e+00,4.030436000623606851e+00
7.875000000000000000e+00,4.038465000952592199e+00
7.895833333333333037e+00,4.046338196449179136e+00
7.916666666666666075e+00,4.054092091738244363e+00
7.937500000000000000e+00,4.061740540732847293e+00
7.958333333333333037e+00,4.069261448330613540e+00
7.979166666666666075e+00,4.076666060661728430e+00
8.000000000000000000e+00,4.084008729204138710e+00
8.020833333333332149e+00,4.091320099150503431e+00
8.041666666666666075e+00,4.098583885209484912e+00
8.062500000000000000e+00,4.105803699037029020e+00
8.083333333333332149e+00,4.113026109129625851e+00
8.104166666666666075e+00,4.120275622465145560e+00
8.125000000000000000e+00,4.127531701327903590e+00
8.145833333333332149e+00,4.134795517107267671e+00
8.166666666666666075e+00,4.142112585459586604e+00
8.187500000000000000e+00,4.149507209043622247e+00
8.208333333333332149e+00,4.156961873494754656e+00
8.229166666666666075e+00,4.164481395385882578e+00
8.250000000000000000e+00,4.172102753911868689e+00
8.270833333333332149e+00,4.179825386319699909e+00
8.291666666666666075e+00,4.187616300386121537e+00
8.312500000000000000e+00,4.195535692270068395e+00
8.333333333333332149e+00,4.203651077429954697e+00
8.354166666666666075e+00,4.211877310084476633e+00
8.375000000000000000e+00,4.220051897290983511e+00
8.395833333333332149e+00,4.228072499474026635e+00
8.416666666666666075e+00,4.235907039839344357e+00
8.437500000000000000e+00,4.243509710768150534e+00
8.458333333333332149e+00,4.250798365293565695e+00
8.479166666666666075e+00,4.257722986630485096e+00
8.500000000000000000e+00,4.264286958803590544e+00
8.520833333333332149e+00,4.270487075755256434e+00
8.541666666666666075e+00,4.276296063483471244e+00
8.562500000000000000e+00,4.281714608430472246e+00
8.583333333333332149e+00,4.286791492832463746e+00
8.604166666666666075e+00,4.291554352424553187e+00
8.625000000000000000e+00,4.295988710721209358e+00
8.645833333333332149e+00,4.300098933254578704e+00
8.666666666666666075e+00,4.303928268593162798e+00
8.687500000000000000e+00,4.307498987088069775e+00
8.708333333333332149e+00,4.310793184965845626e+00
8.729166666666666075e+00,4.313818550258709195e+00
8.750000000000000000e+00,4.316629807980682187e+00
8.770833333333332149e+00,4.319268703842697121e+00
8.791666666666666075e+00,4.321798857620388290e+00
8.812500000000000000e+00,4.324254462624429252e+00
8.833333333333332149e+00,4.326618794159935000e+00
8.854166666666666075e+00,4.328870164511970486e+00
8.875000000000000000e+00,4.330997775112471970e+00
8.895833333333332149e+00,4.333006822857003115e+00
8.916666666666666075e+00,4.334936884596992002e+00
8.937500000000000000e+00,4.336858927226295179e+00
8.958333333333332149e+00,4.338835579162584111e+00
8.979166666666666075e+00,4.340889738345753202e+00
9.000000000000000000e+00,4.343019889801898792e+00
9.020833333333332149e+00,4.345249996742986731e+00
9.041666666666666075e+00,4.347589669379802402e+00
9.062500000000000000e+00,4.350025035227542247e+00
9.083333333333332149e+00,4.352556641502272505e+00
9.104166666666666075e+00,4.355182302470625544e+00
9.125000000000000000e+00,4.357895698952888530e+00
9.145833333333332149e+00,4.360695610309659465e+00
9.166666666666666075e+00,4.363581623010255761e+00
9.187500000000000000e+00,4.366548250195215530e+00
9.208333333333332149e+00,4.369589528373963638e+00
9.229166666666666075e+00,4.372695007209545182e+00
9.250000000000000000e+00,4.375843871448195088e+00
9.270833333333332149e+00,4.379030998160100552e+00
9.291666666666666075e+00,4.382276488376930956e+00
9.312500000000000000e+00,4.385575349894032193e+00
9.333333333333332149e+00,4.388894011082088653e+00
9.354166666666666075e+00,4.392235946910032496e+00
9.375000000000000000e+00,4.395644294470124613e+00
9.395833333333332149e+00,4.399136516083147264e+00
9.416666666666666075e+00,4.402681017261075525e+00
9.437500000000000000e+00,4.406258011002338826e+00
9.458333333333332149e+00,4.409884356181962950e+00
9.479166666666666075e+00,4.413538834171451875e+00
9.500000000000000000e+00,4.417187099236413061e+00
9.520833333333332149e+00,4.420806366574940860e+00
9.541666666666666075e+00,4.424361533979010552e+00
9.562500000000000000e+00,4.427799564198967808e+00
9.583333333333332149e+00,4.431051247222466571e+00
9.604166666666666075e+00,4.434037363247516517e+00
9.625000000000000000e+00,4.436698876641758993e+00
9.645833333333332149e+00,4.439031307527396386e+00
9.666666666666666075e+00,4.441044176116332842e+00
9.687500000000000000e+00,4.442700642622257945e+00
9.708333333333332149e+00,4.443974724463122250e+00
9.729166666666666075e+00,4.444900439616554344e+00
9.750000000000000000e+00,4.445511703828299410e+00
9.770833333333332149e+00,4.445795255526591383e+00
9.791666666666666075e+00,4.445558273795413129e+00
9.812500000000000000e+00,4.444852026860462324e+00
9.833333333333332149e+00,4.443854621286440931e+00
9.854166666666666075e+00,4.442572449958460012e+00
9.875000000000000000e+00,4.440976937881275788e+00
9.895833333333332149e+00,4.439118702978705144e+00
9.916666666666666075e+00,4.437073141832664547e+00
9.937500000000000000e+00,4.434856784245143402e+00
9.958333333333332149e+00,4.432469611118960984e+00
9.979166666666666075e+00,4.429975870261931625e+00
1.000000000000000000e+01,4.427443659728444558e+00
1.002083333333333215e+01,4.424865244166612754e+00
1.004166666666666607e+01,4.422216471475659993e+00
1.006250000000000000e+01,4.419537562398222263e+00
1.008333333333333215e+01,4.416878547644190078e+00
1.010416666666666607e+01,4.414232993265860827e+00
1.012500000000000000e+01,4.411595363940692849e+00
1.014583333333333215e+01,4.409008139454819286e+00
1.016666666666666607e+01,4.406498852429827195e+00
1.018750000000000000e+01,4.404045909813233628e+00
1.020833333333333215e+01,4.401642920133506109e+00
1.022916666666666607e+01,4.399318363622634287e+00
1.025000000000000000e+01,4.397070033994283200e+00
1.027083333333333215e+01,4.394852491893658453e+00
1.029166666666666607e+01,4.392646457603243348e+00
1.031250000000000000e+01,4.390471287087624574e+00
1.033333333333333215e+01,4.388326512985472050e+00
1.035416666666666607e+01,4.386182915694366358e+00
1.037500000000000000e+01,4.384040679228032644e+00
1.039583333333333215e+01,4.381931385416125480e+00
1.041666666666666607e+01,4.379914815622345969e+00
1.043750000000000000e+01,4.378106796903646014e+00
1.045833333333333215e+01,4.376621846529336501e+00
1.047916666666666607e+01,4.375516087745384475e+00
1.050000000000000000e+01,4.374803483666184434e+00
1.052083333333333215e+01,4.374514116771957006e+00
1.054166666666666607e+01,4.374689764422243776e+00
1.056250000000000000e+01,4.375326987340701912e+00
1.058333333333333215e+01,4.376381235489349208e+00
1.060416666666666607e+01,4.377833484779477757e+00
1.062500000000000000e+01,4.379701666308880803e+00
1.064583333333333215e+01,4.381970506590387338e+00
1.066666666666666607e+01,4.384583966962883217e+00
1.068750000000000000e+01,4.387508897573110467e+00
1.070833333333333215e+01,4.390742728190254240e+00
1.072916666666666607e+01,4.394249892900416121e+00
1.075000000000000000e+01,4.397953254743756091e+00
1.077083333333333215e+01,4.401805287996871208e+00
1.079166666666666607e+01,4.405795854287401170e+00
1.081250000000000000e+01,4.409883249863575827e+00
1.083333333333333215e+01,4.413990884619981792e+00
1.085416666666666607e+01,4.418077855676990850e+00
1.087500000000000000e+01,4.422141007174309912e+00
1.089583333333333215e+01,4.426145567511449386e+00
1.091666666666666607e+01,4.430030602798588291e+00
1.093750000000000000e+01,4.433781364775144063e+00
1.095833333333333215e+01,4.437409134428185631e+00
1.097916666666666607e+01,4.440886637264456205e+00
1.100000000000000000e+01,4.444177178696284258e+00
1.102083333333333215e+01,4.447299678975602966e+00
1.104166666666666607e+01,4.450278517035761716e+00
1.106250000000000000e+01,4.453078516108612384e+00
1.108333333333333215e+01,4.455648254839057465e+00
1.110416666666666607e+01,4.457991399972828894e+00
1.112500000000000000e+01,4.460181073700735688e+00
1.114583333333333215e+01,4.462296850620458777e+00
1.116666666666666607e+01,4.464352103658606907e+00
1.118750000000000000e+01,4.466350669399552054e+00
1.120833333333333215e+01,4.468365037777152438e+00
1.122916666666666607e+01,4.470480179710273561e+00
1.125000000000000000e+01,4.472712169423864736e+00
1.127083333333333215e+01,4.475052565953838268e+00
1.129166666666666607e+01,4.477530374165241689e+00
1.131250000000000000e+01,4.480168572174483721e+00
1.133333333333333215e+01,4.482934568199441472e+00
1.135416666666666607e+01,4.485802589804106510e+00
1.137500000000000000e+01,4.488788549418647023e+00
1.139583333333333215e+01,4.491887369320919809e+00
1.141666666666666607e+01,4.495057696749516829e+00
1.143750000000000000e+01,4.498289817454613981e+00
1.145833333333333215e+01,4.501614835344367904e+00
1.147916666666666607e+01,4.505035642581525224e+00
1.150000000000000000e+01,4.508518164246459570e+00
1.152083333333333215e+01,4.512047917390519913e+00
1.154166666666666607e+01,4.515636136513762722e+00
1.156250000000000000e+01,4.519268321952466749e+00
1.158333333333333215e+01,4.522898131196350313e+00
1.160416666666666607e+01,4.526511051504713556e+00
1.162500000000000000e+01,4.530132678147904102e+00
1.164583333333333215e+01,4.533758939759341189e+00
1.166666666666666607e+01,4.537347036126152311e+00
1.168750000000000000e+01,4.540883552659694899e+00
1.170833333333333215e+01,4.544394244177554221e+00
1.172916666666666607e+01,4.547890032807033300e+00
1.175000000000000000e+01,4.551361021602079227e+00
1.177083333333333215e+01,4.554812504139598595e+00
1.179166666666666607e+01,4.558267139934067735e+00
1.181250000000000000e+01,4.561738712961040498e+00
1.183333333333333215e+01,4.565233190484517145e+00
1.185416666666666607e+01,4.568755806772161421e+00
1.187500000000000000e+01,4.572309805898201240e+00
1.189583333333333215e+01,4.575898368063536559e+00
1.191666666666666607e+01,4.579526621747513460e+00
1.193750000000000000e+01,4.583200368200945896e+00
1.195833333333333215e+01,4.586923388068549379e+00
1.197916666666666607e+01,4.590698593681318052e+00
1.200000000000000000e+01,4.594523758230719679e+00
1.202083333333333215e+01,4.598388096628077903e+00
1.204166666666666607e+01,4.602278219717748087e+00
1.206250000000000000e+01,4.606180663690597754e+00
1.208333333333333215e+01,4.610083816261079548e+00
1.210416666666666607e+01,4.613976470366065286e+00
1.212500000000000000e+01,4.617845509753401245e+00
1.214583333333333215e+01,4.621677763761500302e+00
1.216666666666666607e+01,4.625468414333974820e+00
1.218750000000000000e+01,4.629220830194966219e+00
1.220833333333333215e+01,4.632937307268586657e+00
1.222916666666666607e+01,4.636619451827606930e+00
1.225000000000000000e+01,4.640270409145472286e+00
1.227083333333333215e+01,4.643893266415778598e+00
1.229166666666666607e+01,4.647486087953739187e+00
1.231250000000000000e+01,4.651042608939225609e+00
1.233333333333333215e+01,4.654558015012068672e+00
1.235416666666666607e+01,4.658027784839554819e+00
1.237500000000000000e+01,4.661444742919015560e+00
1.239583333333333215e+01,4.664800605670749611e+00
1.241666666666666607e+01,4.668091270744189281e+00
1.243750000000000000e+01,4.671315810045768124e+00
1.245833333333333215e+01,4.674472193164158185e+00
1.247916666666666607e+01,4.677558600845844516e+00
1.250000000000000000e+01,4.680580708126690581e+00
1.252083333333333215e+01,4.683551947158726136e+00
1.254166666666666607e+01,4.686484650007743724e+00
1.256250000000000000e+01,4.689391118289556459e+00
1.258333333333333215e+01,4.692285447586622915e+00
1.260416666666666607e+01,4.695182216248411144e+00
1.262500000000000000e+01,4.698093890091220359e+00
1.264583333333333215e+01,4.701028655713554549e+00
1.266666666666666607e+01,4.703991336020657776e+00
1.268750000000000000e+01,4.706986430086548268e+00
1.270833333333333215e+01,4.710017544593030792e+00
1.272916666666666607e+01,4.713088843391697758e+00
1.275000000000000000e+01,4.716205898855555745e+00
1.277083333333333215e+01,4.719373808507596024e+00
1.279166666666666607e+01,4.722587811471266939e+00
1.281250000000000000e+01,4.725832991377532544e+00
1.283333333333333215e+01,4.729109186117265828e+00
1.285416666666666607e+01,4.732432431465818823e+00
1.287500000000000000e+01,4.735792870653146025e+00
1.289583333333333215e+01,4.739149242811198093e+00
1.291666666666666607e+01,4.742489144622710207e+00
1.293750000000000000e+01,4.745837716484533786e+00
1.295833333333333215e+01,4.749196097456145793e+00
1.297916666666666607e+01,4.752533836287421209e+00
1.300000000000000000e+01,4.755849084801294424e+00
1.302083333333333215e+01,4.759176807844012203e+00
1.304166666666666607e+01,4.762519981849157702e+00
1.306250000000000000e+01,4.765839902929963401e+00
1.308333333333333215e+01,4.769126338615349070e+00
1.310416666666666607e+01,4.772407457768034433e+00
1.312500000000000000e+01,4.775686647223472470e+00
1.314583333333333215e+01,4.778939942878836611e+00
1.316666666666666607e+01,4.782181185533077361e+00
1.318750000000000000e+01,4.785464521883864286e+00
1.320833333333333215e+01,4.788815517696503044e+00
1.322916666666666607e+01,4.792217723449494038e+00
1.325000000000000000e+01,4.795670781202132638e+00
1.327083333333333215e+01,4.799202137835249182e+00
1.329166666666666607e+01,4.802813172408836984e+00
1.331250000000000000e+01,4.806472412879664979e+00
1.333333333333333215e+01,4.810176994365436443e+00
1.335416666666666607e+01,4.813950704224291499e+00
1.337500000000000000e+01,4.817775199444262135e+00
1.339583333333333215e+01,4.821602111282432546e+00
1.341666666666666607e+01,4.825424751290520398e+00
1.343750000000000000e+01,4.829272657689385184e+00
1.345833333333333215e+01,4.833139599806687947e+00
1.347916666666666607e+01,4.836978893341387753e+00
1.350000000000000000e+01,4.840771811738779462e+00
1.352083333333333215e+01,4.844537924277504182e+00
1.354166666666666607e+01,4.848282243721484086e+00
1.356250000000000000e+01,4.851988443141735274e+00
1.358333333333333215e+01,4.855652876128530693e+00
1.360416666666666607e+01,4.859289666617830683e+00
1.362500000000000000e+01,4.862914295048414104e+00
1.364583333333333215e+01,4.866535064761682960e+00
1.366666666666666607e+01,4.870150086933568545e+00
1.368750000000000000e+01,4.873755270629428260e+00
1.370833333333333215e+01,4.877346585337800633e+00
1.372916666666666607e+01,4.880921446876069325e+00
1.375000000000000000e+01,4.884477717983661371e+00
1.377083333333333215e+01,4.888012337876906699e+00
1.379166666666666607e+01,4.891522368692506006e+00
1.381250000000000000e+01,4.895006147692339660e+00
1.383333333333333215e+01,4.898462662052381233e+00
1.385416666666666607e+01,4.901889610329632774e+00
1.387500000000000000e+01,4.905285104742064917e+00
1.389583333333333215e+01,4.908656189278141291e+00
1.391666666666666607e+01,4.912019388110464568e+00
1.393750000000000000e+01,4.915381917944961820e+00
1.395833333333333215e+01,4.918739278168898110e+00
1.397916666666666607e+01,4.922090488547926412e+00
1.400000000000000000e+01,4.925439273824528286e+00
1.402083333333333215e+01,4.928788547302541900e+00
1.404166666666666607e+01,4.932140714433908002e+00
1.406250000000000000e+01,4.935499085972121946e+00
1.408333333333333215e+01,4.938866878305197439e+00
1.410416666666666607e+01,4.942246117547827389e+00
1.412500000000000000e+01,4.945638235916995029e+00
1.414583333333333215e+01,4.949045713733692509e+00
1.416666666666666607e+01,4.952466654909811083e+00
1.418750000000000000e+01,4.955891908381748756e+00
1.420833333333333215e+01,4.959311231663397379e+00
1.422916666666666607e+01,4.962718659216204031e+00
1.425000000000000000e+01,4.966114139170147546e+00
1.427083333333333215e+01,4.969498351069731257e+00
1.429166666666666607e+01,4.972874273339309426e+00
1.431250000000000000e+01,4.976246107689117792e+00
1.433333333333333215e+01,4.979581873900055022e+00
1.435416666666666607e+01,4.982806111242994440e+00
1.437500000000000000e+01,4.985860294612721511e+00
1.439583333333333215e+01,4.988730403853761430e+00
1.441666666666666607e+01,4.991399194578021614e+00
1.443750000000000000e+01,4.993806969984574629e+00
1.445833333333333215e+01,4.995921419648645667e+00
1.447916666666666607e+01,4.997773707413320388e+00
1.450000000000000000e+01,4.999404166081731660e+00
1.452083333333333215e+01,5.000816709030204699e+00
1.454166666666666607e+01,5.002022120084695267e+00
1.456250000000000000e+01,5.003048744814132753e+00
1.458333333333333215e+01,5.003890750569872203e+00
1.460416666666666607e+01,5.004519865612348184e+00
1.462500000000000000e+01,5.004952757011957409e+00
1.464583333333333215e+01,5.005225632612160247e+00
1.466666666666666607e+01,5.005326420661321052e+00
1.468750000000000000e+01,5.005243750098879119e+00
1.470833333333333215e+01,5.005030208095206490e+00
1.472916666666666607e+01,5.004741563331238652e+00
1.475000000000000000e+01,5.004363446626293843e+00
1.477083333333333215e+01,5.003866717428591571e+00
1.479166666666666607e+01,5.003282264710532168e+00
1.481250000000000000e+01,5.002663669582822159e+00
1.483333333333333215e+01,5.002021712255402264e+00
1.485416666666666607e+01,5.001347325057861504e+00
1.487500000000000000e+01,5.000686610428338952e+00
1.489583333333333215e+01,5.000092602295907795e+00
1.491666666666666607e+01,4.999550846942191207e+00
1.493750000000000000e+01,4.999023495459491429e+00
1.495833333333333215e+01,4.998520249601799748e+00
1.497916666666666607e+01,4.998070389775675970e+00
1.500000000000000000e+01,4.997651982371701607e+00
1.502083333333333215e+01,4.997234496226517386e+00
1.504166666666666607e+01,4.996845498637155991e+00
1.506250000000000000e+01,4.996515688442538128e+00
1.508333333333333215e+01,4.996207797875348078e+00
1.510416666666666607e+01,4.995874499252909828e+00
1.512500000000000000e+01,4.995536542492797771e+00
1.514583333333333215e+01,4.995226642903669578e+00
1.516666666666666607e+01,4.994910160024496726e+00
1.518750000000000000e+01,4.994541974511858662e+00
1.520833333333333215e+01,4.994144305996185196e+00
1.522916666666666607e+01,4.993751314985663825e+00
1.525000000000000000e+01,4.993340027031854866e+00
1.527083333333333215e+01,4.992889722660152074e+00
1.529166666666666607e+01,4.992434557367649184e+00
1.531250000000000000e+01,4.992003552069265382e+00
1.533333333333333215e+01,4.991576216479692185e+00
1.535416666666666607e+01,4.991142892057877312e+00
1.537500000000000000e+01,4.990731595144790589e+00
1.539583333333333215e+01,4.990345945837453279e+00
1.541666666666666607e+01,4.989946192032501671e+00
1.543750000000000000e+01,4.989515907751715496e+00
1.545833333333333215e+01,4.989080789215616818e+00
1.547916666666666607e+01,4.988643746083199382e+00
1.550000000000000000e+01,4.988169268147664148e+00
1.552083333333333215e+01,4.987650050326299045e+00
1.554166666666666607e+01,4.987121802431537354e+00
1.556250000000000000e+01,4.986602897141025004e+00
1.558333333333333215e+01,4.986072855352976951e+00
1.560416666666666607e+01,4.985530796781839413e+00
1.562500000000000000e+01,4.985017860803660383e+00
1.564583333333333215e+01,4.984551412085267863e+00
1.566666666666666607e+01,4.984104379851787670e+00
1.568750000000000000e+01,4.983664659859125656e+00
1.570833333333333215e+01,4.983252583015281623e+00
1.572916666666666607e+01,4.982866641021317378e+00
1.575000000000000000e+01,4.982469935609890044e+00
1.577083333333333215e+01,4.982055049035285066e+00
1.579166666666666607e+01,4.981657412742324098e+00
1.581250000000000000e+01,4.981288711939710012e+00
1.583333333333333215e+01,4.980913572265810885e+00
1.585416666666666607e+01,4.980515078044793320e+00
1.587500000000000000e+01,4.980118144913530998e+00
1.589583333333333215e+01,4.979724550865184618e+00
1.591666666666666607e+01,4.979297378395036944e+00
1.593750000000000000e+01,4.978828630097276609e+00
1.595833333333333215e+01,4.978353578439519644e+00
1.597916666666666607e+01,4.977889747777333618e+00
1.600000000000000000e+01,4.977414585947872006e+00
1.602083333333333215e+01,4.976924523843767822e+00
1.604166666666666430e+01,4.976458129241437156e+00
1.606250000000000000e+01,4.976030693095889745e+00
1.608333333333333215e+01,4.975613279786894161e+00
1.610416666666666430e+01,4.975195623647422849e+00
1.612500000000000000e+01,4.974805173884393028e+00
1.614583333333333215e+01,4.974446187051237978e+00
1.616666666666666430e+01,4.974086012373403420e+00
1.618750000000000000e+01,4.973723020231834546e+00
1.620833333333333215e+01,4.973398948997549418e+00
1.622916666666666430e+01,4.973132416274338219e+00
1.625000000000000000e+01,4.972894647170995164e+00
1.627083333333333215e+01,4.972674573968926204e+00
1.629166666666666430e+01,4.972503239073938097e+00
1.631250000000000000e+01,4.972388774622741536e+00
1.633333333333333215e+01,4.972291770401803035e+00
1.635416666666666430e+01,4.972190350985344232e+00
1.637500000000000000e+01,4.972104942723128751e+00
1.639583333333333215e+01,4.972034252195562054e+00
1.641666666666666430e+01,4.971946667720027691e+00
1.643750000000000000e+01,4.971848559244496535e+00
1.645833333333333215e+01,4.971773119078630288e+00
1.647916666666666430e+01,4.971710609960931393e+00
1.650000000000000000e+01,4.971630646258018871e+00
1.652083333333333215e+01,4.971554338119466010e+00
1.654166666666666430e+01,4.971507959751660266e+00
1.656250000000000000e+01,4.971452483231753483e+00
1.658333333333333215e+01,4.971341753558428778e+00
1.660416666666666430e+01,4.971192990567621983e+00
1.662500000000000000e+01,4.971030585951770497e+00
1.664583333333333215e+01,4.970823458141030216e+00
1.666666666666666430e+01,4.970545485333194513e+00
1.668750000000000000e+01,4.970229156796793113e+00
1.670833333333333215e+01,4.969911784822724776e+00
1.672916666666666430e+01,4.969568790685851667e+00
1.675000000000000000e+01,4.969163925999015241e+00
1.677083333333333215e+01,4.968723605080838546e+00
1.679166666666666430e+01,4.968281407309631525e+00
1.681250000000000000e+01,4.967814235420473956e+00
1.683333333333333215e+01,4.967302418201738234e+00
1.685416666666666430e+01,4.966788188950228999e+00
1.687500000000000000e+01,4.966316860581208026e+00
1.689583333333333215e+01,4.965864416632033596e+00
1.691666666666666430e+01,4.965394959678514297e+00
1.693750000000000000e+01,4.964935237331897788e+00
1.695833333333333215e+01,4.964518415493697212e+00
1.697916666666666430e+01,4.964112053390077328e+00
1.700000000000000000e+01,4.963675805138543673e+00
1.702083333333333215e+01,4.963232376248281064e+00
1.704166666666666430e+01,4.962811803384856724e+00
1.706250000000000000e+01,4.962390735224497362e+00
1.708333333333333215e+01,4.961952557444809564e+00
1.710416666666666430e+01,4.961531544134795801e+00
1.712500000000000000e+01,4.961152072476497921e+00
1.714583333333333215e+01,4.960786863221530396e+00
1.716666666666666430e+01,4.960419176221011028e+00
1.718750000000000000e+01,4.960070479147918654e+00
1.720833333333333215e+01,4.959737162432747759e+00
1.722916666666666430e+01,4.959382721139166783e+00
1.725000000000000000e+01,4.959006217439037911e+00
1.727083333333333215e+01,4.958635465187808400e+00
1.729166666666666430e+01,4.958258092978070408e+00
1.731250000000000000e+01,4.957829411413539944e+00
1.733333333333333215e+01,4.957343473605363648e+00
1.735416666666666430e+01,4.956833543794006758e+00
1.737500000000000000e+01,4.956307028173264406e+00
1.739583333333333215e+01,4.955740080741970921e+00
1.741666666666666430e+01,4.955144163684402692e+00
1.743750000000000000e+01,4.954559254553354108e+00
1.745833333333333215e+01,4.953984863642015846e+00
1.747916666666666430e+01,4.953385729279387029e+00
1.750000000000000000e+01,4.952761645901176735e+00
1.752083333333333215e+01,4.952141942570379207e+00
1.754166666666666430e+01,4.951533648925164677e+00
1.756250000000000000e+01,4.950930861575383979e+00
1.758333333333333215e+01,4.950348437319727068e+00
1.760416666666666430e+01,4.949810279896162513e+00
1.762500000000000000e+01,4.949328604614454008e+00
1.764583333333333215e+01,4.948917445347963628e+00
1.766666666666666430e+01,4.948590367477208041e+00
1.768750000000000000e+01,4.948333219601902755e+00
1.770833333333333215e+01,4.948116460688755325e+00
1.772916666666666430e+01,4.947932655906781108e+00
1.775000000000000000e+01,4.947785986249272128e+00
1.777083333333333215e+01,4.947664095036359733e+00
1.779166666666666430e+01,4.947551377993093524e+00
1.781250000000000000e+01,4.947447759984068938e+00
1.783333333333333215e+01,4.947355168372143730e+00
1.785416666666666430e+01,4.947257856291866318e+00
1.787500000000000000e+01,4.947136666836403407e+00
1.789583333333333215e+01,4.946987820201562691e+00
1.791666666666666430e+01,4.946811041351615756e+00
1.793750000000000000e+01,4.946607611087705081e+00
1.795833333333333215e+01,4.946397060457672801e+00
1.797916666666666430e+01,4.946193604287814516e+00
1.800000000000000000e+01,4.945986534730987039e+00
1.802083333333333215e+01,4.945782178176822974e+00
1.804166666666666430e+01,4.945625741365955008e+00
1.806250000000000000e+01,4.945537891626601734e+00
1.808333333333333215e+01,4.945490628920839349e+00
1.810416666666666430e+01,4.945471881932037128e+00
1.812500000000000000e+01,4.945512450457833609e+00
1.814583333333333215e+01,4.945621720832788171e+00
1.816666666666666430e+01,4.945760536313958511e+00
1.818750000000000000e+01,4.945903154107695876e+00
1.820833333333333215e+01,4.946063537053790427e+00
1.822916666666666430e+01,4.946234874297446460e+00
1.825000000000000000e+01,4.946378308306474736e+00
1.827083333333333215e+01,4.946490633322683017e+00
1.829166666666666430e+01,4.946603562648033581e+00
1.831250000000000000e+01,4.946715262085639608e+00
1.833333333333333215e+01,4.946778378072436588e+00
1.835416666666666430e+01,4.946766541346822699e+00
1.837500000000000000e+01,4.946697158508751357e+00
1.839583333333333215e+01,4.946574227565830206e+00
1.841666666666666430e+01,4.946377011876105456e+00
1.843750000000000000e+01,4.946119668611437703e+00
1.845833333333333215e+01,4.945851209244529478e+00
1.847916666666666430e+01,4.945586938877919003e+00
1.850000000000000000e+01,4.945295798339564008e+00
1.852083333333333215e+01,4.944966952543123462e+00
1.854166666666666430e+01,4.944633146395259971e+00
1.856250000000000000e+01,4.944306788949995202e+00
1.858333333333333215e+01,4.943965132510566463e+00
1.860416666666666430e+01,4.943616022653301023e+00
1.862500000000000000e+01,4.943307955030032730e+00
1.864583333333333215e+01,4.943065934817076013e+00
1.866666666666666430e+01,4.942866212442817542e+00
1.868750000000000000e+01,4.942700310975146394e+00
1.870833333333333215e+01,4.942602764592136211e+00
1.872916666666666430e+01,4.942587416388359856e+00
1.875000000000000000e+01,4.942619499790236404e+00
1.877083333333333215e+01,4.942679331252644026e+00
1.879166666666666430e+01,4.942790418594596780e+00
1.881250000000000000e+01,4.942955829520105482e+00
1.883333333333333215e+01,4.943131320957012242e+00
1.885416666666666430e+01,4.943285992637846071e+00
1.887500000000000000e+01,4.943428244597577681e+00
1.889583333333333215e+01,4.943554217904173598e+00
1.891666666666666430e+01,4.943628413896469453e+00
1.893750000000000000e+01,4.943639600172800463e+00
1.895833333333333215e+01,4.943620630461964538e+00
1.897916666666666430e+01,4.943586773108938459e+00
1.900000000000000000e+01,4.943507874115855572e+00
1.902083333333333215e+01,4.943368669252988568e+00
1.904166666666666430e+01,4.943197195844887482e+00
1.906250000000000000e+01,4.943002401712539573e+00
1.908333333333333215e+01,4.942745539617693140e+00
1.910416666666666430e+01,4.942402376451131119e+00
1.912500000000000000e+01,4.941992903333036757e+00
1.914583333333333215e+01,4.941530577295740301e+00
1.916666666666666430e+01,4.941003535504552069e+00
1.918750000000000000e+01,4.940425403141940564e+00
1.920833333333333215e+01,4.939854339413096262e+00
1.922916666666666430e+01,4.939328589379999634e+00
1.925000000000000000e+01,4.938836972872258535e+00
1.927083333333333215e+01,4.938380462326556142e+00
1.929166666666666430e+01,4.938001179462901291e+00
1.931250000000000000e+01,4.937721269840184668e+00
1.933333333333333215e+01,4.937513485908031186e+00
1.935416666666666430e+01,4.937362051932610463e+00
1.937500000000000000e+01,4.937291650893453898e+00
1.939583333333333215e+01,4.937307136936895269e+00
1.941666666666666430e+01,4.937364198451779984e+00
1.943750000000000000e+01,4.937432321588450357e+00
1.945833333333333215e+01,4.937524928918851863e+00
1.947916666666666430e+01,4.937641423313401390e+00
1.950000000000000000e+01,4.937749579362628261e+00
1.952083333333333215e+01,4.937845338785617599e+00
1.954166666666666430e+01,4.937968557978416939e+00
1.956250000000000000e+01,4.938139796997149666e+00
1.958333333333333215e+01,4.938330487672946134e+00
1.960416666666666430e+01,4.938525463336466359e+00
1.962500000000000000e+01,4.938753132066521445e+00
1.964583333333333215e+01,4.939022959857374495e+00
1.966666666666666430e+01,4.939295176998329318e+00
1.968750000000000000e+01,4.939543248560375410e+00
1.970833333333333215e+01,4.939784382917022931e+00
1.972916666666666430e+01,4.940017644569370425e+00
1.975000000000000000e+01,4.940203722769297201e+00
1.977083333333333215e+01,4.940330126637642039e+00
1.979166666666666430e+01,4.940429544392839212e+00
1.981250000000000000e+01,4.940516088323203547e+00
1.983333333333333215e+01,4.940554583252598775e+00
1.985416666666666430e+01,4.940522723524071402e+00
1.987500000000000000e+01,4.940442062134793311e+00
1.989583333333333215e+01,4.940317456748485547e+00
1.991666666666666430e+01,4.940116578227492283e+00
1.993750000000000000e+01,4.939833593771305154e+00
1.995833333333333215e+01,4.939508294425622559e+00
1.997916666666666430e+01,4.939168167020444145e+00
2.000000000000000000e+01,4.938798650416858393e+00
2.002083333333333215e+01,4.938398608713153948e+00
2.004166666666666430e+01,4.938011081664175350e+00
2.006250000000000000e+01,4.937660707003963090e+00
2.008333333333333215e+01,4.937321552883654263e+00
2.010416666666666430e+01,4.936971150950162368e+00
2.012500000000000000e+01,4.936620607105814962e+00
2.014583333333333215e+01,4.936277666435834988e+00
2.016666666666666430e+01,4.935932143601849731e+00
2.018750000000000000e+01,4.935586318644355153e+00
2.020833333333333215e+01,4.935256659397337486e+00
2.022916666666666430e+01,4.934951958165107122e+00
2.025000000000000000e+01,4.934659198024972326e+00
2.027083333333333215e+01,4.934362125533752419e+00
2.029166666666666430e+01,4.934067122113461323e+00
2.031250000000000000e+01,4.933785696701998624e+00
2.033333333333333215e+01,4.933509049859479134e+00
2.035416666666666430e+01,4.933225014887508308e+00
2.037500000000000000e+01,4.932942394862767976e+00
2.039583333333333215e+01,4.932673373407689077e+00
2.041666666666666430e+01,4.932409690842646022e+00
2.043750000000000000e+01,4.932139846910455816e+00
2.045833333333333215e+01,4.931874430357940042e+00
2.047916666666666430e+01,4.931628567507466698e+00
2.050000000000000000e+01,4.931397048986410958e+00
2.052083333333333215e+01,4.931171375492628073e+00
2.054166666666666430e+01,4.930964067438995180e+00
2.056250000000000000e+01,4.930790962822451107e+00
2.058333333333333215e+01,4.930647575445834541e+00
2.060416666666666430e+01,4.930526158706813433e+00
2.062500000000000000e+01,4.930439826155963878e+00
2.064583333333333215e+01,4.930404977719274662e+00
2.066666666666666430e+01,4.930417838677634279e+00
2.068750000000000000e+01,4.930470988482423600e+00
2.070833333333333215e+01,4.930570758354630101e+00
2.072916666666666430e+01,4.930717953858520630e+00
2.075000000000000000e+01,4.930892325224822237e+00
2.077083333333333215e+01,4.931070469192418315e+00
2.079166666666666430e+01,4.931249696054837983e+00
2.081250000000000000e+01,4.931430596754193374e+00
2.083333333333333215e+01,4.931593824222880507e+00
2.085416666666666430e+01,4.931716904977833771e+00
2.087500000000000000e+01,4.931797939412568610e+00
2.089583333333333215e+01,4.931839396450648394e+00
2.091666666666666430e+01,4.931838393013788568e+00
2.093750000000000000e+01,4.931806022277501533e+00
2.095833333333333215e+01,4.931767481772744155e+00
2.097916666666666430e+01,4.931741219104107010e+00
2.100000000000000000e+01,4.931723422335071660e+00
2.102083333333333215e+01,4.931705004541950821e+00
2.104166666666666430e+01,4.931696576674521104e+00
2.106250000000000000e+01,4.931711899642603036e+00
2.108333333333333215e+01,4.931745549578669063e+00
2.110416666666666430e+01,4.931788938837800451e+00
2.112500000000000000e+01,4.931853056367448751e+00
2.114583333333333215e+01,4.931952068441750825e+00
2.116666666666666430e+01,4.932081050932717758e+00
2.118750000000000000e+01,4.932231977643295018e+00
2.120833333333333215e+01,4.932416587322324020e+00
2.122916666666666430e+01,4.932649778608201530e+00
2.125000000000000000e+01,4.932927359209504203e+00
2.127083333333333215e+01,4.933241761943908621e+00
2.129166666666666430e+01,4.933600288309322401e+00
2.131250000000000000e+01,4.934007366196101252e+00
2.133333333333333215e+01,4.934447791648965520e+00
2.135416666666666430e+01,4.934903318770962777e+00
2.137500000000000000e+01,4.935375200984285726e+00
2.139583333333333215e+01,4.935867823292108270e+00
2.141666666666666430e+01,4.936366713862180511e+00
2.143750000000000000e+01,4.936854404870056001e+00
2.145833333333333215e+01,4.937332929204314880e+00
2.147916666666666430e+01,4.937807417940823562e+00
2.150000000000000000e+01,4.938264313531564476e+00
2.152083333333333215e+01,4.938686990211804684e+00
2.154166666666666430e+01,4.939078018845714624e+00
2.156250000000000000e+01,4.939443104392650774e+00
2.158333333333333215e+01,4.939769267566154198e+00
2.160416666666666430e+01,4.940040540614909048e+00
2.162500000000000000e+01,4.940260358214563219e+00
2.164583333333333215e+01,4.940435261304502390e+00
2.166666666666666430e+01,4.940553109471146342e+00
2.168750000000000000e+01,4.940599088343086365e+00
2.170833333333333215e+01,4.940582958997693730e+00
2.172916666666666430e+01,4.940524166417169738e+00
2.175000000000000000e+01,4.940424038143809149e+00
2.177083333333333215e+01,4.940280956859782080e+00
2.179166666666666430e+01,4.940112734222302571e+00
2.181250000000000000e+01,4.939939760977175354e+00
2.183333333333333215e+01,4.939756302626050477e+00
2.185416666666666430e+01,4.939544560266885043e+00
2.187500000000000000e+01,4.939310533731517516e+00
2.189583333333333215e+01,4.939070822334662658e+00
2.191666666666666430e+01,4.938824522732804922e+00
2.193750000000000000e+01,4.938567817725860287e+00
2.195833333333333215e+01,4.938315759554803286e+00
2.197916666666666430e+01,4.938085897342965325e+00
2.200000000000000000e+01,4.937869884893174799e+00
2.202083333333333215e+01,4.937647159158937704e+00
2.204166666666666430e+01,4.937424112105905927e+00
2.206250000000000000e+01,4.937221902517873851e+00
2.208333333333333215e+01,4.937037705735785487e+00
2.210416666666666430e+01,4.936856961932839738e+00
2.212500000000000000e+01,4.936690878006045224e+00
2.214583333333333215e+01,4.936564234041366461e+00
2.216666666666666430e+01,4.936482740454916751e+00
2.218750000000000000e+01,4.936445715258545697e+00
2.220833333333333215e+01,4.936464087236873688e+00
2.222916666666666430e+01,4.936544011728324577e+00
2.225000000000000000e+01,4.936673215268148063e+00
2.227083333333333215e+01,4.936836621295687344e+00
2.229166666666666430e+01,4.937037403851917361e+00
2.231250000000000000e+01,4.937281653379788970e+00
2.233333333333333215e+01,4.937557948030236510e+00
2.235416666666666430e+01,4.937852066547528729e+00
2.237500000000000000e+01,4.938167828289155459e+00
2.239583333333333215e+01,4.938511947267772761e+00
2.241666666666666430e+01,4.938873742934434929e+00
2.243750000000000000e+01,4.939239773321626892e+00
2.245833333333333215e+01,4.939614594163102446e+00
2.247916666666666430e+01,4.940005621566688099e+00
2.250000000000000000e+01,4.940403040823515113e+00
2.252083333333333215e+01,4.940794043659288093e+00
2.254166666666666430e+01,4.941180147293155578e+00
2.256250000000000000e+01,4.941561479994322603e+00
2.258333333333333215e+01,4.941920449175829511e+00
2.260416666666666430e+01,4.942236969196588170e+00
2.262500000000000000e+01,4.942512724154489945e+00
2.264583333333333215e+01,4.942756967029663606e+00
2.266666666666666430e+01,4.942962022352765494e+00
2.268750000000000000e+01,4.943117509157492151e+00
2.270833333333333215e+01,4.943231100788669785e+00
2.272916666666666430e+01,4.943313302738337356e+00
2.275000000000000000e+01,4.943357341572234276e+00
2.277083333333333215e+01,4.943353748487732346e+00
2.279166666666666430e+01,4.943310816568065036e+00
2.281250000000000000e+01,4.943238905376589720e+00
2.283333333333333215e+01,4.943132543834306780e+00
2.285416666666666430e+01,4.942987145496823054e+00
2.287500000000000000e+01,4.942830284197390789e+00
2.289583333333333215e+01,4.942709563003433004e+00
2.291666666666666430e+01,4.942635558840325238e+00
2.293750000000000000e+01,4.942580760342140778e+00
2.295833333333333215e+01,4.942541025471503424e+00
2.297916666666666430e+01,4.942539201383252312e+00
2.300000000000000000e+01,4.942562867645167834e+00
2.302083333333333215e+01,4.942577429296417080e+00
2.304166666666666430e+01,4.942596611533162765e+00
2.306250000000000000e+01,4.942669279513042468e+00
2.308333333333333215e+01,4.942808422185641426e+00
2.310416666666666430e+01,4.942995359500465646e+00
2.312500000000000000e+01,4.943231367303115853e+00
2.314583333333333215e+01,4.943525389279628257e+00
2.316666666666666430e+01,4.943858213743862251e+00
2.318750000000000000e+01,4.944200148133081285e+00
2.320833333333333215e+01,4.944535070041694347e+00
2.322916666666666430e+01,4.944847745152437746e+00
2.325000000000000000e+01,4.945126086071116589e+00
2.327083333333333215e+01,4.945383664367774657e+00
2.329166666666666430e+01,4.945643020137424628e+00
2.331250000000000000e+01,4.945906397882477101e+00
2.333333333333333215e+01,4.946167106183268380e+00
2.335416666666666430e+01,4.946427324155560967e+00
2.337500000000000000e+01,4.946682209221573423e+00
2.339583333333333215e+01,4.946910732279723000e+00
2.341666666666666430e+01,4.947096924992991696e+00
2.343750000000000000e+01,4.947251070972287224e+00
2.345833333333333215e+01,4.947387940703868559e+00
2.347916666666666430e+01,4.947506931067466418e+00
2.350000000000000000e+01,4.947605264955630133e+00
2.352083333333333215e+01,4.947692986796719872e+00
2.354166666666666430e+01,4.947777486342141984e+00
2.356250000000000000e+01,4.947850440080435064e+00
2.358333333333333215e+01,4.947905386021203000e+00
2.360416666666666430e+01,4.947956955555151914e+00
2.362500000000000000e+01,4.948022678692221454e+00
2.364583333333333215e+01,4.948104748120035090e+00
2.366666666666666430e+01,4.948203253227101861e+00
2.368750000000000000e+01,4.948335712406294995e+00
2.370833333333333215e+01,4.948523104152295460e+00
2.372916666666666430e+01,4.948770775931285115e+00
2.375000000000000000e+01,4.949073575407485492e+00
2.377083333333333215e+01,4.949429189627419845e+00
2.379166666666666430e+01,4.949832707118182462e+00
2.381250000000000000e+01,4.950263768956375543e+00
2.383333333333333215e+01,4.950700247364177464e+00
2.385416666666666430e+01,4.951137086472098936e+00
2.387500000000000000e+01,4.951572391612081958e+00
2.389583333333333215e+01,4.951989554169868413e+00
2.391666666666666430e+01,4.952370916690192360e+00
2.393750000000000000e+01,4.952723117433145639e+00
2.395833333333333215e+01,4.953065428905067513e+00
2.397916666666666430e+01,4.953403562868506249e+00
2.400000000000000000e+01,4.953740534515711502e+00
2.402083333333333215e+01,4.954080612094902136e+00
2.404166666666666430e+01,4.954412571901235296e+00
2.406250000000000000e+01,4.954719401623212782e+00
2.408333333333333215e+01,4.954995753451370888e+00
2.410416666666666430e+01,4.955249756291683738e+00
2.412500000000000000e+01,4.955486758444405559e+00
2.414583333333333215e+01,4.955697390566869309e+00
2.416666666666666430e+01,4.955875365270322241e+00
2.418750000000000000e+01,4.956033926004192125e+00
2.420833333333333215e+01,4.956186665830670357e+00
2.422916666666666430e+01,4.956332498384662166e+00
2.425000000000000000e+01,4.956468417121695502e+00
2.427083333333333215e+01,4.956607783794003907e+00
2.429166666666666430e+01,4.956767112086333249e+00
2.431250000000000000e+01,4.956948676651072638e+00
2.433333333333333215e+01,4.957150669712961921e+00
2.435416666666666430e+01,4.957369138444494894e+00
2.437500000000000000e+01,4.957583564813161203e+00
2.439583333333333215e+01,4.957776091557544618e+00
2.441666666666666430e+01,4.957949560585208637e+00
2.443750000000000000e+01,4.958101532489726182e+00
2.445833333333333215e+01,4.958207811138250598e+00
2.447916666666666430e+01,4.958264775136560942e+00
2.450000000000000000e+01,4.958307983410233710e+00
2.452083333333333215e+01,4.958355321359462664e+00
2.454166666666666430e+01,4.958381971087017170e+00
2.456250000000000000e+01,4.958384671107847197e+00
2.458333333333333215e+01,4.958399787224048616e+00
2.460416666666666430e+01,4.958436443896020229e+00
2.462500000000000000e+01,4.958460014881391764e+00
2.464583333333333215e+01,4.958457881397851708e+00
2.466666666666666430e+01,4.958465522382041968e+00
2.468750000000000000e+01,4.958501870795545940e+00
2.470833333333333215e+01,4.958543084428542969e+00
2.472916666666666430e+01,4.958585231984054431e+00
2.475000000000000000e+01,4.958654228671223407e+00
2.477083333333333215e+01,4.958739130524516092e+00
2.479166666666666430e+01,4.958801840848146902e+00
2.481250000000000000e+01,4.958846579567435242e+00
2.483333333333333215e+01,4.958899632868233986e+00
2.485416666666666430e+01,4.958937772347190354e+00
2.487500000000000000e+01,4.958933142027237118e+00
2.489583333333333215e+01,4.958929277011103309e+00
2.491666666666666430e+01,4.958984659419894747e+00
2.493750000000000000e+01,4.959094940541778129e+00
2.495833333333333215e+01,4.959239117398166030e+00
2.497916666666666430e+01,4.959436673259475903e+00
2.500000000000000000e+01,4.959697443984418364e+00
2.502083333333333215e+01,4.959972713851059645e+00
2.504166666666666430e+01,4.960215478570464853e+00
2.506250000000000000e+01,4.960450993360976391e+00
2.508333333333333215e+01,4.960719599205472896e+00
2.510416666666666430e+01,4.960999539586894436e+00
2.512500000000000000e+01,4.961262267331735032e+00
2.514583333333333215e+01,4.961537135861984638e+00
2.516666666666666430e+01,4.961852831427963295e+00
2.518750000000000000e+01,4.962186989786745883e+00
2.520833333333333215e+01,4.962525125282827965e+00
2.522916666666666430e+01,4.962891113011070665e+00
2.525000000000000000e+01,4.963282220206248319e+00
2.527083333333333215e+01,4.963650731526094262e+00
2.529166666666666430e+01,4.963968612278972792e+00
2.531250000000000000e+01,4.964255549516847665e+00
2.533333333333333215e+01,4.964514674085057422e+00
2.535416666666666430e+01,4.964705214548609469e+00
2.537500000000000000e+01,4.964806078680719992e+00
2.539583333333333215e+01,4.964843990522424200e+00
2.541666666666666430e+01,4.964831969172211146e+00
2.543750000000000000e+01,4.964752335999586208e+00
2.545833333333333215e+01,4.964615239602133023e+00
2.547916666666666430e+01,4.964470464522453774e+00
2.550000000000000000e+01,4.964346992523991808e+00
2.552083333333333215e+01,4.964229267535892554e+00
2.554166666666666430e+01,4.964120803091655709e+00
2.556250000000000000e+01,4.964071153082474375e+00
2.558333333333333215e+01,4.964111046978542774e+00
2.560416666666666430e+01,4.964220383761666078e+00
2.562500000000000000e+01,4.964388227589757285e+00
2.564583333333333215e+01,4.964636741304504497e+00
2.566666666666666430e+01,4.964956160722683087e+00
2.568750000000000000e+01,4.965292963769874390e+00
2.570833333333333215e+01,4.965615389917420686e+00
2.572916666666666430e+01,4.965939937692104067e+00
2.575000000000000000e+01,4.966267556420266516e+00
2.577083333333333215e+01,4.966561723154628183e+00
2.579166666666666430e+01,4.966809795937470184e+00
2.581250000000000000e+01,4.967043433410135655e+00
2.583333333333333215e+01,4.967278105278110978e+00
2.585416666666666430e+01,4.967484869330153430e+00
2.587500000000000000e+01,4.967651917540548467e+00
2.589583333333333215e+01,4.967813571516410676e+00
2.591666666666666430e+01,4.967988270147106533e+00
2.593750000000000000e+01,4.968148907065248032e+00
2.595833333333333215e+01,4.968275238177933595e+00
2.597916666666666430e+01,4.968381927836155398e+00
2.600000000000000000e+01,4.968475473927374431e+00
2.602083333333333215e+01,4.968527638265404889e+00
2.604166666666666430e+01,4.968513372167548958e+00
2.606250000000000000e+01,4.968436779453491603e+00
2.608333333333333215e+01,4.968309642876996612e+00
2.610416666666666430e+01,4.968135814743717127e+00
2.612500000000000000e+01,4.967923985549077770e+00
2.614583333333333215e+01,4.967689748210443845e+00
2.616666666666666430e+01,4.967436662031856187e+00
2.618750000000000000e+01,4.967153020910894945e+00
2.620833333333333215e+01,4.966831244463675077e+00
2.622916666666666430e+01,4.966482057866125288e+00
2.625000000000000000e+01,4.966118173544363579e+00
2.627083333333333215e+01,4.965732467452535381e+00
2.629166666666666430e+01,4.965314128243375258e+00
2.631250000000000000e+01,4.964869821577624798e+00
2.633333333333333215e+01,4.964412708358339366e+00
2.635416666666666430e+01,4.963949950763947960e+00
2.637500000000000000e+01,4.963495607469622151e+00
2.639583333333333215e+01,4.963073883275042064e+00
2.641666666666666430e+01,4.962700570161475255e+00
2.643750000000000000e+01,4.962369360213449987e+00
2.645833333333333215e+01,4.962068557690389348e+00
2.647916666666666430e+01,4.961803068819745199e+00
2.650000000000000000e+01,4.961576489439183391e+00
2.652083333333333215e+01,4.961377949138902288e+00
2.654166666666666430e+01,4.961203661017501432e+00
2.656250000000000000e+01,4.961061828208483959e+00
2.658333333333333215e+01,4.960955051657570003e+00
2.660416666666666430e+01,4.960865684565232137e+00
2.662500000000000000e+01,4.960772245072429421e+00
2.664583333333333215e+01,4.960670025778390446e+00
2.666666666666666430e+01,4.960557103225792019e+00
2.668750000000000000e+01,4.960426552309291637e+00
2.670833333333333215e+01,4.960285162373776480e+00
2.672916666666666430e+01,4.960154472611689513e+00
2.675000000000000000e+01,4.960053174113810748e+00
2.677083333333333215e+01,4.959979884513931125e+00
2.679166666666666430e+01,4.959929098353159205e+00
2.681250000000000000e+01,4.959911445059952406e+00
2.683333333333333215e+01,4.959932737367615196e+00
2.685416666666666430e+01,4.959971478423445213e+00
2.687500000000000000e+01,4.960001570561507478e+00
2.689583333333333215e+01,4.960013931732002668e+00
2.691666666666666430e+01,4.960010287541958718e+00
2.693750000000000000e+01,4.959990290199272067e+00
2.695833333333333215e+01,4.959958644035557640e+00
2.697916666666666430e+01,4.959937024040620202e+00
2.700000000000000000e+01,4.959945833301897089e+00
2.702083333333333215e+01,4.959977655258549945e+00
2.704166666666666430e+01,4.960013931320544245e+00
2.706250000000000000e+01,4.960052032702311209e+00
2.708333333333333215e+01,4.960092029106761835e+00
2.710416666666666430e+01,4.960115545881733645e+00
2.712500000000000000e+01,4.960100564200196516e+00
2.714583333333333215e+01,4.960041149463559229e+00
2.716666666666666430e+01,4.959934338907135754e+00
2.718750000000000000e+01,4.959776100850889158e+00
2.720833333333333215e+01,4.959579463465108695e+00
2.722916666666666430e+01,4.959357568990893306e+00
2.725000000000000000e+01,4.959104515149170389e+00
2.727083333333333215e+01,4.958825912224069654e+00
2.729166666666666430e+01,4.958559755095010679e+00
2.731250000000000000e+01,4.958319676750350347e+00
2.733333333333333215e+01,4.958070328711168706e+00
2.735416666666666430e+01,4.957791710369686911e+00
2.737500000000000000e+01,4.957507046779119797e+00
2.739583333333333215e+01,4.957219765464835781e+00
2.741666666666666430e+01,4.956902228337956018e+00
2.743750000000000000e+01,4.956563154978143260e+00
2.745833333333333215e+01,4.956239503514708211e+00
2.747916666666666430e+01,4.955927587892694497e+00
2.750000000000000000e+01,4.955600909581681535e+00
2.752083333333333215e+01,4.955280971111784005e+00
2.754166666666666430e+01,4.954994112445062271e+00
2.756250000000000000e+01,4.954700723574438470e+00
2.758333333333333215e+01,4.954352465963025587e+00
2.760416666666666430e+01,4.953963988648305339e+00
2.762500000000000000e+01,4.953564035593442050e+00
2.764583333333333215e+01,4.953130209256196181e+00
2.766666666666666430e+01,4.952639561957325576e+00
2.768750000000000000e+01,4.952132352086670686e+00
2.770833333333333215e+01,4.951655295572440885e+00
2.772916666666666430e+01,4.951194778766039306e+00
2.775000000000000000e+01,4.950734883502088124e+00
2.777083333333333215e+01,4.950316258686133786e+00
2.779166666666666430e+01,4.949977726950281820e+00
2.781250000000000000e+01,4.949693652550619660e+00
2.783333333333333215e+01,4.949432522063791140e+00
2.785416666666666430e+01,4.949225520200542405e+00
2.787500000000000000e+01,4.949109985486282781e+00
2.789583333333333215e+01,4.949052232537558105e+00
2.791666666666666430e+01,4.949003276621633418e+00
2.793750000000000000e+01,4.948975757952346122e+00
2.795833333333333215e+01,4.948989024215560306e+00
2.797916666666666430e+01,4.949002317677799745e+00
2.800000000000000000e+01,4.948973231056848832e+00
2.802083333333333215e+01,4.948922362145061982e+00
2.804166666666666430e+01,4.948876827003979351e+00
2.806250000000000000e+01,4.948803870397528115e+00
2.808333333333333215e+01,4.948668910074480287e+00
2.810416666666666430e+01,4.948494159884945454e+00
2.812500000000000000e+01,4.948301634840044372e+00
2.814583333333333215e+01,4.948066885170446128e+00
2.816666666666666430e+01,4.947781238401001147e+00
2.818750000000000000e+01,4.947488821574842710e+00
2.820833333333333215e+01,4.947224549284499062e+00
2.822916666666666430e+01,4.946951043783500701e+00
2.825000000000000000e+01,4.946616132117327425e+00
2.827083333333333215e+01,4.946229739150715510e+00
2.829166666666666430e+01,4.945819329350996441e+00
2.831250000000000000e+01,4.945372106422857961e+00
2.833333333333333215e+01,4.944882291553593490e+00
2.835416666666666430e+01,4.944394680252583996e+00
2.837500000000000000e+01,4.943944581643434866e+00
2.839583333333333215e+01,4.943509268018035918e+00
2.841666666666666430e+01,4.943068867842588254e+00
2.843750000000000000e+01,4.942665787625596607e+00
2.845833333333333215e+01,4.942347137803617230e+00
2.847916666666666430e+01,4.942089589976155217e+00
2.850000000000000000e+01,4.941855042856781566e+00
2.852083333333333215e+01,4.941666583054545647e+00
2.854166666666666430e+01,4.941553504462331325e+00
2.856250000000000000e+01,4.941480812256012989e+00
2.858333333333333215e+01,4.941406049427267355e+00
2.860416666666666430e+01,4.941348706235930699e+00
2.862500000000000000e+01,4.941334350123069541e+00
2.864583333333333215e+01,4.941318495387939436e+00
2.866666666666666430e+01,4.941241917102956904e+00
2.868750000000000000e+01,4.941107399785019894e+00
2.870833333333333215e+01,4.940938966944555588e+00
2.872916666666666430e+01,4.940718097451732405e+00
2.875000000000000000e+01,4.940424553577307698e+00
2.877083333333333215e+01,4.940095562150228048e+00
2.879166666666666430e+01,4.939768554585565852e+00
2.881250000000000000e+01,4.939413079599376921e+00
2.883333333333333215e+01,4.938987486852959741e+00
2.885416666666666430e+01,4.938511469194347470e+00
2.887500000000000000e+01,4.938012321810056449e+00
2.889583333333333215e+01,4.937474227559124351e+00
2.891666666666666430e+01,4.936898725444553548e+00
2.893750000000000000e+01,4.936324840570180505e+00
2.895833333333333215e+01,4.935766371087380477e+00
2.897916666666666430e+01,4.935206509248232898e+00
2.900000000000000000e+01,4.934665129647898496e+00
2.902083333333333215e+01,4.934186705883035984e+00
2.904166666666666430e+01,4.933771562812820477e+00
2.906250000000000000e+01,4.933387358545097356e+00
2.908333333333333215e+01,4.933038434094808800e+00
2.910416666666666430e+01,4.932753777239344828e+00
2.912500000000000000e+01,4.932521399227791647e+00
2.914583333333333215e+01,4.932300846410882400e+00
2.916666666666666430e+01,4.932088960846312098e+00
2.918750000000000000e+01,4.931909605314381828e+00
2.920833333333333215e+01,4.931759439666233646e+00
2.922916666666666430e+01,4.931621225068901992e+00
2.925000000000000000e+01,4.931511764871020276e+00
2.927083333333333215e+01,4.931466421855408733e+00
2.929166666666666430e+01,4.931475405982291171e+00
2.931250000000000000e+01,4.931496054439907795e+00
2.933333333333333215e+01,4.931522581193430455e+00
2.935416666666666430e+01,4.931575569284635030e+00
2.937500000000000000e+01,4.931634941650241188e+00
2.939583333333333215e+01,4.931650078144338423e+00
2.941666666666666430e+01,4.931607786957952655e+00
2.943750000000000000e+01,4.931528068664833953e+00
2.945833333333333215e+01,4.931405264761811402e+00
2.947916666666666430e+01,4.931215147278263267e+00
2.950000000000000000e+01,4.930974687705165671e+00
2.952083333333333215e+01,4.930727496676019506e+00
2.954166666666666430e+01,4.930474871432633854e+00
2.956250000000000000e+01,4.930185356797287533e+00
2.958333333333333215e+01,4.929864167390850760e+00
2.960416666666666430e+01,4.929542863626029003e+00
2.962500000000000000e+01,4.929211318145101828e+00
2.964583333333333215e+01,4.928834227958057035e+00
2.966666666666666430e+01,4.928421999759632577e+00
2.968750000000000000e+01,4.928009889006411903e+00
2.970833333333333215e+01,4.927597486706364549e+00
2.972916666666666430e+01,4.927163931573640632e+00
2.975000000000000000e+01,4.926726182905343698e+00
2.977083333333333215e+01,4.926327667812438804e+00
2.979166666666666430e+01,4.925969882568912439e+00
2.981250000000000000e+01,4.925621399677889478e+00
2.983333333333333215e+01,4.925286747184389746e+00
2.985416666666666430e+01,4.924991675327533791e+00
2.987500000000000000e+01,4.924724186758210109e+00
2.989583333333333215e+01,4.924453487873259760e+00
2.991666666666666430e+01,4.924187336634547663e+00
2.993750000000000000e+01,4.923960062236941937e+00
2.995833333333333215e+01,4.923764071639734397e+00
2.997916666666666430e+01,4.923564833085697146e+00
3.000000000000000000e+01,4.923371890281373453e+00
3.002083333333333215e+01,4.923222315299359941e+00
3.004166666666666430e+01,4.923111397750238538e+00
3.006250000000000000e+01,4.923001328614461158e+00
3.008333333333333215e+01,4.922890474844320075e+00
3.010416666666666430e+01,4.922804097361099807e+00
3.012500000000000000e+01,4.922738215434717013e+00
3.014583333333333215e+01,4.922672204254197048e+00
3.016666666666666430e+01,4.922623232063894072e+00
3.018750000000000000e+01,4.922630788438011606e+00
3.020833333333333215e+01,4.922686753275170801e+00
3.022916666666666430e+01,4.922749157984062762e+00
3.025000000000000000e+01,4.922812599732524497e+00
3.027083333333333215e+01,4.922898556481931642e+00
3.029166666666666430e+01,4.922987005609807731e+00
3.031250000000000000e+01,4.923032513058837267e+00
3.033333333333333215e+01,4.923035620954629543e+00
3.035416666666666430e+01,4.923024961482718176e+00
3.037500000000000000e+01,4.922998502881708482e+00
3.039583333333333215e+01,4.922935496162463842e+00
3.041666666666666430e+01,4.922852725561663867e+00
3.043750000000000000e+01,4.922789937648737180e+00
3.045833333333333215e+01,4.922740202424982670e+00
3.047916666666666430e+01,4.922662847727763413e+00
3.050000000000000000e+01,4.922553600813074581e+00
3.052083333333333215e+01,4.922435387976525689e+00
3.054166666666666430e+01,4.922294851686610961e+00
3.056250000000000000e+01,4.922092396453873420e+00
3.058333333333333215e+01,4.921825565027252658e+00
3.060416666666666430e+01,4.921519341085814681e+00
3.062500000000000000e+01,4.921166759401562452e+00
3.064583333333333215e+01,4.920745562877483437e+00
3.066666666666666430e+01,4.920278580612486685e+00
3.068750000000000000e+01,4.919816403361790158e+00
3.070833333333333215e+01,4.919368033260127504e+00
3.072916666666666430e+01,4.918909108400456809e+00
3.075000000000000000e+01,4.918450906721448135e+00
3.077083333333333215e+01,4.918026284550146343e+00
3.079166666666666430e+01,4.917624236429761986e+00
3.081250000000000000e+01,4.917205824838374539e+00
3.083333333333333215e+01,4.916769137481801444e+00
3.085416666666666430e+01,4.916339528692672545e+00
3.087500000000000000e+01,4.915905290531766170e+00
3.089583333333333215e+01,4.915431547148678249e+00
3.091666666666666430e+01,4.914926013586006448e+00
3.093750000000000000e+01,4.914424533134749140e+00
3.095833333333333215e+01,4.913928147711708938e+00
3.097916666666666430e+01,4.913412807875480404e+00
3.100000000000000000e+01,4.912891374033701020e+00
3.102083333333333215e+01,4.912403848516698979e+00
3.104166666666666430e+01,4.911948792486491300e+00
3.106250000000000000e+01,4.911491218746860454e+00
3.108333333333333215e+01,4.911032048407601103e+00
3.110416666666666430e+01,4.910600676499318418e+00
3.112500000000000000e+01,4.910198368630233290e+00
3.114583333333333215e+01,4.909808380374895975e+00
3.116666666666666430e+01,4.909444199477573711e+00
3.118750000000000000e+01,4.909136896616625556e+00
3.120833333333333215e+01,4.908874935579954801e+00
3.122916666666666430e+01,4.908613137097337820e+00
3.125000000000000000e+01,4.908342335928272959e+00
3.127083333333333215e+01,4.908081782176973107e+00
3.129166666666666430e+01,4.907826970130307664e+00
3.131250000000000000e+01,4.907561071680293985e+00
3.133333333333333215e+01,4.907293355908868726e+00
3.135416666666666430e+01,4.907045757774869621e+00
3.137500000000000000e+01,4.906808247708518422e+00
3.139583333333333215e+01,4.906550695203603318e+00
3.141666666666666430e+01,4.906280327066314229e+00
3.143750000000000000e+01,4.906031908315089396e+00
3.145833333333333215e+01,4.905798965722602212e+00
3.147916666666666430e+01,4.905541264064062545e+00
3.150000000000000000e+01,4.905254488930360424e+00
3.152083333333333215e+01,4.904962141380531548e+00
3.154166666666666430e+01,4.904649177102813340e+00
3.156250000000000000e+01,4.904275436156353862e+00
3.158333333333333215e+01,4.903844597931935390e+00
3.160416666666666430e+01,4.903394438492752805e+00
3.162500000000000000e+01,4.902939571252682427e+00
3.164583333333333215e+01,4.902475513624153791e+00
3.166666666666666430e+01,4.902031614856604769e+00
3.168750000000000000e+01,4.901656630572217566e+00
3.170833333333333215e+01,4.901351656887173114e+00
3.172916666666666430e+01,4.901082897668302074e+00
3.175000000000000000e+01,4.900852347543216858e+00
3.177083333333333215e+01,4.900689880102912177e+00
3.179166666666666430e+01,4.900584506478736557e+00
3.181250000000000000e+01,4.900495892613058402e+00
3.183333333333333215e+01,4.900425271621098311e+00
3.185416666666666430e+01,4.900402418971217422e+00
3.187500000000000000e+01,4.900416273792646216e+00
3.189583333333333215e+01,4.900421617579494793e+00
3.191666666666666430e+01,4.900408653714409368e+00
3.193750000000000000e+01,4.900396824776512616e+00
3.195833333333333215e+01,4.900387661394391081e+00
3.197916666666666430e+01,4.900375615076397295e+00
3.200000000000000000e+01,4.900365368756432360e+00
3.202083333333332860e+01,4.900352600143065729e+00
3.204166666666666430e+01,4.900325521910215976e+00
3.206250000000000000e+01,4.900288388628769809e+00
3.208333333333332860e+01,4.900247562496211629e+00
3.210416666666666430e+01,4.900190470152093525e+00
3.212500000000000000e+01,4.900100842575414006e+00
3.214583333333332860e+01,4.899978855306089010e+00
3.216666666666666430e+01,4.899827604048863527e+00
3.218750000000000000e+01,4.899648378075846189e+00
3.220833333333332860e+01,4.899459264443280837e+00
3.222916666666666430e+01,4.899281964661350131e+00
3.225000000000000000e+01,4.899121708735542313e+00
3.227083333333332860e+01,4.898973133165409166e+00
3.229166666666666430e+01,4.898838654220216249e+00
3.231250000000000000e+01,4.898720915201321802e+00
3.233333333333332860e+01,4.898604696543922721e+00
3.235416666666666430e+01,4.898488575709854409e+00
3.237500000000000000e+01,4.898408351406917660e+00
3.239583333333332860e+01,4.898378535519587906e+00
3.241666666666666430e+01,4.898365146738757225e+00
3.243750000000000000e+01,4.898349323447345860e+00
3.245833333333332860e+01,4.898355445569741562e+00
3.247916666666666430e+01,4.898391820873428948e+00
3.250000000000000000e+01,4.898423890383819312e+00
3.252083333333332860e+01,4.898432952705799259e+00
3.254166666666666430e+01,4.898443604295900755e+00
3.256250000000000000e+01,4.898459914993188669e+00
3.258333333333332860e+01,4.898441278032428237e+00
3.260416666666666430e+01,4.898367536805721123e+00
3.262500000000000000e+01,4.898262380815284089e+00
3.264583333333332860e+01,4.898129888135449583e+00
3.266666666666666430e+01,4.897945256095028732e+00
3.268750000000000000e+01,4.897722405217058039e+00
3.270833333333332860e+01,4.897496795936798542e+00
3.272916666666666430e+01,4.897255111828814123e+00
3.275000000000000000e+01,4.896971303885184312e+00
3.277083333333332860e+01,4.896681181902422964e+00
3.279166666666666430e+01,4.896426594104808849e+00
3.281250000000000000e+01,4.896181030407737111e+00
3.283333333333332860e+01,4.895906435443646565e+00
3.285416666666666430e+01,4.895626964717569862e+00
3.287500000000000000e+01,4.895373350375789023e+00
3.289583333333332860e+01,4.895115884890520519e+00
3.291666666666666430e+01,4.894822557083719161e+00
3.293750000000000000e+01,4.894519523771570846e+00
3.295833333333332860e+01,4.894233382693902179e+00
3.297916666666666430e+01,4.893929158254431755e+00
3.300000000000000000e+01,4.893569545065469484e+00
3.302083333333332860e+01,4.893180351428418895e+00
3.304166666666666430e+01,4.892794020445809799e+00
3.306250000000000000e+01,4.892383705245173076e+00
3.308333333333332860e+01,4.891921329779543193e+00
3.310416666666666430e+01,4.891432412916714156e+00
3.312500000000000000e+01,4.890938658191792854e+00
3.314583333333332860e+01,4.890426962251219756e+00
3.316666666666666430e+01,4.889909463207338547e+00
3.318750000000000000e+01,4.889425746272885398e+00
3.320833333333332860e+01,4.888982463396821743e+00
3.322916666666666430e+01,4.888540242680015524e+00
3.325000000000000000e+01,4.888076515926387700e+00
3.327083333333332860e+01,4.887613661408933829e+00
3.329166666666666430e+01,4.887164230915550966e+00
3.331250000000000000e+01,4.886703793023494669e+00
3.333333333333332860e+01,4.886224527666651163e+00
3.335416666666666430e+01,4.885762982627942286e+00
3.337500000000000000e+01,4.885337304503606148e+00
3.339583333333332860e+01,4.884917594984054645e+00
3.341666666666666430e+01,4.884489461353882511e+00
3.343750000000000000e+01,4.884082919204461248e+00
3.345833333333332860e+01,4.883709549345075729e+00
3.347916666666666430e+01,4.883332908099064618e+00
3.350000000000000000e+01,4.882932159515918968e+00
3.352083333333332860e+01,4.882531249529206363e+00
3.354166666666666430e+01,4.882141125130218917e+00
3.356250000000000000e+01,4.881731437381652938e+00
3.358333333333332860e+01,4.881287947635016167e+00
3.360416666666666430e+01,4.880840921504308483e+00
3.362500000000000000e+01,4.880402377498422872e+00
3.364583333333332860e+01,4.879936259512569485e+00
3.366666666666666430e+01,4.879422477764499000e+00
3.368750000000000000e+01,4.878894033087012083e+00
3.370833333333332860e+01,4.878376716504561728e+00
3.372916666666666430e+01,4.877849221384393807e+00
3.375000000000000000e+01,4.877305042024810966e+00
3.377083333333332860e+01,4.876782295764695796e+00
3.379166666666666430e+01,4.876301347193568780e+00
3.381250000000000000e+01,4.875834323484447452e+00
3.383333333333332860e+01,4.875368275615639568e+00
3.385416666666666430e+01,4.874934919866362293e+00
3.387500000000000000e+01,4.874548200339659410e+00
3.389583333333332860e+01,4.874173852264799933e+00
3.391666666666666430e+01,4.873792624519155403e+00
3.393750000000000000e+01,4.873430627740310328e+00
3.395833333333332860e+01,4.873107394397620418e+00
3.397916666666666430e+01,4.872807584387039981e+00
3.400000000000000000e+01,4.872524668323299224e+00
3.402083333333332860e+01,4.872288497409301478e+00
3.404166666666666430e+01,4.872123205441295291e+00
3.406250000000000000e+01,4.872019973283221006e+00
3.408333333333332860e+01,4.871972847547887397e+00
3.410416666666666430e+01,4.871988680201792654e+00
3.412500000000000000e+01,4.872058271611603431e+00
3.414583333333332860e+01,4.872168129359882194e+00
3.416666666666666430e+01,4.872321822960848259e+00
3.418750000000000000e+01,4.872520225790322179e+00
3.420833333333332860e+01,4.872738250960590101e+00
3.422916666666666430e+01,4.872971033533398888e+00
3.425000000000000000e+01,4.873251405345425447e+00
3.427083333333332860e+01,4.873584262669036882e+00
3.429166666666666430e+01,4.873929202645895131e+00
3.431250000000000000e+01,4.874262172987267050e+00
3.433333333333332860e+01,4.874605011796999676e+00
3.435416666666666430e+01,4.874965785574287835e+00
3.437500000000000000e+01,4.875308808896142487e+00
3.439583333333332860e+01,4.875617552936525101e+00
3.441666666666666430e+01,4.875924936037327129e+00
3.443750000000000000e+01,4.876250396003339205e+00
3.445833333333332860e+01,4.876569522914230959e+00
3.447916666666666430e+01,4.876876244970437035e+00
3.450000000000000000e+01,4.877199797099040168e+00
3.452083333333332860e+01,4.877538249286510919e+00
3.454166666666666430e+01,4.877844435759124408e+00
3.456250000000000000e+01,4.878090790265121157e+00
3.458333333333332860e+01,4.878299142110057218e+00
3.460416666666666430e+01,4.878477871029105017e+00
3.462500000000000000e+01,4.878591660109816708e+00
3.464583333333332860e+01,4.878624346808550172e+00
3.466666666666666430e+01,4.878609358906848215e+00
3.468750000000000000e+01,4.878569656230933305e+00
3.470833333333332860e+01,4.878488221310525397e+00
3.472916666666666430e+01,4.878367240505892433e+00
3.475000000000000000e+01,4.878253596735265596e+00
3.477083333333332860e+01,4.878175046036408169e+00
3.479166666666666430e+01,4.878115055028658276e+00
3.481250000000000000e+01,4.878074976596977308e+00
3.483333333333332860e+01,4.878086404115472341e+00
3.485416666666666430e+01,4.878144956454331549e+00
3.487500000000000000e+01,4.878219915372650206e+00
3.489583333333332860e+01,4.878321984061999572e+00
3.491666666666666430e+01,4.878476942556188689e+00
3.493750000000000000e+01,4.878659188606515151e+00
3.495833333333332860e+01,4.878837281543977333e+00
3.497916666666666430e+01,4.879040537041921866e+00
3.500000000000000000e+01,4.879312159557395390e+00
3.502083333333332860e+01,4.879634213584115088e+00
3.504166666666666430e+01,4.879981101101672714e+00
3.506250000000000000e+01,4.880374310736683263e+00
3.508333333333332860e+01,4.880822801871403271e+00
3.510416666666666430e+01,4.881296150264066824e+00
3.512500000000000000e+01,4.881786035666272561e+00
3.514583333333332860e+01,4.882309060972899850e+00
3.516666666666666430e+01,4.882838191826355256e+00
3.518750000000000000e+01,4.883319480795826451e+00
3.520833333333332860e+01,4.883741184410142822e+00
3.522916666666666430e+01,4.884124275823850780e+00
3.525000000000000000e+01,4.884454819792419578e+00
3.527083333333332860e+01,4.884700409365121843e+00
3.529166666666666430e+01,4.884878645527567897e+00
3.531250000000000000e+01,4.885036694761613063e+00
3.533333333333332860e+01,4.885180136501259263e+00
3.535416666666666430e+01,4.885287618478186822e+00
3.537500000000000000e+01,4.885373001542448357e+00
3.539583333333332860e+01,4.885473475320408987e+00
3.541666666666666430e+01,4.885588299466492757e+00
3.543750000000000000e+01,4.885690510101772688e+00
3.545833333333332860e+01,4.885790389397492106e+00
3.547916666666666430e+01,4.885923929982946667e+00
3.550000000000000000e+01,4.886089432143430500e+00
3.552083333333332860e+01,4.886258583928081656e+00
3.554166666666666430e+01,4.886432894387726655e+00
3.556250000000000000e+01,4.886630171982600856e+00
3.558333333333332860e+01,4.886829435066426974e+00
3.560416666666666430e+01,4.886984237339421000e+00
3.562500000000000000e+01,4.887091244230242992e+00
3.564583333333332860e+01,4.887179443598133943e+00
3.566666666666666430e+01,4.887240795351488920e+00
3.568750000000000000e+01,4.887241622838802257e+00
3.570833333333332860e+01,4.887191067404362599e+00
3.572916666666666430e+01,4.887130551293265235e+00
3.575000000000000000e+01,4.887064509134836143e+00
3.577083333333332860e+01,4.886970983012402847e+00
3.579166666666666430e+01,4.886861538081704204e+00
3.581250000000000000e+01,4.886768783152991347e+00
3.583333333333332860e+01,4.886687145181182856e+00
3.585416666666666430e+01,4.886585687150369672e+00
3.587500000000000000e+01,4.886476674782368690e+00
3.589583333333332860e+01,4.886404783938312235e+00
3.591666666666666430e+01,4.886377577769038361e+00
3.593750000000000000e+01,4.886372804398040337e+00
3.595833333333332860e+01,4.886391072751727904e+00
3.597916666666666430e+01,4.886445546388112682e+00
3.600000000000000000e+01,4.886521062348583300e+00
3.602083333333332860e+01,4.886589700053047380e+00
3.604166666666666430e+01,4.886662302280881498e+00
3.606250000000000000e+01,4.886775861758927419e+00
3.608333333333332860e+01,4.886929881363407446e+00
3.610416666666666430e+01,4.887097145259214237e+00
3.612500000000000000e+01,4.887283419142380403e+00
3.614583333333332860e+01,4.887515416738438034e+00
3.616666666666666430e+01,4.887781829935092581e+00
3.618750000000000000e+01,4.888045102686696453e+00
3.620833333333332860e+01,4.888309927540737121e+00
3.622916666666666430e+01,4.888613722454803856e+00
3.625000000000000000e+01,4.888957279769999609e+00
3.627083333333332860e+01,4.889314349560002881e+00
3.629166666666666430e+01,4.889689567040302443e+00
3.631250000000000000e+01,4.890106312911984610e+00
3.633333333333332860e+01,4.890549831305786022e+00
3.635416666666666430e+01,4.890978908884953569e+00
3.637500000000000000e+01,4.891394422990403612e+00
3.639583333333332860e+01,4.891830058873314790e+00
3.641666666666666430e+01,4.892282846714707034e+00
3.643750000000000000e+01,4.892723191194394694e+00
3.645833333333332860e+01,4.893163129378778287e+00
3.647916666666666430e+01,4.893643343200815288e+00
3.650000000000000000e+01,4.894162559360768050e+00
3.652083333333332860e+01,4.894687311592901935e+00
3.654166666666666430e+01,4.895207928200864700e+00
3.656250000000000000e+01,4.895731599533820422e+00
3.658333333333332860e+01,4.896230581916610092e+00
3.660416666666666430e+01,4.896657463262344301e+00
3.662500000000000000e+01,4.897011699570241738e+00
3.664583333333332860e+01,4.897326524149045568e+00
3.666666666666666430e+01,4.897598845342662877e+00
3.668750000000000000e+01,4.897798705149152276e+00
3.670833333333332860e+01,4.897937895580517953e+00
3.672916666666666430e+01,4.898061429818913126e+00
3.675000000000000000e+01,4.898178082541026157e+00
3.677083333333332860e+01,4.898268598478759728e+00
3.679166666666666430e+01,4.898336309091178009e+00
3.681250000000000000e+01,4.898394869234435234e+00
3.683333333333332860e+01,4.898435756219225112e+00
3.685416666666666430e+01,4.898444137146986677e+00
3.687500000000000000e+01,4.898418406600124619e+00
3.689583333333332860e+01,4.898351648675159709e+00
3.691666666666666430e+01,4.898236550382269350e+00
3.693750000000000000e+01,4.898091004387346459e+00
3.695833333333332860e+01,4.897942841278861259e+00
3.697916666666666430e+01,4.897802639857411044e+00
3.700000000000000000e+01,4.897677769416823423e+00
3.702083333333332860e+01,4.897578769088616113e+00
3.704166666666666430e+01,4.897499428905569552e+00
3.706250000000000000e+01,4.897426885860450163e+00
3.708333333333332860e+01,4.897362168197449961e+00
3.710416666666666430e+01,4.897313886016385176e+00
3.712500000000000000e+01,4.897276658127440285e+00
3.714583333333332860e+01,4.897229082723105975e+00
3.716666666666666430e+01,4.897152544128673846e+00
3.718750000000000000e+01,4.897054779241450717e+00
3.720833333333332860e+01,4.896954644811722268e+00
3.722916666666666430e+01,4.896854232373875071e+00
3.725000000000000000e+01,4.896753509242561364e+00
3.727083333333332860e+01,4.896672424463444528e+00
3.729166666666666430e+01,4.896634736446407565e+00
3.731250000000000000e+01,4.896646276266775288e+00
3.733333333333332860e+01,4.896701696873773102e+00
3.735416666666666430e+01,4.896798920151585577e+00
3.737500000000000000e+01,4.896931686752196811e+00
3.739583333333332860e+01,4.897075792030227248e+00
3.741666666666666430e+01,4.897205796385947885e+00
3.743750000000000000e+01,4.897326195004467309e+00
3.745833333333332860e+01,4.897457519122768055e+00
3.747916666666666430e+01,4.897590305547513623e+00
3.750000000000000000e+01,4.897696515755253444e+00
3.752083333333332860e+01,4.897786654866881584e+00
3.754166666666666430e+01,4.897899880491916491e+00
3.756250000000000000e+01,4.898035201770616354e+00
3.758333333333332860e+01,4.898158679929225379e+00
3.760416666666666430e+01,4.898273364145415698e+00
3.762500000000000000e+01,4.898410760271038278e+00
3.764583333333332860e+01,4.898562246210110160e+00
3.766666666666666430e+01,4.898686493521222651e+00
3.768750000000000000e+01,4.898779195325819735e+00
3.770833333333332860e+01,4.898864322255009007e+00
3.772916666666666430e+01,4.898926381322184831e+00
3.775000000000000000e+01,4.898928067414597187e+00
3.777083333333332860e+01,4.898881888921104100e+00
3.779166666666666430e+01,4.898815166519392861e+00
3.781250000000000000e+01,4.898699254229161859e+00
3.783333333333332860e+01,4.898494379404360721e+00
3.785416666666666430e+01,4.898222885458477727e+00
3.787500000000000000e+01,4.897919509715721098e+00
3.789583333333332860e+01,4.897567895269788529e+00
3.791666666666666430e+01,4.897153174586637014e+00
3.793750000000000000e+01,4.896718638421407199e+00
3.795833333333332860e+01,4.896307190008802657e+00
3.797916666666666430e+01,4.895890965150980101e+00
3.800000000000000000e+01,4.895427951149078361e+00
3.802083333333332860e+01,4.894937997434914756e+00
3.804166666666666430e+01,4.894453868996716750e+00
3.806250000000000000e+01,4.893947992354571674e+00
3.808333333333332860e+01,4.893380522766499041e+00
3.810416666666666430e+01,4.892773564004212261e+00
3.812500000000000000e+01,4.892162959480424789e+00
3.814583333333332860e+01,4.891531734041368651e+00
3.816666666666666430e+01,4.890859979422115700e+00
3.818750000000000000e+01,4.890190212237627065e+00
3.820833333333332860e+01,4.889571194878403304e+00
3.822916666666666430e+01,4.888989215672469690e+00
3.825000000000000000e+01,4.888425423537328562e+00
3.827083333333332860e+01,4.887923215900912055e+00
3.829166666666666430e+01,4.887532095976960811e+00
3.831250000000000000e+01,4.887231046370155596e+00
3.833333333333332860e+01,4.886983808431113019e+00
3.835416666666666430e+01,4.886815210916193308e+00
3.837500000000000000e+01,4.886756095716723536e+00
3.839583333333332860e+01,4.886767391511821934e+00
3.841666666666666430e+01,4.886795297221243395e+00
3.843750000000000000e+01,4.886847082644123930e+00
3.845833333333332860e+01,4.886936993835527154e+00
3.847916666666666430e+01,4.887025042486959236e+00
3.850000000000000000e+01,4.887076327674648724e+00
3.852083333333332860e+01,4.887116921018794358e+00
3.854166666666666430e+01,4.887177522499102977e+00
3.856250000000000000e+01,4.887230783754930918e+00
3.858333333333332860e+01,4.887247774294896985e+00
3.860416666666666430e+01,4.887253515463489961e+00
3.862500000000000000e+01,4.887269646030009795e+00
3.864583333333332860e+01,4.887268357473458558e+00
3.866666666666666430e+01,4.887230759051956142e+00
3.868750000000000000e+01,4.887180171394330586e+00
3.870833333333332860e+01,4.887122989025208142e+00
3.872916666666666430e+01,4.887017121763608252e+00
3.875000000000000000e+01,4.886834801572041087e+00
3.877083333333332860e+01,4.886596951785836751e+00
3.879166666666666430e+01,4.886319007383099766e+00
3.881250000000000000e+01,4.885982204021453335e+00
3.883333333333332860e+01,4.885586542350494277e+00
3.885416666666666430e+01,4.885174358265272687e+00
3.887500000000000000e+01,4.884771021719192419e+00
3.889583333333332860e+01,4.884353328051635579e+00
3.891666666666666430e+01,4.883912051497364182e+00
3.893750000000000000e+01,4.883483816832514535e+00
3.895833333333332860e+01,4.883100688113349186e+00
3.897916666666666430e+01,4.882760420550154024e+00
3.900000000000000000e+01,4.882464208128653560e+00
3.902083333333332860e+01,4.882229166120724884e+00
3.904166666666666430e+01,4.882057166794084857e+00
3.906250000000000000e+01,4.881935236072820317e+00
3.908333333333332860e+01,4.881856994152051321e+00
3.910416666666666430e+01,4.881836301150822344e+00
3.912500000000000000e+01,4.881887004177178468e+00
3.914583333333332860e+01,4.882002694366271989e+00
3.916666666666666430e+01,4.882173459411483840e+00
3.918750000000000000e+01,4.882393717017618151e+00
3.920833333333332860e+01,4.882641539543104869e+00
3.922916666666666430e+01,4.882901617778250269e+00
3.925000000000000000e+01,4.883190068773501480e+00
3.927083333333332860e+01,4.883508720003696624e+00
3.929166666666666430e+01,4.883815453305244247e+00
3.931250000000000000e+01,4.884086251443516602e+00
3.933333333333332860e+01,4.884346950203655169e+00
3.935416666666666430e+01,4.884612570189097447e+00
3.937500000000000000e+01,4.884855898045258549e+00
3.939583333333332860e+01,4.885067602348122762e+00
3.941666666666666430e+01,4.885283105934687065e+00
3.943750000000000000e+01,4.885519461032880706e+00
3.945833333333332860e+01,4.885749048394481875e+00
3.947916666666666430e+01,4.885961768913426262e+00
3.950000000000000000e+01,4.886190917738011841e+00
3.952083333333332860e+01,4.886449804584979795e+00
3.954166666666666430e+01,4.886706885465670780e+00
3.956250000000000000e+01,4.886948394507918181e+00
3.958333333333332860e+01,4.887210331787849249e+00
3.960416666666666430e+01,4.887516772560684508e+00
3.962500000000000000e+01,4.887847230212076788e+00
3.964583333333332860e+01,4.888190809007945781e+00
3.966666666666666430e+01,4.888569430374342772e+00
3.968750000000000000e+01,4.888982904039010258e+00
3.970833333333332860e+01,4.889386038209756258e+00
3.972916666666666430e+01,4.889751157416536209e+00
3.975000000000000000e+01,4.890100416102750813e+00
3.977083333333332860e+01,4.890444406347313588e+00
3.979166666666666430e+01,4.890749609174873669e+00
3.981250000000000000e+01,4.890999810312288254e+00
3.983333333333332860e+01,4.891228694777110420e+00
3.985416666666666430e+01,4.891458527755751184e+00
3.987500000000000000e+01,4.891667239794430522e+00
3.989583333333332860e+01,4.891848600051069695e+00
3.991666666666666430e+01,4.892044802579800233e+00
3.993750000000000000e+01,4.892286579473018371e+00
3.995833333333332860e+01,4.892559646763317005e+00
3.997916666666666430e+01,4.892857060021877480e+00
4.000000000000000000e+01,4.893202505985497552e+00
4.002083333333332860e+01,4.893597332842498204e+00
4.004166666666666430e+01,4.893997498026596560e+00
4.006250000000000000e+01,4.894375873986289704e+00
4.008333333333332860e+01,4.894755520187176856e+00
4.010416666666666430e+01,4.895148603177029933e+00
4.012500000000000000e+01,4.895522872660434288e+00
4.014583333333332860e+01,4.895862819396699095e+00
4.016666666666666430e+01,4.896203236095239220e+00
4.018750000000000000e+01,4.896568181778101270e+00
4.020833333333332860e+01,4.896937060337401171e+00
4.022916666666666430e+01,4.897303076062794247e+00
4.025000000000000000e+01,4.897689908927486790e+00
4.027083333333332860e+01,4.898089191973168610e+00
4.029166666666666430e+01,4.898461690225012433e+00
4.031250000000000000e+01,4.898803254894500192e+00
4.033333333333332860e+01,4.899141527788385631e+00
4.035416666666666430e+01,4.899469366589340957e+00
4.037500000000000000e+01,4.899756646276881789e+00
4.039583333333332860e+01,4.900017295249774918e+00
4.041666666666666430e+01,4.900277170939859595e+00
4.043750000000000000e+01,4.900504091700975451e+00
4.045833333333332860e+01,4.900662336768682792e+00
4.047916666666666430e+01,4.900781748950970851e+00
4.050000000000000000e+01,4.900902385559804841e+00
4.052083333333332860e+01,4.901004042941500494e+00
4.054166666666666430e+01,4.901060392246762376e+00
4.056250000000000000e+01,4.901108654407541287e+00
4.058333333333332860e+01,4.901194220481769115e+00
4.060416666666666430e+01,4.901302023443141920e+00
4.062500000000000000e+01,4.901409970571990904e+00
4.064583333333332860e+01,4.901547648614136499e+00
4.066666666666666430e+01,4.901738129157561019e+00
4.068750000000000000e+01,4.901946600435421075e+00
4.070833333333332860e+01,4.902137152215312099e+00
4.072916666666666430e+01,4.902335384619226133e+00
4.075000000000000000e+01,4.902572086797530204e+00
4.077083333333332860e+01,4.902818418833644110e+00
4.079166666666666430e+01,4.903040639777942467e+00
4.081250000000000000e+01,4.903271698621326280e+00
4.083333333333332860e+01,4.903556695895930240e+00
4.085416666666666430e+01,4.903880461760990350e+00
4.087500000000000000e+01,4.904213377033442178e+00
4.089583333333332860e+01,4.904575007454300639e+00
4.091666666666666430e+01,4.904986696557137371e+00
4.093750000000000000e+01,4.905409136963113426e+00
4.095833333333332860e+01,4.905797043066588259e+00
4.097916666666666430e+01,4.906166751804743598e+00
4.100000000000000000e+01,4.906540759409994124e+00
4.102083333333332860e+01,4.906881349910096723e+00
4.104166666666666430e+01,4.907144931567843926e+00
4.106250000000000000e+01,4.907356085602167184e+00
4.108333333333332860e+01,4.907553882544522850e+00
4.110416666666666430e+01,4.907718176714871205e+00
4.112500000000000000e+01,4.907822992674675255e+00
4.114583333333332860e+01,4.907910315871450102e+00
4.116666666666666430e+01,4.908036402933493747e+00
4.118750000000000000e+01,4.908197814474738685e+00
4.120833333333332860e+01,4.908375391309027336e+00
4.122916666666666430e+01,4.908588979186148116e+00
4.125000000000000000e+01,4.908849690377875774e+00
4.127083333333332860e+01,4.909112661951404277e+00
4.129166666666666430e+01,4.909334064396102093e+00
4.131250000000000000e+01,4.909538727063412544e+00
4.133333333333332860e+01,4.909765861207356252e+00
4.135416666666666430e+01,4.909995737216992673e+00
4.137500000000000000e+01,4.910202626192971209e+00
4.139583333333332860e+01,4.910424239207326735e+00
4.141666666666666430e+01,4.910707360924960518e+00
4.143750000000000000e+01,4.911038692416940243e+00
4.145833333333332860e+01,4.911388108553862430e+00
4.147916666666666430e+01,4.911774744803308224e+00
4.150000000000000000e+01,4.912224213018495433e+00
4.152083333333332860e+01,4.912702668671976802e+00
4.154166666666666430e+01,4.913169448925867933e+00
4.156250000000000000e+01,4.913641805791145956e+00
4.158333333333332860e+01,4.914140845506119959e+00
4.160416666666666430e+01,4.914634798282777162e+00
4.162500000000000000e+01,4.915093797249216578e+00
4.164583333333332860e+01,4.915537790193253542e+00
4.166666666666666430e+01,4.915981595421353489e+00
4.168750000000000000e+01,4.916397133552904641e+00
4.170833333333332860e+01,4.916768420009205443e+00
4.172916666666666430e+01,4.917128945416910923e+00
4.175000000000000000e+01,4.917502060967383848e+00
4.177083333333332860e+01,4.917859565688439183e+00
4.179166666666666430e+01,4.918178728103613118e+00
4.181250000000000000e+01,4.918485704858482244e+00
4.183333333333332860e+01,4.918797202746663544e+00
4.185416666666666430e+01,4.919083206199269753e+00
4.187500000000000000e+01,4.919325139437870753e+00
4.189583333333332860e+01,4.919553920828920290e+00
4.191666666666666430e+01,4.919790838082902518e+00
4.193750000000000000e+01,4.920008908546241955e+00
4.195833333333332860e+01,4.920184081014109090e+00
4.197916666666666430e+01,4.920333196967050959e+00
4.200000000000000000e+01,4.920466172893136481e+00
4.202083333333332860e+01,4.920550028923719843e+00
4.204166666666666430e+01,4.920563505069718957e+00
4.206250000000000000e+01,4.920534862141443533e+00
4.208333333333332860e+01,4.920483179907864546e+00
4.210416666666666430e+01,4.920384925682716570e+00
4.212500000000000000e+01,4.920230695976357538e+00
4.214583333333332860e+01,4.920058280337058498e+00
4.216666666666666430e+01,4.919896170634104671e+00
4.218750000000000000e+01,4.919725977771639336e+00
4.220833333333332860e+01,4.919540157947194459e+00
4.222916666666666430e+01,4.919380723088768725e+00
4.225000000000000000e+01,4.919280626437050330e+00
4.227083333333332860e+01,4.919225611894132655e+00
4.229166666666666430e+01,4.919206924371884782e+00
4.231250000000000000e+01,4.919253111668417056e+00
4.233333333333332860e+01,4.919375617055566252e+00
4.235416666666666430e+01,4.919538146905919618e+00
4.237500000000000000e+01,4.919715060678160334e+00
4.239583333333332860e+01,4.919930338301035100e+00
4.241666666666666430e+01,4.920199138759983271e+00
4.243750000000000000e+01,4.920489696612167840e+00
4.245833333333332860e+01,4.920780883250229110e+00
4.247916666666666430e+01,4.921101152635912968e+00
4.250000000000000000e+01,4.921469866382599534e+00
4.252083333333332860e+01,4.921855911187205557e+00
4.254166666666666430e+01,4.922232160055610706e+00
4.256250000000000000e+01,4.922618066945261717e+00
4.258333333333332860e+01,4.923024521339561588e+00
4.260416666666666430e+01,4.923415382243028660e+00
4.262500000000000000e+01,4.923764666361305942e+00
4.264583333333332860e+01,4.924096082412131814e+00
4.266666666666666430e+01,4.924424918782099425e+00
4.268750000000000000e+01,4.924719260786076802e+00
4.270833333333332860e+01,4.924954548221340822e+00
4.272916666666666430e+01,4.925152405605533801e+00
4.275000000000000000e+01,4.925325863956034667e+00
4.277083333333332860e+01,4.925441894429488876e+00
4.279166666666666430e+01,4.925476777822974661e+00
4.281250000000000000e+01,4.925453993308005707e+00
4.283333333333332860e+01,4.925389311486331856e+00
4.285416666666666430e+01,4.925263850659059806e+00
4.287500000000000000e+01,4.925080163091449137e+00
4.289583333333332860e+01,4.924886127119662227e+00
4.291666666666666430e+01,4.924720083722052166e+00
4.293750000000000000e+01,4.924573008926747875e+00
4.295833333333332860e+01,4.924444258247645756e+00
4.297916666666666430e+01,4.924365106973844775e+00
4.300000000000000000e+01,4.924337470827882868e+00
4.302083333333332860e+01,4.924329125320911160e+00
4.304166666666666430e+01,4.924335880192527881e+00
4.306250000000000000e+01,4.924391095680742403e+00
4.308333333333332860e+01,4.924502543253071352e+00
4.310416666666666430e+01,4.924631997382128645e+00
4.312500000000000000e+01,4.924747622810457415e+00
4.314583333333332860e+01,4.924858800515663049e+00
4.316666666666666430e+01,4.924972353951965864e+00
4.318750000000000000e+01,4.925057012652103161e+00
4.320833333333332860e+01,4.925081038742625594e+00
4.322916666666666430e+01,4.925045987153287896e+00
4.325000000000000000e+01,4.924958334270721494e+00
4.327083333333332860e+01,4.924814444063342123e+00
4.329166666666666430e+01,4.924630255674644630e+00
4.331250000000000000e+01,4.924423285884368617e+00
4.333333333333332860e+01,4.924179525411542357e+00
4.335416666666666430e+01,4.923892496948804265e+00
4.337500000000000000e+01,4.923601298651092861e+00
4.339583333333332860e+01,4.923333369237592905e+00
4.341666666666666430e+01,4.923064437012818040e+00
4.343750000000000000e+01,4.922774773321649810e+00
4.345833333333332860e+01,4.922489125144562827e+00
4.347916666666666430e+01,4.922220989387304790e+00
4.350000000000000000e+01,4.921941592448217051e+00
4.352083333333332860e+01,4.921639237970758529e+00
4.354166666666666430e+01,4.921348936459811974e+00
4.356250000000000000e+01,4.921093967357959897e+00
4.358333333333332860e+01,4.920846079603258261e+00
4.360416666666666430e+01,4.920582502533148883e+00
4.362500000000000000e+01,4.920325980474501648e+00
4.364583333333332860e+01,4.920088322877775866e+00
4.366666666666666430e+01,4.919843137703701075e+00
4.368750000000000000e+01,4.919585952848089860e+00
4.370833333333332860e+01,4.919359166278320039e+00
4.372916666666666430e+01,4.919193421356379048e+00
4.375000000000000000e+01,4.919067895428202775e+00
4.377083333333332860e+01,4.918967170637443154e+00
4.379166666666666430e+01,4.918921252003565669e+00
4.381250000000000000e+01,4.918948503182348553e+00
4.383333333333332860e+01,4.919015795640742539e+00
4.385416666666666430e+01,4.919095380660802874e+00
4.387500000000000000e+01,4.919205031392876570e+00
4.389583333333332860e+01,4.919351069287930756e+00
4.391666666666666430e+01,4.919490207892183165e+00
4.393750000000000000e+01,4.919586926373248126e+00
4.395833333333332860e+01,4.919652145035926516e+00
4.397916666666666430e+01,4.919695504725270396e+00
4.400000000000000000e+01,4.919694010067814816e+00
4.402083333333332860e+01,4.919639476795100386e+00
4.404166666666666430e+01,4.919570065130394632e+00
4.406250000000000000e+01,4.919512493024686961e+00
4.408333333333332860e+01,4.919441918487291510e+00
4.410416666666666430e+01,4.919338595181871554e+00
4.412500000000000000e+01,4.919228303665692970e+00
4.414583333333332860e+01,4.919125695938388887e+00
4.416666666666666430e+01,4.918996893033463991e+00
4.418750000000000000e+01,4.918816859453940538e+00
4.420833333333332860e+01,4.918606560114631598e+00
4.422916666666666430e+01,4.918377170468432702e+00
4.425000000000000000e+01,4.918109413234349248e+00
4.427083333333332860e+01,4.917813619269614911e+00
4.429166666666666430e+01,4.917522437968866456e+00
4.431250000000000000e+01,4.917227600909950702e+00
4.433333333333332860e+01,4.916909789950250520e+00
4.435416666666666430e+01,4.916606733708014154e+00
4.437500000000000000e+01,4.916361858079153713e+00
4.439583333333332860e+01,4.916158959342556756e+00
4.441666666666666430e+01,4.915975269226650290e+00
4.443750000000000000e+01,4.915845533566573167e+00
4.445833333333332860e+01,4.915809954726896081e+00
4.447916666666666430e+01,4.915843118133481404e+00
4.450000000000000000e+01,4.915905599324815967e+00
4.452083333333332860e+01,4.916014840561587995e+00
4.454166666666666430e+01,4.916193985311373638e+00
4.456250000000000000e+01,4.916402620765670584e+00
4.458333333333332860e+01,4.916588636843820304e+00
4.460416666666666430e+01,4.916756947010632928e+00
4.462500000000000000e+01,4.916919356443633760e+00
4.464583333333332860e+01,4.917042575591765718e+00
4.466666666666666430e+01,4.917104077820894759e+00
4.468750000000000000e+01,4.917133263738296733e+00
4.470833333333332860e+01,4.917156655658768472e+00
4.472916666666666430e+01,4.917151323278886821e+00
4.475000000000000000e+01,4.917100436814816788e+00
4.477083333333332860e+01,4.917034755915270061e+00
4.479166666666666430e+01,4.916977447899232523e+00
4.481250000000000000e+01,4.916901766962779696e+00
4.483333333333332860e+01,4.916787174613562073e+00
4.485416666666666430e+01,4.916660984337020146e+00
4.487500000000000000e+01,4.916547118436036534e+00
4.489583333333332860e+01,4.916424734181219947e+00
4.491666666666666430e+01,4.916279420513538057e+00
4.493750000000000000e+01,4.916144399753360261e+00
4.495833333333332860e+01,4.916045607742086432e+00
4.497916666666666430e+01,4.915959047300249019e+00
4.500000000000000000e+01,4.915866654092639010e+00
4.502083333333332860e+01,4.915798039322800683e+00
4.504166666666666430e+01,4.915775785716466117e+00
4.506250000000000000e+01,4.915772890165077236e+00
4.508333333333332860e+01,4.915768523527156653e+00
4.510416666666666430e+01,4.915792575498383776e+00
4.512500000000000000e+01,4.915872001067686625e+00
4.514583333333332860e+01,4.915984568985612313e+00
4.516666666666666430e+01,4.916113325300079495e+00
4.518750000000000000e+01,4.916285340784604330e+00
4.520833333333332860e+01,4.916516224598768581e+00
4.522916666666666430e+01,4.916771145842592894e+00
4.525000000000000000e+01,4.917020970158981541e+00
4.527083333333332860e+01,4.917286546259742153e+00
4.529166666666666430e+01,4.917586849800567705e+00
4.531250000000000000e+01,4.917893793928766577e+00
4.533333333333332860e+01,4.918184675200651057e+00
4.535416666666666430e+01,4.918484606210968835e+00
4.537500000000000000e+01,4.918812314433298027e+00
4.539583333333332860e+01,4.919136545268626648e+00
4.541666666666666430e+01,4.919431210768502538e+00
4.543750000000000000e+01,4.919718057422366897e+00
4.545833333333332860e+01,4.920012455614275027e+00
4.547916666666666430e+01,4.920279844766170640e+00
4.550000000000000000e+01,4.920491004857671768e+00
4.552083333333332860e+01,4.920666479064111698e+00
4.554166666666666430e+01,4.920826270833920546e+00
4.556250000000000000e+01,4.920944942239362518e+00
4.558333333333332860e+01,4.921002125721368081e+00
4.560416666666666430e+01,4.921025340695672767e+00
4.562500000000000000e+01,4.921036284090945401e+00
4.564583333333332860e+01,4.921006637745985124e+00
4.566666666666666430e+01,4.920912743298557324e+00
4.568750000000000000e+01,4.920778838498677032e+00
4.570833333333332860e+01,4.920623556771962726e+00
4.572916666666666430e+01,4.920418947819423572e+00
4.575000000000000000e+01,4.920146019609294541e+00
4.577083333333332860e+01,4.919834168506171501e+00
4.579166666666666430e+01,4.919506999961654081e+00
4.581250000000000000e+01,4.919138153697852012e+00
4.583333333333332860e+01,4.918706216683926158e+00
4.585416666666666430e+01,4.918241367676047915e+00
4.587500000000000000e+01,4.917772933854775097e+00
4.589583333333332860e+01,4.917280657592231208e+00
4.591666666666666430e+01,4.916748362389907534e+00
4.593750000000000000e+01,4.916207861962735848e+00
4.595833333333332860e+01,4.915685732003690411e+00
4.597916666666666430e+01,4.915158523221944797e+00
4.600000000000000000e+01,4.914606981058919466e+00
4.602083333333332860e+01,4.914060241468906298e+00
4.604166666666666430e+01,4.913548855699886531e+00
4.606250000000000000e+01,4.913061231090773084e+00
4.608333333333332860e+01,4.912586789741169468e+00
4.610416666666666430e+01,4.912159013596432366e+00
4.612500000000000000e+01,4.911814847751022839e+00
4.614583333333332860e+01,4.911551755946879538e+00
4.616666666666666430e+01,4.911360459047220850e+00
4.618750000000000000e+01,4.911248567792261710e+00
4.620833333333332860e+01,4.911209150195776196e+00
4.622916666666666430e+01,4.911226069324690080e+00
4.625000000000000000e+01,4.911310295393880310e+00
4.627083333333332860e+01,4.911476945411554773e+00
4.629166666666666430e+01,4.911699309834409277e+00
4.631250000000000000e+01,4.911937580549304627e+00
4.633333333333332860e+01,4.912191758669147035e+00
4.635416666666666430e+01,4.912474343743403082e+00
4.637500000000000000e+01,4.912749279932395297e+00
4.639583333333332860e+01,4.912957412110473321e+00
4.641666666666666430e+01,4.913083259102716482e+00
4.643750000000000000e+01,4.913150595189278214e+00
4.645833333333332860e+01,4.913163939860912599e+00
4.647916666666666430e+01,4.913112762533033084e+00
4.650000000000000000e+01,4.913027784729925962e+00
4.652083333333332860e+01,4.912944008229486847e+00
4.654166666666666430e+01,4.912843061290056212e+00
4.656250000000000000e+01,4.912689220328657846e+00
4.658333333333332860e+01,4.912496174300559737e+00
4.660416666666666430e+01,4.912289868724348807e+00
4.662500000000000000e+01,4.912048916986949898e+00
4.664583333333332860e+01,4.911750667396924896e+00
4.666666666666666430e+01,4.911429156533920981e+00
4.668750000000000000e+01,4.911123791840455333e+00
4.670833333333332860e+01,4.910820251069603515e+00
4.672916666666666430e+01,4.910501012700798640e+00
4.675000000000000000e+01,4.910205032336044439e+00
4.677083333333332860e+01,4.909976540151411051e+00
4.679166666666666430e+01,4.909806346366917040e+00
4.681250000000000000e+01,4.909680981855333748e+00
4.683333333333332860e+01,4.909622009810481025e+00
4.685416666666666430e+01,4.909631004481948224e+00
4.687500000000000000e+01,4.909677943221124607e+00
4.689583333333332860e+01,4.909758118418246831e+00
4.691666666666666430e+01,4.909884492314409599e+00
4.693750000000000000e+01,4.910034445879801090e+00
4.695833333333332860e+01,4.910180287567040835e+00
4.697916666666666430e+01,4.910339770770218770e+00
4.700000000000000000e+01,4.910545771528674663e+00
4.702083333333332860e+01,4.910783074518045410e+00
4.704166666666666430e+01,4.911019113782952417e+00
4.706250000000000000e+01,4.911268370334923361e+00
4.708333333333332860e+01,4.911565311716067583e+00
4.710416666666666430e+01,4.911899361862031022e+00
4.712500000000000000e+01,4.912242389374615215e+00
4.714583333333332860e+01,4.912607443142988473e+00
4.716666666666666430e+01,4.913020657387927592e+00
4.718750000000000000e+01,4.913462385056715398e+00
4.720833333333332860e+01,4.913896065882494391e+00
4.722916666666666430e+01,4.914331273329343830e+00
4.725000000000000000e+01,4.914793302296890154e+00
4.727083333333332860e+01,4.915258089216527182e+00
4.729166666666666430e+01,4.915690423056022773e+00
4.731250000000000000e+01,4.916109208423189436e+00
4.733333333333332860e+01,4.916546066685363314e+00
4.735416666666666430e+01,4.916980152844627305e+00
4.737500000000000000e+01,4.917386356298572458e+00
4.739583333333332860e+01,4.917792363219938956e+00
4.741666666666666430e+01,4.918227250535963435e+00
4.743750000000000000e+01,4.918665065964134442e+00
4.745833333333332860e+01,4.919072944235564293e+00
4.747916666666666430e+01,4.919473991099120092e+00
4.750000000000000000e+01,4.919899476648970982e+00
4.752083333333332860e+01,4.920327350810933531e+00
4.754166666666666430e+01,4.920730637541757879e+00
4.756250000000000000e+01,4.921135617209487556e+00
4.758333333333332860e+01,4.921570920928255433e+00
4.760416666666666430e+01,4.922010541924374927e+00
4.762500000000000000e+01,4.922423100560471276e+00
4.764583333333332860e+01,4.922836069002883619e+00
4.766666666666666430e+01,4.923286634294068875e+00
4.768750000000000000e+01,4.923758270411136451e+00
4.770833333333332860e+01,4.924227816385369216e+00
4.772916666666666430e+01,4.924712122468422493e+00
4.775000000000000000e+01,4.925215489091937293e+00
4.777083333333332860e+01,4.925707857006957013e+00
4.779166666666666430e+01,4.926178516350902648e+00
4.781250000000000000e+01,4.926635915640003027e+00
4.783333333333332860e+01,4.927054905810787311e+00
4.785416666666666430e+01,4.927407602669970466e+00
4.787500000000000000e+01,4.927717947375112928e+00
4.789583333333332860e+01,4.928030531487906707e+00
4.791666666666666430e+01,4.928346534138003499e+00
4.793750000000000000e+01,4.928647730576598995e+00
4.795833333333332860e+01,4.928943700145925533e+00
4.797916666666666430e+01,4.929245093191197746e+00
4.800000000000000000e+01,4.929526796930921329e+00
4.802083333333332860e+01,4.929762187446621979e+00
4.804166666666666430e+01,4.929975260742874177e+00
4.806250000000000000e+01,4.930210227581986793e+00
4.808333333333332860e+01,4.930467556524435579e+00
4.810416666666666430e+01,4.930724048169342844e+00
4.812500000000000000e+01,4.930988516797068399e+00
4.814583333333332860e+01,4.931282400900783180e+00
4.816666666666666430e+01,4.931582971060156417e+00
4.818750000000000000e+01,4.931854295097217289e+00
4.820833333333332860e+01,4.932110160498650586e+00
4.822916666666666430e+01,4.932384399827939525e+00
4.825000000000000000e+01,4.932667338666981038e+00
4.827083333333332860e+01,4.932936139854225743e+00
4.829166666666666430e+01,4.933217328864821560e+00
4.831250000000000000e+01,4.933552929762624828e+00
4.833333333333332860e+01,4.933935710254491624e+00
4.835416666666666430e+01,4.934336586332283225e+00
4.837500000000000000e+01,4.934765055601629591e+00
4.839583333333332860e+01,4.935243308214331215e+00
4.841666666666666430e+01,4.935743569372583295e+00
4.843750000000000000e+01,4.936229109964545891e+00
4.845833333333332860e+01,4.936716942697715993e+00
4.847916666666666430e+01,4.937231460256797710e+00
4.850000000000000000e+01,4.937740214677350359e+00
4.852083333333332860e+01,4.938201964928992993e+00
4.854166666666666430e+01,4.938631365260165218e+00
4.856250000000000000e+01,4.939052491970076453e+00
4.858333333333332860e+01,4.939433108465307143e+00
4.860416666666666430e+01,4.939732272165723082e+00
4.862500000000000000e+01,4.939964770777547365e+00
4.864583333333332860e+01,4.940154748991711031e+00
4.866666666666666430e+01,4.940271491788577940e+00
4.868750000000000000e+01,4.940277632511949513e+00
4.870833333333332860e+01,4.940190299980249833e+00
4.872916666666666430e+01,4.940036503513196564e+00
4.875000000000000000e+01,4.939806877093766424e+00
4.877083333333332860e+01,4.939504667585135955e+00
4.879166666666666430e+01,4.939166519651786658e+00
4.881250000000000000e+01,4.938809710760589944e+00
4.883333333333332860e+01,4.938430621852758939e+00
4.885416666666666430e+01,4.938053917755171440e+00
4.887500000000000000e+01,4.937705915839734949e+00
4.889583333333332860e+01,4.937364492758468337e+00
4.891666666666666430e+01,4.936991204030976021e+00
4.893750000000000000e+01,4.936594173472180991e+00
4.895833333333332860e+01,4.936196482258451645e+00
4.897916666666666430e+01,4.935781898664419742e+00
4.900000000000000000e+01,4.935328108977578232e+00
4.902083333333332860e+01,4.934861185426394847e+00
4.904166666666666430e+01,4.934422052716811002e+00
4.906250000000000000e+01,4.934004428607225101e+00
4.908333333333332860e+01,4.933585305813857680e+00
4.910416666666666430e+01,4.933187969544464480e+00
4.912500000000000000e+01,4.932850249954186417e+00
4.914583333333332860e+01,4.932562820629295963e+00
4.916666666666666430e+01,4.932299836809377780e+00
4.918750000000000000e+01,4.932081710780450656e+00
4.920833333333332860e+01,4.931943356692690905e+00
4.922916666666666430e+01,4.931875486413044740e+00
4.925000000000000000e+01,4.931855563424463185e+00
4.927083333333332860e+01,4.931897819649296189e+00
4.929166666666666430e+01,4.932018262923087093e+00
4.931250000000000000e+01,4.932184340036129377e+00
4.933333333333332860e+01,4.932346707129077856e+00
4.935416666666666430e+01,4.932502354845420101e+00
4.937500000000000000e+01,4.932663513509183417e+00
4.939583333333332860e+01,4.932803251959156476e+00
4.941666666666666430e+01,4.932887867848886110e+00
4.943750000000000000e+01,4.932930969890877648e+00
4.945833333333332860e+01,4.932960854571270204e+00
4.947916666666666430e+01,4.932960124840913174e+00
