0.000000000000000000e+00,3.164662363474515223e+04
2.083333333333333218e-02,3.308255517039579718e+04
4.166666666666666435e-02,3.547431224830200517e+04
6.250000000000000000e-02,3.830258340254283394e+04
8.333333333333332871e-02,3.901208922376335249e+04
1.041666666666666574e-01,3.488629631971910567e+04
1.250000000000000000e-01,3.902095990232787881e+04
1.458333333333333148e-01,4.297150036906581227e+04
1.666666666666666574e-01,3.490443926711114909e+04
1.875000000000000000e-01,3.476528573454872821e+04
2.083333333333333148e-01,4.249739888682855235e+04
2.291666666666666574e-01,4.086973665673396317e+04
2.500000000000000000e-01,3.532253211563357763e+04
2.708333333333333148e-01,3.842061198895534471e+04
2.916666666666666297e-01,4.048966451873091864e+04
3.125000000000000000e-01,3.869676412353762862e+04
3.333333333333333148e-01,3.850264858990638459e+04
3.541666666666666297e-01,3.918981868887276505e+04
3.750000000000000000e-01,3.687401091517772875e+04
3.958333333333333148e-01,3.971527392795490596e+04
4.166666666666666297e-01,4.184486615385772166e+04
4.375000000000000000e-01,3.553131880926786835e+04
4.583333333333333148e-01,3.640968200188333867e+04
4.791666666666666297e-01,4.306722271170550812e+04
5.000000000000000000e-01,4.104617325760002132e+04
5.208333333333332593e-01,3.218165832915149440e+04
5.416666666666666297e-01,3.693432580709223112e+04
5.625000000000000000e-01,4.455194241184154816e+04
5.833333333333332593e-01,3.801996741567838762e+04
6.041666666666666297e-01,3.237285567896301654e+04
6.250000000000000000e-01,4.118832214047622256e+04
6.458333333333332593e-01,4.319247803278038191e+04
6.666666666666666297e-01,3.439571103184535605e+04
6.875000000000000000e-01,3.529195786734563444e+04
7.083333333333332593e-01,4.202537113486480666e+04
7.291666666666666297e-01,3.991851857539341290e+04
7.500000000000000000e-01,3.624651841253682505e+04
7.708333333333332593e-01,3.858957054020481883e+04
7.916666666666666297e-01,3.970489172024845902e+04
8.125000000000000000e-01,4.238871227367011306e+04
8.333333333333332593e-01,4.133007268088111596e+04
8.541666666666666297e-01,4.189047494460593589e+04
8.750000000000000000e-01,3.708000783447209687e+04
8.958333333333332593e-01,4.066445697712850961e+04
9.166666666666666297e-01,4.220007907398611133e+04
9.375000000000000000e-01,3.623790808596543502e+04
9.583333333333332593e-01,3.559680832168181223e+04
9.791666666666666297e-01,4.176375575967894110e+04
1.000000000000000000e+00,4.180244434677359095e+04
1.020833333333333259e+00,3.244938174700556556e+04
1.041666666666666519e+00,3.719686415681995277e+04
1.062500000000000000e+00,4.505000358246338146e+04
1.083333333333333259e+00,3.925618200739970780e+04
1.104166666666666519e+00,3.224822874155987665e+04
1.125000000000000000e+00,3.920840729520154127e+04
1.145833333333333259e+00,4.504169256196686183e+04
1.166666666666666519e+00,3.414572547678895353e+04
1.187500000000000000e+00,3.372113779647044430e+04
1.208333333333333259e+00,4.338314039130952733e+04
1.229166666666666519e+00,4.269947849476728152e+04
1.250000000000000000e+00,3.231404644006912349e+04
1.270833333333333259e+00,3.612720136878734775e+04
1.291666666666666519e+00,4.504440095240089431e+04
1.312500000000000000e+00,3.982209289320096286e+04
1.333333333333333259e+00,3.292415810641079588e+04
1.354166666666666519e+00,3.861174685207388393e+04
1.375000000000000000e+00,4.268758906731306342e+04
1.395833333333333259e+00,3.819601694423494337e+04
1.416666666666666519e+00,3.543691554720622662e+04
1.437500000000000000e+00,3.861890436060583306e+04
1.458333333333333259e+00,3.955506014562385099e+04
1.479166666666666519e+00,3.969790477226151415e+04
1.500000000000000000e+00,3.861337296849346603e+04
1.520833333333333259e+00,3.645973299066159234e+04
1.541666666666666519e+00,3.862714087682926765e+04
1.562500000000000000e+00,4.207389557614155638e+04
1.583333333333333259e+00,3.862645280554543569e+04
1.604166666666666519e+00,3.459668007868019049e+04
1.625000000000000000e+00,4.002110006237059861e+04
1.645833333333333259e+00,4.501934221002220875e+04
1.666666666666666519e+00,3.591269058576230600e+04
1.687500000000000000e+00,3.222671750131885346e+04
1.708333333333333259e+00,4.233428577495523496e+04
1.729166666666666519e+00,4.236425658159413433e+04
1.750000000000000000e+00,3.248742416402086747e+04
1.770833333333333259e+00,3.613579510410658986e+04
1.791666666666666519e+00,4.504028517917857243e+04
1.812500000000000000e+00,3.976995779816317372e+04
1.833333333333333259e+00,3.224352067371636804e+04
1.854166666666666519e+00,3.950433832009680191e+04
1.875000000000000000e+00,4.448905548213748261e+04
1.895833333333333259e+00,3.540144754213038686e+04
1.916666666666666519e+00,3.427003604601455299e+04
1.937500000000000000e+00,4.181585512367132469e+04
1.958333333333333259e+00,4.135868231039851526e+04
1.979166666666666519e+00,3.500847080442665174e+04
2.000000000000000000e+00,3.700779783845191560e+04
2.020833333333333037e+00,4.107185038727084611e+04
2.041666666666666519e+00,3.862136362873420148e+04
2.062500000000000000e+00,3.772664308634166082e+04
2.083333333333333037e+00,3.903844769642914616e+04
2.104166666666666519e+00,3.913099711335750908e+04
2.125000000000000000e+00,3.862796145587882347e+04
2.145833333333333037e+00,4.084472432507723715e+04
2.166666666666666519e+00,3.762106178048160655e+04
2.187500000000000000e+00,3.742288965153351455e+04
2.208333333333333037e+00,4.260739774196125654e+04
2.229166666666666519e+00,4.261757369940568606e+04
2.250000000000000000e+00,3.478692859570281871e+04
2.270833333333333037e+00,3.604015188187814783e+04
2.291666666666666519e+00,4.404489806156474515e+04
2.312500000000000000e+00,3.997213370029629732e+04
2.333333333333333037e+00,3.281423730899272050e+04
2.354166666666666519e+00,3.929536702167930343e+04
2.375000000000000000e+00,4.507712687326897139e+04
2.395833333333333037e+00,3.666445252706389874e+04
2.416666666666666519e+00,3.250837903606862528e+04
2.437500000000000000e+00,4.184179158332726365e+04
2.458333333333333037e+00,4.306282615200387227e+04
2.479166666666666519e+00,3.543319948691080936e+04
2.500000000000000000e+00,3.481443100773615879e+04
2.520833333333333037e+00,4.184144823130043369e+04
2.541666666666666519e+00,4.116699966951855458e+04
2.562500000000000000e+00,3.543907427775589167e+04
2.583333333333333037e+00,3.907510524702179100e+04
2.604166666666666519e+00,4.024525978646730073e+04
2.625000000000000000e+00,3.862805536483042670e+04
2.645833333333333037e+00,3.671089663293868944e+04
2.666666666666666519e+00,3.864605634033345996e+04
2.687500000000000000e+00,3.928601522236991877e+04
2.708333333333333037e+00,3.868537409824015049e+04
2.729166666666666519e+00,4.032384980025838740e+04
2.750000000000000000e+00,3.693746772102423711e+04
2.770833333333333037e+00,3.724713674421890028e+04
2.791666666666666519e+00,4.108993594555055461e+04
2.812500000000000000e+00,3.909077453077109385e+04
2.833333333333333037e+00,3.555188637740052218e+04
2.854166666666666519e+00,3.864100768326774414e+04
2.875000000000000000e+00,4.447904861652723775e+04
2.895833333333333037e+00,3.681866153582154220e+04
2.916666666666666519e+00,3.222105617759754023e+04
2.937500000000000000e+00,4.100795612234010332e+04
2.958333333333333037e+00,4.502413617413710017e+04
2.979166666666666519e+00,3.478859159701719182e+04
3.000000000000000000e+00,3.222263728442363936e+04
3.020833333333333037e+00,4.443100577349314699e+04
3.041666666666666519e+00,4.185835363304649945e+04
3.062500000000000000e+00,3.222487460971019755e+04
3.083333333333333037e+00,3.662791155167940451e+04
3.104166666666666519e+00,4.458661794637563435e+04
3.125000000000000000e+00,3.749030330532526568e+04
3.145833333333333037e+00,3.224024010661402281e+04
3.166666666666666519e+00,4.555391662689232180e+04
3.187500000000000000e+00,4.603550470117188524e+04
3.208333333333333037e+00,3.679942949837728520e+04
3.229166666666666519e+00,3.650210402830868406e+04
3.250000000000000000e+00,4.244114316275848250e+04
3.270833333333333037e+00,4.143938237112029310e+04
3.291666666666666519e+00,3.472301961430445226e+04
3.312500000000000000e+00,3.843185987080480845e+04
3.333333333333333037e+00,4.098891641451194300e+04
3.354166666666666519e+00,3.870348574994576484e+04
3.375000000000000000e+00,3.812351448960461130e+04
3.395833333333333037e+00,3.866451129757454328e+04
3.416666666666666519e+00,3.784242141677543987e+04
3.437500000000000000e+00,3.880945816791473771e+04
3.458333333333333037e+00,4.159588786883455032e+04
3.479166666666666519e+00,3.683603416941451724e+04
3.500000000000000000e+00,3.644818523651156283e+04
3.520833333333333037e+00,4.132239313481453428e+04
3.541666666666666519e+00,4.184112782943143247e+04
3.562500000000000000e+00,3.441548923244068283e+04
3.583333333333333037e+00,3.577845980214454903e+04
3.604166666666666519e+00,4.500512107392925100e+04
3.625000000000000000e+00,3.954517821238730539e+04
3.645833333333333037e+00,3.223457297270137860e+04
3.666666666666666519e+00,3.881360590746583330e+04
3.687500000000000000e+00,4.431696080601008725e+04
3.708333333333333037e+00,3.536505830791096378e+04
3.729166666666666519e+00,3.327038825307112711e+04
3.750000000000000000e+00,4.215099310397729278e+04
3.770833333333333037e+00,4.267080190287255391e+04
3.791666666666666519e+00,3.544432959670671698e+04
3.812500000000000000e+00,3.572684506355747726e+04
3.833333333333333037e+00,4.184522893393032427e+04
3.854166666666666519e+00,3.945806465636572830e+04
3.875000000000000000e+00,3.664207624879626383e+04
3.895833333333333037e+00,3.997016985613070574e+04
3.916666666666666519e+00,3.958868519891831238e+04
3.937500000000000000e+00,3.772369464447462815e+04
3.958333333333333037e+00,3.876450682443959522e+04
3.979166666666666519e+00,3.922435074151807930e+04
4.000000000000000000e+00,3.664205065016354638e+04
4.020833333333333037e+00,3.965658040086791152e+04
4.041666666666666075e+00,4.183333180097222794e+04
4.062500000000000000e+00,3.621512721768542542e+04
4.083333333333333037e+00,3.543273944296057743e+04
4.104166666666666075e+00,4.124838900160362391e+04
4.125000000000000000e+00,4.135700523847030126e+04
4.145833333333333037e+00,3.637089730059654539e+04
4.166666666666666075e+00,3.677068374741732259e+04
4.187500000000000000e+00,4.177066367490387347e+04
4.208333333333333037e+00,3.920537535375206062e+04
4.229166666666666075e+00,3.483116303034814337e+04
4.250000000000000000e+00,3.941220945322728221e+04
4.270833333333333037e+00,4.102708384140977432e+04
4.291666666666666075e+00,3.569043756132149429e+04
4.312500000000000000e+00,3.507041516012936336e+04
4.333333333333333037e+00,4.185604548011292354e+04
4.354166666666666075e+00,4.162175312835673685e+04
4.375000000000000000e+00,3.546395597650518903e+04
4.395833333333333037e+00,3.656504608869672666e+04
4.416666666666666075e+00,4.155319926475483953e+04
4.437500000000000000e+00,3.924867627992855705e+04
4.458333333333333037e+00,3.744968547293131996e+04
4.479166666666666075e+00,3.864990677827404579e+04
4.500000000000000000e+00,3.803092730123440560e+04
4.520833333333333037e+00,3.876538421888380253e+04
4.541666666666666075e+00,4.207651453239942202e+04
4.562500000000000000e+00,3.729560314903355174e+04
4.583333333333333037e+00,3.544251412191506824e+04
4.604166666666666075e+00,4.128193345726751431e+04
4.625000000000000000e+00,4.186059202431607991e+04
4.645833333333333037e+00,3.464561727966315811e+04
4.666666666666666075e+00,3.693669028845045250e+04
4.687500000000000000e+00,4.357025447808940226e+04
4.708333333333333037e+00,3.865216559331175813e+04
4.729166666666666075e+00,3.334177429560657038e+04
4.750000000000000000e+00,4.035774244137307687e+04
4.770833333333333037e+00,4.372367526860371436e+04
4.791666666666666075e+00,3.368260773563662224e+04
4.812500000000000000e+00,3.524299525943469052e+04
4.833333333333333037e+00,4.505605770039705385e+04
4.854166666666666075e+00,4.029365575247116794e+04
4.875000000000000000e+00,3.226652345260416769e+04
4.895833333333333037e+00,3.769051632966207399e+04
4.916666666666666075e+00,4.506181747469853872e+04
4.937500000000000000e+00,3.636329148819601687e+04
4.958333333333333037e+00,3.345861019178565766e+04
4.979166666666666075e+00,4.184314538442571939e+04
5.000000000000000000e+00,4.262721792604655639e+04
5.020833333333333037e+00,3.544154703405447799e+04
5.041666666666666075e+00,3.667923170850029419e+04
5.062500000000000000e+00,4.184952558899889118e+04
5.083333333333333037e+00,3.904210459429529874e+04
5.104166666666666075e+00,3.615779236771866999e+04
5.125000000000000000e+00,3.864308512955986225e+04
5.145833333333333037e+00,3.922390206637431402e+04
5.166666666666666075e+00,3.864400785834396083e+04
5.187500000000000000e+00,3.939374125956914941e+04
5.208333333333333037e+00,3.895117746788093064e+04
5.229166666666666075e+00,3.659504027273958491e+04
5.250000000000000000e+00,4.040005620430754061e+04
5.270833333333333037e+00,4.143381847678259510e+04
5.291666666666666075e+00,3.594167416151281213e+04
5.312500000000000000e+00,3.544255497975290200e+04
5.333333333333333037e+00,4.271831688084472989e+04
5.354166666666666075e+00,4.158553414548691217e+04
5.375000000000000000e+00,3.237828248936190357e+04
5.395833333333333037e+00,3.741590264180852682e+04
5.416666666666666075e+00,4.354959799599778489e+04
5.437500000000000000e+00,3.888227264754779753e+04
5.458333333333333037e+00,3.409533466111910093e+04
5.479166666666666075e+00,4.020134571449819487e+04
5.500000000000000000e+00,4.127676345943864726e+04
5.520833333333333037e+00,3.600458337284362642e+04
5.541666666666666075e+00,3.784128845052304678e+04
5.562500000000000000e+00,4.104262627773094573e+04
5.583333333333333037e+00,3.789980739955219178e+04
5.604166666666666075e+00,3.486138047792678844e+04
5.625000000000000000e+00,4.104734674534929945e+04
5.645833333333333037e+00,4.035225154596447101e+04
5.666666666666666075e+00,3.536096742244521010e+04
5.687500000000000000e+00,3.827303961779667588e+04
5.708333333333333037e+00,4.181124605950139812e+04
5.729166666666666075e+00,3.816617459119650448e+04
5.750000000000000000e+00,3.543272989524520381e+04
5.770833333333333037e+00,4.205946715106185729e+04
5.791666666666666075e+00,4.032792391082082031e+04
5.812500000000000000e+00,3.358973011482810398e+04
5.833333333333333037e+00,3.776952986850310117e+04
5.854166666666666075e+00,4.504692239652890567e+04
5.875000000000000000e+00,3.784419949674373493e+04
5.895833333333333037e+00,3.262140813610902114e+04
5.916666666666666075e+00,4.070498003491418785e+04
5.937500000000000000e+00,4.418739372053933039e+04
5.958333333333333037e+00,3.543352184759031661e+04
5.979166666666666075e+00,3.398478502863795438e+04
6.000000000000000000e+00,4.182837756639035069e+04
6.020833333333333037e+00,4.166719272777769220e+04
6.041666666666666075e+00,3.544919169303208764e+04
6.062500000000000000e+00,3.631455187313725764e+04
6.083333333333333037e+00,4.184847125548604527e+04
6.104166666666666075e+00,4.003457317709710333e+04
6.125000000000000000e+00,3.618925212754361564e+04
6.145833333333333037e+00,3.864227661874559271e+04
6.166666666666666075e+00,3.964285387838127644e+04
6.187500000000000000e+00,3.864022416985294694e+04
6.208333333333333037e+00,3.852819926964098704e+04
6.229166666666666075e+00,3.864447934040713881e+04
6.250000000000000000e+00,3.697184005134356266e+04
6.270833333333333037e+00,3.930740667192944966e+04
6.291666666666666075e+00,4.095827365784182621e+04
6.312500000000000000e+00,3.605391039690896287e+04
6.333333333333333037e+00,3.542617336101233377e+04
6.354166666666666075e+00,4.113782460648915730e+04
6.375000000000000000e+00,4.038091652820577292e+04
6.395833333333333037e+00,3.485690058866437903e+04
6.416666666666666075e+00,3.781728308206665679e+04
6.437500000000000000e+00,4.496225186637142906e+04
6.458333333333333037e+00,3.651317246622143284e+04
6.479166666666666075e+00,3.222748964359528327e+04
6.500000000000000000e+00,4.147534444022938260e+04
6.520833333333333037e+00,4.503324759596849617e+04
6.541666666666666075e+00,3.379548680791275547e+04
6.562500000000000000e+00,3.287337000424895086e+04
6.583333333333333037e+00,4.502371132413943997e+04
6.604166666666666075e+00,4.269759240456965199e+04
6.625000000000000000e+00,3.223841268366452641e+04
6.645833333333333037e+00,3.525254100304644817e+04
6.666666666666666075e+00,4.503907223597104894e+04
6.687500000000000000e+00,3.900015120017859590e+04
6.708333333333333037e+00,3.286389399941876763e+04
6.729166666666666075e+00,3.908855406232898531e+04
6.750000000000000000e+00,4.293643647354721179e+04
6.770833333333333037e+00,3.863440561450160749e+04
6.791666666666666075e+00,3.489042429500715662e+04
6.812500000000000000e+00,3.864096015632081981e+04
6.833333333333333037e+00,4.069227698612780659e+04
6.854166666666666075e+00,3.889391396826146229e+04
6.875000000000000000e+00,3.862063491734770651e+04
6.895833333333333037e+00,3.787108160162869899e+04
6.916666666666666075e+00,3.863607031113871199e+04
6.937500000000000000e+00,3.992457032833997073e+04
6.958333333333333037e+00,3.865078391102603928e+04
6.979166666666666075e+00,3.732518845139101177e+04
7.000000000000000000e+00,3.891295521790914063e+04
7.020833333333333037e+00,4.183555003688003490e+04
7.041666666666666075e+00,3.637234986650028441e+04
7.062500000000000000e+00,3.543859239514599903e+04
7.083333333333333037e+00,4.193612368644939124e+04
7.104166666666666075e+00,4.183332749241933925e+04
7.125000000000000000e+00,3.335297581530438765e+04
7.145833333333333037e+00,3.738233935245155590e+04
7.166666666666666075e+00,4.424427711895798711e+04
7.187500000000000000e+00,3.904860046710277675e+04
7.208333333333333037e+00,3.224559232114531915e+04
7.229166666666666075e+00,3.899921087885100133e+04
7.250000000000000000e+00,4.504628459695720812e+04
7.270833333333333037e+00,3.515566726067406853e+04
7.291666666666666075e+00,3.341500121883547399e+04
7.312500000000000000e+00,4.183273951143851446e+04
7.333333333333333037e+00,4.265138977109496045e+04
7.354166666666666075e+00,3.543573172792444529e+04
7.375000000000000000e+00,3.579406557163049729e+04
7.395833333333333037e+00,4.183566997122820612e+04
7.416666666666666075e+00,3.927787844316966948e+04
7.437500000000000000e+00,3.678596612659275706e+04
7.458333333333333037e+00,4.017964027037839696e+04
7.479166666666666075e+00,3.949457827375583292e+04
7.500000000000000000e+00,3.684619969909516658e+04
7.520833333333333037e+00,3.897226287659645459e+04
7.541666666666666075e+00,4.184356185122027819e+04
7.562500000000000000e+00,3.609377767984900856e+04
7.583333333333333037e+00,3.665506782877424121e+04
7.604166666666666075e+00,4.183203066753159510e+04
7.625000000000000000e+00,3.955785894626553636e+04
7.645833333333333037e+00,3.543228627543785842e+04
7.666666666666666075e+00,3.893579364177308162e+04
7.687500000000000000e+00,4.156669538229472528e+04
7.708333333333333037e+00,3.855705633980860875e+04
7.729166666666666075e+00,3.631390349054618127e+04
7.750000000000000000e+00,3.859073047293342825e+04
7.770833333333333037e+00,3.940417825596848706e+04
7.791666666666666075e+00,3.861472841120218800e+04
7.812500000000000000e+00,3.789795546732546063e+04
7.833333333333333037e+00,3.864492123245012044e+04
7.854166666666666075e+00,3.677868557718150259e+04
7.875000000000000000e+00,3.986604712989951804e+04
7.895833333333333037e+00,4.184155347812965920e+04
7.916666666666666075e+00,3.633698126875918388e+04
7.937500000000000000e+00,3.554120933933951164e+04
7.958333333333333037e+00,4.185338749676394946e+04
7.979166666666666075e+00,4.184037237153900787e+04
8.000000000000000000e+00,3.420905042640794272e+04
8.020833333333332149e+00,3.661082589835335239e+04
8.041666666666666075e+00,4.481186109666511038e+04
8.062500000000000000e+00,3.950848281707062415e+04
8.083333333333332149e+00,3.223363355025755300e+04
8.104166666666666075e+00,3.833509493932210171e+04
8.125000000000000000e+00,4.455124129367138084e+04
8.145833333333332149e+00,3.572944146661862760e+04
8.166666666666666075e+00,3.380120132681214454e+04
8.187500000000000000e+00,4.184649742528297793e+04
8.208333333333332149e+00,4.204834835560796637e+04
8.229166666666666075e+00,3.447173527837947768e+04
8.250000000000000000e+00,3.791985951232947991e+04
8.270833333333332149e+00,4.130635788023575151e+04
8.291666666666666075e+00,3.863947573042451404e+04
8.312500000000000000e+00,3.765387857884127880e+04
8.333333333333332149e+00,3.863315692328572914e+04
8.354166666666666075e+00,3.968355857157478749e+04
8.375000000000000000e+00,3.864620380335136724e+04
8.395833333333332149e+00,3.998254762832811684e+04
8.416666666666666075e+00,3.769767570889414492e+04
8.437500000000000000e+00,3.543213445952533220e+04
8.458333333333332149e+00,4.093075029938259831e+04
8.479166666666666075e+00,4.183059403651276079e+04
8.500000000000000000e+00,3.522434866213070200e+04
8.520833333333332149e+00,3.663398676469994825e+04
8.541666666666666075e+00,4.417442045617618714e+04
8.562500000000000000e+00,3.925461421495635295e+04
8.583333333333332149e+00,3.224437583351205467e+04
8.604166666666666075e+00,3.889571850036206888e+04
8.625000000000000000e+00,4.504518061590778234e+04
8.645833333333332149e+00,3.704800211850222695e+04
8.666666666666666075e+00,3.224970128241742350e+04
8.687500000000000000e+00,4.130512255019122676e+04
8.708333333333332149e+00,4.239074244257955434e+04
8.729166666666666075e+00,3.543386514470772090e+04
8.750000000000000000e+00,3.604716395961849776e+04
8.770833333333332149e+00,4.184964946702646557e+04
8.791666666666666075e+00,4.048058693829333060e+04
8.812500000000000000e+00,3.549297165792313899e+04
8.833333333333332149e+00,3.850048551634125761e+04
8.854166666666666075e+00,3.995651309166457213e+04
8.875000000000000000e+00,4.000651277769657463e+04
8.895833333333332149e+00,4.059116763781696500e+04
8.916666666666666075e+00,3.918936677502516250e+04
8.937500000000000000e+00,3.769985712438055634e+04
8.958333333333332149e+00,3.845693150787291961e+04
8.979166666666666075e+00,4.197223145443835529e+04
9.000000000000000000e+00,3.645691223334646202e+04
9.020833333333332149e+00,3.548644524448828452e+04
9.041666666666666075e+00,4.191812976963766414e+04
9.062500000000000000e+00,4.186394519272412435e+04
9.083333333333332149e+00,3.340571106087793305e+04
9.104166666666666075e+00,3.639116271375754150e+04
9.125000000000000000e+00,4.503208119970749976e+04
9.145833333333332149e+00,3.958883862000503723e+04
9.166666666666666075e+00,3.223940622404876558e+04
9.187500000000000000e+00,3.902720393685207819e+04
9.208333333333332149e+00,4.491395676081093552e+04
9.229166666666666075e+00,3.675488384209227661e+04
9.250000000000000000e+00,3.325108793392368534e+04
9.270833333333332149e+00,4.175573428090290690e+04
9.291666666666666075e+00,4.128879193321983621e+04
9.312500000000000000e+00,3.494695021260117937e+04
9.333333333333332149e+00,3.743974144172149681e+04
9.354166666666666075e+00,4.140681190836511087e+04
9.375000000000000000e+00,3.863841676257979270e+04
9.395833333333332149e+00,3.765621228100512963e+04
9.416666666666666075e+00,3.863141886109425832e+04
9.437500000000000000e+00,3.856142611550076253e+04
9.458333333333332149e+00,3.864346467713805032e+04
9.479166666666666075e+00,4.050362273421108694e+04
9.500000000000000000e+00,3.777430369807164971e+04
9.520833333333332149e+00,3.542594526620101533e+04
9.541666666666666075e+00,4.103224309713416005e+04
9.562500000000000000e+00,4.184126382152403676e+04
9.583333333333332149e+00,3.553956301401792007e+04
9.604166666666666075e+00,3.545362483781564515e+04
9.625000000000000000e+00,4.491020036389380402e+04
9.645833333333332149e+00,3.995511546781968354e+04
9.666666666666666075e+00,3.323832416196729901e+04
9.687500000000000000e+00,3.872179113823137595e+04
9.708333333333332149e+00,4.524753053741612530e+04
9.729166666666666075e+00,3.791015789051933098e+04
9.750000000000000000e+00,3.268642929241162346e+04
9.770833333333332149e+00,4.002964142814098886e+04
9.791666666666666075e+00,4.276207831565992819e+04
9.812500000000000000e+00,3.418910764366122748e+04
9.833333333333332149e+00,3.690287154361973808e+04
9.854166666666666075e+00,4.266984384151212726e+04
9.875000000000000000e+00,3.893229953884067800e+04
9.895833333333332149e+00,3.659460446446415153e+04
9.916666666666666075e+00,3.864230036738803756e+04
9.937500000000000000e+00,3.908170846082228672e+04
9.958333333333332149e+00,3.855929188729164161e+04
9.979166666666666075e+00,3.945147145575795730e+04
1.000000000000000000e+01,3.864004064161523274e+04
1.002083333333333215e+01,3.579375554713704332e+04
1.004166666666666607e+01,4.029093747219704528e+04
1.006250000000000000e+01,4.182774637927718140e+04
1.008333333333333215e+01,3.650346847309873556e+04
1.010416666666666607e+01,3.646572018214007403e+04
1.012500000000000000e+01,4.144859084795218951e+04
1.014583333333333215e+01,4.184172079632550594e+04
1.016666666666666607e+01,3.430422009632902336e+04
1.018750000000000000e+01,3.573885865413460124e+04
1.020833333333333215e+01,4.428060130327304068e+04
1.022916666666666607e+01,3.918230553942253027e+04
1.025000000000000000e+01,3.223675180277643449e+04
1.027083333333333215e+01,3.837557659440751013e+04
1.029166666666666607e+01,4.504976351746013097e+04
1.031250000000000000e+01,3.725392364518023533e+04
1.033333333333333215e+01,3.288307606223291805e+04
1.035416666666666607e+01,4.182348010071239696e+04
1.037500000000000000e+01,4.323355479118104267e+04
1.039583333333333215e+01,3.431237704428259894e+04
1.041666666666666607e+01,3.536064847005171760e+04
1.043750000000000000e+01,4.199056791043540579e+04
1.045833333333333215e+01,4.074500430240602145e+04
1.047916666666666607e+01,3.449410139827141393e+04
1.050000000000000000e+01,3.542280895279951073e+04
1.052083333333333215e+01,4.201524661332031974e+04
1.054166666666666607e+01,3.880974796096741193e+04
1.056250000000000000e+01,3.679544629898174753e+04
1.058333333333333215e+01,3.854838780461503484e+04
1.060416666666666607e+01,3.930106156924739480e+04
1.062500000000000000e+01,3.859856406694813631e+04
1.064583333333333215e+01,3.900029096576322627e+04
1.066666666666666607e+01,3.862582990442851587e+04
1.068750000000000000e+01,3.604821738592933252e+04
1.070833333333333215e+01,3.991114139826523024e+04
1.072916666666666607e+01,4.181864879728676169e+04
1.075000000000000000e+01,3.643775635254690860e+04
1.077083333333333215e+01,3.630283390020675142e+04
1.079166666666666607e+01,4.116939809760107164e+04
1.081250000000000000e+01,4.183980314488054864e+04
1.083333333333333215e+01,3.427653096267993533e+04
1.085416666666666607e+01,3.572165979541571869e+04
1.087500000000000000e+01,4.470630171270990832e+04
1.089583333333333215e+01,3.970390285583248624e+04
1.091666666666666607e+01,3.222740833131486943e+04
1.093750000000000000e+01,3.852148703598832071e+04
1.095833333333333215e+01,4.407359266941222450e+04
1.097916666666666607e+01,3.592680934507020720e+04
1.100000000000000000e+01,3.309004572283144080e+04
1.102083333333333215e+01,4.221199334546534374e+04
1.104166666666666607e+01,4.262376850787823059e+04
1.106250000000000000e+01,3.544789128092319879e+04
1.108333333333333215e+01,3.649550862276694534e+04
1.110416666666666607e+01,4.184667959264461388e+04
1.112500000000000000e+01,3.974760187780445995e+04
1.114583333333333215e+01,3.636456826152650319e+04
1.116666666666666607e+01,3.862552223340333148e+04
1.118750000000000000e+01,3.955531663992821996e+04
1.120833333333333215e+01,3.862678931386153272e+04
1.122916666666666607e+01,3.877814014367158234e+04
1.125000000000000000e+01,3.976221151355730399e+04
1.127083333333333215e+01,3.642523645644818316e+04
1.129166666666666607e+01,3.965369402563927724e+04
1.131250000000000000e+01,4.184623458198789740e+04
1.133333333333333215e+01,3.564476748113457870e+04
1.135416666666666607e+01,3.560901158092769765e+04
1.137500000000000000e+01,4.326019338352201885e+04
1.139583333333333215e+01,4.115003318110942200e+04
1.141666666666666607e+01,3.222820605346134107e+04
1.143750000000000000e+01,3.781122084332167287e+04
1.145833333333333215e+01,4.504878062811985001e+04
1.147916666666666607e+01,3.684102627977704833e+04
1.150000000000000000e+01,3.225584784684212718e+04
1.152083333333333215e+01,4.235909258694863820e+04
1.154166666666666607e+01,4.375984527796194743e+04
1.156250000000000000e+01,3.259109604261209097e+04
1.158333333333333215e+01,3.475186902534572437e+04
1.160416666666666607e+01,4.504191313493941561e+04
1.162500000000000000e+01,4.132261694838002586e+04
1.164583333333333215e+01,3.224201893957515495e+04
1.166666666666666607e+01,3.794174362849405588e+04
1.168750000000000000e+01,4.347095075264810293e+04
1.170833333333333215e+01,3.805194509858969104e+04
1.172916666666666607e+01,3.477331189933783753e+04
1.175000000000000000e+01,3.863269755413253733e+04
1.177083333333333215e+01,4.086362823861568177e+04
1.179166666666666607e+01,3.878945957423924119e+04
1.181250000000000000e+01,3.851397382770814875e+04
1.183333333333333215e+01,3.656457246336102253e+04
1.185416666666666607e+01,3.863299397327584302e+04
1.187500000000000000e+01,4.139571444721943408e+04
1.189583333333333215e+01,3.878584967743840389e+04
1.191666666666666607e+01,3.644715654783053469e+04
1.193750000000000000e+01,3.920716238066545338e+04
1.195833333333333215e+01,4.330872541686674231e+04
1.197916666666666607e+01,3.610514768666239252e+04
1.200000000000000000e+01,3.500204809154746908e+04
1.202083333333333215e+01,4.165458831319009914e+04
1.204166666666666607e+01,4.337458624737634818e+04
1.206250000000000000e+01,3.506884150670254166e+04
1.208333333333333215e+01,3.784996773497024697e+04
1.210416666666666607e+01,4.222925577432282444e+04
1.212500000000000000e+01,3.971437610033418605e+04
1.214583333333333215e+01,3.558939038334616635e+04
1.216666666666666607e+01,3.925461182371635368e+04
1.218750000000000000e+01,4.190662613710274309e+04
1.220833333333333215e+01,3.603791911482430442e+04
1.222916666666666607e+01,3.713609725811728276e+04
1.225000000000000000e+01,4.162265735953255353e+04
1.227083333333333215e+01,3.900837388448420825e+04
1.229166666666666607e+01,3.545146493418233877e+04
1.231250000000000000e+01,4.023164445336237259e+04
1.233333333333333215e+01,4.122276845228789898e+04
1.235416666666666607e+01,3.543440908902802767e+04
1.237500000000000000e+01,3.653467059976586461e+04
1.239583333333333215e+01,4.185245087102767866e+04
1.241666666666666607e+01,3.949652099680863466e+04
1.243750000000000000e+01,3.546188575077921269e+04
1.245833333333333215e+01,4.031287248123632889e+04
1.247916666666666607e+01,4.128264842207882612e+04
1.250000000000000000e+01,3.543346784921060316e+04
1.252083333333333215e+01,3.763961875501538452e+04
1.254166666666666607e+01,4.278499557118136727e+04
1.256250000000000000e+01,3.871508524811157258e+04
1.258333333333333215e+01,3.496219515737934125e+04
1.260416666666666607e+01,4.062021138949796295e+04
1.262500000000000000e+01,4.094012766658258624e+04
1.264583333333333215e+01,3.543443712401921221e+04
1.266666666666666607e+01,3.765848849651360069e+04
1.268750000000000000e+01,4.183729611393294908e+04
1.270833333333333215e+01,3.846456590431123186e+04
1.272916666666666607e+01,3.627407416729490797e+04
1.275000000000000000e+01,3.998591893211151182e+04
1.277083333333333215e+01,4.061436927823101723e+04
1.279166666666666607e+01,3.424739791320559743e+04
1.281250000000000000e+01,3.515136282093417685e+04
1.283333333333333215e+01,3.761600706829415867e+04
1.285416666666666607e+01,3.743558092744913301e+04
1.287500000000000000e+01,3.808613089174713969e+04
1.289583333333333215e+01,4.094855367894467054e+04
1.291666666666666607e+01,3.757962940714696742e+04
1.293750000000000000e+01,3.532625607788238995e+04
1.295833333333333215e+01,4.061629561543443560e+04
1.297916666666666607e+01,4.101153724517727824e+04
1.300000000000000000e+01,3.514877303823115653e+04
1.302083333333333215e+01,3.546965753060868883e+04
1.304166666666666607e+01,4.310736972352282464e+04
1.306250000000000000e+01,4.112880048465218715e+04
1.308333333333333215e+01,3.224359366077270897e+04
1.310416666666666607e+01,3.731012592869934451e+04
1.312500000000000000e+01,4.504470581817397033e+04
1.314583333333333215e+01,4.007058569529787928e+04
1.316666666666666607e+01,3.222573903942503603e+04
1.318750000000000000e+01,3.724938454132323386e+04
1.320833333333333215e+01,4.429065657490473677e+04
1.322916666666666607e+01,3.868474047243811219e+04
1.325000000000000000e+01,3.222915014760272243e+04
1.327083333333333215e+01,4.023878013830141572e+04
1.329166666666666607e+01,4.437843637204659899e+04
1.331250000000000000e+01,3.541068805975196301e+04
1.333333333333333215e+01,3.692124030295708508e+04
1.335416666666666607e+01,4.198044557298564177e+04
1.337500000000000000e+01,3.574521529736457887e+04
1.339583333333333215e+01,3.554872957174935436e+04
1.341666666666666607e+01,4.334035250938716490e+04
1.343750000000000000e+01,4.135520207733671123e+04
1.345833333333333215e+01,3.373416753557312768e+04
1.347916666666666607e+01,3.776792370503406710e+04
1.350000000000000000e+01,4.336765446707396040e+04
1.352083333333333215e+01,3.883582658391709265e+04
1.354166666666666607e+01,3.545923958359422977e+04
1.356250000000000000e+01,4.013704880422520364e+04
1.358333333333333215e+01,4.164284284831301193e+04
1.360416666666666607e+01,3.543633441325346939e+04
1.362500000000000000e+01,3.680233884002056584e+04
1.364583333333333215e+01,4.183145574100512749e+04
1.366666666666666607e+01,4.077549676820941386e+04
1.368750000000000000e+01,3.638447990087203652e+04
1.370833333333333215e+01,3.638638863767953444e+04
1.372916666666666607e+01,4.093254517438990297e+04
1.375000000000000000e+01,4.140874650465885497e+04
1.377083333333333215e+01,3.517939391694960796e+04
1.379166666666666607e+01,3.540614841519159381e+04
1.381250000000000000e+01,4.178947343888610339e+04
1.383333333333333215e+01,4.180121341390646558e+04
1.385416666666666607e+01,3.539894982992678706e+04
1.387500000000000000e+01,3.594713973053513473e+04
1.389583333333333215e+01,4.178056495853159140e+04
1.391666666666666607e+01,4.178904816459697031e+04
1.393750000000000000e+01,3.538578203538180242e+04
1.395833333333333215e+01,3.537033528057561489e+04
1.397916666666666607e+01,4.176222140429957653e+04
1.400000000000000000e+01,4.176959250133790192e+04
1.402083333333333215e+01,3.536743534816133615e+04
1.404166666666666607e+01,3.406224631727478118e+04
1.406250000000000000e+01,4.261095040676835924e+04
1.408333333333333215e+01,4.551010952761484077e+04
1.410416666666666607e+01,3.570723916535743047e+04
1.412500000000000000e+01,3.248541235993041482e+04
1.414583333333333215e+01,4.191540795707840152e+04
1.416666666666666607e+01,4.506540290143182938e+04
1.418750000000000000e+01,3.605474581682401185e+04
1.420833333333333215e+01,3.284713764863121469e+04
1.422916666666666607e+01,4.180840973745528026e+04
1.425000000000000000e+01,4.485878568666262436e+04
1.427083333333333215e+01,3.425548928976661409e+04
1.429166666666666607e+01,3.220097990715452397e+04
1.431250000000000000e+01,4.197230769038959261e+04
1.433333333333333215e+01,4.439723428680445795e+04
1.435416666666666607e+01,3.539208031109231524e+04
1.437500000000000000e+01,3.218614041345450823e+04
1.439583333333333215e+01,4.178058477061791928e+04
1.441666666666666607e+01,4.497736600832487602e+04
1.443750000000000000e+01,3.537838379862695001e+04
1.445833333333333215e+01,3.217824938130093142e+04
1.447916666666666607e+01,4.177403163856365427e+04
1.450000000000000000e+01,4.494345218794761604e+04
1.452083333333333215e+01,3.384890413463889126e+04
1.454166666666666607e+01,3.218479327543978798e+04
1.456250000000000000e+01,4.334834544323378213e+04
1.458333333333333215e+01,4.498620378368219099e+04
1.460416666666666607e+01,3.218404371570990770e+04
1.462500000000000000e+01,3.298991720828650432e+04
1.464583333333333215e+01,4.498495672453346924e+04
1.466666666666666607e+01,4.417190393414895516e+04
1.468750000000000000e+01,3.218676840118087785e+04
1.470833333333333215e+01,3.217715558888742817e+04
1.472916666666666607e+01,4.435149391533675225e+04
1.475000000000000000e+01,4.355341165964288666e+04
1.477083333333333215e+01,3.219079550182923413e+04
1.479166666666666607e+01,3.218173221454968734e+04
1.481250000000000000e+01,4.498839698681717709e+04
1.483333333333333215e+01,4.488647824126386695e+04
1.485416666666666607e+01,3.217739230979843342e+04
1.487500000000000000e+01,3.216890732938416841e+04
1.489583333333333215e+01,4.451227102549746633e+04
1.491666666666666607e+01,4.387808047729005921e+04
1.493750000000000000e+01,3.218532866473426839e+04
1.495833333333333215e+01,3.222104591163343503e+04
1.497916666666666607e+01,4.498171264613086532e+04
1.500000000000000000e+01,4.400304692262665048e+04
1.502083333333333215e+01,3.217807702597397656e+04
1.504166666666666607e+01,3.686539119534409110e+04
1.506250000000000000e+01,4.695595495774030132e+04
1.508333333333333215e+01,4.363927026737968845e+04
1.510416666666666607e+01,3.297148038166926563e+04
1.512500000000000000e+01,3.587814982006869104e+04
1.514583333333333215e+01,4.528953753560585028e+04
1.516666666666666607e+01,4.181014374658650922e+04
1.518750000000000000e+01,3.230867534608306596e+04
1.520833333333333215e+01,3.414564234279366065e+04
1.522916666666666607e+01,4.504111042211724271e+04
1.525000000000000000e+01,4.181351327434743871e+04
1.527083333333333215e+01,3.220597402472147587e+04
1.529166666666666607e+01,3.540457152838089678e+04
1.531250000000000000e+01,4.499255891165577486e+04
1.533333333333333215e+01,4.178046603102076915e+04
1.535416666666666607e+01,3.218175180391974573e+04
1.537500000000000000e+01,3.538680993624177063e+04
1.539583333333333215e+01,4.393527459128273040e+04
1.541666666666666607e+01,4.177933048968904041e+04
1.543750000000000000e+01,3.218259201804868280e+04
1.545833333333333215e+01,3.538851130958755675e+04
1.547916666666666607e+01,4.498076262801539269e+04
1.550000000000000000e+01,4.177321351722144755e+04
1.552083333333333215e+01,3.217702107208782400e+04
1.554166666666666607e+01,3.537878652954893914e+04
1.556250000000000000e+01,4.497163954625422775e+04
1.558333333333333215e+01,4.176919877230970451e+04
1.560416666666666607e+01,3.217454604931245922e+04
1.562500000000000000e+01,3.537550851531202352e+04
1.564583333333333215e+01,4.489109369703084667e+04
1.566666666666666607e+01,4.174860845242239157e+04
1.568750000000000000e+01,3.217085533697320716e+04
1.570833333333333215e+01,3.450936046107057336e+04
1.572916666666666607e+01,4.484359471133983607e+04
1.575000000000000000e+01,4.167141003520981758e+04
1.577083333333333215e+01,3.217465731886977301e+04
1.579166666666666607e+01,3.537863593125267653e+04
1.581250000000000000e+01,4.497262236638849572e+04
1.583333333333333215e+01,4.119788806661515264e+04
1.585416666666666607e+01,3.181774964190378523e+04
1.587500000000000000e+01,3.458995147473337420e+04
1.589583333333333215e+01,4.415100018240714417e+04
1.591666666666666607e+01,4.169801888504869567e+04
1.593750000000000000e+01,3.213182004562574366e+04
1.595833333333333215e+01,3.535738090286014631e+04
1.597916666666666607e+01,4.496583456793169898e+04
1.600000000000000000e+01,4.176811681222487096e+04
1.602083333333333215e+01,3.217379960682632736e+04
1.604166666666666430e+01,3.537719003133192746e+04
1.606250000000000000e+01,4.497665520343698881e+04
1.608333333333333215e+01,4.177823701200701908e+04
1.610416666666666430e+01,3.218030883701078346e+04
1.612500000000000000e+01,3.537956797553298384e+04
1.614583333333333215e+01,4.497950456654073787e+04
1.616666666666666430e+01,4.177720162431646168e+04
1.618750000000000000e+01,3.217893477724061813e+04
1.620833333333333215e+01,3.434661164392955834e+04
1.622916666666666430e+01,4.494315175890533283e+04
1.625000000000000000e+01,4.162129548495123890e+04
1.627083333333333215e+01,3.218424463983619353e+04
1.629166666666666430e+01,3.538522347710729082e+04
1.631250000000000000e+01,4.498698140745941055e+04
1.633333333333333215e+01,4.178134712622719235e+04
1.635416666666666430e+01,3.217464568105660510e+04
1.637500000000000000e+01,3.449556164240760700e+04
1.639583333333333215e+01,4.476365215312781947e+04
1.641666666666666430e+01,4.178999659121871082e+04
1.643750000000000000e+01,3.218235550680958113e+04
1.645833333333333215e+01,3.538631638393387402e+04
1.647916666666666430e+01,4.499299128369477694e+04
1.650000000000000000e+01,4.155833098679390969e+04
1.652083333333333215e+01,3.218126582372053963e+04
1.654166666666666430e+01,3.538332172184169031e+04
1.656250000000000000e+01,4.453643175664832233e+04
1.658333333333333215e+01,4.179276143917179434e+04
1.660416666666666430e+01,3.218309892326882982e+04
1.662500000000000000e+01,3.538526548850217659e+04
1.664583333333333215e+01,4.485586197086196626e+04
1.666666666666666430e+01,4.085385803937620221e+04
1.668750000000000000e+01,3.160682679664740135e+04
1.670833333333333215e+01,3.501934667585524585e+04
1.672916666666666430e+01,4.475393076281117828e+04
1.675000000000000000e+01,4.164272108780977578e+04
1.677083333333333215e+01,3.209797148117185134e+04
1.679166666666666430e+01,3.570697919450188783e+04
1.681250000000000000e+01,4.398235198171631782e+04
1.683333333333333215e+01,4.173659652427852416e+04
1.685416666666666430e+01,3.218176032366382060e+04
1.687500000000000000e+01,3.538732740616409865e+04
1.689583333333333215e+01,4.498417483339136379e+04
1.691666666666666430e+01,4.178068728212555288e+04
1.693750000000000000e+01,3.218037829221123684e+04
1.695833333333333215e+01,3.538142412145868730e+04
1.697916666666666430e+01,4.498286305111744878e+04
1.700000000000000000e+01,4.044109064166004828e+04
1.702083333333333215e+01,3.218208413523534182e+04
1.704166666666666430e+01,3.603665675413609279e+04
1.706250000000000000e+01,4.478517407287825336e+04
1.708333333333333215e+01,3.965137044853924453e+04
1.710416666666666430e+01,3.220013694462303829e+04
1.712500000000000000e+01,3.860260442535792390e+04
1.714583333333333215e+01,4.492174111665859527e+04
1.716666666666666430e+01,3.849093723660545220e+04
1.718750000000000000e+01,3.218188138134239853e+04
1.720833333333333215e+01,3.858749049671322427e+04
1.722916666666666430e+01,4.461024582619603461e+04
1.725000000000000000e+01,3.819990408852328983e+04
1.727083333333333215e+01,3.357239670201178524e+04
1.729166666666666430e+01,3.859769099577949237e+04
1.731250000000000000e+01,4.322182258624333917e+04
1.733333333333333215e+01,3.859730088235056610e+04
1.735416666666666430e+01,3.538785881394739408e+04
1.737500000000000000e+01,3.739597161868556577e+04
1.739583333333333215e+01,4.179075236410929938e+04
1.741666666666666430e+01,4.501367091149365297e+04
1.743750000000000000e+01,3.496634530432396423e+04
1.745833333333333215e+01,3.627823745439481718e+04
1.747916666666666430e+01,4.512771394229789439e+04
1.750000000000000000e+01,4.112244596584809915e+04
1.752083333333333215e+01,3.242182202499090272e+04
1.754166666666666430e+01,3.583325266779382218e+04
1.756250000000000000e+01,4.400681249492653296e+04
1.758333333333333215e+01,4.185289100309523201e+04
1.760416666666666430e+01,3.222706062338280026e+04
1.762500000000000000e+01,3.541080517674993462e+04
1.764583333333333215e+01,4.500258683585443941e+04
1.766666666666666430e+01,4.166898314000621758e+04
1.768750000000000000e+01,3.219102447677274176e+04
1.770833333333333215e+01,3.538435473323127371e+04
1.772916666666666430e+01,4.499040422253224824e+04
1.775000000000000000e+01,4.096484726326495002e+04
1.777083333333333215e+01,3.219393443182098054e+04
1.779166666666666430e+01,3.539229983599934349e+04
1.781250000000000000e+01,4.422880478944613424e+04
1.783333333333333215e+01,4.180665331781056739e+04
1.785416666666666430e+01,3.254648274178538850e+04
1.787500000000000000e+01,3.609998753447020135e+04
1.789583333333333215e+01,4.500320837298023980e+04
1.791666666666666430e+01,4.179484200492463424e+04
1.793750000000000000e+01,3.218871796328917844e+04
1.795833333333333215e+01,3.538745032159531547e+04
1.797916666666666430e+01,4.336207381596243795e+04
1.800000000000000000e+01,4.179917304940087342e+04
1.802083333333333215e+01,3.427723564242994325e+04
1.804166666666666430e+01,3.548403122484069172e+04
1.806250000000000000e+01,4.180206863960030023e+04
1.808333333333333215e+01,4.179810516909669968e+04
1.810416666666666430e+01,3.540059615874796145e+04
1.812500000000000000e+01,3.576142449233515799e+04
1.814583333333333215e+01,3.620132894412768655e+04
1.816666666666666430e+01,3.886050884921463148e+04
1.818750000000000000e+01,3.473968442157135723e+04
1.820833333333333215e+01,3.478313323645857599e+04
1.822916666666666430e+01,4.112103768302308163e+04
1.825000000000000000e+01,4.071204818766497920e+04
1.827083333333333215e+01,3.514131297742233437e+04
1.829166666666666430e+01,3.628820312844521686e+04
1.831250000000000000e+01,4.170157288309453725e+04
1.833333333333333215e+01,4.067450632987634890e+04
1.835416666666666430e+01,3.607218935648533807e+04
1.837500000000000000e+01,3.760786673166526452e+04
1.839583333333333215e+01,4.181111111428726872e+04
1.841666666666666430e+01,3.981530933436194755e+04
1.843750000000000000e+01,3.543541355105142429e+04
1.845833333333333215e+01,3.868382529697601422e+04
1.847916666666666430e+01,4.183948334265444282e+04
1.850000000000000000e+01,3.681556479141485761e+04
1.852083333333333215e+01,3.651231736771356373e+04
1.854166666666666430e+01,4.151837704418808426e+04
1.856250000000000000e+01,3.935085105581030803e+04
1.858333333333333215e+01,3.455810172080090706e+04
1.860416666666666430e+01,3.921910204506418813e+04
1.862500000000000000e+01,4.183549266736058780e+04
1.864583333333333215e+01,3.603760801321961480e+04
1.866666666666666430e+01,3.687844992119089147e+04
1.868750000000000000e+01,4.181980751372310624e+04
1.870833333333333215e+01,3.942389531759519014e+04
1.872916666666666430e+01,3.542325571797282464e+04
1.875000000000000000e+01,3.879755299411962915e+04
1.877083333333333215e+01,4.179762729407041479e+04
1.879166666666666430e+01,4.038311430723395461e+04
1.881250000000000000e+01,4.064580177722948429e+04
1.883333333333333215e+01,4.369779412954339932e+04
1.885416666666666430e+01,3.971835411718258547e+04
1.887500000000000000e+01,3.677858219410613674e+04
1.889583333333333215e+01,4.114702060488235293e+04
1.891666666666666430e+01,4.122697719211693038e+04
1.893750000000000000e+01,3.561073248708651954e+04
1.895833333333333215e+01,3.856587517676852440e+04
1.897916666666666430e+01,4.191226370184498228e+04
1.900000000000000000e+01,3.841713591025041387e+04
1.902083333333333215e+01,3.552107789809750102e+04
1.904166666666666430e+01,4.060278703801072697e+04
1.906250000000000000e+01,4.040855222040731314e+04
1.908333333333333215e+01,3.543679346578787954e+04
1.910416666666666430e+01,3.829465122491948568e+04
1.912500000000000000e+01,4.185174925135909143e+04
1.914583333333333215e+01,3.753674853430067014e+04
1.916666666666666430e+01,3.591937296677066479e+04
1.918750000000000000e+01,4.183807973181969282e+04
1.920833333333333215e+01,3.971335423985953094e+04
1.922916666666666430e+01,3.627142151751116035e+04
1.925000000000000000e+01,3.881949199563783623e+04
1.927083333333333215e+01,4.185167288414117502e+04
1.929166666666666430e+01,3.702569336904580268e+04
1.931250000000000000e+01,3.607915419563149044e+04
1.933333333333333215e+01,4.087097350136480236e+04
1.935416666666666430e+01,3.914494871402336867e+04
1.937500000000000000e+01,3.643821728785737650e+04
1.939583333333333215e+01,3.984256277481777215e+04
1.941666666666666430e+01,4.146595413955430558e+04
1.943750000000000000e+01,3.542460388608709764e+04
1.945833333333333215e+01,3.655144478163449821e+04
1.947916666666666430e+01,4.184116238465780043e+04
1.950000000000000000e+01,3.752913302427826420e+04
1.952083333333333215e+01,3.442230930922849075e+04
1.954166666666666430e+01,3.989488094847874163e+04
1.956250000000000000e+01,4.072770831209822063e+04
1.958333333333333215e+01,3.518067518466920592e+04
1.960416666666666430e+01,3.741470720077866281e+04
1.962500000000000000e+01,4.172489696279568307e+04
1.964583333333333215e+01,3.893882749949707068e+04
1.966666666666666430e+01,3.539854972835177614e+04
1.968750000000000000e+01,3.996965575169238582e+04
1.970833333333333215e+01,4.138245914218695543e+04
1.972916666666666430e+01,3.541559989832623978e+04
1.975000000000000000e+01,3.760483793642588716e+04
1.977083333333333215e+01,4.183467993684569228e+04
1.979166666666666430e+01,3.858704860086271947e+04
1.981250000000000000e+01,3.544131290720005927e+04
1.983333333333333215e+01,3.950667177219527366e+04
1.985416666666666430e+01,4.073788060798429069e+04
1.987500000000000000e+01,3.722354095410764421e+04
1.989583333333333215e+01,3.814660223997254798e+04
1.991666666666666430e+01,4.033491082451771945e+04
1.993750000000000000e+01,3.864694310735809995e+04
1.995833333333333215e+01,3.806739737099400372e+04
1.997916666666666430e+01,4.108655662005097111e+04
2.000000000000000000e+01,3.745980653295302909e+04
2.002083333333333215e+01,3.543266930393764051e+04
2.004166666666666430e+01,4.084384317415946862e+04
2.006250000000000000e+01,4.183340372103800473e+04
2.008333333333333215e+01,3.550110288059148297e+04
2.010416666666666430e+01,3.656246575645255507e+04
2.012500000000000000e+01,4.393241010394241312e+04
2.014583333333333215e+01,3.965432547156464716e+04
2.016666666666666430e+01,3.225070891291643056e+04
2.018750000000000000e+01,3.819198926109873719e+04
2.020833333333333215e+01,4.503832301398272830e+04
2.022916666666666430e+01,3.750077669249007158e+04
2.025000000000000000e+01,3.266016421801049728e+04
2.027083333333333215e+01,4.156462033110103221e+04
2.029166666666666430e+01,4.194224048041387141e+04
2.031250000000000000e+01,3.542068487627001014e+04
2.033333333333333215e+01,3.598306963583359175e+04
2.035416666666666430e+01,4.184733459446678171e+04
2.037500000000000000e+01,3.995617874909460079e+04
2.039583333333333215e+01,3.543381169269046222e+04
2.041666666666666430e+01,3.863721326548538491e+04
2.043750000000000000e+01,3.922465453166555380e+04
2.045833333333333215e+01,3.864048586664898176e+04
2.047916666666666430e+01,4.000111565676440659e+04
2.050000000000000000e+01,3.945268977014929260e+04
2.052083333333333215e+01,3.615773577402260707e+04
2.054166666666666430e+01,4.057872138200543122e+04
2.056250000000000000e+01,4.183966119295355747e+04
2.058333333333333215e+01,3.573729752929042297e+04
2.060416666666666430e+01,3.544206779770572030e+04
2.062500000000000000e+01,4.190948086341894668e+04
2.064583333333333215e+01,4.139648534504336567e+04
2.066666666666666430e+01,3.265901270509440656e+04
2.068750000000000000e+01,3.758423159876896534e+04
2.070833333333333215e+01,4.503559422239778360e+04
2.072916666666666430e+01,3.876661283650378027e+04
2.075000000000000000e+01,3.223611239426216343e+04
2.077083333333333215e+01,4.014155371983825171e+04
2.079166666666666430e+01,4.399192153683036304e+04
2.081250000000000000e+01,3.455653065284123295e+04
2.083333333333333215e+01,3.436835384910005087e+04
2.085416666666666430e+01,4.183750987607163552e+04
2.087500000000000000e+01,4.185479830692200630e+04
2.089583333333333215e+01,3.544366890907067136e+04
2.091666666666666430e+01,3.725671668059284275e+04
2.093750000000000000e+01,4.091526265171618434e+04
2.095833333333333215e+01,3.863279223640991404e+04
2.097916666666666430e+01,3.782662327995968371e+04
2.100000000000000000e+01,3.981136521648227790e+04
2.102083333333333215e+01,3.835152761524209200e+04
2.104166666666666430e+01,3.831567511785399256e+04
2.106250000000000000e+01,4.089584264215567237e+04
2.108333333333333215e+01,3.928986252085695014e+04
2.110416666666666430e+01,3.456035096006264939e+04
2.112500000000000000e+01,3.753784191138561437e+04
2.114583333333333215e+01,4.150918256012340862e+04
2.116666666666666430e+01,3.778947942540419899e+04
2.118750000000000000e+01,3.500478577145673626e+04
2.120833333333333215e+01,4.083570757127586694e+04
2.122916666666666430e+01,3.915230087991152686e+04
2.125000000000000000e+01,3.556271775005021482e+04
2.127083333333333215e+01,3.719819639579869545e+04
2.129166666666666430e+01,4.182469028323844395e+04
2.131250000000000000e+01,4.036133409952012153e+04
2.133333333333333215e+01,3.608161484294581896e+04
2.135416666666666430e+01,3.782232064039512625e+04
2.137500000000000000e+01,4.183288541057112161e+04
2.139583333333333215e+01,3.883524385153130424e+04
2.141666666666666430e+01,3.462374981699550699e+04
2.143750000000000000e+01,3.999764922964740254e+04
2.145833333333333215e+01,4.144836898635110992e+04
2.147916666666666430e+01,3.544203948678781308e+04
2.150000000000000000e+01,3.772039952457422623e+04
2.152083333333333215e+01,4.183789574311397882e+04
2.154166666666666430e+01,3.866534174608462490e+04
2.156250000000000000e+01,3.544503563208162086e+04
2.158333333333333215e+01,4.083484302029995888e+04
2.160416666666666430e+01,4.105788292837372137e+04
2.162500000000000000e+01,3.542035048797864147e+04
2.164583333333333215e+01,3.743206769157571398e+04
2.166666666666666430e+01,4.182978622407224611e+04
2.168750000000000000e+01,4.027482812101511809e+04
2.170833333333333215e+01,3.546643972080378444e+04
2.172916666666666430e+01,3.889775680386563909e+04
2.175000000000000000e+01,4.184362800090167002e+04
2.177083333333333215e+01,3.679191800840725045e+04
2.179166666666666430e+01,3.641975886863024789e+04
2.181250000000000000e+01,4.255086972766672989e+04
2.183333333333333215e+01,3.987349447961373517e+04
2.185416666666666430e+01,3.571732570007091272e+04
2.187500000000000000e+01,3.798076052247868938e+04
2.189583333333333215e+01,4.195848278290621238e+04
2.191666666666666430e+01,3.704782307292587939e+04
2.193750000000000000e+01,3.701279168855356693e+04
2.195833333333333215e+01,4.226685600484992028e+04
2.197916666666666430e+01,3.899041959898544155e+04
2.200000000000000000e+01,3.544865799820315442e+04
2.202083333333333215e+01,4.034222643410316959e+04
2.204166666666666430e+01,4.112555662595908507e+04
2.206250000000000000e+01,3.543060327100678842e+04
2.208333333333333215e+01,3.773530350617934164e+04
2.210416666666666430e+01,4.184473149541910971e+04
2.212500000000000000e+01,3.870716769718569412e+04
2.214583333333333215e+01,3.523528174374690570e+04
2.216666666666666430e+01,3.926402370997985417e+04
2.218750000000000000e+01,4.096534126099251444e+04
2.220833333333333215e+01,3.701788910993086029e+04
2.222916666666666430e+01,3.782777863278685982e+04
2.225000000000000000e+01,4.085510774228948867e+04
2.227083333333333215e+01,3.838316670345273451e+04
2.229166666666666430e+01,3.747926699977509270e+04
2.231250000000000000e+01,4.101453547159851587e+04
2.233333333333333215e+01,3.882715470574300707e+04
2.235416666666666430e+01,3.543780122972834215e+04
2.237500000000000000e+01,3.913936074402002123e+04
2.239583333333333215e+01,4.184585509660114622e+04
2.241666666666666430e+01,3.839392901148019882e+04
2.243750000000000000e+01,3.426180484943361080e+04
2.245833333333333215e+01,4.072321376300106203e+04
2.247916666666666430e+01,4.154797020337587310e+04
2.250000000000000000e+01,3.543490975053455622e+04
2.252083333333333215e+01,3.918206815990941686e+04
2.254166666666666430e+01,4.184175520021791453e+04
2.256250000000000000e+01,3.575481885642695852e+04
2.258333333333333215e+01,3.353799704238591221e+04
2.260416666666666430e+01,4.006728975835411256e+04
2.262500000000000000e+01,3.892998897640409268e+04
2.264583333333333215e+01,3.510682850650773617e+04
2.266666666666666430e+01,4.012454777046434174e+04
2.268750000000000000e+01,4.174155304421680921e+04
2.270833333333333215e+01,3.538524309950103634e+04
2.272916666666666430e+01,3.271879099159246471e+04
2.275000000000000000e+01,4.285219664697303961e+04
2.277083333333333215e+01,4.439850677866594924e+04
2.279166666666666430e+01,3.250946911635865763e+04
2.281250000000000000e+01,3.386109645044593344e+04
2.283333333333333215e+01,4.444094820499978960e+04
2.285416666666666430e+01,4.112747548675843427e+04
2.287500000000000000e+01,3.226056250778233516e+04
2.289583333333333215e+01,3.764823696760687744e+04
2.291666666666666430e+01,4.383457970145318541e+04
2.293750000000000000e+01,3.866494407816363673e+04
2.295833333333333215e+01,3.535884125851050339e+04
2.297916666666666430e+01,3.869662717941241863e+04
2.300000000000000000e+01,3.970920675470979768e+04
2.302083333333333215e+01,3.958812655990106578e+04
2.304166666666666430e+01,4.002994892120765871e+04
2.306250000000000000e+01,3.718431872848529747e+04
2.308333333333333215e+01,3.865040796044489252e+04
2.310416666666666430e+01,4.146463370203955128e+04
2.312500000000000000e+01,3.866270452054581983e+04
2.314583333333333215e+01,3.337094069080898771e+04
2.316666666666666430e+01,3.968288975644562015e+04
2.318750000000000000e+01,4.624304133015713887e+04
2.320833333333333215e+01,3.948342357088737481e+04
2.322916666666666430e+01,3.273885092670758604e+04
2.325000000000000000e+01,4.087680656654278573e+04
2.327083333333333215e+01,4.292144451461612334e+04
2.329166666666666430e+01,3.557943051668618136e+04
2.331250000000000000e+01,3.604668495724577951e+04
2.333333333333333215e+01,4.286529572515340260e+04
2.335416666666666430e+01,3.991659641273676243e+04
2.337500000000000000e+01,3.549161735313005192e+04
2.339583333333333215e+01,4.049382360097747733e+04
2.341666666666666430e+01,4.035642742027003260e+04
2.343750000000000000e+01,3.546064446011961263e+04
2.345833333333333215e+01,3.830901951303433452e+04
2.347916666666666430e+01,4.187651170950466621e+04
2.350000000000000000e+01,3.787670807052203600e+04
2.352083333333333215e+01,3.545622565148352442e+04
2.354166666666666430e+01,4.074601206405768608e+04
2.356250000000000000e+01,4.100552640253551363e+04
2.358333333333333215e+01,3.543228655147754034e+04
2.360416666666666430e+01,3.749335219376427995e+04
2.362500000000000000e+01,4.302079696454462101e+04
2.364583333333333215e+01,3.903956928300977597e+04
2.366666666666666430e+01,3.401957395315767644e+04
2.368750000000000000e+01,3.990375334625526011e+04
2.370833333333333215e+01,4.167173261288306821e+04
2.372916666666666430e+01,3.544001277754905459e+04
2.375000000000000000e+01,3.628591223321107100e+04
2.377083333333333215e+01,4.333492544445045496e+04
2.379166666666666430e+01,4.187456271183949139e+04
2.381250000000000000e+01,3.449079572130429005e+04
2.383333333333333215e+01,3.808699440971353033e+04
2.385416666666666430e+01,4.115150287626115460e+04
2.387500000000000000e+01,3.781846328900186927e+04
2.389583333333333215e+01,3.808265814277636673e+04
2.391666666666666430e+01,3.886867036988176551e+04
2.393750000000000000e+01,3.802274495012206171e+04
2.395833333333333215e+01,3.865927205492591020e+04
2.397916666666666430e+01,4.141657629144030216e+04
2.400000000000000000e+01,3.781248107325077581e+04
2.402083333333333215e+01,3.543340973765723174e+04
2.404166666666666430e+01,4.091768372247181105e+04
2.406250000000000000e+01,4.183858453032950638e+04
2.408333333333333215e+01,3.521315113410188496e+04
2.410416666666666430e+01,3.543434661392893031e+04
2.412500000000000000e+01,4.299016706235681340e+04
2.414583333333333215e+01,4.078014670791892422e+04
2.416666666666666430e+01,3.222846521914073674e+04
2.418750000000000000e+01,3.779666185651408887e+04
2.420833333333333215e+01,4.503854794994599797e+04
2.422916666666666430e+01,3.825259729229867662e+04
2.425000000000000000e+01,3.223407628640315670e+04
2.427083333333333215e+01,4.106321245164212451e+04
2.429166666666666430e+01,4.378875931005951861e+04
2.431250000000000000e+01,3.542402587048454734e+04
2.433333333333333215e+01,3.434163668094029708e+04
2.435416666666666430e+01,4.182152325079513685e+04
2.437500000000000000e+01,4.200598109542983730e+04
2.439583333333333215e+01,3.498142636997349473e+04
2.441666666666666430e+01,3.765678663926261652e+04
2.443750000000000000e+01,4.141438344068342849e+04
2.445833333333333215e+01,3.828654271860099107e+04
2.447916666666666430e+01,3.763519904632221733e+04
2.450000000000000000e+01,3.863670983366696601e+04
2.452083333333333215e+01,3.855881195421237499e+04
2.454166666666666430e+01,3.662833252566483134e+04
2.456250000000000000e+01,4.126790455878525245e+04
2.458333333333333215e+01,4.160657024143558374e+04
2.460416666666666430e+01,3.577913150690709881e+04
2.462500000000000000e+01,3.995956078750349843e+04
2.464583333333333215e+01,4.199766976755546057e+04
2.466666666666666430e+01,3.754966163671660615e+04
2.468750000000000000e+01,3.598393987064289104e+04
2.470833333333333215e+01,4.188172197289564065e+04
2.472916666666666430e+01,3.969859245245774946e+04
2.475000000000000000e+01,3.721247649838883808e+04
2.477083333333333215e+01,3.823771686618051172e+04
2.479166666666666430e+01,4.123697866167436587e+04
2.481250000000000000e+01,3.812007049925771571e+04
2.483333333333333215e+01,3.546599227000171959e+04
2.485416666666666430e+01,4.152484186259165290e+04
2.487500000000000000e+01,4.070203739070278243e+04
2.489583333333333215e+01,3.544116525991477829e+04
2.491666666666666430e+01,3.698108885375405953e+04
2.493750000000000000e+01,4.183568020803819672e+04
2.495833333333333215e+01,4.033939799579800456e+04
2.497916666666666430e+01,3.562237666816100682e+04
2.500000000000000000e+01,3.735936622213396913e+04
2.502083333333333215e+01,4.183766291657101101e+04
2.504166666666666430e+01,3.665537659975599672e+04
2.506250000000000000e+01,3.560407764794469404e+04
2.508333333333333215e+01,4.202075188685416651e+04
2.510416666666666430e+01,4.257630263213315629e+04
2.512500000000000000e+01,3.381093976768942230e+04
2.514583333333333215e+01,3.641829882540540711e+04
2.516666666666666430e+01,4.505441821431512653e+04
2.518750000000000000e+01,3.948768974200212688e+04
2.520833333333333215e+01,3.224534829590460868e+04
2.522916666666666430e+01,3.866065757642065728e+04
2.525000000000000000e+01,4.504431753339555871e+04
2.527083333333333215e+01,3.588613309096363810e+04
2.529166666666666430e+01,3.312859462565398280e+04
2.531250000000000000e+01,4.180133393606705795e+04
2.533333333333333215e+01,4.168836963858976378e+04
2.535416666666666430e+01,3.544608494321357284e+04
2.537500000000000000e+01,3.664107400174586655e+04
2.539583333333333215e+01,4.184835852352294023e+04
2.541666666666666430e+01,3.946615977661141369e+04
2.543750000000000000e+01,3.651398342046425387e+04
2.545833333333333215e+01,3.862956991434015799e+04
2.547916666666666430e+01,4.084734101446856948e+04
2.550000000000000000e+01,3.863467308123457769e+04
2.552083333333333215e+01,3.779905035657982080e+04
2.554166666666666430e+01,3.864487522995009931e+04
2.556250000000000000e+01,3.844351495371334750e+04
2.558333333333333215e+01,3.863794561339546635e+04
2.560416666666666430e+01,4.120685557524903561e+04
2.562500000000000000e+01,3.806524813632300356e+04
2.564583333333333215e+01,3.543429359925411700e+04
2.566666666666666430e+01,4.092098987813459098e+04
2.568750000000000000e+01,4.184327081865550281e+04
2.570833333333333215e+01,3.683463199313935183e+04
2.572916666666666430e+01,3.587644969792472693e+04
2.575000000000000000e+01,4.395560785849209060e+04
2.577083333333333215e+01,4.121670874441164051e+04
2.579166666666666430e+01,3.247059449165351543e+04
2.581250000000000000e+01,3.767431256054509140e+04
2.583333333333333215e+01,4.513306267671746900e+04
2.585416666666666430e+01,3.898930735588791867e+04
2.587500000000000000e+01,3.227220192897908782e+04
2.589583333333333215e+01,3.982153699849313125e+04
2.591666666666666430e+01,4.448751936418942933e+04
2.593750000000000000e+01,3.440191157578649290e+04
2.595833333333333215e+01,3.432102041802080203e+04
2.597916666666666430e+01,4.233056515887208661e+04
2.600000000000000000e+01,4.165425317917195935e+04
2.602083333333333215e+01,3.544939656108712370e+04
2.604166666666666430e+01,3.708281165060173953e+04
2.606250000000000000e+01,4.109761982532543334e+04
2.608333333333333215e+01,3.863580792191971705e+04
2.610416666666666430e+01,3.764013290285053517e+04
2.612500000000000000e+01,3.874344433404285519e+04
2.614583333333333215e+01,3.869772132979986782e+04
2.616666666666666430e+01,3.863914105378276872e+04
2.618750000000000000e+01,4.100848699995725474e+04
2.620833333333333215e+01,3.871050314866064582e+04
2.622916666666666430e+01,3.570966249275954760e+04
2.625000000000000000e+01,4.099662859365758050e+04
2.627083333333333215e+01,4.184822677210850088e+04
2.629166666666666430e+01,3.502791023608430260e+04
2.631250000000000000e+01,3.545880051093082875e+04
2.633333333333333215e+01,4.454002588669492252e+04
2.635416666666666430e+01,4.020513285614205233e+04
2.637500000000000000e+01,3.225166658946156895e+04
2.639583333333333215e+01,3.807365231333469274e+04
2.641666666666666430e+01,4.381206970135803567e+04
2.643750000000000000e+01,3.751363635982849519e+04
2.645833333333333215e+01,3.390144935958852147e+04
2.647916666666666430e+01,4.185794425366722135e+04
2.650000000000000000e+01,3.871998209294186381e+04
2.652083333333333215e+01,3.421253730849060230e+04
2.654166666666666430e+01,3.841004399047960760e+04
2.656250000000000000e+01,4.181725898343256267e+04
2.658333333333333215e+01,3.679548641141930420e+04
2.660416666666666430e+01,3.807953438469874527e+04
2.662500000000000000e+01,4.179768947287326591e+04
2.664583333333333215e+01,3.729892183057614602e+04
2.666666666666666430e+01,3.543484896224974364e+04
2.668750000000000000e+01,4.228080401731072925e+04
2.670833333333333215e+01,4.183757432429589244e+04
2.672916666666666430e+01,3.272687488042622499e+04
2.675000000000000000e+01,3.683707925870831968e+04
2.677083333333333215e+01,4.502938248998888594e+04
2.679166666666666430e+01,3.947614611530904949e+04
2.681250000000000000e+01,3.223824154897066182e+04
2.683333333333333215e+01,3.839884077249741676e+04
2.685416666666666430e+01,4.453468844702922797e+04
2.687500000000000000e+01,3.624739140465144010e+04
2.689583333333333215e+01,3.359861614219378680e+04
2.691666666666666430e+01,4.184725053370717069e+04
2.693750000000000000e+01,4.230501275704008731e+04
2.695833333333333215e+01,3.544044863019008335e+04
2.697916666666666430e+01,3.755492220765382808e+04
2.700000000000000000e+01,4.169098411594805657e+04
2.702083333333333215e+01,3.708657797934910923e+04
2.704166666666666430e+01,3.732163090090447804e+04
2.706250000000000000e+01,3.864129486805185297e+04
2.708333333333333215e+01,3.914953428041755978e+04
2.710416666666666430e+01,3.864527208054214861e+04
2.712500000000000000e+01,3.983999109482543281e+04
2.714583333333333215e+01,3.856907281133338256e+04
2.716666666666666430e+01,3.646738997350923455e+04
2.718750000000000000e+01,4.099042346936163813e+04
2.720833333333333215e+01,4.184446863571772701e+04
2.722916666666666430e+01,3.494868376810482732e+04
2.725000000000000000e+01,3.544187565668920433e+04
2.727083333333333215e+01,4.088971909485047945e+04
2.729166666666666430e+01,4.012577205215885624e+04
2.731250000000000000e+01,3.525231338638634770e+04
2.733333333333333215e+01,3.937658841615565325e+04
2.735416666666666430e+01,4.177434657896829594e+04
2.737500000000000000e+01,3.822179921446784283e+04
2.739583333333333215e+01,3.480819218538912537e+04
2.741666666666666430e+01,4.093067288825472497e+04
2.743750000000000000e+01,4.068754983898260980e+04
2.745833333333333215e+01,3.542701926224680210e+04
2.747916666666666430e+01,3.786650697104317805e+04
2.750000000000000000e+01,4.184083513164166652e+04
2.752083333333333215e+01,3.861852425899557420e+04
2.754166666666666430e+01,3.544255624468974565e+04
2.756250000000000000e+01,4.161151873533710750e+04
2.758333333333333215e+01,4.063820251178512262e+04
2.760416666666666430e+01,3.544574898424001003e+04
2.762500000000000000e+01,3.792220945636986289e+04
2.764583333333333215e+01,4.183733685567227076e+04
2.766666666666666430e+01,3.838557101905008312e+04
2.768750000000000000e+01,3.560047112707986525e+04
2.770833333333333215e+01,4.109406500355038588e+04
2.772916666666666430e+01,4.067051499815507123e+04
2.775000000000000000e+01,3.545123579170898302e+04
2.777083333333333215e+01,3.780312733950225811e+04
2.779166666666666430e+01,4.184277833233326237e+04
2.781250000000000000e+01,3.858988588627368881e+04
2.783333333333333215e+01,3.515133731475670356e+04
2.785416666666666430e+01,3.977065055989521352e+04
2.787500000000000000e+01,4.073260914860860794e+04
2.789583333333333215e+01,3.612906273727033113e+04
2.791666666666666430e+01,3.798271956580090045e+04
2.793750000000000000e+01,3.974909141212847317e+04
2.795833333333333215e+01,3.810919327585947030e+04
2.797916666666666430e+01,3.867265195077826502e+04
2.800000000000000000e+01,4.028198594270450849e+04
2.802083333333333215e+01,3.652957511077108938e+04
2.804166666666666430e+01,3.576476950148623291e+04
2.806250000000000000e+01,4.067880365666739090e+04
2.808333333333333215e+01,4.167108190353961254e+04
2.810416666666666430e+01,3.498608111150164041e+04
2.812500000000000000e+01,3.538001158680194931e+04
2.814583333333333215e+01,4.428435202802837011e+04
2.816666666666666430e+01,4.035609142182868527e+04
2.818750000000000000e+01,3.247484223555589779e+04
2.820833333333333215e+01,3.809264687576409051e+04
2.822916666666666430e+01,4.502664946832823625e+04
2.825000000000000000e+01,3.766964195469636616e+04
2.827083333333333215e+01,3.255184274218648352e+04
2.829166666666666430e+01,4.174441014107879164e+04
2.831250000000000000e+01,4.292421457652917161e+04
2.833333333333333215e+01,3.482728243347415992e+04
2.835416666666666430e+01,3.529294097513183078e+04
2.837500000000000000e+01,4.183631673215964838e+04
2.839583333333333215e+01,4.018017486379893671e+04
2.841666666666666430e+01,3.619367753893326153e+04
2.843750000000000000e+01,3.862511847534909612e+04
2.845833333333333215e+01,3.940829599757762480e+04
2.847916666666666430e+01,3.862923326608982461e+04
2.850000000000000000e+01,3.909739162347222009e+04
2.852083333333333215e+01,3.907075800369005447e+04
2.854166666666666430e+01,3.585590792207754566e+04
2.856250000000000000e+01,4.020992212804980227e+04
2.858333333333333215e+01,4.183708834873222077e+04
2.860416666666666430e+01,3.611245886181831156e+04
2.862500000000000000e+01,3.543310721939298674e+04
2.864583333333333215e+01,4.234879939480002940e+04
2.866666666666666430e+01,4.184406842306213366e+04
2.868750000000000000e+01,3.262208491865312681e+04
2.870833333333333215e+01,3.753299044354916259e+04
2.872916666666666430e+01,4.372262652567350597e+04
2.875000000000000000e+01,3.922715555708518514e+04
2.877083333333333215e+01,3.363598739665442554e+04
2.879166666666666430e+01,4.062995562241529115e+04
2.881250000000000000e+01,4.551584269567140291e+04
2.883333333333333215e+01,3.750455032520250097e+04
2.885416666666666430e+01,3.454495635610108002e+04
2.887500000000000000e+01,3.925795226151531097e+04
2.889583333333333215e+01,4.234332897311029228e+04
2.891666666666666430e+01,3.874072550302163290e+04
2.893750000000000000e+01,3.638364652671861404e+04
2.895833333333333215e+01,3.844053532334796182e+04
2.897916666666666430e+01,3.658428873511065467e+04
2.900000000000000000e+01,4.063403937933780981e+04
2.902083333333333215e+01,4.045291035167530936e+04
2.904166666666666430e+01,3.575600980797007651e+04
2.906250000000000000e+01,3.697275253123961738e+04
2.908333333333333215e+01,4.298875367558033759e+04
2.910416666666666430e+01,3.912323271581771405e+04
2.912500000000000000e+01,3.225981833561259555e+04
2.914583333333333215e+01,4.068179342729207565e+04
2.916666666666666430e+01,4.428836343977793877e+04
2.918750000000000000e+01,3.566242787097045220e+04
2.920833333333333215e+01,3.225257178736101559e+04
2.922916666666666430e+01,4.294976910458286875e+04
2.925000000000000000e+01,4.466623233652094495e+04
2.927083333333333215e+01,3.223661022171442528e+04
2.929166666666666430e+01,3.822531971032626461e+04
2.931250000000000000e+01,4.220617853308026679e+04
2.933333333333333215e+01,3.553696625639595732e+04
2.935416666666666430e+01,3.309990077174343605e+04
2.937500000000000000e+01,4.065654135685312940e+04
2.939583333333333215e+01,4.221093313537818904e+04
2.941666666666666430e+01,3.342720480302814394e+04
2.943750000000000000e+01,3.602246727301551437e+04
2.945833333333333215e+01,4.494884429939025722e+04
2.947916666666666430e+01,4.043729194948061195e+04
2.950000000000000000e+01,3.220535522040772048e+04
2.952083333333333215e+01,3.488783762053494866e+04
2.954166666666666430e+01,4.504278981162690616e+04
2.956250000000000000e+01,3.989067390549795527e+04
2.958333333333333215e+01,3.224779491881476497e+04
2.960416666666666430e+01,3.767759860777117137e+04
2.962500000000000000e+01,4.506423130152891827e+04
2.964583333333333215e+01,3.964629411800071830e+04
2.966666666666666430e+01,3.223754426283829162e+04
2.968750000000000000e+01,3.848249108931879164e+04
2.970833333333333215e+01,4.504900384561774263e+04
2.972916666666666430e+01,3.714446040259521396e+04
2.975000000000000000e+01,3.286952836622986797e+04
2.977083333333333215e+01,4.181949898629916424e+04
2.979166666666666430e+01,4.216631762113120203e+04
2.981250000000000000e+01,3.286949304821262922e+04
2.983333333333333215e+01,3.719622321193742391e+04
2.985416666666666430e+01,4.530953433518201200e+04
2.987500000000000000e+01,3.817403055196365312e+04
2.989583333333333215e+01,3.281623354127001221e+04
2.991666666666666430e+01,4.191151810501477303e+04
2.993750000000000000e+01,4.370356127789532911e+04
2.995833333333333215e+01,3.547640055988566019e+04
2.997916666666666430e+01,3.365155437583472667e+04
3.000000000000000000e+01,4.265309354009968956e+04
3.002083333333333215e+01,4.393143927629314567e+04
3.004166666666666430e+01,3.543836653696028225e+04
3.006250000000000000e+01,3.301594563580158865e+04
3.008333333333333215e+01,4.182703818058052275e+04
3.010416666666666430e+01,4.464087167789811792e+04
3.012500000000000000e+01,3.432783930653626885e+04
3.014583333333333215e+01,3.298565468990381487e+04
3.016666666666666430e+01,4.180664536359896738e+04
3.018750000000000000e+01,4.499427928395586787e+04
3.020833333333333215e+01,3.539917014359525638e+04
3.022916666666666430e+01,3.220399523719090939e+04
3.025000000000000000e+01,4.179534852662505727e+04
3.027083333333333215e+01,4.408669482635399618e+04
3.029166666666666430e+01,3.538935959285920399e+04
3.031250000000000000e+01,3.219222091929335147e+04
3.033333333333333215e+01,4.178822514955730730e+04
3.035416666666666430e+01,4.497926132124603464e+04
3.037500000000000000e+01,3.456468547206270887e+04
3.039583333333333215e+01,3.218735238312880028e+04
3.041666666666666430e+01,4.178064548425105750e+04
3.043750000000000000e+01,4.497607818439498078e+04
3.045833333333333215e+01,3.537700350553313910e+04
3.047916666666666430e+01,3.217457143476960118e+04
3.050000000000000000e+01,4.183609075412761013e+04
3.052083333333333215e+01,4.138074683386176912e+04
3.054166666666666430e+01,3.342881002104043728e+04
3.056250000000000000e+01,3.552202596690973587e+04
3.058333333333333215e+01,4.511818966352395364e+04
3.060416666666666430e+01,4.187475005241377949e+04
3.062500000000000000e+01,3.293689954372378270e+04
3.064583333333333215e+01,3.582333619111084408e+04
3.066666666666666430e+01,4.505092094282126345e+04
3.068750000000000000e+01,4.182987149951838364e+04
3.070833333333333215e+01,3.374489287041435455e+04
3.072916666666666430e+01,3.542533067482673505e+04
3.075000000000000000e+01,4.307098410340073315e+04
3.077083333333333215e+01,4.181620014177416306e+04
3.079166666666666430e+01,3.541128959138096252e+04
3.081250000000000000e+01,3.563227998628184287e+04
3.083333333333333215e+01,4.181633014813565387e+04
3.085416666666666430e+01,4.180789175345178228e+04
3.087500000000000000e+01,3.553080422332552553e+04
3.089583333333333215e+01,3.522926136034852971e+04
3.091666666666666430e+01,4.181309021419572673e+04
3.093750000000000000e+01,4.191309557720414159e+04
3.095833333333333215e+01,3.539507995753078285e+04
3.097916666666666430e+01,3.576769723919352691e+04
3.100000000000000000e+01,4.397433916314109956e+04
3.102083333333333215e+01,4.316630853610974009e+04
3.104166666666666430e+01,3.625022395476500242e+04
3.106250000000000000e+01,3.592520322758630209e+04
3.108333333333333215e+01,4.213306727896536177e+04
3.110416666666666430e+01,4.200580959413026721e+04
3.112500000000000000e+01,3.412198663916427904e+04
3.114583333333333215e+01,3.547603958769193559e+04
3.116666666666666430e+01,4.184711045997696783e+04
3.118750000000000000e+01,4.182579224834049819e+04
3.120833333333333215e+01,3.540912335000514577e+04
3.122916666666666430e+01,3.567689111330946616e+04
3.125000000000000000e+01,4.180330475101250340e+04
3.127083333333333215e+01,4.179492814970293693e+04
3.129166666666666430e+01,3.570208634400503797e+04
3.131250000000000000e+01,3.585108107288515021e+04
3.133333333333333215e+01,4.180223311720729544e+04
3.135416666666666430e+01,4.049767297807770956e+04
3.137500000000000000e+01,3.540429634355344751e+04
3.139583333333333215e+01,3.834311220278298424e+04
3.141666666666666430e+01,4.177208560291231697e+04
3.143750000000000000e+01,3.859201776665898069e+04
3.145833333333333215e+01,3.538838725838289974e+04
3.147916666666666430e+01,3.858408205458784505e+04
3.150000000000000000e+01,4.194375839739492221e+04
3.152083333333333215e+01,3.957678507490830088e+04
3.154166666666666430e+01,3.627631256637814658e+04
3.156250000000000000e+01,3.822371212562173605e+04
3.158333333333333215e+01,4.179712744486038719e+04
3.160416666666666430e+01,3.859776486942673364e+04
3.162500000000000000e+01,3.539231595805629331e+04
3.164583333333333215e+01,3.858576687372627202e+04
3.166666666666666430e+01,4.178450923096905171e+04
3.168750000000000000e+01,3.858691747715004749e+04
3.170833333333333215e+01,3.613149140995820926e+04
3.172916666666666430e+01,3.858904354604418040e+04
3.175000000000000000e+01,4.178453451010193385e+04
3.177083333333333215e+01,3.858681031537719537e+04
3.179166666666666430e+01,3.383542477064213017e+04
3.181250000000000000e+01,3.671924612426282692e+04
3.183333333333333215e+01,4.122082541539151862e+04
3.185416666666666430e+01,3.901706264674217527e+04
3.187500000000000000e+01,3.572955973802025255e+04
3.189583333333333215e+01,3.845848768425452727e+04
3.191666666666666430e+01,4.169918165596951440e+04
3.193750000000000000e+01,3.853139344059369614e+04
3.195833333333333215e+01,3.535412338855610869e+04
3.197916666666666430e+01,3.856045256915320351e+04
3.200000000000000000e+01,4.176174409099901823e+04
3.202083333333332860e+01,3.913158548984251684e+04
3.204166666666666430e+01,3.595386558313471323e+04
3.206250000000000000e+01,3.858240508189709362e+04
3.208333333333332860e+01,4.178097454945042409e+04
3.210416666666666430e+01,3.858596245273730892e+04
3.212500000000000000e+01,3.538270745355907275e+04
3.214583333333332860e+01,3.857627415730846405e+04
3.216666666666666430e+01,4.177897138080455625e+04
3.218750000000000000e+01,3.949122921494587354e+04
3.220833333333332860e+01,3.538426115942022443e+04
3.222916666666666430e+01,3.847949641964129114e+04
3.225000000000000000e+01,4.178756312774142134e+04
3.227083333333332860e+01,3.858716830340791785e+04
3.229166666666666430e+01,3.626630667538390844e+04
3.231250000000000000e+01,3.785593959883836214e+04
3.233333333333332860e+01,4.178793705066838447e+04
3.235416666666666430e+01,3.858490056625786383e+04
3.237500000000000000e+01,3.538193107505531952e+04
3.239583333333332860e+01,3.861018299278474296e+04
3.241666666666666430e+01,4.177765549597976496e+04
3.243750000000000000e+01,3.857698358741047559e+04
3.245833333333332860e+01,3.537521090271569119e+04
3.247916666666666430e+01,3.858535220032577490e+04
3.250000000000000000e+01,4.177157320080132195e+04
3.252083333333332860e+01,4.372065201023070404e+04
3.254166666666666430e+01,3.496225717731008626e+04
3.256250000000000000e+01,3.500619433518658479e+04
3.258333333333332860e+01,4.124012557398089120e+04
3.260416666666666430e+01,4.188236524674394605e+04
3.262500000000000000e+01,3.523663309311410558e+04
3.264583333333332860e+01,3.584131828528884944e+04
3.266666666666666430e+01,4.182449928042642568e+04
3.268750000000000000e+01,4.181522726357633655e+04
3.270833333333332860e+01,3.540450008165786858e+04
3.272916666666666430e+01,3.539466806163432921e+04
3.275000000000000000e+01,4.113513910500935890e+04
3.277083333333332860e+01,4.179962019712664187e+04
3.279166666666666430e+01,3.506611717676427361e+04
3.281250000000000000e+01,3.568595022372247331e+04
3.283333333333332860e+01,4.179655733662409330e+04
3.285416666666666430e+01,4.180495450832752977e+04
3.287500000000000000e+01,3.540444970851187099e+04
3.289583333333332860e+01,3.539193425324813143e+04
3.291666666666666430e+01,4.178449284521931258e+04
3.293750000000000000e+01,4.179749213741406129e+04
3.295833333333332860e+01,3.642183064356061368e+04
3.297916666666666430e+01,3.584553121680230834e+04
3.300000000000000000e+01,4.134816516899174167e+04
3.302083333333332860e+01,4.180728009448044031e+04
3.304166666666666430e+01,3.540067747545672319e+04
3.306250000000000000e+01,3.539086484197738173e+04
3.308333333333332860e+01,4.259094482546531071e+04
3.310416666666666430e+01,4.179083541362600954e+04
3.312500000000000000e+01,3.538473369782145892e+04
3.314583333333332860e+01,3.553173132339872973e+04
3.316666666666666430e+01,4.178577456924555008e+04
3.318750000000000000e+01,4.178033658814614319e+04
3.320833333333332860e+01,3.537521293195047474e+04
3.322916666666666430e+01,3.568075746056590287e+04
3.325000000000000000e+01,4.151418067981642525e+04
3.327083333333332860e+01,3.903626374030496663e+04
3.329166666666666430e+01,3.556101639825147140e+04
3.331250000000000000e+01,3.871562817951498437e+04
3.333333333333332860e+01,4.337419748069278285e+04
3.335416666666666430e+01,4.000862396445453487e+04
3.337500000000000000e+01,3.543386069720890373e+04
3.339583333333332860e+01,3.861575330293977458e+04
3.341666666666666430e+01,4.180731098810763069e+04
3.343750000000000000e+01,3.860217713678767905e+04
3.345833333333332860e+01,3.539381794742907368e+04
3.347916666666666430e+01,3.858840657044601539e+04
3.350000000000000000e+01,4.179090327611001703e+04
3.352083333333332860e+01,3.859327299875432800e+04
3.354166666666666430e+01,3.615918922926639061e+04
3.356250000000000000e+01,3.858706109667538840e+04
3.358333333333332860e+01,4.179103751613682834e+04
3.360416666666666430e+01,3.859678862585878232e+04
3.362500000000000000e+01,3.538907232948796445e+04
3.364583333333332860e+01,3.857997120862136944e+04
3.366666666666666430e+01,4.178420008169754146e+04
3.368750000000000000e+01,3.891007394612127246e+04
3.370833333333332860e+01,3.634989456600751146e+04
3.372916666666666430e+01,3.858819101519443939e+04
3.375000000000000000e+01,4.160796084991918906e+04
3.377083333333332860e+01,3.860087920850432420e+04
3.379166666666666430e+01,3.539099320712977351e+04
3.381250000000000000e+01,3.858254241363069741e+04
3.383333333333332860e+01,4.178596821904483659e+04
3.385416666666666430e+01,3.858741792352750781e+04
3.387500000000000000e+01,3.538054168118536472e+04
3.389583333333332860e+01,3.857746759347148327e+04
3.391666666666666430e+01,4.256107704169526551e+04
3.393750000000000000e+01,3.935697049162876647e+04
3.395833333333332860e+01,3.575491743213454902e+04
3.397916666666666430e+01,3.880495458273439726e+04
3.400000000000000000e+01,4.065135941023571650e+04
3.402083333333332860e+01,3.979622073017591174e+04
3.404166666666666430e+01,3.711191534517092805e+04
3.406250000000000000e+01,3.864291610050937015e+04
3.408333333333332860e+01,3.961501723406486417e+04
3.410416666666666430e+01,3.861157293407225370e+04
3.412500000000000000e+01,3.860307075072272710e+04
3.414583333333332860e+01,3.859440622267925210e+04
3.416666666666666430e+01,3.859251847327113501e+04
3.418750000000000000e+01,3.962114536166108883e+04
3.420833333333332860e+01,3.859991927635442698e+04
3.422916666666666430e+01,3.821983666793113662e+04
3.425000000000000000e+01,3.869324973383917677e+04
3.427083333333332860e+01,3.998021210286817950e+04
3.429166666666666430e+01,3.859649860491455183e+04
3.431250000000000000e+01,3.720943684401048085e+04
3.433333333333332860e+01,3.860360601995771140e+04
3.435416666666666430e+01,4.172569367891622096e+04
3.437500000000000000e+01,3.823498531591081701e+04
3.439583333333332860e+01,3.540063043388976803e+04
3.441666666666666430e+01,3.860295498794041487e+04
3.443750000000000000e+01,4.179979726994319935e+04
3.445833333333332860e+01,3.858995964454762725e+04
3.447916666666666430e+01,3.612931097870182566e+04
3.450000000000000000e+01,3.873241832052442624e+04
3.452083333333332860e+01,4.179160529260944895e+04
3.454166666666666430e+01,3.858787290677615965e+04
3.456250000000000000e+01,3.457739719263122970e+04
3.458333333333332860e+01,3.859409381952967669e+04
3.460416666666666430e+01,4.178579508142021223e+04
3.462500000000000000e+01,3.728893903756985674e+04
3.464583333333332860e+01,3.457149660435832629e+04
3.466666666666666430e+01,4.103278667747401778e+04
3.468750000000000000e+01,4.121718463873685687e+04
3.470833333333332860e+01,3.561829248835659382e+04
3.472916666666666430e+01,3.528557142307520553e+04
3.475000000000000000e+01,4.079453436847659032e+04
3.477083333333332860e+01,4.175150393403435010e+04
3.479166666666666430e+01,3.536056800366581592e+04
3.481250000000000000e+01,3.574607654456080490e+04
3.483333333333332860e+01,4.178064067924605479e+04
3.485416666666666430e+01,4.177964470031992823e+04
3.487500000000000000e+01,3.537769381390865601e+04
3.489583333333332860e+01,3.538033698832545633e+04
3.491666666666666430e+01,4.177814821858072537e+04
3.493750000000000000e+01,4.177869555902299908e+04
3.495833333333332860e+01,3.537738542745595623e+04
3.497916666666666430e+01,3.573338068474298780e+04
3.500000000000000000e+01,4.178306150216065726e+04
3.502083333333332860e+01,4.178359747621124552e+04
3.504166666666666430e+01,3.538160453650823911e+04
3.506250000000000000e+01,3.537723512925577961e+04
3.508333333333332860e+01,4.177220682087220484e+04
3.510416666666666430e+01,4.178008193264951842e+04
3.512500000000000000e+01,3.473676567332225386e+04
3.514583333333332860e+01,3.573875831319123245e+04
3.516666666666666430e+01,4.178342393413101672e+04
3.518750000000000000e+01,4.179213383236310619e+04
3.520833333333332860e+01,3.572300125830290926e+04
3.522916666666666430e+01,3.538493250553246617e+04
3.525000000000000000e+01,4.209468241683511587e+04
3.527083333333332860e+01,4.178917393286899460e+04
3.529166666666666430e+01,3.538657514379821077e+04
3.531250000000000000e+01,3.582208074032107834e+04
3.533333333333332860e+01,4.178784125653425872e+04
3.535416666666666430e+01,4.178535919074971753e+04
3.537500000000000000e+01,3.537993319197391247e+04
3.539583333333332860e+01,3.451390625138836913e+04
3.541666666666666430e+01,4.176280729582189815e+04
3.543750000000000000e+01,4.209957267571298871e+04
3.545833333333332860e+01,3.519869530149629281e+04
3.547916666666666430e+01,3.531222053967090324e+04
3.550000000000000000e+01,4.152955673439201200e+04
3.552083333333332860e+01,4.175199260778707685e+04
3.554166666666666430e+01,3.536442121031913848e+04
3.556250000000000000e+01,3.490950478299018141e+04
3.558333333333332860e+01,4.153248658704772970e+04
3.560416666666666430e+01,4.134798492118626746e+04
3.562500000000000000e+01,3.529599891967053554e+04
3.564583333333332860e+01,3.539698396254556428e+04
3.566666666666666430e+01,4.179409043756863684e+04
3.568750000000000000e+01,4.179051387365003757e+04
3.570833333333332860e+01,3.538795076777174836e+04
3.572916666666666430e+01,3.549332280779899884e+04
3.575000000000000000e+01,4.179267136042810307e+04
3.577083333333332860e+01,4.172641409032231604e+04
3.579166666666666430e+01,3.463117862858271110e+04
3.581250000000000000e+01,3.571248284588957176e+04
3.583333333333332860e+01,4.180897583118172770e+04
3.585416666666666430e+01,4.180685774765851966e+04
3.587500000000000000e+01,3.540063436890651064e+04
3.589583333333332860e+01,3.565463140906390618e+04
3.591666666666666430e+01,4.311660111217342637e+04
3.593750000000000000e+01,4.180138670190357516e+04
3.595833333333332860e+01,3.385775612973486568e+04
3.597916666666666430e+01,3.551132240462638583e+04
3.600000000000000000e+01,4.452984656660271867e+04
3.602083333333332860e+01,4.126121634463620285e+04
3.604166666666666430e+01,3.219094942696072758e+04
3.606250000000000000e+01,3.538619241210251494e+04
3.608333333333332860e+01,4.498097247597726528e+04
3.610416666666666430e+01,4.177621109606452956e+04
3.612500000000000000e+01,3.217634645555541647e+04
3.614583333333332860e+01,3.318293345629078976e+04
3.616666666666666430e+01,4.484667480351188715e+04
3.618750000000000000e+01,4.228558321413013618e+04
3.620833333333332860e+01,3.215644573038485032e+04
3.622916666666666430e+01,3.645599565559807525e+04
3.625000000000000000e+01,4.498839419668755727e+04
3.627083333333332860e+01,4.179542628135243285e+04
3.629166666666666430e+01,3.219458842947653102e+04
3.631250000000000000e+01,3.436350847844269447e+04
3.633333333333332860e+01,4.499409458349181659e+04
3.635416666666666430e+01,4.178692520298990712e+04
3.637500000000000000e+01,3.219212353231079396e+04
3.639583333333332860e+01,3.618138393764850480e+04
3.641666666666666430e+01,4.440615239055042912e+04
3.643750000000000000e+01,4.179508396248640202e+04
3.645833333333332860e+01,3.220594429655394197e+04
3.647916666666666430e+01,3.541580546813368710e+04
3.650000000000000000e+01,4.448211464111466921e+04
3.652083333333332860e+01,4.179563043218513485e+04
3.654166666666666430e+01,3.220056655490384583e+04
3.656250000000000000e+01,3.540963987688784255e+04
3.658333333333332860e+01,4.469857650532599655e+04
3.660416666666666430e+01,4.125565242805046728e+04
3.662500000000000000e+01,3.219380976677326544e+04
3.664583333333332860e+01,3.539944835784770839e+04
3.666666666666666430e+01,4.438823948487735470e+04
3.668750000000000000e+01,4.179406503001305828e+04
3.670833333333332860e+01,3.218915604327181063e+04
3.672916666666666430e+01,3.539502239273894520e+04
3.675000000000000000e+01,4.499880497121695953e+04
3.677083333333332860e+01,4.176118418198515428e+04
3.679166666666666430e+01,3.218426749047830162e+04
3.681250000000000000e+01,3.538516819956656400e+04
3.683333333333332860e+01,4.487150316334709350e+04
3.685416666666666430e+01,4.318016874416601786e+04
3.687500000000000000e+01,3.384832412838443270e+04
3.689583333333332860e+01,3.810747236831623013e+04
3.691666666666666430e+01,4.563711134697430680e+04
3.693750000000000000e+01,3.931900402164300613e+04
3.695833333333332860e+01,3.282019100096316106e+04
3.697916666666666430e+01,3.876197104214839783e+04
3.700000000000000000e+01,4.441384034056127712e+04
3.702083333333332860e+01,3.865319136406960024e+04
3.704166666666666430e+01,3.222234332214470123e+04
3.706250000000000000e+01,3.861241948675519234e+04
3.708333333333332860e+01,4.500032118028743571e+04
3.710416666666666430e+01,3.823601983801674942e+04
3.712500000000000000e+01,3.287750968448905041e+04
3.714583333333332860e+01,3.859347024092439096e+04
3.716666666666666430e+01,4.498523587984371261e+04
3.718750000000000000e+01,3.859160831847710506e+04
3.720833333333332860e+01,3.301121133243482473e+04
3.722916666666666430e+01,3.859061695036994934e+04
3.725000000000000000e+01,4.498661121554305282e+04
3.727083333333332860e+01,3.831154733962027240e+04
3.729166666666666430e+01,3.220037983960688871e+04
3.731250000000000000e+01,3.859279760134428943e+04
3.733333333333332860e+01,4.402831122543212405e+04
3.735416666666666430e+01,3.859471277191196714e+04
3.737500000000000000e+01,3.224407932883750618e+04
3.739583333333332860e+01,3.858806454069089523e+04
3.741666666666666430e+01,4.498372747373742459e+04
3.743750000000000000e+01,3.822398374612173211e+04
3.745833333333332860e+01,3.274154739066683032e+04
3.747916666666666430e+01,3.859031360671697621e+04
3.750000000000000000e+01,4.408697838806115033e+04
3.752083333333332860e+01,3.859112176319661376e+04
3.754166666666666430e+01,3.228435051129620115e+04
3.756250000000000000e+01,3.859072632111331041e+04
3.758333333333332860e+01,4.498618889295963891e+04
3.760416666666666430e+01,3.822101049827714451e+04
3.762500000000000000e+01,3.331224140052648727e+04
3.764583333333332860e+01,3.859246219642873621e+04
3.766666666666666430e+01,4.076600131748297281e+04
3.768750000000000000e+01,3.725907428612824879e+04
3.770833333333332860e+01,3.489859240792391938e+04
3.772916666666666430e+01,3.717433499753185606e+04
3.775000000000000000e+01,4.116167147812256735e+04
3.777083333333332860e+01,3.902581147825088556e+04
3.779166666666666430e+01,3.524844908739763923e+04
3.781250000000000000e+01,3.849717497773346258e+04
3.783333333333332860e+01,4.173047462268061645e+04
3.785416666666666430e+01,3.854672396713352646e+04
3.787500000000000000e+01,3.535508115766065021e+04
3.789583333333332860e+01,3.856895221274434880e+04
3.791666666666666430e+01,4.177817847934350721e+04
3.793750000000000000e+01,3.857318657629520749e+04
3.795833333333332860e+01,3.537229541145227267e+04
3.797916666666666430e+01,3.858455419495635579e+04
3.800000000000000000e+01,4.178891108411466121e+04
3.802083333333332860e+01,3.857996327333926456e+04
3.804166666666666430e+01,3.538006532514569699e+04
3.806250000000000000e+01,3.850391336492701521e+04
3.808333333333332860e+01,4.178607371953075926e+04
3.810416666666666430e+01,4.009434991318663378e+04
3.812500000000000000e+01,3.539113744485787902e+04
3.814583333333332860e+01,3.738933084319136105e+04
3.816666666666666430e+01,4.179057050417635764e+04
3.818750000000000000e+01,3.997779883093570970e+04
3.820833333333332860e+01,3.539782195463446988e+04
3.822916666666666430e+01,3.690168703722507053e+04
3.825000000000000000e+01,4.179522694953804603e+04
3.827083333333332860e+01,4.179123122816845716e+04
3.829166666666666430e+01,3.439603512476291507e+04
3.831250000000000000e+01,3.562807727481289476e+04
3.833333333333332860e+01,4.234637012629075616e+04
3.835416666666666430e+01,4.179399132859797101e+04
3.837500000000000000e+01,3.538625247016092180e+04
3.839583333333332860e+01,3.546104062010610505e+04
3.841666666666666430e+01,4.169667285744090623e+04
3.843750000000000000e+01,4.280085777287692326e+04
3.845833333333332860e+01,3.599953675315334840e+04
3.847916666666666430e+01,3.305815055717907671e+04
3.850000000000000000e+01,4.253818493555956229e+04
3.852083333333332860e+01,4.521866356807251577e+04
3.854166666666666430e+01,3.623729056210472481e+04
3.856250000000000000e+01,3.327860633991697250e+04
3.858333333333332860e+01,4.187852866877186170e+04
3.860416666666666430e+01,4.359736548659934488e+04
3.862500000000000000e+01,3.511920823461605323e+04
3.864583333333332860e+01,3.222020044852509091e+04
3.866666666666666430e+01,4.180683602107402839e+04
3.868750000000000000e+01,4.500129098579416313e+04
3.870833333333332860e+01,3.540376491696912854e+04
3.872916666666666430e+01,3.341489659053878859e+04
3.875000000000000000e+01,4.179754982652053877e+04
3.877083333333332860e+01,4.431820427122405817e+04
3.879166666666666430e+01,3.414538297078616597e+04
3.881250000000000000e+01,3.221890431901377451e+04
3.883333333333332860e+01,4.268448685339857911e+04
3.885416666666666430e+01,4.500712636187039607e+04
3.887500000000000000e+01,3.441711629548363999e+04
3.889583333333332860e+01,3.221037397646673344e+04
3.891666666666666430e+01,4.179535148158847733e+04
3.893750000000000000e+01,4.499465073605108046e+04
3.895833333333332860e+01,3.539739121539690677e+04
3.897916666666666430e+01,3.219042883295496722e+04
3.900000000000000000e+01,4.153481851702820859e+04
3.902083333333332860e+01,4.405800049882379972e+04
3.904166666666666430e+01,3.538824664396019216e+04
3.906250000000000000e+01,3.252883674437667651e+04
3.908333333333332860e+01,4.178672591938518599e+04
3.910416666666666430e+01,4.498293450605184626e+04
3.912500000000000000e+01,3.575654790785032674e+04
3.914583333333332860e+01,3.526607656082089670e+04
3.916666666666666430e+01,4.033325433008889377e+04
3.918750000000000000e+01,4.200756300780684978e+04
3.920833333333332860e+01,3.597452337894904485e+04
3.922916666666666430e+01,3.565004825992663973e+04
3.925000000000000000e+01,4.080248000144399703e+04
3.927083333333332860e+01,4.186161424850030016e+04
3.929166666666666430e+01,3.544184136279821541e+04
3.931250000000000000e+01,3.722830463727640745e+04
3.933333333333332860e+01,4.183162285665332456e+04
3.935416666666666430e+01,4.181416290290335746e+04
3.937500000000000000e+01,3.483017005605624581e+04
3.939583333333332860e+01,3.569767734418373584e+04
3.941666666666666430e+01,4.169682722283116163e+04
3.943750000000000000e+01,4.180178474943551555e+04
3.945833333333332860e+01,3.538981533727345959e+04
3.947916666666666430e+01,3.541485618110238283e+04
3.950000000000000000e+01,4.202164965906162979e+04
3.952083333333332860e+01,4.181550348129162012e+04
3.954166666666666430e+01,3.482133896519224072e+04
3.956250000000000000e+01,3.557776301378573407e+04
3.958333333333332860e+01,4.184033003047246166e+04
3.960416666666666430e+01,4.181331080792234570e+04
3.962500000000000000e+01,3.645642034851800418e+04
3.964583333333332860e+01,3.687173817372240592e+04
3.966666666666666430e+01,4.089909442337290966e+04
3.968750000000000000e+01,4.237617679516050703e+04
3.970833333333332860e+01,3.895947258950513060e+04
3.972916666666666430e+01,3.571873734898489784e+04
3.975000000000000000e+01,3.874008535721827502e+04
3.977083333333332860e+01,4.187915964605651243e+04
3.979166666666666430e+01,3.864239131414819713e+04
3.981250000000000000e+01,3.542355201049910829e+04
3.983333333333332860e+01,3.962696582899218629e+04
3.985416666666666430e+01,4.246519474287354387e+04
3.987500000000000000e+01,3.860558229608186957e+04
3.989583333333332860e+01,3.540266319097735686e+04
3.991666666666666430e+01,3.860858340813010727e+04
3.993750000000000000e+01,4.180800587947081658e+04
3.995833333333332860e+01,3.859760323898545175e+04
3.997916666666666430e+01,3.542263315108221286e+04
4.000000000000000000e+01,3.859695912101151043e+04
4.002083333333332860e+01,4.180164687480008433e+04
4.004166666666666430e+01,3.859533063601821777e+04
4.006250000000000000e+01,3.546826708184085146e+04
4.008333333333332860e+01,3.859115936565835000e+04
4.010416666666666430e+01,4.179380995992403041e+04
4.012500000000000000e+01,3.859059954566079978e+04
4.014583333333332860e+01,3.488485953217939823e+04
4.016666666666666430e+01,3.990046235589866410e+04
4.018750000000000000e+01,4.179541469099088135e+04
4.020833333333332860e+01,3.730353938223113801e+04
4.022916666666666430e+01,3.547554534575688740e+04
4.025000000000000000e+01,4.116695021648344846e+04
4.027083333333332860e+01,4.179090050690357020e+04
4.029166666666666430e+01,3.539022583264941932e+04
4.031250000000000000e+01,3.566573791127229197e+04
4.033333333333332860e+01,4.178628376465377369e+04
4.035416666666666430e+01,4.177654049586091423e+04
4.037500000000000000e+01,3.434014272445677489e+04
4.039583333333332860e+01,3.684126030336933036e+04
4.041666666666666430e+01,4.146429655509732402e+04
4.043750000000000000e+01,4.003203638293708354e+04
4.045833333333332860e+01,3.527417092637177120e+04
4.047916666666666430e+01,3.878205164345006051e+04
4.050000000000000000e+01,4.093546206980667921e+04
4.052083333333332860e+01,3.856737639836406015e+04
4.054166666666666430e+01,3.588431894796677079e+04
4.056250000000000000e+01,3.857844728121857042e+04
4.058333333333332860e+01,4.199886343955416669e+04
4.060416666666666430e+01,3.938470959633409075e+04
4.062500000000000000e+01,3.563506043572646013e+04
4.064583333333332860e+01,3.845864541625564016e+04
4.066666666666666430e+01,4.178986435703150346e+04
4.068750000000000000e+01,3.859285910315791261e+04
4.070833333333332860e+01,3.666120679934849613e+04
4.072916666666666430e+01,3.805790258510394051e+04
4.075000000000000000e+01,4.101242749896072928e+04
4.077083333333332860e+01,3.860239583724132535e+04
4.079166666666666430e+01,3.541166454906175932e+04
4.081250000000000000e+01,3.858888060209018295e+04
4.083333333333332860e+01,4.178204575525322434e+04
4.085416666666666430e+01,3.940707048937608488e+04
4.087500000000000000e+01,3.548057923262975964e+04
4.089583333333332860e+01,3.858835730664078437e+04
4.091666666666666430e+01,4.178490113468549680e+04
4.093750000000000000e+01,3.859004465000823257e+04
4.095833333333332860e+01,3.539004475281789200e+04
4.097916666666666430e+01,3.858254921336333791e+04
4.100000000000000000e+01,4.178010918247652444e+04
4.102083333333332860e+01,3.857372670743804338e+04
4.104166666666666430e+01,3.680354777420058963e+04
4.106250000000000000e+01,3.858940207931114855e+04
4.108333333333332860e+01,4.024693476375197497e+04
4.110416666666666430e+01,3.859763402139273239e+04
4.112500000000000000e+01,3.834431644055634388e+04
4.114583333333332860e+01,3.795480068759463757e+04
4.116666666666666430e+01,3.888237544015358435e+04
4.118750000000000000e+01,3.798502516728352202e+04
4.120833333333332860e+01,3.814951124150794203e+04
4.122916666666666430e+01,3.818063038594088721e+04
4.125000000000000000e+01,3.845247155827563984e+04
4.127083333333332860e+01,3.850502699901257438e+04
4.129166666666666430e+01,3.854685827173551661e+04
4.131250000000000000e+01,3.726733493607459968e+04
4.133333333333332860e+01,4.073361318424698402e+04
4.135416666666666430e+01,3.947729183438553446e+04
4.137500000000000000e+01,3.788502122719592444e+04
4.139583333333332860e+01,3.843190128630051186e+04
4.141666666666666430e+01,3.860800499987828516e+04
4.143750000000000000e+01,3.843508580067985167e+04
4.145833333333332860e+01,3.860471049783875787e+04
4.147916666666666430e+01,3.859847826684499159e+04
4.150000000000000000e+01,4.024159766070714250e+04
4.152083333333332860e+01,3.847640316664920101e+04
4.154166666666666430e+01,3.861914240096773574e+04
4.156250000000000000e+01,3.795341444787738146e+04
4.158333333333332860e+01,3.880151081955686095e+04
4.160416666666666430e+01,3.993904697271173791e+04
4.162500000000000000e+01,3.860787636705262412e+04
4.164583333333332860e+01,3.725640818449627113e+04
4.166666666666666430e+01,3.860237702778223320e+04
4.168750000000000000e+01,4.180748691021834384e+04
4.170833333333332860e+01,3.850822726405678986e+04
4.172916666666666430e+01,3.538485725735697633e+04
4.175000000000000000e+01,3.858713124926881574e+04
4.177083333333332860e+01,4.173247919743224338e+04
4.179166666666666430e+01,4.050085900508722989e+04
4.181250000000000000e+01,3.658542149743263144e+04
4.183333333333332860e+01,3.934695808154273254e+04
4.185416666666666430e+01,4.226983719299283985e+04
4.187500000000000000e+01,3.888793704479477310e+04
4.189583333333332860e+01,3.667713004084524437e+04
4.191666666666666430e+01,3.872600337883663451e+04
4.193750000000000000e+01,4.187435636773181614e+04
4.195833333333332860e+01,3.807211250700322125e+04
4.197916666666666430e+01,3.544111454467478325e+04
4.200000000000000000e+01,3.873050574971776223e+04
4.202083333333332860e+01,4.180262404568160127e+04
4.204166666666666430e+01,3.860087235554226936e+04
4.206250000000000000e+01,3.587244944792183378e+04
4.208333333333332860e+01,3.963384358002198132e+04
4.210416666666666430e+01,4.180010491625656141e+04
4.212500000000000000e+01,3.750225840282391437e+04
4.214583333333332860e+01,3.469866697614832083e+04
4.216666666666666430e+01,4.002565718208430189e+04
4.218750000000000000e+01,4.181104944528381748e+04
4.220833333333332860e+01,3.696143340310276108e+04
4.222916666666666430e+01,3.547495040278162196e+04
4.225000000000000000e+01,4.180749762280513096e+04
4.227083333333332860e+01,4.096724324955941847e+04
4.229166666666666430e+01,3.540469746206342097e+04
4.231250000000000000e+01,3.604026267949976318e+04
4.233333333333332860e+01,4.180318626737235900e+04
4.235416666666666430e+01,4.204350020682892500e+04
4.237500000000000000e+01,3.539203312229020958e+04
4.239583333333332860e+01,3.617943965784124157e+04
4.241666666666666430e+01,4.179909704823044740e+04
4.243750000000000000e+01,4.179628610546987329e+04
4.245833333333332860e+01,3.539255922619035118e+04
4.247916666666666430e+01,3.565632386867707828e+04
4.250000000000000000e+01,4.180001339751842897e+04
4.252083333333332860e+01,3.736199453059596999e+04
4.254166666666666430e+01,3.236775742642075420e+04
4.256250000000000000e+01,3.450379459963829140e+04
4.258333333333332860e+01,4.079536649879443576e+04
4.260416666666666430e+01,3.989074994551550481e+04
4.262500000000000000e+01,3.470033707943886839e+04
4.264583333333332860e+01,3.562599692701052845e+04
4.266666666666666430e+01,4.165717845594709070e+04
4.268750000000000000e+01,4.170963244891684008e+04
4.270833333333332860e+01,3.652275713819792145e+04
4.272916666666666430e+01,3.535877928761847579e+04
4.275000000000000000e+01,4.078380593820005743e+04
4.277083333333332860e+01,4.179048296919137647e+04
4.279166666666666430e+01,3.625135415679752623e+04
4.281250000000000000e+01,3.538568786820050445e+04
4.283333333333332860e+01,4.178019315353227285e+04
4.285416666666666430e+01,4.179143166088592989e+04
4.287500000000000000e+01,3.538896332482052094e+04
4.289583333333332860e+01,3.577934100568469876e+04
4.291666666666666430e+01,4.080979761068108201e+04
4.293750000000000000e+01,4.178969961901115312e+04
4.295833333333332860e+01,3.557253187290528876e+04
4.297916666666666430e+01,3.538561352493105369e+04
4.300000000000000000e+01,4.320005736128294666e+04
4.302083333333332860e+01,4.178105878418937209e+04
4.304166666666666430e+01,3.351322300323838135e+04
4.306250000000000000e+01,3.540331383699003345e+04
4.308333333333332860e+01,4.497184089293305442e+04
4.310416666666666430e+01,4.092880581700712355e+04
4.312500000000000000e+01,3.217681128703047580e+04
4.314583333333332860e+01,4.000410782501063659e+04
4.316666666666666430e+01,4.448595737942293636e+04
4.318750000000000000e+01,3.937345416937080154e+04
4.320833333333332860e+01,3.344453662584256381e+04
4.322916666666666430e+01,3.889908411200329283e+04
4.325000000000000000e+01,4.517638507695195585e+04
4.327083333333332860e+01,3.870580200779512961e+04
4.329166666666666430e+01,3.225806152624233800e+04
4.331250000000000000e+01,3.862916218226896308e+04
4.333333333333332860e+01,4.500902474486394203e+04
4.335416666666666430e+01,3.828685073899907002e+04
4.337500000000000000e+01,3.219570371092334608e+04
4.339583333333332860e+01,3.859296006475471222e+04
4.341666666666666430e+01,4.498834508865219686e+04
4.343750000000000000e+01,3.858180567324077856e+04
4.345833333333332860e+01,3.217626928317454440e+04
4.347916666666666430e+01,3.858449752672371687e+04
4.350000000000000000e+01,4.490790502978305449e+04
4.352083333333332860e+01,3.809052197310443444e+04
4.354166666666666430e+01,3.218174973965828394e+04
4.356250000000000000e+01,3.859248031927354896e+04
4.358333333333332860e+01,4.413708573395676649e+04
4.360416666666666430e+01,3.858977244134658395e+04
4.362500000000000000e+01,3.218435143487742243e+04
4.364583333333332860e+01,3.859998483775229397e+04
4.366666666666666430e+01,4.500090728012003819e+04
4.368750000000000000e+01,3.843700859544567356e+04
4.370833333333332860e+01,3.271766158209141213e+04
4.372916666666666430e+01,3.859670204132774961e+04
4.375000000000000000e+01,4.499153271483362914e+04
4.377083333333332860e+01,3.833988305044871231e+04
4.379166666666666430e+01,3.218884181332051594e+04
4.381250000000000000e+01,3.858472115977783687e+04
4.383333333333332860e+01,4.497881674596278754e+04
4.385416666666666430e+01,3.847653861509920534e+04
4.387500000000000000e+01,3.271306686864179937e+04
4.389583333333332860e+01,3.858069424418789276e+04
4.391666666666666430e+01,4.557871528536747792e+04
4.393750000000000000e+01,3.959358836411898665e+04
4.395833333333332860e+01,3.247062110406062129e+04
4.397916666666666430e+01,3.876184813807077444e+04
4.400000000000000000e+01,4.390015756626956863e+04
4.402083333333332860e+01,3.868254801918553858e+04
4.404166666666666430e+01,3.338877897970098275e+04
4.406250000000000000e+01,3.862867119160201401e+04
4.408333333333332860e+01,4.454309482088003278e+04
4.410416666666666430e+01,3.861648751645360608e+04
4.412500000000000000e+01,3.220708948035443245e+04
4.414583333333332860e+01,3.859598202788294293e+04
4.416666666666666430e+01,4.498886682845281030e+04
4.418750000000000000e+01,3.824934234496398130e+04
4.420833333333332860e+01,3.218605330853623309e+04
4.422916666666666430e+01,3.788004343868920114e+04
4.425000000000000000e+01,4.338873694300682837e+04
4.427083333333332860e+01,3.859719896334510850e+04
4.429166666666666430e+01,3.499980298311052320e+04
4.431250000000000000e+01,3.782479204262194980e+04
4.433333333333332860e+01,4.181130483782703232e+04
4.435416666666666430e+01,3.877000253941389383e+04
4.437500000000000000e+01,3.583492559264561714e+04
4.439583333333332860e+01,3.860693650596596126e+04
4.441666666666666430e+01,4.179888090826759435e+04
4.443750000000000000e+01,3.949872510080422217e+04
4.445833333333332860e+01,3.706108052401726309e+04
4.447916666666666430e+01,3.859596888395439601e+04
4.450000000000000000e+01,3.979105759444633441e+04
4.452083333333332860e+01,3.851230221784417517e+04
4.454166666666666430e+01,3.858839179053972475e+04
4.456250000000000000e+01,3.858152063262798038e+04
4.458333333333332860e+01,3.858470047262154549e+04
4.460416666666666430e+01,3.823571188031949714e+04
4.462500000000000000e+01,3.858199155184953997e+04
4.464583333333332860e+01,3.857087547594775242e+04
4.466666666666666430e+01,3.995391892019430816e+04
4.468750000000000000e+01,3.843173641786804365e+04
4.470833333333332860e+01,3.829351171553139284e+04
4.472916666666666430e+01,3.795147280354633403e+04
4.475000000000000000e+01,3.895138441307399626e+04
4.477083333333332860e+01,3.973751806863976526e+04
4.479166666666666430e+01,3.858144602113553265e+04
4.481250000000000000e+01,3.773850470650716306e+04
4.483333333333332860e+01,3.882552531041084148e+04
4.485416666666666430e+01,4.029392486610919150e+04
4.487500000000000000e+01,3.860125835046158318e+04
4.489583333333332860e+01,3.779595876809007314e+04
4.491666666666666430e+01,3.860591749447765324e+04
4.493750000000000000e+01,3.902767115092684980e+04
4.495833333333332860e+01,3.858941539137400832e+04
4.497916666666666430e+01,3.857933005939282157e+04
4.500000000000000000e+01,3.858588737604413473e+04
4.502083333333332860e+01,3.844746917962169391e+04
4.504166666666666430e+01,3.858973051850151387e+04
4.506250000000000000e+01,3.857699826426376967e+04
4.508333333333332860e+01,3.858357532762165647e+04
4.510416666666666430e+01,4.035601500159048737e+04
4.512500000000000000e+01,3.858643225847203576e+04
4.514583333333332860e+01,3.759034764330483449e+04
4.516666666666666430e+01,3.859382293712959654e+04
4.518750000000000000e+01,3.938880725306933891e+04
4.520833333333332860e+01,3.858304416566364671e+04
4.522916666666666430e+01,3.857383216382004321e+04
4.525000000000000000e+01,3.857895141062088805e+04
4.527083333333332860e+01,3.935437869871075236e+04
4.529166666666666430e+01,3.858666096937652765e+04
4.531250000000000000e+01,3.849762054424464441e+04
4.533333333333332860e+01,3.858080683450738434e+04
4.535416666666666430e+01,4.078221069937144057e+04
4.537500000000000000e+01,3.396091422696418158e+04
4.539583333333332860e+01,3.521892234924250079e+04
4.541666666666666430e+01,4.173240304738550913e+04
4.543750000000000000e+01,4.279129363122358336e+04
4.545833333333332860e+01,3.539154252012226061e+04
4.547916666666666430e+01,3.540977885881548718e+04
4.550000000000000000e+01,4.181224162625949975e+04
4.552083333333332860e+01,4.110371836633867497e+04
4.554166666666666430e+01,3.583050414721109701e+04
4.556250000000000000e+01,3.576250730777916033e+04
4.558333333333332860e+01,4.182692242592160619e+04
4.560416666666666430e+01,4.184748538123891922e+04
4.562500000000000000e+01,3.544772681145727984e+04
4.564583333333332860e+01,3.541827867182012415e+04
4.566666666666666430e+01,4.180589027116505167e+04
4.568750000000000000e+01,4.183115896390573471e+04
4.570833333333332860e+01,3.624189658496445918e+04
4.572916666666666430e+01,3.576786592320715135e+04
4.575000000000000000e+01,4.219948824333809171e+04
4.577083333333332860e+01,4.183495331707417790e+04
4.579166666666666430e+01,3.542689974293499836e+04
4.581250000000000000e+01,3.457847555057509453e+04
4.583333333333332860e+01,4.246377084645121067e+04
4.585416666666666430e+01,4.222112762577448302e+04
4.587500000000000000e+01,3.566106116737311095e+04
4.589583333333332860e+01,3.582900741907334304e+04
4.591666666666666430e+01,4.153648976547626808e+04
4.593750000000000000e+01,4.185424811754886468e+04
4.595833333333332860e+01,3.542353837283682515e+04
4.597916666666666430e+01,3.549044001375940570e+04
4.600000000000000000e+01,4.197795484923385084e+04
4.602083333333332860e+01,4.180270037987578689e+04
4.604166666666666430e+01,3.539321268534786941e+04
4.606250000000000000e+01,3.572977050949264958e+04
4.608333333333332860e+01,4.181413953966169356e+04
4.610416666666666430e+01,4.179617239275403699e+04
4.612500000000000000e+01,3.538766322884196416e+04
4.614583333333332860e+01,3.539868292692756222e+04
4.616666666666666430e+01,4.179664076215715613e+04
4.618750000000000000e+01,4.178737215648784331e+04
4.620833333333332860e+01,3.481269334878627706e+04
4.622916666666666430e+01,3.559547506988581881e+04
4.625000000000000000e+01,4.178992673725589702e+04
4.627083333333332860e+01,4.178796182881206187e+04
4.629166666666666430e+01,3.596408791687614575e+04
4.631250000000000000e+01,3.552029311095178855e+04
4.633333333333332860e+01,4.178255895342164877e+04
4.635416666666666430e+01,4.178739643681994494e+04
4.637500000000000000e+01,3.538548725718499918e+04
4.639583333333332860e+01,3.565212885275104782e+04
4.641666666666666430e+01,4.178005060204564506e+04
4.643750000000000000e+01,4.178550543157570792e+04
4.645833333333332860e+01,3.538389765485266253e+04
4.647916666666666430e+01,3.541821028849148570e+04
4.650000000000000000e+01,4.177287728468408750e+04
4.652083333333332860e+01,4.177997798559084185e+04
4.654166666666666430e+01,3.537956558336897433e+04
4.656250000000000000e+01,3.584101543573854724e+04
4.658333333333332860e+01,4.178026394142428762e+04
4.660416666666666430e+01,4.178293664096888097e+04
4.662500000000000000e+01,3.737494989883257222e+04
4.664583333333332860e+01,3.684090470834985172e+04
4.666666666666666430e+01,4.262051272986877302e+04
4.668750000000000000e+01,4.190284797396272188e+04
4.670833333333332860e+01,3.498761029891197541e+04
4.672916666666666430e+01,3.586406175677663123e+04
4.675000000000000000e+01,4.221654257052067987e+04
4.677083333333332860e+01,4.188225505199689360e+04
4.679166666666666430e+01,3.639177499604621698e+04
4.681250000000000000e+01,3.553499732724360365e+04
4.683333333333332860e+01,4.181316929729279946e+04
4.685416666666666430e+01,4.181131378297793708e+04
4.687500000000000000e+01,3.510532801027871028e+04
4.689583333333332860e+01,3.565029894035759207e+04
4.691666666666666430e+01,4.179387495527913416e+04
4.693750000000000000e+01,4.180296575029790984e+04
4.695833333333332860e+01,3.511534958313447714e+04
4.697916666666666430e+01,3.541225549124736426e+04
4.700000000000000000e+01,4.098622620376984560e+04
4.702083333333332860e+01,4.180515306196575693e+04
4.704166666666666430e+01,3.540385467919072107e+04
4.706250000000000000e+01,3.578682261011990340e+04
4.708333333333332860e+01,4.179334030356699077e+04
4.710416666666666430e+01,4.180063506094057084e+04
4.712500000000000000e+01,3.570341912183538807e+04
4.714583333333332860e+01,3.538931905290695431e+04
4.716666666666666430e+01,4.178147751108707598e+04
4.718750000000000000e+01,4.179195849650171294e+04
4.720833333333332860e+01,3.539211498453834793e+04
4.722916666666666430e+01,3.585806656390802527e+04
4.725000000000000000e+01,4.185832055390725873e+04
4.727083333333332860e+01,4.179272073131424986e+04
4.729166666666666430e+01,3.501234402478895936e+04
4.731250000000000000e+01,3.557254704711079103e+04
4.733333333333332860e+01,4.247783051518694992e+04
4.735416666666666430e+01,4.170815764450281131e+04
4.737500000000000000e+01,3.469738984972595790e+04
4.739583333333332860e+01,3.537069345323683956e+04
4.741666666666666430e+01,4.177637450763976085e+04
4.743750000000000000e+01,4.178299170656444767e+04
4.745833333333332860e+01,3.538415604001450993e+04
4.747916666666666430e+01,3.584916466617220431e+04
4.750000000000000000e+01,4.179796076446740335e+04
4.752083333333332860e+01,4.179411458145199867e+04
4.754166666666666430e+01,3.538925674109325337e+04
4.756250000000000000e+01,3.539257047964716185e+04
4.758333333333332860e+01,4.179115461395853345e+04
4.760416666666666430e+01,4.178677278843543172e+04
4.762500000000000000e+01,3.538202437991670740e+04
4.764583333333332860e+01,3.556680183249530819e+04
4.766666666666666430e+01,4.144919578318904678e+04
4.768750000000000000e+01,4.178803713521326426e+04
4.770833333333332860e+01,3.538152021483734279e+04
4.772916666666666430e+01,3.553449514813940186e+04
4.775000000000000000e+01,4.179181526652511820e+04
4.777083333333332860e+01,4.178390882469610369e+04
4.779166666666666430e+01,3.537838757376395370e+04
4.781250000000000000e+01,3.561357937957526156e+04
4.783333333333332860e+01,4.168219706838571437e+04
4.785416666666666430e+01,4.178405492088071333e+04
4.787500000000000000e+01,3.436411248296968552e+04
4.789583333333332860e+01,3.540230253711517435e+04
4.791666666666666430e+01,4.196696291770303651e+04
4.793750000000000000e+01,4.179309264656043524e+04
4.795833333333332860e+01,3.538569474016362074e+04
4.797916666666666430e+01,3.597053477814730286e+04
4.800000000000000000e+01,4.179847503389525082e+04
4.802083333333332860e+01,4.178740956085654034e+04
4.804166666666666430e+01,3.537803606471346575e+04
4.806250000000000000e+01,3.538345467781762272e+04
4.808333333333332860e+01,4.613392916493123630e+04
4.810416666666666430e+01,4.193503652117198362e+04
4.812500000000000000e+01,3.265049129505653036e+04
4.814583333333332860e+01,3.568503429811140813e+04
4.816666666666666430e+01,4.485529440427963709e+04
4.818750000000000000e+01,4.171852822704254504e+04
4.820833333333332860e+01,3.225458813405701949e+04
4.822916666666666430e+01,3.542965837583671964e+04
4.825000000000000000e+01,4.441614518224926724e+04
4.827083333333332860e+01,4.049709100949264393e+04
4.829166666666666430e+01,3.219959815750774578e+04
4.831250000000000000e+01,3.691086361144287366e+04
4.833333333333332860e+01,4.500786782356351614e+04
4.835416666666666430e+01,3.927970684833827545e+04
4.837500000000000000e+01,3.233578488297111471e+04
4.839583333333332860e+01,3.859772631282451766e+04
4.841666666666666430e+01,4.499394715478608850e+04
4.843750000000000000e+01,3.825757507796701248e+04
4.845833333333332860e+01,3.218272202478756299e+04
4.847916666666666430e+01,3.858891814883543702e+04
4.850000000000000000e+01,4.498751672093310481e+04
4.852083333333332860e+01,3.857877682945004199e+04
4.854166666666666430e+01,3.217329237970005488e+04
4.856250000000000000e+01,3.858106981663634360e+04
4.858333333333332860e+01,4.498103441310705966e+04
4.860416666666666430e+01,3.803571597625099093e+04
4.862500000000000000e+01,3.218327191082214995e+04
4.864583333333332860e+01,3.858438870878275338e+04
