0.000000000000000000e+00,-2.863442683796092129e-03
2.083333333333333218e-02,-5.705279048755610392e-03
4.166666666666666435e-02,-4.754027654053346284e-03
6.250000000000000000e-02,-5.033554749849314565e-03
8.333333333333332871e-02,-8.833618560969517045e-03
1.041666666666666574e-01,-8.746160994785995985e-03
1.250000000000000000e-01,-6.494859451370408460e-03
1.458333333333333148e-01,-1.062037006198212133e-02
1.666666666666666574e-01,-1.249811113162617796e-02
1.875000000000000000e-01,-8.026774458233687515e-03
2.083333333333333148e-01,-1.021689143072484693e-02
2.291666666666666574e-01,-1.543183708027739964e-02
2.500000000000000000e-01,-1.061435802205261750e-02
2.708333333333333148e-01,-8.614505953020974369e-03
2.916666666666666297e-01,-1.560680159008599049e-02
3.125000000000000000e-01,-1.597624543375428946e-02
3.333333333333333148e-01,-1.003081463508744345e-02
3.541666666666666297e-01,-1.314825758973103657e-02
3.750000000000000000e-01,-1.691238896701252256e-02
3.958333333333333148e-01,-1.118634511257069961e-02
4.166666666666666297e-01,-1.100389329541219714e-02
4.375000000000000000e-01,-1.755242312720490735e-02
4.583333333333333148e-01,-1.492119749929069102e-02
4.791666666666666297e-01,-1.076198196390595364e-02
5.000000000000000000e-01,-1.667046751643382410e-02
5.208333333333332593e-01,-1.804569805966252383e-02
5.416666666666666297e-01,-1.113895099980613534e-02
5.625000000000000000e-01,-1.211902268863040977e-02
5.833333333333332593e-01,-1.732108818217987026e-02
6.041666666666666297e-01,-1.273413140297042015e-02
6.250000000000000000e-01,-1.025565499530380759e-02
6.458333333333332593e-01,-1.714108098187644424e-02
6.666666666666666297e-01,-1.723494129009664130e-02
6.875000000000000000e-01,-1.105532798381416749e-02
7.083333333333332593e-01,-1.428274180861520241e-02
7.291666666666666297e-01,-1.833978236753637872e-02
7.500000000000000000e-01,-1.166438495316248977e-02
7.708333333333332593e-01,-9.940680440877910917e-03
7.916666666666666297e-01,-1.734518166718852436e-02
8.125000000000000000e-01,-1.665048133565140767e-02
8.333333333333332593e-01,-1.046175821843846158e-02
8.541666666666666297e-01,-1.474354383953305377e-02
8.750000000000000000e-01,-1.770648735928232256e-02
8.958333333333332593e-01,-1.058090736644402667e-02
9.166666666666666297e-01,-9.598123912576330546e-03
9.375000000000000000e-01,-1.673040713076474548e-02
9.583333333333332593e-01,-1.539854725949395611e-02
9.791666666666666297e-01,-1.004549782072667284e-02
1.000000000000000000e+00,-1.533047214172301130e-02
1.020833333333333259e+00,-1.788324649058393306e-02
1.041666666666666519e+00,-1.006555389544968281e-02
1.062500000000000000e+00,-8.974621415784794082e-03
1.083333333333333259e+00,-1.614177338934194572e-02
1.104166666666666519e+00,-1.515220478929856819e-02
1.125000000000000000e+00,-9.424533516543282669e-03
1.145833333333333259e+00,-1.443659793578899210e-02
1.166666666666666519e+00,-1.738484123459490757e-02
1.187500000000000000e+00,-9.727116234845156403e-03
1.208333333333333259e+00,-8.213469262481700589e-03
1.229166666666666519e+00,-1.585365910402235928e-02
1.250000000000000000e+00,-1.599410427571244450e-02
1.270833333333333259e+00,-9.717095846856272853e-03
1.291666666666666519e+00,-1.288980577658927103e-02
1.312500000000000000e+00,-1.721578105350616769e-02
1.333333333333333259e+00,-1.073809295820415607e-02
1.354166666666666519e+00,-9.183580045402987141e-03
1.375000000000000000e+00,-1.672668985964775173e-02
1.395833333333333259e+00,-1.663289206816897375e-02
1.416666666666666519e+00,-1.056422980847981918e-02
1.437500000000000000e+00,-1.446078462827951258e-02
1.458333333333333259e+00,-1.813365846415276872e-02
1.479166666666666519e+00,-1.130969327877197686e-02
1.500000000000000000e+00,-1.000769248435792388e-02
1.520833333333333259e+00,-1.740397646056518477e-02
1.541666666666666519e+00,-1.692453106785601902e-02
1.562500000000000000e+00,-1.132530058318039975e-02
1.583333333333333259e+00,-1.591578666648236703e-02
1.604166666666666519e+00,-1.901664333258751283e-02
1.625000000000000000e+00,-1.182441001648824527e-02
1.645833333333333259e+00,-1.094973035398300043e-02
1.666666666666666519e+00,-1.798040679944687414e-02
1.687500000000000000e+00,-1.681067640738405367e-02
1.708333333333333259e+00,-1.153922161534786696e-02
1.729166666666666519e+00,-1.663317459656689021e-02
1.750000000000000000e+00,-1.920557244579481140e-02
1.770833333333333259e+00,-1.175360971188861223e-02
1.791666666666666519e+00,-1.096555941509969219e-02
1.812500000000000000e+00,-1.785426773296349551e-02
1.833333333333333259e+00,-1.631458834371054753e-02
1.854166666666666519e+00,-1.107770256563276115e-02
1.875000000000000000e+00,-1.656994707898883784e-02
1.895833333333333259e+00,-1.850919734289271576e-02
1.916666666666666519e+00,-1.100879020513453703e-02
1.937500000000000000e+00,-1.080252558202435785e-02
1.958333333333333259e+00,-1.728359523959274030e-02
1.979166666666666519e+00,-1.448412951105065502e-02
2.000000000000000000e+00,-1.023403102425436868e-02
2.020833333333333037e+00,-1.629208678166412308e-02
2.041666666666666519e+00,-1.779366511654810815e-02
2.062500000000000000e+00,-1.047354671526426299e-02
2.083333333333333037e+00,-1.090676258769702513e-02
2.104166666666666519e+00,-1.675767372468170771e-02
2.125000000000000000e+00,-1.284858040355556404e-02
2.145833333333333037e+00,-9.398094719897357938e-03
2.166666666666666519e+00,-1.625031826032407103e-02
2.187500000000000000e+00,-1.690680517724436546e-02
2.208333333333333037e+00,-9.860324706985158089e-03
2.229166666666666519e+00,-1.170224355456977137e-02
2.250000000000000000e+00,-1.666512504837478967e-02
2.270833333333333037e+00,-1.062304525187445295e-02
2.291666666666666519e+00,-8.352050958119463728e-03
2.312500000000000000e+00,-1.611392050919465205e-02
2.333333333333333037e+00,-1.685952493299688187e-02
2.354166666666666519e+00,-9.791286721518398586e-03
2.375000000000000000e+00,-1.152075932225433280e-02
2.395833333333333037e+00,-1.663563904831098436e-02
2.416666666666666519e+00,-1.101928703673903283e-02
2.437500000000000000e+00,-8.807170879466622374e-03
2.458333333333333037e+00,-1.672154972630628816e-02
2.479166666666666519e+00,-1.776596712974167283e-02
2.500000000000000000e+00,-1.078554917342782263e-02
2.520833333333333037e+00,-1.188086790878004409e-02
2.541666666666666519e+00,-1.748653072952156481e-02
2.562500000000000000e+00,-1.250911807440371025e-02
2.583333333333333037e+00,-9.674584432086555733e-03
2.604166666666666519e+00,-1.701469005819962119e-02
2.625000000000000000e+00,-1.820569793533257166e-02
2.645833333333333037e+00,-1.115902553165820828e-02
2.666666666666666519e+00,-1.231847956498982426e-02
2.687500000000000000e+00,-1.780138709379708653e-02
2.708333333333333037e+00,-1.280033411831895361e-02
2.729166666666666519e+00,-1.014327329133010019e-02
2.750000000000000000e+00,-1.779132329762457554e-02
2.770833333333333037e+00,-1.905783449625943898e-02
2.791666666666666519e+00,-1.205817483317285325e-02
2.812500000000000000e+00,-1.330095546711678248e-02
2.833333333333333037e+00,-1.889235721904079790e-02
2.854166666666666519e+00,-1.373221661306319244e-02
2.875000000000000000e+00,-1.127746353879569181e-02
2.895833333333333037e+00,-1.903133710910702436e-02
2.916666666666666519e+00,-2.041388427610697082e-02
2.937500000000000000e+00,-1.333957038249192206e-02
2.958333333333333037e+00,-1.439855495132826881e-02
2.979166666666666519e+00,-2.011751502578125114e-02
3.000000000000000000e+00,-1.550958850603868962e-02
3.020833333333333037e+00,-1.262634066012440284e-02
3.041666666666666519e+00,-1.992236491662294565e-02
3.062500000000000000e+00,-2.125082963852424622e-02
3.083333333333333037e+00,-1.404798702344795848e-02
3.104166666666666519e+00,-1.465109223187668203e-02
3.125000000000000000e+00,-2.050581223686200050e-02
3.145833333333333037e+00,-1.647999825136245780e-02
3.166666666666666519e+00,-1.341316699361451946e-02
3.187500000000000000e+00,-2.066474715652552932e-02
3.208333333333333037e+00,-2.177731694906503632e-02
3.229166666666666519e+00,-1.460232068072114635e-02
3.250000000000000000e+00,-1.553710383645315503e-02
3.270833333333333037e+00,-2.112488369463648777e-02
3.291666666666666519e+00,-1.619508840776762854e-02
3.312500000000000000e+00,-1.364853087509139938e-02
3.333333333333333037e+00,-2.107497202806756995e-02
3.354166666666666519e+00,-2.202457083070254867e-02
3.375000000000000000e+00,-1.498702498420900753e-02
3.395833333333333037e+00,-1.637135926954360818e-02
3.416666666666666519e+00,-2.164201271543578220e-02
3.437500000000000000e+00,-1.649888058099577628e-02
3.458333333333333037e+00,-1.405496093502145959e-02
3.479166666666666519e+00,-2.152289446038960913e-02
3.500000000000000000e+00,-2.235875177637505068e-02
3.520833333333333037e+00,-1.575773216750062794e-02
3.541666666666666519e+00,-1.751407092419784636e-02
3.562500000000000000e+00,-2.248604136333838543e-02
3.583333333333333037e+00,-1.695804663403049917e-02
3.604166666666666519e+00,-1.533643060444620301e-02
3.625000000000000000e+00,-2.261851664786712970e-02
3.645833333333333037e+00,-2.227300212130841131e-02
3.666666666666666519e+00,-1.613249187823184369e-02
3.687500000000000000e+00,-1.977671887753926216e-02
3.708333333333333037e+00,-2.352795336799277590e-02
3.729166666666666519e+00,-1.696081470119449250e-02
3.750000000000000000e+00,-1.549676856850766907e-02
3.770833333333333037e+00,-2.286147447422095386e-02
3.791666666666666519e+00,-2.233476394896123651e-02
3.812500000000000000e+00,-1.645475368459866500e-02
3.833333333333333037e+00,-2.055141379489416539e-02
3.854166666666666519e+00,-2.398898116808832401e-02
3.875000000000000000e+00,-1.682020222681638796e-02
3.895833333333333037e+00,-1.513882055079135078e-02
3.916666666666666519e+00,-2.246596383894863130e-02
3.937500000000000000e+00,-2.222685726427009803e-02
3.958333333333333037e+00,-1.593772866175842060e-02
3.979166666666666519e+00,-1.938349365197622465e-02
4.000000000000000000e+00,-2.314687123175162772e-02
4.020833333333333037e+00,-1.666180924069599750e-02
4.041666666666666075e+00,-1.527618421411208738e-02
4.062500000000000000e+00,-2.252338932128175250e-02
4.083333333333333037e+00,-2.181359517947666429e-02
4.104166666666666075e+00,-1.562327449707830683e-02
4.125000000000000000e+00,-1.911361609841990064e-02
4.145833333333333037e+00,-2.167994650399092393e-02
4.166666666666666075e+00,-1.449649760730530382e-02
4.187500000000000000e+00,-1.299225197005988292e-02
4.208333333333333037e+00,-1.941549535086908168e-02
4.229166666666666075e+00,-1.766277535666593151e-02
4.250000000000000000e+00,-1.163295878799536741e-02
4.270833333333333037e+00,-1.605639836873836920e-02
4.291666666666666075e+00,-1.874354935016390999e-02
4.312500000000000000e+00,-1.140129138129420718e-02
4.333333333333333037e+00,-9.846135339479008056e-03
4.354166666666666075e+00,-1.637622331021157743e-02
4.375000000000000000e+00,-1.509926079345485540e-02
4.395833333333333037e+00,-1.003750062162820159e-02
4.416666666666666075e+00,-1.456055242623656258e-02
4.437500000000000000e+00,-1.663203325495174814e-02
4.458333333333333037e+00,-1.007169515598302194e-02
4.479166666666666075e+00,-1.111280861899183701e-02
4.500000000000000000e+00,-1.649693945433484618e-02
4.520833333333333037e+00,-1.124283373104218407e-02
4.541666666666666075e+00,-8.845975123531482631e-03
4.562500000000000000e+00,-1.669163041906270364e-02
4.583333333333333037e+00,-1.763946293049754865e-02
4.604166666666666075e+00,-1.072384524789885517e-02
4.625000000000000000e+00,-1.214674448535416756e-02
4.645833333333333037e+00,-1.744290655187562961e-02
4.666666666666666075e+00,-1.234002811677858621e-02
4.687500000000000000e+00,-1.018864089781243085e-02
4.708333333333333037e+00,-1.748081721309258096e-02
4.729166666666666075e+00,-1.771362427954063790e-02
4.750000000000000000e+00,-1.141251717825481245e-02
4.770833333333333037e+00,-1.449539560109064547e-02
4.791666666666666075e+00,-1.870776060013418923e-02
4.812500000000000000e+00,-1.229594475848888417e-02
4.833333333333333037e+00,-1.087222590599574816e-02
4.854166666666666075e+00,-1.837912446717593698e-02
4.875000000000000000e+00,-1.808271625730973470e-02
4.895833333333333037e+00,-1.200803101537914301e-02
4.916666666666666075e+00,-1.595880321526001525e-02
4.937500000000000000e+00,-1.939901311973736900e-02
4.958333333333333037e+00,-1.248884127276119436e-02
4.979166666666666075e+00,-1.109224940251856903e-02
5.000000000000000000e+00,-1.845733000721110767e-02
5.020833333333333037e+00,-1.785683744715482052e-02
5.041666666666666075e+00,-1.200057544035567150e-02
5.062500000000000000e+00,-1.613419038164402852e-02
5.083333333333333037e+00,-1.944410132790488216e-02
5.104166666666666075e+00,-1.244497448989437434e-02
5.125000000000000000e+00,-1.140616287621334414e-02
5.145833333333333037e+00,-1.834090222971838935e-02
5.166666666666666075e+00,-1.700536183092435372e-02
5.187500000000000000e+00,-1.158562976354984668e-02
5.208333333333333037e+00,-1.685957320778068771e-02
5.229166666666666075e+00,-1.931688586131464352e-02
5.250000000000000000e+00,-1.181733391341715372e-02
5.270833333333333037e+00,-1.091096958986907152e-02
5.291666666666666075e+00,-1.787292629369045815e-02
5.312500000000000000e+00,-1.631325439308028979e-02
5.333333333333333037e+00,-1.120335469744470833e-02
5.354166666666666075e+00,-1.648894138602539222e-02
5.375000000000000000e+00,-1.854771139048422626e-02
5.395833333333333037e+00,-1.103903979107615126e-02
5.416666666666666075e+00,-1.060994660306088973e-02
5.437500000000000000e+00,-1.703696499128509040e-02
5.458333333333333037e+00,-1.439184723261551467e-02
5.479166666666666075e+00,-9.842463894288954601e-03
5.500000000000000000e+00,-1.582816038519322885e-02
5.520833333333333037e+00,-1.722214181002117844e-02
5.541666666666666075e+00,-9.893730773314306573e-03
5.562500000000000000e+00,-1.020062299770166381e-02
5.583333333333333037e+00,-1.580722318481001670e-02
5.604166666666666075e+00,-1.116196511753844711e-02
5.625000000000000000e+00,-7.811000635192410189e-03
5.645833333333333037e+00,-1.489948816014242082e-02
5.666666666666666075e+00,-1.590560723429520346e-02
5.687500000000000000e+00,-8.400561793569785371e-03
5.708333333333333037e+00,-9.018558929564888041e-03
5.729166666666666075e+00,-1.449657014805291744e-02
5.750000000000000000e+00,-9.427186599378585552e-03
5.770833333333333037e+00,-6.382446567276041198e-03
5.791666666666666075e+00,-1.392794279447042566e-02
5.812500000000000000e+00,-1.537074412309888567e-02
5.833333333333333037e+00,-7.736227902709496597e-03
5.854166666666666075e+00,-7.999560885647209393e-03
5.875000000000000000e+00,-1.421982371931484503e-02
5.895833333333333037e+00,-1.062047437042146908e-02
5.916666666666666075e+00,-6.502169337697863080e-03
5.937500000000000000e+00,-1.359066941874895011e-02
5.958333333333333037e+00,-1.607711071229958946e-02
5.979166666666666075e+00,-8.073698169927605653e-03
6.000000000000000000e+00,-6.465491882652669130e-03
6.020833333333333037e+00,-1.384010887548906346e-02
6.041666666666666075e+00,-1.367158641773844226e-02
6.062500000000000000e+00,-7.434464507057631996e-03
6.083333333333333037e+00,-1.055988371977238313e-02
6.104166666666666075e+00,-1.483485941731338756e-02
6.125000000000000000e+00,-8.338724659525981187e-03
6.145833333333333037e+00,-6.536478712614921145e-03
6.166666666666666075e+00,-1.407092072674884231e-02
6.187500000000000000e+00,-1.425466427253293221e-02
6.208333333333333037e+00,-7.714053253970495037e-03
6.229166666666666075e+00,-1.056750725483985437e-02
6.250000000000000000e+00,-1.497365449208949706e-02
6.270833333333333037e+00,-8.741378306041660065e-03
6.291666666666666075e+00,-6.637731501840293293e-03
6.312500000000000000e+00,-1.434241182392566663e-02
6.333333333333333037e+00,-1.514936274941013766e-02
6.354166666666666075e+00,-8.278362697810194223e-03
6.375000000000000000e+00,-9.897355229315719233e-03
6.395833333333333037e+00,-1.516253415288000214e-02
6.416666666666666075e+00,-9.642443748378779628e-03
6.437500000000000000e+00,-7.696976935542517925e-03
6.458333333333333037e+00,-1.540796325572456674e-02
6.479166666666666075e+00,-1.595507055463228283e-02
6.500000000000000000e+00,-9.436389508160039977e-03
6.520833333333333037e+00,-1.223478403193596804e-02
6.541666666666666075e+00,-1.668114077169354295e-02
6.562500000000000000e+00,-1.038912586453795590e-02
6.583333333333333037e+00,-8.794553208487675133e-03
6.604166666666666075e+00,-1.668360289097059815e-02
6.625000000000000000e+00,-1.697481629185327787e-02
6.645833333333333037e+00,-1.052118743831281442e-02
6.666666666666666075e+00,-1.348195192956971877e-02
6.687500000000000000e+00,-1.795136071597029301e-02
6.708333333333333037e+00,-1.148990383243879074e-02
6.729166666666666075e+00,-9.546788906805847921e-03
6.750000000000000000e+00,-1.739505984934497027e-02
6.770833333333333037e+00,-1.830610840954732116e-02
6.791666666666666075e+00,-1.154789106902896073e-02
6.812500000000000000e+00,-1.350380860499090195e-02
6.833333333333333037e+00,-1.861006724169677468e-02
6.854166666666666075e+00,-1.306478638894439243e-02
6.875000000000000000e+00,-1.142824297054926587e-02
6.895833333333333037e+00,-1.902632135006204067e-02
6.916666666666666075e+00,-1.914447399161022315e-02
6.937500000000000000e+00,-1.281435551518399045e-02
6.958333333333333037e+00,-1.590989518326710317e-02
6.979166666666666075e+00,-2.001435264313687276e-02
7.000000000000000000e+00,-1.367901021259061711e-02
7.020833333333333037e+00,-1.199551743744497502e-02
7.041666666666666075e+00,-1.944040630913738271e-02
7.062500000000000000e+00,-1.921295744296002556e-02
7.083333333333333037e+00,-1.315061128870802405e-02
7.104166666666666075e+00,-1.670337103490370304e-02
7.125000000000000000e+00,-2.040784364764429079e-02
7.145833333333333037e+00,-1.372887892932671619e-02
7.166666666666666075e+00,-1.236387083990119276e-02
7.187500000000000000e+00,-1.947297710529603126e-02
7.208333333333333037e+00,-1.880008486555457409e-02
7.229166666666666075e+00,-1.283358702453683484e-02
7.250000000000000000e+00,-1.692077055088647350e-02
7.270833333333333037e+00,-2.037631448078882149e-02
7.291666666666666075e+00,-1.356830238034220128e-02
7.312500000000000000e+00,-1.212190036217418096e-02
7.333333333333333037e+00,-1.932834628293523399e-02
7.354166666666666075e+00,-1.865849672723271860e-02
7.375000000000000000e+00,-1.296079228150347207e-02
7.395833333333333037e+00,-1.736344796003003177e-02
7.416666666666666075e+00,-2.053373206977168741e-02
7.437500000000000000e+00,-1.323169669643370523e-02
7.458333333333333037e+00,-1.171117488274350110e-02
7.479166666666666075e+00,-1.891811841930032129e-02
7.500000000000000000e+00,-1.830817493322208292e-02
7.520833333333333037e+00,-1.221341726163436420e-02
7.541666666666666075e+00,-1.603775743808499160e-02
7.562500000000000000e+00,-1.946708007000947857e-02
7.583333333333333037e+00,-1.257644677001531520e-02
7.604166666666666075e+00,-1.093633339874998042e-02
7.625000000000000000e+00,-1.818971590362708848e-02
7.645833333333333037e+00,-1.763185324184670874e-02
7.666666666666666075e+00,-1.157062698594436834e-02
7.687500000000000000e+00,-1.519512937099771858e-02
7.708333333333333037e+00,-1.858159714341137136e-02
7.729166666666666075e+00,-1.136739325622359263e-02
7.750000000000000000e+00,-9.686821963066397437e-03
7.770833333333333037e+00,-1.685235349795256160e-02
7.791666666666666075e+00,-1.622988488816434413e-02
7.812500000000000000e+00,-1.002061491758291303e-02
7.833333333333333037e+00,-1.401437969141186221e-02
7.854166666666666075e+00,-1.736357075936583935e-02
7.875000000000000000e+00,-1.029628047119224114e-02
7.895833333333333037e+00,-8.652322006005299174e-03
7.916666666666666075e+00,-1.614560156828945270e-02
7.937500000000000000e+00,-1.610013680811138784e-02
7.958333333333333037e+00,-9.948167901815839834e-03
7.979166666666666075e+00,-1.313650076888338465e-02
8.000000000000000000e+00,-1.727755816287335211e-02
8.020833333333332149e+00,-1.098706247100329422e-02
8.041666666666666075e+00,-9.496224571629616196e-03
8.062500000000000000e+00,-1.653829531417807738e-02
8.083333333333332149e+00,-1.602476033890699869e-02
8.104166666666666075e+00,-1.049465223941872978e-02
8.125000000000000000e+00,-1.496578915662578543e-02
8.145833333333332149e+00,-1.779131294322347165e-02
8.166666666666666075e+00,-1.099531948251291844e-02
8.187500000000000000e+00,-1.063188451456680006e-02
8.208333333333332149e+00,-1.726553465970794704e-02
8.229166666666666075e+00,-1.489871398231728920e-02
8.250000000000000000e+00,-1.032286902592538871e-02
8.270833333333332149e+00,-1.608450183291897789e-02
8.291666666666666075e+00,-1.774043953441046748e-02
8.312500000000000000e+00,-1.030923621364754697e-02
8.333333333333332149e+00,-1.051514350669871707e-02
8.354166666666666075e+00,-1.667730076584540005e-02
8.375000000000000000e+00,-1.331437543013455974e-02
8.395833333333332149e+00,-9.382010190147557077e-03
8.416666666666666075e+00,-1.604874585773286011e-02
8.437500000000000000e+00,-1.755939270822031578e-02
8.458333333333332149e+00,-1.027556979858935959e-02
8.479166666666666075e+00,-1.080902967346169391e-02
8.500000000000000000e+00,-1.677317573467127301e-02
8.520833333333332149e+00,-1.265826940330722072e-02
8.541666666666666075e+00,-9.401232665016344761e-03
8.562500000000000000e+00,-1.637882515507357861e-02
8.583333333333332149e+00,-1.769594114051391970e-02
8.604166666666666075e+00,-1.048360616305105998e-02
8.625000000000000000e+00,-1.140362028807104591e-02
8.645833333333332149e+00,-1.706204662802757177e-02
8.666666666666666075e+00,-1.237907380312793307e-02
8.687500000000000000e+00,-9.432686715434670729e-03
8.708333333333332149e+00,-1.680013838125656370e-02
8.729166666666666075e+00,-1.783780624188904818e-02
8.750000000000000000e+00,-1.083879893902440703e-02
8.770833333333332149e+00,-1.205716515962945885e-02
8.791666666666666075e+00,-1.753777735558042714e-02
8.812500000000000000e+00,-1.220826765472585347e-02
8.833333333333332149e+00,-9.895683562618103751e-03
8.854166666666666075e+00,-1.752443725397909852e-02
8.875000000000000000e+00,-1.818726682939621545e-02
8.895833333333332149e+00,-1.148857231435247185e-02
8.916666666666666075e+00,-1.367157441115329254e-02
8.937500000000000000e+00,-1.832060734332902410e-02
8.958333333333332149e+00,-1.254219621733818069e-02
8.979166666666666075e+00,-1.086513083217107919e-02
9.000000000000000000e+00,-1.842766539133089757e-02
9.020833333333332149e+00,-1.830813921081961282e-02
9.041666666666666075e+00,-1.218980973877300741e-02
9.062500000000000000e+00,-1.570760511923936786e-02
9.083333333333332149e+00,-1.959985089599973820e-02
9.104166666666666075e+00,-1.276079593155762977e-02
9.125000000000000000e+00,-1.108929556527068344e-02
9.145833333333332149e+00,-1.857877941531164978e-02
9.166666666666666075e+00,-1.859533270491685319e-02
9.187500000000000000e+00,-1.234287325724242775e-02
9.208333333333332149e+00,-1.561728926595576383e-02
9.229166666666666075e+00,-1.942741367468736255e-02
9.250000000000000000e+00,-1.322833735976782638e-02
9.270833333333332149e+00,-1.242060410256418286e-02
9.291666666666666075e+00,-1.923647158901425208e-02
9.312500000000000000e+00,-1.725672433546275933e-02
9.333333333333332149e+00,-1.248771884431782754e-02
9.354166666666666075e+00,-1.813533041701617318e-02
9.375000000000000000e+00,-1.980504385773671633e-02
9.395833333333332149e+00,-1.222546662387193062e-02
9.416666666666666075e+00,-1.234146849082864462e-02
9.437500000000000000e+00,-1.857354627484504236e-02
9.458333333333332149e+00,-1.531193130700991833e-02
9.479166666666666075e+00,-1.134703647117713855e-02
9.500000000000000000e+00,-1.792921617336028922e-02
9.520833333333332149e+00,-1.932009645552358254e-02
9.541666666666666075e+00,-1.221575273070978594e-02
9.562500000000000000e+00,-1.324137569574696492e-02
9.583333333333332149e+00,-1.881144766200915433e-02
9.604166666666666075e+00,-1.346881342959156506e-02
9.625000000000000000e+00,-1.115685340959146968e-02
9.645833333333332149e+00,-1.898344214397968549e-02
9.666666666666666075e+00,-1.989368924847393846e-02
9.687500000000000000e+00,-1.290703373223631503e-02
9.708333333333332149e+00,-1.445138777281331811e-02
9.729166666666666075e+00,-1.940361262852444146e-02
9.750000000000000000e+00,-1.432045735453162105e-02
9.770833333333332149e+00,-1.272837342051848231e-02
9.791666666666666075e+00,-1.952845511974633796e-02
9.812500000000000000e+00,-1.844709471215046429e-02
9.833333333333332149e+00,-1.307639087993360365e-02
9.854166666666666075e+00,-1.810405824260635094e-02
9.875000000000000000e+00,-2.057189624185173926e-02
9.895833333333332149e+00,-1.282075257073194384e-02
9.916666666666666075e+00,-1.199331170805213384e-02
9.937500000000000000e+00,-1.911659552950370142e-02
9.958333333333332149e+00,-1.768545121311074220e-02
9.979166666666666075e+00,-1.205507006324674224e-02
1.000000000000000000e+01,-1.767215476897389739e-02
1.002083333333333215e+01,-2.032473820718212407e-02
1.004166666666666607e+01,-1.219651350486622432e-02
1.006250000000000000e+01,-1.030968474054197101e-02
1.008333333333333215e+01,-1.808291950367239484e-02
1.010416666666666607e+01,-1.867352237579332150e-02
1.012500000000000000e+01,-1.202423085686762927e-02
1.014583333333333215e+01,-1.400022656396442480e-02
1.016666666666666607e+01,-1.910867971329139117e-02
1.018750000000000000e+01,-1.346925799687495595e-02
1.020833333333333215e+01,-1.156905495389710242e-02
1.022916666666666607e+01,-1.923216736951439618e-02
1.025000000000000000e+01,-1.975487211226252190e-02
1.027083333333333215e+01,-1.305246460959308061e-02
1.029166666666666607e+01,-1.545080991911734238e-02
1.031250000000000000e+01,-2.033643046919282951e-02
1.033333333333333215e+01,-1.433802994669125877e-02
1.035416666666666607e+01,-1.195012477444461554e-02
1.037500000000000000e+01,-2.023486723931449197e-02
1.039583333333333215e+01,-2.217055063118369626e-02
1.041666666666666607e+01,-1.449722238807354263e-02
1.043750000000000000e+01,-1.371519830758251290e-02
1.045833333333333215e+01,-2.084832895661636182e-02
1.047916666666666607e+01,-1.985271214127175277e-02
1.050000000000000000e+01,-1.442424744854275270e-02
1.052083333333333215e+01,-1.928711597570540240e-02
1.054166666666666607e+01,-2.225355876562670060e-02
1.056250000000000000e+01,-1.472399659020317934e-02
1.058333333333333215e+01,-1.343280740814740970e-02
1.060416666666666607e+01,-2.068552350834340636e-02
1.062500000000000000e+01,-2.000997747842806623e-02
1.064583333333333215e+01,-1.405753604325998829e-02
1.066666666666666607e+01,-1.849471422283846186e-02
1.068750000000000000e+01,-2.179921507155673302e-02
1.070833333333333215e+01,-1.452185062883891604e-02
1.072916666666666607e+01,-1.275965682579774906e-02
1.075000000000000000e+01,-2.047887769104326725e-02
1.077083333333333215e+01,-2.096326282914547437e-02
1.079166666666666607e+01,-1.437207868701091511e-02
1.081250000000000000e+01,-1.639195973346128238e-02
1.083333333333333215e+01,-2.148652128893587324e-02
1.085416666666666607e+01,-1.590490571101738776e-02
1.087500000000000000e+01,-1.403273988230622875e-02
1.089583333333333215e+01,-2.139752627323474390e-02
1.091666666666666607e+01,-2.159539900456148784e-02
1.093750000000000000e+01,-1.539130501833362377e-02
1.095833333333333215e+01,-1.844747524981115577e-02
1.097916666666666607e+01,-2.255001468749775334e-02
1.100000000000000000e+01,-1.643155735267356338e-02
1.102083333333333215e+01,-1.508164340980094192e-02
1.104166666666666607e+01,-2.247323074671877391e-02
1.106250000000000000e+01,-2.206227287878684273e-02
1.108333333333333215e+01,-1.606351723441877891e-02
1.110416666666666607e+01,-1.968822987810011499e-02
1.112500000000000000e+01,-2.361394979248975304e-02
1.114583333333333215e+01,-1.696217704331013168e-02
1.116666666666666607e+01,-1.535481768998878810e-02
1.118750000000000000e+01,-2.253645951871938169e-02
1.120833333333333215e+01,-2.225840850434944798e-02
1.122916666666666607e+01,-1.643982760406934723e-02
1.125000000000000000e+01,-2.030059233351943354e-02
1.127083333333333215e+01,-2.350713724349596037e-02
1.129166666666666607e+01,-1.710808266401132177e-02
1.131250000000000000e+01,-1.672824316315638105e-02
1.133333333333333215e+01,-2.334507190459519932e-02
1.135416666666666607e+01,-2.079090397850509239e-02
1.137500000000000000e+01,-1.644131730718215861e-02
1.139583333333333215e+01,-2.241159383970401167e-02
1.141666666666666607e+01,-2.395580157706696245e-02
1.143750000000000000e+01,-1.676898174062787378e-02
1.145833333333333215e+01,-1.739944678536835265e-02
1.147916666666666607e+01,-2.328843823345073255e-02
1.150000000000000000e+01,-1.927648832343506827e-02
1.152083333333333215e+01,-1.593969466709356173e-02
1.154166666666666607e+01,-2.297267270228008779e-02
1.156250000000000000e+01,-2.450506799615451842e-02
1.158333333333333215e+01,-1.742758239673259865e-02
1.160416666666666607e+01,-1.828563782847323141e-02
1.162500000000000000e+01,-2.420347008545589360e-02
1.164583333333333215e+01,-1.984352196535715124e-02
1.166666666666666607e+01,-1.700074603490089875e-02
1.168750000000000000e+01,-2.421504375066776960e-02
1.170833333333333215e+01,-2.535350594413833883e-02
1.172916666666666607e+01,-1.847787049608320270e-02
1.175000000000000000e+01,-2.016345053973880863e-02
1.177083333333333215e+01,-2.547856063882941377e-02
1.179166666666666607e+01,-2.012408923662011018e-02
1.181250000000000000e+01,-1.812644616344169166e-02
1.183333333333333215e+01,-2.587281670648054061e-02
1.185416666666666607e+01,-2.657969783527983423e-02
1.187500000000000000e+01,-2.017739682620156919e-02
1.189583333333333215e+01,-2.258204871379350387e-02
1.191666666666666607e+01,-2.714333155161176639e-02
1.193750000000000000e+01,-2.141452047230292186e-02
1.195833333333333215e+01,-2.023515452205586554e-02
1.197916666666666607e+01,-2.744952215629248640e-02
1.200000000000000000e+01,-2.638904785929444344e-02
1.202083333333333215e+01,-2.089716240461630611e-02
1.204166666666666607e+01,-2.618671318341173060e-02
1.206250000000000000e+01,-2.853946793720671393e-02
1.208333333333333215e+01,-2.047429542302942052e-02
1.210416666666666607e+01,-1.898006300156770965e-02
1.212500000000000000e+01,-2.597044507492314580e-02
1.214583333333333215e+01,-2.497659782127788913e-02
1.216666666666666607e+01,-1.916124398518730468e-02
1.218750000000000000e+01,-2.370223317924391448e-02
1.220833333333333215e+01,-2.628212775247628502e-02
1.222916666666666607e+01,-1.906923011867950671e-02
1.225000000000000000e+01,-1.837777824778587948e-02
1.227083333333333215e+01,-2.486616993553737720e-02
1.229166666666666607e+01,-2.204145909324394317e-02
1.231250000000000000e+01,-1.751748226981875850e-02
1.233333333333333215e+01,-2.377745476830501331e-02
1.235416666666666607e+01,-2.538713561461708457e-02
1.237500000000000000e+01,-1.757103660803234144e-02
1.239583333333333215e+01,-1.726284014656924437e-02
1.241666666666666607e+01,-2.364206472871937387e-02
1.243750000000000000e+01,-2.068878676436857605e-02
1.245833333333333215e+01,-1.609198314621215417e-02
1.247916666666666607e+01,-2.242803350340436680e-02
1.250000000000000000e+01,-2.411559289114144702e-02
1.252083333333333215e+01,-1.642814861237127180e-02
1.254166666666666607e+01,-1.627400576645967115e-02
1.256250000000000000e+01,-2.248617744575463068e-02
1.258333333333333215e+01,-1.903012307827780386e-02
1.260416666666666607e+01,-1.502416294874672417e-02
1.262500000000000000e+01,-2.153968494696215097e-02
1.264583333333333215e+01,-2.290152202999389333e-02
1.266666666666666607e+01,-1.539147282200851140e-02
1.268750000000000000e+01,-1.566523684681588383e-02
1.270833333333333215e+01,-2.146066912258764309e-02
1.272916666666666607e+01,-1.735107573605823225e-02
1.275000000000000000e+01,-1.392812514273963735e-02
1.277083333333333215e+01,-2.084669023141218908e-02
1.279166666666666607e+01,-2.281877556628542428e-02
1.281250000000000000e+01,-1.598054342231134892e-02
1.283333333333333215e+01,-1.671093622498436015e-02
1.285416666666666607e+01,-2.259502017117003686e-02
1.287500000000000000e+01,-1.815665171932743030e-02
1.289583333333333215e+01,-1.531739483156308208e-02
1.291666666666666607e+01,-2.323947400574456756e-02
1.293750000000000000e+01,-2.470953586760346946e-02
1.295833333333333215e+01,-1.700121548454414447e-02
1.297916666666666607e+01,-1.745947483305591505e-02
1.300000000000000000e+01,-2.428042883593796789e-02
1.302083333333333215e+01,-2.086753089699506722e-02
1.304166666666666607e+01,-1.654451341352746255e-02
1.306250000000000000e+01,-2.351824208847355657e-02
1.308333333333333215e+01,-2.637081472300617513e-02
1.310416666666666607e+01,-1.786868863340447533e-02
1.312500000000000000e+01,-1.533927119823604371e-02
1.314583333333333215e+01,-2.336898637919263347e-02
1.316666666666666607e+01,-2.502065028936974536e-02
1.318750000000000000e+01,-1.744645411509303592e-02
1.320833333333333215e+01,-1.733259257446888649e-02
1.322916666666666607e+01,-2.364575539519982172e-02
1.325000000000000000e+01,-2.078965982962415263e-02
1.327083333333333215e+01,-1.632949022485778029e-02
1.329166666666666607e+01,-2.258871550764591368e-02
1.331250000000000000e+01,-2.435328100549916108e-02
1.333333333333333215e+01,-1.680309655283658207e-02
1.335416666666666607e+01,-1.658754093954961997e-02
1.337500000000000000e+01,-2.348919100225923401e-02
1.339583333333333215e+01,-2.108238408494226418e-02
1.341666666666666607e+01,-1.669920347299734195e-02
1.343750000000000000e+01,-2.307461132281244873e-02
1.345833333333333215e+01,-2.480227658751279346e-02
1.347916666666666607e+01,-1.668548271405568065e-02
1.350000000000000000e+01,-1.625830185014449925e-02
1.352083333333333215e+01,-2.324269833482255770e-02
1.354166666666666607e+01,-2.077859890407207297e-02
1.356250000000000000e+01,-1.554945365415382613e-02
1.358333333333333215e+01,-2.198167317234472548e-02
1.360416666666666607e+01,-2.513209200099828303e-02
1.362500000000000000e+01,-1.634251032400086887e-02
1.364583333333333215e+01,-1.260584458614202007e-02
1.366666666666666607e+01,-2.141391688087518341e-02
1.368750000000000000e+01,-2.531159845663327052e-02
1.370833333333333215e+01,-1.600667829079336843e-02
1.372916666666666607e+01,-1.118458027085200007e-02
1.375000000000000000e+01,-2.076860349152709340e-02
1.377083333333333215e+01,-2.633793421007384755e-02
1.379166666666666607e+01,-1.589576955466560915e-02
1.381250000000000000e+01,-8.186402913030688122e-03
1.383333333333333215e+01,-1.611341643399021376e-02
1.385416666666666607e+01,-2.068182001690272928e-02
1.387500000000000000e+01,-1.095014759987889344e-02
1.389583333333333215e+01,-5.240584848332160116e-03
1.391666666666666607e+01,-1.512549543881917639e-02
1.393750000000000000e+01,-2.148219957019218210e-02
1.395833333333333215e+01,-1.189778178862029023e-02
1.397916666666666607e+01,-5.370444561178927372e-03
1.400000000000000000e+01,-1.440302093924192457e-02
1.402083333333333215e+01,-1.975510204281774596e-02
1.404166666666666607e+01,-9.435914994540823067e-03
1.406250000000000000e+01,-2.375244751296822811e-03
1.408333333333333215e+01,-1.132382349793385236e-02
1.410416666666666607e+01,-1.720678988549591976e-02
1.412500000000000000e+01,-7.348334407496916187e-03
1.414583333333333215e+01,-3.464075129900310614e-04
1.416666666666666607e+01,-9.285836674632287971e-03
1.418750000000000000e+01,-1.552297575999446455e-02
1.420833333333333215e+01,-5.992841756561808481e-03
1.422916666666666607e+01,8.613905758647886525e-04
1.425000000000000000e+01,-8.181568295804011667e-03
1.427083333333333215e+01,-1.428171852517862508e-02
1.429166666666666607e+01,-4.656668916086655410e-03
1.431250000000000000e+01,2.002383942595080055e-03
1.433333333333333215e+01,-7.210077007447275935e-03
1.435416666666666607e+01,-1.328124488777632575e-02
1.437500000000000000e+01,-3.673225384991525653e-03
1.439583333333333215e+01,2.880788231172068479e-03
1.441666666666666607e+01,-6.423192951088830399e-03
1.443750000000000000e+01,-1.258125562769743695e-02
1.445833333333333215e+01,-3.073993882057059895e-03
1.447916666666666607e+01,3.348856439934491929e-03
1.450000000000000000e+01,-6.070372096674729948e-03
1.452083333333333215e+01,-1.244078104144292519e-02
1.454166666666666607e+01,-3.197447071296492110e-03
1.456250000000000000e+01,2.827932957030118797e-03
1.458333333333333215e+01,-7.109777973598976029e-03
1.460416666666666607e+01,-1.411717397926025123e-02
1.462500000000000000e+01,-5.566321248867256606e-03
1.464583333333333215e+01,-3.178586881063300180e-04
1.466666666666666607e+01,-1.043342741092803498e-02
1.468750000000000000e+01,-1.719916030307454963e-02
1.470833333333333215e+01,-8.667227921228900026e-03
1.472916666666666607e+01,-3.401983825622883779e-03
1.475000000000000000e+01,-1.331910365090540824e-02
1.477083333333333215e+01,-1.995278328428449002e-02
1.479166666666666607e+01,-1.124920563151104655e-02
1.481250000000000000e+01,-5.859470555228752167e-03
1.483333333333333215e+01,-1.615480195805145056e-02
1.485416666666666607e+01,-2.328124894145520984e-02
1.487500000000000000e+01,-1.493851135804998009e-02
1.489583333333333215e+01,-9.927061974858174265e-03
1.491666666666666607e+01,-1.993091242541335587e-02
1.493750000000000000e+01,-2.633309300754013704e-02
1.495833333333333215e+01,-1.725007855802176276e-02
1.497916666666666607e+01,-1.149927842073455997e-02
1.500000000000000000e+01,-2.166202106459658855e-02
1.502083333333333215e+01,-2.883462142148465746e-02
1.504166666666666607e+01,-1.987657112331085024e-02
1.506250000000000000e+01,-1.420533458017116460e-02
1.508333333333333215e+01,-2.468246407216776600e-02
1.510416666666666607e+01,-3.211769716183100754e-02
1.512500000000000000e+01,-2.364937508004329864e-02
1.514583333333333215e+01,-1.842398294969852662e-02
1.516666666666666607e+01,-2.833464844055843743e-02
1.518750000000000000e+01,-3.485672167426126511e-02
1.520833333333333215e+01,-2.593716429545335836e-02
1.522916666666666607e+01,-2.026311811082833966e-02
1.525000000000000000e+01,-3.007822914169408501e-02
1.527083333333333215e+01,-3.686720118134086122e-02
1.529166666666666607e+01,-2.801844139074762333e-02
1.531250000000000000e+01,-2.239143109701053833e-02
1.533333333333333215e+01,-3.235225481838471806e-02
1.535416666666666607e+01,-3.925391155771199014e-02
1.537500000000000000e+01,-3.049761197334428797e-02
1.539583333333333215e+01,-2.486975687121567927e-02
1.541666666666666607e+01,-3.478194816903037306e-02
1.543750000000000000e+01,-4.164859701960516719e-02
1.545833333333333215e+01,-3.270303210018927348e-02
1.547916666666666607e+01,-2.701308491819673710e-02
1.550000000000000000e+01,-3.713753806827283649e-02
1.552083333333333215e+01,-4.416349646634232240e-02
1.554166666666666607e+01,-3.524099757923663395e-02
1.556250000000000000e+01,-2.960792560956091585e-02
1.558333333333333215e+01,-3.983035311843594051e-02
1.560416666666666607e+01,-4.693708511893105589e-02
1.562500000000000000e+01,-3.814371873890946840e-02
1.564583333333333215e+01,-3.262881354677558271e-02
1.566666666666666607e+01,-4.278050466293285836e-02
1.568750000000000000e+01,-4.980007308109810765e-02
1.570833333333333215e+01,-4.119148604664285562e-02
1.572916666666666607e+01,-3.584448187185121371e-02
1.575000000000000000e+01,-4.581206940296458224e-02
1.577083333333333215e+01,-5.252677719174356219e-02
1.579166666666666607e+01,-4.351146966512362685e-02
1.581250000000000000e+01,-3.774110536442237818e-02
1.583333333333333215e+01,-4.750256202327044625e-02
1.585416666666666607e+01,-5.418626472200387817e-02
1.587500000000000000e+01,-4.533021023667612587e-02
1.589583333333333215e+01,-3.966189490183882199e-02
1.591666666666666607e+01,-4.954605529157405513e-02
1.593750000000000000e+01,-5.637958797857007404e-02
1.595833333333333215e+01,-4.738480883036265412e-02
1.597916666666666607e+01,-4.165283514284989080e-02
1.600000000000000000e+01,-5.175760652004567780e-02
1.602083333333333215e+01,-5.875959617863859424e-02
1.604166666666666430e+01,-4.978692578199836460e-02
1.606250000000000000e+01,-4.411091706718376498e-02
1.608333333333333215e+01,-5.431739819437179928e-02
1.610416666666666430e+01,-6.140406516360070316e-02
1.612500000000000000e+01,-5.256253806705709491e-02
1.614583333333333215e+01,-4.701508780673017973e-02
1.616666666666666430e+01,-5.720648728862141874e-02
1.618750000000000000e+01,-6.429113943250883145e-02
1.620833333333333215e+01,-5.574909614616359310e-02
1.622916666666666430e+01,-5.048471912071669093e-02
1.625000000000000000e+01,-6.035236117787626947e-02
1.627083333333333215e+01,-6.683850303589317088e-02
1.629166666666666430e+01,-5.760354445176648491e-02
1.631250000000000000e+01,-5.161535364364809586e-02
1.633333333333333215e+01,-6.123934860585933393e-02
1.635416666666666430e+01,-6.779653942152896740e-02
1.637500000000000000e+01,-5.878858405967397893e-02
1.639583333333333215e+01,-5.301813216184465827e-02
1.641666666666666430e+01,-6.283877131454616849e-02
1.643750000000000000e+01,-6.961098651669928028e-02
1.645833333333333215e+01,-6.060363452758346647e-02
1.647916666666666430e+01,-5.485120598393130459e-02
1.650000000000000000e+01,-6.486422276820680288e-02
1.652083333333333215e+01,-7.180020278896603880e-02
1.654166666666666430e+01,-6.288591828603498635e-02
1.656250000000000000e+01,-5.720438948547715979e-02
1.658333333333333215e+01,-6.725640189401321800e-02
1.660416666666666430e+01,-7.421673970654903141e-02
1.662500000000000000e+01,-6.531456945588179352e-02
1.664583333333333215e+01,-5.967955545976680320e-02
1.666666666666666430e+01,-6.963732404510533658e-02
1.668750000000000000e+01,-7.649213309230802615e-02
1.670833333333333215e+01,-6.768611989326564493e-02
1.672916666666666430e+01,-6.215973705244118297e-02
1.675000000000000000e+01,-7.221591204160406063e-02
1.677083333333333215e+01,-7.920172033998311434e-02
1.679166666666666430e+01,-7.066868356374252091e-02
1.681250000000000000e+01,-6.524668203918312925e-02
1.683333333333333215e+01,-7.507542736913823400e-02
1.685416666666666430e+01,-8.183903482811483165e-02
1.687500000000000000e+01,-7.304444964303899446e-02
1.689583333333333215e+01,-6.745879242587844715e-02
1.691666666666666430e+01,-7.741630270452778961e-02
1.693750000000000000e+01,-8.433090109957215585e-02
1.695833333333333215e+01,-7.561186421571269856e-02
1.697916666666666430e+01,-7.010991798991000890e-02
1.700000000000000000e+01,-8.024158202359396586e-02
1.702083333333333215e+01,-8.739999681398989695e-02
1.704166666666666430e+01,-7.896824725330044148e-02
1.706250000000000000e+01,-7.372593890717607512e-02
1.708333333333333215e+01,-8.376061126048868488e-02
1.710416666666666430e+01,-9.053095953456011258e-02
1.712500000000000000e+01,-8.172402343455860418e-02
1.714583333333333215e+01,-7.634589955477651124e-02
1.716666666666666430e+01,-8.662546584054087173e-02
1.718750000000000000e+01,-9.373548212841709137e-02
1.720833333333333215e+01,-8.530456317371432062e-02
1.722916666666666430e+01,-8.045573853294211986e-02
1.725000000000000000e+01,-9.033543275855135390e-02
1.727083333333333215e+01,-9.615083123033195400e-02
1.729166666666666430e+01,-8.640799674586835399e-02
1.731250000000000000e+01,-8.017337053685311132e-02
1.733333333333333215e+01,-8.978102440020302444e-02
1.735416666666666430e+01,-9.599398917138010634e-02
1.737500000000000000e+01,-8.649899029116907279e-02
1.739583333333333215e+01,-8.016828709813018927e-02
1.741666666666666430e+01,-8.983323005362656155e-02
1.743750000000000000e+01,-9.636027894176452113e-02
1.745833333333333215e+01,-8.664622393203302853e-02
1.747916666666666430e+01,-7.988539014958181972e-02
1.750000000000000000e+01,-8.898926408894895779e-02
1.752083333333333215e+01,-9.529409511485223416e-02
1.754166666666666430e+01,-8.574058128349253127e-02
1.756250000000000000e+01,-7.919237263561688944e-02
1.758333333333333215e+01,-8.837947716442783042e-02
1.760416666666666430e+01,-9.475855956111098322e-02
1.762500000000000000e+01,-8.520859513146357422e-02
1.764583333333333215e+01,-7.850203775384705096e-02
1.766666666666666430e+01,-8.752217124469562071e-02
1.768750000000000000e+01,-9.376045631062775165e-02
1.770833333333333215e+01,-8.407254896841956371e-02
1.772916666666666430e+01,-7.722836577229100219e-02
1.775000000000000000e+01,-8.618605023176999225e-02
1.777083333333333215e+01,-9.234808336218955360e-02
1.779166666666666430e+01,-8.261420259489306306e-02
1.781250000000000000e+01,-7.596641689881022952e-02
1.783333333333333215e+01,-8.498724837136517607e-02
1.785416666666666430e+01,-9.079650487924084690e-02
1.787500000000000000e+01,-8.082385467440028615e-02
1.789583333333333215e+01,-7.425807158159249133e-02
1.791666666666666430e+01,-8.332828047192977761e-02
1.793750000000000000e+01,-8.916165673190702690e-02
1.795833333333333215e+01,-7.918158709555572772e-02
1.797916666666666430e+01,-7.228465103083211996e-02
1.800000000000000000e+01,-8.095727384106921054e-02
1.802083333333333215e+01,-8.635655362708515026e-02
1.804166666666666430e+01,-7.602383295177628231e-02
1.806250000000000000e+01,-6.879949161729263796e-02
1.808333333333333215e+01,-7.705294291681474839e-02
1.810416666666666430e+01,-8.195822714288453215e-02
1.812500000000000000e+01,-7.195897980533161320e-02
1.814583333333333215e+01,-6.489588774573461227e-02
1.816666666666666430e+01,-7.208936958680589591e-02
1.818750000000000000e+01,-7.605235856165745711e-02
1.820833333333333215e+01,-6.744294204396783510e-02
1.822916666666666430e+01,-6.336369033434820219e-02
1.825000000000000000e+01,-7.175934071293200989e-02
1.827083333333333215e+01,-7.535693660539700967e-02
1.829166666666666430e+01,-6.663968257713569210e-02
1.831250000000000000e+01,-6.289832436773834523e-02
1.833333333333333215e+01,-7.095984917644629353e-02
1.835416666666666430e+01,-7.380121099941831797e-02
1.837500000000000000e+01,-6.580739335603226492e-02
1.839583333333333215e+01,-6.369380498328316986e-02
1.841666666666666430e+01,-7.074777458532616192e-02
1.843750000000000000e+01,-7.062565803386611218e-02
1.845833333333333215e+01,-6.438688159934334576e-02
1.847916666666666430e+01,-6.750333622276309675e-02
1.850000000000000000e+01,-7.117797064038350330e-02
1.852083333333333215e+01,-6.484465000422515168e-02
1.854166666666666430e+01,-6.354278189368917085e-02
1.856250000000000000e+01,-7.055726221448660462e-02
1.858333333333333215e+01,-6.949643845004783993e-02
1.860416666666666430e+01,-6.373483400477010508e-02
1.862500000000000000e+01,-6.818738152371836558e-02
1.864583333333333215e+01,-7.117421768481567435e-02
1.866666666666666430e+01,-6.387127746502407888e-02
1.868750000000000000e+01,-6.244628949285575131e-02
1.870833333333333215e+01,-6.931034277497960527e-02
1.872916666666666430e+01,-6.816367226139631585e-02
1.875000000000000000e+01,-6.267849818977853926e-02
1.877083333333333215e+01,-6.764958217812216956e-02
1.879166666666666430e+01,-6.922924415940101550e-02
1.881250000000000000e+01,-6.169976182801926307e-02
1.883333333333333215e+01,-6.179684880864640129e-02
1.885416666666666430e+01,-6.801663740459316931e-02
1.887500000000000000e+01,-6.442442872279142974e-02
1.889583333333333215e+01,-6.042001210295289138e-02
1.891666666666666430e+01,-6.687703695048631547e-02
1.893750000000000000e+01,-6.824998988479925865e-02
1.895833333333333215e+01,-6.098168815715607205e-02
1.897916666666666430e+01,-6.141926727615314857e-02
1.900000000000000000e+01,-6.689031109273232967e-02
1.902083333333333215e+01,-6.238566063382267046e-02
1.904166666666666430e+01,-5.931037292480904194e-02
1.906250000000000000e+01,-6.635180197419504600e-02
1.908333333333333215e+01,-6.692428703192994377e-02
1.910416666666666430e+01,-6.008603639659152590e-02
1.912500000000000000e+01,-6.196411107038646976e-02
1.914583333333333215e+01,-6.667928839289745391e-02
1.916666666666666430e+01,-6.081267281738170216e-02
1.918750000000000000e+01,-5.894274083857703461e-02
1.920833333333333215e+01,-6.638111740069491118e-02
1.922916666666666430e+01,-6.635168497243029706e-02
1.925000000000000000e+01,-5.990268664695006656e-02
1.927083333333333215e+01,-6.273626406826444957e-02
1.929166666666666430e+01,-6.666893255993294742e-02
1.931250000000000000e+01,-6.065617272035030150e-02
1.933333333333333215e+01,-5.976517784450254001e-02
1.935416666666666430e+01,-6.648839579371411401e-02
1.937500000000000000e+01,-6.438183383197282339e-02
1.939583333333333215e+01,-5.946850437467127853e-02
1.941666666666666430e+01,-6.518511264804895122e-02
1.943750000000000000e+01,-6.672628603382374513e-02
1.945833333333333215e+01,-5.907029494721623142e-02
1.947916666666666430e+01,-5.908325731820576049e-02
1.950000000000000000e+01,-6.529704411583391044e-02
1.952083333333333215e+01,-6.198400747498754304e-02
1.954166666666666430e+01,-5.766457397479594904e-02
1.956250000000000000e+01,-6.422704083762509342e-02
1.958333333333333215e+01,-6.603960898164268345e-02
1.960416666666666430e+01,-5.829068698480119326e-02
1.962500000000000000e+01,-5.763567966788046143e-02
1.964583333333333215e+01,-6.423034889178927398e-02
1.966666666666666430e+01,-6.184878977043826997e-02
1.968750000000000000e+01,-5.704270046759137014e-02
1.970833333333333215e+01,-6.281525922402637907e-02
1.972916666666666430e+01,-6.435392491296797191e-02
1.975000000000000000e+01,-5.677614847383778002e-02
1.977083333333333215e+01,-5.678729265089312722e-02
1.979166666666666430e+01,-6.266545573489629151e-02
1.981250000000000000e+01,-5.882201334617916111e-02
1.983333333333333215e+01,-5.513035585759590990e-02
1.985416666666666430e+01,-6.182027896744658746e-02
1.987500000000000000e+01,-6.303914266993276838e-02
1.989583333333333215e+01,-5.568065375109745169e-02
1.991666666666666430e+01,-5.626619110578632427e-02
1.993750000000000000e+01,-6.201177863955837505e-02
1.995833333333333215e+01,-5.773327420959114414e-02
1.997916666666666430e+01,-5.420978418229219914e-02
2.000000000000000000e+01,-6.137545644611064333e-02
2.002083333333333215e+01,-6.300853817845294969e-02
2.004166666666666430e+01,-5.574037959978481171e-02
2.006250000000000000e+01,-5.592149800620842964e-02
2.008333333333333215e+01,-6.182730164595089811e-02
2.010416666666666430e+01,-5.812079109504325602e-02
2.012500000000000000e+01,-5.471889864687391747e-02
2.014583333333333215e+01,-6.114291296321014424e-02
2.016666666666666430e+01,-6.188097505053381797e-02
2.018750000000000000e+01,-5.498461295106788632e-02
2.020833333333333215e+01,-5.689082223333680188e-02
2.022916666666666430e+01,-6.167696193181594622e-02
2.025000000000000000e+01,-5.596976938412625419e-02
2.027083333333333215e+01,-5.420625671922916361e-02
2.029166666666666430e+01,-6.171409422075742335e-02
2.031250000000000000e+01,-6.159815896453858103e-02
2.033333333333333215e+01,-5.541409207577527307e-02
2.035416666666666430e+01,-5.866074946086131253e-02
2.037500000000000000e+01,-6.257048871427565995e-02
2.039583333333333215e+01,-5.617819276509599530e-02
2.041666666666666430e+01,-5.513297369067015480e-02
2.043750000000000000e+01,-6.202154692565917810e-02
2.045833333333333215e+01,-6.053036316172499820e-02
2.047916666666666430e+01,-5.526359042275240385e-02
2.050000000000000000e+01,-6.065074806815237696e-02
2.052083333333333215e+01,-6.279517922986796452e-02
2.054166666666666430e+01,-5.533486400199820465e-02
2.056250000000000000e+01,-5.477726172057861831e-02
2.058333333333333215e+01,-6.144768870198547006e-02
2.060416666666666430e+01,-5.919484030899978266e-02
2.062500000000000000e+01,-5.440831341595016302e-02
2.064583333333333215e+01,-6.017451430211577523e-02
2.066666666666666430e+01,-6.196335237424500930e-02
2.068750000000000000e+01,-5.426883090880087884e-02
2.070833333333333215e+01,-5.400303117949210169e-02
2.072916666666666430e+01,-6.040133075875578350e-02
2.075000000000000000e+01,-5.773787297038812660e-02
2.077083333333333215e+01,-5.318762420786496414e-02
2.079166666666666430e+01,-5.927731974709467277e-02
2.081250000000000000e+01,-6.106586971658692353e-02
2.083333333333333215e+01,-5.372343577924564711e-02
2.085416666666666430e+01,-5.366070207417773102e-02
2.087500000000000000e+01,-5.993640412829709385e-02
2.089583333333333215e+01,-5.673952120872995109e-02
2.091666666666666430e+01,-5.275809686559721629e-02
2.093750000000000000e+01,-5.904397861788288765e-02
2.095833333333333215e+01,-6.039758304549107393e-02
2.097916666666666430e+01,-5.303557658996431445e-02
2.100000000000000000e+01,-5.348779394144140276e-02
2.102083333333333215e+01,-5.933786403398055853e-02
2.104166666666666430e+01,-5.538015448530614337e-02
2.106250000000000000e+01,-5.170032667366620399e-02
2.108333333333333215e+01,-5.814343256782899400e-02
2.110416666666666430e+01,-5.913787498765695622e-02
2.112500000000000000e+01,-5.193072504334572681e-02
2.114583333333333215e+01,-5.286832062068100302e-02
2.116666666666666430e+01,-5.829649633229062877e-02
2.118750000000000000e+01,-5.297107794493646077e-02
2.120833333333333215e+01,-4.987204873769222196e-02
2.122916666666666430e+01,-5.797861392967133820e-02
2.125000000000000000e+01,-6.041639297418414239e-02
2.127083333333333215e+01,-5.211097647670299982e-02
2.129166666666666430e+01,-4.966140275506663454e-02
2.131250000000000000e+01,-5.758358645052337466e-02
2.133333333333333215e+01,-5.901346263439639916e-02
2.135416666666666430e+01,-5.147067233245201934e-02
2.137500000000000000e+01,-5.113362806770462010e-02
2.139583333333333215e+01,-5.763888098317584280e-02
2.141666666666666430e+01,-5.528036762271487659e-02
2.143750000000000000e+01,-5.043160251432932117e-02
2.145833333333333215e+01,-5.607789301248380237e-02
2.147916666666666430e+01,-5.767884866941615229e-02
2.150000000000000000e+01,-5.011551299667596493e-02
2.152083333333333215e+01,-5.002316680192505499e-02
2.154166666666666430e+01,-5.614283978540356157e-02
2.156250000000000000e+01,-5.269010990326600946e-02
2.158333333333333215e+01,-4.845424929306575007e-02
2.160416666666666430e+01,-5.519335053544166536e-02
2.162500000000000000e+01,-5.721664607693463522e-02
2.164583333333333215e+01,-4.923814601183827688e-02
2.166666666666666430e+01,-4.780039899251181668e-02
2.168750000000000000e+01,-5.498998839919094078e-02
2.170833333333333215e+01,-5.446736587265328666e-02
2.172916666666666430e+01,-4.820868535257271520e-02
2.175000000000000000e+01,-5.135343801235081607e-02
2.177083333333333215e+01,-5.524137297628266274e-02
2.179166666666666430e+01,-4.885888657894874032e-02
2.181250000000000000e+01,-4.740868915357443480e-02
2.183333333333333215e+01,-5.453262474041344759e-02
2.185416666666666430e+01,-5.381125637119952426e-02
2.187500000000000000e+01,-4.816667558911606750e-02
2.189583333333333215e+01,-5.263697432951451594e-02
2.191666666666666430e+01,-5.557386610497854623e-02
2.193750000000000000e+01,-4.866596913419674042e-02
2.195833333333333215e+01,-4.812700277732038373e-02
2.197916666666666430e+01,-5.467298535631302803e-02
2.200000000000000000e+01,-5.175853071060265709e-02
2.202083333333333215e+01,-4.747675250366364952e-02
2.204166666666666430e+01,-5.391464571015802676e-02
2.206250000000000000e+01,-5.548708591574971066e-02
2.208333333333333215e+01,-4.770580363629853965e-02
2.210416666666666430e+01,-4.756826791809744270e-02
2.212500000000000000e+01,-5.376027936073280583e-02
2.214583333333333215e+01,-5.044605595488010907e-02
2.216666666666666430e+01,-4.641290350548973181e-02
2.218750000000000000e+01,-5.287411351315621233e-02
2.220833333333333215e+01,-5.425932459004256109e-02
2.222916666666666430e+01,-4.685824082826487574e-02
2.225000000000000000e+01,-4.730108783312484549e-02
2.227083333333333215e+01,-5.315061443247262596e-02
2.229166666666666430e+01,-4.901102189267667747e-02
2.231250000000000000e+01,-4.545937798345082992e-02
2.233333333333333215e+01,-5.259633404939103446e-02
2.235416666666666430e+01,-5.412430983201079598e-02
2.237500000000000000e+01,-4.666051802533702914e-02
2.239583333333333215e+01,-4.674273502256609536e-02
2.241666666666666430e+01,-5.276546586702888370e-02
2.243750000000000000e+01,-4.912406624369043684e-02
2.245833333333333215e+01,-4.523341706096421777e-02
2.247916666666666430e+01,-5.182872529756131497e-02
2.250000000000000000e+01,-5.325052386375106472e-02
2.252083333333333215e+01,-4.593499418526575395e-02
2.254166666666666430e+01,-4.630581519504170518e-02
2.256250000000000000e+01,-5.190235053524103886e-02
2.258333333333333215e+01,-4.787609803037237016e-02
2.260416666666666430e+01,-4.433997061749467283e-02
2.262500000000000000e+01,-5.108836483984107585e-02
2.264583333333333215e+01,-5.263960930588636872e-02
2.266666666666666430e+01,-4.551491908318241325e-02
2.268750000000000000e+01,-4.547962434055816822e-02
2.270833333333333215e+01,-5.204632130246864691e-02
2.272916666666666430e+01,-5.033784781704016970e-02
2.275000000000000000e+01,-4.533715926584513251e-02
2.277083333333333215e+01,-5.046932073628774412e-02
2.279166666666666430e+01,-5.316877369196283676e-02
2.281250000000000000e+01,-4.669925365285453739e-02
2.283333333333333215e+01,-4.654367480405435797e-02
2.285416666666666430e+01,-5.244970219520994625e-02
2.287500000000000000e+01,-4.950923260915639224e-02
2.289583333333333215e+01,-4.611459129404171797e-02
2.291666666666666430e+01,-5.192567156544236617e-02
2.293750000000000000e+01,-5.207039114331302870e-02
2.295833333333333215e+01,-4.598127941817113651e-02
2.297916666666666430e+01,-4.964938522734158033e-02
2.300000000000000000e+01,-5.347394925768837737e-02
2.302083333333333215e+01,-4.681807348348547559e-02
2.304166666666666430e+01,-4.530860866474924198e-02
2.306250000000000000e+01,-5.263349508931251114e-02
2.308333333333333215e+01,-5.247909474153476111e-02
2.310416666666666430e+01,-4.663502133659536836e-02
2.312500000000000000e+01,-5.040254950966087388e-02
2.314583333333333215e+01,-5.408544787445464241e-02
2.316666666666666430e+01,-4.781249662889443947e-02
2.318750000000000000e+01,-4.811151787221024101e-02
2.320833333333333215e+01,-5.491610602120319123e-02
2.322916666666666430e+01,-5.165057916947637939e-02
2.325000000000000000e+01,-4.844574605857009802e-02
2.327083333333333215e+01,-5.602131361387734099e-02
2.329166666666666430e+01,-5.761106855836647944e-02
2.331250000000000000e+01,-5.025776339052159120e-02
2.333333333333333215e+01,-5.136312715459298572e-02
2.335416666666666430e+01,-5.758084336595643837e-02
2.337500000000000000e+01,-5.265003282669905582e-02
2.339583333333333215e+01,-4.978539256449505956e-02
2.341666666666666430e+01,-5.789446519097905808e-02
2.343750000000000000e+01,-5.950312602056642697e-02
2.345833333333333215e+01,-5.185590959269827105e-02
2.347916666666666430e+01,-5.199756756554010234e-02
2.350000000000000000e+01,-5.822068008146453338e-02
2.352083333333333215e+01,-5.456535169241864131e-02
2.354166666666666430e+01,-5.047463778785640093e-02
2.356250000000000000e+01,-5.747238618103453489e-02
2.358333333333333215e+01,-5.943159127963982408e-02
2.360416666666666430e+01,-5.156845491112412028e-02
2.362500000000000000e+01,-5.087299079685207032e-02
2.364583333333333215e+01,-5.751731436668933856e-02
2.366666666666666430e+01,-5.530870268026315262e-02
2.368750000000000000e+01,-5.058124098673082158e-02
2.370833333333333215e+01,-5.644722476212431922e-02
2.372916666666666430e+01,-5.792985532139220684e-02
2.375000000000000000e+01,-5.057360773169427420e-02
2.377083333333333215e+01,-5.117877987918414279e-02
2.379166666666666430e+01,-5.716307217816925940e-02
2.381250000000000000e+01,-5.280508510376484554e-02
2.383333333333333215e+01,-4.982814747670671895e-02
2.385416666666666430e+01,-5.708544504397090186e-02
2.387500000000000000e+01,-5.811979433301570075e-02
2.389583333333333215e+01,-5.065595428742385165e-02
2.391666666666666430e+01,-5.171196181622666338e-02
2.393750000000000000e+01,-5.745634442449318313e-02
2.395833333333333215e+01,-5.254623430157980002e-02
2.397916666666666430e+01,-4.955095911017694948e-02
2.400000000000000000e+01,-5.726741714467361438e-02
2.402083333333333215e+01,-5.884069249138004082e-02
2.404166666666666430e+01,-5.154512306142272626e-02
2.406250000000000000e+01,-5.186505812776980723e-02
2.408333333333333215e+01,-5.799968717887272335e-02
2.410416666666666430e+01,-5.433963407834864479e-02
2.412500000000000000e+01,-5.059503923756258209e-02
2.414583333333333215e+01,-5.714038053595241889e-02
2.416666666666666430e+01,-5.855345611307976456e-02
2.418750000000000000e+01,-5.122323785802569002e-02
2.420833333333333215e+01,-5.183980163394381890e-02
2.422916666666666430e+01,-5.768947275452409457e-02
2.425000000000000000e+01,-5.344089625330589871e-02
2.427083333333333215e+01,-5.001625186419807190e-02
2.429166666666666430e+01,-5.736055396612591700e-02
2.431250000000000000e+01,-5.920640449548374151e-02
2.433333333333333215e+01,-5.169367547589902995e-02
2.435416666666666430e+01,-5.136868795331973880e-02
2.437500000000000000e+01,-5.806461125120284533e-02
2.439583333333333215e+01,-5.590266940454496208e-02
2.441666666666666430e+01,-5.111920438231677688e-02
2.443750000000000000e+01,-5.672005696114428702e-02
2.445833333333333215e+01,-5.845483139772594122e-02
2.447916666666666430e+01,-5.102395905746913429e-02
2.450000000000000000e+01,-5.119479747336208586e-02
2.452083333333333215e+01,-5.732966346833492238e-02
2.454166666666666430e+01,-5.338132782028013473e-02
2.456250000000000000e+01,-4.859412913156990754e-02
2.458333333333333215e+01,-5.463119846298308130e-02
2.460416666666666430e+01,-5.507833245949648321e-02
2.462500000000000000e+01,-4.765491701374327538e-02
2.464583333333333215e+01,-4.929111805191621620e-02
2.466666666666666430e+01,-5.335142862437201872e-02
2.468750000000000000e+01,-4.657455719565847113e-02
2.470833333333333215e+01,-4.429144349895051957e-02
2.472916666666666430e+01,-5.187739485331820805e-02
2.475000000000000000e+01,-5.231198119517723594e-02
2.477083333333333215e+01,-4.464044064272695150e-02
2.479166666666666430e+01,-4.537819624605856500e-02
2.481250000000000000e+01,-5.111681520305961374e-02
2.483333333333333215e+01,-4.602398613885422957e-02
2.485416666666666430e+01,-4.234933651298877083e-02
2.487500000000000000e+01,-5.036363544085777078e-02
2.489583333333333215e+01,-5.314181627305988864e-02
2.491666666666666430e+01,-4.450595315832811538e-02
2.493750000000000000e+01,-4.146851648314758138e-02
2.495833333333333215e+01,-4.965208195561463672e-02
2.497916666666666430e+01,-5.176236628696422731e-02
2.500000000000000000e+01,-4.361536500063428745e-02
2.502083333333333215e+01,-4.196256843538088283e-02
2.504166666666666430e+01,-4.941595475867469750e-02
2.506250000000000000e+01,-4.917149209719320901e-02
2.508333333333333215e+01,-4.293349149524843672e-02
2.510416666666666430e+01,-4.636355854583317643e-02
2.512500000000000000e+01,-5.016776564446718406e-02
2.514583333333333215e+01,-4.324312069807131897e-02
2.516666666666666430e+01,-4.144410916338469447e-02
2.518750000000000000e+01,-4.879273062828185653e-02
2.520833333333333215e+01,-4.866154275072502589e-02
2.522916666666666430e+01,-4.226941077711076494e-02
2.525000000000000000e+01,-4.545225913742757806e-02
2.527083333333333215e+01,-4.943315764141695268e-02
2.529166666666666430e+01,-4.304363328729952226e-02
2.531250000000000000e+01,-4.150466011309577458e-02
2.533333333333333215e+01,-4.885124007773220672e-02
2.535416666666666430e+01,-4.824602974089195473e-02
2.537500000000000000e+01,-4.223553387566530287e-02
2.539583333333333215e+01,-4.628618652091768398e-02
2.541666666666666430e+01,-4.993659468151527558e-02
2.543750000000000000e+01,-4.257846813907605749e-02
2.545833333333333215e+01,-4.028883089090283531e-02
2.547916666666666430e+01,-4.822728621404426264e-02
2.550000000000000000e+01,-4.963534033965334713e-02
2.552083333333333215e+01,-4.217616315716547770e-02
2.554166666666666430e+01,-4.249200596818391434e-02
2.556250000000000000e+01,-4.853333463995460062e-02
2.558333333333333215e+01,-4.481876186121271088e-02
2.560416666666666430e+01,-4.107430961257694385e-02
2.562500000000000000e+01,-4.798744072354412665e-02
2.564583333333333215e+01,-4.955893840802753914e-02
2.566666666666666430e+01,-4.215741817726715440e-02
2.568750000000000000e+01,-4.237528789463649442e-02
2.570833333333333215e+01,-4.862946537283929088e-02
2.572916666666666430e+01,-4.496487702406689463e-02
2.575000000000000000e+01,-4.115294056185102300e-02
2.577083333333333215e+01,-4.801900879886279033e-02
2.579166666666666430e+01,-4.990586563660401320e-02
2.581250000000000000e+01,-4.211486006718534458e-02
2.583333333333333215e+01,-4.158040981771747580e-02
2.585416666666666430e+01,-4.821220622458773086e-02
2.587500000000000000e+01,-4.614191444481121479e-02
2.589583333333333215e+01,-4.116272019896390078e-02
2.591666666666666430e+01,-4.685789769169733388e-02
2.593750000000000000e+01,-4.875589889535460186e-02
2.595833333333333215e+01,-4.131703167155401785e-02
2.597916666666666430e+01,-4.112283202583682379e-02
2.600000000000000000e+01,-4.762871067013135090e-02
2.602083333333333215e+01,-4.475831279536805068e-02
2.604166666666666430e+01,-4.046555214723157601e-02
2.606250000000000000e+01,-4.663851691147426898e-02
2.608333333333333215e+01,-4.832604734324412454e-02
2.610416666666666430e+01,-4.072218489399870300e-02
2.612500000000000000e+01,-4.054836077665772975e-02
2.614583333333333215e+01,-4.682162842370478362e-02
2.616666666666666430e+01,-4.400911599453932732e-02
2.618750000000000000e+01,-3.963152843574704182e-02
2.620833333333333215e+01,-4.555954509302438671e-02
2.622916666666666430e+01,-4.693427233749249833e-02
2.625000000000000000e+01,-3.994438344897928428e-02
2.627083333333333215e+01,-4.063955772069587080e-02
2.629166666666666430e+01,-4.621411857125372336e-02
2.631250000000000000e+01,-4.148071868026677322e-02
2.633333333333333215e+01,-3.870735476162390915e-02
2.635416666666666430e+01,-4.579239778497623536e-02
2.637500000000000000e+01,-4.639233696272730689e-02
2.639583333333333215e+01,-3.957493983009002791e-02
2.641666666666666430e+01,-4.149254698934638080e-02
2.643750000000000000e+01,-4.621647382463552750e-02
2.645833333333333215e+01,-4.059035952554254645e-02
2.647916666666666430e+01,-3.884192149737053512e-02
2.650000000000000000e+01,-4.606530048110976661e-02
2.652083333333333215e+01,-4.584857426426309362e-02
2.654166666666666430e+01,-3.955856602310488940e-02
2.656250000000000000e+01,-4.250784057745018996e-02
2.658333333333333215e+01,-4.646504334392725227e-02
2.660416666666666430e+01,-4.023743081918343401e-02
2.662500000000000000e+01,-3.885464570254516803e-02
2.664583333333333215e+01,-4.605870076914542199e-02
2.666666666666666430e+01,-4.521504177893199278e-02
2.668750000000000000e+01,-3.953558101864125540e-02
2.670833333333333215e+01,-4.421616534976302582e-02
2.672916666666666430e+01,-4.730595242743683426e-02
2.675000000000000000e+01,-3.976823729815849584e-02
2.677083333333333215e+01,-3.827046817155977526e-02
2.679166666666666430e+01,-4.552735661548049789e-02
2.681250000000000000e+01,-4.510910203256351253e-02
2.683333333333333215e+01,-3.927634790043869895e-02
2.685416666666666430e+01,-4.343379014038292046e-02
2.687500000000000000e+01,-4.666033634260391416e-02
2.689583333333333215e+01,-3.994107986139394662e-02
2.691666666666666430e+01,-3.910574031104732673e-02
2.693750000000000000e+01,-4.609032864032688165e-02
2.695833333333333215e+01,-4.462226297300885686e-02
2.697916666666666430e+01,-3.939120325820388846e-02
2.700000000000000000e+01,-4.461171270183129228e-02
2.702083333333333215e+01,-4.690357835784311064e-02
2.704166666666666430e+01,-3.940312287910475303e-02
2.706250000000000000e+01,-3.884783029627221496e-02
2.708333333333333215e+01,-4.541494123494071306e-02
2.710416666666666430e+01,-4.330294513900955627e-02
2.712500000000000000e+01,-3.861851115642282728e-02
2.714583333333333215e+01,-4.430893342780691663e-02
2.716666666666666430e+01,-4.573928569334181210e-02
2.718750000000000000e+01,-3.865278371154802495e-02
2.720833333333333215e+01,-3.947594795133172602e-02
2.722916666666666430e+01,-4.524798263725660769e-02
2.725000000000000000e+01,-4.049050630303853426e-02
2.727083333333333215e+01,-3.743648527232504991e-02
2.729166666666666430e+01,-4.520785230098777613e-02
2.731250000000000000e+01,-4.681139167477742918e-02
2.733333333333333215e+01,-3.948655407616552537e-02
2.735416666666666430e+01,-3.981129457303619890e-02
2.737500000000000000e+01,-4.584080843847121445e-02
2.739583333333333215e+01,-4.187872710415231625e-02
2.741666666666666430e+01,-3.833756260886888451e-02
2.743750000000000000e+01,-4.530297618455228492e-02
2.745833333333333215e+01,-4.666137253492953774e-02
2.747916666666666430e+01,-3.915192265042092418e-02
2.750000000000000000e+01,-3.948673077802724446e-02
2.752083333333333215e+01,-4.533639257920486082e-02
2.754166666666666430e+01,-4.114152227711749543e-02
2.756250000000000000e+01,-3.765852607194833390e-02
2.758333333333333215e+01,-4.473078429282206780e-02
2.760416666666666430e+01,-4.595495032692550885e-02
2.762500000000000000e+01,-3.860641867948846895e-02
2.764583333333333215e+01,-3.904669169687410152e-02
2.766666666666666430e+01,-4.488691485202007253e-02
2.768750000000000000e+01,-4.066232110321479215e-02
2.770833333333333215e+01,-3.719005630879938795e-02
2.772916666666666430e+01,-4.422763011348493367e-02
2.775000000000000000e+01,-4.569678366470844577e-02
2.777083333333333215e+01,-3.823333004251971978e-02
2.779166666666666430e+01,-3.835150072378621516e-02
2.781250000000000000e+01,-4.426900959586212853e-02
2.783333333333333215e+01,-4.057078390203653490e-02
2.785416666666666430e+01,-3.700358127724373558e-02
2.787500000000000000e+01,-4.371574172850496015e-02
2.789583333333333215e+01,-4.493830908090207937e-02
2.791666666666666430e+01,-3.779874849826331956e-02
2.793750000000000000e+01,-3.876502906682147143e-02
2.795833333333333215e+01,-4.431966108048508018e-02
2.797916666666666430e+01,-3.954763067639444074e-02
2.800000000000000000e+01,-3.644620436965618354e-02
2.802083333333333215e+01,-4.385142256557908458e-02
2.804166666666666430e+01,-4.537448206147130098e-02
2.806250000000000000e+01,-3.835597078815378841e-02
2.808333333333333215e+01,-3.894664390046103514e-02
2.810416666666666430e+01,-4.474857524363071160e-02
2.812500000000000000e+01,-4.039290775825021135e-02
2.814583333333333215e+01,-3.733081833220296131e-02
2.816666666666666430e+01,-4.431118766252527263e-02
2.818750000000000000e+01,-4.522187042371817595e-02
2.820833333333333215e+01,-3.824926585503993226e-02
2.822916666666666430e+01,-3.988101623597169187e-02
2.825000000000000000e+01,-4.490093270087312793e-02
2.827083333333333215e+01,-3.950462000490240905e-02
2.829166666666666430e+01,-3.757780418067944300e-02
2.831250000000000000e+01,-4.510235770286267348e-02
2.833333333333333215e+01,-4.532218446018961705e-02
2.835416666666666430e+01,-3.906546908020355757e-02
2.837500000000000000e+01,-4.192132430332972531e-02
2.839583333333333215e+01,-4.615900026255504579e-02
2.841666666666666430e+01,-3.991102353249638413e-02
2.843750000000000000e+01,-3.853990828422244191e-02
2.845833333333333215e+01,-4.573395070455019140e-02
2.847916666666666430e+01,-4.491545691677874264e-02
2.850000000000000000e+01,-3.917691853430704113e-02
2.852083333333333215e+01,-4.400369947263105957e-02
2.854166666666666430e+01,-4.681586192488176174e-02
2.856250000000000000e+01,-3.939493642075252849e-02
2.858333333333333215e+01,-3.822754178810525150e-02
2.860416666666666430e+01,-4.551614333101954013e-02
2.862500000000000000e+01,-4.461772696700289087e-02
2.864583333333333215e+01,-3.910353257702542384e-02
2.866666666666666430e+01,-4.402335535487521961e-02
2.868750000000000000e+01,-4.685820484477075387e-02
2.870833333333333215e+01,-3.947374101495493282e-02
2.872916666666666430e+01,-3.848476823284941589e-02
2.875000000000000000e+01,-4.532540966663184401e-02
2.877083333333333215e+01,-4.376592442528950272e-02
2.879166666666666430e+01,-3.847574857405149790e-02
2.881250000000000000e+01,-4.406228091726487051e-02
2.883333333333333215e+01,-4.607574221734735825e-02
2.885416666666666430e+01,-3.800137362440049460e-02
2.887500000000000000e+01,-3.724164439373332802e-02
2.889583333333333215e+01,-4.415198209063356249e-02
2.891666666666666430e+01,-4.249384931077535010e-02
2.893750000000000000e+01,-3.724703113175643204e-02
2.895833333333333215e+01,-4.289148553438506400e-02
2.897916666666666430e+01,-4.494203746427261753e-02
2.900000000000000000e+01,-3.716506208885955037e-02
2.902083333333333215e+01,-3.652472491968457302e-02
2.904166666666666430e+01,-4.335951935125254009e-02
2.906250000000000000e+01,-4.139901277167418181e-02
2.908333333333333215e+01,-3.657073278725005150e-02
2.910416666666666430e+01,-4.230179145829146559e-02
2.912500000000000000e+01,-4.430694261353203267e-02
2.914583333333333215e+01,-3.666003838010931798e-02
2.916666666666666430e+01,-3.622602426385287261e-02
2.918750000000000000e+01,-4.298572418914364812e-02
2.920833333333333215e+01,-4.105578610957402730e-02
2.922916666666666430e+01,-3.619143005419486747e-02
2.925000000000000000e+01,-4.206666357298918107e-02
2.927083333333333215e+01,-4.420656944946176059e-02
2.929166666666666430e+01,-3.596797476594117138e-02
2.931250000000000000e+01,-3.410170616141330879e-02
2.933333333333333215e+01,-4.098868238176013590e-02
2.935416666666666430e+01,-4.040729958048084464e-02
2.937500000000000000e+01,-3.378787486656208150e-02
2.939583333333333215e+01,-3.679540632926693589e-02
2.941666666666666430e+01,-4.102203741575366491e-02
2.943750000000000000e+01,-3.372298316373981836e-02
2.945833333333333215e+01,-3.032491351598403870e-02
2.947916666666666430e+01,-3.867901047106143270e-02
2.950000000000000000e+01,-4.172426943555693907e-02
2.952083333333333215e+01,-3.325874674437562240e-02
2.954166666666666430e+01,-3.036197834005170335e-02
2.956250000000000000e+01,-3.854828403742023568e-02
2.958333333333333215e+01,-4.090347146971069769e-02
2.960416666666666430e+01,-3.263005896314667698e-02
2.962500000000000000e+01,-3.085393047108427045e-02
2.964583333333333215e+01,-3.833986302519520883e-02
2.966666666666666430e+01,-3.852436506022742513e-02
2.968750000000000000e+01,-3.187750852200099683e-02
2.970833333333333215e+01,-3.443534558954915864e-02
2.972916666666666430e+01,-3.885886449544367904e-02
2.975000000000000000e+01,-3.283762214605958490e-02
2.977083333333333215e+01,-3.117252136776738417e-02
2.979166666666666430e+01,-3.861268675360487318e-02
2.981250000000000000e+01,-3.847615674745972353e-02
2.983333333333333215e+01,-3.143546309003691919e-02
2.985416666666666430e+01,-3.388225042181729207e-02
2.987500000000000000e+01,-3.831450832994059974e-02
2.989583333333333215e+01,-3.135988239831478258e-02
2.991666666666666430e+01,-2.781574442089343804e-02
2.993750000000000000e+01,-3.623766647715877254e-02
2.995833333333333215e+01,-3.937185855751008240e-02
2.997916666666666430e+01,-3.020981904763100565e-02
3.000000000000000000e+01,-2.621631731252668102e-02
3.002083333333333215e+01,-3.511998651543264682e-02
3.004166666666666430e+01,-3.913442821809047512e-02
3.006250000000000000e+01,-2.974158456369101894e-02
3.008333333333333215e+01,-2.461173889709233550e-02
3.010416666666666430e+01,-3.451422529354001428e-02
3.012500000000000000e+01,-4.096612250520425408e-02
3.014583333333333215e+01,-3.153820188629249954e-02
3.016666666666666430e+01,-2.478957936057565870e-02
3.018750000000000000e+01,-3.400683772242785868e-02
3.020833333333333215e+01,-4.024665024688395265e-02
3.022916666666666430e+01,-3.075714841594048843e-02
3.025000000000000000e+01,-2.435885755949309533e-02
3.027083333333333215e+01,-3.371453447002771553e-02
3.029166666666666430e+01,-3.969210586529083734e-02
3.031250000000000000e+01,-3.003512537411006864e-02
3.033333333333333215e+01,-2.361403782154805273e-02
3.035416666666666430e+01,-3.300421079860396678e-02
3.037500000000000000e+01,-3.918779689936008337e-02
3.039583333333333215e+01,-2.978267539700938868e-02
3.041666666666666430e+01,-2.354090621885410531e-02
3.043750000000000000e+01,-3.312746866614926095e-02
3.045833333333333215e+01,-3.946644634665582435e-02
3.047916666666666430e+01,-3.015651872779420359e-02
3.050000000000000000e+01,-2.402180389468601060e-02
3.052083333333333215e+01,-3.341199364140601258e-02
3.054166666666666430e+01,-3.961701587489747933e-02
3.056250000000000000e+01,-2.977931210342751184e-02
3.058333333333333215e+01,-2.323337832752715715e-02
3.060416666666666430e+01,-3.234991338126976673e-02
3.062500000000000000e+01,-3.797862946077429358e-02
3.064583333333333215e+01,-2.779678717637206614e-02
3.066666666666666430e+01,-2.121156163589590915e-02
3.068750000000000000e+01,-3.031555029525316927e-02
3.070833333333333215e+01,-3.607111572330439636e-02
3.072916666666666430e+01,-2.601760801526124822e-02
3.075000000000000000e+01,-1.911906086139473354e-02
3.077083333333333215e+01,-2.766994475437724657e-02
3.079166666666666430e+01,-3.284711205869658007e-02
3.081250000000000000e+01,-2.289968606127717674e-02
3.083333333333333215e+01,-1.648693452936753415e-02
3.085416666666666430e+01,-2.535457188576817691e-02
3.087500000000000000e+01,-3.088765812918570219e-02
3.089583333333333215e+01,-2.076713159969097861e-02
3.091666666666666430e+01,-1.366599713295854439e-02
3.093750000000000000e+01,-2.197569396125708535e-02
3.095833333333333215e+01,-2.693799843604311947e-02
3.097916666666666430e+01,-1.692741989900818991e-02
3.100000000000000000e+01,-1.105251224719708443e-02
3.102083333333333215e+01,-2.128286449744180853e-02
3.104166666666666430e+01,-2.807411152794853440e-02
3.106250000000000000e+01,-1.839277008137081212e-02
3.108333333333333215e+01,-1.176838124895547219e-02
3.110416666666666430e+01,-2.092679391227269051e-02
3.112500000000000000e+01,-2.688617385420089684e-02
3.114583333333333215e+01,-1.669791843888085436e-02
3.116666666666666430e+01,-9.500213683293790012e-03
3.118750000000000000e+01,-1.798763319762402071e-02
3.120833333333333215e+01,-2.306523567626565102e-02
3.122916666666666430e+01,-1.280937727224974731e-02
3.125000000000000000e+01,-6.119497925274528655e-03
3.127083333333333215e+01,-1.489497859474865279e-02
3.129166666666666430e+01,-2.033396227856481067e-02
3.131250000000000000e+01,-1.022710760587564570e-02
3.133333333333333215e+01,-3.236184260144367008e-03
3.135416666666666430e+01,-1.174633717174071272e-02
3.137500000000000000e+01,-1.697235687569559337e-02
3.139583333333333215e+01,-7.096920569584801684e-03
3.141666666666666430e+01,-6.432160726874200504e-04
3.143750000000000000e+01,-9.964516970500620491e-03
3.145833333333333215e+01,-1.602234031506099762e-02
3.147916666666666430e+01,-6.399120039250527636e-03
3.150000000000000000e+01,1.249332993507394597e-04
3.152083333333333215e+01,-8.991480452771488316e-03
3.154166666666666430e+01,-1.494788802241551161e-02
3.156250000000000000e+01,-5.373454387337182024e-03
3.158333333333333215e+01,1.210314936005494561e-03
3.160416666666666430e+01,-7.878350296991725593e-03
3.162500000000000000e+01,-1.373670392424855037e-02
3.164583333333333215e+01,-3.977594327637580356e-03
3.166666666666666430e+01,2.717175758616078435e-03
3.168750000000000000e+01,-6.271785926646142838e-03
3.170833333333333215e+01,-1.209942140084143032e-02
3.172916666666666430e+01,-2.375175633640814066e-03
3.175000000000000000e+01,4.304936711314436698e-03
3.177083333333333215e+01,-4.741925267401262724e-03
3.179166666666666430e+01,-1.081063516907978736e-02
3.181250000000000000e+01,-1.428652808809830832e-03
3.183333333333333215e+01,4.930627579343927792e-03
3.185416666666666430e+01,-4.313391397930672541e-03
3.187500000000000000e+01,-1.030589014597578686e-02
3.189583333333333215e+01,-7.193811616143066297e-04
3.191666666666666430e+01,5.796656199935757911e-03
3.193750000000000000e+01,-3.436322170963571326e-03
3.195833333333333215e+01,-9.410545543960570358e-03
3.197916666666666430e+01,2.810908595825024610e-04
3.200000000000000000e+01,6.895672388823429443e-03
3.202083333333332860e+01,-2.136579330552306009e-03
3.204166666666666430e+01,-7.964529122058729149e-03
3.206250000000000000e+01,1.818014383929087482e-03
3.208333333333332860e+01,8.532895676329652415e-03
3.210416666666666430e+01,-5.939725123042427675e-04
3.212500000000000000e+01,-6.459890026770369158e-03
3.214583333333332860e+01,3.488360463506428363e-03
3.216666666666666430e+01,1.033141322190784736e-02
3.218750000000000000e+01,1.391320453543947551e-03
3.220833333333332860e+01,-4.200044547365413411e-03
3.222916666666666430e+01,5.954568002443624657e-03
3.225000000000000000e+01,1.300943609622214232e-02
3.227083333333332860e+01,4.266797320466980334e-03
3.229166666666666430e+01,-1.320095224944680149e-03
3.231250000000000000e+01,8.789294297546497436e-03
3.233333333333332860e+01,1.587251397169680764e-02
3.235416666666666430e+01,7.100686868104163357e-03
3.237500000000000000e+01,1.600486802699948100e-03
3.239583333333332860e+01,1.178652857028662272e-02
3.241666666666666430e+01,1.881266589384040719e-02
3.243750000000000000e+01,1.000681534904647452e-02
3.245833333333332860e+01,4.481715169439261931e-03
3.247916666666666430e+01,1.459859439612085780e-02
3.250000000000000000e+01,2.160899870819956575e-02
3.252083333333332860e+01,1.290700294066563988e-02
3.254166666666666430e+01,7.438487159423260754e-03
3.256250000000000000e+01,1.792111503488145671e-02
3.258333333333332860e+01,2.541780698288089932e-02
3.260416666666666430e+01,1.733044192941467221e-02
3.262500000000000000e+01,1.257780476654803484e-02
3.264583333333332860e+01,2.252670448412402021e-02
3.266666666666666430e+01,2.871555279411171571e-02
3.268750000000000000e+01,1.931723485961969050e-02
3.270833333333332860e+01,1.349938595605561925e-02
3.272916666666666430e+01,2.362298932377791469e-02
3.275000000000000000e+01,3.060588129277309541e-02
3.277083333333332860e+01,2.201887948388058652e-02
3.279166666666666430e+01,1.698531514479838245e-02
3.281250000000000000e+01,2.701710331757450206e-02
3.283333333333332860e+01,3.351654405614805377e-02
3.285416666666666430e+01,2.444179989254202309e-02
3.287500000000000000e+01,1.881871918848513833e-02
3.289583333333332860e+01,2.919086547049681846e-02
3.291666666666666430e+01,3.677872389850161960e-02
3.293750000000000000e+01,2.876595349006970739e-02
3.295833333333332860e+01,2.394958211587980626e-02
3.297916666666666430e+01,3.376681295029777818e-02
3.300000000000000000e+01,3.984461576135209931e-02
3.302083333333332860e+01,3.026197498312822171e-02
3.304166666666666430e+01,2.409144896643419798e-02
3.306250000000000000e+01,3.391556039755617979e-02
3.308333333333332860e+01,4.075606437231465290e-02
3.310416666666666430e+01,3.197336847663409531e-02
3.312500000000000000e+01,2.666841496466903355e-02
3.314583333333332860e+01,3.685647025341350774e-02
3.316666666666666430e+01,4.379994356076117451e-02
3.318750000000000000e+01,3.520757338712473400e-02
3.320833333333332860e+01,3.017365428693137216e-02
3.322916666666666430e+01,4.015992994886304068e-02
3.325000000000000000e+01,4.641523968381169873e-02
3.327083333333332860e+01,3.660861098192506186e-02
3.329166666666666430e+01,3.021376861470216613e-02
3.331250000000000000e+01,3.973086089529733606e-02
3.333333333333332860e+01,4.595010968703503590e-02
3.335416666666666430e+01,3.647196055755477784e-02
3.337500000000000000e+01,3.026405533920688978e-02
3.339583333333332860e+01,3.961216769653061465e-02
3.341666666666666430e+01,4.592083661823562896e-02
3.343750000000000000e+01,3.656620292068403499e-02
3.345833333333332860e+01,3.043726712682101251e-02
3.347916666666666430e+01,3.990167082387380965e-02
3.350000000000000000e+01,4.629886930389950223e-02
3.352083333333332860e+01,3.705959485510645912e-02
3.354166666666666430e+01,3.096612872874282898e-02
3.356250000000000000e+01,4.036410844291685868e-02
3.358333333333332860e+01,4.672477191393759749e-02
3.360416666666666430e+01,3.743636302595704929e-02
3.362500000000000000e+01,3.137237241168346763e-02
3.364583333333332860e+01,4.088052167971314987e-02
3.366666666666666430e+01,4.732713349164064526e-02
3.368750000000000000e+01,3.818056265545462236e-02
3.370833333333332860e+01,3.217467691648689954e-02
3.372916666666666430e+01,4.170066561730510768e-02
3.375000000000000000e+01,4.817759964268530232e-02
3.377083333333332860e+01,3.884713367842827086e-02
3.379166666666666430e+01,3.277298330044166319e-02
3.381250000000000000e+01,4.248889630769597803e-02
3.383333333333332860e+01,4.911318064300875669e-02
3.385416666666666430e+01,3.983516047572548124e-02
3.387500000000000000e+01,3.383616145148610199e-02
3.389583333333332860e+01,4.362815123455533045e-02
3.391666666666666430e+01,5.017804232132305753e-02
3.393750000000000000e+01,4.074813442654266760e-02
3.395833333333332860e+01,3.442840487538852134e-02
3.397916666666666430e+01,4.386568275793806260e-02
3.400000000000000000e+01,5.004275138271911672e-02
3.402083333333332860e+01,4.029879115906450510e-02
3.404166666666666430e+01,3.380564138111304129e-02
3.406250000000000000e+01,4.308438332400811588e-02
3.408333333333332860e+01,4.904135315647729226e-02
3.410416666666666430e+01,3.890905369535710423e-02
3.412500000000000000e+01,3.178403565197093078e-02
3.414583333333332860e+01,4.024024825495300245e-02
3.416666666666666430e+01,4.528220184031489515e-02
3.418750000000000000e+01,3.519392285288168443e-02
3.420833333333332860e+01,2.870167425893176832e-02
3.422916666666666430e+01,3.774177426913143812e-02
3.425000000000000000e+01,4.345767472989552072e-02
3.427083333333332860e+01,3.332312099834123381e-02
3.429166666666666430e+01,2.620121674414141108e-02
3.431250000000000000e+01,3.468847221732557218e-02
3.433333333333332860e+01,3.985580281115657514e-02
3.435416666666666430e+01,2.985794981047195859e-02
3.437500000000000000e+01,2.338784572254185012e-02
3.439583333333332860e+01,3.285768692020487464e-02
3.441666666666666430e+01,3.901180836813642611e-02
3.443750000000000000e+01,2.938222625904340218e-02
3.445833333333332860e+01,2.283856098714097393e-02
3.447916666666666430e+01,3.194205335833956438e-02
3.450000000000000000e+01,3.777637490415430149e-02
3.452083333333332860e+01,2.798625282921751375e-02
3.454166666666666430e+01,2.126700273534600297e-02
3.456250000000000000e+01,3.022336426085650216e-02
3.458333333333332860e+01,3.591003037827920213e-02
3.460416666666666430e+01,2.601715908816406436e-02
3.462500000000000000e+01,1.896798489266828674e-02
3.464583333333332860e+01,2.724067971876176913e-02
3.466666666666666430e+01,3.234729205914775585e-02
3.468750000000000000e+01,2.282747831593523458e-02
3.470833333333332860e+01,1.725670134159453667e-02
3.472916666666666430e+01,2.752430043066283680e-02
3.475000000000000000e+01,3.475884407266412873e-02
3.477083333333332860e+01,2.639764866821706080e-02
3.479166666666666430e+01,2.150913603410552558e-02
3.481250000000000000e+01,3.142307866207978001e-02
3.483333333333332860e+01,3.769553521189464990e-02
3.485416666666666430e+01,2.842323727421927279e-02
3.487500000000000000e+01,2.258696954934942547e-02
3.489583333333332860e+01,3.267454766161249913e-02
3.491666666666666430e+01,3.990184331238322279e-02
3.493750000000000000e+01,3.157616564179101942e-02
3.495833333333332860e+01,2.663880906193596271e-02
3.497916666666666430e+01,3.658404802318876436e-02
3.500000000000000000e+01,4.301800542279470008e-02
3.502083333333332860e+01,3.389019172729017260e-02
3.504166666666666430e+01,2.809591124890042230e-02
3.506250000000000000e+01,3.824658538185943257e-02
3.508333333333332860e+01,4.564540428129922750e-02
3.510416666666666430e+01,3.747148990496865228e-02
3.512500000000000000e+01,3.252617755983115005e-02
3.514583333333332860e+01,4.247047027128594138e-02
3.516666666666666430e+01,4.891258114156239734e-02
3.518750000000000000e+01,3.977819217633896121e-02
3.520833333333332860e+01,3.407462916968193728e-02
3.522916666666666430e+01,4.429459069513521502e-02
3.525000000000000000e+01,5.145684031874667164e-02
3.527083333333332860e+01,4.304206602338308402e-02
3.529166666666666430e+01,3.826512862066420995e-02
3.531250000000000000e+01,4.810555420016776607e-02
3.533333333333332860e+01,5.396144409116341439e-02
3.535416666666666430e+01,4.427645743936346051e-02
3.537500000000000000e+01,3.829713411428462000e-02
3.539583333333332860e+01,4.806860671849057243e-02
3.541666666666666430e+01,5.462818285146021219e-02
3.543750000000000000e+01,4.564800359488489778e-02
3.545833333333332860e+01,4.028934027881502650e-02
3.547916666666666430e+01,5.076696500461453515e-02
3.550000000000000000e+01,5.818145260408560254e-02
3.552083333333332860e+01,5.001913854092848721e-02
3.554166666666666430e+01,4.532595155841570578e-02
3.556250000000000000e+01,5.526798123422651393e-02
3.558333333333332860e+01,6.148114448338507648e-02
3.560416666666666430e+01,5.203693040272171222e-02
3.562500000000000000e+01,4.577055697429360109e-02
3.564583333333332860e+01,5.547057478431844518e-02
3.566666666666666430e+01,6.252252542681595304e-02
3.568750000000000000e+01,5.398967185011607078e-02
3.570833333333332860e+01,4.865625351570426749e-02
3.572916666666666430e+01,5.898573333041804562e-02
3.575000000000000000e+01,6.647181374921568020e-02
3.577083333333332860e+01,5.837077451911753395e-02
3.579166666666666430e+01,5.341875594185926251e-02
3.581250000000000000e+01,6.351484249505805202e-02
3.583333333333332860e+01,7.023337079240558889e-02
3.585416666666666430e+01,6.139748781698228103e-02
3.587500000000000000e+01,5.610521683316342656e-02
3.589583333333332860e+01,6.633974891925767392e-02
3.591666666666666430e+01,7.308816799626913219e-02
3.593750000000000000e+01,6.427484544643584374e-02
3.595833333333332860e+01,5.894509701158130721e-02
3.597916666666666430e+01,6.913235824377994554e-02
3.600000000000000000e+01,7.574477255788124308e-02
3.602083333333332860e+01,6.669097410034666162e-02
3.604166666666666430e+01,6.084569630042865884e-02
3.606250000000000000e+01,7.081471880223537407e-02
3.608333333333332860e+01,7.737924936968069989e-02
3.610416666666666430e+01,6.830409875274123799e-02
3.612500000000000000e+01,6.257892131601405783e-02
3.614583333333332860e+01,7.255653499650624449e-02
3.616666666666666430e+01,7.910319749657059030e-02
3.618750000000000000e+01,6.971352416173051680e-02
3.620833333333332860e+01,6.341147989727337342e-02
3.622916666666666430e+01,7.288995760998108475e-02
3.625000000000000000e+01,7.899055817732154872e-02
3.627083333333332860e+01,6.940411778108752927e-02
3.629166666666666430e+01,6.291419372209147709e-02
3.631250000000000000e+01,7.194882566922097822e-02
3.633333333333332860e+01,7.772863766064043445e-02
3.635416666666666430e+01,6.801648226375732464e-02
3.637500000000000000e+01,6.135089738536775306e-02
3.639583333333332860e+01,7.022238372214871516e-02
3.641666666666666430e+01,7.596338943131933363e-02
3.643750000000000000e+01,6.632836044102213835e-02
3.645833333333332860e+01,5.970275636047644302e-02
3.647916666666666430e+01,6.857388243921135051e-02
3.650000000000000000e+01,7.430350891781237199e-02
3.652083333333332860e+01,6.459576982495816855e-02
3.654166666666666430e+01,5.789387625674121546e-02
3.656250000000000000e+01,6.677386828940493069e-02
3.658333333333332860e+01,7.247093229565135242e-02
3.660416666666666430e+01,6.254375873916179218e-02
3.662500000000000000e+01,5.561181000709217170e-02
3.664583333333332860e+01,6.440215698966954283e-02
3.666666666666666430e+01,7.000974290415673540e-02
3.668750000000000000e+01,5.995994168046124562e-02
3.670833333333332860e+01,5.297149058827389095e-02
3.672916666666666430e+01,6.185435355083263032e-02
3.675000000000000000e+01,6.746358281161457526e-02
3.677083333333332860e+01,5.723441724501585059e-02
3.679166666666666430e+01,5.010627323858781595e-02
3.681250000000000000e+01,5.891583957101882707e-02
3.683333333333332860e+01,6.444555870817714194e-02
3.685416666666666430e+01,5.361136975770967872e-02
3.687500000000000000e+01,4.583118823580809020e-02
3.689583333333332860e+01,5.416300388222720918e-02
3.691666666666666430e+01,5.908243533237197975e-02
3.693750000000000000e+01,4.903717001357901784e-02
3.695833333333332860e+01,4.274635278498417623e-02
3.697916666666666430e+01,5.210719913405913173e-02
3.700000000000000000e+01,5.809857903744369834e-02
3.702083333333332860e+01,4.813552228228141355e-02
3.704166666666666430e+01,4.110731282655425561e-02
3.706250000000000000e+01,4.966889944630064474e-02
3.708333333333332860e+01,5.464189174447952463e-02
3.710416666666666430e+01,4.474377309783545559e-02
3.712500000000000000e+01,3.873269779687451425e-02
3.714583333333332860e+01,4.828039007328887439e-02
3.716666666666666430e+01,5.415594884668063769e-02
3.718750000000000000e+01,4.412189419703343995e-02
3.720833333333332860e+01,3.717292033948904617e-02
3.722916666666666430e+01,4.576074933338736966e-02
3.725000000000000000e+01,5.082970272133242873e-02
3.727083333333332860e+01,4.087774824483397101e-02
3.729166666666666430e+01,3.441497419623230219e-02
3.731250000000000000e+01,4.347066104752472099e-02
3.733333333333332860e+01,4.920869132512611932e-02
3.735416666666666430e+01,3.904693714764971568e-02
3.737500000000000000e+01,3.172706400068930205e-02
3.739583333333332860e+01,4.000226823948697247e-02
3.741666666666666430e+01,4.492856324866816714e-02
3.743750000000000000e+01,3.492588667518287115e-02
3.745833333333332860e+01,2.845965450225307336e-02
3.747916666666666430e+01,3.763435418924476750e-02
3.750000000000000000e+01,4.362648993823493859e-02
3.752083333333332860e+01,3.366873521610715125e-02
3.754166666666666430e+01,2.651389469412303648e-02
3.756250000000000000e+01,3.493451289985322755e-02
3.758333333333332860e+01,3.984269132153873266e-02
3.760416666666666430e+01,2.989144969070433103e-02
3.762500000000000000e+01,2.381331784676403787e-02
3.764583333333332860e+01,3.330041293418143505e-02
3.766666666666666430e+01,3.979646220555572989e-02
3.768750000000000000e+01,3.103563501315982978e-02
3.770833333333332860e+01,2.556591537268087383e-02
3.772916666666666430e+01,3.533727698190917976e-02
3.775000000000000000e+01,4.177965563525461862e-02
3.777083333333332860e+01,3.252317235229725684e-02
3.779166666666666430e+01,2.670492054564825579e-02
3.781250000000000000e+01,3.649961556242783955e-02
3.783333333333332860e+01,4.303015400387450590e-02
3.785416666666666430e+01,3.376377825863548232e-02
3.787500000000000000e+01,2.783456450697669587e-02
3.789583333333332860e+01,3.754275247148174816e-02
3.791666666666666430e+01,4.403777493379153890e-02
3.793750000000000000e+01,3.470862170904475547e-02
3.795833333333332860e+01,2.863964795287064422e-02
3.797916666666666430e+01,3.820730436563257726e-02
3.800000000000000000e+01,4.461983977856472799e-02
3.802083333333332860e+01,3.519087901208594465e-02
3.804166666666666430e+01,2.893564282560624756e-02
3.806250000000000000e+01,3.832440298007132318e-02
3.808333333333332860e+01,4.462901074346917185e-02
3.810416666666666430e+01,3.531486726554254607e-02
3.812500000000000000e+01,2.919306813018296073e-02
3.814583333333332860e+01,3.888749139044730962e-02
3.816666666666666430e+01,4.565241715815610002e-02
3.818750000000000000e+01,3.665283195151011753e-02
3.820833333333332860e+01,3.090804736439927217e-02
3.822916666666666430e+01,4.099688759482088968e-02
3.825000000000000000e+01,4.804885773670022897e-02
3.827083333333332860e+01,3.955321771020449406e-02
3.829166666666666430e+01,3.442259248966458157e-02
3.831250000000000000e+01,4.450319691890472495e-02
3.833333333333332860e+01,5.110395222317404285e-02
3.835416666666666430e+01,4.211410347295679174e-02
3.837500000000000000e+01,3.668841256458377220e-02
3.839583333333332860e+01,4.696844285034774968e-02
3.841666666666666430e+01,5.407981554796533613e-02
3.843750000000000000e+01,4.546289891472147376e-02
3.845833333333332860e+01,4.041021900758831609e-02
3.847916666666666430e+01,4.983980291304460075e-02
3.850000000000000000e+01,5.520231977852885219e-02
3.852083333333332860e+01,4.464212044793235135e-02
3.854166666666666430e+01,3.718830975138526923e-02
3.856250000000000000e+01,4.538856692677770144e-02
3.858333333333332860e+01,5.062802305711482098e-02
3.860416666666666430e+01,4.044460548646411358e-02
3.862500000000000000e+01,3.347917685848766922e-02
3.864583333333332860e+01,4.188869062464724985e-02
3.866666666666666430e+01,4.729681540129098555e-02
3.868750000000000000e+01,3.717863513622629568e-02
3.870833333333332860e+01,3.026961929285090433e-02
3.872916666666666430e+01,3.907566344138695830e-02
3.875000000000000000e+01,4.499689349076860245e-02
3.877083333333332860e+01,3.532764365033357057e-02
3.879166666666666430e+01,2.876012695162325633e-02
3.881250000000000000e+01,3.760861637005200042e-02
3.883333333333332860e+01,4.332315437883976772e-02
3.885416666666666430e+01,3.327375504968400899e-02
3.887500000000000000e+01,2.638583521320160205e-02
3.889583333333332860e+01,3.508476826046171698e-02
3.891666666666666430e+01,4.069540907979460331e-02
3.893750000000000000e+01,3.041539324615075493e-02
3.895833333333332860e+01,2.339907354244491478e-02
3.897916666666666430e+01,3.224461930642413821e-02
3.900000000000000000e+01,3.795767663773989137e-02
3.902083333333332860e+01,2.783458720535926870e-02
3.904166666666666430e+01,2.109219523893609421e-02
3.906250000000000000e+01,3.019756369138885954e-02
3.908333333333332860e+01,3.620063767589633968e-02
3.910416666666666430e+01,2.629263188197901099e-02
3.912500000000000000e+01,1.973409353951344897e-02
3.914583333333332860e+01,2.917632214344290445e-02
3.916666666666666430e+01,3.508457320059781004e-02
3.918750000000000000e+01,2.544537930647745513e-02
3.920833333333332860e+01,1.967254716963982852e-02
3.922916666666666430e+01,2.919028958979262567e-02
3.925000000000000000e+01,3.460609816342236772e-02
3.927083333333332860e+01,2.446743197508246398e-02
3.929166666666666430e+01,1.860782478382176988e-02
3.931250000000000000e+01,2.848931350963369510e-02
3.933333333333332860e+01,3.465818026435503463e-02
3.935416666666666430e+01,2.544793510791147281e-02
3.937500000000000000e+01,2.016894568196056503e-02
3.939583333333332860e+01,2.969957197071172728e-02
3.941666666666666430e+01,3.512826024464701935e-02
3.943750000000000000e+01,2.512543722448470906e-02
3.945833333333332860e+01,1.917071299860910807e-02
3.947916666666666430e+01,2.901063490977376716e-02
3.950000000000000000e+01,3.549464839278099193e-02
3.952083333333332860e+01,2.656154725903435779e-02
3.954166666666666430e+01,2.117853804233385540e-02
3.956250000000000000e+01,3.110387532532915555e-02
3.958333333333332860e+01,3.776626824089129864e-02
3.960416666666666430e+01,2.889042892524806144e-02
3.962500000000000000e+01,2.320198061908880505e-02
3.964583333333332860e+01,3.363666477161064705e-02
3.966666666666666430e+01,4.125096424920571964e-02
3.968750000000000000e+01,3.300369520062475248e-02
3.970833333333332860e+01,2.747491573207022642e-02
3.972916666666666430e+01,3.770090490327072941e-02
3.975000000000000000e+01,4.501368562516644412e-02
3.977083333333332860e+01,3.657894922869159987e-02
3.979166666666666430e+01,3.082357899459947995e-02
3.981250000000000000e+01,4.103191222985066305e-02
3.983333333333332860e+01,4.847533975779128729e-02
3.985416666666666430e+01,4.003371434868144979e-02
3.987500000000000000e+01,3.416640059081074710e-02
3.989583333333332860e+01,4.430158378274728220e-02
3.991666666666666430e+01,5.168245796443429740e-02
3.993750000000000000e+01,4.332441206598458550e-02
3.995833333333332860e+01,3.781537288218107112e-02
3.997916666666666430e+01,4.813634156643292056e-02
4.000000000000000000e+01,5.535205166756675815e-02
4.002083333333332860e+01,4.685818006618956699e-02
4.004166666666666430e+01,4.144315451267144984e-02
4.006250000000000000e+01,5.163317286406828716e-02
4.008333333333332860e+01,5.834777490406087980e-02
4.010416666666666430e+01,4.938773312048101716e-02
4.012500000000000000e+01,4.372677041524445501e-02
4.014583333333332860e+01,5.377426116007751056e-02
4.016666666666666430e+01,6.055990199719076678e-02
4.018750000000000000e+01,5.184639380892377969e-02
4.020833333333332860e+01,4.642148751684630620e-02
4.022916666666666430e+01,5.660739748646309577e-02
4.025000000000000000e+01,6.364046668315898048e-02
4.027083333333332860e+01,5.523314378889684212e-02
4.029166666666666430e+01,5.016124901259250840e-02
4.031250000000000000e+01,6.016595613097658335e-02
4.033333333333332860e+01,6.662945636302904096e-02
4.035416666666666430e+01,5.778183499052125943e-02
4.037500000000000000e+01,5.217838788175485631e-02
4.039583333333332860e+01,6.229319129220196871e-02
4.041666666666666430e+01,6.951171810951808916e-02
4.043750000000000000e+01,6.117115873503144174e-02
4.045833333333332860e+01,5.608648946222959120e-02
4.047916666666666430e+01,6.587045663010503149e-02
4.050000000000000000e+01,7.192943499384377160e-02
4.052083333333332860e+01,6.212322737804183009e-02
4.054166666666666430e+01,5.560958790927979234e-02
4.056250000000000000e+01,6.469790522167072344e-02
4.058333333333332860e+01,7.044775256393036311e-02
4.060416666666666430e+01,6.047857286093793333e-02
4.062500000000000000e+01,5.393887295677740612e-02
4.064583333333332860e+01,6.299910173976214223e-02
4.066666666666666430e+01,6.885639783483855914e-02
4.068750000000000000e+01,5.889091619469745409e-02
4.070833333333332860e+01,5.199826825464639452e-02
4.072916666666666430e+01,6.078937938317732076e-02
4.075000000000000000e+01,6.651987882576999855e-02
4.077083333333332860e+01,5.630071985819056629e-02
4.079166666666666430e+01,4.922993343809075467e-02
4.081250000000000000e+01,5.783686271027894260e-02
4.083333333333332860e+01,6.333336026288201304e-02
4.085416666666666430e+01,5.314918143106250187e-02
4.087500000000000000e+01,4.625375413554853876e-02
4.089583333333332860e+01,5.502956149250164825e-02
4.091666666666666430e+01,6.068122363587143825e-02
4.093750000000000000e+01,5.048894372520072726e-02
4.095833333333332860e+01,4.354246832791473787e-02
4.097916666666666430e+01,5.225725308460111435e-02
4.100000000000000000e+01,5.778817347710560326e-02
4.102083333333332860e+01,4.753309147001080065e-02
4.104166666666666430e+01,4.041708176103304268e-02
4.106250000000000000e+01,4.884947893824939658e-02
4.108333333333332860e+01,5.401452382010991232e-02
4.110416666666666430e+01,4.402063537184483510e-02
4.112500000000000000e+01,3.743526876214341159e-02
4.114583333333332860e+01,4.632333306319069005e-02
4.116666666666666430e+01,5.218887399536888821e-02
4.118750000000000000e+01,4.244653869775853045e-02
4.120833333333332860e+01,3.559112950406059794e-02
4.122916666666666430e+01,4.390112080734636518e-02
4.125000000000000000e+01,4.894112358828120457e-02
4.127083333333332860e+01,3.834648043838576048e-02
4.129166666666666430e+01,3.063718025191693520e-02
4.131250000000000000e+01,3.826329543667898736e-02
4.133333333333332860e+01,4.313258415603040546e-02
4.135416666666666430e+01,3.316277074912878098e-02
4.137500000000000000e+01,2.639934778185773490e-02
4.139583333333332860e+01,3.471410791950953895e-02
4.141666666666666430e+01,3.982153546080341444e-02
4.143750000000000000e+01,2.990257125300479005e-02
4.145833333333332860e+01,2.326841870530247172e-02
4.147916666666666430e+01,3.162149277549464871e-02
4.150000000000000000e+01,3.683875766266473534e-02
4.152083333333332860e+01,2.695130921474452393e-02
4.154166666666666430e+01,2.021861524041020444e-02
4.156250000000000000e+01,2.875635588377743052e-02
4.158333333333332860e+01,3.394047727569200756e-02
4.160416666666666430e+01,2.381509935045269047e-02
4.162500000000000000e+01,1.705040710523002961e-02
4.164583333333332860e+01,2.589986712232900112e-02
4.166666666666666430e+01,3.145456700290339552e-02
4.168750000000000000e+01,2.125029115767452029e-02
4.170833333333332860e+01,1.413692203125868976e-02
4.172916666666666430e+01,2.287436212500541452e-02
4.175000000000000000e+01,2.826769364596076056e-02
4.177083333333332860e+01,1.815675383121338748e-02
4.179166666666666430e+01,1.183429195236943010e-02
4.181250000000000000e+01,2.171711550881868721e-02
4.183333333333332860e+01,2.798944403997250668e-02
4.185416666666666430e+01,1.845364333036351653e-02
4.187500000000000000e+01,1.248561060644089692e-02
4.189583333333332860e+01,2.243723430639768882e-02
4.191666666666666430e+01,2.877907973500497957e-02
4.193750000000000000e+01,1.947379563648746204e-02
4.195833333333332860e+01,1.363419448998152463e-02
4.197916666666666430e+01,2.350539657472573360e-02
4.200000000000000000e+01,2.975519959944525686e-02
4.202083333333332860e+01,2.042261259795859207e-02
4.204166666666666430e+01,1.457675212086923314e-02
4.206250000000000000e+01,2.448821279172261681e-02
4.208333333333332860e+01,3.108932701124611162e-02
4.210416666666666430e+01,2.218777191270932328e-02
4.212500000000000000e+01,1.660473793168859222e-02
4.214583333333332860e+01,2.666367328810330742e-02
4.216666666666666430e+01,3.344887573884468279e-02
4.218750000000000000e+01,2.469162549369032997e-02
4.220833333333332860e+01,1.915699589205975550e-02
4.222916666666666430e+01,2.944351132194138188e-02
4.225000000000000000e+01,3.668056214324080105e-02
4.227083333333332860e+01,2.819869514362717891e-02
4.229166666666666430e+01,2.312503310282962646e-02
4.231250000000000000e+01,3.336440978424818488e-02
4.233333333333332860e+01,3.988477129403166649e-02
4.235416666666666430e+01,3.057641690699739942e-02
4.237500000000000000e+01,2.472864001428091291e-02
4.239583333333332860e+01,3.507288991000040435e-02
4.241666666666666430e+01,4.227687227894812855e-02
4.243750000000000000e+01,3.375404472988866728e-02
4.245833333333332860e+01,2.865875153769939163e-02
4.247916666666666430e+01,3.896610933918542852e-02
4.250000000000000000e+01,4.571868707055989217e-02
4.252083333333332860e+01,3.777642990588619271e-02
4.254166666666666430e+01,3.321031787638652200e-02
4.256250000000000000e+01,4.165778639590641402e-02
4.258333333333332860e+01,4.584778234126821866e-02
4.260416666666666430e+01,3.646817844126352959e-02
4.262500000000000000e+01,3.141179228120109107e-02
4.264583333333332860e+01,4.093454191424083372e-02
4.266666666666666430e+01,4.702491427007447766e-02
4.268750000000000000e+01,3.750711628739522574e-02
4.270833333333332860e+01,3.090848227491677785e-02
4.272916666666666430e+01,4.031440437903822255e-02
4.275000000000000000e+01,4.708742993184866776e-02
4.277083333333332860e+01,3.817357551760068579e-02
4.279166666666666430e+01,3.231957228214637351e-02
4.281250000000000000e+01,4.246728397965839064e-02
4.283333333333332860e+01,4.992206616259570184e-02
4.285416666666666430e+01,4.170311665094852266e-02
4.287500000000000000e+01,3.683492656079890432e-02
4.289583333333332860e+01,4.676632564126605857e-02
4.291666666666666430e+01,5.287415735937637390e-02
4.293750000000000000e+01,4.336564205238474523e-02
4.295833333333332860e+01,3.733637761171046399e-02
4.297916666666666430e+01,4.727607115301542262e-02
4.300000000000000000e+01,5.418238157192545312e-02
4.302083333333332860e+01,4.545040754657604654e-02
4.304166666666666430e+01,3.993053221025166105e-02
4.306250000000000000e+01,5.024192988435486479e-02
4.308333333333332860e+01,5.725725207081888701e-02
4.310416666666666430e+01,4.849034702291889903e-02
4.312500000000000000e+01,4.276716528399912565e-02
4.314583333333332860e+01,5.291507357882420381e-02
4.316666666666666430e+01,5.982208862468586796e-02
4.318750000000000000e+01,5.055639387571167487e-02
4.320833333333332860e+01,4.429494071508236624e-02
4.322916666666666430e+01,5.372986511285978567e-02
4.325000000000000000e+01,5.962348839490448638e-02
4.327083333333332860e+01,4.955323722428777583e-02
4.329166666666666430e+01,4.245372508260354671e-02
4.331250000000000000e+01,5.091775503621222276e-02
4.333333333333332860e+01,5.587419250693283213e-02
4.335416666666666430e+01,4.581753245721470469e-02
4.337500000000000000e+01,3.930877192619483540e-02
4.339583333333332860e+01,4.835615259001722899e-02
4.341666666666666430e+01,5.393822197228027165e-02
4.343750000000000000e+01,4.358187914440824623e-02
4.345833333333332860e+01,3.611207721786621055e-02
4.347916666666666430e+01,4.420625635942037474e-02
4.350000000000000000e+01,4.889297788866821953e-02
4.352083333333332860e+01,3.907156772071396916e-02
4.354166666666666430e+01,3.305309372254690292e-02
4.356250000000000000e+01,4.260715600994009061e-02
4.358333333333332860e+01,4.883389032336909324e-02
4.360416666666666430e+01,3.910524093811596630e-02
4.362500000000000000e+01,3.226488880146891058e-02
4.364583333333332860e+01,4.105592283586109031e-02
4.366666666666666430e+01,4.637556781020565899e-02
4.368750000000000000e+01,3.616479193687179711e-02
4.370833333333332860e+01,2.926973551746468033e-02
4.372916666666666430e+01,3.798075482932582181e-02
4.375000000000000000e+01,4.313758228352046475e-02
4.377083333333332860e+01,3.309571126195350044e-02
4.379166666666666430e+01,2.658595430562936748e-02
4.381250000000000000e+01,3.562686174144166079e-02
4.383333333333332860e+01,4.102394410784863943e-02
4.385416666666666430e+01,3.082907150870626764e-02
4.387500000000000000e+01,2.398468864772235545e-02
4.389583333333332860e+01,3.265584787659120414e-02
4.391666666666666430e+01,3.752480450247959454e-02
4.393750000000000000e+01,2.776622170624436226e-02
4.395833333333332860e+01,2.204048318708331372e-02
4.397916666666666430e+01,3.179760608734591432e-02
4.400000000000000000e+01,3.812778784030217138e-02
4.402083333333332860e+01,2.871730718120362250e-02
4.404166666666666430e+01,2.250116451875892876e-02
4.406250000000000000e+01,3.183673586239327974e-02
4.408333333333332860e+01,3.768389113349707165e-02
4.410416666666666430e+01,2.765114116365318536e-02
4.412500000000000000e+01,2.049687048720170296e-02
4.414583333333332860e+01,2.890085898984372584e-02
4.416666666666666430e+01,3.398082976333303973e-02
4.418750000000000000e+01,2.411111652202639621e-02
4.420833333333332860e+01,1.760067012327736630e-02
4.422916666666666430e+01,2.668564024544802307e-02
4.425000000000000000e+01,3.271592273425407565e-02
4.427083333333332860e+01,2.278085138243650734e-02
4.429166666666666430e+01,1.583477471255940669e-02
4.431250000000000000e+01,2.464440837977883991e-02
4.433333333333332860e+01,3.053912849992783049e-02
4.435416666666666430e+01,2.060353918568390633e-02
4.437500000000000000e+01,1.389449194235172283e-02
4.439583333333332860e+01,2.285735919867574323e-02
4.441666666666666430e+01,2.860389235605254737e-02
4.443750000000000000e+01,1.863598895729308771e-02
4.445833333333332860e+01,1.185205928394896316e-02
4.447916666666666430e+01,2.057135958724225222e-02
4.450000000000000000e+01,2.598866288852847220e-02
4.452083333333332860e+01,1.574593139444487727e-02
4.454166666666666430e+01,8.618725993788938985e-03
4.456250000000000000e+01,1.691525194082619393e-02
4.458333333333332860e+01,2.186631541412556098e-02
4.460416666666666430e+01,1.191599992331685530e-02
4.462500000000000000e+01,5.638903284468540535e-03
4.464583333333332860e+01,1.467513006134880775e-02
4.466666666666666430e+01,2.056937889572396996e-02
4.468750000000000000e+01,1.075099077816694601e-02
4.470833333333332860e+01,3.887137731876829684e-03
4.472916666666666430e+01,1.251411856378746752e-02
4.475000000000000000e+01,1.780777747143774681e-02
4.477083333333332860e+01,7.498168160252367299e-03
4.479166666666666430e+01,3.942320133530497340e-04
4.481250000000000000e+01,8.857532494753898866e-03
4.483333333333332860e+01,1.405098611500212036e-02
4.485416666666666430e+01,3.933461849624450730e-03
4.487500000000000000e+01,-2.820446835898078944e-03
4.489583333333332860e+01,6.039817458238241031e-03
4.491666666666666430e+01,1.158506057870032843e-02
4.493750000000000000e+01,1.066369788513874808e-03
4.495833333333332860e+01,-6.471427508574699797e-03
4.497916666666666430e+01,1.493206727401824281e-03
4.500000000000000000e+01,6.100382051262896385e-03
4.502083333333332860e+01,-3.646399364119659592e-03
4.504166666666666430e+01,-9.310205391916914069e-03
4.506250000000000000e+01,4.716612712682495719e-04
4.508333333333332860e+01,6.887212382951390412e-03
4.510416666666666430e+01,-2.557310378199959336e-03
4.512500000000000000e+01,-9.008838233445632532e-03
4.514583333333332860e+01,1.240728759968732120e-04
4.516666666666666430e+01,5.977533105931191054e-03
4.518750000000000000e+01,-4.103085079959284225e-03
4.520833333333332860e+01,-1.117135008049990365e-02
4.522916666666666430e+01,-2.788729632824462745e-03
4.525000000000000000e+01,2.251844751372446708e-03
4.527083333333332860e+01,-7.630244415178006993e-03
4.529166666666666430e+01,-1.387656726685095911e-02
4.531250000000000000e+01,-4.634771475784260283e-03
4.533333333333332860e+01,1.244480777277527346e-03
4.535416666666666430e+01,-8.683757224350061379e-03
4.537500000000000000e+01,-1.582449094839007489e-02
4.539583333333332860e+01,-7.261779665271932485e-03
4.541666666666666430e+01,-1.046615098299069277e-03
4.543750000000000000e+01,-1.027793928434855147e-02
4.545833333333332860e+01,-1.672475886519032492e-02
4.547916666666666430e+01,-7.151327955691380925e-03
4.550000000000000000e+01,3.558006890601368862e-04
4.552083333333332860e+01,-7.797894472282999694e-03
4.554166666666666430e+01,-1.326349132422996631e-02
4.556250000000000000e+01,-3.493159214711906262e-03
4.558333333333332860e+01,3.394044602013466996e-03
4.560416666666666430e+01,-5.507644443882818430e-03
4.562500000000000000e+01,-1.151981707566894671e-02
4.564583333333332860e+01,-1.425663359435866027e-03
4.566666666666666430e+01,6.111843182363604736e-03
4.568750000000000000e+01,-2.074134761580001367e-03
4.570833333333332860e+01,-7.061196639402577378e-03
4.572916666666666430e+01,2.921402928508609435e-03
4.575000000000000000e+01,9.228692814265812908e-03
4.577083333333332860e+01,-1.969941680763100090e-04
4.579166666666666430e+01,-6.101212156207435830e-03
4.581250000000000000e+01,3.947481807476562257e-03
4.583333333333332860e+01,1.078764477458093833e-02
4.585416666666666430e+01,1.885831252848387332e-03
4.587500000000000000e+01,-3.349849981851856558e-03
4.589583333333332860e+01,6.582369246629470559e-03
4.591666666666666430e+01,1.278561109801519026e-02
4.593750000000000000e+01,3.432477585417592191e-03
4.595833333333332860e+01,-2.120242685487609864e-03
4.597916666666666430e+01,7.987713169096450835e-03
4.600000000000000000e+01,1.464029180283690258e-02
4.602083333333332860e+01,5.820208465021577127e-03
4.604166666666666430e+01,7.657871205288288661e-04
4.606250000000000000e+01,1.057280653862419963e-02
4.608333333333332860e+01,1.661887860809038719e-02
4.610416666666666430e+01,7.167968093645601078e-03
4.612500000000000000e+01,1.256280609450725156e-03
4.614583333333332860e+01,1.120505506658052430e-02
4.616666666666666430e+01,1.825330274671307235e-02
4.618750000000000000e+01,9.764289893974381282e-03
4.620833333333332860e+01,4.548056476558270250e-03
4.622916666666666430e+01,1.463663456828861315e-02
4.625000000000000000e+01,2.156694435450808370e-02
4.627083333333332860e+01,1.293859518491669719e-02
4.629166666666666430e+01,7.596358580876621212e-03
4.631250000000000000e+01,1.780431828211466103e-02
4.633333333333332860e+01,2.494451821368200498e-02
4.635416666666666430e+01,1.648582011613318465e-02
4.637500000000000000e+01,1.139386699646299274e-02
4.639583333333332860e+01,2.146652579396989349e-02
4.641666666666666430e+01,2.817192327091844889e-02
4.643750000000000000e+01,1.928637549739821433e-02
4.645833333333332860e+01,1.379162314823976880e-02
4.647916666666666430e+01,2.414138227370288964e-02
4.650000000000000000e+01,3.156399057643464318e-02
4.652083333333332860e+01,2.339946330331687391e-02
4.654166666666666430e+01,1.863856302096841486e-02
4.656250000000000000e+01,2.846159962981367406e-02
4.658333333333332860e+01,3.451275047386336697e-02
4.660416666666666430e+01,2.497962261641117551e-02
4.662500000000000000e+01,1.920410175630124852e-02
4.664583333333332860e+01,2.965009819906006330e-02
4.666666666666666430e+01,3.719278157367312404e-02
4.668750000000000000e+01,2.893202163200015234e-02
4.670833333333332860e+01,2.358614205676079489e-02
4.672916666666666430e+01,3.355174017231028066e-02
4.675000000000000000e+01,4.056896294229939831e-02
4.677083333333332860e+01,3.193685821249335477e-02
4.679166666666666430e+01,2.633954809570641237e-02
4.681250000000000000e+01,3.653823918624995309e-02
4.683333333333332860e+01,4.409900998355918006e-02
4.685416666666666430e+01,3.598005238055695248e-02
4.687500000000000000e+01,3.079215289849622159e-02
4.689583333333332860e+01,4.091206738444637392e-02
4.691666666666666430e+01,4.809425201345811363e-02
4.693750000000000000e+01,3.958705657269667721e-02
4.695833333333332860e+01,3.406824242962179505e-02
4.697916666666666430e+01,4.453671452527180330e-02
4.700000000000000000e+01,5.221838057146998419e-02
4.702083333333332860e+01,4.416006793915842193e-02
4.704166666666666430e+01,3.930358931050192267e-02
4.706250000000000000e+01,4.926974068582725547e-02
4.708333333333332860e+01,5.572291590811421363e-02
4.710416666666666430e+01,4.660941757048175926e-02
4.712500000000000000e+01,4.088198719644633994e-02
4.714583333333332860e+01,5.108982825431235275e-02
4.716666666666666430e+01,5.833548005857189939e-02
4.718750000000000000e+01,5.002139345621418876e-02
4.720833333333332860e+01,4.533151129014825059e-02
4.722916666666666430e+01,5.514982782938001454e-02
4.725000000000000000e+01,6.086373079454665547e-02
4.727083333333332860e+01,5.105976037819551921e-02
4.729166666666666430e+01,4.499950026649042478e-02
4.731250000000000000e+01,5.468090192803382044e-02
4.733333333333332860e+01,6.098097357423080955e-02
4.735416666666666430e+01,5.180624917368330251e-02
4.737500000000000000e+01,4.625366310112460910e-02
4.739583333333332860e+01,5.654520476762878167e-02
4.741666666666666430e+01,6.377106122486905782e-02
4.743750000000000000e+01,5.545711323666584203e-02
4.745833333333332860e+01,5.073485909696517915e-02
4.747916666666666430e+01,6.057880140441371242e-02
4.750000000000000000e+01,6.652189765393744236e-02
4.752083333333332860e+01,5.690928934054283878e-02
4.754166666666666430e+01,5.081177315581482390e-02
4.756250000000000000e+01,6.066236156277927949e-02
4.758333333333332860e+01,6.760413214169001817e-02
4.760416666666666430e+01,5.897329059223961611e-02
4.762500000000000000e+01,5.376812693107434205e-02
4.764583333333332860e+01,6.400362950603914747e-02
4.766666666666666430e+01,7.102347018450275162e-02
4.768750000000000000e+01,6.243610448022708648e-02
4.770833333333332860e+01,5.716824361094509366e-02
4.772916666666666430e+01,6.742718895447452621e-02
4.775000000000000000e+01,7.467574181406655409e-02
4.777083333333332860e+01,6.633748929850154241e-02
4.779166666666666430e+01,6.122263144829358239e-02
4.781250000000000000e+01,7.140343135847516953e-02
4.783333333333332860e+01,7.848474267879750055e-02
4.785416666666666430e+01,6.995386919379895097e-02
4.787500000000000000e+01,6.448012181853340907e-02
4.789583333333332860e+01,7.494802559763891203e-02
4.791666666666666430e+01,8.266078311634741937e-02
4.793750000000000000e+01,7.475814847256215256e-02
4.795833333333332860e+01,7.023930542337548932e-02
4.797916666666666430e+01,7.995304422186468030e-02
4.800000000000000000e+01,8.559738043348391612e-02
4.802083333333332860e+01,7.570144281894333749e-02
4.804166666666666430e+01,6.940301436267032331e-02
4.806250000000000000e+01,7.901063483825425393e-02
4.808333333333332860e+01,8.505250644399692250e-02
4.810416666666666430e+01,7.515890018209639423e-02
4.812500000000000000e+01,6.827287958060454520e-02
4.814583333333332860e+01,7.735668003776141610e-02
4.816666666666666430e+01,8.349136882575090846e-02
4.818750000000000000e+01,7.388531918958909928e-02
4.820833333333332860e+01,6.704319428686851545e-02
4.822916666666666430e+01,7.614537099787339891e-02
4.825000000000000000e+01,8.251151252868800523e-02
4.827083333333332860e+01,7.298447543060605780e-02
4.829166666666666430e+01,6.606369765419113638e-02
4.831250000000000000e+01,7.495424736687797407e-02
4.833333333333332860e+01,8.090784559031509449e-02
4.835416666666666430e+01,7.088808103175205100e-02
4.837500000000000000e+01,6.359717841263870519e-02
4.839583333333332860e+01,7.191782028090272505e-02
4.841666666666666430e+01,7.693360933950077474e-02
4.843750000000000000e+01,6.693750493227393350e-02
4.845833333333332860e+01,6.038755763898599749e-02
4.847916666666666430e+01,6.941700890861489393e-02
4.850000000000000000e+01,7.502920036530205672e-02
4.852083333333332860e+01,6.469351883084054067e-02
4.854166666666666430e+01,5.726881023131633747e-02
4.856250000000000000e+01,6.540383278262022759e-02
4.858333333333332860e+01,7.002185764517225575e-02
4.860416666666666430e+01,6.031014841470048321e-02
4.862500000000000000e+01,5.466665601193561319e-02
4.864583333333332860e+01,6.456255204547681203e-02
