0.000000000000000000e+00,3.252148103024554803e+04
2.083333333333333218e-02,3.349294447232885432e+04
4.166666666666666435e-02,3.520508962967713887e+04
6.250000000000000000e-02,3.863788732982960937e+04
8.333333333333332871e-02,3.823393484593449830e+04
1.041666666666666574e-01,3.510755135816000256e+04
1.250000000000000000e-01,3.919827400134827622e+04
1.458333333333333148e-01,4.300928359421304776e+04
1.666666666666666574e-01,3.566503546398746403e+04
1.875000000000000000e-01,3.665748676125564089e+04
2.083333333333333148e-01,4.194266344955287786e+04
2.291666666666666574e-01,3.856266330391304655e+04
2.500000000000000000e-01,3.678979800134152902e+04
2.708333333333333148e-01,4.112640993836233247e+04
2.916666666666666297e-01,3.951895533255834016e+04
3.125000000000000000e-01,3.550995014603732852e+04
3.333333333333333148e-01,4.018599616269797843e+04
3.541666666666666297e-01,4.179748260906655196e+04
3.750000000000000000e-01,3.486204445823267451e+04
3.958333333333333148e-01,3.555707135827717138e+04
4.166666666666666297e-01,4.414599110033993929e+04
4.375000000000000000e-01,4.001133068252269004e+04
4.583333333333333148e-01,3.219942536342332824e+04
4.791666666666666297e-01,3.821756409406483726e+04
5.000000000000000000e-01,4.499609061495070637e+04
5.208333333333332593e-01,3.706533409340054641e+04
5.416666666666666297e-01,3.248949292150960900e+04
5.625000000000000000e-01,4.164722364257441222e+04
5.833333333333332593e-01,4.279011459646224102e+04
6.041666666666666297e-01,3.378799783175497578e+04
6.250000000000000000e-01,3.555491840687304648e+04
6.458333333333332593e-01,4.389451710049666144e+04
6.666666666666666297e-01,4.003612878463946254e+04
6.875000000000000000e-01,3.301881297987189464e+04
7.083333333333332593e-01,4.043949066275852238e+04
7.291666666666666297e-01,4.311524975683661614e+04
7.500000000000000000e-01,3.935392850501238718e+04
7.708333333333332593e-01,3.757631958720827242e+04
7.916666666666666297e-01,3.930474591865263938e+04
8.125000000000000000e-01,3.882500354755180888e+04
8.333333333333332593e-01,4.049372791271656024e+04
8.541666666666666297e-01,3.907196291205844318e+04
8.750000000000000000e-01,3.690539646599739353e+04
8.958333333333332593e-01,3.869315130305098137e+04
9.166666666666666297e-01,4.228366814260146202e+04
9.375000000000000000e-01,3.783476517515981686e+04
9.583333333333332593e-01,3.336917112123921834e+04
9.791666666666666297e-01,4.128963019488083228e+04
1.000000000000000000e+00,4.413292313856074907e+04
1.020833333333333259e+00,3.425120981191376632e+04
1.041666666666666519e+00,3.259897360287174888e+04
1.062500000000000000e+00,4.427906672895093652e+04
1.083333333333333259e+00,4.230474629202242795e+04
1.104166666666666519e+00,3.223438216785311306e+04
1.125000000000000000e+00,3.517482173046612297e+04
1.145833333333333259e+00,4.503420392717707000e+04
1.166666666666666519e+00,4.023665514236364834e+04
1.187500000000000000e+00,3.266343228512952192e+04
1.208333333333333259e+00,3.860799380635268608e+04
1.229166666666666519e+00,4.293093074742922181e+04
1.250000000000000000e+00,3.861034682486550446e+04
1.270833333333333259e+00,3.487566785764688393e+04
1.291666666666666519e+00,3.970475140140933945e+04
1.312500000000000000e+00,4.067450157782178576e+04
1.333333333333333259e+00,3.879522079973165819e+04
1.354166666666666519e+00,3.860927683798622456e+04
1.375000000000000000e+00,3.633803258039976208e+04
1.395833333333333259e+00,3.861873138747245684e+04
1.416666666666666519e+00,4.154677118362742476e+04
1.437500000000000000e+00,3.862510364665923407e+04
1.458333333333333259e+00,3.381609062776479550e+04
1.479166666666666519e+00,3.911939576391853188e+04
1.500000000000000000e+00,4.501233203787670209e+04
1.520833333333333259e+00,3.644342024700323964e+04
1.541666666666666519e+00,3.222041893291660017e+04
1.562500000000000000e+00,4.147325794149885769e+04
1.583333333333333259e+00,4.502392331366083818e+04
1.604166666666666519e+00,3.384259948772592907e+04
1.625000000000000000e+00,3.279845174418757233e+04
1.645833333333333259e+00,4.501142392827672302e+04
1.666666666666666519e+00,4.237118553294677986e+04
1.687500000000000000e+00,3.222135355171275296e+04
1.708333333333333259e+00,3.529171424374471098e+04
1.729166666666666519e+00,4.502311352991675085e+04
1.750000000000000000e+00,3.924809092207314825e+04
1.770833333333333259e+00,3.297686775631517958e+04
1.791666666666666519e+00,3.860536635352068697e+04
1.812500000000000000e+00,4.261831862144289335e+04
1.833333333333333259e+00,3.774185586846018123e+04
1.854166666666666519e+00,3.559891258066173032e+04
1.875000000000000000e+00,3.953041379299568507e+04
1.895833333333333259e+00,3.935951369248350238e+04
1.916666666666666519e+00,3.984873039362760028e+04
1.937500000000000000e+00,3.862083919751534268e+04
1.958333333333333259e+00,3.717471374932234903e+04
1.979166666666666519e+00,3.863161711728139198e+04
2.000000000000000000e+00,4.223386755395824730e+04
2.020833333333333037e+00,3.856609114111371309e+04
2.041666666666666519e+00,3.388411566321601276e+04
2.062500000000000000e+00,4.014231086920772941e+04
2.083333333333333037e+00,4.347220317179887934e+04
2.104166666666666519e+00,3.605919753463455709e+04
2.125000000000000000e+00,3.420283608643170737e+04
2.145833333333333037e+00,4.238844194586062076e+04
2.166666666666666519e+00,4.614729091850461555e+04
2.187500000000000000e+00,3.565346471497917082e+04
2.208333333333333037e+00,3.892728720411084942e+04
2.229166666666666519e+00,4.591748677636501816e+04
2.250000000000000000e+00,4.026260810499577201e+04
2.270833333333333037e+00,3.265394577522991312e+04
2.291666666666666519e+00,3.738230186655955185e+04
2.312500000000000000e+00,4.507643761486084259e+04
2.333333333333333037e+00,3.599462646784618119e+04
2.354166666666666519e+00,3.303964860910810967e+04
2.375000000000000000e+00,4.215168751095650805e+04
2.395833333333333037e+00,4.281792493408634618e+04
2.416666666666666519e+00,3.546260054922143172e+04
2.437500000000000000e+00,3.559848081362545781e+04
2.458333333333333037e+00,4.185196906808072526e+04
2.479166666666666519e+00,3.989616782015949866e+04
2.500000000000000000e+00,3.665370763433705724e+04
2.520833333333333037e+00,3.946612863039342483e+04
2.541666666666666519e+00,3.981550358948314533e+04
2.562500000000000000e+00,3.863474993577815621e+04
2.583333333333333037e+00,3.811512323307273618e+04
2.604166666666666519e+00,3.901933191644206818e+04
2.625000000000000000e+00,3.889515752568039170e+04
2.645833333333333037e+00,3.864896413289960765e+04
2.666666666666666519e+00,4.103299345805660414e+04
2.687500000000000000e+00,3.719617556089796562e+04
2.708333333333333037e+00,3.544089062014783121e+04
2.729166666666666519e+00,4.072459922908027511e+04
2.750000000000000000e+00,4.183432339757148293e+04
2.770833333333333037e+00,3.513196607471768948e+04
2.791666666666666519e+00,3.544459916066865844e+04
2.812500000000000000e+00,4.374678470663290500e+04
2.833333333333333037e+00,4.057797660757556150e+04
2.854166666666666519e+00,3.222751957767704153e+04
2.875000000000000000e+00,3.776808609562994388e+04
2.895833333333333037e+00,4.503868613187027222e+04
2.916666666666666519e+00,3.841693365882165381e+04
2.937500000000000000e+00,3.223235551003094588e+04
2.958333333333333037e+00,4.075287527953476092e+04
2.979166666666666519e+00,4.317382085445867415e+04
3.000000000000000000e+00,3.481950520765421243e+04
3.020833333333333037e+00,3.464999347000434500e+04
3.041666666666666519e+00,4.184357337920702412e+04
3.062500000000000000e+00,4.166489574964657368e+04
3.083333333333333037e+00,3.574930606568288931e+04
3.104166666666666519e+00,3.891915489079283725e+04
3.125000000000000000e+00,4.066358011793798505e+04
3.145833333333333037e+00,3.752738129685079184e+04
3.166666666666666519e+00,3.705167687457754801e+04
3.187500000000000000e+00,4.039289043884972489e+04
3.208333333333333037e+00,3.845142148853720573e+04
3.229166666666666519e+00,3.613577795708119811e+04
3.250000000000000000e+00,4.238816024633491179e+04
3.270833333333333037e+00,4.001817223157129047e+04
3.291666666666666519e+00,3.504420260648892872e+04
3.312500000000000000e+00,3.823128967808263405e+04
3.333333333333333037e+00,4.184677630121540278e+04
3.354166666666666519e+00,3.788707373134235240e+04
3.375000000000000000e+00,3.659075675043743104e+04
3.395833333333333037e+00,4.154586449518777954e+04
3.416666666666666519e+00,3.955413084576425172e+04
3.437500000000000000e+00,3.544298448584359721e+04
3.458333333333333037e+00,3.744334345116461918e+04
3.479166666666666519e+00,4.184291466149639746e+04
3.500000000000000000e+00,3.750360469961519993e+04
3.520833333333333037e+00,3.604285470813987922e+04
3.541666666666666519e+00,4.275321454715696018e+04
3.562500000000000000e+00,3.934466678490721097e+04
3.583333333333333037e+00,3.478798465182345535e+04
3.604166666666666519e+00,4.038926841171898559e+04
3.625000000000000000e+00,4.228739087281257525e+04
3.645833333333333037e+00,3.915608721126187447e+04
3.666666666666666519e+00,3.571844535130314034e+04
3.687500000000000000e+00,3.874636455824415316e+04
3.708333333333333037e+00,3.985161518782846542e+04
3.729166666666666519e+00,3.793000900127567729e+04
3.750000000000000000e+00,3.957424278295237309e+04
3.770833333333333037e+00,3.827677922988057981e+04
3.791666666666666519e+00,3.545189342352411040e+04
3.812500000000000000e+00,4.071162545023165148e+04
3.833333333333333037e+00,4.107593889315408887e+04
3.854166666666666519e+00,3.592842979860232299e+04
3.875000000000000000e+00,3.545635568562104891e+04
3.895833333333333037e+00,4.147884507766233583e+04
3.916666666666666519e+00,4.187122800725587149e+04
3.937500000000000000e+00,3.255413146076787234e+04
3.958333333333333037e+00,3.796948375611319352e+04
3.979166666666666519e+00,4.506241451621276792e+04
4.000000000000000000e+00,3.881906930011831719e+04
4.020833333333333037e+00,3.224783473473213598e+04
4.041666666666666075e+00,3.825996853775584896e+04
4.062500000000000000e+00,4.505517519598773652e+04
4.083333333333333037e+00,3.777343297925699881e+04
4.104166666666666075e+00,3.245826187682811360e+04
4.125000000000000000e+00,4.169994507899272867e+04
4.145833333333333037e+00,4.306829177564171550e+04
4.166666666666666075e+00,3.542759429102391732e+04
4.187500000000000000e+00,3.589220972289110068e+04
4.208333333333333037e+00,4.184095263265279937e+04
4.229166666666666075e+00,4.078001328570190526e+04
4.250000000000000000e+00,3.559165096633608482e+04
4.270833333333333037e+00,4.034937737436091265e+04
4.291666666666666075e+00,4.101555237820515322e+04
4.312500000000000000e+00,3.930420719967300101e+04
4.333333333333333037e+00,3.820888536681860569e+04
4.354166666666666075e+00,3.889862196228143875e+04
4.375000000000000000e+00,3.867970466610592121e+04
4.395833333333333037e+00,3.874235155949446926e+04
4.416666666666666075e+00,4.056727347426549386e+04
4.437500000000000000e+00,3.847657221672271407e+04
4.458333333333333037e+00,3.598178833536210004e+04
4.479166666666666075e+00,4.091333404352841171e+04
4.500000000000000000e+00,4.185393862008849101e+04
4.520833333333333037e+00,3.533299257821507490e+04
4.541666666666666075e+00,3.545860481936193537e+04
4.562500000000000000e+00,4.416850755319475138e+04
4.583333333333333037e+00,4.055769637577382673e+04
4.604166666666666075e+00,3.224683866264287644e+04
4.625000000000000000e+00,3.792980205063825269e+04
4.645833333333333037e+00,4.504137930302029417e+04
4.666666666666666075e+00,3.692899424072661350e+04
4.687500000000000000e+00,3.225544349759060424e+04
4.708333333333333037e+00,4.159773226855985558e+04
4.729166666666666075e+00,4.302760602578351973e+04
4.750000000000000000e+00,3.544461005827785993e+04
4.770833333333333037e+00,3.460186255117608380e+04
4.791666666666666075e+00,4.183911833443399519e+04
4.812500000000000000e+00,4.140332475093241374e+04
4.833333333333333037e+00,3.416803854077413416e+04
4.854166666666666075e+00,3.813394406213716138e+04
4.875000000000000000e+00,4.167965253088378813e+04
4.895833333333333037e+00,3.864864480046685640e+04
4.916666666666666075e+00,3.672064473134647415e+04
4.937500000000000000e+00,3.979460063628717762e+04
4.958333333333333037e+00,4.001764523585987627e+04
4.979166666666666075e+00,3.827485703955400822e+04
5.000000000000000000e+00,3.853186415058982675e+04
5.020833333333333037e+00,3.676205871490407299e+04
5.041666666666666075e+00,3.863806470484931197e+04
5.062500000000000000e+00,4.136331157024653658e+04
5.083333333333333037e+00,3.920745686388859758e+04
5.104166666666666075e+00,3.534904758919330925e+04
5.125000000000000000e+00,3.916743090936312365e+04
5.145833333333333037e+00,4.503042900011128950e+04
5.166666666666666075e+00,3.599562401823536493e+04
5.187500000000000000e+00,3.224465432260283342e+04
5.208333333333333037e+00,4.193157169462674210e+04
5.229166666666666075e+00,4.415751509166319738e+04
5.250000000000000000e+00,3.251609800328691563e+04
5.270833333333333037e+00,3.383185163516768807e+04
5.291666666666666075e+00,4.428821001551832887e+04
5.312500000000000000e+00,4.188839816448762576e+04
5.333333333333333037e+00,3.224604712539180764e+04
5.354166666666666075e+00,3.610987545699359907e+04
5.375000000000000000e+00,4.487706664529044065e+04
5.395833333333333037e+00,3.882576231350113812e+04
5.416666666666666075e+00,3.390145445726483740e+04
5.437500000000000000e+00,3.863430439455915621e+04
5.458333333333333037e+00,4.232452097477691132e+04
5.479166666666666075e+00,3.863857758643417037e+04
5.500000000000000000e+00,3.638972581403391814e+04
5.520833333333333037e+00,4.009741611645389639e+04
5.541666666666666075e+00,3.837222241453720926e+04
5.562500000000000000e+00,3.909053155187250377e+04
5.583333333333333037e+00,3.842858966113187489e+04
5.604166666666666075e+00,3.615633887469874753e+04
5.625000000000000000e+00,3.856013663293308491e+04
5.645833333333333037e+00,4.218430520141804300e+04
5.666666666666666075e+00,3.857371401179829263e+04
5.687500000000000000e+00,3.387382015065734595e+04
5.708333333333333037e+00,4.011806674040848156e+04
5.729166666666666075e+00,4.342906200775184698e+04
5.750000000000000000e+00,3.609561231049714115e+04
5.770833333333333037e+00,3.445256385327954195e+04
5.791666666666666075e+00,4.236377629581369547e+04
5.812500000000000000e+00,4.177348123709686479e+04
5.833333333333333037e+00,3.268003699549627345e+04
5.854166666666666075e+00,3.755110127016322804e+04
5.875000000000000000e+00,4.489608337355183176e+04
5.895833333333333037e+00,3.900789850352066424e+04
5.916666666666666075e+00,3.224330216811821811e+04
5.937500000000000000e+00,3.944213155911501235e+04
5.958333333333333037e+00,4.394080406089961616e+04
5.979166666666666075e+00,3.498466161433366506e+04
6.000000000000000000e+00,3.437611869470639795e+04
6.020833333333333037e+00,4.184751620565071789e+04
6.041666666666666075e+00,4.186456724096723337e+04
6.062500000000000000e+00,3.501671018736165570e+04
6.083333333333333037e+00,3.802324270455321675e+04
6.104166666666666075e+00,4.089242337411329208e+04
6.125000000000000000e+00,3.864575059265435993e+04
6.145833333333333037e+00,3.799568634760007262e+04
6.166666666666666075e+00,3.864283197208330239e+04
6.187500000000000000e+00,3.902944878052412241e+04
6.208333333333333037e+00,3.865607728683115420e+04
6.229166666666666075e+00,4.148934614487527870e+04
6.250000000000000000e+00,3.708741762046956865e+04
6.270833333333333037e+00,3.542951284817945270e+04
6.291666666666666075e+00,4.098688223810375348e+04
6.312500000000000000e+00,4.183429174994889036e+04
6.333333333333333037e+00,3.512766181221316219e+04
6.354166666666666075e+00,3.543879757595326373e+04
6.375000000000000000e+00,4.353202138263238885e+04
6.395833333333333037e+00,4.058370665382862353e+04
6.416666666666666075e+00,3.223072811671777526e+04
6.437500000000000000e+00,3.783676766614929511e+04
6.458333333333333037e+00,4.504055289787455695e+04
6.479166666666666075e+00,3.821638723254432261e+04
6.500000000000000000e+00,3.223875479444835219e+04
6.520833333333333037e+00,4.124536103540952172e+04
6.541666666666666075e+00,4.364729160385625437e+04
6.562500000000000000e+00,3.542745097612201789e+04
6.583333333333333037e+00,3.453174930166557169e+04
6.604166666666666075e+00,4.183648803251188656e+04
6.625000000000000000e+00,4.158792550990337622e+04
6.645833333333333037e+00,3.406985952358233044e+04
6.666666666666666075e+00,3.760494275760024902e+04
6.687500000000000000e+00,4.216658585459014284e+04
6.708333333333333037e+00,3.864931982414975209e+04
6.729166666666666075e+00,3.801063986858468706e+04
6.750000000000000000e+00,3.998455028413109540e+04
6.770833333333333037e+00,3.819309525974056305e+04
6.791666666666666075e+00,3.722672460979396419e+04
6.812500000000000000e+00,4.030160388169693033e+04
6.833333333333333037e+00,3.932821616029218421e+04
6.854166666666666075e+00,3.635918236790520314e+04
6.875000000000000000e+00,3.831899193155836838e+04
6.895833333333333037e+00,4.143211372525558545e+04
6.916666666666666075e+00,3.742683822410262655e+04
6.937500000000000000e+00,3.601738797585469001e+04
6.958333333333333037e+00,4.183866191462281131e+04
6.979166666666666075e+00,3.973872983659034799e+04
7.000000000000000000e+00,3.531992454344216094e+04
7.020833333333333037e+00,3.747869403032711125e+04
7.041666666666666075e+00,4.185716276465982810e+04
7.062500000000000000e+00,3.875348331560699444e+04
7.083333333333333037e+00,3.617262369998358190e+04
7.104166666666666075e+00,3.970511573501292878e+04
7.125000000000000000e+00,4.062330074277109816e+04
7.145833333333333037e+00,3.865675714887874346e+04
7.166666666666666075e+00,3.815458436520957912e+04
7.187500000000000000e+00,3.865508146374156786e+04
7.208333333333333037e+00,3.668808436051745957e+04
7.229166666666666075e+00,3.963187328686849651e+04
7.250000000000000000e+00,4.183759672596735618e+04
7.270833333333333037e+00,3.618293752250526450e+04
7.291666666666666075e+00,3.694122166797798855e+04
7.312500000000000000e+00,4.221672125660494203e+04
7.333333333333333037e+00,4.012301953104529821e+04
7.354166666666666075e+00,3.278104038695725467e+04
7.375000000000000000e+00,3.991829294100994593e+04
7.395833333333333037e+00,4.362433066151336971e+04
7.416666666666666075e+00,3.633067270110199752e+04
7.437500000000000000e+00,3.231933015707141021e+04
7.458333333333333037e+00,4.165467460389986809e+04
7.479166666666666075e+00,4.504370304955603933e+04
7.500000000000000000e+00,3.372973503720098233e+04
7.520833333333333037e+00,3.287283539130099234e+04
7.541666666666666075e+00,4.502679021191733773e+04
7.562500000000000000e+00,4.151986852639167773e+04
7.583333333333333037e+00,3.224223120564224882e+04
7.604166666666666075e+00,3.611769542067931616e+04
7.625000000000000000e+00,4.505218176042941923e+04
7.645833333333333037e+00,3.939250244138608832e+04
7.666666666666666075e+00,3.332514685152682068e+04
7.687500000000000000e+00,3.862568368249968626e+04
7.708333333333333037e+00,4.278260333228671516e+04
7.729166666666666075e+00,3.805235857493956428e+04
7.750000000000000000e+00,3.513412247725016641e+04
7.770833333333333037e+00,3.882405475917476724e+04
7.791666666666666075e+00,4.044626888166621211e+04
7.812500000000000000e+00,3.906286638923531427e+04
7.833333333333333037e+00,3.905140933290436806e+04
7.854166666666666075e+00,3.809518532822866837e+04
7.875000000000000000e+00,3.865337744587284396e+04
7.895833333333333037e+00,4.126161450554247858e+04
7.916666666666666075e+00,3.866346381727080734e+04
7.937500000000000000e+00,3.295775927720860636e+04
7.958333333333333037e+00,3.984377154180015350e+04
7.979166666666666075e+00,4.502900337071312242e+04
8.000000000000000000e+00,3.607343343767415354e+04
8.020833333333332149e+00,3.224210548571814797e+04
8.041666666666666075e+00,4.222663182766102545e+04
8.062500000000000000e+00,4.503828520906671474e+04
8.083333333333332149e+00,3.253868262177671932e+04
8.104166666666666075e+00,3.370884552000604162e+04
8.125000000000000000e+00,4.430273795893964416e+04
8.145833333333332149e+00,4.200989499387203978e+04
8.166666666666666075e+00,3.224702257340536016e+04
8.187500000000000000e+00,3.574710542780969263e+04
8.208333333333332149e+00,4.443057328572909319e+04
8.229166666666666075e+00,3.665846097701293183e+04
8.250000000000000000e+00,3.188956120245253624e+04
8.270833333333332149e+00,3.841432314611959009e+04
8.291666666666666075e+00,4.159183392240605463e+04
8.312500000000000000e+00,3.824962744076354284e+04
8.333333333333332149e+00,3.629662474241357268e+04
8.354166666666666075e+00,3.793790892938826437e+04
8.375000000000000000e+00,3.853201518537833181e+04
8.395833333333332149e+00,4.065594973531478172e+04
8.416666666666666075e+00,3.859141295617091237e+04
8.437500000000000000e+00,3.537300213673454709e+04
8.458333333333332149e+00,3.862260522812121053e+04
8.479166666666666075e+00,4.333558373930709786e+04
8.500000000000000000e+00,3.782448695374063391e+04
8.520833333333332149e+00,3.400373552148314775e+04
8.541666666666666075e+00,4.096112910268446285e+04
8.562500000000000000e+00,4.349797652994948294e+04
8.583333333333332149e+00,3.497337072681777499e+04
8.604166666666666075e+00,3.412428510782647209e+04
8.625000000000000000e+00,4.438911277453958610e+04
8.645833333333332149e+00,4.036943038733967114e+04
8.666666666666666075e+00,3.223459257828745831e+04
8.687500000000000000e+00,3.792026306021654455e+04
8.708333333333332149e+00,4.503426498631032155e+04
8.729166666666666075e+00,3.804792788821760041e+04
8.750000000000000000e+00,3.223640728577623668e+04
8.770833333333332149e+00,4.143263273862019560e+04
8.791666666666666075e+00,4.245835034182867821e+04
8.812500000000000000e+00,3.543359363670628954e+04
8.833333333333332149e+00,3.461547405839327985e+04
8.854166666666666075e+00,4.182607412816702708e+04
8.875000000000000000e+00,4.148175557046169706e+04
8.895833333333332149e+00,3.543572195155001828e+04
8.916666666666666075e+00,3.803499314247809525e+04
8.937500000000000000e+00,4.058302429321247473e+04
8.958333333333332149e+00,3.861508614500845579e+04
8.979166666666666075e+00,3.781821957635979197e+04
9.000000000000000000e+00,4.294737053066755470e+04
9.020833333333332149e+00,3.757794607912444917e+04
9.041666666666666075e+00,3.591810791916112066e+04
9.062500000000000000e+00,4.287297823789377435e+04
9.083333333333332149e+00,4.066141556641145871e+04
9.104166666666666075e+00,3.360757120622118964e+04
9.125000000000000000e+00,3.750731869792174984e+04
9.145833333333332149e+00,4.468167137757672754e+04
9.166666666666666075e+00,3.816907263037772645e+04
9.187500000000000000e+00,3.226378163757014045e+04
9.208333333333332149e+00,3.968275473780095490e+04
9.229166666666666075e+00,4.505985139530221204e+04
9.250000000000000000e+00,3.595175139585216675e+04
9.270833333333332149e+00,3.322732493243889621e+04
9.291666666666666075e+00,4.165650310553893360e+04
9.312500000000000000e+00,4.178871597137118806e+04
9.333333333333332149e+00,3.524299375956322183e+04
9.354166666666666075e+00,3.648553357745361427e+04
9.375000000000000000e+00,4.177578474826327147e+04
9.395833333333332149e+00,3.924439060132736631e+04
9.416666666666666075e+00,3.626157212765979784e+04
9.437500000000000000e+00,3.876375125116490381e+04
9.458333333333332149e+00,3.891649149773165846e+04
9.479166666666666075e+00,3.865338900416582328e+04
9.500000000000000000e+00,4.072603620959121326e+04
9.520833333333332149e+00,3.944505711044352938e+04
9.541666666666666075e+00,3.553521412104260526e+04
9.562500000000000000e+00,4.092068559191965323e+04
9.583333333333332149e+00,4.184633126795840508e+04
9.604166666666666075e+00,3.517885286737960269e+04
9.625000000000000000e+00,3.551299055026176211e+04
9.645833333333332149e+00,4.337435044334398845e+04
9.666666666666666075e+00,4.043833659082777012e+04
9.687500000000000000e+00,3.249826035446485912e+04
9.708333333333332149e+00,3.826213755587007472e+04
9.729166666666666075e+00,4.503940600598102174e+04
9.750000000000000000e+00,3.686999109217901423e+04
9.770833333333332149e+00,3.252447880400308350e+04
9.791666666666666075e+00,4.167192942758135177e+04
9.812500000000000000e+00,4.269012791243773245e+04
9.833333333333332149e+00,3.536705013267524191e+04
9.854166666666666075e+00,3.540045371298803366e+04
9.875000000000000000e+00,4.182174150952843047e+04
9.895833333333332149e+00,3.958674662468140741e+04
9.916666666666666075e+00,3.549254337897605001e+04
9.937500000000000000e+00,3.863148102553862554e+04
9.958333333333332149e+00,3.954411169882433023e+04
9.979166666666666075e+00,3.864206042907740630e+04
1.000000000000000000e+01,3.986544318877787737e+04
1.002083333333333215e+01,3.894489804228467983e+04
1.004166666666666607e+01,3.542558785514546616e+04
1.006250000000000000e+01,4.080937570846053859e+04
1.008333333333333215e+01,4.183485513717160211e+04
1.010416666666666607e+01,3.547921885890922567e+04
1.012500000000000000e+01,3.606424673938710475e+04
1.014583333333333215e+01,4.264008743404509005e+04
1.016666666666666607e+01,4.107095348325293162e+04
1.018750000000000000e+01,3.222995209945987153e+04
1.020833333333333215e+01,3.774233133201054443e+04
1.022916666666666607e+01,4.503253824008602533e+04
1.025000000000000000e+01,3.842263647167057206e+04
1.027083333333333215e+01,3.223309925560154807e+04
1.029166666666666607e+01,4.077431804584040219e+04
1.031250000000000000e+01,4.398456348127805541e+04
1.033333333333333215e+01,3.437420734063054260e+04
1.035416666666666607e+01,3.444612170344500191e+04
1.037500000000000000e+01,4.183073174292628391e+04
1.039583333333333215e+01,4.169556777830926876e+04
1.041666666666666607e+01,3.543409417218315502e+04
1.043750000000000000e+01,3.749770762204544735e+04
1.045833333333333215e+01,4.077651210375622031e+04
1.047916666666666607e+01,3.862204095697724551e+04
1.050000000000000000e+01,3.770540638996642519e+04
1.052083333333333215e+01,3.886599538957842742e+04
1.054166666666666607e+01,4.058793806624909485e+04
1.056250000000000000e+01,3.990150890113394416e+04
1.058333333333333215e+01,4.131098486587476509e+04
1.060416666666666607e+01,3.985692870263246732e+04
1.062500000000000000e+01,3.658539190385996335e+04
1.064583333333333215e+01,4.023307264293407206e+04
1.066666666666666607e+01,4.197273239415619901e+04
1.068750000000000000e+01,3.577761241864880867e+04
1.070833333333333215e+01,3.550176643561085803e+04
1.072916666666666607e+01,4.330084548801238270e+04
1.075000000000000000e+01,4.119689520556314528e+04
1.077083333333333215e+01,3.224678868478099685e+04
1.079166666666666607e+01,3.781817009138605499e+04
1.081250000000000000e+01,4.452677574602801906e+04
1.083333333333333215e+01,3.703785564087377861e+04
1.085416666666666607e+01,3.225031491414882476e+04
1.087500000000000000e+01,4.177375267635851196e+04
1.089583333333333215e+01,4.405193293558520963e+04
1.091666666666666607e+01,3.400220242070796667e+04
1.093750000000000000e+01,3.443985467071000312e+04
1.095833333333333215e+01,4.301620504929508024e+04
1.097916666666666607e+01,4.055420398725596169e+04
1.100000000000000000e+01,3.408715452624241880e+04
1.102083333333333215e+01,3.875062945826426585e+04
1.104166666666666607e+01,4.211363512225841987e+04
1.106250000000000000e+01,3.812836571627059311e+04
1.108333333333333215e+01,3.623428207880941045e+04
1.110416666666666607e+01,3.865780008444791019e+04
1.112500000000000000e+01,4.122712540166102553e+04
1.114583333333333215e+01,3.797135488936891488e+04
1.116666666666666607e+01,3.814615168921146687e+04
1.118750000000000000e+01,3.887914998963316611e+04
1.120833333333333215e+01,3.865176142452511704e+04
1.122916666666666607e+01,4.013505180507588375e+04
1.125000000000000000e+01,3.865394227917450189e+04
1.127083333333333215e+01,3.581322840024483594e+04
1.129166666666666607e+01,3.632382000269807759e+04
1.131250000000000000e+01,4.266350595056288876e+04
1.133333333333333215e+01,3.664851363388699247e+04
1.135416666666666607e+01,3.208308394353725816e+04
1.137500000000000000e+01,4.119719957757172961e+04
1.139583333333333215e+01,4.482368879176180781e+04
1.141666666666666607e+01,3.365823917388995324e+04
1.143750000000000000e+01,3.281387008796299779e+04
1.145833333333333215e+01,4.368195320371566049e+04
1.147916666666666607e+01,4.262605719148914795e+04
1.150000000000000000e+01,3.222415096581056787e+04
1.152083333333333215e+01,3.558986794860028022e+04
1.154166666666666607e+01,4.503760630846695858e+04
1.156250000000000000e+01,3.841348705286117911e+04
1.158333333333333215e+01,3.355648391184789944e+04
1.160416666666666607e+01,3.862714621276698017e+04
1.162500000000000000e+01,4.227543562801957887e+04
1.164583333333333215e+01,3.863909662147162453e+04
1.166666666666666607e+01,3.627514303177767579e+04
1.168750000000000000e+01,3.941893608437447256e+04
1.170833333333333215e+01,3.869601210001292202e+04
1.172916666666666607e+01,4.047553115760734363e+04
1.175000000000000000e+01,3.863542856128036510e+04
1.177083333333333215e+01,3.532441089361193008e+04
1.179166666666666607e+01,3.864050323191643110e+04
1.181250000000000000e+01,4.352200064505186310e+04
1.183333333333333215e+01,3.768481702161800058e+04
1.185416666666666607e+01,3.362034657515444997e+04
1.187500000000000000e+01,4.119834918714538071e+04
1.189583333333333215e+01,4.284711151167834760e+04
1.191666666666666607e+01,3.449678571140550048e+04
1.193750000000000000e+01,3.561151292716167518e+04
1.195833333333333215e+01,4.481045380747555464e+04
1.197916666666666607e+01,3.979902340679565532e+04
1.200000000000000000e+01,3.222467299365921644e+04
1.202083333333333215e+01,3.792829867408213613e+04
1.204166666666666607e+01,4.398052614849028032e+04
1.206250000000000000e+01,3.750854071831022156e+04
1.208333333333333215e+01,3.343601965727200877e+04
1.210416666666666607e+01,4.351108020951573417e+04
1.212500000000000000e+01,4.364558596702053910e+04
1.214583333333333215e+01,3.612072534254025231e+04
1.216666666666666607e+01,3.629966314118006267e+04
1.218750000000000000e+01,4.210426949224723649e+04
1.220833333333333215e+01,3.924570597120801540e+04
1.222916666666666607e+01,3.631099312943519908e+04
1.225000000000000000e+01,3.869671636733397463e+04
1.227083333333333215e+01,3.945931944220346486e+04
1.229166666666666607e+01,3.866185756099595892e+04
1.231250000000000000e+01,3.899980221135976171e+04
1.233333333333333215e+01,3.994530922787798045e+04
1.235416666666666607e+01,3.715215575934293156e+04
1.237500000000000000e+01,3.860306846983411378e+04
1.239583333333333215e+01,4.184995272474356170e+04
1.241666666666666607e+01,3.774130537155331695e+04
1.243750000000000000e+01,3.545084623087193177e+04
1.245833333333333215e+01,3.931112972335322411e+04
1.247916666666666607e+01,4.235501861791728152e+04
1.250000000000000000e+01,3.625450682986964966e+04
1.252083333333333215e+01,3.675364485325181158e+04
1.254166666666666607e+01,4.183448733482401440e+04
1.256250000000000000e+01,3.951447723152698018e+04
1.258333333333333215e+01,3.417778521812416147e+04
1.260416666666666607e+01,3.906563767632623785e+04
1.262500000000000000e+01,4.184337729008719180e+04
1.264583333333333215e+01,3.610749321557864459e+04
1.266666666666666607e+01,3.700734006660799787e+04
1.268750000000000000e+01,4.183585993773135124e+04
1.270833333333333215e+01,3.920927156237552117e+04
1.272916666666666607e+01,3.616600155670205277e+04
1.275000000000000000e+01,3.955147212162602227e+04
1.277083333333333215e+01,4.171803268472650961e+04
1.279166666666666607e+01,3.560654204239429237e+04
1.281250000000000000e+01,3.733197229541049455e+04
1.283333333333333215e+01,4.182925641107737465e+04
1.285416666666666607e+01,3.910355952046278253e+04
1.287500000000000000e+01,3.486017682490211882e+04
1.289583333333333215e+01,4.007629565352383361e+04
1.291666666666666607e+01,4.108250116634448204e+04
1.293750000000000000e+01,3.466477150805213751e+04
1.295833333333333215e+01,3.769447848712145787e+04
1.297916666666666607e+01,4.176079063693574426e+04
1.300000000000000000e+01,3.837944372236801428e+04
1.302083333333333215e+01,3.540708329975121160e+04
1.304166666666666607e+01,4.096169696418808599e+04
1.306250000000000000e+01,4.070624313551621162e+04
1.308333333333333215e+01,3.476960297630528657e+04
1.310416666666666607e+01,3.714311529855785921e+04
1.312500000000000000e+01,4.184114360081007908e+04
1.314583333333333215e+01,3.826307267505337222e+04
1.316666666666666607e+01,3.555110266110725934e+04
1.318750000000000000e+01,4.130429369550811680e+04
1.320833333333333215e+01,4.035199932572521357e+04
1.322916666666666607e+01,3.608410972116449557e+04
1.325000000000000000e+01,3.808585701098367281e+04
1.327083333333333215e+01,4.183254170256749785e+04
1.329166666666666607e+01,3.805952110369729780e+04
1.331250000000000000e+01,3.549474048652753845e+04
1.333333333333333215e+01,4.158442589136428433e+04
1.335416666666666607e+01,4.019930524428527860e+04
1.337500000000000000e+01,3.542239514959225926e+04
1.339583333333333215e+01,3.829757176038822945e+04
1.341666666666666607e+01,4.184126700872881338e+04
1.343750000000000000e+01,3.736596665207295155e+04
1.345833333333333215e+01,3.562211394373482472e+04
1.347916666666666607e+01,4.158667061338834901e+04
1.350000000000000000e+01,4.010733682633625722e+04
1.352083333333333215e+01,3.581507840673300234e+04
1.354166666666666607e+01,3.826339402772235917e+04
1.356250000000000000e+01,4.194193449686099484e+04
1.358333333333333215e+01,3.760497209387757903e+04
1.360416666666666607e+01,3.631536922552392207e+04
1.362500000000000000e+01,4.182617704778297775e+04
1.364583333333333215e+01,3.972292776805434551e+04
1.366666666666666607e+01,3.835532400081351807e+04
1.368750000000000000e+01,4.000094512445250439e+04
1.370833333333333215e+01,4.299898721290477988e+04
1.372916666666666607e+01,3.716305377708596643e+04
1.375000000000000000e+01,3.712967697193165804e+04
1.377083333333333215e+01,4.258970884048569133e+04
1.379166666666666607e+01,3.967795426476994180e+04
1.381250000000000000e+01,3.626890111508074915e+04
1.383333333333333215e+01,3.902431262791613699e+04
1.385416666666666607e+01,4.189120851848448365e+04
1.387500000000000000e+01,3.653848448300855671e+04
1.389583333333333215e+01,3.523034985254304775e+04
1.391666666666666607e+01,4.184921521856526670e+04
1.393750000000000000e+01,4.014035571632328356e+04
1.395833333333333215e+01,3.544965545134241984e+04
1.397916666666666607e+01,3.892751034001337393e+04
1.400000000000000000e+01,4.184211810857204546e+04
1.402083333333333215e+01,3.586884956773104932e+04
1.404166666666666607e+01,3.714365747282753728e+04
1.406250000000000000e+01,4.238517426627605892e+04
1.408333333333333215e+01,3.913087421171175083e+04
1.410416666666666607e+01,3.487684663606304821e+04
1.412500000000000000e+01,3.978015036455785594e+04
1.414583333333333215e+01,4.156482812531823583e+04
1.416666666666666607e+01,3.551426089316072466e+04
1.418750000000000000e+01,3.692388820830127224e+04
1.420833333333333215e+01,4.185655863721053174e+04
1.422916666666666607e+01,3.863719055996627139e+04
1.425000000000000000e+01,3.593515805427802843e+04
1.427083333333333215e+01,4.176558675192823284e+04
1.429166666666666607e+01,4.075202462653505791e+04
1.431250000000000000e+01,3.444695779697409307e+04
1.433333333333333215e+01,3.803493737705529202e+04
1.435416666666666607e+01,4.185535204088228056e+04
1.437500000000000000e+01,3.793560309608125681e+04
1.439583333333333215e+01,3.564375560192958801e+04
1.441666666666666607e+01,4.179174569152003096e+04
1.443750000000000000e+01,3.878938904297073896e+04
1.445833333333333215e+01,3.553294767236600455e+04
1.447916666666666607e+01,3.824792639915029577e+04
1.450000000000000000e+01,4.158819017245699797e+04
1.452083333333333215e+01,3.716474954195448663e+04
1.454166666666666607e+01,3.580003469643127755e+04
1.456250000000000000e+01,4.064831436709846457e+04
1.458333333333333215e+01,3.953544352866562258e+04
1.460416666666666607e+01,3.678551666137133725e+04
1.462500000000000000e+01,3.878273167403164553e+04
1.464583333333333215e+01,4.061810621611797978e+04
1.466666666666666607e+01,3.673663764244722552e+04
1.468750000000000000e+01,3.748471670432452083e+04
1.470833333333333215e+01,4.184941701326077600e+04
1.472916666666666607e+01,3.678998165002431779e+04
1.475000000000000000e+01,3.636999963316616049e+04
1.477083333333333215e+01,4.172258527775573020e+04
1.479166666666666607e+01,4.181662915617594990e+04
1.481250000000000000e+01,3.382369234582212084e+04
1.483333333333333215e+01,3.607425391006557038e+04
1.485416666666666607e+01,4.503358029504465958e+04
1.487500000000000000e+01,3.945126888998771756e+04
1.489583333333333215e+01,3.223377747695217113e+04
1.491666666666666607e+01,3.850442747024023265e+04
1.493750000000000000e+01,4.504378817693259771e+04
1.495833333333333215e+01,3.635168063815359346e+04
1.497916666666666607e+01,3.297017834825226601e+04
1.500000000000000000e+01,4.183159891938135115e+04
1.502083333333333215e+01,4.208884837100970617e+04
1.504166666666666607e+01,3.544730089951039554e+04
1.506250000000000000e+01,3.568729493605075550e+04
1.508333333333333215e+01,4.184686939135997818e+04
1.510416666666666607e+01,3.952418505109279067e+04
1.512500000000000000e+01,3.719798267916021723e+04
1.514583333333333215e+01,3.926181607582847209e+04
1.516666666666666607e+01,3.947935818977092276e+04
1.518750000000000000e+01,3.864601050288213446e+04
1.520833333333333215e+01,3.696398132981862727e+04
1.522916666666666607e+01,3.742283718210939696e+04
1.525000000000000000e+01,3.556210354430248844e+04
1.527083333333333215e+01,3.887926508004921925e+04
1.529166666666666607e+01,4.153851132381082425e+04
1.531250000000000000e+01,3.582458572256898333e+04
1.533333333333333215e+01,3.608791046746445500e+04
1.535416666666666607e+01,4.247655636034804775e+04
1.537500000000000000e+01,4.160505078480078373e+04
1.539583333333333215e+01,3.242417400185810038e+04
1.541666666666666607e+01,3.723119892804928531e+04
1.543750000000000000e+01,4.501568079830482020e+04
1.545833333333333215e+01,3.903928659951598820e+04
1.547916666666666607e+01,3.223180629291409423e+04
1.550000000000000000e+01,3.957882967050550360e+04
1.552083333333333215e+01,4.482500502942296589e+04
1.554166666666666607e+01,3.476916414712531696e+04
1.556250000000000000e+01,3.421582123100127501e+04
1.558333333333333215e+01,4.182642291092732921e+04
1.560416666666666607e+01,4.150054373725326150e+04
1.562500000000000000e+01,3.543850291457179264e+04
1.564583333333333215e+01,3.684120788239956164e+04
1.566666666666666607e+01,4.119444052936318622e+04
1.568750000000000000e+01,3.862635918603851314e+04
1.570833333333333215e+01,3.740181626597504510e+04
1.572916666666666607e+01,3.963424242665639758e+04
1.575000000000000000e+01,3.843860743648962671e+04
1.577083333333333215e+01,3.834688890794090548e+04
1.579166666666666607e+01,4.084278470527948957e+04
1.581250000000000000e+01,3.746020643526735512e+04
1.583333333333333215e+01,3.678164244921333011e+04
1.585416666666666607e+01,4.094558624298498034e+04
1.587500000000000000e+01,4.102086409704127436e+04
1.589583333333333215e+01,3.508875114083828521e+04
1.591666666666666607e+01,3.577038939749739075e+04
1.593750000000000000e+01,4.412270460104611266e+04
1.595833333333333215e+01,4.037717652105160232e+04
1.597916666666666607e+01,3.212521998080849880e+04
1.600000000000000000e+01,3.476058361714854982e+04
1.602083333333333215e+01,4.501599053176372399e+04
1.604166666666666430e+01,4.077266076421731123e+04
1.606250000000000000e+01,3.247768524217177401e+04
1.608333333333333215e+01,3.988508594685941353e+04
1.610416666666666430e+01,4.321020428362756502e+04
1.612500000000000000e+01,3.777793813342103385e+04
1.614583333333333215e+01,3.429427141266116087e+04
1.616666666666666430e+01,3.945262617471919657e+04
1.618750000000000000e+01,4.208417825063473720e+04
1.620833333333333215e+01,3.864115130993883213e+04
1.622916666666666430e+01,3.630575018563224148e+04
1.625000000000000000e+01,3.854043701301222609e+04
1.627083333333333215e+01,3.873743110338038969e+04
1.629166666666666430e+01,4.045212841119977384e+04
1.631250000000000000e+01,3.863877728542697878e+04
1.633333333333333215e+01,3.794100211500670412e+04
1.635416666666666430e+01,3.865711971266217006e+04
1.637500000000000000e+01,4.139778271104898886e+04
1.639583333333333215e+01,3.799702202722827496e+04
1.641666666666666430e+01,3.307699174339177262e+04
1.643750000000000000e+01,4.095039383267259836e+04
1.645833333333333215e+01,4.467712644902367902e+04
1.647916666666666430e+01,3.498687735360203806e+04
1.650000000000000000e+01,3.225192907005474990e+04
1.652083333333333215e+01,4.415424915621236869e+04
1.654166666666666430e+01,4.226929575369597296e+04
1.656250000000000000e+01,3.223978661436553011e+04
1.658333333333333215e+01,3.581004050275366171e+04
1.660416666666666430e+01,4.478315364365236746e+04
1.662500000000000000e+01,3.826836026404583390e+04
1.664583333333333215e+01,3.231786041669108818e+04
1.666666666666666430e+01,4.188172094292328984e+04
1.668750000000000000e+01,4.329855185471106961e+04
1.670833333333333215e+01,3.351620995863212011e+04
1.672916666666666430e+01,3.481235755337979936e+04
1.675000000000000000e+01,4.504598556886972801e+04
1.677083333333333215e+01,3.982134391942558432e+04
1.679166666666666430e+01,3.547299877066129557e+04
1.681250000000000000e+01,4.081846811752286158e+04
1.683333333333333215e+01,4.422807160749570176e+04
1.685416666666666430e+01,3.877028611431067839e+04
1.687500000000000000e+01,3.509323673145769862e+04
1.689583333333333215e+01,4.087948135329876823e+04
1.691666666666666430e+01,4.166767656651717698e+04
1.693750000000000000e+01,3.793507366159461526e+04
1.695833333333333215e+01,3.768416869733174826e+04
1.697916666666666430e+01,3.892619950932350184e+04
1.700000000000000000e+01,3.868040054919095564e+04
1.702083333333333215e+01,4.079975273776083486e+04
1.704166666666666430e+01,3.866321842634625500e+04
1.706250000000000000e+01,3.544644544680608669e+04
1.708333333333333215e+01,3.864843946136572049e+04
1.710416666666666430e+01,4.415100913976043375e+04
1.712500000000000000e+01,3.701389776130872633e+04
1.714583333333333215e+01,3.410394864210452215e+04
1.716666666666666430e+01,4.178643210929535417e+04
1.718750000000000000e+01,4.409626753381476738e+04
1.720833333333333215e+01,3.336006432247425982e+04
1.722916666666666430e+01,3.332388312998826586e+04
1.725000000000000000e+01,4.505026501131295663e+04
1.727083333333333215e+01,4.060788350652938243e+04
1.729166666666666430e+01,3.226134775936598817e+04
1.731250000000000000e+01,3.680446851787743799e+04
1.733333333333333215e+01,4.495134195471843123e+04
1.735416666666666430e+01,3.788714099776461808e+04
1.737500000000000000e+01,3.387864047970986576e+04
1.739583333333333215e+01,3.863930646485496982e+04
1.741666666666666430e+01,4.206763622853175184e+04
1.743750000000000000e+01,3.865248552266660408e+04
1.745833333333333215e+01,3.670130908854222798e+04
1.747916666666666430e+01,3.801002582883009745e+04
1.750000000000000000e+01,3.864183790281506663e+04
1.752083333333333215e+01,3.921818459455088305e+04
1.754166666666666430e+01,4.168038952046838676e+04
1.756250000000000000e+01,3.476219626972727565e+04
1.758333333333333215e+01,3.472105026768362586e+04
1.760416666666666430e+01,4.262437525850442034e+04
1.762500000000000000e+01,4.076485776854147844e+04
1.764583333333333215e+01,3.214993909960955352e+04
1.766666666666666430e+01,3.716677117576009914e+04
1.768750000000000000e+01,4.447764683164756570e+04
1.770833333333333215e+01,3.896461463802760409e+04
1.772916666666666430e+01,3.223395909773479434e+04
1.775000000000000000e+01,3.809185524246153363e+04
1.777083333333333215e+01,4.505304506888688047e+04
1.779166666666666430e+01,3.851112613896629045e+04
1.781250000000000000e+01,3.224769524489518517e+04
1.783333333333333215e+01,4.052453844247122470e+04
1.785416666666666430e+01,4.420757542758371710e+04
1.787500000000000000e+01,3.543545009382185526e+04
1.789583333333333215e+01,3.443304932526194898e+04
1.791666666666666430e+01,4.183221286034167133e+04
1.793750000000000000e+01,4.086948417084977700e+04
1.795833333333333215e+01,3.544997220758342883e+04
1.797916666666666430e+01,3.802144043149080971e+04
1.800000000000000000e+01,4.078874685280374979e+04
1.802083333333333215e+01,3.864302760309325822e+04
1.804166666666666430e+01,3.755459968209462386e+04
1.806250000000000000e+01,3.885000221054699068e+04
1.808333333333333215e+01,3.797655649369493767e+04
1.810416666666666430e+01,3.873382719092452317e+04
1.812500000000000000e+01,4.151260004980786471e+04
1.814583333333333215e+01,3.826408444803366001e+04
1.816666666666666430e+01,3.699576738770106749e+04
1.818750000000000000e+01,3.984676169532735366e+04
1.820833333333333215e+01,4.037770789877524658e+04
1.822916666666666430e+01,3.643024208660939621e+04
1.825000000000000000e+01,3.734580271230178187e+04
1.827083333333333215e+01,4.215663181186754809e+04
1.829166666666666430e+01,4.160924687187043310e+04
1.831250000000000000e+01,3.567161527069603471e+04
1.833333333333333215e+01,3.718993700546114997e+04
1.835416666666666430e+01,4.193713948879371310e+04
1.837500000000000000e+01,3.850913023390138551e+04
1.839583333333333215e+01,3.617929088553982001e+04
1.841666666666666430e+01,4.161060509090976848e+04
1.843750000000000000e+01,4.037467190788769949e+04
1.845833333333333215e+01,3.545246989420991304e+04
1.847916666666666430e+01,3.868569614310564793e+04
1.850000000000000000e+01,4.186288898366381909e+04
1.852083333333333215e+01,3.606587028435633692e+04
1.854166666666666430e+01,3.600681262264614634e+04
1.856250000000000000e+01,4.184754986816747987e+04
1.858333333333333215e+01,3.961081683631841588e+04
1.860416666666666430e+01,3.544244885637210973e+04
1.862500000000000000e+01,3.894578602031879564e+04
1.864583333333333215e+01,4.184404026700193936e+04
1.866666666666666430e+01,3.639489569437762839e+04
1.868750000000000000e+01,3.681879271753600915e+04
1.870833333333333215e+01,4.187898867087494727e+04
1.872916666666666430e+01,3.912705859594167123e+04
1.875000000000000000e+01,3.527823421047863667e+04
1.877083333333333215e+01,3.987921134954980516e+04
1.879166666666666430e+01,4.145041011928291846e+04
1.881250000000000000e+01,3.627358746822510147e+04
1.883333333333333215e+01,3.647342256801595067e+04
1.885416666666666430e+01,4.185083420200920227e+04
1.887500000000000000e+01,4.048426189192694437e+04
1.889583333333333215e+01,3.545835139075158077e+04
1.891666666666666430e+01,3.744503291017108131e+04
1.893750000000000000e+01,4.081822845682867046e+04
1.895833333333333215e+01,3.863486684980376594e+04
1.897916666666666430e+01,3.779381547083066107e+04
1.900000000000000000e+01,3.906997055541990994e+04
1.902083333333333215e+01,3.963994383471849869e+04
1.904166666666666430e+01,3.864774134459578636e+04
1.906250000000000000e+01,3.949023327289263398e+04
1.908333333333333215e+01,3.734746589444746496e+04
1.910416666666666430e+01,3.852017075598465453e+04
1.912500000000000000e+01,4.012750102886933018e+04
1.914583333333333215e+01,3.883895238247790985e+04
1.916666666666666430e+01,3.637577058901304554e+04
1.918750000000000000e+01,3.865427891949279001e+04
1.920833333333333215e+01,4.303047061926564493e+04
1.922916666666666430e+01,3.731537843094524578e+04
1.925000000000000000e+01,3.341903705602114496e+04
1.927083333333333215e+01,4.099790904303794377e+04
1.929166666666666430e+01,4.504073165508828970e+04
1.931250000000000000e+01,3.492576432952654432e+04
1.933333333333333215e+01,3.224659151682961601e+04
1.935416666666666430e+01,4.330920040348475595e+04
1.937500000000000000e+01,4.287457348230854404e+04
1.939583333333333215e+01,3.224126354789794277e+04
1.941666666666666430e+01,3.460567081771059020e+04
1.943750000000000000e+01,4.388801611134638370e+04
1.945833333333333215e+01,4.052687057100477250e+04
1.947916666666666430e+01,3.180460205402447536e+04
1.950000000000000000e+01,3.782366351974176359e+04
1.952083333333333215e+01,4.308368462366384483e+04
1.954166666666666430e+01,3.852593720363252942e+04
1.956250000000000000e+01,3.508562800054200488e+04
1.958333333333333215e+01,3.859451744665042497e+04
1.960416666666666430e+01,3.994336897622944525e+04
1.962500000000000000e+01,3.944683284396867384e+04
1.964583333333333215e+01,3.861760951657682017e+04
1.966666666666666430e+01,3.622967262004430086e+04
1.968750000000000000e+01,3.863481313716324803e+04
1.970833333333333215e+01,4.178021179226723325e+04
1.972916666666666430e+01,3.919151031356056046e+04
1.975000000000000000e+01,3.412563725054341194e+04
1.977083333333333215e+01,3.939571584155033634e+04
1.979166666666666430e+01,4.502884545665895712e+04
1.981250000000000000e+01,3.636735561538382171e+04
1.983333333333333215e+01,3.306813608774918976e+04
1.985416666666666430e+01,4.166363277344973903e+04
1.987500000000000000e+01,4.346592819261806289e+04
1.989583333333333215e+01,3.364079004446257022e+04
1.991666666666666430e+01,3.408634971819104976e+04
1.993750000000000000e+01,4.503987623028339294e+04
1.995833333333333215e+01,4.041269820077698387e+04
1.997916666666666430e+01,3.225006144055834011e+04
2.000000000000000000e+01,3.710922039570126071e+04
2.002083333333333215e+01,4.505615801503699913e+04
2.004166666666666430e+01,3.677350963224084990e+04
2.006250000000000000e+01,3.399293240573761432e+04
2.008333333333333215e+01,4.183594295619812328e+04
2.010416666666666430e+01,4.275961554423748021e+04
2.012500000000000000e+01,3.543512023204011348e+04
2.014583333333333215e+01,3.553059605071679107e+04
2.016666666666666430e+01,4.183460430453505978e+04
2.018750000000000000e+01,3.849192649520013947e+04
2.020833333333333215e+01,3.594044968259969755e+04
2.022916666666666430e+01,3.855035480305764941e+04
2.025000000000000000e+01,3.993604547676711809e+04
2.027083333333333215e+01,3.854420991815542948e+04
2.029166666666666430e+01,3.959731100162820803e+04
2.031250000000000000e+01,3.903833252513004118e+04
2.033333333333333215e+01,3.599761758932869998e+04
2.035416666666666430e+01,4.014267757915238326e+04
2.037500000000000000e+01,4.103689848318826989e+04
2.039583333333333215e+01,3.610751896182151540e+04
2.041666666666666430e+01,3.544021791227088397e+04
2.043750000000000000e+01,4.218513112278436165e+04
2.045833333333333215e+01,4.184878773514147179e+04
2.047916666666666430e+01,3.306439223171208869e+04
2.050000000000000000e+01,3.636567150983866304e+04
2.052083333333333215e+01,4.483399353993905970e+04
2.054166666666666430e+01,3.973142368803076533e+04
2.056250000000000000e+01,3.223188703978927151e+04
2.058333333333333215e+01,3.831068997670152748e+04
2.060416666666666430e+01,4.504065274184251757e+04
2.062500000000000000e+01,3.706976367676429072e+04
2.064583333333333215e+01,3.258209689813884688e+04
2.066666666666666430e+01,4.174463729620825325e+04
2.068750000000000000e+01,4.269608240449614095e+04
2.070833333333333215e+01,3.523083356305342022e+04
2.072916666666666430e+01,3.536296711373729340e+04
2.075000000000000000e+01,4.183147062165352690e+04
2.077083333333333215e+01,4.000481629224988137e+04
2.079166666666666430e+01,3.582318116494434071e+04
2.081250000000000000e+01,3.862389822273464961e+04
2.083333333333333215e+01,3.926576128812592651e+04
2.085416666666666430e+01,3.863639745144887274e+04
2.087500000000000000e+01,3.984514447846088297e+04
2.089583333333333215e+01,4.126519472432232578e+04
2.091666666666666430e+01,3.643609176544379443e+04
2.093750000000000000e+01,3.874551846054357156e+04
2.095833333333333215e+01,4.220432985936749174e+04
2.097916666666666430e+01,4.179975766966230003e+04
2.100000000000000000e+01,3.559163293746873387e+04
2.102083333333333215e+01,3.758072180093023781e+04
2.104166666666666430e+01,4.191272754784434073e+04
2.106250000000000000e+01,3.716340252000973123e+04
2.108333333333333215e+01,3.541373801812959573e+04
2.110416666666666430e+01,4.162039070874697063e+04
2.112500000000000000e+01,4.006225630740600172e+04
2.114583333333333215e+01,3.614531660189100512e+04
2.116666666666666430e+01,3.879542150950148061e+04
2.118750000000000000e+01,4.185276381297923945e+04
2.120833333333333215e+01,3.723640280948013969e+04
2.122916666666666430e+01,3.628078560470709635e+04
2.125000000000000000e+01,4.175722819480872568e+04
2.127083333333333215e+01,3.930350472506978258e+04
2.129166666666666430e+01,3.491046825080031704e+04
2.131250000000000000e+01,3.939371934279554989e+04
2.133333333333333215e+01,4.185000806215532793e+04
2.135416666666666430e+01,3.578042665023414884e+04
2.137500000000000000e+01,3.606077802887475264e+04
2.139583333333333215e+01,4.184504544701467239e+04
2.141666666666666430e+01,3.928370284902465937e+04
2.143750000000000000e+01,3.544766897772641823e+04
2.145833333333333215e+01,3.995552110467385501e+04
2.147916666666666430e+01,4.159743226447734196e+04
2.150000000000000000e+01,3.550406111612699169e+04
2.152083333333333215e+01,3.769874573523924482e+04
2.154166666666666430e+01,4.237438674046745291e+04
2.156250000000000000e+01,3.857889395680742018e+04
2.158333333333333215e+01,3.543881458396969538e+04
2.160416666666666430e+01,4.078876149981490744e+04
2.162500000000000000e+01,4.080973404669629235e+04
2.164583333333333215e+01,3.567071471011355607e+04
2.166666666666666430e+01,3.671433157713533728e+04
2.168750000000000000e+01,3.917399453656517289e+04
2.170833333333333215e+01,3.827611290168697451e+04
2.172916666666666430e+01,3.880463082253179891e+04
2.175000000000000000e+01,4.260094756365462672e+04
2.177083333333333215e+01,3.670688471722136455e+04
2.179166666666666430e+01,3.674591916510166629e+04
2.181250000000000000e+01,4.241681968560432870e+04
2.183333333333333215e+01,4.002387240491915145e+04
2.185416666666666430e+01,3.258560640606105517e+04
2.187500000000000000e+01,4.024346068608974747e+04
2.189583333333333215e+01,4.423817352766166005e+04
2.191666666666666430e+01,3.509854382849137619e+04
2.193750000000000000e+01,3.389235431242911727e+04
2.195833333333333215e+01,4.501060121986353624e+04
2.197916666666666430e+01,4.207061688525106729e+04
2.200000000000000000e+01,3.229218929547745938e+04
2.202083333333333215e+01,3.535945860676695156e+04
2.204166666666666430e+01,4.507428416867514170e+04
2.206250000000000000e+01,3.797807921480221557e+04
2.208333333333333215e+01,3.295186604160968272e+04
2.210416666666666430e+01,3.926810390815718711e+04
2.212500000000000000e+01,4.282685957685067115e+04
2.214583333333333215e+01,3.864490880637726514e+04
2.216666666666666430e+01,3.522379272620056145e+04
2.218750000000000000e+01,3.864671000978529628e+04
2.220833333333333215e+01,4.003326779115443060e+04
2.222916666666666430e+01,3.845266972367871494e+04
2.225000000000000000e+01,4.055283059305724601e+04
2.227083333333333215e+01,3.684921284235631174e+04
2.229166666666666430e+01,3.525039519403420854e+04
2.231250000000000000e+01,4.133536139807368454e+04
2.233333333333333215e+01,4.177293245478313474e+04
2.235416666666666430e+01,3.315114155989907886e+04
2.237500000000000000e+01,3.630087288367098517e+04
2.239583333333333215e+01,4.501400900083077431e+04
2.241666666666666430e+01,3.977456729237879335e+04
2.243750000000000000e+01,3.222161921076974249e+04
2.245833333333333215e+01,3.586714519832167571e+04
2.247916666666666430e+01,4.504417767286352318e+04
2.250000000000000000e+01,3.951077008540467796e+04
2.252083333333333215e+01,3.223636488050505068e+04
2.254166666666666430e+01,3.740050932811076927e+04
2.256250000000000000e+01,4.505601515409129206e+04
2.258333333333333215e+01,3.943537773462598125e+04
2.260416666666666430e+01,3.223915495248035222e+04
2.262500000000000000e+01,3.877762519214188069e+04
2.264583333333333215e+01,4.492177657490486308e+04
2.266666666666666430e+01,3.671744268520728656e+04
2.268750000000000000e+01,3.315917414239055506e+04
2.270833333333333215e+01,4.182577142235077190e+04
2.272916666666666430e+01,4.255175922617973265e+04
2.275000000000000000e+01,3.440090910578047624e+04
2.277083333333333215e+01,3.575465692202388163e+04
2.279166666666666430e+01,4.242415897654504806e+04
2.281250000000000000e+01,3.934690715415025625e+04
2.283333333333333215e+01,3.666387140361298225e+04
2.285416666666666430e+01,3.862768375013522746e+04
2.287500000000000000e+01,3.975305319802171289e+04
2.289583333333333215e+01,3.863209772972489736e+04
2.291666666666666430e+01,3.821478619159093796e+04
2.293750000000000000e+01,4.080031673529979889e+04
2.295833333333333215e+01,4.277735622616897308e+04
2.297916666666666430e+01,3.637488386237388477e+04
2.300000000000000000e+01,3.913272574999684002e+04
2.302083333333333215e+01,4.283985062076928443e+04
2.304166666666666430e+01,3.761207247977493535e+04
2.306250000000000000e+01,3.478277132047730265e+04
2.308333333333333215e+01,3.916024732711561956e+04
2.310416666666666430e+01,4.124880162976992870e+04
2.312500000000000000e+01,3.868716488716917229e+04
2.314583333333333215e+01,3.845563364116913726e+04
2.316666666666666430e+01,3.708115021079390863e+04
2.318750000000000000e+01,3.864521959286489437e+04
2.320833333333333215e+01,4.104201489225981641e+04
2.322916666666666430e+01,3.864339771873457357e+04
2.325000000000000000e+01,3.539117927981451066e+04
2.327083333333333215e+01,3.864654083063371945e+04
2.329166666666666430e+01,4.425724062183147907e+04
2.331250000000000000e+01,3.737138389842035394e+04
2.333333333333333215e+01,3.223311670444115953e+04
2.335416666666666430e+01,4.045618897865123290e+04
2.337500000000000000e+01,4.503351963851437176e+04
2.339583333333333215e+01,3.598132927270352957e+04
2.341666666666666430e+01,3.223253594194957259e+04
2.343750000000000000e+01,4.218593425259880314e+04
2.345833333333333215e+01,4.304226388754512300e+04
2.347916666666666430e+01,3.282296134433292900e+04
2.350000000000000000e+01,3.462264593257123488e+04
2.352083333333333215e+01,4.505234493297688459e+04
2.354166666666666430e+01,4.114820649256206525e+04
2.356250000000000000e+01,3.225162380869819754e+04
2.358333333333333215e+01,3.743010488628103485e+04
2.360416666666666430e+01,4.506205261021594197e+04
2.362500000000000000e+01,3.664294265667860600e+04
2.364583333333333215e+01,3.325249310315799812e+04
2.366666666666666430e+01,4.183734682998585049e+04
2.368750000000000000e+01,3.707113656897543842e+04
2.370833333333333215e+01,3.413688481030971161e+04
2.372916666666666430e+01,3.994992379842134687e+04
2.375000000000000000e+01,4.131722281940903486e+04
2.377083333333333215e+01,3.552557069191507617e+04
2.379166666666666430e+01,3.687208833414259425e+04
2.381250000000000000e+01,4.174871064033363655e+04
2.383333333333333215e+01,4.107103014545766928e+04
2.385416666666666430e+01,3.671077769811676990e+04
2.387500000000000000e+01,3.612152943021348619e+04
2.389583333333333215e+01,4.093979315493811009e+04
2.391666666666666430e+01,4.183707703032276913e+04
2.393750000000000000e+01,3.630426250924603664e+04
2.395833333333333215e+01,3.541646309366205242e+04
2.397916666666666430e+01,4.180963245003990596e+04
2.400000000000000000e+01,4.182476814896775613e+04
2.402083333333333215e+01,3.542297769181967305e+04
2.404166666666666430e+01,3.540523799436001718e+04
2.406250000000000000e+01,4.178288411748330691e+04
2.408333333333333215e+01,4.180421288478451606e+04
2.410416666666666430e+01,3.539910569627713994e+04
2.412500000000000000e+01,3.568598028672535293e+04
2.414583333333333215e+01,4.083931136300313665e+04
2.416666666666666430e+01,4.166506235864177870e+04
2.418750000000000000e+01,3.588499771475418675e+04
2.420833333333333215e+01,3.538764436168444081e+04
2.422916666666666430e+01,4.305764467249718291e+04
2.425000000000000000e+01,4.238570493405411980e+04
2.427083333333333215e+01,3.575865065488949767e+04
2.429166666666666430e+01,3.562780860925604065e+04
2.431250000000000000e+01,4.193128264716969716e+04
2.433333333333333215e+01,4.187465600918259588e+04
2.435416666666666430e+01,3.543735260312282480e+04
2.437500000000000000e+01,3.600187515309165610e+04
2.439583333333333215e+01,4.181925513726488134e+04
2.441666666666666430e+01,4.166970012488716748e+04
2.443750000000000000e+01,3.539365021524117037e+04
2.445833333333333215e+01,3.539458119836232800e+04
2.447916666666666430e+01,4.114475493328560697e+04
2.450000000000000000e+01,4.179106969979911810e+04
2.452083333333333215e+01,3.538703044185876934e+04
2.454166666666666430e+01,3.572049152499822230e+04
2.456250000000000000e+01,4.179550263949407235e+04
2.458333333333333215e+01,4.179253161172231194e+04
2.460416666666666430e+01,3.478460939031683665e+04
2.462500000000000000e+01,3.539432395981316949e+04
2.464583333333333215e+01,4.178890090504634281e+04
2.466666666666666430e+01,4.179388736817494646e+04
2.468750000000000000e+01,3.571098439726353536e+04
2.470833333333333215e+01,3.564207193465308956e+04
2.472916666666666430e+01,4.307250767327383073e+04
2.475000000000000000e+01,4.179592856368464709e+04
2.477083333333333215e+01,3.436081197720723139e+04
2.479166666666666430e+01,3.539022617058637843e+04
2.481250000000000000e+01,4.230733087952210190e+04
2.483333333333333215e+01,4.179019632627479587e+04
2.485416666666666430e+01,3.538638578160037287e+04
2.487500000000000000e+01,3.567958009234087513e+04
2.489583333333333215e+01,4.178292275807949773e+04
2.491666666666666430e+01,4.178557633275861008e+04
2.493750000000000000e+01,3.538339956990681094e+04
2.495833333333333215e+01,3.537852732048770849e+04
2.497916666666666430e+01,4.177417775850794715e+04
2.500000000000000000e+01,4.178011627254896302e+04
2.502083333333333215e+01,3.572915644853203412e+04
2.504166666666666430e+01,3.191975154169400776e+04
2.506250000000000000e+01,4.146815210795713938e+04
2.508333333333333215e+01,4.202678679430577176e+04
2.510416666666666430e+01,3.657278653043744271e+04
2.512500000000000000e+01,3.562426774022205791e+04
2.514583333333333215e+01,4.177248309575913299e+04
2.516666666666666430e+01,4.181888931064693315e+04
2.518750000000000000e+01,3.539011014674644684e+04
2.520833333333333215e+01,3.665984872475610609e+04
2.522916666666666430e+01,4.180460301511696161e+04
2.525000000000000000e+01,4.312823382624010264e+04
2.527083333333333215e+01,3.541539565333089558e+04
2.529166666666666430e+01,3.380079754564561881e+04
2.531250000000000000e+01,4.181630980462279695e+04
2.533333333333333215e+01,4.350002818620708422e+04
2.535416666666666430e+01,3.541607945089049463e+04
2.537500000000000000e+01,3.355325973065317521e+04
2.539583333333333215e+01,4.214132201941263338e+04
2.541666666666666430e+01,4.311566568784879928e+04
2.543750000000000000e+01,3.541433751128397853e+04
2.545833333333333215e+01,3.523064258012972277e+04
2.547916666666666430e+01,4.065439709415264952e+04
2.550000000000000000e+01,4.180760295062459045e+04
2.552083333333333215e+01,3.407221613544295542e+04
2.554166666666666430e+01,3.775357441717293841e+04
2.556250000000000000e+01,4.561321530702648306e+04
2.558333333333333215e+01,4.186208397642265481e+04
2.560416666666666430e+01,3.242798169671023788e+04
2.562500000000000000e+01,3.553643742797910090e+04
2.564583333333333215e+01,4.404768058165376715e+04
2.566666666666666430e+01,4.184974880864755687e+04
2.568750000000000000e+01,3.222417017622771164e+04
2.570833333333333215e+01,3.541346974379822495e+04
2.572916666666666430e+01,4.500112902828129882e+04
2.575000000000000000e+01,4.178907437208048941e+04
2.577083333333333215e+01,3.231398731479202252e+04
2.579166666666666430e+01,3.642189330717024859e+04
2.581250000000000000e+01,4.499315027709754213e+04
2.583333333333333215e+01,4.102379585077892261e+04
2.585416666666666430e+01,3.219956620877397290e+04
2.587500000000000000e+01,3.539704917963837943e+04
2.589583333333333215e+01,4.398282383697809564e+04
2.591666666666666430e+01,4.178626262851423962e+04
2.593750000000000000e+01,3.218857605250656707e+04
2.595833333333333215e+01,3.539124648335204984e+04
2.597916666666666430e+01,4.498241374593717774e+04
2.600000000000000000e+01,4.177700171735208278e+04
2.602083333333333215e+01,3.218224990062632423e+04
2.604166666666666430e+01,3.538406919315575215e+04
2.606250000000000000e+01,4.497698425733462500e+04
2.608333333333333215e+01,4.177385177921622380e+04
2.610416666666666430e+01,3.217868396399566700e+04
2.612500000000000000e+01,3.524057116631503595e+04
2.614583333333333215e+01,4.353818938804437494e+04
2.616666666666666430e+01,4.178096882742485468e+04
2.618750000000000000e+01,3.370792370426574053e+04
2.620833333333333215e+01,3.553640527282618132e+04
2.622916666666666430e+01,4.181362888016166835e+04
2.625000000000000000e+01,4.233614344310438173e+04
2.627083333333333215e+01,3.524441136068222113e+04
2.629166666666666430e+01,3.558625051707544480e+04
2.631250000000000000e+01,4.173620511886836903e+04
2.633333333333333215e+01,4.174987829529984447e+04
2.635416666666666430e+01,3.536770566931885696e+04
2.637500000000000000e+01,3.516711033766143373e+04
2.639583333333333215e+01,4.178061671001881041e+04
2.641666666666666430e+01,4.177614080570304213e+04
2.643750000000000000e+01,3.538198747682201792e+04
2.645833333333333215e+01,3.445760431050353509e+04
2.647916666666666430e+01,4.179309623078176810e+04
2.650000000000000000e+01,4.204404756097864447e+04
2.652083333333333215e+01,3.539259112335928512e+04
2.654166666666666430e+01,3.603443708155982313e+04
2.656250000000000000e+01,4.178900618316691543e+04
2.658333333333333215e+01,4.178217115940724034e+04
2.660416666666666430e+01,3.538488960579362902e+04
2.662500000000000000e+01,3.578089940825708618e+04
2.664583333333333215e+01,4.178757092179004394e+04
2.666666666666666430e+01,4.177808871086315048e+04
2.668750000000000000e+01,3.532729084239270014e+04
2.670833333333333215e+01,3.548488331193082558e+04
2.672916666666666430e+01,4.179733835723123048e+04
2.675000000000000000e+01,4.161098939066469029e+04
2.677083333333333215e+01,3.540617611697249231e+04
2.679166666666666430e+01,3.567542941120220348e+04
2.681250000000000000e+01,4.178966001189074450e+04
2.683333333333333215e+01,4.177830599779634213e+04
2.685416666666666430e+01,3.491975447954524134e+04
2.687500000000000000e+01,3.640923450226082787e+04
2.689583333333333215e+01,4.180357524244081287e+04
2.691666666666666430e+01,4.034961833083406236e+04
2.693750000000000000e+01,3.540759723721158662e+04
2.695833333333333215e+01,3.859554148420229467e+04
2.697916666666666430e+01,4.157826279635320680e+04
2.700000000000000000e+01,3.858759265643260005e+04
2.702083333333333215e+01,3.538333642227386008e+04
2.704166666666666430e+01,3.858014414170641248e+04
2.706250000000000000e+01,4.178085175479283498e+04
2.708333333333333215e+01,3.876649738034504844e+04
2.710416666666666430e+01,3.589734672561123443e+04
2.712500000000000000e+01,3.890145507282976178e+04
2.714583333333333215e+01,4.198622752710372879e+04
2.716666666666666430e+01,3.907328030447344645e+04
2.718750000000000000e+01,3.676054528815022786e+04
2.720833333333333215e+01,3.863771992109203711e+04
2.722916666666666430e+01,4.035673890799265791e+04
2.725000000000000000e+01,3.912895248318330414e+04
2.727083333333333215e+01,3.835284627010097756e+04
2.729166666666666430e+01,3.806374735536955268e+04
2.731250000000000000e+01,3.860921762670815951e+04
2.733333333333333215e+01,3.840292547262646258e+04
2.735416666666666430e+01,3.859711240076547983e+04
2.737500000000000000e+01,3.858578134385096928e+04
2.739583333333333215e+01,3.943585578281928611e+04
2.741666666666666430e+01,3.940532745488932414e+04
2.743750000000000000e+01,3.859824159237525600e+04
2.745833333333333215e+01,3.858946555470200110e+04
2.747916666666666430e+01,3.859673766127194540e+04
2.750000000000000000e+01,3.835323662740357395e+04
2.752083333333333215e+01,3.859173855241772981e+04
2.754166666666666430e+01,3.858318012904117495e+04
2.756250000000000000e+01,3.858753431708062271e+04
2.758333333333333215e+01,3.943008537365150551e+04
2.760416666666666430e+01,3.859026926654329873e+04
2.762500000000000000e+01,3.858281552510031906e+04
2.764583333333333215e+01,3.888404044609859557e+04
2.766666666666666430e+01,3.940724660552812566e+04
2.768750000000000000e+01,3.859861424066613836e+04
2.770833333333333215e+01,3.792524060321195429e+04
2.772916666666666430e+01,3.859615266563361365e+04
2.775000000000000000e+01,3.858935951277206186e+04
2.777083333333333215e+01,3.858654557885814575e+04
2.779166666666666430e+01,3.858082405423499586e+04
2.781250000000000000e+01,3.927267966852329118e+04
2.783333333333333215e+01,3.864548462233405735e+04
2.785416666666666430e+01,3.859763853220413876e+04
2.787500000000000000e+01,3.752017572465634294e+04
2.789583333333333215e+01,3.820400683080429735e+04
2.791666666666666430e+01,3.863441595821293595e+04
2.793750000000000000e+01,3.845405587738583563e+04
2.795833333333333215e+01,3.850764157661105128e+04
2.797916666666666430e+01,4.018652562702167779e+04
2.800000000000000000e+01,3.841820448740272695e+04
2.802083333333333215e+01,3.857379066555114696e+04
2.804166666666666430e+01,3.857649035619015194e+04
2.806250000000000000e+01,3.858317428767408273e+04
2.808333333333333215e+01,3.921892956195815350e+04
2.810416666666666430e+01,3.859167037786979927e+04
2.812500000000000000e+01,3.858384505106176221e+04
2.814583333333333215e+01,3.859104289060705923e+04
2.816666666666666430e+01,3.968230329349891690e+04
2.818750000000000000e+01,3.859085947656294593e+04
2.820833333333333215e+01,3.858613521469412080e+04
2.822916666666666430e+01,3.859730104371971538e+04
2.825000000000000000e+01,3.908570189538933482e+04
2.827083333333333215e+01,3.860167325103639450e+04
2.829166666666666430e+01,3.859109101058702072e+04
2.831250000000000000e+01,3.859487054155832448e+04
2.833333333333333215e+01,3.859020621582093008e+04
2.835416666666666430e+01,3.858397398613870610e+04
2.837500000000000000e+01,3.857876301120598509e+04
2.839583333333333215e+01,3.858061000205614255e+04
2.841666666666666430e+01,3.840188597501888580e+04
2.843750000000000000e+01,3.858268362401051127e+04
2.845833333333333215e+01,3.857581552702953195e+04
2.847916666666666430e+01,3.949475026329248794e+04
2.850000000000000000e+01,3.866408496897035366e+04
2.852083333333333215e+01,3.858392901647345570e+04
2.854166666666666430e+01,3.857582670791778219e+04
2.856250000000000000e+01,3.931735828523036616e+04
2.858333333333333215e+01,3.890888961834675138e+04
2.860416666666666430e+01,3.895416063064910122e+04
2.862500000000000000e+01,3.881281942465151224e+04
2.864583333333333215e+01,3.893196916458420310e+04
2.866666666666666430e+01,3.977183001616938418e+04
2.868750000000000000e+01,3.865161444871214189e+04
2.870833333333333215e+01,3.780074520784753986e+04
2.872916666666666430e+01,3.862410085684133082e+04
2.875000000000000000e+01,3.999238668096303445e+04
2.877083333333333215e+01,3.861545456255040335e+04
2.879166666666666430e+01,3.794497138059347344e+04
2.881250000000000000e+01,3.860832656118009618e+04
2.883333333333333215e+01,3.877450627437997173e+04
2.885416666666666430e+01,3.858912316881665902e+04
2.887500000000000000e+01,3.857835248991470144e+04
2.889583333333333215e+01,3.973545396961350343e+04
2.891666666666666430e+01,3.937981804267105326e+04
2.893750000000000000e+01,3.860595765977808333e+04
2.895833333333333215e+01,3.859674625097613171e+04
2.897916666666666430e+01,3.860620791687403835e+04
2.900000000000000000e+01,3.860256978604180040e+04
2.902083333333333215e+01,3.859184210927189270e+04
2.904166666666666430e+01,3.858493125111690460e+04
2.906250000000000000e+01,3.858822951454521535e+04
2.908333333333333215e+01,3.811848612542082992e+04
2.910416666666666430e+01,3.859284030269906361e+04
2.912500000000000000e+01,3.858416837851436867e+04
2.914583333333333215e+01,3.877684638665603416e+04
2.916666666666666430e+01,3.990569690556749993e+04
2.918750000000000000e+01,3.858956691194055020e+04
2.920833333333333215e+01,3.744498333337291115e+04
2.922916666666666430e+01,3.859357400773136760e+04
2.925000000000000000e+01,4.126087845196081616e+04
2.927083333333333215e+01,3.859973264988773735e+04
2.929166666666666430e+01,3.579980702312757785e+04
2.931250000000000000e+01,4.005090829610326182e+04
2.933333333333333215e+01,4.122652829803929490e+04
2.935416666666666430e+01,3.545169067187914334e+04
2.937500000000000000e+01,3.518980312545761262e+04
2.939583333333333215e+01,4.138152327913701447e+04
2.941666666666666430e+01,4.172453885890005040e+04
2.943750000000000000e+01,3.468555103944376606e+04
2.945833333333333215e+01,3.420572531884568889e+04
2.947916666666666430e+01,4.178662477546559967e+04
2.950000000000000000e+01,4.179095391866310820e+04
2.952083333333333215e+01,3.539209139809403132e+04
2.954166666666666430e+01,3.576569682849911624e+04
2.956250000000000000e+01,4.180880385460193065e+04
2.958333333333333215e+01,4.180026734660122747e+04
2.960416666666666430e+01,3.539448324651967414e+04
2.962500000000000000e+01,3.540444039794496348e+04
2.964583333333333215e+01,4.142867777038458735e+04
2.966666666666666430e+01,4.179992112145153806e+04
2.968750000000000000e+01,3.539563992371528730e+04
2.970833333333333215e+01,3.585908240030812158e+04
2.972916666666666430e+01,4.181753886633236834e+04
2.975000000000000000e+01,4.180311764417230734e+04
2.977083333333333215e+01,3.539426017825007148e+04
2.979166666666666430e+01,3.539974879918075021e+04
2.981250000000000000e+01,4.179572065280133393e+04
2.983333333333333215e+01,4.178845904206275009e+04
2.985416666666666430e+01,3.691812626682947302e+04
2.987500000000000000e+01,3.556560836361534166e+04
2.989583333333333215e+01,4.033053727792201244e+04
2.991666666666666430e+01,4.179781348300028912e+04
2.993750000000000000e+01,3.858657257636055874e+04
2.995833333333333215e+01,3.538678250996964198e+04
2.997916666666666430e+01,3.858903876377183769e+04
3.000000000000000000e+01,4.135606234174723068e+04
3.002083333333333215e+01,3.828038359598817624e+04
3.004166666666666430e+01,3.506031259450160724e+04
3.006250000000000000e+01,3.867799348760271823e+04
3.008333333333333215e+01,4.244543110498425085e+04
3.010416666666666430e+01,3.854809327604360442e+04
3.012500000000000000e+01,3.536577271955886681e+04
3.014583333333333215e+01,3.857383209429624549e+04
3.016666666666666430e+01,4.176936004545547621e+04
3.018750000000000000e+01,3.856694327167308802e+04
3.020833333333333215e+01,3.537299728120819782e+04
3.022916666666666430e+01,3.914914052946674201e+04
3.025000000000000000e+01,4.177538319882631913e+04
3.027083333333333215e+01,3.857166706290894945e+04
3.029166666666666430e+01,3.537610869928490138e+04
3.031250000000000000e+01,3.857622554120358836e+04
3.033333333333333215e+01,4.176934877358421363e+04
3.035416666666666430e+01,3.856731703726702108e+04
3.037500000000000000e+01,3.534426166280924372e+04
3.039583333333333215e+01,3.998025643644906813e+04
3.041666666666666430e+01,4.177298634011809918e+04
3.043750000000000000e+01,3.711663840319073643e+04
3.045833333333333215e+01,3.441059928748552193e+04
3.047916666666666430e+01,4.014049407492746832e+04
3.050000000000000000e+01,4.228363854190473648e+04
3.052083333333333215e+01,3.661746678697422612e+04
3.054166666666666430e+01,3.539415940109970688e+04
3.056250000000000000e+01,4.178207687845821783e+04
3.058333333333333215e+01,4.177382220454501658e+04
3.060416666666666430e+01,3.537555436867818935e+04
3.062500000000000000e+01,3.526743467519494880e+04
3.064583333333333215e+01,4.177726758207535750e+04
3.066666666666666430e+01,4.177101875456980633e+04
3.068750000000000000e+01,3.537417234970653226e+04
3.070833333333333215e+01,3.452522561267601122e+04
3.072916666666666430e+01,4.178297848017187789e+04
3.075000000000000000e+01,4.336384841889007657e+04
3.077083333333333215e+01,3.679471438231279899e+04
3.079166666666666430e+01,3.684815514233985596e+04
3.081250000000000000e+01,4.215763142563320434e+04
3.083333333333333215e+01,4.201575830499103904e+04
3.085416666666666430e+01,3.553162574027905066e+04
3.087500000000000000e+01,3.592001416797051934e+04
3.089583333333333215e+01,4.185219619930068438e+04
3.091666666666666430e+01,4.182646907300443854e+04
3.093750000000000000e+01,3.540729629206873506e+04
3.095833333333333215e+01,3.539482335574193712e+04
3.097916666666666430e+01,4.179695613998187036e+04
3.100000000000000000e+01,4.179277025662351662e+04
3.102083333333333215e+01,3.538730140436015063e+04
3.104166666666666430e+01,3.586355092426865303e+04
3.106250000000000000e+01,4.180128747560850024e+04
3.108333333333333215e+01,4.179159314213864127e+04
3.110416666666666430e+01,3.539020735731979948e+04
3.112500000000000000e+01,3.480848518114634498e+04
3.114583333333333215e+01,4.178628490778047853e+04
3.116666666666666430e+01,4.177889662024781137e+04
3.118750000000000000e+01,3.539401121503459581e+04
3.120833333333333215e+01,3.697055910305964062e+04
3.122916666666666430e+01,4.180198716967610380e+04
3.125000000000000000e+01,3.965499042697042751e+04
3.127083333333333215e+01,3.540455407196090528e+04
3.129166666666666430e+01,3.859561236408856348e+04
3.131250000000000000e+01,4.178380514323648822e+04
3.133333333333333215e+01,3.858363253158554289e+04
3.135416666666666430e+01,3.538978039662858646e+04
3.137500000000000000e+01,3.858518265084722225e+04
3.139583333333333215e+01,4.177504201033239951e+04
3.141666666666666430e+01,3.889889627192675107e+04
3.143750000000000000e+01,3.646130700456285558e+04
3.145833333333333215e+01,3.859274731332918600e+04
3.147916666666666430e+01,4.106755947207075224e+04
3.150000000000000000e+01,3.936249523835928267e+04
3.152083333333333215e+01,3.588056656834669411e+04
3.154166666666666430e+01,3.889627276165050716e+04
3.156250000000000000e+01,4.197294081977968017e+04
3.158333333333333215e+01,3.954892351407144452e+04
3.160416666666666430e+01,3.553427608273636724e+04
3.162500000000000000e+01,3.863876296566925157e+04
3.164583333333333215e+01,4.181717489844138618e+04
3.166666666666666430e+01,3.861085268483708933e+04
3.168750000000000000e+01,3.540204077995288390e+04
3.170833333333333215e+01,3.858875450542735052e+04
3.172916666666666430e+01,4.215457731144576974e+04
3.175000000000000000e+01,4.007083711519166536e+04
3.177083333333333215e+01,3.540885980618615577e+04
3.179166666666666430e+01,3.859918599689038092e+04
3.181250000000000000e+01,4.180389773404407606e+04
3.183333333333333215e+01,3.860915155937918462e+04
3.185416666666666430e+01,3.540238288778706192e+04
3.187500000000000000e+01,3.723494049106705643e+04
3.189583333333333215e+01,4.179616907897411147e+04
3.191666666666666430e+01,4.010629915898654872e+04
3.193750000000000000e+01,3.654843833180540241e+04
3.195833333333333215e+01,3.636864657455589622e+04
3.197916666666666430e+01,4.075060753415292857e+04
3.200000000000000000e+01,4.180962349905787414e+04
3.202083333333332860e+01,3.570523651306048123e+04
3.204166666666666430e+01,3.565189062514519901e+04
3.206250000000000000e+01,4.179513857747302973e+04
3.208333333333332860e+01,4.179460011954148649e+04
3.210416666666666430e+01,3.539084268198302016e+04
3.212500000000000000e+01,3.545659113019600773e+04
3.214583333333332860e+01,4.178328210044576554e+04
3.216666666666666430e+01,4.178689131142535189e+04
3.218750000000000000e+01,3.536168525804845558e+04
3.220833333333332860e+01,3.579502822941559862e+04
3.222916666666666430e+01,4.003047021828957077e+04
3.225000000000000000e+01,4.069262855571565888e+04
3.227083333333332860e+01,3.470034066573229211e+04
3.229166666666666430e+01,3.514272476319409907e+04
3.231250000000000000e+01,4.152263187407835358e+04
3.233333333333332860e+01,4.161843730876172049e+04
3.235416666666666430e+01,3.527644393585616490e+04
3.237500000000000000e+01,3.547423560906182684e+04
3.239583333333332860e+01,4.174280107735384809e+04
3.241666666666666430e+01,4.175799550897267909e+04
3.243750000000000000e+01,3.536506480642861425e+04
3.245833333333332860e+01,3.560765403022857936e+04
3.247916666666666430e+01,4.177543971166196570e+04
3.250000000000000000e+01,4.178125181335977686e+04
3.252083333333332860e+01,3.461551716892058175e+04
3.254166666666666430e+01,3.542274614006499178e+04
3.256250000000000000e+01,4.178528815495796152e+04
3.258333333333332860e+01,4.179165438771095069e+04
3.260416666666666430e+01,3.538909737225157005e+04
3.262500000000000000e+01,3.580081155610611313e+04
3.264583333333332860e+01,4.286622097415170720e+04
3.266666666666666430e+01,4.179502838192267518e+04
3.268750000000000000e+01,3.500261309905401868e+04
3.270833333333332860e+01,3.538904514075398038e+04
3.272916666666666430e+01,4.178423676352475013e+04
3.275000000000000000e+01,4.178078788954718766e+04
3.277083333333332860e+01,3.537655148149414163e+04
3.279166666666666430e+01,3.557479226088637370e+04
3.281250000000000000e+01,4.178462028610533889e+04
3.283333333333332860e+01,4.177964780230273027e+04
3.285416666666666430e+01,3.537501042545134987e+04
3.287500000000000000e+01,3.556140427427679970e+04
3.289583333333332860e+01,4.178627534417589777e+04
3.291666666666666430e+01,4.177923599135279073e+04
3.293750000000000000e+01,3.537387087737287220e+04
3.295833333333332860e+01,3.558697897034694324e+04
3.297916666666666430e+01,4.178911004264590883e+04
3.300000000000000000e+01,4.253480992287443223e+04
3.302083333333332860e+01,3.582531176096574927e+04
3.304166666666666430e+01,3.569304583032040682e+04
3.306250000000000000e+01,4.196647634953992383e+04
3.308333333333332860e+01,4.189795276784095040e+04
3.310416666666666430e+01,3.545290563798204676e+04
3.312500000000000000e+01,3.596751522322704113e+04
3.314583333333332860e+01,4.182293651772596786e+04
3.316666666666666430e+01,4.180697288013232173e+04
3.318750000000000000e+01,3.539517211301978386e+04
3.320833333333332860e+01,3.539412716426594852e+04
3.322916666666666430e+01,4.178984047418171394e+04
3.325000000000000000e+01,4.178502495580245159e+04
3.327083333333332860e+01,3.538036791981828719e+04
3.329166666666666430e+01,3.546263038709487591e+04
3.331250000000000000e+01,4.178609559303922288e+04
3.333333333333332860e+01,4.178121157034757925e+04
3.335416666666666430e+01,3.537665007368513761e+04
3.337500000000000000e+01,3.583991193410553387e+04
3.339583333333332860e+01,4.280706532028696529e+04
3.341666666666666430e+01,4.179698899795187754e+04
3.343750000000000000e+01,3.526051313150279748e+04
3.345833333333332860e+01,3.540547141597809969e+04
3.347916666666666430e+01,4.179800752609407937e+04
3.350000000000000000e+01,4.179664858911230112e+04
3.352083333333332860e+01,3.539227516044978256e+04
3.354166666666666430e+01,3.564167981857812265e+04
3.356250000000000000e+01,4.178930029843971715e+04
3.358333333333332860e+01,4.179068453113181022e+04
3.360416666666666430e+01,3.528755157852111734e+04
3.362500000000000000e+01,3.551557628208640381e+04
3.364583333333332860e+01,4.177888318475973210e+04
3.366666666666666430e+01,4.178392133526982798e+04
3.368750000000000000e+01,3.422800129296391242e+04
3.370833333333332860e+01,3.563018247253383015e+04
3.372916666666666430e+01,4.218923131577059394e+04
3.375000000000000000e+01,4.180294321492872405e+04
3.377083333333332860e+01,3.500380504784924415e+04
3.379166666666666430e+01,3.447518818965497485e+04
3.381250000000000000e+01,4.121449190897376684e+04
3.383333333333332860e+01,4.143797915655643737e+04
3.385416666666666430e+01,3.499988993955554906e+04
3.387500000000000000e+01,3.565152938267886930e+04
3.389583333333332860e+01,4.170610204716782027e+04
3.391666666666666430e+01,4.174362297549899085e+04
3.393750000000000000e+01,3.536173574156111135e+04
3.395833333333332860e+01,3.536700630337886105e+04
3.397916666666666430e+01,4.176923275193918380e+04
3.400000000000000000e+01,4.177827154582846561e+04
3.402083333333332860e+01,3.561950392512897815e+04
3.404166666666666430e+01,3.566620572257617459e+04
3.406250000000000000e+01,4.322007752252190403e+04
3.408333333333332860e+01,4.179344127536087035e+04
3.410416666666666430e+01,3.384139524966118188e+04
3.412500000000000000e+01,3.539548349922714260e+04
3.414583333333332860e+01,4.430188005296943447e+04
3.416666666666666430e+01,4.165668706672822009e+04
3.418750000000000000e+01,3.219575690385570488e+04
3.420833333333332860e+01,3.538600224052738486e+04
3.422916666666666430e+01,4.497720995061066787e+04
3.425000000000000000e+01,4.177819744339174940e+04
3.427083333333332860e+01,3.218010218454061396e+04
3.429166666666666430e+01,3.428079938906048483e+04
3.431250000000000000e+01,4.497428643158781051e+04
3.433333333333332860e+01,4.177533896558007837e+04
3.435416666666666430e+01,3.217520735223129668e+04
3.437500000000000000e+01,3.537925612398330850e+04
3.439583333333332860e+01,4.435215589131099114e+04
3.441666666666666430e+01,4.177876065560933057e+04
3.443750000000000000e+01,3.217634706585778258e+04
3.445833333333332860e+01,3.538289880414380605e+04
3.447916666666666430e+01,4.494103081334329909e+04
3.450000000000000000e+01,4.177932428585710295e+04
3.452083333333332860e+01,3.217188112550924779e+04
3.454166666666666430e+01,3.472784496224101895e+04
3.456250000000000000e+01,4.439127540656829660e+04
3.458333333333332860e+01,3.505259312898808275e+04
3.460416666666666430e+01,3.140866431060243121e+04
3.462500000000000000e+01,3.716739033519895747e+04
3.464583333333332860e+01,4.093986796619966481e+04
3.466666666666666430e+01,3.912756534952346556e+04
3.468750000000000000e+01,3.628963462235627958e+04
3.470833333333332860e+01,3.842031124490772345e+04
3.472916666666666430e+01,4.144832036340668856e+04
3.475000000000000000e+01,3.853355886113472661e+04
3.477083333333332860e+01,3.535606252715543087e+04
3.479166666666666430e+01,3.856632656443137239e+04
3.481250000000000000e+01,4.177181352040531056e+04
3.483333333333332860e+01,4.089697524766855349e+04
3.485416666666666430e+01,3.540020161002882378e+04
3.487500000000000000e+01,3.672812969721068657e+04
3.489583333333332860e+01,4.179273705934573081e+04
3.491666666666666430e+01,4.118630244005205896e+04
3.493750000000000000e+01,3.539771193159293034e+04
3.495833333333332860e+01,3.523373451384744840e+04
3.497916666666666430e+01,4.177046288502139942e+04
3.500000000000000000e+01,4.175509883638458268e+04
3.502083333333332860e+01,3.475823389513041184e+04
3.504166666666666430e+01,3.657718821972722071e+04
3.506250000000000000e+01,4.178577488114512380e+04
3.508333333333332860e+01,4.080233494521588727e+04
3.510416666666666430e+01,3.539400038993429916e+04
3.512500000000000000e+01,3.584479974313461571e+04
3.514583333333332860e+01,4.177228085829976044e+04
3.516666666666666430e+01,4.176155229281416541e+04
3.518750000000000000e+01,4.210625317217660631e+04
3.520833333333332860e+01,3.993601899422836868e+04
3.522916666666666430e+01,4.452942038382007013e+04
3.525000000000000000e+01,4.425132361425939598e+04
3.527083333333332860e+01,3.649518905663587066e+04
3.529166666666666430e+01,3.608570911663916922e+04
3.531250000000000000e+01,4.222065337111684494e+04
3.533333333333332860e+01,4.157292719627558108e+04
3.535416666666666430e+01,3.555660550289043749e+04
3.537500000000000000e+01,3.464277943689950189e+04
3.539583333333332860e+01,4.186571191206192452e+04
3.541666666666666430e+01,4.183514854101239325e+04
3.543750000000000000e+01,3.541387836828315631e+04
3.545833333333332860e+01,3.546029850574526063e+04
3.547916666666666430e+01,4.180147301750857150e+04
3.550000000000000000e+01,4.179570647186443966e+04
3.552083333333332860e+01,3.630590362821362214e+04
3.554166666666666430e+01,3.581071369765651616e+04
3.556250000000000000e+01,4.180119721923857287e+04
3.558333333333332860e+01,4.179747104857998784e+04
3.560416666666666430e+01,3.539092628956078988e+04
3.562500000000000000e+01,3.538815904550147388e+04
3.564583333333332860e+01,4.179477977869087044e+04
3.566666666666666430e+01,4.179258691324517713e+04
3.568750000000000000e+01,3.629907619368822634e+04
3.570833333333332860e+01,3.440300803252230980e+04
3.572916666666666430e+01,4.181566463158665283e+04
3.575000000000000000e+01,4.064428673764293490e+04
3.577083333333332860e+01,3.720637764346850599e+04
3.579166666666666430e+01,3.307574599096635211e+04
3.581250000000000000e+01,3.812217395807030698e+04
3.583333333333332860e+01,4.235735315691171854e+04
3.585416666666666430e+01,3.842569222791982611e+04
3.587500000000000000e+01,3.208992544378199818e+04
3.589583333333332860e+01,3.852735011698679591e+04
3.591666666666666430e+01,4.469454157347931323e+04
3.593750000000000000e+01,3.857008939249939431e+04
3.595833333333332860e+01,3.217499260463247992e+04
3.597916666666666430e+01,3.857674554024692043e+04
3.600000000000000000e+01,4.495954941692613647e+04
3.602083333333332860e+01,3.768956752534245607e+04
3.604166666666666430e+01,3.219394597974967837e+04
3.606250000000000000e+01,3.864045704272632429e+04
3.608333333333332860e+01,4.468024375283974223e+04
3.610416666666666430e+01,3.860874971802432265e+04
3.612500000000000000e+01,3.233536057168486514e+04
3.614583333333332860e+01,3.949105971614665759e+04
3.616666666666666430e+01,4.500590426457506692e+04
3.618750000000000000e+01,3.859925806578743504e+04
3.620833333333332860e+01,3.219877953102848551e+04
3.622916666666666430e+01,3.918330637712279713e+04
3.625000000000000000e+01,4.446559000173158711e+04
3.627083333333332860e+01,3.714525090370592807e+04
3.629166666666666430e+01,3.222900971601462516e+04
3.631250000000000000e+01,4.058746458261489170e+04
3.633333333333332860e+01,4.499339730917134875e+04
3.635416666666666430e+01,3.538504554276626004e+04
3.637500000000000000e+01,3.218223134332194240e+04
3.639583333333332860e+01,4.178035854933010705e+04
3.641666666666666430e+01,4.325153682453905640e+04
3.643750000000000000e+01,3.623236877828285651e+04
3.645833333333332860e+01,3.754223565186291671e+04
3.647916666666666430e+01,4.212882458855316509e+04
3.650000000000000000e+01,4.115818599985077890e+04
3.652083333333332860e+01,3.553831387799001823e+04
3.654166666666666430e+01,3.881016758542409661e+04
3.656250000000000000e+01,4.134696163497636007e+04
3.658333333333332860e+01,3.863229085990752355e+04
3.660416666666666430e+01,3.541213502760170377e+04
3.662500000000000000e+01,3.860085888352599432e+04
3.664583333333332860e+01,4.179872245848731836e+04
3.666666666666666430e+01,3.878567615246483183e+04
3.668750000000000000e+01,3.655721171366151975e+04
3.670833333333332860e+01,3.859162773765657766e+04
3.672916666666666430e+01,4.154293290309304575e+04
3.675000000000000000e+01,3.920341438822042255e+04
3.677083333333332860e+01,3.539751636030753434e+04
3.679166666666666430e+01,3.859249176452255779e+04
3.681250000000000000e+01,4.180045418013746530e+04
3.683333333333332860e+01,3.860176186506450904e+04
3.685416666666666430e+01,3.539284764248324791e+04
3.687500000000000000e+01,3.856269179798398545e+04
3.689583333333332860e+01,4.178799515057118697e+04
3.691666666666666430e+01,3.943805502545295167e+04
3.693750000000000000e+01,3.543219789319187839e+04
3.695833333333332860e+01,3.763061332345901610e+04
3.697916666666666430e+01,4.179828254696353542e+04
3.700000000000000000e+01,3.932744581902992650e+04
3.702083333333332860e+01,3.540532786243862211e+04
3.704166666666666430e+01,3.866027803808907629e+04
3.706250000000000000e+01,4.178965257196089078e+04
3.708333333333332860e+01,3.858556817180855433e+04
3.710416666666666430e+01,3.538878117287822533e+04
3.712500000000000000e+01,3.858818833911319962e+04
3.714583333333332860e+01,4.230814059997576260e+04
3.716666666666666430e+01,3.851929222547720565e+04
3.718750000000000000e+01,3.680289213026549260e+04
3.720833333333332860e+01,3.856403031579512026e+04
3.722916666666666430e+01,4.012634993301328359e+04
3.725000000000000000e+01,3.859339001254420145e+04
3.727083333333332860e+01,3.859102879148223292e+04
3.729166666666666430e+01,3.763971321496261226e+04
3.731250000000000000e+01,3.859598922043226776e+04
3.733333333333332860e+01,3.859190524574580195e+04
3.735416666666666430e+01,3.860027830401788378e+04
3.737500000000000000e+01,3.859866353788299602e+04
3.739583333333332860e+01,3.912673446868357132e+04
3.741666666666666430e+01,3.901752498028078844e+04
3.743750000000000000e+01,3.860685381333954865e+04
3.745833333333332860e+01,3.859814330108211288e+04
3.747916666666666430e+01,3.858925595058165345e+04
3.750000000000000000e+01,3.938981995865190402e+04
3.752083333333332860e+01,3.859373782068888977e+04
3.754166666666666430e+01,3.858960717494310666e+04
3.756250000000000000e+01,3.858617900480782555e+04
3.758333333333332860e+01,3.823063713881196600e+04
3.760416666666666430e+01,3.859228673974643607e+04
3.762500000000000000e+01,3.858481831175722618e+04
3.764583333333332860e+01,3.966157009620029567e+04
3.766666666666666430e+01,4.005794682026877854e+04
3.768750000000000000e+01,3.860026086715076235e+04
3.770833333333332860e+01,3.837279823076585308e+04
3.772916666666666430e+01,3.860037429484865424e+04
3.775000000000000000e+01,3.837086522610795510e+04
3.777083333333332860e+01,3.859310363142751885e+04
3.779166666666666430e+01,3.858525561839214060e+04
3.781250000000000000e+01,3.858800468653391727e+04
3.783333333333332860e+01,3.843488575965511700e+04
3.785416666666666430e+01,3.546600765861619584e+04
3.787500000000000000e+01,3.863564624239795376e+04
3.789583333333332860e+01,4.185196916901477380e+04
3.791666666666666430e+01,4.210482522295682429e+04
3.793750000000000000e+01,3.541950319695739745e+04
3.795833333333332860e+01,3.621560167660532898e+04
3.797916666666666430e+01,4.181305820025291177e+04
3.800000000000000000e+01,4.180568250416536466e+04
3.802083333333332860e+01,3.496996891032577696e+04
3.804166666666666430e+01,3.653086611315907066e+04
3.806250000000000000e+01,4.182204241181078396e+04
3.808333333333332860e+01,3.985796837809417775e+04
3.810416666666666430e+01,3.676929519320717372e+04
3.812500000000000000e+01,3.739448861801924068e+04
3.814583333333332860e+01,4.065811016985273454e+04
3.816666666666666430e+01,4.062700267824597540e+04
3.818750000000000000e+01,3.661066422322517610e+04
3.820833333333332860e+01,3.544144345737594995e+04
3.822916666666666430e+01,4.125080080285657459e+04
3.825000000000000000e+01,4.183518127543899027e+04
3.827083333333332860e+01,3.591618858240721602e+04
3.829166666666666430e+01,3.572252727702496486e+04
3.831250000000000000e+01,4.180184402204207436e+04
3.833333333333332860e+01,4.180549721884666360e+04
3.835416666666666430e+01,3.540066015155168861e+04
3.837500000000000000e+01,3.539190341925015673e+04
3.839583333333332860e+01,4.024696729071943264e+04
3.841666666666666430e+01,4.094390901476572617e+04
3.843750000000000000e+01,3.486023435380768206e+04
3.845833333333332860e+01,3.545062317596056528e+04
3.847916666666666430e+01,4.070654743626273557e+04
3.850000000000000000e+01,4.119684833283946500e+04
3.852083333333332860e+01,3.584939065914211824e+04
3.854166666666666430e+01,3.560256336308194295e+04
3.856250000000000000e+01,4.177477045399183407e+04
3.858333333333332860e+01,4.177724920912737434e+04
3.860416666666666430e+01,3.537787128300729091e+04
3.862500000000000000e+01,3.542733710346185399e+04
3.864583333333332860e+01,4.178434227535398531e+04
3.866666666666666430e+01,4.178379016313182365e+04
3.868750000000000000e+01,3.538215730069223355e+04
3.870833333333332860e+01,3.581681801325216657e+04
3.872916666666666430e+01,4.179103589163911238e+04
3.875000000000000000e+01,4.178994228272157488e+04
3.877083333333332860e+01,3.504911499891763378e+04
3.879166666666666430e+01,3.538761633062140027e+04
3.881250000000000000e+01,4.178312074475711415e+04
3.883333333333332860e+01,4.178869755580251513e+04
3.885416666666666430e+01,3.538807835981578683e+04
3.887500000000000000e+01,3.566334011133880995e+04
3.889583333333332860e+01,4.178328640437961440e+04
3.891666666666666430e+01,4.178884848597135715e+04
3.893750000000000000e+01,3.658241074399934587e+04
3.895833333333332860e+01,3.539095906200694299e+04
3.897916666666666430e+01,4.052886919023180963e+04
3.900000000000000000e+01,4.179809238064097735e+04
3.902083333333332860e+01,3.683481998397656571e+04
3.904166666666666430e+01,3.619698581825248402e+04
3.906250000000000000e+01,4.007200376664273062e+04
3.908333333333332860e+01,4.180544302095197781e+04
3.910416666666666430e+01,3.859174484365549142e+04
3.912500000000000000e+01,3.539140325939757167e+04
3.914583333333332860e+01,3.859258221469478303e+04
3.916666666666666430e+01,4.178436885142776009e+04
3.918750000000000000e+01,3.857666172493713384e+04
3.920833333333332860e+01,3.343768279430823168e+04
3.922916666666666430e+01,3.908743451203805307e+04
3.925000000000000000e+01,4.532444187273686111e+04
3.927083333333332860e+01,3.881262879752145091e+04
3.929166666666666430e+01,3.402365337956444273e+04
3.931250000000000000e+01,3.869725024391309125e+04
3.933333333333332860e+01,4.494703373566509254e+04
3.935416666666666430e+01,3.748693218518673530e+04
3.937500000000000000e+01,3.222813533541739162e+04
3.939583333333332860e+01,3.871871646600779059e+04
3.941666666666666430e+01,4.452345085017110250e+04
3.943750000000000000e+01,3.838205577511752927e+04
3.945833333333332860e+01,3.240284051586589703e+04
3.947916666666666430e+01,4.003294861588737695e+04
3.950000000000000000e+01,4.501432686076576647e+04
3.952083333333332860e+01,3.553175480987977789e+04
3.954166666666666430e+01,3.222502132841533603e+04
3.956250000000000000e+01,4.180221773422702245e+04
3.958333333333332860e+01,4.500774547126590187e+04
3.960416666666666430e+01,3.542002797072813701e+04
3.962500000000000000e+01,3.220812105816628900e+04
3.964583333333332860e+01,4.179042662064592150e+04
3.966666666666666430e+01,4.499521601945743168e+04
3.968750000000000000e+01,3.411438624331780738e+04
3.970833333333332860e+01,3.220358197947123335e+04
3.972916666666666430e+01,4.266933144683541468e+04
3.975000000000000000e+01,4.360576216465245670e+04
3.977083333333332860e+01,3.530861006371700205e+04
3.979166666666666430e+01,3.370790481348396861e+04
3.981250000000000000e+01,4.179382715750848001e+04
3.983333333333332860e+01,4.095676568643978680e+04
3.985416666666666430e+01,3.396406451180742442e+04
3.987500000000000000e+01,3.349443543539649545e+04
3.989583333333332860e+01,4.129894217924558325e+04
3.991666666666666430e+01,4.148635317855506582e+04
3.993750000000000000e+01,3.519974576515022636e+04
3.995833333333332860e+01,3.561428261087489955e+04
3.997916666666666430e+01,4.172296248098970682e+04
4.000000000000000000e+01,4.174409701490592124e+04
4.002083333333332860e+01,3.535531861338180897e+04
4.004166666666666430e+01,3.537275388046885200e+04
4.006250000000000000e+01,4.289145794457599550e+04
4.008333333333332860e+01,4.178328175847654347e+04
4.010416666666666430e+01,3.473342637106188340e+04
4.012500000000000000e+01,3.565074033010499988e+04
4.014583333333332860e+01,4.179651353566416947e+04
4.016666666666666430e+01,4.178454755504755303e+04
4.018750000000000000e+01,3.537690787599238683e+04
4.020833333333332860e+01,3.538256952869528322e+04
4.022916666666666430e+01,4.177919198203949054e+04
4.025000000000000000e+01,4.177427737766531209e+04
4.027083333333332860e+01,3.537032728580216644e+04
4.029166666666666430e+01,3.586307181547742221e+04
4.031250000000000000e+01,4.177990672401053598e+04
4.033333333333332860e+01,4.177728252075862110e+04
4.035416666666666430e+01,3.553807750242474867e+04
4.037500000000000000e+01,3.536961961721481930e+04
4.039583333333332860e+01,4.176346027528424747e+04
4.041666666666666430e+01,4.177217029036606982e+04
4.043750000000000000e+01,3.455152829068458232e+04
4.045833333333332860e+01,3.542676845163943653e+04
4.047916666666666430e+01,4.176658672987067257e+04
4.050000000000000000e+01,4.178020783730451512e+04
4.052083333333332860e+01,3.541932419824208046e+04
4.054166666666666430e+01,3.582800487746627186e+04
4.056250000000000000e+01,4.226761293335308437e+04
4.058333333333332860e+01,4.178455598963578086e+04
4.060416666666666430e+01,3.538066462564795802e+04
4.062500000000000000e+01,3.750935817760680948e+04
4.064583333333332860e+01,4.336640115003894607e+04
4.066666666666666430e+01,4.261841536847774842e+04
4.068750000000000000e+01,3.589957108660465747e+04
4.070833333333332860e+01,3.595092711250197317e+04
4.072916666666666430e+01,4.131266483025822527e+04
4.075000000000000000e+01,4.191686410430433898e+04
4.077083333333332860e+01,3.546181116953122546e+04
4.079166666666666430e+01,3.549980401538905426e+04
4.081250000000000000e+01,4.182191863611720328e+04
4.083333333333332860e+01,4.180424100904808438e+04
4.085416666666666430e+01,3.553256364932588622e+04
4.087500000000000000e+01,3.578989395428866555e+04
4.089583333333332860e+01,4.179322533983328321e+04
4.091666666666666430e+01,4.179173151958861854e+04
4.093750000000000000e+01,3.608577097276486165e+04
4.095833333333332860e+01,3.538623655194954335e+04
4.097916666666666430e+01,4.177991889920819085e+04
4.100000000000000000e+01,4.179097087942161306e+04
4.102083333333332860e+01,3.433428569132411940e+04
4.104166666666666430e+01,3.560243132268983754e+04
4.106250000000000000e+01,4.219547346686456149e+04
4.108333333333332860e+01,4.180477385691763629e+04
4.110416666666666430e+01,3.539670261100329662e+04
4.112500000000000000e+01,3.547970589364004263e+04
4.114583333333332860e+01,4.099547349989195209e+04
4.116666666666666430e+01,4.179185065372207464e+04
4.118750000000000000e+01,3.538756832960559404e+04
4.120833333333332860e+01,3.573019778919582313e+04
4.122916666666666430e+01,4.179049777368227660e+04
4.125000000000000000e+01,4.178683994209685625e+04
4.127083333333332860e+01,3.571401361008553795e+04
4.129166666666666430e+01,3.538472708073351532e+04
4.131250000000000000e+01,4.212665542384208675e+04
4.133333333333332860e+01,4.178229220384983637e+04
4.135416666666666430e+01,3.537832413341595384e+04
4.137500000000000000e+01,3.504007007342665020e+04
4.139583333333332860e+01,4.131308720303031441e+04
4.141666666666666430e+01,4.191278354961233708e+04
4.143750000000000000e+01,3.552825247514913644e+04
4.145833333333332860e+01,3.527510774661646428e+04
4.147916666666666430e+01,4.171256817431856325e+04
4.150000000000000000e+01,4.174637807732098008e+04
4.152083333333332860e+01,3.536093629581032292e+04
4.154166666666666430e+01,3.555516189183631650e+04
4.156250000000000000e+01,4.024994616069847689e+04
4.158333333333332860e+01,4.178441581548444083e+04
4.160416666666666430e+01,3.729513068267380731e+04
4.162500000000000000e+01,3.538991601648363576e+04
4.164583333333332860e+01,3.858281320522866736e+04
4.166666666666666430e+01,4.185404748945731262e+04
4.168750000000000000e+01,3.858462715921521158e+04
4.170833333333332860e+01,3.538309007873737573e+04
4.172916666666666430e+01,3.939544943326960492e+04
4.175000000000000000e+01,4.200436218199073483e+04
4.177083333333332860e+01,3.858259957202177611e+04
4.179166666666666430e+01,3.538212666247172456e+04
4.181250000000000000e+01,3.858210382715945161e+04
4.183333333333332860e+01,4.177705446126119932e+04
4.185416666666666430e+01,3.857082137105102447e+04
4.187500000000000000e+01,3.561932673440383223e+04
4.189583333333332860e+01,3.990557848570819624e+04
4.191666666666666430e+01,4.190372876476547390e+04
4.193750000000000000e+01,3.707444132278822508e+04
4.195833333333332860e+01,3.539058868094578065e+04
4.197916666666666430e+01,4.166628994953479560e+04
4.200000000000000000e+01,4.100439862406865723e+04
4.202083333333332860e+01,3.538508729074052098e+04
4.204166666666666430e+01,3.614443171838145645e+04
4.206250000000000000e+01,4.178918020592210814e+04
4.208333333333332860e+01,4.177950857867005107e+04
4.210416666666666430e+01,3.515476194605441560e+04
4.212500000000000000e+01,3.607225692363907729e+04
4.214583333333332860e+01,4.132617280841383763e+04
4.216666666666666430e+01,4.210613293834301294e+04
4.218750000000000000e+01,3.560147287879231590e+04
4.220833333333332860e+01,3.681094769530636404e+04
4.222916666666666430e+01,4.236443467012428300e+04
4.225000000000000000e+01,4.185481804716079932e+04
4.227083333333332860e+01,3.542984417233178101e+04
4.229166666666666430e+01,3.541564469631037355e+04
4.231250000000000000e+01,4.179393170254988945e+04
4.233333333333332860e+01,4.179265479437971226e+04
4.235416666666666430e+01,3.538452526868251152e+04
4.237500000000000000e+01,3.492235759859854443e+04
4.239583333333332860e+01,4.178163950979856600e+04
4.241666666666666430e+01,4.179639290065259411e+04
4.243750000000000000e+01,3.539038697635741119e+04
4.245833333333332860e+01,3.540512817732644180e+04
4.247916666666666430e+01,4.180524928344569344e+04
4.250000000000000000e+01,4.179269748221581540e+04
4.252083333333332860e+01,3.538687875521032402e+04
4.254166666666666430e+01,3.562081871455859073e+04
4.256250000000000000e+01,4.180002311501518125e+04
4.258333333333332860e+01,4.179191836086389958e+04
4.260416666666666430e+01,3.506296295884333813e+04
4.262500000000000000e+01,3.540300434589005454e+04
4.264583333333332860e+01,4.178425374772163195e+04
4.266666666666666430e+01,4.235317109351737599e+04
4.268750000000000000e+01,3.588534057823943294e+04
4.270833333333332860e+01,3.575592890244918090e+04
4.272916666666666430e+01,4.178904281386989169e+04
4.275000000000000000e+01,4.179564671138370613e+04
4.277083333333332860e+01,3.539323217146631941e+04
4.279166666666666430e+01,3.538272994573340111e+04
4.281250000000000000e+01,4.177695338548364816e+04
4.283333333333332860e+01,3.933599398615271639e+04
4.285416666666666430e+01,3.384794449331972282e+04
4.287500000000000000e+01,3.369826265015560784e+04
4.289583333333332860e+01,4.125743861776329868e+04
4.291666666666666430e+01,4.164354513679909724e+04
4.293750000000000000e+01,3.743424294325454684e+04
4.295833333333332860e+01,3.418096736435101775e+04
4.297916666666666430e+01,4.004340536176372552e+04
4.300000000000000000e+01,4.397193097841667623e+04
4.302083333333332860e+01,3.630547946654014959e+04
4.304166666666666430e+01,3.255339287431079356e+04
4.306250000000000000e+01,3.961056051639994985e+04
4.308333333333332860e+01,4.500390711520301556e+04
4.310416666666666430e+01,3.859196726353301347e+04
4.312500000000000000e+01,3.219041872887893987e+04
4.314583333333332860e+01,3.858494320892816177e+04
4.316666666666666430e+01,4.467791165592813923e+04
4.318750000000000000e+01,3.858232618709733651e+04
4.320833333333332860e+01,3.218129021432221634e+04
4.322916666666666430e+01,3.857659553402540041e+04
4.325000000000000000e+01,4.496362961254197580e+04
4.327083333333332860e+01,3.801350829274511489e+04
4.329166666666666430e+01,3.217966368011242957e+04
4.331250000000000000e+01,3.857836113915580790e+04
4.333333333333332860e+01,4.452198946106975927e+04
4.335416666666666430e+01,3.858417225684665755e+04
4.337500000000000000e+01,3.218293850194846527e+04
4.339583333333332860e+01,3.866422087522058428e+04
4.341666666666666430e+01,4.497142777481990925e+04
4.343750000000000000e+01,3.856331211484253436e+04
4.345833333333332860e+01,3.252152635929546523e+04
4.347916666666666430e+01,3.927277005344948702e+04
4.350000000000000000e+01,5.093628789932859218e+04
4.352083333333332860e+01,4.034255230481330364e+04
4.354166666666666430e+01,3.466436142592277611e+04
4.356250000000000000e+01,4.336503848319951067e+04
4.358333333333332860e+01,4.598150193750557082e+04
4.360416666666666430e+01,3.543501600605112617e+04
4.362500000000000000e+01,3.260445765770472644e+04
4.364583333333332860e+01,4.205544648235396016e+04
4.366666666666666430e+01,4.474059775819407514e+04
4.368750000000000000e+01,3.359498931818721758e+04
4.370833333333332860e+01,3.228379006772602588e+04
4.372916666666666430e+01,4.481121440106104274e+04
4.375000000000000000e+01,4.353933616968656133e+04
4.377083333333332860e+01,3.223460218567656557e+04
4.379166666666666430e+01,3.369454975457204273e+04
4.381250000000000000e+01,4.502888822867462295e+04
4.383333333333332860e+01,4.103550150670742005e+04
4.385416666666666430e+01,3.297333054786528373e+04
4.387500000000000000e+01,3.541774039763334440e+04
4.389583333333332860e+01,4.459506298290897394e+04
4.391666666666666430e+01,4.179320304522301740e+04
4.393750000000000000e+01,3.218458070991034765e+04
4.395833333333332860e+01,3.540170785975501349e+04
4.397916666666666430e+01,4.448879098784410598e+04
4.400000000000000000e+01,4.177618475438693713e+04
4.402083333333332860e+01,3.224054113096033689e+04
4.404166666666666430e+01,3.640700653264347056e+04
4.406250000000000000e+01,4.417674953018319502e+04
4.408333333333332860e+01,4.024170410721025837e+04
4.410416666666666430e+01,3.187731045193188766e+04
4.412500000000000000e+01,3.564309800761115184e+04
4.414583333333332860e+01,4.392472773898296873e+04
4.416666666666666430e+01,4.171659427975001745e+04
4.418750000000000000e+01,3.214545616094952129e+04
4.420833333333332860e+01,3.536701259297472279e+04
4.422916666666666430e+01,4.497312213058025372e+04
4.425000000000000000e+01,4.177588327512806427e+04
4.427083333333332860e+01,3.218238469163141781e+04
4.429166666666666430e+01,3.538464696326781268e+04
4.431250000000000000e+01,4.498356628946048295e+04
4.433333333333332860e+01,4.178734169119053695e+04
4.435416666666666430e+01,3.219092866094834608e+04
4.437500000000000000e+01,3.538901839460749761e+04
4.439583333333332860e+01,4.498881045933449059e+04
4.441666666666666430e+01,4.179168067305580917e+04
4.443750000000000000e+01,3.219033398113231669e+04
4.445833333333332860e+01,3.446365031226236169e+04
4.447916666666666430e+01,4.473371726999881503e+04
4.450000000000000000e+01,4.179496275079389306e+04
4.452083333333332860e+01,3.218765418637509720e+04
4.454166666666666430e+01,3.538583812703429430e+04
4.456250000000000000e+01,4.498873140973150294e+04
4.458333333333332860e+01,4.146956161587385577e+04
4.460416666666666430e+01,3.217898966954831849e+04
4.462500000000000000e+01,3.537842305371775001e+04
4.464583333333332860e+01,4.329141265789731551e+04
4.466666666666666430e+01,4.176265537328103528e+04
4.468750000000000000e+01,3.448528938118248334e+04
4.470833333333332860e+01,3.530065506058835308e+04
4.472916666666666430e+01,4.178239719379472808e+04
4.475000000000000000e+01,4.177524722165715502e+04
4.477083333333332860e+01,3.582799490426130797e+04
4.479166666666666430e+01,3.646387614809346269e+04
4.481250000000000000e+01,4.177952253134229250e+04
4.483333333333332860e+01,4.127957729455241497e+04
4.485416666666666430e+01,3.535828571123241272e+04
4.487500000000000000e+01,3.422134726301023329e+04
4.489583333333332860e+01,3.917899750282407331e+04
4.491666666666666430e+01,4.261272997460909392e+04
4.493750000000000000e+01,3.379153251854806877e+04
4.495833333333332860e+01,3.213727656523504629e+04
4.497916666666666430e+01,4.140708136267207010e+04
4.500000000000000000e+01,4.474721540142118465e+04
4.502083333333332860e+01,3.523906394861025183e+04
4.504166666666666430e+01,3.212117944232828086e+04
4.506250000000000000e+01,4.172273195581594337e+04
4.508333333333332860e+01,4.494044357654071791e+04
4.510416666666666430e+01,3.536225050680872664e+04
4.512500000000000000e+01,3.277701808190778684e+04
4.514583333333332860e+01,4.177662446885624377e+04
4.516666666666666430e+01,4.497876768127521063e+04
4.518750000000000000e+01,3.366719673017506284e+04
4.520833333333332860e+01,3.219801094353237568e+04
4.522916666666666430e+01,4.397411056316611212e+04
4.525000000000000000e+01,4.327049118192769674e+04
4.527083333333332860e+01,3.219690378900014184e+04
4.529166666666666430e+01,3.408871249984930182e+04
4.531250000000000000e+01,4.499741265091215610e+04
4.533333333333332860e+01,4.177624822050709918e+04
4.535416666666666430e+01,3.218367657203379713e+04
4.537500000000000000e+01,3.538276812051486195e+04
4.539583333333332860e+01,4.498445515409372456e+04
4.541666666666666430e+01,4.177996393600447482e+04
4.543750000000000000e+01,3.217496862442914789e+04
4.545833333333332860e+01,3.505427718676839868e+04
4.547916666666666430e+01,4.385357981374573865e+04
4.550000000000000000e+01,4.178780193395574315e+04
4.552083333333332860e+01,3.308673222192656249e+04
4.554166666666666430e+01,3.539680196948767843e+04
4.556250000000000000e+01,4.421316839148180588e+04
4.558333333333332860e+01,4.178510228100827953e+04
4.560416666666666430e+01,3.218412598504581547e+04
4.562500000000000000e+01,3.652464554578340903e+04
4.564583333333332860e+01,4.499176293021751917e+04
4.566666666666666430e+01,4.187963405746650096e+04
4.568750000000000000e+01,3.226551871275467056e+04
4.570833333333332860e+01,3.545951750289548363e+04
4.572916666666666430e+01,4.408260146653492120e+04
4.575000000000000000e+01,4.181965861186989787e+04
4.577083333333332860e+01,3.221815114497506147e+04
4.579166666666666430e+01,3.541664526421189657e+04
4.581250000000000000e+01,4.404879080575279659e+04
4.583333333333332860e+01,4.155240450030176726e+04
4.585416666666666430e+01,3.278426259494397527e+04
4.587500000000000000e+01,3.539854693647837121e+04
4.589583333333332860e+01,4.500135051441019459e+04
4.591666666666666430e+01,4.180649391465616645e+04
4.593750000000000000e+01,3.219801251070795843e+04
4.595833333333332860e+01,3.538958353484336840e+04
4.597916666666666430e+01,4.411130476910097786e+04
4.600000000000000000e+01,4.180665068161706586e+04
4.602083333333332860e+01,3.219339609690924772e+04
4.604166666666666430e+01,3.538572389535702678e+04
4.606250000000000000e+01,4.499197191115908208e+04
4.608333333333332860e+01,4.179396057931936957e+04
4.610416666666666430e+01,3.218435191327316352e+04
4.612500000000000000e+01,3.533296818161108240e+04
4.614583333333332860e+01,4.342065269191433617e+04
4.616666666666666430e+01,4.179448653097451461e+04
4.618750000000000000e+01,3.392557052431938791e+04
4.620833333333332860e+01,3.605997760863438452e+04
4.622916666666666430e+01,4.179794814714323729e+04
4.625000000000000000e+01,4.178857178736829519e+04
4.627083333333332860e+01,3.538917201436704636e+04
4.629166666666666430e+01,3.710376180754943198e+04
4.631250000000000000e+01,4.179109382173912309e+04
4.633333333333332860e+01,3.997816247198508063e+04
4.635416666666666430e+01,3.539531193166194134e+04
4.637500000000000000e+01,3.875593682210795669e+04
4.639583333333332860e+01,4.178791458340589452e+04
4.641666666666666430e+01,3.868074553115406889e+04
4.643750000000000000e+01,3.634690821633847372e+04
4.645833333333332860e+01,3.909115401861642749e+04
4.647916666666666430e+01,4.230698766294842790e+04
4.650000000000000000e+01,3.919414241207631130e+04
4.652083333333332860e+01,3.554125551904507302e+04
4.654166666666666430e+01,3.868920156366310403e+04
4.656250000000000000e+01,4.186402689243241184e+04
4.658333333333332860e+01,3.907878772561450751e+04
4.660416666666666430e+01,3.667172716811863938e+04
4.662500000000000000e+01,3.765760598526189278e+04
4.664583333333332860e+01,4.052418210151050152e+04
4.666666666666666430e+01,3.861514405272588920e+04
4.668750000000000000e+01,3.815513640681778634e+04
4.670833333333332860e+01,3.855809531384552247e+04
4.672916666666666430e+01,3.890370528462800576e+04
4.675000000000000000e+01,3.967401536662431317e+04
4.677083333333332860e+01,3.859757038679446850e+04
4.679166666666666430e+01,3.800336139402873960e+04
4.681250000000000000e+01,3.859635386942138575e+04
4.683333333333332860e+01,3.882850220732649177e+04
4.685416666666666430e+01,3.858931915202790697e+04
4.687500000000000000e+01,3.858133007127603196e+04
4.689583333333332860e+01,3.887905691314744035e+04
4.691666666666666430e+01,4.087895730494339659e+04
4.693750000000000000e+01,3.861257379145175219e+04
4.695833333333332860e+01,3.514295836482094455e+04
4.697916666666666430e+01,3.862086583062494174e+04
4.700000000000000000e+01,4.470725999262912956e+04
4.702083333333332860e+01,3.679052518060272996e+04
4.704166666666666430e+01,3.221209975371379551e+04
4.706250000000000000e+01,3.908322333533123310e+04
4.708333333333332860e+01,4.499772234250837209e+04
4.710416666666666430e+01,3.858917643312634755e+04
4.712500000000000000e+01,3.218885559266786004e+04
4.714583333333332860e+01,3.858530189966425678e+04
4.716666666666666430e+01,4.296830635995430930e+04
4.718750000000000000e+01,3.755260806487735681e+04
4.720833333333332860e+01,3.154774362308255513e+04
4.722916666666666430e+01,3.881741105845474522e+04
4.725000000000000000e+01,4.474006915305639995e+04
4.727083333333332860e+01,3.842961372608083184e+04
4.729166666666666430e+01,3.209247252921768813e+04
4.731250000000000000e+01,3.852551147347417282e+04
4.733333333333332860e+01,4.363081286618072045e+04
4.735416666666666430e+01,3.827488491235451511e+04
4.737500000000000000e+01,3.237756079935270463e+04
4.739583333333332860e+01,3.905209574873777456e+04
4.741666666666666430e+01,4.496935661906729365e+04
4.743750000000000000e+01,3.859114975221969507e+04
4.745833333333332860e+01,3.219011140969509506e+04
4.747916666666666430e+01,3.858689619664061320e+04
4.750000000000000000e+01,4.457426060526233050e+04
4.752083333333332860e+01,3.859307523708525696e+04
4.754166666666666430e+01,3.218928333497896529e+04
4.756250000000000000e+01,3.885597875481094525e+04
4.758333333333332860e+01,4.498459054701914283e+04
4.760416666666666430e+01,3.857940034333252697e+04
4.762500000000000000e+01,3.217866776353862224e+04
4.764583333333332860e+01,3.868837126608709514e+04
4.766666666666666430e+01,4.471524225676031347e+04
4.768750000000000000e+01,3.740984544795572583e+04
4.770833333333332860e+01,3.218870279231573659e+04
4.772916666666666430e+01,3.999111469253070391e+04
4.775000000000000000e+01,4.499686533690516808e+04
4.777083333333332860e+01,3.850006161996148876e+04
4.779166666666666430e+01,3.219034940159910548e+04
4.781250000000000000e+01,3.858563521380544989e+04
4.783333333333332860e+01,4.447392997310262581e+04
4.785416666666666430e+01,3.827278433586950996e+04
4.787500000000000000e+01,3.219229001933549080e+04
4.789583333333332860e+01,3.858599317616949702e+04
4.791666666666666430e+01,4.496493460435609450e+04
4.793750000000000000e+01,3.951832392949526547e+04
4.795833333333332860e+01,3.326832202856174990e+04
4.797916666666666430e+01,3.953151168404896453e+04
4.800000000000000000e+01,4.522300076731170702e+04
4.802083333333332860e+01,3.873106908213777933e+04
4.804166666666666430e+01,3.227559403226550785e+04
4.806250000000000000e+01,3.937514822588027164e+04
4.808333333333332860e+01,4.457984463313846936e+04
4.810416666666666430e+01,3.861650297249630967e+04
4.812500000000000000e+01,3.220942749916493995e+04
4.814583333333332860e+01,3.859989298082457390e+04
4.816666666666666430e+01,4.499272073974161322e+04
4.818750000000000000e+01,3.830346245547045692e+04
4.820833333333332860e+01,3.219037227845252710e+04
4.822916666666666430e+01,3.858556778256715188e+04
4.825000000000000000e+01,4.481710058230751747e+04
4.827083333333332860e+01,3.847541267414562026e+04
4.829166666666666430e+01,3.218544590862995392e+04
4.831250000000000000e+01,3.858137697714091337e+04
4.833333333333332860e+01,4.477935886476244195e+04
4.835416666666666430e+01,3.797592043014083902e+04
4.837500000000000000e+01,3.219056879953214593e+04
4.839583333333332860e+01,3.868262992496365041e+04
4.841666666666666430e+01,4.493070247822470265e+04
4.843750000000000000e+01,3.858682148736892123e+04
4.845833333333332860e+01,3.218990489930595140e+04
4.847916666666666430e+01,3.892808179921971896e+04
4.850000000000000000e+01,4.456464943550527096e+04
4.852083333333332860e+01,3.859038863959551236e+04
4.854166666666666430e+01,3.236077328191932975e+04
4.856250000000000000e+01,3.953085858533468854e+04
4.858333333333332860e+01,4.499402937524172012e+04
4.860416666666666430e+01,3.819551702341863711e+04
4.862500000000000000e+01,3.219913594161015135e+04
4.864583333333332860e+01,3.859455170453050232e+04
4.866666666666666430e+01,4.468774463725163514e+04
