0.000000000000000000e+00,-5.470084778439391338e-01
2.083333333333333218e-02,-1.150251301862497799e+00
4.166666666666666435e-02,-5.301651873055930331e-01
6.250000000000000000e-02,7.435555529104584394e-02
8.333333333333332871e-02,-5.638838897803177819e-01
1.041666666666666574e-01,-8.685822718208391358e-01
1.250000000000000000e-01,-2.385284412705988566e-01
1.458333333333333148e-01,4.040446664179035974e-01
1.666666666666666574e-01,-2.274333037383903522e-01
1.875000000000000000e-01,-3.968164282811758453e-02
2.083333333333333148e-01,5.234142988220661374e-01
2.291666666666666574e-01,8.061456861160548604e-02
2.500000000000000000e-01,-6.112428035617047811e-02
2.708333333333333148e-01,5.290225266597191611e-01
2.916666666666666297e-01,6.079178039077925977e-01
3.125000000000000000e-01,-4.587167036217965066e-02
3.333333333333333148e-01,3.372935934368823108e-01
3.541666666666666297e-01,8.874451960483021873e-01
3.750000000000000000e-01,2.328920720069402317e-01
3.958333333333333148e-01,-4.276745326816153714e-01
4.166666666666666297e-01,2.437807357829078481e-01
4.375000000000000000e-01,8.627636245294233452e-01
4.583333333333333148e-01,2.471718255599539837e-01
4.791666666666666297e-01,-3.956791586307613073e-01
5.000000000000000000e-01,3.102284376037238167e-01
5.208333333333332593e-01,7.997101081275573842e-01
5.416666666666666297e-01,1.688572645439505859e-01
5.625000000000000000e-01,-4.256094217576360528e-01
5.833333333333332593e-01,2.042432869376755167e-01
6.041666666666666297e-01,2.256054442025218210e-01
6.250000000000000000e-01,-4.336522983352421035e-01
6.458333333333332593e-01,-1.538043571571325041e-01
6.666666666666666297e-01,4.770540566987963027e-01
6.875000000000000000e-01,-1.746970693800324603e-01
7.083333333333332593e-01,-8.800288636858093483e-01
7.291666666666666297e-01,-1.981075064939152308e-01
7.500000000000000000e-01,4.097692824797565803e-01
7.708333333333332593e-01,-2.607711200699278642e-01
7.916666666666666297e-01,-9.187744164604279007e-01
8.125000000000000000e-01,-3.088733286453601568e-01
8.333333333333332593e-01,3.357410842951173979e-01
8.541666666666666297e-01,-2.221481355304981420e-01
8.750000000000000000e-01,-3.756530954640105446e-01
8.958333333333332593e-01,2.480850559974909220e-01
9.166666666666666297e-01,5.052901614062993429e-01
9.375000000000000000e-01,-1.910894732364928905e-01
9.583333333333332593e-01,-3.560606561290565186e-01
9.791666666666666297e-01,3.050744473267509305e-01
1.000000000000000000e+00,6.282653316205119021e-01
1.020833333333333259e+00,-1.711238400921213931e-02
1.041666666666666519e+00,-6.312739218422771525e-01
1.062500000000000000e+00,3.373402164399513792e-02
1.083333333333333259e+00,6.992735520703724506e-01
1.104166666666666519e+00,8.678077191686929537e-02
1.125000000000000000e+00,-5.740312572996525420e-01
1.145833333333333259e+00,1.235378807687797509e-01
1.166666666666666519e+00,7.717851930087019641e-01
1.187500000000000000e+00,1.411106226673591313e-01
1.208333333333333259e+00,-5.667450827559732396e-01
1.229166666666666519e+00,1.124390887373124537e-01
1.250000000000000000e+00,7.326128589903571076e-01
1.270833333333333259e+00,6.938833766807184222e-02
1.291666666666666519e+00,-5.946275266423408645e-01
1.312500000000000000e+00,5.519023265414829682e-02
1.333333333333333259e+00,6.787198011309760748e-01
1.354166666666666519e+00,-2.570770963270782583e-02
1.375000000000000000e+00,-7.051165966553136766e-01
1.395833333333333259e+00,-7.719929453382251561e-02
1.416666666666666519e+00,5.866356556158176527e-01
1.437500000000000000e+00,-1.217266586029668862e-01
1.458333333333333259e+00,-7.693904734993755046e-01
1.479166666666666519e+00,-1.330632548122156755e-01
1.500000000000000000e+00,5.769167680424149847e-01
1.520833333333333259e+00,-1.030195252402175687e-01
1.541666666666666519e+00,-7.301763522586643962e-01
1.562500000000000000e+00,-6.310287310098108837e-02
1.583333333333333259e+00,6.479129131502799899e-01
1.604166666666666519e+00,-2.904161219050849230e-04
1.625000000000000000e+00,-6.316085519250700386e-01
1.645833333333333259e+00,7.356535691814861111e-02
1.666666666666666519e+00,7.481271239116491500e-01
1.687500000000000000e+00,1.246904056606847194e-01
1.708333333333333259e+00,-5.428927584095184500e-01
1.729166666666666519e+00,1.580340048019562571e-01
1.750000000000000000e+00,8.110624433041498937e-01
1.770833333333333259e+00,1.766631358552919473e-01
1.791666666666666519e+00,-5.401520629125119433e-01
1.812500000000000000e+00,1.372067192020745008e-01
1.833333333333333259e+00,4.073687084808325642e-01
1.854166666666666519e+00,-2.661482989732368853e-01
1.875000000000000000e+00,-8.015418179594980819e-01
1.895833333333333259e+00,-1.674149848388929163e-01
1.916666666666666519e+00,4.713398456223767963e-01
1.937500000000000000e+00,-2.300492534018674096e-01
1.958333333333333259e+00,-5.326377789436751442e-01
1.979166666666666519e+00,8.753920588371562339e-02
2.000000000000000000e+00,7.648942820925114239e-01
2.020833333333333037e+00,6.744896278840187276e-02
2.041666666666666519e+00,-5.902110495053639605e-01
2.062500000000000000e+00,5.492212634564336282e-02
2.083333333333333037e+00,7.179049958628922479e-01
2.104166666666666519e+00,4.043630271723219760e-02
2.125000000000000000e+00,-6.173835378958222320e-01
2.145833333333333037e+00,6.041011301973830960e-02
2.166666666666666519e+00,7.063315858167636963e-01
2.187500000000000000e+00,3.782137806730720420e-02
2.208333333333333037e+00,-6.304592156498238786e-01
2.229166666666666519e+00,7.706116192075804228e-02
2.250000000000000000e+00,6.888711328510664922e-01
2.270833333333333037e+00,7.527730451433767289e-02
2.291666666666666519e+00,-5.766012321623604775e-01
2.312500000000000000e+00,5.754497892440058049e-02
2.333333333333333037e+00,3.058833308986234623e-01
2.354166666666666519e+00,-3.177486385586848483e-01
2.375000000000000000e+00,-8.191186135321855133e-01
2.395833333333333037e+00,-1.382158520580078764e-01
2.416666666666666519e+00,5.446027496355831943e-01
2.437500000000000000e+00,-1.260490154852897948e-01
2.458333333333333037e+00,-7.265317288091974746e-01
2.479166666666666519e+00,-8.028263504170252141e-02
2.500000000000000000e+00,5.771533773563721770e-01
2.520833333333333037e+00,-1.013912812464911328e-01
2.541666666666666519e+00,-7.155134215986126422e-01
2.562500000000000000e+00,-8.716733993222555710e-02
2.583333333333333037e+00,5.513870265896578804e-01
2.604166666666666519e+00,-1.007056988226509575e-02
2.625000000000000000e+00,-2.867902113434275813e-01
2.645833333333333037e+00,3.458256143612070121e-01
2.666666666666666519e+00,8.031570808082790780e-01
2.687500000000000000e+00,1.031155107059888443e-01
2.708333333333333037e+00,-5.613852830176360165e-01
2.729166666666666519e+00,9.922943413296148041e-02
2.750000000000000000e+00,6.867646236500560830e-01
2.770833333333333037e+00,1.882846681521335719e-02
2.791666666666666519e+00,-6.439347952643414974e-01
2.812500000000000000e+00,3.778611935520764797e-02
2.833333333333333037e+00,6.444759150302141748e-01
2.854166666666666519e+00,2.184353515321217631e-02
2.875000000000000000e+00,-6.187527078470114184e-01
2.895833333333333037e+00,8.862704394083092962e-02
2.916666666666666519e+00,7.274348549267684039e-01
2.937500000000000000e+00,1.048098593341550838e-01
2.958333333333333037e+00,-5.083208018815372764e-01
2.979166666666666519e+00,1.653895176929481570e-01
3.000000000000000000e+00,5.912163411450832573e-01
3.020833333333333037e+00,-6.580838611953457318e-02
3.041666666666666519e+00,-6.568816307470313198e-01
3.062500000000000000e+00,1.188136275095053040e-02
3.083333333333333037e+00,6.667679852225901760e-01
3.104166666666666519e+00,1.332933046265888377e-02
3.125000000000000000e+00,-5.884873828069328017e-01
3.145833333333333037e+00,4.301109893884841329e-02
3.166666666666666519e+00,2.830812572388427539e-01
3.187500000000000000e+00,-3.560632198756771283e-01
3.208333333333333037e+00,-7.746536806689283683e-01
3.229166666666666519e+00,-1.184407529223642508e-01
3.250000000000000000e+00,5.136592096733486601e-01
3.270833333333333037e+00,-1.025321070260011291e-01
3.291666666666666519e+00,-7.772164047443406165e-01
3.312500000000000000e+00,-1.388939378233625122e-01
3.333333333333333037e+00,4.561629788040877931e-01
3.354166666666666519e+00,-1.885242355690472105e-01
3.375000000000000000e+00,-3.338072658863706632e-01
3.395833333333333037e+00,2.603136787889928083e-01
3.416666666666666519e+00,6.422790425669255843e-01
3.437500000000000000e+00,-2.116788142000142203e-02
3.458333333333333037e+00,-6.675840112746341815e-01
3.479166666666666519e+00,-7.926125137105410889e-02
3.500000000000000000e+00,5.717341617640718798e-01
3.520833333333333037e+00,-9.065073183749344787e-02
3.541666666666666519e+00,-2.948328922444029554e-01
3.562500000000000000e+00,3.331850614639931818e-01
3.583333333333333037e+00,7.130087310588429927e-01
3.604166666666666519e+00,4.489880651727551908e-01
3.625000000000000000e+00,-2.911503041645548129e-02
3.645833333333333037e+00,6.041106342715102384e-01
3.666666666666666519e+00,6.965076037103306028e-01
3.687500000000000000e+00,-2.792155230161291746e-02
3.708333333333333037e+00,-3.790345738745212745e-01
3.729166666666666519e+00,2.808223949891496263e-01
3.750000000000000000e+00,7.998310127541181647e-01
3.770833333333333037e+00,6.819349824785159164e-02
3.791666666666666519e+00,-5.799908626994620953e-01
3.812500000000000000e+00,8.253420059282895460e-02
3.833333333333333037e+00,3.383113199035762131e-01
3.854166666666666519e+00,-3.420601400741945519e-01
3.875000000000000000e+00,-9.867185126102535619e-01
3.895833333333333037e+00,-3.312545389803799867e-01
3.916666666666666519e+00,2.421149014515541209e-01
3.937500000000000000e+00,-3.498834933295003058e-01
3.958333333333333037e+00,-5.672507804795346997e-01
3.979166666666666519e+00,1.277752339933125869e-01
4.000000000000000000e+00,3.550589022756356905e-01
4.020833333333333037e+00,-2.644385172935673767e-01
4.041666666666666075e+00,-8.621015182657685294e-01
4.062500000000000000e+00,-1.529575102402606357e-01
4.083333333333333037e+00,4.974596501973946872e-01
4.104166666666666075e+00,-1.323264156617718346e-01
4.125000000000000000e+00,-7.288316369850870169e-01
4.145833333333333037e+00,-4.119241876327325858e-02
4.166666666666666075e+00,6.255358091101288487e-01
4.187500000000000000e+00,-3.245318692450918641e-02
4.208333333333333037e+00,-6.228520799195980118e-01
4.229166666666666075e+00,2.985975308757551905e-02
4.250000000000000000e+00,6.984963198652147653e-01
4.270833333333333037e+00,-2.760452326150572566e-02
4.291666666666666075e+00,-6.635441809717922412e-01
4.312500000000000000e+00,-3.086819315205974190e-02
4.333333333333333037e+00,6.196264823709147773e-01
4.354166666666666075e+00,-9.092490676655756721e-02
4.375000000000000000e+00,-7.344105924987902601e-01
4.395833333333333037e+00,-1.112011841856724442e-01
4.416666666666666075e+00,5.078298518778614490e-01
4.437500000000000000e+00,6.237081888240916805e-02
4.458333333333333037e+00,-4.115391296079394801e-01
4.479166666666666075e+00,2.415442790125569561e-01
4.500000000000000000e+00,8.511834357283349917e-01
4.520833333333333037e+00,1.853143676093714498e-01
4.541666666666666075e+00,-5.020034231154130167e-01
4.562500000000000000e+00,2.023284167390998478e-01
4.583333333333333037e+00,8.241057537926163024e-01
4.604166666666666075e+00,1.911269546944810993e-01
4.625000000000000000e+00,-4.559531039895079463e-01
4.645833333333333037e+00,2.553974911409462867e-01
4.666666666666666075e+00,3.878177140229352449e-01
4.687500000000000000e+00,-2.332448048359736237e-01
4.708333333333333037e+00,-6.287002605040410419e-01
4.729166666666666075e+00,4.229510852625770201e-02
4.750000000000000000e+00,7.300456188560887627e-01
4.770833333333333037e+00,7.593431860535662659e-02
4.791666666666666075e+00,-5.323174765522892260e-01
4.812500000000000000e+00,1.115317559364605859e-01
4.833333333333333037e+00,2.712385220026943822e-01
4.854166666666666075e+00,-4.256696569018655341e-01
4.875000000000000000e+00,-4.832796629656072041e-01
4.895833333333333037e+00,1.406274878132733608e-01
4.916666666666666075e+00,2.221383151101413156e-01
4.937500000000000000e+00,-4.445100862614790316e-01
4.958333333333333037e+00,-1.584328280815654744e-01
4.979166666666666075e+00,4.746438826706461667e-01
5.000000000000000000e+00,-2.332415588440752141e-01
5.020833333333333037e+00,-8.485602330511690106e-01
5.041666666666666075e+00,-2.188696104181672986e-01
5.062500000000000000e+00,4.432079255241016535e-01
5.083333333333333037e+00,-3.145532229882655462e-02
5.104166666666666075e+00,-4.070425649084156161e-01
5.125000000000000000e+00,2.269590069824908019e-01
5.145833333333333037e+00,9.377496913678216028e-01
5.166666666666666075e+00,2.624029753564670608e-01
5.187500000000000000e+00,-3.622496809151284358e-01
5.208333333333333037e+00,1.220936745561521514e-01
5.229166666666666075e+00,5.198381390417133874e-01
5.250000000000000000e+00,-1.037038418718166655e-01
5.270833333333333037e+00,-7.452184261028764745e-01
5.291666666666666075e+00,-7.628769496839557518e-02
5.312500000000000000e+00,5.909612552283973752e-01
5.333333333333333037e+00,-2.583679610148563455e-02
5.354166666666666075e+00,-7.052179650467240712e-01
5.375000000000000000e+00,-4.983116222710193277e-03
5.395833333333333037e+00,6.296208184847059686e-01
5.416666666666666075e+00,-2.139624246022373000e-02
5.437500000000000000e+00,-7.309930489715192881e-01
5.458333333333333037e+00,-5.650557129007899304e-02
5.479166666666666075e+00,5.639994848177758424e-01
5.500000000000000000e+00,-1.065352452689327933e-01
5.520833333333333037e+00,-5.128968706620793405e-01
5.541666666666666075e+00,1.055108453070885965e-01
5.562500000000000000e+00,7.452007602733682345e-01
5.583333333333333037e+00,4.452117858025517183e-02
5.604166666666666075e+00,-6.274913561809745133e-01
5.625000000000000000e+00,-7.638125135455087200e-03
5.645833333333333037e+00,6.679026236964421548e-01
5.666666666666666075e+00,-2.908767256754049568e-02
5.687500000000000000e+00,-6.860871563388101224e-01
5.708333333333333037e+00,-4.203809156659099600e-02
5.729166666666666075e+00,6.195398795719730956e-01
5.750000000000000000e+00,-5.704754524265720494e-02
5.770833333333333037e+00,-7.189954829332928510e-01
5.791666666666666075e+00,-4.273155613360671290e-02
5.812500000000000000e+00,5.535386263460714273e-01
5.833333333333333037e+00,-7.625997109275101105e-02
5.854166666666666075e+00,-5.290157032434383844e-01
5.875000000000000000e+00,1.679632134444747626e-01
5.895833333333333037e+00,8.005503434201846069e-01
5.916666666666666075e+00,1.863190358535973534e-01
5.937500000000000000e+00,-4.486881407662756671e-01
5.958333333333333037e+00,2.229150438322876349e-01
5.979166666666666075e+00,7.271416129559595820e-01
6.000000000000000000e+00,7.579219070937090463e-02
6.020833333333333037e+00,-5.280590138081963092e-01
6.041666666666666075e+00,1.414194347060523382e-01
6.062500000000000000e+00,4.455759280317299620e-01
6.083333333333333037e+00,-2.254305074785608320e-01
6.104166666666666075e+00,-8.321346292518084775e-01
6.125000000000000000e+00,-2.076686315839464669e-01
6.145833333333333037e+00,4.349952644022189174e-01
6.166666666666666075e+00,-2.752261981721472184e-01
6.187500000000000000e+00,-4.938594941844368091e-01
6.208333333333333037e+00,1.326677384945574301e-01
6.229166666666666075e+00,7.343987475331085202e-01
6.250000000000000000e+00,4.138935120841708004e-02
6.270833333333333037e+00,-6.317967812186933152e-01
6.291666666666666075e+00,2.648643640087783302e-02
6.312500000000000000e+00,6.223724510158181733e-01
6.333333333333333037e+00,-4.324801345428253008e-02
6.354166666666666075e+00,-7.124691028346784583e-01
6.375000000000000000e+00,-3.590871261183162244e-02
6.395833333333333037e+00,5.748832272236066299e-01
6.416666666666666075e+00,-4.822878189495410917e-02
6.437500000000000000e+00,-6.913623275783330469e-01
6.458333333333333037e+00,1.712219647540161316e-02
6.479166666666666075e+00,6.608578835735354762e-01
6.500000000000000000e+00,3.708600198599792952e-02
6.520833333333333037e+00,-5.704790466840664598e-01
6.541666666666666075e+00,1.225226638659080713e-01
6.562500000000000000e+00,7.998178788879898304e-01
6.583333333333333037e+00,1.428958382346862122e-01
6.604166666666666075e+00,-4.584033882089999512e-01
6.625000000000000000e+00,1.963467924025814604e-01
6.645833333333333037e+00,3.132025502985316123e-01
6.666666666666666075e+00,-3.837896568550229759e-01
6.687500000000000000e+00,-3.557648899073523885e-01
6.708333333333333037e+00,2.695632006251051926e-01
6.729166666666666075e+00,9.129409798790779629e-01
6.750000000000000000e+00,2.484487660757016547e-01
6.770833333333333037e+00,-3.957457774952722329e-01
6.791666666666666075e+00,2.537129293205032665e-01
6.812500000000000000e+00,3.671540079077971197e-01
6.833333333333333037e+00,-2.729585469501783490e-01
6.854166666666666075e+00,-5.301179767568992007e-01
6.875000000000000000e+00,1.107171432529547028e-01
6.895833333333333037e+00,5.249300870453196266e-01
6.916666666666666075e+00,-1.246628065579032663e-01
6.937500000000000000e+00,-7.880306598452502254e-01
6.958333333333333037e+00,-1.992940187301397992e-01
6.979166666666666075e+00,4.192245160115929403e-01
7.000000000000000000e+00,-2.390087965948622939e-01
7.020833333333333037e+00,-7.739429161521907963e-01
7.041666666666666075e+00,-1.860755812199262893e-01
7.062500000000000000e+00,4.710765058181216602e-01
7.083333333333333037e+00,-1.903776106582562855e-01
7.104166666666666075e+00,-5.345461349908039450e-01
7.125000000000000000e+00,1.074930685288078558e-01
7.145833333333333037e+00,7.370801498076146041e-01
7.166666666666666075e+00,9.336665565368618136e-02
7.187500000000000000e+00,-6.167838092717220499e-01
7.208333333333333037e+00,4.405708448305059588e-02
7.229166666666666075e+00,6.847651461088850589e-01
7.250000000000000000e+00,9.273899343629857239e-02
7.270833333333333037e+00,-5.813378607706465306e-01
7.291666666666666075e+00,6.481170098150002001e-02
7.312500000000000000e+00,7.403163990502281688e-01
7.333333333333333037e+00,9.066128650654897703e-02
7.354166666666666075e+00,-5.514500012893531755e-01
7.375000000000000000e+00,9.225803251376069047e-02
7.395833333333333037e+00,6.033401347945924753e-01
7.416666666666666075e+00,-7.632474951344464520e-02
7.437500000000000000e+00,-7.070052886583602092e-01
7.458333333333333037e+00,-3.704968941868222454e-02
7.479166666666666075e+00,6.790956627354980402e-01
7.500000000000000000e+00,2.872583317716900786e-02
7.520833333333333037e+00,-6.093075843646426071e-01
7.541666666666666075e+00,1.047505431356844097e-01
7.562500000000000000e+00,3.282010152371866440e-01
7.583333333333333037e+00,-3.037252025292382362e-01
7.604166666666666075e+00,-7.637697594547877555e-01
7.625000000000000000e+00,-5.472922186820569634e-02
7.645833333333333037e+00,5.882738893841954475e-01
7.666666666666666075e+00,-5.398185380809275569e-02
7.687500000000000000e+00,-7.749924522750569755e-01
7.708333333333333037e+00,-9.667440148666991973e-02
7.729166666666666075e+00,5.519473606363234364e-01
7.750000000000000000e+00,-1.159754663419317877e-01
7.770833333333333037e+00,-7.640381610790855094e-01
7.791666666666666075e+00,-1.080645657297041595e-01
7.812500000000000000e+00,5.295781017296756765e-01
7.833333333333333037e+00,-1.002792506035224407e-02
7.854166666666666075e+00,-2.742793275040673051e-01
7.875000000000000000e+00,3.553991243713460202e-01
7.895833333333333037e+00,7.143362207743968462e-01
7.916666666666666075e+00,2.290274795622854187e-03
7.937500000000000000e+00,-6.379277928010920196e-01
7.958333333333333037e+00,1.130163315944479607e-02
7.979166666666666075e+00,7.239381192210737614e-01
8.000000000000000000e+00,4.459079779097649410e-02
8.020833333333332149e+00,-5.831476001497253314e-01
8.041666666666666075e+00,9.541848673648350987e-02
8.062500000000000000e+00,8.063069879093066605e-01
8.083333333333332149e+00,1.760031046572815838e-01
8.104166666666666075e+00,-4.686925268055992522e-01
8.125000000000000000e+00,2.068248875856921742e-01
8.145833333333332149e+00,8.237011763258414998e-01
8.166666666666666075e+00,1.984942585624283051e-01
8.187500000000000000e+00,-4.778412440896994684e-01
8.208333333333332149e+00,9.853711482280813616e-03
8.229166666666666075e+00,6.159549249943115923e-01
8.250000000000000000e+00,-1.562165257586600742e-02
8.270833333333332149e+00,-6.839114065940876674e-01
8.291666666666666075e+00,-1.376865345105363070e-02
8.312500000000000000e+00,6.077320397105459016e-01
8.333333333333332149e+00,-7.725051772312896414e-02
8.354166666666666075e+00,-7.832683070580368501e-01
8.375000000000000000e+00,-1.517073439479621477e-01
8.395833333333332149e+00,5.049916439589698935e-01
8.416666666666666075e+00,-2.068380850349024469e-01
8.437500000000000000e+00,-8.795496078994642364e-01
8.458333333333332149e+00,-2.477256557015987126e-01
8.479166666666666075e+00,4.471947166074378144e-01
8.500000000000000000e+00,-2.522321009442999307e-01
8.520833333333332149e+00,-3.632571648355809590e-01
8.541666666666666075e+00,2.994439795675090665e-01
8.562500000000000000e+00,3.909635346113172205e-01
8.583333333333332149e+00,-2.756142435999234808e-01
8.604166666666666075e+00,-1.425976307866370918e-01
8.625000000000000000e+00,5.638890753268801515e-01
8.645833333333332149e+00,-4.649734492839348310e-02
8.666666666666666075e+00,-6.772673002277860288e-01
8.687500000000000000e+00,-3.432276680671147995e-02
8.708333333333332149e+00,6.727679660063728972e-01
8.729166666666666075e+00,3.499555967396797418e-02
8.750000000000000000e+00,-5.883733405822343387e-01
8.770833333333332149e+00,-2.110465676787146028e-03
8.791666666666666075e+00,6.561321992827577887e-01
8.812500000000000000e+00,-4.081277487877066346e-04
8.833333333333332149e+00,-6.620206377894682914e-01
8.854166666666666075e+00,-7.991545092588162036e-02
8.875000000000000000e+00,5.882953623509661334e-01
8.895833333333332149e+00,-7.707463353776070059e-02
8.916666666666666075e+00,-6.645540779526416530e-01
8.937500000000000000e+00,-6.154825224044735421e-02
8.958333333333332149e+00,5.768508924765087809e-01
8.979166666666666075e+00,-6.461141351049523585e-02
9.000000000000000000e+00,5.214928203014100871e-01
9.020833333333332149e+00,6.193278821016353630e-01
9.041666666666666075e+00,-5.611996204792429888e-02
9.062500000000000000e+00,-1.808330249286676517e-01
9.083333333333332149e+00,4.333806126654619062e-01
9.104166666666666075e+00,3.131401654210896890e-01
9.125000000000000000e+00,-3.320326542170185524e-01
9.145833333333332149e+00,2.205929007448080292e-01
9.166666666666666075e+00,3.747362294450103937e-01
9.187500000000000000e+00,-2.569980224384013079e-01
9.208333333333332149e+00,-5.578630095200813876e-01
9.229166666666666075e+00,1.569105988396879980e-01
9.250000000000000000e+00,5.761611191588887904e-01
9.270833333333332149e+00,-6.381985882815280342e-02
9.291666666666666075e+00,-6.727499436986643655e-01
9.312500000000000000e+00,-5.088399408768512489e-03
9.333333333333332149e+00,5.877173365247407855e-01
9.354166666666666075e+00,-8.199166419085132662e-02
9.375000000000000000e+00,-6.764443291794768331e-01
9.395833333333332149e+00,-3.805146644004930856e-02
9.416666666666666075e+00,2.858927085861774353e-01
9.437500000000000000e+00,-4.178722148163910299e-01
9.458333333333332149e+00,-9.942591431318685835e-01
9.479166666666666075e+00,-3.739705966980277907e-01
9.500000000000000000e+00,2.573530583917789105e-01
9.520833333333332149e+00,-5.266085524096630888e-02
9.541666666666666075e+00,-6.977864835977415359e-01
9.562500000000000000e+00,-3.948498073857212298e-02
9.583333333333332149e+00,5.588712674239201261e-01
9.604166666666666075e+00,-1.111710087916118472e-01
9.625000000000000000e+00,-5.603110699709181741e-01
9.645833333333332149e+00,1.121354676479012491e-01
9.666666666666666075e+00,7.202569878275334458e-01
9.687500000000000000e+00,8.986455326839276614e-02
9.708333333333332149e+00,-5.450912406012919931e-01
9.729166666666666075e+00,1.682172925605834868e-01
9.750000000000000000e+00,8.136314925667251785e-01
9.770833333333332149e+00,1.819734545011074955e-01
9.791666666666666075e+00,-4.149624674668164759e-01
9.812500000000000000e+00,2.697001251571381486e-01
9.833333333333332149e+00,9.427501335844226116e-01
9.854166666666666075e+00,2.690097273093949859e-01
9.875000000000000000e+00,-3.295470794368272061e-01
9.895833333333332149e+00,1.784902236586264068e-01
9.916666666666666075e+00,4.527390610073136479e-01
9.937500000000000000e+00,-2.635903622403852342e-01
9.958333333333332149e+00,-6.807151876213100028e-01
9.979166666666666075e+00,-5.190128635193819173e-02
1.000000000000000000e+01,5.668653723540512113e-01
1.002083333333333215e+01,-1.146741506436788072e-01
1.004166666666666607e+01,-7.909004386815691179e-01
1.006250000000000000e+01,-1.326547486328440717e-01
1.008333333333333215e+01,4.636540101077207821e-01
1.010416666666666607e+01,-2.107735205688558433e-01
1.012500000000000000e+01,-6.207699472386620787e-01
1.014583333333333215e+01,4.927596793491129112e-02
1.016666666666666607e+01,6.483467283960338001e-01
1.018750000000000000e+01,2.166335656265244713e-02
1.020833333333333215e+01,-6.179955443837351625e-01
1.022916666666666607e+01,9.392594348953273165e-02
1.025000000000000000e+01,7.306509009644585051e-01
1.027083333333333215e+01,1.033748118880715161e-01
1.029166666666666607e+01,-5.055316533157576675e-01
1.031250000000000000e+01,1.951463634318541807e-01
1.033333333333333215e+01,4.428762744574213928e-01
1.035416666666666607e+01,-2.156800833167346609e-01
1.037500000000000000e+01,-8.151304020050617050e-01
1.039583333333333215e+01,-1.422588972116283490e-01
1.041666666666666607e+01,5.333706064429263316e-01
1.043750000000000000e+01,-1.693656894040034555e-01
1.045833333333333215e+01,-7.799632249296584163e-01
1.047916666666666607e+01,-1.462334572758282880e-01
1.050000000000000000e+01,4.959738831836374429e-01
1.052083333333333215e+01,-1.181100933427100125e-01
1.054166666666666607e+01,-7.773962821074953400e-01
1.056250000000000000e+01,-1.379089277401477631e-01
1.058333333333333215e+01,4.872371042525560636e-01
1.060416666666666607e+01,-2.976055144858071044e-02
1.062500000000000000e+01,-3.715526133483108007e-01
1.064583333333333215e+01,2.827126021852548465e-01
1.066666666666666607e+01,8.828267801961132699e-01
1.068750000000000000e+01,2.046050044074674834e-01
1.070833333333333215e+01,-4.697736862700219174e-01
1.072916666666666607e+01,2.218688273145021372e-01
1.075000000000000000e+01,8.258680204821917670e-01
1.077083333333333215e+01,1.972817392530538116e-01
1.079166666666666607e+01,-4.439673164627009339e-01
1.081250000000000000e+01,2.448404649161232405e-01
1.083333333333333215e+01,3.304733794686382509e-01
1.085416666666666607e+01,-2.900749790321488497e-01
1.087500000000000000e+01,-4.581949850672478730e-01
1.089583333333333215e+01,2.376678259340067323e-01
1.091666666666666607e+01,3.359709022380177323e-01
1.093750000000000000e+01,-3.191546769369175141e-01
1.095833333333333215e+01,-4.494583882902186134e-01
1.097916666666666607e+01,2.097671002124743000e-01
1.100000000000000000e+01,3.327880437136387926e-01
1.102083333333333215e+01,-3.357926772895529766e-01
1.104166666666666607e+01,-4.013353404466705188e-01
1.106250000000000000e+01,2.387484424666102556e-01
1.108333333333333215e+01,2.339515421354768365e-01
1.110416666666666607e+01,-4.790112365726855170e-01
1.112500000000000000e+01,1.127187803693706358e-01
1.114583333333333215e+01,4.548119607479560456e-01
1.116666666666666607e+01,-2.292449382983886286e-01
1.118750000000000000e+01,-7.088182450886407748e-01
1.120833333333333215e+01,-8.684305153027949142e-02
1.122916666666666607e+01,5.658508075864717712e-01
1.125000000000000000e+01,-1.397463771053641668e-01
1.127083333333333215e+01,-6.608809344370565331e-01
1.129166666666666607e+01,-6.459584837965363924e-02
1.131250000000000000e+01,6.246095538596982966e-01
1.133333333333333215e+01,1.076355080454577812e-01
1.135416666666666607e+01,-3.656961338113550175e-01
1.137500000000000000e+01,3.000387220539355582e-01
1.139583333333333215e+01,1.017872614774233186e+00
1.141666666666666607e+01,3.651012137429001658e-01
1.143750000000000000e+01,-2.749749074842855467e-01
1.145833333333333215e+01,-9.155746996973762597e-02
1.147916666666666607e+01,5.928889007945963296e-01
1.150000000000000000e+01,-3.782252799730098647e-02
1.152083333333333215e+01,-7.133576326197397233e-01
1.154166666666666607e+01,-7.537245944155362976e-03
1.156250000000000000e+01,6.462035528517638960e-01
1.158333333333333215e+01,9.760927813285413812e-04
1.160416666666666607e+01,-7.221510015784999847e-01
1.162500000000000000e+01,-4.571775726384280647e-02
1.164583333333333215e+01,5.884427475594212753e-01
1.166666666666666607e+01,-9.696179881854019578e-02
1.168750000000000000e+01,-7.695804852202470236e-01
1.170833333333333215e+01,-1.356979976791094500e-01
1.172916666666666607e+01,5.210240599805452399e-01
1.175000000000000000e+01,-1.962043067332606971e-01
1.177083333333333215e+01,-8.680643727218414485e-01
1.179166666666666607e+01,-2.289287310127959552e-01
1.181250000000000000e+01,4.638162481768801082e-01
1.183333333333333215e+01,-2.227095442421889449e-01
1.185416666666666607e+01,-2.815587524106635819e-01
1.187500000000000000e+01,3.867542425904606507e-01
1.189583333333333215e+01,2.024928997040311707e-01
1.191666666666666607e+01,-4.571576712026692579e-01
1.193750000000000000e+01,2.181522507999374971e-01
1.195833333333333215e+01,8.445148021104275093e-01
1.197916666666666607e+01,2.263626057870271602e-01
1.200000000000000000e+01,-4.069669922719273414e-01
1.202083333333333215e+01,1.195225827042238204e-01
1.204166666666666607e+01,4.029999720500233029e-01
1.206250000000000000e+01,-2.426373023539310225e-01
1.208333333333333215e+01,-5.846185113833123337e-01
1.210416666666666607e+01,2.886764897223273452e-02
1.212500000000000000e+01,7.239125246879315467e-01
1.214583333333333215e+01,4.591934798737279388e-02
1.216666666666666607e+01,-6.419543865878243327e-01
1.218750000000000000e+01,-5.278006664662744651e-02
1.220833333333333215e+01,5.948997175780794677e-01
1.222916666666666607e+01,-5.681497623227116378e-02
1.225000000000000000e+01,-7.791420336389542900e-01
1.227083333333333215e+01,-1.587124346867367086e-01
1.229166666666666607e+01,4.781543975789800394e-01
1.231250000000000000e+01,-1.397724092688247544e-01
1.233333333333333215e+01,-3.210590717238413494e-01
1.235416666666666607e+01,3.310819151817625539e-01
1.237500000000000000e+01,4.212549744585351030e-01
1.239583333333333215e+01,-1.679015875225065013e-01
1.241666666666666607e+01,-2.311873808057369473e-01
1.243750000000000000e+01,4.400939473697946247e-01
1.245833333333333215e+01,-8.100845119238313241e-02
1.247916666666666607e+01,-4.657584673132724173e-01
1.250000000000000000e+01,1.972143953580316467e-01
1.252083333333333215e+01,8.538019273051599134e-01
1.254166666666666607e+01,2.555334268749334670e-01
1.256250000000000000e+01,-3.656774329499118403e-01
1.258333333333333215e+01,-2.060552364496118782e-01
1.260416666666666607e+01,4.217483433476346688e-01
1.262500000000000000e+01,-1.733703991013028911e-01
1.264583333333333215e+01,-8.378214383992890202e-01
1.266666666666666607e+01,-1.877771208259146341e-01
1.268750000000000000e+01,4.098200145898907021e-01
1.270833333333333215e+01,-2.174401303988717227e-01
1.272916666666666607e+01,-5.973839513863904438e-01
1.275000000000000000e+01,2.573562948937721528e-02
1.277083333333333215e+01,6.253164295252199301e-01
1.279166666666666607e+01,-5.090370583469647214e-02
1.281250000000000000e+01,-7.034962049138764328e-01
1.283333333333333215e+01,-1.013159597951864971e-01
1.285416666666666607e+01,5.265258831728603095e-01
1.287500000000000000e+01,-8.773425142067622917e-03
1.289583333333333215e+01,-2.719325991932606268e-01
1.291666666666666607e+01,3.257292126473219085e-01
1.293750000000000000e+01,7.376146765187995280e-01
1.295833333333333215e+01,9.684240447195671675e-02
1.297916666666666607e+01,-5.038153370375002549e-01
1.300000000000000000e+01,1.356414979848301061e-01
1.302083333333333215e+01,8.209731336746308727e-01
1.304166666666666607e+01,2.061616548073540722e-01
1.306250000000000000e+01,-4.084837519653050641e-01
1.308333333333333215e+01,1.208293259620002447e-02
1.310416666666666607e+01,3.730455441644996428e-01
1.312500000000000000e+01,-2.356493184155395992e-01
1.314583333333333215e+01,-8.733075255811024729e-01
1.316666666666666607e+01,-1.906040521431578982e-01
1.318750000000000000e+01,4.053096392566978845e-01
1.320833333333333215e+01,-2.157989628367524559e-01
1.322916666666666607e+01,-6.188951522036276742e-01
1.325000000000000000e+01,2.293771104684710904e-02
1.327083333333333215e+01,6.143485591733867102e-01
1.329166666666666607e+01,-2.966234197360834157e-02
1.331250000000000000e+01,-7.034248467792283410e-01
1.333333333333333215e+01,-1.054492358184850875e-01
1.335416666666666607e+01,5.074916766331415419e-01
1.337500000000000000e+01,-1.616643759725996665e-01
1.339583333333333215e+01,-3.082715552422555239e-01
1.341666666666666607e+01,2.873050565172332593e-01
1.343750000000000000e+01,5.997219054270033212e-01
1.345833333333333215e+01,-7.677486619424353509e-02
1.347916666666666607e+01,-6.692893994321753581e-01
1.350000000000000000e+01,-4.542549199102863255e-02
1.352083333333333215e+01,6.130433975838021077e-01
1.354166666666666607e+01,-2.674117635305786611e-02
1.356250000000000000e+01,-5.645141576705324793e-01
1.358333333333333215e+01,8.013638358389185701e-02
1.360416666666666607e+01,7.347160209550105403e-01
1.362500000000000000e+01,1.498120688729634997e-01
1.364583333333333215e+01,-4.663988352945206972e-01
1.366666666666666607e+01,2.292398256124594524e-01
1.368750000000000000e+01,4.737311626791705921e-01
1.370833333333333215e+01,-1.271398265090028512e-01
1.372916666666666607e+01,-8.054138307797267249e-01
1.375000000000000000e+01,-1.477043238672967052e-01
1.377083333333333215e+01,4.771484570986689322e-01
1.379166666666666607e+01,-1.502152460409878487e-01
1.381250000000000000e+01,-5.347838947915176666e-01
1.383333333333333215e+01,9.644111261587029471e-02
1.385416666666666607e+01,6.871636175202634478e-01
1.387500000000000000e+01,3.130707387551748266e-02
1.389583333333333215e+01,-6.170952151160455923e-01
1.391666666666666607e+01,-3.055205089601926993e-02
1.393750000000000000e+01,6.044281081117156562e-01
1.395833333333333215e+01,-5.967192761969544734e-02
1.397916666666666607e+01,-6.905741498979622861e-01
1.400000000000000000e+01,-1.045855361068222938e-01
1.402083333333333215e+01,5.792726797771251546e-01
1.404166666666666607e+01,-6.683939561493931758e-02
1.406250000000000000e+01,-3.040848826585290654e-01
1.408333333333333215e+01,3.266092109232023866e-01
1.410416666666666607e+01,7.851221364607104958e-01
1.412500000000000000e+01,1.581351296563834052e-01
1.414583333333333215e+01,-4.496012932881501278e-01
1.416666666666666607e+01,2.308060332199307063e-01
1.418750000000000000e+01,5.910434321818140990e-01
1.420833333333333215e+01,-7.954885132110470214e-03
1.422916666666666607e+01,-6.466209143322440012e-01
1.425000000000000000e+01,1.388823159445420896e-02
1.427083333333333215e+01,6.567698894977651580e-01
1.429166666666666607e+01,4.843078312072345015e-02
1.431250000000000000e+01,-6.219900532409696758e-01
1.433333333333333215e+01,2.193284567804176799e-02
1.435416666666666607e+01,5.112814860773176040e-01
1.437500000000000000e+01,-1.392561162805575070e-01
1.439583333333333215e+01,-8.235302850473938951e-01
1.441666666666666607e+01,-2.167465508302532373e-01
1.443750000000000000e+01,3.944435626593119082e-01
1.445833333333333215e+01,3.177343252173467358e-02
1.447916666666666607e+01,-5.103811301797873679e-01
1.450000000000000000e+01,8.415018815953016762e-02
1.452083333333333215e+01,7.396827867201750673e-01
1.454166666666666607e+01,8.063885423478955872e-02
1.456250000000000000e+01,-5.648415272081190874e-01
1.458333333333333215e+01,6.045645575477325007e-02
1.460416666666666607e+01,7.235360651984106273e-01
1.462500000000000000e+01,8.716109806902913593e-02
1.464583333333333215e+01,-5.563293521977079603e-01
1.466666666666666607e+01,1.075073045577177866e-01
1.468750000000000000e+01,4.636722369347057171e-01
1.470833333333333215e+01,-1.388745150472336654e-01
1.472916666666666607e+01,-8.117977377650062998e-01
1.475000000000000000e+01,-1.494052690299996766e-01
1.477083333333333215e+01,5.182631802418271594e-01
1.479166666666666607e+01,-7.955260403084898901e-02
1.481250000000000000e+01,-7.257217727345144365e-01
1.483333333333333215e+01,-5.148999792198258318e-02
1.485416666666666607e+01,6.526227003998359422e-01
1.487500000000000000e+01,2.297521130837745784e-02
1.489583333333333215e+01,-5.996120665180751930e-01
1.491666666666666607e+01,4.110890583168902435e-02
1.493750000000000000e+01,7.411834581549302525e-01
1.495833333333333215e+01,8.800597249261679633e-02
1.497916666666666607e+01,-5.444380643668644826e-01
1.500000000000000000e+01,4.905394507964602746e-02
1.502083333333333215e+01,4.737066326076682654e-01
1.504166666666666607e+01,-2.014413841651611914e-01
1.506250000000000000e+01,-8.744367307810898549e-01
1.508333333333333215e+01,-2.791673282531719202e-01
1.510416666666666607e+01,3.619484402074398810e-01
1.512500000000000000e+01,-4.441825410304491017e-02
1.514583333333333215e+01,-5.007573697054844564e-01
1.516666666666666607e+01,1.254840001950005834e-01
1.518750000000000000e+01,7.559853253301150877e-01
1.520833333333333215e+01,1.438540665115075889e-01
1.522916666666666607e+01,-5.495010823929941113e-01
1.525000000000000000e+01,1.069832811019195695e-01
1.527083333333333215e+01,5.235237496952053204e-01
1.529166666666666607e+01,-6.653345803755517096e-02
1.531250000000000000e+01,-7.369396233294596144e-01
1.533333333333333215e+01,-7.974514278156880076e-02
1.535416666666666607e+01,6.002866948507961098e-01
1.537500000000000000e+01,9.476006656524524341e-03
1.539583333333333215e+01,-6.271350024168573789e-01
1.541666666666666607e+01,2.637967904268903596e-02
1.543750000000000000e+01,7.377154360627442564e-01
1.545833333333333215e+01,1.056558942746463337e-01
1.547916666666666607e+01,-5.233526319557081363e-01
1.550000000000000000e+01,1.027968041418760026e-01
1.552083333333333215e+01,8.038087577499501979e-01
1.554166666666666607e+01,1.407538878743026245e-01
1.556250000000000000e+01,-5.112289956118615253e-01
1.558333333333333215e+01,8.116905279927588701e-02
1.560416666666666607e+01,5.147152495234512681e-01
1.562500000000000000e+01,-1.578139522932698324e-01
1.564583333333333215e+01,-8.476521887331092131e-01
1.566666666666666607e+01,-2.485830833265978423e-01
1.568750000000000000e+01,3.891588963232990306e-01
1.570833333333333215e+01,-1.380880504273991616e-01
1.572916666666666607e+01,-4.451578774246525150e-01
1.575000000000000000e+01,1.956529607637447210e-01
1.577083333333333215e+01,7.045384723957803796e-01
1.579166666666666607e+01,9.339076528357315166e-02
1.581250000000000000e+01,-5.954615682499804219e-01
1.583333333333333215e+01,5.572421333543142730e-02
1.585416666666666607e+01,7.110068396793968182e-01
1.587500000000000000e+01,9.025751176179340474e-02
1.589583333333333215e+01,-5.723501666251984421e-01
1.591666666666666607e+01,9.641003538241615933e-02
1.593750000000000000e+01,7.915285672117441385e-01
1.595833333333333215e+01,1.839362004506071568e-01
1.597916666666666607e+01,-4.520138428126307395e-01
1.600000000000000000e+01,-1.095370021138022176e+00
1.602083333333333215e+01,-3.767553170361514492e-01
1.604166666666666430e+01,2.754989964042407480e-01
1.606250000000000000e+01,-3.049282652284234785e-01
1.608333333333333215e+01,-4.907184367386188129e-01
1.610416666666666430e+01,1.966527242855696800e-01
1.612500000000000000e+01,4.705613394110959025e-01
1.614583333333333215e+01,-1.883447780162409713e-01
1.616666666666666430e+01,-5.644608092567954261e-01
1.618750000000000000e+01,1.066933526047100511e-01
1.620833333333333215e+01,7.304572678778606942e-01
1.622916666666666430e+01,4.930308226468663180e-02
1.625000000000000000e+01,-6.540034032665696939e-01
1.627083333333333215e+01,-2.531648916047163356e-02
1.629166666666666430e+01,6.235448870336186555e-01
1.631250000000000000e+01,-8.298579512764459043e-02
1.633333333333333215e+01,-2.203612505909942065e-01
1.635416666666666430e+01,4.093602195673383126e-01
1.637500000000000000e+01,6.301974375225664060e-01
1.639583333333333215e+01,-7.619561600413221614e-02
1.641666666666666430e+01,-3.604153683803012487e-01
1.643750000000000000e+01,3.008564804483443433e-01
1.645833333333333215e+01,8.514958719028188350e-01
1.647916666666666430e+01,1.905443584099563437e-01
1.650000000000000000e+01,-4.258809387406714553e-01
1.652083333333333215e+01,2.645174385393156413e-01
1.654166666666666430e+01,3.558813005649210104e-01
1.656250000000000000e+01,-2.595317871400580900e-01
1.658333333333333215e+01,-4.471551923390266747e-01
1.660416666666666430e+01,2.347626822479048914e-01
1.662500000000000000e+01,2.204261992490861854e-01
1.664583333333333215e+01,-3.945442380486313683e-01
1.666666666666666430e+01,-1.434829007464314132e-01
1.668750000000000000e+01,5.379714901267703686e-01
1.670833333333333215e+01,-1.039067161570620124e-01
1.672916666666666430e+01,-7.633931329458809589e-01
1.675000000000000000e+01,-5.874413223469959755e-02
1.677083333333333215e+01,5.966748541517389315e-01
1.679166666666666430e+01,-6.916330092154215903e-02
1.681250000000000000e+01,-7.929037072053943813e-01
1.683333333333333215e+01,-1.297531908482940366e-01
1.685416666666666430e+01,2.257628581734785755e-01
1.687500000000000000e+01,-4.434180370162850160e-01
1.689583333333333215e+01,-8.467825469977292574e-01
1.691666666666666430e+01,-1.806783503982159200e-01
1.693750000000000000e+01,4.484144231128174285e-01
1.695833333333333215e+01,-2.427775402716340347e-01
1.697916666666666430e+01,-6.052505546757123156e-01
1.700000000000000000e+01,1.362624143167939783e-02
1.702083333333333215e+01,6.648898634376093630e-01
1.704166666666666430e+01,-3.391082417798285675e-02
1.706250000000000000e+01,-6.096270875501317299e-01
1.708333333333333215e+01,9.561911831234587433e-03
1.710416666666666430e+01,7.169639820528790342e-01
1.712500000000000000e+01,3.430758589370666578e-02
1.714583333333333215e+01,-2.222458037806231967e-01
1.716666666666666430e+01,4.466436939505182835e-01
1.718750000000000000e+01,9.748618985739632148e-01
1.720833333333333215e+01,3.326107517100792554e-01
1.722916666666666430e+01,-3.054960983625917281e-01
1.725000000000000000e+01,3.960388377891044254e-01
1.727083333333333215e+01,4.969531440224692065e-01
1.729166666666666430e+01,-1.208414362125310171e-01
1.731250000000000000e+01,-4.507786599254799964e-01
1.733333333333333215e+01,2.424466572894409810e-01
1.735416666666666430e+01,6.805867242984601218e-01
1.737500000000000000e+01,3.664307913412387374e-02
1.739583333333333215e+01,-6.877225363028193206e-01
1.741666666666666430e+01,-1.847958004419233968e-02
1.743750000000000000e+01,6.176151601132900959e-01
1.745833333333333215e+01,-7.129260648797569599e-02
1.747916666666666430e+01,-7.790776593615647005e-01
1.750000000000000000e+01,-1.486495017388602957e-01
1.752083333333333215e+01,4.864695617773809877e-01
1.754166666666666430e+01,8.798242339990643979e-01
1.756250000000000000e+01,2.187251591081123547e-01
1.758333333333333215e+01,-4.476698046938550890e-01
1.760416666666666430e+01,2.202527903653679897e-01
1.762500000000000000e+01,7.662557187049368057e-01
1.764583333333333215e+01,1.407245067541509909e-01
1.766666666666666430e+01,-5.099142232311586476e-01
1.768750000000000000e+01,-1.496640187733712379e-02
1.770833333333333215e+01,2.652199351624205392e-01
1.772916666666666430e+01,-3.617424418164385536e-01
1.775000000000000000e+01,-9.048471766116612525e-01
1.777083333333333215e+01,-1.951179801870740749e-01
1.779166666666666430e+01,4.464958640044885962e-01
1.781250000000000000e+01,-1.754763266416059231e-01
1.783333333333333215e+01,-7.931639494040516603e-01
1.785416666666666430e+01,-9.688965690118980789e-02
1.787500000000000000e+01,5.890997990742949941e-01
1.789583333333333215e+01,-6.311693787383831911e-02
1.791666666666666430e+01,-6.755574492135387743e-01
1.793750000000000000e+01,-1.491117781721543190e-02
1.795833333333333215e+01,6.723862219474143753e-01
1.797916666666666430e+01,-1.127004155708172251e-02
1.800000000000000000e+01,-6.268632552866215679e-01
1.802083333333333215e+01,8.608337710300784096e-04
1.804166666666666430e+01,4.831013530074498852e-01
1.806250000000000000e+01,-2.156182258013363273e-01
1.808333333333333215e+01,-8.644668113596211123e-01
1.810416666666666430e+01,-2.464799436701840540e-01
1.812500000000000000e+01,3.681542334053106158e-01
1.814583333333333215e+01,-2.883115160178927883e-01
1.816666666666666430e+01,-3.389130440471755379e-01
1.818750000000000000e+01,3.120606667212313390e-01
1.820833333333333215e+01,3.129034726813375578e-01
1.822916666666666430e+01,-3.418485830133389802e-01
1.825000000000000000e+01,-6.442045789036556780e-01
1.827083333333333215e+01,-2.986868681457176267e-02
1.829166666666666430e+01,6.127968324620455265e-01
1.831250000000000000e+01,-6.969100560018234858e-02
1.833333333333333215e+01,-7.235889588781044823e-01
1.835416666666666430e+01,-1.233923004073847890e-01
1.837500000000000000e+01,5.177872688565221537e-01
1.839583333333333215e+01,1.010839075333817144e-01
1.841666666666666430e+01,-2.894827756432403199e-01
1.843750000000000000e+01,3.281739544559135746e-01
1.845833333333333215e+01,1.012646426505906305e+00
1.847916666666666430e+01,3.741997585325311237e-01
1.850000000000000000e+01,-2.307265583985888546e-01
1.852083333333333215e+01,9.323424611134940865e-02
1.854166666666666430e+01,6.419724272771303308e-01
1.856250000000000000e+01,3.503528017886635426e-02
1.858333333333333215e+01,-5.924656537026662395e-01
1.860416666666666430e+01,8.822357979865103061e-02
1.862500000000000000e+01,7.240643102282054988e-01
1.864583333333333215e+01,1.224442291151878054e-01
1.866666666666666430e+01,-5.473884755914522060e-01
1.868750000000000000e+01,1.101744218102054806e-01
1.870833333333333215e+01,3.950799984865220327e-01
1.872916666666666430e+01,-2.391627865737951664e-01
1.875000000000000000e+01,-9.197495383792215762e-01
1.877083333333333215e+01,-2.954158960479549845e-01
1.879166666666666430e+01,3.055741048062641796e-01
1.881250000000000000e+01,-6.268378111622993631e-03
1.883333333333333215e+01,-5.514892715457485606e-01
1.885416666666666430e+01,4.483106741803788431e-02
1.887500000000000000e+01,6.992599344903507319e-01
1.889583333333333215e+01,2.482831289412723574e-02
1.891666666666666430e+01,-6.696919234816542943e-01
1.893750000000000000e+01,-5.923433752177498235e-02
1.895833333333333215e+01,5.660431265001318879e-01
1.897916666666666430e+01,-8.612653984512452787e-02
1.900000000000000000e+01,-6.231208723384337178e-01
1.902083333333333215e+01,2.819382958000843376e-02
1.904166666666666430e+01,6.480166140302844324e-01
1.906250000000000000e+01,-8.191574243191779292e-04
1.908333333333333215e+01,-6.775084832808553337e-01
1.910416666666666430e+01,-4.934874170529796045e-02
1.912500000000000000e+01,6.028371744262999155e-01
1.914583333333333215e+01,-2.834631664674916451e-02
1.916666666666666430e+01,-2.373843084347510290e-01
1.918750000000000000e+01,3.887655223679405969e-01
1.920833333333333215e+01,6.286367148315173958e-01
1.922916666666666430e+01,-5.827524415105050926e-02
1.925000000000000000e+01,-5.544526426818194853e-01
1.927083333333333215e+01,1.023536740760479791e-01
1.929166666666666430e+01,8.105623537623697361e-01
1.931250000000000000e+01,1.520212332910114705e-01
1.933333333333333215e+01,-4.644473148456028655e-01
1.935416666666666430e+01,1.996068242081046606e-01
1.937500000000000000e+01,6.286851227071875714e-01
1.939583333333333215e+01,1.223841821625773485e-02
1.941666666666666430e+01,-6.404358266985252790e-01
1.943750000000000000e+01,4.328872531937097423e-02
1.945833333333333215e+01,6.953524211998673987e-01
1.947916666666666430e+01,8.030350452841243658e-02
1.950000000000000000e+01,-6.240421943675144023e-01
1.952083333333333215e+01,5.437229990515834999e-02
1.954166666666666430e+01,6.849742304884178790e-01
1.956250000000000000e+01,2.019593090607649244e-02
1.958333333333333215e+01,-6.944599395051345159e-01
1.960416666666666430e+01,-4.880846661771581774e-02
1.962500000000000000e+01,5.878576132070939542e-01
1.964583333333333215e+01,-1.196154621637427473e-01
1.966666666666666430e+01,-7.979185007660337670e-01
1.968750000000000000e+01,-1.741476480050441755e-01
1.970833333333333215e+01,4.930834601726567512e-01
1.972916666666666430e+01,-1.852342807727349050e-01
1.975000000000000000e+01,-8.380672367451981186e-01
1.977083333333333215e+01,-2.069686415499189525e-01
1.979166666666666430e+01,5.086653887614334124e-01
1.981250000000000000e+01,-1.677670125064361084e-01
1.983333333333333215e+01,-4.541517093815921613e-01
1.985416666666666430e+01,2.135363915103202781e-01
1.987500000000000000e+01,7.682072189502550108e-01
1.989583333333333215e+01,1.244950187770768046e-01
1.991666666666666430e+01,-5.180578843135563716e-01
1.993750000000000000e+01,1.874376609137390071e-01
1.995833333333333215e+01,4.988234725358493549e-01
1.997916666666666430e+01,-1.272704409666021441e-01
2.000000000000000000e+01,-7.777721294546302566e-01
2.002083333333333215e+01,-7.028061335608304372e-02
2.004166666666666430e+01,5.903807245139930382e-01
2.006250000000000000e+01,-5.457337570039791363e-02
2.008333333333333215e+01,-6.524469716499732286e-01
2.010416666666666430e+01,3.048197900791960180e-02
2.012500000000000000e+01,7.075096792667656675e-01
2.014583333333333215e+01,3.655304111274770840e-02
2.016666666666666430e+01,-5.671150727637415123e-01
2.018750000000000000e+01,7.421029884188592995e-02
2.020833333333333215e+01,7.343538174837436205e-01
2.022916666666666430e+01,3.452816536006719783e-02
2.025000000000000000e+01,-3.475186376235498975e-01
2.027083333333333215e+01,2.686952378111829298e-01
2.029166666666666430e+01,9.094233021392561511e-01
2.031250000000000000e+01,2.259714393050552272e-01
2.033333333333333215e+01,-4.542044241426535511e-01
2.035416666666666430e+01,1.853748154980811580e-01
2.037500000000000000e+01,4.687548339367180739e-01
2.039583333333333215e+01,-2.083842537904808945e-01
2.041666666666666430e+01,-8.874896478675844413e-01
2.043750000000000000e+01,-2.130116224657245261e-01
2.045833333333333215e+01,3.855867951723286335e-01
2.047916666666666430e+01,-2.502412682920569509e-01
2.050000000000000000e+01,-6.676447529315504559e-01
2.052083333333333215e+01,2.804610084520714475e-02
2.054166666666666430e+01,6.503349381375319593e-01
2.056250000000000000e+01,2.872651155547360780e-02
2.058333333333333215e+01,-6.087968676884454311e-01
2.060416666666666430e+01,9.745290157067090786e-02
2.062500000000000000e+01,5.750604668812481224e-01
2.064583333333333215e+01,-5.041350774180747285e-02
2.066666666666666430e+01,-6.561093992798824326e-01
2.068750000000000000e+01,2.270753659798907531e-02
2.070833333333333215e+01,6.220793940984784554e-01
2.072916666666666430e+01,-4.661585140797042115e-02
2.075000000000000000e+01,-6.486762649838084815e-01
2.077083333333333215e+01,-1.006606865024822772e-03
2.079166666666666430e+01,4.464388521361336015e-01
2.081250000000000000e+01,-2.617008552051396375e-01
2.083333333333333215e+01,-8.907841339603159714e-01
2.085416666666666430e+01,-2.715786276000204946e-01
2.087500000000000000e+01,3.666757917019902724e-01
2.089583333333333215e+01,-3.079935192884685757e-01
2.091666666666666430e+01,-9.997457467300563394e-01
2.093750000000000000e+01,-3.440028268446108095e-01
2.095833333333333215e+01,2.657388234747866673e-01
2.097916666666666430e+01,4.274274338385448679e-01
2.100000000000000000e+01,-2.522538608950212202e-01
2.102083333333333215e+01,3.701379525152407451e-02
2.104166666666666430e+01,6.275287269624794106e-01
2.106250000000000000e+01,-2.115251634616999166e-02
2.108333333333333215e+01,-6.409269083990197791e-01
2.110416666666666430e+01,-4.964767898956701231e-02
2.112500000000000000e+01,5.636161285011818123e-01
2.114583333333333215e+01,1.822549559352922288e-01
2.116666666666666430e+01,-3.094905798947408804e-01
2.118750000000000000e+01,2.809509378317327499e-01
2.120833333333333215e+01,9.393163408648279589e-01
2.122916666666666430e+01,2.800968553041141007e-01
2.125000000000000000e+01,-3.309639719458173923e-01
2.127083333333333215e+01,2.981885946513020968e-01
2.129166666666666430e+01,7.681975471045121573e-01
2.131250000000000000e+01,1.387717214726865433e-01
2.133333333333333215e+01,-4.641364060564113214e-01
2.135416666666666430e+01,2.123210733662580230e-01
2.137500000000000000e+01,4.586802860066141463e-01
2.139583333333333215e+01,-1.423087464392893686e-01
2.141666666666666430e+01,-7.714502286247598706e-01
2.143750000000000000e+01,-9.911597860218382405e-02
2.145833333333333215e+01,5.349265069245453530e-01
2.147916666666666430e+01,-6.053018225346407100e-02
2.150000000000000000e+01,-7.496445607857191717e-01
2.152083333333333215e+01,-1.047835975987250201e-01
2.154166666666666430e+01,5.257879228684042561e-01
2.156250000000000000e+01,-1.156238243188790205e-01
2.158333333333333215e+01,-8.073880475877579510e-01
2.160416666666666430e+01,-1.888667925439344863e-01
2.162500000000000000e+01,4.258602418526977740e-01
2.164583333333333215e+01,-1.545372807356740763e-01
2.166666666666666430e+01,-8.039849669372747254e-01
2.168750000000000000e+01,-1.251945495804938080e+00
2.170833333333333215e+01,-6.054340435140280752e-01
2.172916666666666430e+01,2.404028229527457872e-02
2.175000000000000000e+01,2.093574046651361723e-02
2.177083333333333215e+01,-6.589147584657859547e-01
2.179166666666666430e+01,-3.484732427973841196e-03
2.181250000000000000e+01,6.718248812159298700e-01
2.183333333333333215e+01,2.333427405384266851e-02
2.185416666666666430e+01,-6.090658953916952001e-01
2.187500000000000000e+01,4.570369426063319862e-02
2.189583333333333215e+01,7.240629193591159307e-01
2.191666666666666430e+01,2.229979488553912592e-01
2.193750000000000000e+01,-1.379417434375221352e-01
2.195833333333333215e+01,5.661008831806813024e-01
2.197916666666666430e+01,1.072872350503452754e+00
2.200000000000000000e+01,4.496544402764561799e-01
2.202083333333333215e+01,-2.166682474589766705e-01
2.204166666666666430e+01,4.801876574555503652e-01
2.206250000000000000e+01,7.383370211818713891e-01
2.208333333333333215e+01,1.088000678292564971e-01
2.210416666666666430e+01,-5.863475769492039191e-01
2.212500000000000000e+01,9.077155716795182183e-02
2.214583333333333215e+01,7.199043005323810807e-01
2.216666666666666430e+01,5.257844165643638101e-02
2.218750000000000000e+01,-6.591673406930563806e-01
2.220833333333333215e+01,-1.444667933965890216e-02
2.222916666666666430e+01,6.070719858045270367e-01
2.225000000000000000e+01,8.407258108376974848e-01
2.227083333333333215e+01,1.785251947108491000e-01
2.229166666666666430e+01,-4.990461049147153494e-01
2.231250000000000000e+01,1.629618372274697080e-01
2.233333333333333215e+01,7.594907917805928665e-01
2.235416666666666430e+01,1.223659366180279429e-01
2.237500000000000000e+01,-5.381266899489938194e-01
2.239583333333333215e+01,1.629905212419510419e-01
2.241666666666666430e+01,5.613619060450141252e-01
2.243750000000000000e+01,-5.322093064407953933e-02
2.245833333333333215e+01,-6.977655056271070411e-01
2.247916666666666430e+01,-3.099224186118576529e-03
2.250000000000000000e+01,3.809043296398780809e-01
2.252083333333333215e+01,-2.358827100905694363e-01
2.254166666666666430e+01,-8.822734670182695860e-01
2.256250000000000000e+01,-1.802748744604869002e-01
2.258333333333333215e+01,4.493958631968320017e-01
2.260416666666666430e+01,-1.699970407120035831e-01
2.262500000000000000e+01,-8.053658804112402425e-01
2.264583333333333215e+01,-1.054282327431296240e-01
2.266666666666666430e+01,5.616114170994801480e-01
2.268750000000000000e+01,-7.049933619064843726e-02
2.270833333333333215e+01,-6.772029786864145473e-01
2.272916666666666430e+01,-1.021457825048394108e-03
2.275000000000000000e+01,2.579454945726541437e-01
2.277083333333333215e+01,-4.131908432929514707e-01
2.279166666666666430e+01,-7.802432861418038268e-01
2.281250000000000000e+01,-1.437449371768529383e-01
2.283333333333333215e+01,5.175590065837681886e-01
2.285416666666666430e+01,-1.868954302045046090e-01
2.287500000000000000e+01,-8.127570718156805762e-01
2.289583333333333215e+01,-1.959969074933591293e-01
2.291666666666666430e+01,4.454181775516026232e-01
2.293750000000000000e+01,6.762521065352046501e-02
2.295833333333333215e+01,7.426589739641550336e-01
2.297916666666666430e+01,6.918367377396893447e-01
2.300000000000000000e+01,-1.079795873207206602e-02
2.302083333333333215e+01,3.659710290385642661e-01
2.304166666666666430e+01,8.077251445662405605e-01
2.306250000000000000e+01,1.444168993478219254e-01
2.308333333333333215e+01,-5.475468438070256738e-01
2.310416666666666430e+01,1.106860834196408683e-01
2.312500000000000000e+01,7.281101999824859394e-01
2.314583333333333215e+01,2.893373590508521720e-02
2.316666666666666430e+01,-6.482875531529348478e-01
2.318750000000000000e+01,-2.694570838505096211e-02
2.320833333333333215e+01,6.287832237651611589e-01
2.322916666666666430e+01,-7.204780245669964445e-02
2.325000000000000000e+01,-7.326012722914159170e-01
2.327083333333333215e+01,-1.091545476971048506e-01
2.329166666666666430e+01,5.946106007047600173e-01
2.331250000000000000e+01,-9.638667572962741903e-02
2.333333333333333215e+01,-7.246046135457643311e-01
2.335416666666666430e+01,-6.867916961451547841e-02
2.337500000000000000e+01,6.374635178365593013e-01
2.339583333333333215e+01,-3.910037946200345393e-02
2.341666666666666430e+01,-6.566780204907061158e-01
2.343750000000000000e+01,1.769539858148233558e-02
2.345833333333333215e+01,4.253605565548185807e-01
2.347916666666666430e+01,-2.017348320438493992e-01
2.350000000000000000e+01,-8.423783219860067062e-01
2.352083333333333215e+01,-1.417070191157811521e-01
2.354166666666666430e+01,5.105181434571497423e-01
2.356250000000000000e+01,-1.117266369043548174e-01
2.358333333333333215e+01,-7.592843787040570724e-01
2.360416666666666430e+01,-5.437578123259953489e-02
2.362500000000000000e+01,6.092965831566629076e-01
2.364583333333333215e+01,-2.924162370471758421e-02
2.366666666666666430e+01,-6.263319950093758637e-01
2.368750000000000000e+01,-1.226381013713554236e+00
2.370833333333333215e+01,-5.728626766917352953e-01
2.372916666666666430e+01,6.742640243013733881e-02
2.375000000000000000e+01,-5.172128703945990669e-01
2.377083333333333215e+01,-8.892715962326976920e-01
2.379166666666666430e+01,-2.385727819369826697e-01
2.381250000000000000e+01,3.636300262051825327e-01
2.383333333333333215e+01,-7.026752624440008033e-02
2.385416666666666430e+01,-2.183481587967927018e-01
2.387500000000000000e+01,4.451530848760412162e-01
2.389583333333333215e+01,6.838539841781379192e-01
2.391666666666666430e+01,8.016338487154574255e-02
2.393750000000000000e+01,-2.399847437365885128e-01
2.395833333333333215e+01,4.331498465625452932e-01
2.397916666666666430e+01,1.033646171626539267e+00
2.400000000000000000e+01,4.294178829424774024e-01
2.402083333333333215e+01,-2.507191586490397084e-01
2.404166666666666430e+01,4.227954394334294541e-01
2.406250000000000000e+01,1.020856899436180854e+00
2.408333333333333215e+01,4.155283653847092196e-01
2.410416666666666430e+01,-2.691522927034415424e-01
2.412500000000000000e+01,2.741135493907913556e-01
2.414583333333333215e+01,4.898350328317180313e-01
2.416666666666666430e+01,-1.168123119136748184e-01
2.418750000000000000e+01,-5.991526514850725738e-01
2.420833333333333215e+01,7.552489452281427318e-02
2.422916666666666430e+01,7.047817500381952094e-01
2.425000000000000000e+01,9.340948694413252207e-02
2.427083333333333215e+01,-5.957902810133525184e-01
2.429166666666666430e+01,8.516465230197234337e-02
2.431250000000000000e+01,6.923451824018339584e-01
2.433333333333333215e+01,7.992464464118106959e-02
2.435416666666666430e+01,-6.033011107176831089e-01
2.437500000000000000e+01,7.597359080705845535e-02
2.439583333333333215e+01,6.786574653523693712e-01
2.441666666666666430e+01,5.955402806027819407e-02
2.443750000000000000e+01,-6.176767339044409999e-01
2.445833333333333215e+01,7.398948788409723254e-02
2.447916666666666430e+01,4.081163696230014626e-01
2.450000000000000000e+01,-2.147039735473628974e-01
2.452083333333333215e+01,-8.889629637623340797e-01
2.454166666666666430e+01,-1.956519097059999657e-01
2.456250000000000000e+01,4.004203491175268859e-01
2.458333333333333215e+01,-2.278191891309191974e-01
2.460416666666666430e+01,-8.110290701836787575e-01
2.462500000000000000e+01,-1.100041269494511642e-01
2.464583333333333215e+01,4.938077525855585348e-01
2.466666666666666430e+01,-1.270720818221792170e-01
2.468750000000000000e+01,-6.877663611271720434e-01
2.470833333333333215e+01,-4.661186369065761781e-03
2.472916666666666430e+01,6.456754983300208028e-01
2.475000000000000000e+01,3.586468211537198469e-02
2.477083333333333215e+01,-6.361153038565730000e-01
2.479166666666666430e+01,5.087069705810637332e-02
2.481250000000000000e+01,6.837335771580294042e-01
2.483333333333333215e+01,7.179578206003413288e-02
2.485416666666666430e+01,-6.298131856352370272e-01
2.487500000000000000e+01,5.350948037750538622e-02
2.489583333333333215e+01,6.758142191990625935e-01
2.491666666666666430e+01,5.988122238396695329e-02
2.493750000000000000e+01,-6.415589975226110298e-01
2.495833333333333215e+01,4.860950208734873823e-02
2.497916666666666430e+01,6.711209862642453228e-01
2.500000000000000000e+01,5.128380265624957191e-02
2.502083333333333215e+01,-5.095911147678270359e-01
2.504166666666666430e+01,-1.116689533018918157e+00
2.506250000000000000e+01,-4.953425069249186574e-01
2.508333333333333215e+01,1.359105223247340788e-01
2.510416666666666430e+01,-6.527583884837560857e-02
2.512500000000000000e+01,-6.784662092459349259e-01
2.514583333333333215e+01,-3.014581329087831496e-02
2.516666666666666430e+01,6.186048743580767617e-01
2.518750000000000000e+01,-1.187700990887797514e-01
2.520833333333333215e+01,-4.781950178152958308e-01
2.522916666666666430e+01,1.838312110133470956e-01
2.525000000000000000e+01,8.642892427677667522e-01
2.527083333333333215e+01,1.256913436526091721e-01
2.529166666666666430e+01,-5.608384918314825995e-01
2.531250000000000000e+01,9.095517728116805922e-02
2.533333333333333215e+01,7.657479708866634649e-01
2.535416666666666430e+01,4.081955144781654332e-02
2.537500000000000000e+01,-3.441327941109290078e-02
2.539583333333333215e+01,6.126843646928856746e-01
2.541666666666666430e+01,5.287883087979244889e-01
2.543750000000000000e+01,-1.903004182416435097e-01
2.545833333333333215e+01,4.189735113906166708e-01
2.547916666666666430e+01,5.799856505370376558e-01
2.550000000000000000e+01,-5.291348354929284459e-02
2.552083333333333215e+01,-6.848415225677161322e-01
2.554166666666666430e+01,-2.050144342449683466e-03
2.556250000000000000e+01,6.872137407795968489e-01
2.558333333333333215e+01,5.961106197546878205e-02
2.560416666666666430e+01,-5.486294757404300837e-01
2.562500000000000000e+01,1.561717170105318964e-01
2.564583333333333215e+01,4.203044285875124353e-01
2.566666666666666430e+01,-1.955527467636500871e-01
2.568750000000000000e+01,-8.069893431679959761e-01
2.570833333333333215e+01,-1.099005148533248322e-01
2.572916666666666430e+01,5.826006477896850111e-01
2.575000000000000000e+01,-2.553213345021553005e-02
2.577083333333333215e+01,-6.478513127600804555e-01
2.579166666666666430e+01,8.276735745175400893e-03
2.581250000000000000e+01,7.000565800452011045e-01
2.583333333333333215e+01,7.740314981081035384e-02
2.585416666666666430e+01,-5.307450472284013232e-01
2.587500000000000000e+01,1.703879686335552091e-01
2.589583333333333215e+01,4.451343232140755890e-01
2.591666666666666430e+01,-1.727590853137568327e-01
2.593750000000000000e+01,-7.779610740378244405e-01
2.595833333333333215e+01,-7.419576364903790466e-02
2.597916666666666430e+01,6.081757872083943806e-01
2.600000000000000000e+01,-1.140059899561667034e-02
2.602083333333333215e+01,-6.154257234944764399e-01
2.604166666666666430e+01,8.918648284766314549e-02
2.606250000000000000e+01,7.702117042740072028e-01
2.608333333333333215e+01,1.492702559481760560e-01
2.610416666666666430e+01,-4.540303165083727777e-01
2.612500000000000000e+01,1.934014953696063521e-01
2.614583333333333215e+01,2.875611495081308311e-01
2.616666666666666430e+01,-3.331685800261884323e-01
2.618750000000000000e+01,-3.147582176076124116e-01
2.620833333333333215e+01,3.853851809706559939e-01
2.622916666666666430e+01,-2.242727604786484141e-01
2.625000000000000000e+01,-5.183333786227948270e-01
2.627083333333333215e+01,1.802174399630203372e-01
2.629166666666666430e+01,6.682576998105352883e-01
2.631250000000000000e+01,4.595960040266053315e-02
2.633333333333333215e+01,-5.753830611793088190e-01
2.635416666666666430e+01,1.321658058417423121e-01
2.637500000000000000e+01,6.923629428949098497e-01
2.639583333333333215e+01,6.135334698878447401e-02
2.641666666666666430e+01,-5.675967666351051655e-01
2.643750000000000000e+01,1.444802937157982359e-01
2.645833333333333215e+01,3.734374061509712073e-01
2.647916666666666430e+01,-2.570966875406361929e-01
2.650000000000000000e+01,-7.794424999754361316e-01
2.652083333333333215e+01,-7.135967607528365120e-02
2.654166666666666430e+01,6.175057903074752108e-01
2.656250000000000000e+01,-9.070935293065185423e-03
2.658333333333333215e+01,-6.338976965375261452e-01
2.660416666666666430e+01,7.452443439191339114e-02
2.662500000000000000e+01,7.793410552937407587e-01
2.664583333333333215e+01,1.522924018884500297e-01
2.666666666666666430e+01,-4.709879553039521549e-01
2.668750000000000000e+01,7.897112850135987183e-02
2.670833333333333215e+01,3.555639248235827887e-01
2.672916666666666430e+01,-2.715885453575291320e-01
2.675000000000000000e+01,-6.401093479495573169e-01
2.677083333333333215e+01,7.287894004888426092e-02
2.679166666666666430e+01,7.795663077296057786e-01
2.681250000000000000e+01,1.486526203910236710e-01
2.683333333333333215e+01,-4.795880896589209685e-01
2.685416666666666430e+01,3.249308570883692460e-02
2.687500000000000000e+01,3.703282320357330071e-01
2.689583333333333215e+01,-2.635223339905807260e-01
2.691666666666666430e+01,-7.619460750296398466e-01
2.693750000000000000e+01,-4.646718184425030485e-02
2.695833333333333215e+01,5.531762304236760297e-01
2.697916666666666430e+01,-8.942414931422104640e-02
2.700000000000000000e+01,-7.643724547708322659e-01
2.702083333333333215e+01,-4.057402899261350337e-02
2.704166666666666430e+01,5.657637303113780547e-01
2.706250000000000000e+01,-7.596630744432295024e-02
2.708333333333333215e+01,-6.754039479198958862e-01
2.710416666666666430e+01,5.110101866428090611e-02
2.712500000000000000e+01,6.571098209072439023e-01
2.714583333333333215e+01,2.056836355023741736e-02
2.716666666666666430e+01,-6.004369803842676268e-01
2.718750000000000000e+01,6.560035984199080739e-02
2.720833333333333215e+01,6.616782308547540792e-01
2.722916666666666430e+01,9.690818885275204186e-03
2.725000000000000000e+01,-4.566745969141448591e-01
2.727083333333333215e+01,1.529442410509608830e-01
2.729166666666666430e+01,7.712477059277684788e-01
2.731250000000000000e+01,9.101753138183082958e-02
2.733333333333333215e+01,-5.874686697700114424e-01
2.735416666666666430e+01,1.167074964277797777e-02
2.737500000000000000e+01,6.069128281355974375e-01
2.739583333333333215e+01,-5.323109941187978422e-02
2.741666666666666430e+01,-4.471692527360314195e-01
2.743750000000000000e+01,1.496706961710846384e-01
2.745833333333333215e+01,7.450462503680047588e-01
2.747916666666666430e+01,6.709627303325246817e-02
2.750000000000000000e+01,-6.101434436549425522e-01
2.752083333333333215e+01,-8.309862286857747082e-03
2.754166666666666430e+01,5.907746696139490883e-01
2.756250000000000000e+01,-8.698148052877782699e-02
2.758333333333333215e+01,-7.506898344007514323e-01
2.760416666666666430e+01,-1.472988127967422289e-01
2.762500000000000000e+01,4.552719205890094489e-01
2.764583333333333215e+01,-1.111627428258691042e-01
2.766666666666666430e+01,-3.527014220526215049e-01
2.768750000000000000e+01,2.609176814390149479e-01
2.770833333333333215e+01,6.006649745224453829e-01
2.772916666666666430e+01,-9.363653463244522857e-02
2.775000000000000000e+01,-7.897763638557731003e-01
2.777083333333333215e+01,-1.729082112848926989e-01
2.779166666666666430e+01,4.415768224718101820e-01
2.781250000000000000e+01,2.974392078770414505e-02
2.783333333333333215e+01,-4.742799586388807276e-01
2.785416666666666430e+01,1.381273218208385334e-01
2.787500000000000000e+01,7.504979591980808218e-01
2.789583333333333215e+01,7.345239795614896816e-02
2.791666666666666430e+01,-5.980632076382819129e-01
2.793750000000000000e+01,-8.385127793225102821e-03
2.795833333333333215e+01,5.768761374731321556e-01
2.797916666666666430e+01,-4.811963171923577809e-02
2.800000000000000000e+01,-7.077016809796321528e-01
2.802083333333333215e+01,-1.212665643411660193e-01
2.804166666666666430e+01,4.641597861123090141e-01
2.806250000000000000e+01,-2.046689348868577785e-01
2.808333333333333215e+01,-5.194749629875841102e-01
2.810416666666666430e+01,7.413072290961374156e-02
2.812500000000000000e+01,6.652599542393011767e-01
2.814583333333333215e+01,-6.900597545488884599e-03
2.816666666666666430e+01,-6.546504526118984701e-01
2.818750000000000000e+01,-5.504725887250305760e-02
2.820833333333333215e+01,5.449634071873881158e-01
2.822916666666666430e+01,-1.438416545975143013e-01
2.825000000000000000e+01,-4.624428914488024067e-01
2.827083333333333215e+01,1.555471456463625723e-01
2.829166666666666430e+01,7.716752373159175837e-01
2.831250000000000000e+01,6.881575962911268274e-02
2.833333333333333215e+01,-6.361652120417058409e-01
2.835416666666666430e+01,-9.889192679466890512e-03
2.837500000000000000e+01,6.144479112848670876e-01
2.839583333333333215e+01,-9.297042543252018176e-02
2.841666666666666430e+01,-7.791702366729607032e-01
2.843750000000000000e+01,-1.518321696370157625e-01
2.845833333333333215e+01,4.723197262800811203e-01
2.847916666666666430e+01,1.425566757425437148e-01
2.850000000000000000e+01,-5.306578632569541876e-01
2.852083333333333215e+01,8.906051435342728084e-02
2.854166666666666430e+01,7.053142619941440428e-01
2.856250000000000000e+01,3.109153048818802390e-02
2.858333333333333215e+01,-6.698181612975421251e-01
2.860416666666666430e+01,-4.945103057888822207e-02
2.862500000000000000e+01,5.665551720988974971e-01
2.864583333333333215e+01,-4.654907951305066460e-02
2.866666666666666430e+01,-2.849715610275083133e-01
2.868750000000000000e+01,3.269088500459008673e-01
2.870833333333333215e+01,5.985613000821891072e-01
2.872916666666666430e+01,-8.924818022616573532e-02
2.875000000000000000e+01,-5.919689442872677620e-01
2.877083333333333215e+01,1.852326282733629537e-02
2.879166666666666430e+01,6.367728098370908363e-01
2.881250000000000000e+01,-5.785986944586274383e-02
2.883333333333333215e+01,-7.479204563016561558e-01
2.885416666666666430e+01,-1.344235118280256991e-01
2.887500000000000000e+01,4.765365824327876809e-01
2.889583333333333215e+01,3.265280917589881426e-02
2.891666666666666430e+01,-4.537470461329810578e-01
2.893750000000000000e+01,1.657580579043581581e-01
2.895833333333333215e+01,7.845625158163992419e-01
2.897916666666666430e+01,7.523591564846182633e-02
2.900000000000000000e+01,-6.373218318911606506e-01
2.902083333333333215e+01,-2.497614531249192638e-03
2.904166666666666430e+01,6.314962477404795216e-01
2.906250000000000000e+01,-8.964051142195256228e-02
2.908333333333333215e+01,-8.060296841169811710e-01
2.910416666666666430e+01,-1.635372979437753338e-01
2.912500000000000000e+01,4.758202974770766591e-01
2.914583333333333215e+01,-1.683694034894995251e-01
2.916666666666666430e+01,-3.524019516868356350e-01
2.918750000000000000e+01,2.859565773031870206e-01
2.920833333333333215e+01,4.581123780547171620e-01
2.922916666666666430e+01,-2.586496008329565166e-01
2.925000000000000000e+01,-2.541550713118786997e-01
2.927083333333333215e+01,3.831234964449441449e-01
2.929166666666666430e+01,2.560280165504698335e-02
2.931250000000000000e+01,-3.890853335688146952e-01
2.933333333333333215e+01,1.799927648064146846e-01
2.935416666666666430e+01,8.107718606324809674e-01
2.937500000000000000e+01,1.774186813726272294e-01
2.939583333333333215e+01,-4.536913157121001960e-01
2.941666666666666430e+01,1.010924756554255621e-01
2.943750000000000000e+01,5.371427712661803744e-01
2.945833333333333215e+01,-6.962514500948707719e-02
2.947916666666666430e+01,-7.028900267923057221e-01
2.950000000000000000e+01,-1.527371622304701804e-01
2.952083333333333215e+01,5.547961842097923757e-01
2.954166666666666430e+01,-7.010985122608393016e-02
2.956250000000000000e+01,-6.966442843851720079e-01
2.958333333333333215e+01,-1.335655341768433035e-01
2.960416666666666430e+01,5.656046606910892782e-01
2.962500000000000000e+01,-7.166955099977637134e-02
2.964583333333333215e+01,-7.029870860497845486e-01
2.966666666666666430e+01,-1.264755231382383160e-01
2.968750000000000000e+01,5.614636635657486163e-01
2.970833333333333215e+01,-9.166132298517529198e-02
2.972916666666666430e+01,-6.937607455024851211e-01
2.975000000000000000e+01,-9.641125988664704660e-02
2.977083333333333215e+01,5.723332422264694186e-01
2.979166666666666430e+01,-1.043844407011430830e-01
2.981250000000000000e+01,-6.876382555593740786e-01
2.983333333333333215e+01,-7.101823500911522147e-02
2.985416666666666430e+01,5.632854188944749207e-01
2.987500000000000000e+01,-1.263367165453088414e-01
2.989583333333333215e+01,-5.469863042395305408e-01
2.991666666666666430e+01,7.136732647187378487e-02
2.993750000000000000e+01,6.813301801171723904e-01
2.995833333333333215e+01,-1.392947625853221960e-02
2.997916666666666430e+01,-7.092017296506872848e-01
3.000000000000000000e+01,-1.055884643285491115e-01
3.002083333333333215e+01,5.119681176376981169e-01
3.004166666666666430e+01,1.732148095507561325e-01
3.006250000000000000e+01,-4.499934682344277626e-01
3.008333333333333215e+01,1.793228546509981758e-01
3.010416666666666430e+01,7.944708334810468564e-01
3.012500000000000000e+01,1.044598427468937107e-01
3.014583333333333215e+01,-5.933790180486313570e-01
3.016666666666666430e+01,1.297979035471572007e-02
3.018750000000000000e+01,6.324761503029604492e-01
3.020833333333333215e+01,-5.321243674145093028e-02
3.022916666666666430e+01,-5.213825567986588583e-01
3.025000000000000000e+01,8.049512345785071743e-02
3.027083333333333215e+01,7.048268284669176875e-01
3.029166666666666430e+01,2.411763115069562313e-02
3.031250000000000000e+01,-6.836808748752170040e-01
3.033333333333333215e+01,-8.712469986048812509e-02
3.035416666666666430e+01,5.431402103325181363e-01
3.037500000000000000e+01,-1.307103126980899976e-01
3.039583333333333215e+01,-2.688572464186871347e-01
3.041666666666666430e+01,3.209515860587841551e-01
3.043750000000000000e+01,4.483608043601167159e-01
3.045833333333333215e+01,-2.064081198945986184e-01
3.047916666666666430e+01,-2.850436367704889395e-01
3.050000000000000000e+01,3.245368087320991135e-01
3.052083333333333215e+01,1.466155203767571524e-01
3.054166666666666430e+01,-5.329336021864394812e-01
3.056250000000000000e+01,6.875809350302174161e-02
3.058333333333333215e+01,6.681423141598400450e-01
3.060416666666666430e+01,-1.106710970565041863e-02
3.062500000000000000e+01,-6.856970241419803047e-01
3.064583333333333215e+01,-8.404407802669192074e-02
3.066666666666666430e+01,5.150824956545911881e-01
3.068750000000000000e+01,-1.628310777012677013e-01
3.070833333333333215e+01,-8.023112358077921780e-01
3.072916666666666430e+01,-1.974413643508106109e-01
3.075000000000000000e+01,4.273571930346640180e-01
3.077083333333333215e+01,-7.641598475255872991e-02
3.079166666666666430e+01,-4.168101304570951404e-01
3.081250000000000000e+01,2.049650081718495942e-01
3.083333333333333215e+01,8.239792340863734132e-01
3.085416666666666430e+01,1.217733375519000072e-01
3.087500000000000000e+01,-5.743709123472960920e-01
3.089583333333333215e+01,4.954032326970110589e-02
3.091666666666666430e+01,6.698958697242085591e-01
3.093750000000000000e+01,-3.023494407370777570e-02
3.095833333333333215e+01,-7.309417298581475375e-01
3.097916666666666430e+01,-1.131775900226357073e-01
3.100000000000000000e+01,5.010810652984927227e-01
3.102083333333333215e+01,-1.894063694447150892e-01
3.104166666666666430e+01,-5.589010316239082510e-01
3.106250000000000000e+01,4.916192888723967813e-02
3.108333333333333215e+01,6.538736903996958949e-01
3.110416666666666430e+01,-2.929725966768254031e-02
3.112500000000000000e+01,-7.006217864300161580e-01
3.114583333333333215e+01,-9.717324591504451770e-02
3.116666666666666430e+01,5.043826758532521382e-01
3.118750000000000000e+01,-1.743581288312431588e-01
3.120833333333333215e+01,-1.960773141413747200e-01
3.122916666666666430e+01,4.085342988771032413e-01
3.125000000000000000e+01,1.381246681756398975e-01
3.127083333333333215e+01,-5.468368573767257157e-01
3.129166666666666430e+01,7.222766777803571459e-02
3.131250000000000000e+01,6.794287922959503234e-01
3.133333333333333215e+01,-2.135572288274192876e-02
3.135416666666666430e+01,-7.089926439545868320e-01
3.137500000000000000e+01,-9.298380984901849500e-02
3.139583333333333215e+01,5.177514782484096134e-01
3.141666666666666430e+01,-4.788469259317734705e-02
3.143750000000000000e+01,-3.017103215163391416e-01
3.145833333333333215e+01,3.099285900749736422e-01
3.147916666666666430e+01,6.318159572217690867e-01
3.150000000000000000e+01,-7.024252915562148591e-02
3.152083333333333215e+01,-7.730571364301257464e-01
3.154166666666666430e+01,-1.626050559367454018e-01
3.156250000000000000e+01,4.609252449172747679e-01
3.158333333333333215e+01,1.188970085413495192e-01
3.160416666666666430e+01,-5.601263494781514307e-01
3.162500000000000000e+01,4.063823020594700686e-02
3.164583333333333215e+01,6.678092408874541919e-01
3.166666666666666430e+01,-1.265462775091799608e-02
3.168750000000000000e+01,-7.216998800450755702e-01
3.170833333333333215e+01,-1.274748045413603148e-01
3.172916666666666430e+01,5.143443115928614251e-01
3.175000000000000000e+01,1.866079742588942214e-01
3.177083333333333215e+01,-5.200865162660148755e-01
3.179166666666666430e+01,7.957158401029976180e-02
3.181250000000000000e+01,6.969294106610764983e-01
3.183333333333333215e+01,3.531178776455201618e-03
3.185416666666666430e+01,-6.827736708263855148e-01
3.187500000000000000e+01,-3.515820096000490946e-02
3.189583333333333215e+01,5.719711858776708180e-01
3.191666666666666430e+01,-9.050991079914300075e-02
3.193750000000000000e+01,-3.073763235820325956e-01
3.195833333333333215e+01,3.620686055215232013e-01
3.197916666666666430e+01,5.414017005872480137e-01
3.200000000000000000e+01,-7.739551340541631075e-02
3.202083333333332860e+01,-6.405346813634994474e-01
3.204166666666666430e+01,4.996240985585495564e-02
3.206250000000000000e+01,6.583039442056459745e-01
3.208333333333332860e+01,3.425933599313581157e-02
3.210416666666666430e+01,-6.516793180481099679e-01
3.212500000000000000e+01,4.611233266689224175e-02
3.214583333333332860e+01,6.529541762618773504e-01
3.216666666666666430e+01,2.408903155192020085e-02
3.218750000000000000e+01,-6.609695281110988807e-01
3.220833333333332860e+01,3.695513589868468229e-02
3.222916666666666430e+01,6.222590709214057547e-01
3.225000000000000000e+01,2.729215436894888436e-03
3.227083333333332860e+01,-6.735724589280325247e-01
3.229166666666666430e+01,2.687458388019639544e-02
3.231250000000000000e+01,6.291046543490980136e-01
3.233333333333332860e+01,-6.008127894923914747e-03
3.235416666666666430e+01,-6.886772306347384021e-01
3.237500000000000000e+01,2.057610238496149213e-02
3.239583333333332860e+01,6.250133279530800667e-01
3.241666666666666430e+01,-1.569573476658417399e-02
3.243750000000000000e+01,-6.995188525492735954e-01
3.245833333333332860e+01,1.300453173970725351e-02
3.247916666666666430e+01,6.178031227398657066e-01
3.250000000000000000e+01,-2.672955248481126422e-02
3.252083333333332860e+01,-6.892518978623600745e-01
3.254166666666666430e+01,2.834385933324584661e-02
3.256250000000000000e+01,6.435228924739911927e-01
3.258333333333332860e+01,7.195138205841722367e-03
3.260416666666666430e+01,-6.982996791901739941e-01
3.262500000000000000e+01,-3.754439641480977752e-04
3.264583333333332860e+01,6.481441136488536037e-01
3.266666666666666430e+01,2.477510314224759536e-02
3.268750000000000000e+01,-6.743214166908046980e-01
3.270833333333332860e+01,2.638750846757975665e-02
3.272916666666666430e+01,6.576734180393979390e-01
3.275000000000000000e+01,3.072195354370936549e-02
3.277083333333332860e+01,-6.824512974759930906e-01
3.279166666666666430e+01,1.698195615840877859e-02
3.281250000000000000e+01,6.511763091760011113e-01
3.283333333333332860e+01,2.340204087423554402e-02
3.285416666666666430e+01,-6.929902200679580737e-01
3.287500000000000000e+01,7.598157228681096109e-03
3.289583333333332860e+01,6.449663270983829744e-01
3.291666666666666430e+01,1.663101823264215295e-02
3.293750000000000000e+01,-7.033403058674984054e-01
3.295833333333332860e+01,-2.199341946538424519e-03
3.297916666666666430e+01,6.386411111021628173e-01
3.300000000000000000e+01,6.780531742942019768e-04
3.302083333333332860e+01,-7.278428686105689049e-01
3.304166666666666430e+01,-2.073004398267919157e-02
3.306250000000000000e+01,6.262395645710125969e-01
3.308333333333332860e+01,-4.439251768268259735e-03
3.310416666666666430e+01,-7.345275002314136659e-01
3.312500000000000000e+01,-3.386970475581038698e-02
3.314583333333332860e+01,6.158028653264567831e-01
3.316666666666666430e+01,-1.343757185429220180e-02
3.318750000000000000e+01,-7.454187110237492364e-01
3.320833333333332860e+01,-4.240429312752858060e-02
3.322916666666666430e+01,6.093654227728588779e-01
3.325000000000000000e+01,-1.760246505339034540e-02
3.327083333333332860e+01,-7.533697201744498084e-01
3.329166666666666430e+01,-5.201349205521599295e-02
3.331250000000000000e+01,6.045182788155256670e-01
3.333333333333332860e+01,-2.179855709726201407e-02
3.335416666666666430e+01,-7.634992990517885936e-01
3.337500000000000000e+01,-6.752860883494174460e-02
3.339583333333332860e+01,5.958346202321246343e-01
3.341666666666666430e+01,-3.354386299048084386e-02
3.343750000000000000e+01,-5.666582907892018239e-01
3.345833333333332860e+01,1.498907218974131206e-01
3.347916666666666430e+01,7.946334168961572963e-01
3.350000000000000000e+01,1.476960228245151052e-01
3.352083333333332860e+01,-5.760963616591711078e-01
3.354166666666666430e+01,1.493802982368822307e-01
3.356250000000000000e+01,7.862562236425838513e-01
3.358333333333332860e+01,1.274720870319785704e-01
3.360416666666666430e+01,-5.836400292918130228e-01
3.362500000000000000e+01,1.547562840775087711e-01
3.364583333333332860e+01,7.847426388390067453e-01
3.366666666666666430e+01,1.162434512913323448e-01
3.368750000000000000e+01,-5.422641930340984517e-01
3.370833333333332860e+01,2.000830033556135756e-01
3.372916666666666430e+01,5.791631292567185341e-01
3.375000000000000000e+01,-8.275842394932220181e-02
3.377083333333332860e+01,-7.868236457985234855e-01
3.379166666666666430e+01,-5.882907810384607750e-02
3.381250000000000000e+01,5.779591775606643944e-01
3.383333333333332860e+01,-7.689516411326857703e-02
3.385416666666666430e+01,-7.978541575965324428e-01
3.387500000000000000e+01,-7.051074077415381280e-02
3.389583333333332860e+01,5.838611428642964674e-01
3.391666666666666430e+01,-6.669697692845019676e-02
3.393750000000000000e+01,-8.110793903703337193e-01
3.395833333333332860e+01,-8.847814683689472770e-02
3.397916666666666430e+01,5.793082043027839578e-01
3.400000000000000000e+01,-6.058817539573466138e-02
3.402083333333332860e+01,-7.209747375741777375e-01
3.404166666666666430e+01,-1.145113354191085175e-02
3.406250000000000000e+01,6.600036645053821704e-01
3.408333333333332860e+01,2.560869971946061474e-02
3.410416666666666430e+01,-6.502783134390570652e-01
3.412500000000000000e+01,6.992824910816394790e-02
3.414583333333332860e+01,7.276089154980269758e-01
3.416666666666666430e+01,8.423102929922632320e-02
3.418750000000000000e+01,-4.906688217307608735e-01
3.420833333333332860e+01,2.458012748840596728e-01
3.422916666666666430e+01,8.893523804538365773e-01
3.425000000000000000e+01,2.373773390158717689e-01
3.427083333333332860e+01,-3.302033600220142806e-01
3.429166666666666430e+01,-3.496397799431751746e-02
3.431250000000000000e+01,5.983094701481670441e-01
3.433333333333332860e+01,-5.977625000350234030e-02
3.435416666666666430e+01,-6.201525947924120263e-01
3.437500000000000000e+01,1.304844803147779675e-01
3.439583333333332860e+01,5.065565815439585506e-01
3.441666666666666430e+01,-1.576136268973756249e-01
3.443750000000000000e+01,-7.121486801603504890e-01
3.445833333333332860e+01,4.426192027246117489e-02
3.447916666666666430e+01,6.503515317228322212e-01
3.450000000000000000e+01,-1.870041496244709278e-02
3.452083333333332860e+01,-5.685066800624929417e-01
3.454166666666666430e+01,-7.355056960092373752e-02
3.456250000000000000e+01,3.017541904570045230e-01
3.458333333333332860e+01,-1.473207121789973373e-01
3.460416666666666430e+01,-5.719581563541659835e-02
3.462500000000000000e+01,4.833868022779356233e-01
3.464583333333332860e+01,-1.462834161414965084e-01
3.466666666666666430e+01,-6.172913755271194347e-01
3.468750000000000000e+01,2.205031607037627461e-02
3.470833333333332860e+01,5.472446711277637599e-01
3.472916666666666430e+01,-7.551078982689365948e-02
3.475000000000000000e+01,-6.674962083617219655e-01
3.477083333333332860e+01,3.917499353926923167e-02
3.479166666666666430e+01,5.631201355979024159e-01
3.481250000000000000e+01,-5.436177161224831078e-02
3.483333333333332860e+01,-6.625741065080527070e-01
3.485416666666666430e+01,4.615616176738929211e-02
3.487500000000000000e+01,6.817851583136745885e-01
3.489583333333332860e+01,4.838639315773263228e-02
3.491666666666666430e+01,-5.792266419681832978e-01
3.493750000000000000e+01,1.491947606909793944e-01
3.495833333333332860e+01,8.001267508378849813e-01
3.497916666666666430e+01,1.508323880824920249e-01
3.500000000000000000e+01,-4.971392681186904139e-01
3.502083333333332860e+01,-8.031024550984613986e-02
3.504166666666666430e+01,4.259382790093332871e-01
3.506250000000000000e+01,-2.355893757572758984e-01
3.508333333333332860e+01,-8.838738088552048344e-01
3.510416666666666430e+01,-1.295173577129695719e-01
3.512500000000000000e+01,5.983848771858512050e-01
3.514583333333332860e+01,-7.147380258814006737e-02
3.516666666666666430e+01,-7.392773596802965086e-01
3.518750000000000000e+01,1.083789177786669833e-01
3.520833333333332860e+01,3.157232942000641751e-01
3.522916666666666430e+01,-3.984852722685081616e-01
3.525000000000000000e+01,-7.916324362244745450e-01
3.527083333333332860e+01,-4.729276316185360152e-03
3.529166666666666430e+01,7.791270075801417505e-01
3.531250000000000000e+01,8.086076475790882068e-02
3.533333333333332860e+01,-6.068248255663818425e-01
3.535416666666666430e+01,1.758126611237993686e-01
3.537500000000000000e+01,5.203677006386302484e-01
3.539583333333332860e+01,-1.713068017540461396e-01
3.541666666666666430e+01,-8.589095664909836003e-01
3.543750000000000000e+01,-8.678215969683031328e-02
3.545833333333332860e+01,6.838368610666520908e-01
3.547916666666666430e+01,5.884400137197431935e-03
3.550000000000000000e+01,-6.678513256401960030e-01
3.552083333333332860e+01,3.029769523654429753e-02
3.554166666666666430e+01,7.747971140716305438e-01
3.556250000000000000e+01,1.047407193777241396e-01
3.558333333333332860e+01,-5.626795734619094436e-01
3.560416666666666430e+01,1.922264652311203859e-01
3.562500000000000000e+01,9.480383840540217433e-01
3.564583333333332860e+01,2.808702779217210344e-01
3.566666666666666430e+01,-3.834496025971361188e-01
3.568750000000000000e+01,2.833457753849605298e-01
3.570833333333332860e+01,3.967069331875777705e-01
3.572916666666666430e+01,-2.717898975440503073e-01
3.575000000000000000e+01,-4.668068124372405370e-01
3.577083333333332860e+01,6.953871370752040537e-02
3.579166666666666430e+01,2.232977351348846007e-01
3.581250000000000000e+01,-4.140168461541648415e-01
3.583333333333332860e+01,-9.910138290315179121e-02
3.585416666666666430e+01,4.822066163760381219e-01
3.587500000000000000e+01,-2.879436685107271410e-02
3.589583333333332860e+01,-6.834397359185464538e-01
3.591666666666666430e+01,-1.079243313590209780e-01
3.593750000000000000e+01,4.770499479143951449e-01
3.595833333333332860e+01,-3.681784626108670910e-02
3.597916666666666430e+01,-6.938491576517969994e-01
3.600000000000000000e+01,-1.163960999056149470e-01
3.602083333333332860e+01,5.264205489769027135e-01
3.604166666666666430e+01,7.241511909858125429e-03
3.606250000000000000e+01,-6.239679454769235800e-01
3.608333333333332860e+01,-2.991992760295143772e-02
3.610416666666666430e+01,5.388842569604626043e-01
3.612500000000000000e+01,4.930910941311901496e-02
3.614583333333332860e+01,-3.054501222640116365e-01
3.616666666666666430e+01,3.130721041579628272e-01
3.618750000000000000e+01,8.659541977809845914e-01
3.620833333333332860e+01,3.022369771867652322e-01
3.622916666666666430e+01,-3.267296015875363890e-01
3.625000000000000000e+01,3.001182397828722204e-01
3.627083333333332860e+01,2.561288296453191338e-01
3.629166666666666430e+01,-3.127475979242740900e-01
3.631250000000000000e+01,-1.264214554878816676e-01
3.633333333333332860e+01,5.050650979510626915e-01
3.635416666666666430e+01,-2.504893707336376951e-01
3.637500000000000000e+01,-8.128427377188232050e-01
3.639583333333332860e+01,-1.461123183016702076e-01
3.641666666666666430e+01,5.365285338517120639e-01
3.643750000000000000e+01,-2.398315653417071869e-01
3.645833333333332860e+01,-3.478133626157484115e-01
3.647916666666666430e+01,3.456867093968679638e-01
3.650000000000000000e+01,3.645611019818096321e-01
3.652083333333332860e+01,-4.167680104757832682e-01
3.654166666666666430e+01,1.132809743453411094e-01
3.656250000000000000e+01,6.013080669510963983e-01
3.658333333333332860e+01,-2.178872076828416993e-03
3.660416666666666430e+01,-7.782235174216034501e-01
3.662500000000000000e+01,-2.476649110175179191e-01
3.664583333333332860e+01,4.411316203617222653e-01
3.666666666666666430e+01,-8.785138838431924557e-02
3.668750000000000000e+01,-3.851909491028333021e-01
3.670833333333332860e+01,1.462896784564568509e-01
3.672916666666666430e+01,7.302861593455542977e-01
3.675000000000000000e+01,1.130468221701152187e-01
3.677083333333332860e+01,-6.560201365336671975e-01
3.679166666666666430e+01,-1.173702157568664306e-01
3.681250000000000000e+01,5.577592453791493377e-01
3.683333333333332860e+01,-6.274785624437943798e-02
3.685416666666666430e+01,-8.165247489007889659e-01
3.687500000000000000e+01,-2.617290010507387632e-01
3.689583333333332860e+01,3.997727528013097498e-01
3.691666666666666430e+01,1.089386715094733116e-01
3.693750000000000000e+01,-4.555281765045831044e-01
3.695833333333332860e+01,1.707866567253320533e-01
3.697916666666666430e+01,8.282442545621019336e-01
3.700000000000000000e+01,1.808887845273240425e-01
3.702083333333332860e+01,-5.677760050934270719e-01
3.704166666666666430e+01,-1.123860915995313070e-02
3.706250000000000000e+01,6.515634479030071313e-01
3.708333333333332860e+01,2.208324733878774815e-02
3.710416666666666430e+01,-7.276011082272164643e-01
3.712500000000000000e+01,-1.730946040305975653e-01
3.714583333333332860e+01,4.755713144898021105e-01
3.716666666666666430e+01,-1.522158767483354491e-01
3.718750000000000000e+01,-2.996118763338427859e-01
3.720833333333332860e+01,2.610743346629069150e-01
3.722916666666666430e+01,2.458467840883443722e-01
3.725000000000000000e+01,-3.958762514427717205e-01
3.727083333333332860e+01,1.775526838940447716e-01
3.729166666666666430e+01,7.265841901649425782e-01
3.731250000000000000e+01,8.248061644449600216e-02
3.733333333333332860e+01,-5.619460786573616806e-01
3.735416666666666430e+01,3.350444088913703822e-03
3.737500000000000000e+01,5.643355247451603551e-01
3.739583333333332860e+01,-7.368413185895442141e-02
3.741666666666666430e+01,-7.128209534371238165e-01
3.743750000000000000e+01,-1.575636159234138356e-01
3.745833333333332860e+01,3.949396224196940475e-01
3.747916666666666430e+01,-2.306792049225793451e-01
3.750000000000000000e+01,-5.330063273629059850e-01
3.752083333333332860e+01,2.111839717292048058e-02
3.754166666666666430e+01,5.726725334701706638e-01
3.756250000000000000e+01,-5.039209734985880540e-02
3.758333333333332860e+01,-6.704096790450760901e-01
3.760416666666666430e+01,-1.227464526791601923e-01
3.762500000000000000e+01,4.202933269191790888e-01
3.764583333333332860e+01,5.399564791670284636e-02
3.766666666666666430e+01,-3.660808028859872110e-01
3.768750000000000000e+01,1.765687083266338220e-01
3.770833333333332860e+01,7.321789009136305815e-01
3.772916666666666430e+01,1.118452142672956701e-01
3.775000000000000000e+01,-5.089004058915835849e-01
3.777083333333332860e+01,4.234508537529547978e-02
3.779166666666666430e+01,5.910641250335298968e-01
3.781250000000000000e+01,-3.114671548588476835e-02
3.783333333333332860e+01,-6.534951770735020204e-01
3.785416666666666430e+01,7.556444998637093513e-02
3.787500000000000000e+01,6.104031901757308587e-01
3.789583333333332860e+01,-1.326959859653926987e-02
3.791666666666666430e+01,-5.241465688090232167e-01
3.793750000000000000e+01,1.747650256813259861e-01
3.795833333333332860e+01,8.254845872879925661e-01
3.797916666666666430e+01,2.133593508850305243e-01
3.800000000000000000e+01,-3.962984226032132962e-01
3.802083333333332860e+01,1.197010915788633972e-01
3.804166666666666430e+01,3.102206999636548668e-01
3.806250000000000000e+01,-3.126567138383946620e-01
3.808333333333332860e+01,-4.461451669622845673e-01
3.810416666666666430e+01,1.858965222807039686e-01
3.812500000000000000e+01,2.024789761810681099e-01
3.814583333333332860e+01,-4.229576959461227581e-01
3.816666666666666430e+01,-2.192932372854620726e-01
3.818750000000000000e+01,4.444264292531796556e-01
3.820833333333332860e+01,-3.251158695811683375e-01
3.822916666666666430e+01,-6.957618965430406588e-01
3.825000000000000000e+01,-1.740788492196768122e-02
3.827083333333332860e+01,7.061439991135263217e-01
3.829166666666666430e+01,-4.564257248603828532e-02
3.831250000000000000e+01,-7.223370749040732841e-01
3.833333333333332860e+01,-5.382351173235994102e-02
3.835416666666666430e+01,7.173801081852185790e-01
3.837500000000000000e+01,-2.304642781429483422e-02
3.839583333333332860e+01,-6.949435658048466191e-01
3.841666666666666430e+01,-5.175767644348847063e-02
3.843750000000000000e+01,7.289389124028352596e-01
3.845833333333332860e+01,3.116452269847430623e-02
3.847916666666666430e+01,-6.515171905606711444e-01
3.850000000000000000e+01,7.389405927570202870e-03
3.852083333333332860e+01,7.536592814625466819e-01
3.854166666666666430e+01,1.616062620578248565e-02
3.856250000000000000e+01,-6.741184494877087152e-01
3.858333333333332860e+01,-9.842013604002275429e-03
3.860416666666666430e+01,7.638219702205354400e-01
3.862500000000000000e+01,1.463921304592913364e-02
3.864583333333332860e+01,-6.695757515920013336e-01
3.866666666666666430e+01,4.583714821437379072e-03
3.868750000000000000e+01,7.732382508681673317e-01
3.870833333333332860e+01,1.844957567583777047e-02
3.872916666666666430e+01,-6.604137325471776121e-01
3.875000000000000000e+01,2.289043894562223236e-02
3.877083333333332860e+01,6.466273595004968788e-01
3.879166666666666430e+01,-1.217710632330726850e-01
3.881250000000000000e+01,-7.934353357513149740e-01
3.883333333333332860e+01,-1.015598125066982660e-01
3.885416666666666430e+01,6.544485632249386065e-01
3.887500000000000000e+01,-1.184726769067237784e-01
3.889583333333332860e+01,-7.844611032790108629e-01
3.891666666666666430e+01,-8.385905708907781531e-02
3.893750000000000000e+01,5.831954209917324938e-01
3.895833333333332860e+01,-1.998280532423746536e-01
3.897916666666666430e+01,-8.315274085429724682e-01
3.900000000000000000e+01,-1.366686707254320399e-01
3.902083333333332860e+01,5.201468177832837547e-01
3.904166666666666430e+01,-3.657356112247533986e-02
3.906250000000000000e+01,-3.716798516884599612e-01
3.908333333333332860e+01,3.172869895520198380e-01
3.910416666666666430e+01,8.468505008976781046e-01
3.912500000000000000e+01,6.938939647616293449e-02
3.914583333333332860e+01,-5.341455289831424924e-01
3.916666666666666430e+01,1.454371121727129068e-01
3.918750000000000000e+01,6.841483472686797906e-01
3.920833333333332860e+01,3.427903919308735170e-01
3.922916666666666430e+01,-2.548821000938645831e-01
3.925000000000000000e+01,3.614817367322513686e-01
3.927083333333332860e+01,8.714809285009619266e-01
3.929166666666666430e+01,1.802927690899407687e-01
3.931250000000000000e+01,-3.934748079215403815e-01
3.933333333333332860e+01,2.364021365562644639e-01
3.935416666666666430e+01,5.913238017856973228e-01
3.937500000000000000e+01,2.403458883703078752e-02
3.939583333333332860e+01,-5.577762947939909344e-01
3.941666666666666430e+01,6.653053390514745979e-02
3.943750000000000000e+01,4.841513702504978700e-01
3.945833333333332860e+01,-9.490503206572617478e-02
3.947916666666666430e+01,-7.082355959102968335e-01
3.950000000000000000e+01,-7.522138754720747444e-02
3.952083333333332860e+01,3.591718422381394160e-01
3.954166666666666430e+01,-2.014905302068136783e-01
3.956250000000000000e+01,-8.633451599619360595e-01
3.958333333333332860e+01,-2.344743780622380869e-01
3.960416666666666430e+01,5.214423042126028474e-01
3.962500000000000000e+01,-2.675209736522017601e-02
3.964583333333332860e+01,-7.022284871238979598e-01
3.966666666666666430e+01,-8.733741417859613998e-02
3.968750000000000000e+01,1.565277300139023275e-01
3.970833333333332860e+01,-3.770224119654410622e-01
3.972916666666666430e+01,-6.804460879086561276e-01
3.975000000000000000e+01,-5.002487952752376899e-02
3.977083333333332860e+01,6.851417449246498537e-01
3.979166666666666430e+01,5.315837224665953542e-02
3.981250000000000000e+01,-6.358094302951062815e-01
3.983333333333332860e+01,-1.483558575922759304e-01
3.985416666666666430e+01,5.499118587113640544e-01
3.987500000000000000e+01,-1.106455816052185626e-01
3.989583333333332860e+01,-7.957784077765173159e-01
3.991666666666666430e+01,-1.357159160518823515e-01
3.993750000000000000e+01,6.375949024528229092e-01
3.995833333333332860e+01,-1.065918478244719803e-01
3.997916666666666430e+01,-7.908327352673178989e-01
4.000000000000000000e+01,-1.183856726014610727e-01
4.002083333333332860e+01,6.493142699906538917e-01
4.004166666666666430e+01,-1.080742384828449754e-01
4.006250000000000000e+01,-3.382148510167648503e-01
4.008333333333332860e+01,3.419353234644764150e-01
4.010416666666666430e+01,8.410461918981839702e-01
4.012500000000000000e+01,8.022679798484386171e-02
4.014583333333332860e+01,-5.964972860071009464e-01
4.016666666666666430e+01,8.836654303054120030e-02
4.018750000000000000e+01,8.499485187761659510e-01
4.020833333333332860e+01,8.128218122098904153e-02
4.022916666666666430e+01,-5.934355087090482650e-01
4.025000000000000000e+01,9.599544068329043944e-02
4.027083333333332860e+01,8.572067015585432825e-01
4.029166666666666430e+01,9.080197107782086996e-02
4.031250000000000000e+01,-5.830602751527684813e-01
4.033333333333332860e+01,1.105220246697386499e-01
4.035416666666666430e+01,8.578373953261382301e-01
4.037500000000000000e+01,8.137485136395744556e-02
4.039583333333332860e+01,-5.920455576257771524e-01
4.041666666666666430e+01,1.018283457732614139e-01
4.043750000000000000e+01,5.285423307843628571e-01
4.045833333333332860e+01,-2.462149605201280622e-01
4.047916666666666430e+01,-9.223167000938559124e-01
4.050000000000000000e+01,-2.271317677046717776e-01
4.052083333333332860e+01,5.361542547755322463e-01
4.054166666666666430e+01,-2.339338247716088171e-01
4.056250000000000000e+01,-7.153925939594126815e-01
4.058333333333332860e+01,-2.083123430310629409e-02
4.060416666666666430e+01,7.483715521138172289e-01
4.062500000000000000e+01,-5.520840822111666713e-02
4.064583333333332860e+01,-6.573522369746827021e-01
4.066666666666666430e+01,4.428401717848229335e-02
4.068750000000000000e+01,8.289560419946035985e-01
4.070833333333332860e+01,5.747687761897229963e-02
4.072916666666666430e+01,-6.179868423475027850e-01
4.075000000000000000e+01,7.026912586105005243e-02
4.077083333333332860e+01,8.493811897380811882e-01
4.079166666666666430e+01,7.458228933271573990e-02
4.081250000000000000e+01,-6.123652065282316759e-01
4.083333333333332860e+01,8.573048631393595520e-02
4.085416666666666430e+01,8.461866500566683769e-01
4.087500000000000000e+01,6.609685999394340761e-02
4.089583333333332860e+01,-6.149780649943299426e-01
4.091666666666666430e+01,9.146978757027751650e-02
4.093750000000000000e+01,8.038776255265425164e-01
4.095833333333332860e+01,1.289988946866202357e-02
4.097916666666666430e+01,-6.722532368133656844e-01
4.100000000000000000e+01,2.999783422022153645e-02
4.102083333333332860e+01,3.798989715150629665e-01
4.104166666666666430e+01,-3.974044723283647329e-01
4.106250000000000000e+01,-8.434328594244990818e-01
4.108333333333332860e+01,-1.495952755130732781e-01
4.110416666666666430e+01,6.423679297198630067e-01
4.112500000000000000e+01,-1.297920885342258301e-01
4.114583333333332860e+01,-8.073379076574449531e-01
4.116666666666666430e+01,-1.176574132372890102e-01
4.118750000000000000e+01,6.746156894264814241e-01
4.120833333333332860e+01,-1.007507898854736461e-01
4.122916666666666430e+01,-7.982570620565516695e-01
4.125000000000000000e+01,-9.567065260085666489e-02
4.127083333333332860e+01,6.583144627190313791e-01
4.129166666666666430e+01,-1.329871283275326499e-01
4.131250000000000000e+01,-6.859238141002380607e-01
4.133333333333332860e+01,2.351265463418966695e-02
4.135416666666666430e+01,8.044279713234172569e-01
4.137500000000000000e+01,2.642011065188074048e-02
4.139583333333332860e+01,-6.588947200924897274e-01
4.141666666666666430e+01,3.232500620850486950e-02
4.143750000000000000e+01,7.863423917306586741e-01
4.145833333333332860e+01,-4.068882733034351329e-03
4.147916666666666430e+01,-7.057911453421868986e-01
4.150000000000000000e+01,-6.817380240526027535e-03
4.152083333333332860e+01,7.945025511669310259e-01
4.154166666666666430e+01,2.097205336106752749e-02
4.156250000000000000e+01,-6.356452753291121915e-01
4.158333333333332860e+01,5.224552381883570962e-02
4.160416666666666430e+01,6.902367650517315933e-01
4.162500000000000000e+01,-8.725125484962362177e-02
4.164583333333332860e+01,-6.737766999184511274e-01
4.166666666666666430e+01,1.362849080399211599e-02
4.168750000000000000e+01,5.269133358545365908e-01
4.170833333333332860e+01,-2.653749792278635722e-01
4.172916666666666430e+01,-5.120680590096046148e-01
4.175000000000000000e+01,1.820921284003052532e-01
4.177083333333332860e+01,6.840306003097933463e-01
4.179166666666666430e+01,-1.185136689532986787e-01
4.181250000000000000e+01,-6.827390196154408120e-01
4.183333333333332860e+01,2.679189227152045660e-02
4.185416666666666430e+01,5.230065950956456211e-01
4.187500000000000000e+01,-1.845906027151084927e-01
4.189583333333332860e+01,-2.157208735451974224e-01
4.191666666666666430e+01,4.926902205410573776e-01
4.193750000000000000e+01,3.741107926017716023e-01
4.195833333333332860e+01,-4.348922499661165286e-01
4.197916666666666430e+01,2.312000128312546310e-01
4.200000000000000000e+01,6.322873257314216566e-01
4.202083333333332860e+01,-1.697189621307824969e-01
4.204166666666666430e+01,-8.060877970952593508e-01
4.206250000000000000e+01,-9.877401229484342182e-02
4.208333333333332860e+01,6.042832736447343311e-01
4.210416666666666430e+01,-1.657352906176048635e-01
4.212500000000000000e+01,6.510280435438811075e-01
4.214583333333332860e+01,9.419852695936898890e-01
4.216666666666666430e+01,2.258555768374948258e-01
4.218750000000000000e+01,-5.934201909961419608e-01
4.220833333333332860e+01,1.118051074801244549e-01
4.222916666666666430e+01,8.205092194959073826e-01
4.225000000000000000e+01,1.233902643926041709e-01
4.227083333333332860e+01,-6.964314715273515199e-01
4.229166666666666430e+01,8.896242783426352996e-02
4.231250000000000000e+01,8.093690673620428377e-01
4.233333333333332860e+01,1.051971670412153725e-01
4.235416666666666430e+01,-7.069882753971324929e-01
4.237500000000000000e+01,-2.270563622613017141e-01
4.239583333333332860e+01,4.803201406630742687e-01
4.241666666666666430e+01,-2.302084290255371479e-01
4.243750000000000000e+01,-1.036320958623485389e+00
4.245833333333332860e+01,-2.368402193388477461e-01
4.247916666666666430e+01,4.774565393292176108e-01
4.250000000000000000e+01,-2.378246621328101162e-01
4.252083333333332860e+01,-1.040871520930570115e+00
4.254166666666666430e+01,-2.391633606079208163e-01
4.256250000000000000e+01,4.725419243177539919e-01
4.258333333333332860e+01,-2.479396821504708803e-01
4.260416666666666430e+01,-1.017787953191680472e+00
4.262500000000000000e+01,-2.088457943447207255e-01
4.264583333333332860e+01,5.048923668674265564e-01
4.266666666666666430e+01,8.215703676897320729e-03
4.268750000000000000e+01,-5.994451521963323204e-01
4.270833333333332860e+01,2.027367241494486549e-01
4.272916666666666430e+01,9.193867098796987269e-01
4.275000000000000000e+01,1.970644882685131938e-01
4.277083333333332860e+01,-6.121446212733206993e-01
4.279166666666666430e+01,1.964902114571161762e-01
4.281250000000000000e+01,9.143019116880353181e-01
4.283333333333332860e+01,2.257717584288621293e-01
4.285416666666666430e+01,-5.648900329359372030e-01
4.287500000000000000e+01,-1.197328638572626058e+00
4.289583333333332860e+01,-4.880623707125233413e-01
4.291666666666666430e+01,1.691312810912460052e-01
4.293750000000000000e+01,2.659868920629208655e-01
4.295833333333332860e+01,-3.349966261090507880e-01
4.297916666666666430e+01,-3.018436645796890860e-01
4.300000000000000000e+01,2.351632488132422982e-01
4.302083333333332860e+01,4.345602056407940617e-01
4.304166666666666430e+01,-4.032073187096051059e-02
4.306250000000000000e+01,-4.331536437595490119e-01
4.308333333333332860e+01,9.736264230967357769e-02
4.310416666666666430e+01,5.945335757005087984e-01
4.312500000000000000e+01,1.168101483351505765e-01
4.314583333333332860e+01,-4.452853076886165717e-01
4.316666666666666430e+01,8.708523457130112888e-02
4.318750000000000000e+01,5.870670272352345176e-01
4.320833333333332860e+01,1.063265775833721616e-01
4.322916666666666430e+01,-4.580434954098074884e-01
4.325000000000000000e+01,7.880818104981458794e-02
4.327083333333332860e+01,6.346506655295807153e-01
4.329166666666666430e+01,1.490412190278405380e-01
4.331250000000000000e+01,-4.128645994285970455e-01
4.333333333333332860e+01,1.328899134707434704e-01
4.335416666666666430e+01,6.248100342849816080e-01
4.337500000000000000e+01,1.230696010213532393e-01
4.339583333333332860e+01,-3.918270765947208800e-01
4.341666666666666430e+01,1.729694581479077342e-01
4.343750000000000000e+01,6.521857680395889423e-01
4.345833333333332860e+01,1.028392058456303881e-01
4.347916666666666430e+01,-4.727681934051951584e-01
4.350000000000000000e+01,1.628415139065767792e-01
4.352083333333332860e+01,8.899398427443960813e-01
4.354166666666666430e+01,3.448814039193062175e-01
4.356250000000000000e+01,-3.671489321645053927e-01
4.358333333333332860e+01,2.289982479976110374e-01
4.360416666666666430e+01,7.779860249591948884e-01
4.362500000000000000e+01,2.569100477467157750e-01
4.364583333333332860e+01,-4.409673675017674044e-01
4.366666666666666430e+01,6.323555171462574842e-02
4.368750000000000000e+01,6.794227345260804574e-02
4.370833333333332860e+01,-4.454516769853967828e-01
4.372916666666666430e+01,3.567290945498818866e-02
4.375000000000000000e+01,1.779571401785508267e-02
4.377083333333332860e+01,-4.911726000701251982e-01
4.379166666666666430e+01,-3.991024198117201771e-01
4.381250000000000000e+01,1.717735843046927502e-01
4.383333333333332860e+01,-4.496231130826442435e-01
4.385416666666666430e+01,-6.464499721017124001e-01
4.387500000000000000e+01,1.525694080594093283e-01
4.389583333333332860e+01,5.621141578900966662e-01
4.391666666666666430e+01,-1.384169675226448182e-01
4.393750000000000000e+01,-6.493621903159416675e-01
4.395833333333332860e+01,1.416163658721285301e-01
4.397916666666666430e+01,5.245091883689635415e-01
4.400000000000000000e+01,-1.690527107668962359e-01
4.402083333333332860e+01,-6.924831185794914079e-01
4.404166666666666430e+01,3.894414591926742553e-03
4.406250000000000000e+01,5.765391314699634950e-01
4.408333333333332860e+01,-7.017134851473233459e-02
4.410416666666666430e+01,-5.788572110622596245e-01
4.412500000000000000e+01,1.715836904380847738e-01
4.414583333333332860e+01,3.717388187189661353e-01
4.416666666666666430e+01,-3.238856642958297671e-01
4.418750000000000000e+01,-8.351453233766181761e-01
4.420833333333332860e+01,-4.291316718013105103e-02
4.422916666666666430e+01,5.347678465148979488e-01
4.425000000000000000e+01,-1.626903592019720290e-01
4.427083333333332860e+01,-6.735502982447102438e-01
4.429166666666666430e+01,1.199081640693099859e-01
4.431250000000000000e+01,6.959896467713657664e-01
4.433333333333332860e+01,-3.671148515019401204e-03
4.435416666666666430e+01,-5.128911889323266582e-01
4.437500000000000000e+01,2.826113597122957843e-01
4.439583333333332860e+01,8.561349517474405868e-01
4.441666666666666430e+01,1.534315738930707163e-01
4.443750000000000000e+01,-3.532184468768168051e-01
4.445833333333332860e+01,6.859060156749380299e-02
4.447916666666666430e+01,5.348229060682426761e-01
4.450000000000000000e+01,-1.697832361404617019e-01
4.452083333333332860e+01,-6.748906286502092122e-01
4.454166666666666430e+01,1.248646706618501134e-01
4.456250000000000000e+01,6.960246984165676665e-01
4.458333333333332860e+01,2.336940296078393597e-03
4.460416666666666430e+01,-5.043326954454599997e-01
4.462500000000000000e+01,2.930729744000094561e-01
4.464583333333332860e+01,1.932029750955540914e-01
4.466666666666666430e+01,-5.060661592745736570e-01
4.468750000000000000e+01,-8.463156811892616482e-02
4.470833333333332860e+01,6.675120630538903255e-01
4.472916666666666430e+01,-2.418544509583031576e-02
4.475000000000000000e+01,-7.114762934501508429e-01
4.477083333333332860e+01,2.470130623840313677e-02
4.479166666666666430e+01,7.087397093613715393e-01
4.481250000000000000e+01,2.218022127695171153e-02
4.483333333333332860e+01,-6.454554671621198780e-01
4.485416666666666430e+01,1.245767041613380088e-01
4.487500000000000000e+01,3.220808749554392447e-01
4.489583333333332860e+01,-3.314967041828441596e-01
4.491666666666666430e+01,-5.106631507901435163e-02
4.493750000000000000e+01,4.723416950613793519e-01
4.495833333333332860e+01,-6.842681962420411879e-02
4.497916666666666430e+01,-7.482211533538867254e-01
4.500000000000000000e+01,-1.542021391587035661e-01
4.502083333333332860e+01,6.171063156540770311e-01
4.504166666666666430e+01,8.828598578078528103e-02
4.506250000000000000e+01,-5.946648954478610527e-01
4.508333333333332860e+01,2.439685732261595574e-03
4.510416666666666430e+01,7.752414245402826642e-01
4.512500000000000000e+01,1.972696285124477256e-01
4.514583333333332860e+01,-4.918344823632160301e-01
4.516666666666666430e+01,9.832986038477194157e-02
4.518750000000000000e+01,1.843382559262819187e-01
4.520833333333332860e+01,-3.274241409848157591e-01
4.522916666666666430e+01,-1.609646878775487788e-01
4.525000000000000000e+01,4.779166198889123751e-01
4.527083333333332860e+01,-2.957986495582458353e-02
4.529166666666666430e+01,-6.937213063524000356e-01
4.531250000000000000e+01,-1.220246728627120691e-01
4.533333333333332860e+01,5.676500725816340243e-01
4.535416666666666430e+01,5.866777258784279525e-02
4.537500000000000000e+01,-7.134350318623357001e-01
4.539583333333332860e+01,-1.368088757123566701e-01
4.541666666666666430e+01,5.529005478381945338e-01
4.543750000000000000e+01,4.428754056231289093e-02
4.545833333333332860e+01,-6.971616647881209161e-01
4.547916666666666430e+01,-8.159580168408030187e-02
4.550000000000000000e+01,6.057512077403967021e-01
4.552083333333332860e+01,1.524087437303076054e-02
4.554166666666666430e+01,-7.618777530104869911e-01
4.556250000000000000e+01,-1.486456785122530766e-01
4.558333333333332860e+01,5.467144314455164578e-01
4.560416666666666430e+01,2.301814854980492597e-02
4.562500000000000000e+01,-2.960056931990155960e-01
4.564583333333332860e+01,2.972740326484628604e-01
4.566666666666666430e+01,9.999995386537945397e-01
4.568750000000000000e+01,4.717776571387075069e-01
4.570833333333332860e+01,-3.127453480903927829e-01
4.572916666666666430e+01,3.129488035134330159e-01
4.575000000000000000e+01,1.013946356289906481e+00
4.577083333333332860e+01,4.812553843147455712e-01
4.579166666666666430e+01,-3.096706505341200177e-01
4.581250000000000000e+01,-8.974868607326771941e-02
4.583333333333332860e+01,5.215092218246045741e-01
4.585416666666666430e+01,-6.559603038905474637e-02
4.587500000000000000e+01,-8.644273401649069655e-01
4.589583333333332860e+01,-2.598583069001979551e-01
4.591666666666666430e+01,4.532706316731266449e-01
4.593750000000000000e+01,-7.685896926971795551e-02
4.595833333333332860e+01,-8.651546058595104283e-01
4.597916666666666430e+01,-2.436801653365443521e-01
4.600000000000000000e+01,4.574997457156249059e-01
4.602083333333332860e+01,-6.327251671988351478e-02
4.604166666666666430e+01,-8.462277644704714330e-01
4.606250000000000000e+01,-2.611023547398935163e-01
4.608333333333332860e+01,4.388470293190147031e-01
4.610416666666666430e+01,-7.407918224726166290e-02
4.612500000000000000e+01,-8.474928439165616556e-01
4.614583333333332860e+01,-2.130399044367219663e-01
4.616666666666666430e+01,4.823237874388986990e-01
4.618750000000000000e+01,-1.773864586784300867e-01
4.620833333333332860e+01,-7.914230967383361071e-01
4.622916666666666430e+01,-9.096244928619467984e-02
4.625000000000000000e+01,6.083403402596669896e-01
4.627083333333332860e+01,-1.873912879498138007e-01
4.629166666666666430e+01,-3.000990541170356352e-01
4.631250000000000000e+01,4.087397660563915069e-01
4.633333333333332860e+01,3.938580371744551667e-01
4.635416666666666430e+01,-4.081501210992876660e-01
4.637500000000000000e+01,9.240156225860547690e-02
4.639583333333332860e+01,8.047756704843497255e-01
4.641666666666666430e+01,2.347729192582544422e-01
4.643750000000000000e+01,-5.825484731322718712e-01
4.645833333333332860e+01,-1.187986846637927030e-01
4.647916666666666430e+01,4.828358018277164043e-01
4.650000000000000000e+01,-9.976455244091436692e-02
4.652083333333332860e+01,-9.005028817459961310e-01
4.654166666666666430e+01,-3.962816741814377819e-01
4.656250000000000000e+01,3.065933453363901551e-01
4.658333333333332860e+01,-9.676633379593101159e-02
4.660416666666666430e+01,-3.737775939651242219e-01
4.662500000000000000e+01,2.278095202776546646e-01
4.664583333333332860e+01,4.056179306391229922e-01
4.666666666666666430e+01,-1.783788215751613837e-01
4.668750000000000000e+01,1.513467422771206106e-01
4.670833333333332860e+01,6.427003112806322083e-01
4.672916666666666430e+01,5.692115841091534290e-02
4.675000000000000000e+01,-5.634152367441385145e-01
4.677083333333332860e+01,-5.524001388737706519e-02
4.679166666666666430e+01,5.039093990539462720e-01
4.681250000000000000e+01,-7.212085045476109013e-02
4.683333333333332860e+01,-5.423396147190125971e-01
4.685416666666666430e+01,-3.490695762463365270e-02
4.687500000000000000e+01,4.694150536926964268e-01
4.689583333333332860e+01,-3.306559822168675389e-02
4.691666666666666430e+01,-1.487272923219206122e-01
4.693750000000000000e+01,3.585824849589541730e-01
4.695833333333332860e+01,3.601502486223065458e-01
4.697916666666666430e+01,-2.118768279332853832e-01
4.700000000000000000e+01,2.403205503923939446e-01
4.702083333333332860e+01,4.087195224678529804e-01
4.704166666666666430e+01,-9.913102386889316442e-02
4.706250000000000000e+01,-4.840718664903925217e-01
4.708333333333332860e+01,8.483222435139564643e-02
4.710416666666666430e+01,5.959042430749399433e-01
4.712500000000000000e+01,8.233878891710903758e-02
4.714583333333332860e+01,-4.947330219230933190e-01
4.716666666666666430e+01,5.948721756923373849e-02
4.718750000000000000e+01,5.588856762957761237e-01
4.720833333333332860e+01,4.667413447564627837e-02
4.722916666666666430e+01,-2.740473092561657720e-01
4.725000000000000000e+01,3.028953812432927384e-01
4.727083333333332860e+01,8.090055504273891973e-01
4.729166666666666430e+01,2.868748615819254888e-01
4.731250000000000000e+01,-2.879151333300803972e-01
4.733333333333332860e+01,-4.366986565851952579e-02
4.735416666666666430e+01,3.412285937919962708e-01
4.737500000000000000e+01,-1.864418952062305845e-01
4.739583333333332860e+01,-7.751607192891479814e-01
4.741666666666666430e+01,-1.871838790574286704e-01
4.743750000000000000e+01,3.218914379597091480e-01
4.745833333333332860e+01,-2.048173965720882506e-01
4.747916666666666430e+01,-7.840931392774317388e-01
4.750000000000000000e+01,-2.033394669991064052e-01
4.752083333333332860e+01,3.139433415799829930e-01
4.754166666666666430e+01,-2.088371336537059864e-01
4.756250000000000000e+01,-6.863989585389457249e-01
4.758333333333332860e+01,-1.067706054012455691e-01
4.760416666666666430e+01,4.177712084498585443e-01
4.762500000000000000e+01,-9.915608651117373273e-02
4.764583333333332860e+01,-6.499381936371267932e-01
4.766666666666666430e+01,-7.511748760494088573e-02
4.768750000000000000e+01,5.507634009117212681e-01
4.770833333333332860e+01,3.515807384648023115e-02
4.772916666666666430e+01,-4.133840421560349698e-01
4.775000000000000000e+01,1.709794270094432134e-01
4.777083333333332860e+01,7.055064552929674049e-01
4.779166666666666430e+01,1.811039809103426879e-01
4.781250000000000000e+01,-4.177923771859675117e-01
4.783333333333332860e+01,1.625503388809650396e-01
4.785416666666666430e+01,7.193467242478889245e-01
4.787500000000000000e+01,1.941826582405388191e-01
4.789583333333332860e+01,-4.033586762740570264e-01
4.791666666666666430e+01,-4.116108489235815737e-01
4.793750000000000000e+01,1.245369724279913187e-01
4.795833333333332860e+01,-2.079025696032534287e-01
4.797916666666666430e+01,-5.668852634218486397e-01
4.800000000000000000e+01,3.511255035628607635e-02
4.802083333333332860e+01,5.555515915213268263e-01
4.804166666666666430e+01,1.078068035582667450e-02
4.806250000000000000e+01,-5.975195697442287068e-01
4.808333333333332860e+01,4.920488965196909148e-03
4.810416666666666430e+01,5.290669350811689764e-01
4.812500000000000000e+01,-1.268516006382842953e-02
4.814583333333332860e+01,-6.105568898118820531e-01
4.816666666666666430e+01,-1.339974004837597710e-02
4.818750000000000000e+01,5.432939307607698165e-01
4.820833333333332860e+01,1.156544900655342989e-02
4.822916666666666430e+01,-5.966625885097701643e-01
4.825000000000000000e+01,-6.202964658155965538e-03
4.827083333333332860e+01,5.448781054470149821e-01
4.829166666666666430e+01,1.518373603917684556e-02
4.831250000000000000e+01,-5.994111561306213476e-01
4.833333333333332860e+01,-9.458752729670713566e-03
4.835416666666666430e+01,5.806469494193842174e-01
4.837500000000000000e+01,4.871237889322445336e-02
4.839583333333332860e+01,-5.252148820659410244e-01
4.841666666666666430e+01,7.552190228307954778e-02
4.843750000000000000e+01,6.132373653322052975e-01
4.845833333333332860e+01,6.583819293866102762e-02
4.847916666666666430e+01,-4.011070942503259240e-01
4.850000000000000000e+01,2.103406060825084856e-01
4.852083333333332860e+01,7.392548277893995490e-01
4.854166666666666430e+01,1.671715057618565481e-01
4.856250000000000000e+01,-4.493082860672124035e-01
4.858333333333332860e+01,1.757247415940912938e-01
4.860416666666666430e+01,7.357162154039927904e-01
4.862500000000000000e+01,1.798060441784434249e-01
4.864583333333332860e+01,-4.296847855989485709e-01
4.866666666666666430e+01,1.825402076121299122e-01
