0.000000000000000000e+00,1.020657158894601181e-04
2.083333333333333218e-02,1.742355960160664637e-03
4.166666666666666435e-02,7.203084485937024349e-03
6.250000000000000000e-02,1.784013038752840785e-02
8.333333333333332871e-02,3.209582025851241693e-02
1.041666666666666574e-01,4.750507841138276038e-02
1.250000000000000000e-01,6.373688921418006748e-02
1.458333333333333148e-01,8.193049304465815919e-02
1.666666666666666574e-01,1.006255644384308479e-01
1.875000000000000000e-01,1.174931278514430577e-01
2.083333333333333148e-01,1.337134539928671317e-01
2.291666666666666574e-01,1.513579812457337692e-01
2.500000000000000000e-01,1.690747673645165428e-01
2.708333333333333148e-01,1.845030764746010132e-01
2.916666666666666297e-01,1.980048536355194233e-01
3.125000000000000000e-01,2.111651462618399644e-01
3.333333333333333148e-01,2.226354689919802510e-01
3.541666666666666297e-01,2.300252090743198086e-01
3.750000000000000000e-01,2.345576328649205122e-01
3.958333333333333148e-01,2.384514418661214108e-01
4.166666666666666297e-01,2.406313698088764774e-01
4.375000000000000000e-01,2.404075422608820956e-01
4.583333333333333148e-01,2.394785708033424776e-01
4.791666666666666297e-01,2.388977388991632977e-01
5.000000000000000000e-01,2.370931613325407417e-01
5.208333333333332593e-01,2.338475484841891772e-01
5.416666666666666297e-01,2.308539004291453034e-01
5.625000000000000000e-01,2.274094159730757070e-01
5.833333333333332593e-01,2.224070858167580267e-01
6.041666666666666297e-01,2.176211392200857464e-01
6.250000000000000000e-01,2.147311263996843356e-01
6.458333333333332593e-01,2.123315718499089733e-01
6.666666666666666297e-01,2.082561888397257421e-01
6.875000000000000000e-01,2.038236709283501591e-01
7.083333333333332593e-01,2.015076177195612717e-01
7.291666666666666297e-01,2.001155495484166769e-01
7.500000000000000000e-01,1.974532521355419623e-01
7.708333333333332593e-01,1.947751582711876039e-01
7.916666666666666297e-01,1.945307313327482857e-01
8.125000000000000000e-01,1.955861945694140347e-01
8.333333333333332593e-01,1.957236490152279573e-01
8.541666666666666297e-01,1.960938620924319586e-01
8.750000000000000000e-01,1.975149077754722593e-01
8.958333333333332593e-01,1.983818446720475026e-01
9.166666666666666297e-01,1.980554682490538176e-01
9.375000000000000000e-01,1.982078561392177085e-01
9.583333333333332593e-01,1.984126010799407702e-01
9.791666666666666297e-01,1.967979045074614575e-01
1.000000000000000000e+00,1.945686689682822601e-01
1.020833333333333259e+00,1.940217760425518301e-01
1.041666666666666519e+00,1.939132313892759363e-01
1.062500000000000000e+00,1.918979465055208888e-01
1.083333333333333259e+00,1.891614914581811191e-01
1.104166666666666519e+00,1.879194152127536821e-01
1.125000000000000000e+00,1.868689239946292047e-01
1.145833333333333259e+00,1.839766821656136642e-01
1.166666666666666519e+00,1.805546490734668275e-01
1.187500000000000000e+00,1.788286182915319600e-01
1.208333333333333259e+00,1.775427707567044378e-01
1.229166666666666519e+00,1.747602186904478050e-01
1.250000000000000000e+00,1.719276322348345099e-01
1.270833333333333259e+00,1.713233101090100852e-01
1.291666666666666519e+00,1.717689245200052228e-01
1.312500000000000000e+00,1.709620283964968790e-01
1.333333333333333259e+00,1.702445349733417712e-01
1.354166666666666519e+00,1.719925434171080680e-01
1.375000000000000000e+00,1.750651434102093174e-01
1.395833333333333259e+00,1.772511246965896292e-01
1.416666666666666519e+00,1.796986870191752128e-01
1.437500000000000000e+00,1.835709131054061860e-01
1.458333333333333259e+00,1.872021501210992533e-01
1.479166666666666519e+00,1.885618322321520046e-01
1.500000000000000000e+00,1.890290210194538745e-01
1.520833333333333259e+00,1.910010139656014572e-01
1.541666666666666519e+00,1.936538800610672351e-01
1.562500000000000000e+00,1.945856480054690141e-01
1.583333333333333259e+00,1.955788512738531881e-01
1.604166666666666519e+00,1.991304282030478545e-01
1.625000000000000000e+00,2.037496187473238352e-01
1.645833333333333259e+00,2.069829861074127808e-01
1.666666666666666519e+00,2.099888809646205390e-01
1.687500000000000000e+00,2.149659854250634272e-01
1.708333333333333259e+00,2.206398368264883558e-01
1.729166666666666519e+00,2.245190472104681145e-01
1.750000000000000000e+00,2.278391458354179500e-01
1.770833333333333259e+00,2.327888961482661723e-01
1.791666666666666519e+00,2.381412455094314984e-01
1.812500000000000000e+00,2.414953914582717298e-01
1.833333333333333259e+00,2.441338305237813477e-01
1.854166666666666519e+00,2.483112729352230375e-01
1.875000000000000000e+00,2.527949888508594367e-01
1.895833333333333259e+00,2.553378489826572117e-01
1.916666666666666519e+00,2.570992809350408637e-01
1.937500000000000000e+00,2.597852775919692325e-01
1.958333333333333259e+00,2.619402155492985274e-01
1.979166666666666519e+00,2.613599108272425808e-01
2.000000000000000000e+00,2.593724470290668105e-01
2.020833333333333037e+00,2.584277012215648317e-01
2.041666666666666519e+00,2.573142475043599942e-01
2.062500000000000000e+00,2.538062632162270682e-01
2.083333333333333037e+00,2.491175140646287867e-01
2.104166666666666519e+00,2.455758775038726083e-01
2.125000000000000000e+00,2.420842147895362617e-01
2.145833333333333037e+00,2.369705672610153691e-01
2.166666666666666519e+00,2.318326929522781799e-01
2.187500000000000000e+00,2.289790740711211137e-01
2.208333333333333037e+00,2.273081551109429888e-01
2.229166666666666519e+00,2.244702442523327235e-01
2.250000000000000000e+00,2.216972481011294516e-01
2.270833333333333037e+00,2.212412057529332954e-01
2.291666666666666519e+00,2.218520702225367236e-01
2.312500000000000000e+00,2.211298927157367977e-01
2.333333333333333037e+00,2.202263290116027450e-01
2.354166666666666519e+00,2.213356142508367819e-01
2.375000000000000000e+00,2.230969060580821617e-01
2.395833333333333037e+00,2.231442390964350209e-01
2.416666666666666519e+00,2.225821126131071470e-01
2.437500000000000000e+00,2.237026364720639815e-01
2.458333333333333037e+00,2.251824359883521365e-01
2.479166666666666519e+00,2.246104218884506232e-01
2.500000000000000000e+00,2.230778053105813008e-01
2.520833333333333037e+00,2.227951655752011817e-01
2.541666666666666519e+00,2.225529728836676824e-01
2.562500000000000000e+00,2.206688312466762447e-01
2.583333333333333037e+00,2.186134418455689954e-01
2.604166666666666519e+00,2.186323660512289879e-01
2.625000000000000000e+00,2.194946327974559019e-01
2.645833333333333037e+00,2.188038705997586986e-01
2.666666666666666519e+00,2.177857564567553805e-01
2.687500000000000000e+00,2.187757615820552504e-01
2.708333333333333037e+00,2.206359893764330560e-01
2.729166666666666519e+00,2.210657941527648107e-01
2.750000000000000000e+00,2.213678272711082917e-01
2.770833333333333037e+00,2.239987395488275967e-01
2.791666666666666519e+00,2.278678972040888429e-01
2.812500000000000000e+00,2.306757384237385355e-01
2.833333333333333037e+00,2.331047038299770002e-01
2.854166666666666519e+00,2.365910020205391207e-01
2.875000000000000000e+00,2.396705961343711111e-01
2.895833333333333037e+00,2.400760678438034756e-01
2.916666666666666519e+00,2.389968891804832574e-01
2.937500000000000000e+00,2.387767387930312679e-01
2.958333333333333037e+00,2.382655007573658834e-01
2.979166666666666519e+00,2.359339858937771206e-01
3.000000000000000000e+00,2.329470743574585112e-01
3.020833333333333037e+00,2.305048173330190020e-01
3.041666666666666519e+00,2.269665493812975943e-01
3.062500000000000000e+00,2.225053209335253468e-01
3.083333333333333037e+00,2.189539859716496395e-01
3.104166666666666519e+00,2.151516834259875888e-01
3.125000000000000000e+00,2.089348019065420947e-01
3.145833333333333037e+00,2.016534888256852343e-01
3.166666666666666519e+00,1.955866911201636082e-01
3.187500000000000000e+00,1.897410673442611606e-01
3.208333333333333037e+00,1.834366393256392225e-01
3.229166666666666519e+00,1.782538447387263247e-01
3.250000000000000000e+00,1.741755200270260207e-01
3.270833333333333037e+00,1.693783290775277006e-01
3.291666666666666519e+00,1.652473945315914017e-01
3.312500000000000000e+00,1.641721997084887030e-01
3.333333333333333037e+00,1.650191877102438476e-01
3.354166666666666519e+00,1.654959166838724516e-01
3.375000000000000000e+00,1.660990256560119782e-01
3.395833333333333037e+00,1.683436127437628604e-01
3.416666666666666519e+00,1.707531160944944781e-01
3.437500000000000000e+00,1.710569292453835155e-01
3.458333333333333037e+00,1.704388089863811961e-01
3.479166666666666519e+00,1.711990928433820003e-01
3.500000000000000000e+00,1.720215270683803088e-01
3.520833333333333037e+00,1.707634487116644062e-01
3.541666666666666519e+00,1.686583558590393495e-01
3.562500000000000000e+00,1.679078099382698419e-01
3.583333333333333037e+00,1.673336594430823165e-01
3.604166666666666519e+00,1.656518624187561795e-01
3.625000000000000000e+00,1.644853532963875542e-01
3.645833333333333037e+00,1.658076465906389574e-01
3.666666666666666519e+00,1.684212337613616162e-01
3.687500000000000000e+00,1.695096409584329333e-01
3.708333333333333037e+00,1.704972714763202946e-01
3.729166666666666519e+00,1.738039962827069851e-01
3.750000000000000000e+00,1.781935953903469871e-01
3.770833333333333037e+00,1.813120968908043529e-01
3.791666666666666519e+00,1.839497083972922997e-01
3.812500000000000000e+00,1.875055957566995890e-01
3.833333333333333037e+00,1.904600453053628129e-01
3.854166666666666519e+00,1.906239978673781865e-01
3.875000000000000000e+00,1.893500645131034887e-01
3.895833333333333037e+00,1.891059856009182361e-01
3.916666666666666519e+00,1.887443283356143309e-01
3.937500000000000000e+00,1.860672276350025800e-01
3.958333333333333037e+00,1.823442925188037411e-01
3.979166666666666519e+00,1.800191182933687239e-01
4.000000000000000000e+00,1.778591131878414777e-01
4.020833333333333037e+00,1.738813671981126185e-01
4.041666666666666075e+00,1.694221216896936721e-01
4.062500000000000000e+00,1.667487631770954160e-01
4.083333333333333037e+00,1.646191768828741686e-01
4.104166666666666075e+00,1.606968938854668183e-01
4.125000000000000000e+00,1.561801251537068558e-01
4.145833333333333037e+00,1.532901476067604074e-01
4.166666666666666075e+00,1.509451312135886014e-01
4.187500000000000000e+00,1.481401907589537104e-01
4.208333333333333037e+00,1.464419892003552548e-01
4.229166666666666075e+00,1.466881164838224338e-01
4.250000000000000000e+00,1.471807895859101323e-01
4.270833333333333037e+00,1.470741801669883386e-01
4.291666666666666075e+00,1.480044218863283412e-01
4.312500000000000000e+00,1.498670410118990159e-01
4.333333333333333037e+00,1.508796340729697261e-01
4.354166666666666075e+00,1.522609244105903314e-01
4.375000000000000000e+00,1.560761507494468348e-01
4.395833333333333037e+00,1.610243524915924429e-01
4.416666666666666075e+00,1.648466842967146739e-01
4.437500000000000000e+00,1.686976663708537050e-01
4.458333333333333037e+00,1.733310309246455239e-01
4.479166666666666075e+00,1.770758994341782577e-01
4.500000000000000000e+00,1.795131061330083877e-01
4.520833333333333037e+00,1.822912872785594496e-01
4.541666666666666075e+00,1.844033807464096064e-01
4.562500000000000000e+00,1.846667764245625842e-01
4.583333333333333037e+00,1.847486948190324996e-01
4.604166666666666075e+00,1.865378998344666139e-01
4.625000000000000000e+00,1.886465664711247936e-01
4.645833333333333037e+00,1.888081874101252000e-01
4.666666666666666075e+00,1.883718657628177251e-01
4.687500000000000000e+00,1.897360982537844021e-01
4.708333333333333037e+00,1.917567927455650911e-01
4.729166666666666075e+00,1.920895821241301593e-01
4.750000000000000000e+00,1.919841603153190635e-01
4.770833333333333037e+00,1.935967006171569471e-01
4.791666666666666075e+00,1.956278733010259618e-01
4.812500000000000000e+00,1.956871364227594501e-01
4.833333333333333037e+00,1.949610692500159947e-01
4.854166666666666075e+00,1.956762615022311913e-01
4.875000000000000000e+00,1.964494990322588341e-01
4.895833333333333037e+00,1.948523831034104370e-01
4.916666666666666075e+00,1.920088591106353382e-01
4.937500000000000000e+00,1.901677897525842487e-01
4.958333333333333037e+00,1.881119632825508092e-01
4.979166666666666075e+00,1.842854807972691134e-01
5.000000000000000000e+00,1.796371464262178641e-01
5.020833333333333037e+00,1.768628102070974595e-01
5.041666666666666075e+00,1.741643452384517843e-01
5.062500000000000000e+00,1.691527734078036860e-01
5.083333333333333037e+00,1.631659808884229068e-01
5.104166666666666075e+00,1.586618510239480861e-01
5.125000000000000000e+00,1.544987529665544923e-01
5.145833333333333037e+00,1.483736796507960087e-01
5.166666666666666075e+00,1.416939094980814440e-01
5.187500000000000000e+00,1.368282836334852870e-01
5.208333333333333037e+00,1.326943199682064922e-01
5.229166666666666075e+00,1.269509254266342757e-01
5.250000000000000000e+00,1.209324969936478311e-01
5.270833333333333037e+00,1.169335180713563654e-01
5.291666666666666075e+00,1.137675040768775930e-01
5.312500000000000000e+00,1.095321183814991772e-01
5.333333333333333037e+00,1.056014650360010132e-01
5.354166666666666075e+00,1.042333635352185456e-01
5.375000000000000000e+00,1.040973570187366248e-01
5.395833333333333037e+00,1.027420151672536891e-01
5.416666666666666075e+00,1.012593876377190227e-01
5.437500000000000000e+00,1.018766763844039802e-01
5.458333333333333037e+00,1.032495500463745386e-01
5.479166666666666075e+00,1.029990127769583597e-01
5.500000000000000000e+00,1.022475727915767574e-01
5.520833333333333037e+00,1.032846539230803801e-01
5.541666666666666075e+00,1.048432797320130033e-01
5.562500000000000000e+00,1.048894635703060685e-01
5.583333333333333037e+00,1.047602641260659967e-01
5.604166666666666075e+00,1.066634195108657479e-01
5.625000000000000000e+00,1.093340948634517751e-01
5.645833333333333037e+00,1.103250469866221967e-01
5.666666666666666075e+00,1.108964942787257074e-01
5.687500000000000000e+00,1.133468675243843454e-01
5.708333333333333037e+00,1.164975655213559835e-01
5.729166666666666075e+00,1.180686243667320584e-01
5.750000000000000000e+00,1.193144522953613063e-01
5.770833333333333037e+00,1.226223740492928815e-01
5.791666666666666075e+00,1.268419748108427225e-01
5.812500000000000000e+00,1.297599107348957892e-01
5.833333333333333037e+00,1.326257780911886952e-01
5.854166666666666075e+00,1.370867569504245764e-01
5.875000000000000000e+00,1.416750049247549603e-01
5.895833333333333037e+00,1.441357865623072443e-01
5.916666666666666075e+00,1.457663427890003027e-01
5.937500000000000000e+00,1.489837301645170753e-01
5.958333333333333037e+00,1.525884139488046243e-01
5.979166666666666075e+00,1.542997682675762705e-01
6.000000000000000000e+00,1.552683090191479265e-01
6.020833333333333037e+00,1.578309815078735023e-01
6.041666666666666075e+00,1.606444141373416234e-01
6.062500000000000000e+00,1.613310501498042560e-01
6.083333333333333037e+00,1.609935052880850648e-01
6.104166666666666075e+00,1.618345505105021620e-01
6.125000000000000000e+00,1.625225126122634978e-01
6.145833333333333037e+00,1.605921084077569227e-01
6.166666666666666075e+00,1.571774517736564958e-01
6.187500000000000000e+00,1.545235342247927579e-01
6.208333333333333037e+00,1.515330240494615899e-01
6.229166666666666075e+00,1.474099674519710190e-01
6.250000000000000000e+00,1.438947547340109212e-01
6.270833333333333037e+00,1.416643417497629731e-01
6.291666666666666075e+00,1.391775097615262913e-01
6.312500000000000000e+00,1.364731925005558122e-01
6.333333333333333037e+00,1.354163690801813980e-01
6.354166666666666075e+00,1.348029424389888264e-01
6.375000000000000000e+00,1.324132242115066138e-01
6.395833333333333037e+00,1.295684749688417459e-01
6.416666666666666075e+00,1.287205704693588360e-01
6.437500000000000000e+00,1.287851949266725915e-01
6.458333333333333037e+00,1.275108113144210464e-01
6.479166666666666075e+00,1.262481247458454858e-01
6.500000000000000000e+00,1.273777214927674928e-01
6.520833333333333037e+00,1.297620064764668513e-01
6.541666666666666075e+00,1.309092239903472399e-01
6.562500000000000000e+00,1.321813115364759150e-01
6.583333333333333037e+00,1.356346919190289935e-01
6.604166666666666075e+00,1.401508989293872021e-01
6.625000000000000000e+00,1.434149354386511088e-01
6.645833333333333037e+00,1.466087749980068133e-01
6.666666666666666075e+00,1.519242467730878843e-01
6.687500000000000000e+00,1.580932390519355080e-01
6.708333333333333037e+00,1.626698816043203877e-01
6.729166666666666075e+00,1.666543531167818948e-01
6.750000000000000000e+00,1.719113845471896551e-01
6.770833333333333037e+00,1.768763096253299083e-01
6.791666666666666075e+00,1.792101565190635792e-01
6.812500000000000000e+00,1.800179445613676321e-01
6.833333333333333037e+00,1.816481051550535852e-01
6.854166666666666075e+00,1.828398951428291674e-01
6.875000000000000000e+00,1.812874319076089868e-01
6.895833333333333037e+00,1.782185419802370663e-01
6.916666666666666075e+00,1.760809941451269012e-01
6.937500000000000000e+00,1.738030370320998719e-01
6.958333333333333037e+00,1.700151174316366920e-01
6.979166666666666075e+00,1.663794710823640333e-01
7.000000000000000000e+00,1.652892246597539028e-01
7.020833333333333037e+00,1.656551165740458298e-01
7.041666666666666075e+00,1.652267450635792612e-01
7.062500000000000000e+00,1.650716423988515258e-01
7.083333333333333037e+00,1.658282011483957485e-01
7.104166666666666075e+00,1.659260786116318331e-01
7.125000000000000000e+00,1.654905107363262851e-01
7.145833333333333037e+00,1.664022787431508055e-01
7.166666666666666075e+00,1.673717299230033650e-01
7.187500000000000000e+00,1.660620916725395746e-01
7.208333333333333037e+00,1.636215451949883937e-01
7.229166666666666075e+00,1.623006584279877151e-01
7.250000000000000000e+00,1.609068788877388023e-01
7.270833333333333037e+00,1.581848313096274050e-01
7.291666666666666075e+00,1.557825480993594303e-01
7.312500000000000000e+00,1.558883783460797423e-01
7.333333333333333037e+00,1.571830389388405302e-01
7.354166666666666075e+00,1.572226979157400062e-01
7.375000000000000000e+00,1.572344624572765137e-01
7.395833333333333037e+00,1.594757555926153703e-01
7.416666666666666075e+00,1.627469008730220157e-01
7.437500000000000000e+00,1.647667570831868322e-01
7.458333333333333037e+00,1.666542452528020912e-01
7.479166666666666075e+00,1.698072633696063316e-01
7.500000000000000000e+00,1.726179550048830280e-01
7.520833333333333037e+00,1.728669585492898508e-01
7.541666666666666075e+00,1.719018980537741215e-01
7.562500000000000000e+00,1.721899579604082020e-01
7.583333333333333037e+00,1.725793108507646390e-01
7.604166666666666075e+00,1.708561759612776954e-01
7.625000000000000000e+00,1.682897441815764117e-01
7.645833333333333037e+00,1.673079978219466635e-01
7.666666666666666075e+00,1.666168111127837859e-01
7.687500000000000000e+00,1.638877687811017003e-01
7.708333333333333037e+00,1.602979247628625870e-01
7.729166666666666075e+00,1.581172233325944809e-01
7.750000000000000000e+00,1.564756549846476608e-01
7.770833333333333037e+00,1.564325890530905983e-01
7.791666666666666075e+00,1.595270819810533924e-01
7.812500000000000000e+00,1.642727779232523444e-01
7.833333333333333037e+00,1.683024045979483740e-01
7.854166666666666075e+00,1.728536341786564845e-01
7.875000000000000000e+00,1.802341392519281604e-01
7.895833333333333037e+00,1.892144299962649212e-01
7.916666666666666075e+00,1.973625789167701705e-01
7.937500000000000000e+00,2.043884753480200156e-01
7.958333333333333037e+00,2.120719630739561767e-01
7.979166666666666075e+00,2.192491671583725321e-01
8.000000000000000000e+00,2.236533803790104746e-01
8.020833333333332149e+00,2.266132102077121069e-01
8.041666666666666075e+00,2.305504418039283909e-01
8.062500000000000000e+00,2.343414682493877577e-01
8.083333333333332149e+00,2.357153447903412302e-01
8.104166666666666075e+00,2.359629233922790892e-01
8.125000000000000000e+00,2.375276347365827545e-01
8.145833333333332149e+00,2.392540652286760106e-01
8.166666666666666075e+00,2.388914586772648285e-01
8.187500000000000000e+00,2.377882393114233717e-01
8.208333333333332149e+00,2.384138428255211939e-01
8.229166666666666075e+00,2.396668350105906065e-01
8.250000000000000000e+00,2.392924973757485640e-01
8.270833333333332149e+00,2.386282600188043002e-01
8.291666666666666075e+00,2.399553615804821127e-01
8.312500000000000000e+00,2.420726234142127065e-01
8.333333333333332149e+00,2.426299920113498265e-01
8.354166666666666075e+00,2.428195788209299433e-01
8.375000000000000000e+00,2.442454598970190960e-01
8.395833333333332149e+00,2.453769959557429992e-01
8.416666666666666075e+00,2.437717824649377196e-01
8.437500000000000000e+00,2.406136891504585540e-01
8.458333333333332149e+00,2.381799186260624979e-01
8.479166666666666075e+00,2.354731719268436385e-01
8.500000000000000000e+00,2.317925941070862472e-01
8.520833333333332149e+00,2.287697176785162823e-01
8.541666666666666075e+00,2.267873634314979125e-01
8.562500000000000000e+00,2.241566438388607752e-01
8.583333333333332149e+00,2.219306528840848947e-01
8.604166666666666075e+00,2.216454241831358474e-01
8.625000000000000000e+00,2.216372015875316126e-01
8.645833333333332149e+00,2.194461131334351778e-01
8.666666666666666075e+00,2.161862844090969016e-01
8.687500000000000000e+00,2.141311624671615177e-01
8.708333333333332149e+00,2.124154699573425897e-01
8.729166666666666075e+00,2.099456791556030266e-01
8.750000000000000000e+00,2.082627740183777276e-01
8.770833333333332149e+00,2.086630297693857494e-01
8.791666666666666075e+00,2.094099474041446196e-01
8.812500000000000000e+00,2.082227061381767830e-01
8.833333333333332149e+00,2.063428893957306443e-01
8.854166666666666075e+00,2.061336464084436715e-01
8.875000000000000000e+00,2.063844329182279447e-01
8.895833333333332149e+00,2.049216065248350982e-01
8.916666666666666075e+00,2.030911803863982845e-01
8.937500000000000000e+00,2.033575533948912828e-01
8.958333333333332149e+00,2.046233249322877423e-01
8.979166666666666075e+00,2.046448169852288501e-01
9.000000000000000000e+00,2.047525437405570692e-01
9.020833333333332149e+00,2.073429634071742578e-01
9.041666666666666075e+00,2.112607838686785255e-01
9.062500000000000000e+00,2.142065174678151607e-01
9.083333333333332149e+00,2.172747082934771423e-01
9.104166666666666075e+00,2.212190475501075448e-01
9.125000000000000000e+00,2.244503128195707853e-01
9.145833333333332149e+00,2.273800554570414856e-01
9.166666666666666075e+00,2.318192051283690658e-01
9.187500000000000000e+00,2.363608775785672189e-01
9.208333333333332149e+00,2.385284129462955649e-01
9.229166666666666075e+00,2.394418113822228966e-01
9.250000000000000000e+00,2.412952497066158386e-01
9.270833333333332149e+00,2.428663994308378482e-01
9.291666666666666075e+00,2.421189550048594985e-01
9.312500000000000000e+00,2.404213183635386109e-01
9.333333333333332149e+00,2.400357599704371347e-01
9.354166666666666075e+00,2.397950654484281852e-01
9.375000000000000000e+00,2.373796261209509539e-01
9.395833333333332149e+00,2.340531380824020236e-01
9.416666666666666075e+00,2.321467047525242189e-01
9.437500000000000000e+00,2.306398836105600370e-01
9.458333333333332149e+00,2.278986145772722849e-01
9.479166666666666075e+00,2.255466291087947495e-01
9.500000000000000000e+00,2.260677715860887615e-01
9.520833333333332149e+00,2.283133191161795250e-01
9.541666666666666075e+00,2.299629070319800794e-01
9.562500000000000000e+00,2.316384592574864398e-01
9.583333333333332149e+00,2.348204588743825205e-01
9.604166666666666075e+00,2.380474741789112281e-01
9.625000000000000000e+00,2.390476010585955435e-01
9.645833333333332149e+00,2.389971282356607996e-01
9.666666666666666075e+00,2.402429508054700902e-01
9.687500000000000000e+00,2.414734194575902937e-01
9.708333333333332149e+00,2.403322534449159886e-01
9.729166666666666075e+00,2.379482743411047985e-01
9.750000000000000000e+00,2.365889903133367167e-01
9.770833333333332149e+00,2.352862943010700647e-01
9.791666666666666075e+00,2.330412009007027108e-01
9.812500000000000000e+00,2.314200101975682766e-01
9.833333333333332149e+00,2.313958276075802623e-01
9.854166666666666075e+00,2.313239112200711212e-01
9.875000000000000000e+00,2.302369491720404338e-01
9.895833333333332149e+00,2.297863902901359778e-01
9.916666666666666075e+00,2.306409994491776250e-01
9.937500000000000000e+00,2.311114335916416018e-01
9.958333333333332149e+00,2.302878323353591827e-01
9.979166666666666075e+00,2.298637028261786841e-01
1.000000000000000000e+01,2.303853173369891649e-01
1.002083333333333215e+01,2.302823337922987046e-01
1.004166666666666607e+01,2.300132133995503869e-01
1.006250000000000000e+01,2.312785516955452036e-01
1.008333333333333215e+01,2.328174454425454287e-01
1.010416666666666607e+01,2.323894379368240670e-01
1.012500000000000000e+01,2.313337748483263456e-01
1.014583333333333215e+01,2.320196621453736729e-01
1.016666666666666607e+01,2.333054589034281312e-01
1.018750000000000000e+01,2.328181690285953398e-01
1.020833333333333215e+01,2.317859164764606017e-01
1.022916666666666607e+01,2.324558784171036896e-01
1.025000000000000000e+01,2.335656245278135146e-01
1.027083333333333215e+01,2.326777480912121943e-01
1.029166666666666607e+01,2.309200114153689976e-01
1.031250000000000000e+01,2.305028169030514384e-01
1.033333333333333215e+01,2.300861897659726152e-01
1.035416666666666607e+01,2.273362571230157225e-01
1.037500000000000000e+01,2.234167212725280405e-01
1.039583333333333215e+01,2.206305371570456142e-01
1.041666666666666607e+01,2.182607936794782322e-01
1.043750000000000000e+01,2.150562141731907628e-01
1.045833333333333215e+01,2.125169767772711604e-01
1.047916666666666607e+01,2.124599086654240798e-01
1.050000000000000000e+01,2.134201172704172089e-01
1.052083333333333215e+01,2.130791296701881610e-01
1.054166666666666607e+01,2.126727545808208830e-01
1.056250000000000000e+01,2.145434021407542635e-01
1.058333333333333215e+01,2.175385212282187897e-01
1.060416666666666607e+01,2.193785408499742684e-01
1.062500000000000000e+01,2.212487431156777429e-01
1.064583333333333215e+01,2.246049040804860841e-01
1.066666666666666607e+01,2.278614694984365807e-01
1.068750000000000000e+01,2.287486630978308733e-01
1.070833333333333215e+01,2.285791868821629436e-01
1.072916666666666607e+01,2.297485837566841937e-01
1.075000000000000000e+01,2.311948578857278280e-01
1.077083333333333215e+01,2.306355762984117486e-01
1.079166666666666607e+01,2.292799360751631155e-01
1.081250000000000000e+01,2.293598283189250686e-01
1.083333333333333215e+01,2.296670299022582351e-01
1.085416666666666607e+01,2.282385172748174207e-01
1.087500000000000000e+01,2.263754567062160050e-01
1.089583333333333215e+01,2.262776673568713259e-01
1.091666666666666607e+01,2.266179175968800197e-01
1.093750000000000000e+01,2.250193401145137440e-01
1.095833333333333215e+01,2.226048258538833313e-01
1.097916666666666607e+01,2.216385741794571484e-01
1.100000000000000000e+01,2.210122272129651511e-01
1.102083333333333215e+01,2.199521518442867363e-01
1.104166666666666607e+01,2.200004825589016166e-01
1.106250000000000000e+01,2.209600107766485078e-01
1.108333333333333215e+01,2.209603742439059937e-01
1.110416666666666607e+01,2.212806642680132385e-01
1.112500000000000000e+01,2.243275371356686920e-01
1.114583333333333215e+01,2.289676617168906747e-01
1.116666666666666607e+01,2.328343609708413975e-01
1.118750000000000000e+01,2.362015091153707169e-01
1.120833333333333215e+01,2.409894130545495450e-01
1.122916666666666607e+01,2.460542685107160177e-01
1.125000000000000000e+01,2.491344268670333262e-01
1.127083333333333215e+01,2.514677037959225925e-01
1.129166666666666607e+01,2.554203200744268876e-01
1.131250000000000000e+01,2.597490202660992509e-01
1.133333333333333215e+01,2.621643769774997246e-01
1.135416666666666607e+01,2.638439718370805265e-01
1.137500000000000000e+01,2.668864667764640486e-01
1.139583333333333215e+01,2.700058645700137983e-01
1.141666666666666607e+01,2.707805322789419988e-01
1.143750000000000000e+01,2.704203977267508052e-01
1.145833333333333215e+01,2.711488932690587772e-01
1.147916666666666607e+01,2.717156958884613949e-01
1.150000000000000000e+01,2.695503340611848930e-01
1.152083333333333215e+01,2.658195377993504693e-01
1.154166666666666607e+01,2.628159920285886852e-01
1.156250000000000000e+01,2.597408622718934135e-01
1.158333333333333215e+01,2.557114042541926424e-01
1.160416666666666607e+01,2.523085769461743122e-01
1.162500000000000000e+01,2.503846940429148571e-01
1.164583333333333215e+01,2.483430305200830801e-01
1.166666666666666607e+01,2.458761413648397620e-01
1.168750000000000000e+01,2.445952331520389600e-01
1.170833333333333215e+01,2.434537272089015159e-01
1.172916666666666607e+01,2.409686188887793512e-01
1.175000000000000000e+01,2.388582635618483607e-01
1.177083333333333215e+01,2.395167489291467888e-01
1.179166666666666607e+01,2.418177979396604060e-01
1.181250000000000000e+01,2.434470634155685986e-01
1.183333333333333215e+01,2.448352795602199705e-01
1.185416666666666607e+01,2.476745175404697630e-01
1.187500000000000000e+01,2.506394271987991140e-01
1.189583333333333215e+01,2.514767600456750407e-01
1.191666666666666607e+01,2.514041239438656317e-01
1.193750000000000000e+01,2.527695492674551514e-01
1.195833333333333215e+01,2.542464512202781135e-01
1.197916666666666607e+01,2.535098635659589483e-01
1.200000000000000000e+01,2.517137968723635044e-01
1.202083333333333215e+01,2.511228139549140925e-01
1.204166666666666607e+01,2.504752628790791191e-01
1.206250000000000000e+01,2.479066170460025031e-01
1.208333333333333215e+01,2.447997969146919472e-01
1.210416666666666607e+01,2.433704814114160675e-01
1.212500000000000000e+01,2.422967468193869267e-01
1.214583333333333215e+01,2.391562469655575396e-01
1.216666666666666607e+01,2.351618032478634546e-01
1.218750000000000000e+01,2.326147820293102131e-01
1.220833333333333215e+01,2.306938386732943491e-01
1.222916666666666607e+01,2.279341689247579850e-01
1.225000000000000000e+01,2.259591569574111447e-01
1.227083333333333215e+01,2.269026084734920568e-01
1.229166666666666607e+01,2.296062186156666296e-01
1.231250000000000000e+01,2.318398621440554419e-01
1.233333333333333215e+01,2.340390375586965110e-01
1.235416666666666607e+01,2.377194738964816811e-01
1.237500000000000000e+01,2.415142809500649412e-01
1.239583333333333215e+01,2.431803699288618281e-01
1.241666666666666607e+01,2.440025802113688913e-01
1.243750000000000000e+01,2.463836116512131413e-01
1.245833333333333215e+01,2.491003611909741733e-01
1.247916666666666607e+01,2.498676797078597522e-01
1.250000000000000000e+01,2.498258025208627275e-01
1.252083333333333215e+01,2.512766961479782624e-01
1.254166666666666607e+01,2.528699512762177526e-01
1.256250000000000000e+01,2.521994989085337147e-01
1.258333333333333215e+01,2.503846436935300290e-01
1.260416666666666607e+01,2.496167052034490019e-01
1.262500000000000000e+01,2.487018158958617109e-01
1.264583333333333215e+01,2.463007037344468741e-01
1.266666666666666607e+01,2.440531727861835476e-01
1.268750000000000000e+01,2.441977935045348547e-01
1.270833333333333215e+01,2.454936309293655472e-01
1.272916666666666607e+01,2.455496953849626574e-01
1.275000000000000000e+01,2.456187480519115285e-01
1.277083333333333215e+01,2.479259431232185285e-01
1.279166666666666607e+01,2.512598404056816115e-01
1.281250000000000000e+01,2.533642623464016919e-01
1.283333333333333215e+01,2.553643999155839062e-01
1.285416666666666607e+01,2.581611222916534998e-01
1.287500000000000000e+01,2.601464589382396220e-01
1.289583333333333215e+01,2.606456601213805735e-01
1.291666666666666607e+01,2.613136771037254391e-01
1.293750000000000000e+01,2.620258171431679162e-01
1.295833333333333215e+01,2.609273644006600001e-01
1.297916666666666607e+01,2.593506999806294289e-01
1.300000000000000000e+01,2.596087938342894197e-01
1.302083333333333215e+01,2.604995240119559186e-01
1.304166666666666607e+01,2.596327372587219906e-01
1.306250000000000000e+01,2.581957689734927786e-01
1.308333333333333215e+01,2.586071324688507533e-01
1.310416666666666607e+01,2.595428600245203166e-01
1.312500000000000000e+01,2.585838095956191629e-01
1.314583333333333215e+01,2.569478450167441141e-01
1.316666666666666607e+01,2.569032133494095205e-01
1.318750000000000000e+01,2.570920271972148563e-01
1.320833333333333215e+01,2.550551553003834182e-01
1.322916666666666607e+01,2.519056564985448499e-01
1.325000000000000000e+01,2.498801600632926667e-01
1.327083333333333215e+01,2.478329156055574800e-01
1.329166666666666607e+01,2.448031601837850624e-01
1.331250000000000000e+01,2.424272046018511040e-01
1.333333333333333215e+01,2.418742338297200645e-01
1.335416666666666607e+01,2.414534160058638967e-01
1.337500000000000000e+01,2.395134042703504496e-01
1.339583333333333215e+01,2.375522959493017727e-01
1.341666666666666607e+01,2.380038458513744903e-01
1.343750000000000000e+01,2.397027774961790203e-01
1.345833333333333215e+01,2.404197221389998695e-01
1.347916666666666607e+01,2.413785309709112481e-01
1.350000000000000000e+01,2.439949435290636182e-01
1.352083333333333215e+01,2.467039858590665546e-01
1.354166666666666607e+01,2.472817869037909899e-01
1.356250000000000000e+01,2.470296273214709071e-01
1.358333333333333215e+01,2.483188692605595438e-01
1.360416666666666607e+01,2.500055337567530511e-01
1.362500000000000000e+01,2.497141606166653482e-01
1.364583333333333215e+01,2.486845153666960295e-01
1.366666666666666607e+01,2.491703262768103500e-01
1.368750000000000000e+01,2.499142339569287163e-01
1.370833333333333215e+01,2.485443928528337509e-01
1.372916666666666607e+01,2.462228396805895836e-01
1.375000000000000000e+01,2.451826331686742244e-01
1.377083333333333215e+01,2.441836021403716028e-01
1.379166666666666607e+01,2.417529891361479832e-01
1.381250000000000000e+01,2.394287697590127550e-01
1.383333333333333215e+01,2.394576907391380016e-01
1.385416666666666607e+01,2.405305613830651112e-01
1.387500000000000000e+01,2.402372114139227355e-01
1.389583333333333215e+01,2.397684822772334357e-01
1.391666666666666607e+01,2.415390734535024231e-01
1.393750000000000000e+01,2.443363067658393950e-01
1.395833333333333215e+01,2.458934988055612447e-01
1.397916666666666607e+01,2.474076715434076479e-01
1.400000000000000000e+01,2.504743225821930430e-01
1.402083333333333215e+01,2.536271278839471455e-01
1.404166666666666607e+01,2.546515912457734121e-01
1.406250000000000000e+01,2.549044516898201218e-01
1.408333333333333215e+01,2.568096835715891202e-01
1.410416666666666607e+01,2.592461136905171437e-01
1.412500000000000000e+01,2.599682251888929541e-01
1.414583333333333215e+01,2.602842453078634821e-01
1.416666666666666607e+01,2.624833159474799227e-01
1.418750000000000000e+01,2.653800013324159601e-01
1.420833333333333215e+01,2.665708654123933319e-01
1.422916666666666607e+01,2.672265897066599116e-01
1.425000000000000000e+01,2.692009015315605658e-01
1.427083333333333215e+01,2.710799175365348757e-01
1.429166666666666607e+01,2.704219858657936904e-01
1.431250000000000000e+01,2.683404935247187817e-01
1.433333333333333215e+01,2.670395974773350778e-01
1.435416666666666607e+01,2.653154364530702636e-01
1.437500000000000000e+01,2.618954808821835067e-01
1.439583333333333215e+01,2.584177151560330676e-01
1.441666666666666607e+01,2.571298645468138577e-01
1.443750000000000000e+01,2.567143245168905241e-01
1.445833333333333215e+01,2.547221031067471442e-01
1.447916666666666607e+01,2.522879298310695129e-01
1.450000000000000000e+01,2.516429748831127688e-01
1.452083333333333215e+01,2.514859549326560750e-01
1.454166666666666607e+01,2.493656374317093916e-01
1.456250000000000000e+01,2.464347057388430462e-01
1.458333333333333215e+01,2.449543106908001755e-01
1.460416666666666607e+01,2.437567995193398451e-01
1.462500000000000000e+01,2.408108164401073781e-01
1.464583333333333215e+01,2.372301856967873601e-01
1.466666666666666607e+01,2.352371209294364662e-01
1.468750000000000000e+01,2.337928408256143009e-01
1.470833333333333215e+01,2.306439096225524343e-01
1.472916666666666607e+01,2.270276103869314221e-01
1.475000000000000000e+01,2.253341522786664053e-01
1.477083333333333215e+01,2.243910718095342149e-01
1.479166666666666607e+01,2.219790571830057846e-01
1.481250000000000000e+01,2.193553124221570283e-01
1.483333333333333215e+01,2.189879776859784410e-01
1.485416666666666607e+01,2.197295966661082234e-01
1.487500000000000000e+01,2.193472691254363394e-01
1.489583333333333215e+01,2.192211684824670603e-01
1.491666666666666607e+01,2.217871508050315021e-01
1.493750000000000000e+01,2.259049736344912185e-01
1.495833333333333215e+01,2.292731641636161777e-01
1.497916666666666607e+01,2.326345238208780697e-01
1.500000000000000000e+01,2.369989179261023926e-01
1.502083333333333215e+01,2.408053790320698051e-01
1.504166666666666607e+01,2.427228318775168092e-01
1.506250000000000000e+01,2.444210287347954591e-01
1.508333333333333215e+01,2.478821636003245843e-01
1.510416666666666607e+01,2.517498324273951815e-01
1.512500000000000000e+01,2.535458276952163859e-01
1.514583333333333215e+01,2.543907759695673287e-01
1.516666666666666607e+01,2.565191977093458364e-01
1.518750000000000000e+01,2.585499818446391207e-01
1.520833333333333215e+01,2.580760437064928969e-01
1.522916666666666607e+01,2.562147219055863068e-01
1.525000000000000000e+01,2.552405657919297743e-01
1.527083333333333215e+01,2.539840235695567938e-01
1.529166666666666607e+01,2.513242634708888201e-01
1.531250000000000000e+01,2.489169274996119452e-01
1.533333333333333215e+01,2.487239056895601264e-01
1.535416666666666607e+01,2.493340315353450853e-01
1.537500000000000000e+01,2.484953897988233240e-01
1.539583333333333215e+01,2.474721697622905559e-01
1.541666666666666607e+01,2.487115772269326841e-01
1.543750000000000000e+01,2.510507432452063203e-01
1.545833333333333215e+01,2.521689572068396279e-01
1.547916666666666607e+01,2.531203254999501162e-01
1.550000000000000000e+01,2.550604197135410978e-01
1.552083333333333215e+01,2.563623181261330264e-01
1.554166666666666607e+01,2.555212591568836178e-01
1.556250000000000000e+01,2.540305927158882926e-01
1.558333333333333215e+01,2.541920296830034731e-01
1.560416666666666607e+01,2.547175980051106237e-01
1.562500000000000000e+01,2.533402426351991088e-01
1.564583333333333215e+01,2.512921010723938031e-01
1.566666666666666607e+01,2.510034981307850965e-01
1.568750000000000000e+01,2.513296243356324400e-01
1.570833333333333215e+01,2.500612315365779437e-01
1.572916666666666607e+01,2.485759157175400913e-01
1.575000000000000000e+01,2.492786540413732266e-01
1.577083333333333215e+01,2.510584354630535642e-01
1.579166666666666607e+01,2.516821626201350415e-01
1.581250000000000000e+01,2.522795380453488612e-01
1.583333333333333215e+01,2.536889083722446148e-01
1.585416666666666607e+01,2.543233708501957402e-01
1.587500000000000000e+01,2.535773742041440570e-01
1.589583333333333215e+01,2.531283551470692172e-01
1.591666666666666607e+01,2.528144065127719831e-01
1.593750000000000000e+01,2.507965861723049361e-01
1.595833333333333215e+01,2.482333421821880659e-01
1.597916666666666607e+01,2.473716261686982609e-01
1.600000000000000000e+01,2.469276133855110023e-01
1.602083333333333215e+01,2.444682244712457209e-01
1.604166666666666430e+01,2.411405235613683085e-01
1.606250000000000000e+01,2.391767084923979714e-01
1.608333333333333215e+01,2.373673438760304510e-01
1.610416666666666430e+01,2.341722591212714311e-01
1.612500000000000000e+01,2.312008171655964284e-01
1.614583333333333215e+01,2.307246705036000156e-01
1.616666666666666430e+01,2.315686405468387610e-01
1.618750000000000000e+01,2.314283208299733885e-01
1.620833333333333215e+01,2.316228688420143011e-01
1.622916666666666430e+01,2.343235150000648748e-01
1.625000000000000000e+01,2.382600603385283955e-01
1.627083333333333215e+01,2.410290449738955731e-01
1.629166666666666430e+01,2.437677512884433850e-01
1.631250000000000000e+01,2.476754078278797233e-01
1.633333333333333215e+01,2.510655717989424551e-01
1.635416666666666430e+01,2.514901533341297180e-01
1.637500000000000000e+01,2.501738274539952456e-01
1.639583333333333215e+01,2.494757325485739974e-01
1.641666666666666430e+01,2.489614948197112765e-01
1.643750000000000000e+01,2.466294366369906899e-01
1.645833333333333215e+01,2.436374570085270697e-01
1.647916666666666430e+01,2.422167428472607187e-01
1.650000000000000000e+01,2.410717037746918368e-01
1.652083333333333215e+01,2.380159251215179517e-01
1.654166666666666430e+01,2.342875698410785690e-01
1.656250000000000000e+01,2.321550651810488364e-01
1.658333333333333215e+01,2.304364273154689280e-01
1.660416666666666430e+01,2.278542941113043396e-01
1.662500000000000000e+01,2.260205188403024423e-01
1.664583333333333215e+01,2.269216740673848653e-01
1.666666666666666430e+01,2.291567527559273398e-01
1.668750000000000000e+01,2.304573329463204812e-01
1.670833333333333215e+01,2.320274396125071303e-01
1.672916666666666430e+01,2.356855532135985198e-01
1.675000000000000000e+01,2.400458423561510068e-01
1.677083333333333215e+01,2.428815587600321735e-01
1.679166666666666430e+01,2.454819064803701323e-01
1.681250000000000000e+01,2.497966599776363372e-01
1.683333333333333215e+01,2.544540320841517378e-01
1.685416666666666430e+01,2.572201611696310897e-01
1.687500000000000000e+01,2.593874190009440306e-01
1.689583333333333215e+01,2.632911757587100832e-01
1.691666666666666430e+01,2.680821432890955758e-01
1.693750000000000000e+01,2.709397225735910575e-01
1.695833333333333215e+01,2.731428825474487287e-01
1.697916666666666430e+01,2.755885612552401165e-01
1.700000000000000000e+01,2.766461592066686292e-01
1.702083333333333215e+01,2.761697131680141415e-01
1.704166666666666430e+01,2.758270497190313253e-01
1.706250000000000000e+01,2.745392439622726388e-01
1.708333333333333215e+01,2.718092959632181227e-01
1.710416666666666430e+01,2.693332061939874289e-01
1.712500000000000000e+01,2.669384139766108888e-01
1.714583333333333215e+01,2.628661347685450345e-01
1.716666666666666430e+01,2.583293531626202344e-01
1.718750000000000000e+01,2.557377027203206477e-01
1.720833333333333215e+01,2.538640412018448034e-01
1.722916666666666430e+01,2.504883207706959380e-01
1.725000000000000000e+01,2.468627102572520660e-01
1.727083333333333215e+01,2.454479787412515990e-01
1.729166666666666430e+01,2.451330802656509211e-01
1.731250000000000000e+01,2.437002613830812903e-01
1.733333333333333215e+01,2.424871231596798793e-01
1.735416666666666430e+01,2.436579671812695580e-01
1.737500000000000000e+01,2.459871717571068261e-01
1.739583333333333215e+01,2.472057584069909386e-01
1.741666666666666430e+01,2.484538882114648850e-01
1.743750000000000000e+01,2.507001652043308049e-01
1.745833333333333215e+01,2.523179785223179650e-01
1.747916666666666430e+01,2.521361756269949184e-01
1.750000000000000000e+01,2.518650041420422703e-01
1.752083333333333215e+01,2.533737562557826783e-01
1.754166666666666430e+01,2.552576551072479605e-01
1.756250000000000000e+01,2.551573801980470124e-01
1.758333333333333215e+01,2.542432581734292985e-01
1.760416666666666430e+01,2.547873153032899629e-01
1.762500000000000000e+01,2.554438361400828139e-01
1.764583333333333215e+01,2.538355428830192939e-01
1.766666666666666430e+01,2.510515258576375697e-01
1.768750000000000000e+01,2.493152430203401937e-01
1.770833333333333215e+01,2.475292333048183524e-01
1.772916666666666430e+01,2.447061957863139459e-01
1.775000000000000000e+01,2.424711818405679842e-01
1.777083333333333215e+01,2.421343245529386790e-01
1.779166666666666430e+01,2.419988246778021490e-01
1.781250000000000000e+01,2.398327961464703784e-01
1.783333333333333215e+01,2.368865977960702696e-01
1.785416666666666430e+01,2.355319640341901055e-01
1.787500000000000000e+01,2.345898326180076432e-01
1.789583333333333215e+01,2.318535670044318264e-01
1.791666666666666430e+01,2.286807391106445431e-01
1.793750000000000000e+01,2.274834804432265822e-01
1.795833333333333215e+01,2.271764835773917024e-01
1.797916666666666430e+01,2.255180938352008835e-01
1.800000000000000000e+01,2.238173314964746752e-01
1.802083333333333215e+01,2.244215920422217014e-01
1.804166666666666430e+01,2.261917065502160873e-01
1.806250000000000000e+01,2.267655844003141630e-01
1.808333333333333215e+01,2.273711536325855043e-01
1.810416666666666430e+01,2.302229744907551834e-01
1.812500000000000000e+01,2.340599007279871580e-01
1.814583333333333215e+01,2.365109405678337828e-01
1.816666666666666430e+01,2.386883024348072091e-01
1.818750000000000000e+01,2.428260395994776277e-01
1.820833333333333215e+01,2.475513542871634054e-01
1.822916666666666430e+01,2.505150524333422113e-01
1.825000000000000000e+01,2.527913738872750726e-01
1.827083333333333215e+01,2.566666270345918655e-01
1.829166666666666430e+01,2.608061950733504553e-01
1.831250000000000000e+01,2.629010906897680244e-01
1.833333333333333215e+01,2.641425360823609347e-01
1.835416666666666430e+01,2.669076535281325602e-01
1.837500000000000000e+01,2.700384124596481028e-01
1.839583333333333215e+01,2.713047233906820677e-01
1.841666666666666430e+01,2.718963565959550688e-01
1.843750000000000000e+01,2.736072307466141385e-01
1.845833333333333215e+01,2.751298765002256896e-01
1.847916666666666430e+01,2.741946541298045381e-01
1.850000000000000000e+01,2.720425573129719998e-01
1.852083333333333215e+01,2.710317509029935290e-01
1.854166666666666430e+01,2.700907647026438152e-01
1.856250000000000000e+01,2.670136597794895983e-01
1.858333333333333215e+01,2.631010306232148821e-01
1.860416666666666430e+01,2.608477109097686042e-01
1.862500000000000000e+01,2.591261538221709126e-01
1.864583333333333215e+01,2.557306025442511177e-01
1.866666666666666430e+01,2.519005882658312823e-01
1.868750000000000000e+01,2.501052538203217268e-01
1.870833333333333215e+01,2.491277258144967977e-01
1.872916666666666430e+01,2.466754347744384013e-01
1.875000000000000000e+01,2.439013115801713094e-01
1.877083333333333215e+01,2.431185122868068371e-01
1.879166666666666430e+01,2.431133515838530545e-01
1.881250000000000000e+01,2.415223390995200337e-01
1.883333333333333215e+01,2.395439215033584868e-01
1.885416666666666430e+01,2.394413969427156563e-01
1.887500000000000000e+01,2.399574796198562787e-01
1.889583333333333215e+01,2.386428746697101255e-01
1.891666666666666430e+01,2.367002852679487568e-01
1.893750000000000000e+01,2.363948333669724511e-01
1.895833333333333215e+01,2.364224776656121407e-01
1.897916666666666430e+01,2.343176972498970112e-01
1.900000000000000000e+01,2.311859832095222167e-01
1.902083333333333215e+01,2.293393402152671678e-01
1.904166666666666430e+01,2.281587731133947194e-01
1.906250000000000000e+01,2.260484636575461059e-01
1.908333333333333215e+01,2.243858481832909091e-01
1.910416666666666430e+01,2.254591697907165071e-01
1.912500000000000000e+01,2.279236129863412563e-01
1.914583333333333215e+01,2.294026764255079343e-01
1.916666666666666430e+01,2.310397163689782429e-01
1.918750000000000000e+01,2.347686116649488064e-01
1.920833333333333215e+01,2.393516101913732153e-01
1.922916666666666430e+01,2.420788985257283921e-01
1.925000000000000000e+01,2.442997258308567676e-01
1.927083333333333215e+01,2.483147564113336037e-01
1.929166666666666430e+01,2.529011131693850722e-01
1.931250000000000000e+01,2.557719198318790799e-01
1.933333333333333215e+01,2.581772204149531125e-01
1.935416666666666430e+01,2.619539938975481430e-01
1.937500000000000000e+01,2.656852011486205423e-01
1.939583333333333215e+01,2.671650669228121666e-01
1.941666666666666430e+01,2.677093941063566351e-01
1.943750000000000000e+01,2.697588262009629201e-01
1.945833333333333215e+01,2.721642176034037575e-01
1.947916666666666430e+01,2.727011262560743998e-01
1.950000000000000000e+01,2.726629076286657405e-01
1.952083333333333215e+01,2.742684233534727345e-01
1.954166666666666430e+01,2.762507881805588705e-01
1.956250000000000000e+01,2.763632515720623184e-01
1.958333333333333215e+01,2.758420502857174550e-01
1.960416666666666430e+01,2.769184126172863913e-01
1.962500000000000000e+01,2.783686165633782461e-01
1.964583333333333215e+01,2.779157128700042168e-01
1.966666666666666430e+01,2.768620993446405110e-01
1.968750000000000000e+01,2.774311242419225110e-01
1.970833333333333215e+01,2.784194441274822074e-01
1.972916666666666430e+01,2.774458201362299814e-01
1.975000000000000000e+01,2.757002928938909192e-01
1.977083333333333215e+01,2.754084966074480945e-01
1.979166666666666430e+01,2.753014513969602173e-01
1.981250000000000000e+01,2.729594803923375834e-01
1.983333333333333215e+01,2.694752726617207772e-01
1.985416666666666430e+01,2.670392441387771654e-01
1.987500000000000000e+01,2.644164117799399638e-01
1.989583333333333215e+01,2.599636385216140821e-01
1.991666666666666430e+01,2.551545949514643086e-01
1.993750000000000000e+01,2.522060569379265260e-01
1.995833333333333215e+01,2.498922253639660196e-01
1.997916666666666430e+01,2.459154170924485183e-01
2.000000000000000000e+01,2.414164517749136096e-01
2.002083333333333215e+01,2.387752669789224569e-01
2.004166666666666430e+01,2.368116210285300116e-01
2.006250000000000000e+01,2.333482000845573667e-01
2.008333333333333215e+01,2.296412244094639676e-01
2.010416666666666430e+01,2.281228884618291541e-01
2.012500000000000000e+01,2.277284742847256738e-01
2.014583333333333215e+01,2.262358172297773695e-01
2.016666666666666430e+01,2.249845035912016178e-01
2.018750000000000000e+01,2.263408456440939298e-01
2.020833333333333215e+01,2.291805967175432057e-01
2.022916666666666430e+01,2.312124318733625727e-01
2.025000000000000000e+01,2.333626489182281660e-01
2.027083333333333215e+01,2.366511954449465327e-01
2.029166666666666430e+01,2.394814264685398431e-01
2.031250000000000000e+01,2.400976426010285880e-01
2.033333333333333215e+01,2.399936955646868875e-01
2.035416666666666430e+01,2.413906965362145607e-01
2.037500000000000000e+01,2.430810995913546546e-01
2.039583333333333215e+01,2.426585267186473494e-01
2.041666666666666430e+01,2.412854262163931507e-01
2.043750000000000000e+01,2.411690818214105858e-01
2.045833333333333215e+01,2.410447978516566669e-01
2.047916666666666430e+01,2.388628741567797309e-01
2.050000000000000000e+01,2.358747123614052532e-01
2.052083333333333215e+01,2.342818895331811313e-01
2.054166666666666430e+01,2.328946737948895396e-01
2.056250000000000000e+01,2.303392775574455709e-01
2.058333333333333215e+01,2.281825891676283746e-01
2.060416666666666430e+01,2.287371079607158908e-01
2.062500000000000000e+01,2.307615223345993449e-01
2.064583333333333215e+01,2.319927507388364063e-01
2.066666666666666430e+01,2.335072711479622976e-01
2.068750000000000000e+01,2.364486966726548622e-01
2.070833333333333215e+01,2.391843027524240273e-01
2.072916666666666430e+01,2.399679231039831273e-01
2.075000000000000000e+01,2.403203495732390005e-01
2.077083333333333215e+01,2.425872933521823205e-01
2.079166666666666430e+01,2.456306921613001515e-01
2.081250000000000000e+01,2.471640628514659710e-01
2.083333333333333215e+01,2.484079132950647306e-01
2.085416666666666430e+01,2.517486033681001212e-01
2.087500000000000000e+01,2.560136323014928772e-01
2.089583333333333215e+01,2.589156803599214074e-01
2.091666666666666430e+01,2.613481990576773106e-01
2.093750000000000000e+01,2.643600718509948599e-01
2.095833333333333215e+01,2.664502002366578304e-01
2.097916666666666430e+01,2.668620227541525503e-01
2.100000000000000000e+01,2.671975275128451455e-01
2.102083333333333215e+01,2.677484312371753994e-01
2.104166666666666430e+01,2.668171516588874748e-01
2.106250000000000000e+01,2.655884470242146911e-01
2.108333333333333215e+01,2.660619442876120955e-01
2.110416666666666430e+01,2.668835666214605662e-01
2.112500000000000000e+01,2.656316112592512768e-01
2.114583333333333215e+01,2.634016387888167832e-01
2.116666666666666430e+01,2.623861347339663252e-01
2.118750000000000000e+01,2.612456124580725958e-01
2.120833333333333215e+01,2.576040429796076503e-01
2.122916666666666430e+01,2.525988359256354232e-01
2.125000000000000000e+01,2.485764752627935836e-01
2.127083333333333215e+01,2.453175032816438672e-01
2.129166666666666430e+01,2.409768255118996394e-01
2.131250000000000000e+01,2.367150569525222070e-01
2.133333333333333215e+01,2.349271811409657795e-01
2.135416666666666430e+01,2.344085860281379385e-01
2.137500000000000000e+01,2.329540126286036850e-01
2.139583333333333215e+01,2.318332082505217551e-01
2.141666666666666430e+01,2.334684177992166210e-01
2.143750000000000000e+01,2.367694438528134548e-01
2.145833333333333215e+01,2.394212125808475866e-01
2.147916666666666430e+01,2.415277852935148462e-01
2.150000000000000000e+01,2.448452453692676056e-01
2.152083333333333215e+01,2.481620278348026509e-01
2.154166666666666430e+01,2.492691340502420638e-01
2.156250000000000000e+01,2.494062396878258814e-01
2.158333333333333215e+01,2.508243929375356118e-01
2.160416666666666430e+01,2.523408099893373890e-01
2.162500000000000000e+01,2.515683705994944952e-01
2.164583333333333215e+01,2.496736045776748736e-01
2.166666666666666430e+01,2.488630819282356410e-01
2.168750000000000000e+01,2.479325521164067458e-01
2.170833333333333215e+01,2.452779598235535763e-01
2.172916666666666430e+01,2.423400971910343871e-01
2.175000000000000000e+01,2.413113831467730563e-01
2.177083333333333215e+01,2.409021798441394746e-01
2.179166666666666430e+01,2.387568539058079753e-01
2.181250000000000000e+01,2.360007141709119516e-01
2.183333333333333215e+01,2.349583946859831185e-01
2.185416666666666430e+01,2.343884658908113316e-01
2.187500000000000000e+01,2.320660221656312694e-01
2.189583333333333215e+01,2.292172400249933018e-01
2.191666666666666430e+01,2.282037339608239124e-01
2.193750000000000000e+01,2.278648409630133209e-01
2.195833333333333215e+01,2.260157813591661680e-01
2.197916666666666430e+01,2.240126829831892430e-01
2.200000000000000000e+01,2.242424980698629333e-01
2.202083333333333215e+01,2.256132988946120688e-01
2.204166666666666430e+01,2.259078977914186215e-01
2.206250000000000000e+01,2.264351822028981553e-01
2.208333333333333215e+01,2.295173734662518950e-01
2.210416666666666430e+01,2.340115559363870334e-01
2.212500000000000000e+01,2.374926586356281288e-01
2.214583333333333215e+01,2.406789829777688794e-01
2.216666666666666430e+01,2.447975717075553115e-01
2.218750000000000000e+01,2.483438412514352434e-01
2.220833333333333215e+01,2.492989682431590859e-01
2.222916666666666430e+01,2.489440392681320502e-01
2.225000000000000000e+01,2.494659073967825935e-01
2.227083333333333215e+01,2.496381797766997201e-01
2.229166666666666430e+01,2.478645252083064576e-01
2.231250000000000000e+01,2.460497586146470073e-01
2.233333333333333215e+01,2.466799697532981173e-01
2.235416666666666430e+01,2.482780304728040843e-01
2.237500000000000000e+01,2.484577466202052831e-01
2.239583333333333215e+01,2.484667904667810234e-01
2.241666666666666430e+01,2.506921501437771593e-01
2.243750000000000000e+01,2.539245091029773138e-01
2.245833333333333215e+01,2.558864669472855624e-01
2.247916666666666430e+01,2.574904699426563970e-01
2.250000000000000000e+01,2.599377778732866462e-01
2.252083333333333215e+01,2.616999801795983349e-01
2.254166666666666430e+01,2.609571101915627578e-01
2.256250000000000000e+01,2.592253570946385088e-01
2.258333333333333215e+01,2.588774289289313413e-01
2.260416666666666430e+01,2.588236559268287662e-01
2.262500000000000000e+01,2.568040086256385690e-01
2.264583333333333215e+01,2.541290878375877527e-01
2.266666666666666430e+01,2.530729451919954687e-01
2.268750000000000000e+01,2.524678432144016327e-01
2.270833333333333215e+01,2.499569142708640834e-01
2.272916666666666430e+01,2.467063008032850946e-01
2.275000000000000000e+01,2.449369170286437303e-01
2.277083333333333215e+01,2.433822158817466053e-01
2.279166666666666430e+01,2.397756470602030732e-01
2.281250000000000000e+01,2.352539297839854604e-01
2.283333333333333215e+01,2.320405148674624940e-01
2.285416666666666430e+01,2.294194898721460540e-01
2.287500000000000000e+01,2.261400951505272705e-01
2.289583333333333215e+01,2.236803451847330093e-01
2.291666666666666430e+01,2.238720420937024835e-01
2.293750000000000000e+01,2.252410892822575006e-01
2.295833333333333215e+01,2.254625855204111518e-01
2.297916666666666430e+01,2.256956495202456225e-01
2.300000000000000000e+01,2.281751871884895588e-01
2.302083333333333215e+01,2.319254792780921781e-01
2.304166666666666430e+01,2.348066680268170447e-01
2.306250000000000000e+01,2.378921309053493027e-01
2.308333333333333215e+01,2.420060445875820421e-01
2.310416666666666430e+01,2.455403442930664815e-01
2.312500000000000000e+01,2.474269998958688599e-01
2.314583333333333215e+01,2.492806183877231685e-01
2.316666666666666430e+01,2.522665642740959946e-01
2.318750000000000000e+01,2.547657949098567909e-01
2.320833333333333215e+01,2.548475595438690067e-01
2.322916666666666430e+01,2.539220116439089847e-01
2.325000000000000000e+01,2.542261046004001823e-01
2.327083333333333215e+01,2.545561081350945498e-01
2.329166666666666430e+01,2.525451419228497141e-01
2.331250000000000000e+01,2.493639737777814114e-01
2.333333333333333215e+01,2.472378733489617175e-01
2.335416666666666430e+01,2.451484155665842046e-01
2.337500000000000000e+01,2.421967513398330385e-01
2.339583333333333215e+01,2.399476602039181949e-01
2.341666666666666430e+01,2.393956685028991449e-01
2.343750000000000000e+01,2.388552641527136589e-01
2.345833333333333215e+01,2.372197852804760476e-01
2.347916666666666430e+01,2.360784958468042649e-01
2.350000000000000000e+01,2.371225666921573105e-01
2.352083333333333215e+01,2.388017598117926354e-01
2.354166666666666430e+01,2.387981496089548739e-01
2.356250000000000000e+01,2.382537059723778827e-01
2.358333333333333215e+01,2.395263134806776828e-01
2.360416666666666430e+01,2.414298337518817616e-01
2.362500000000000000e+01,2.417501332541251435e-01
2.364583333333333215e+01,2.417529064150798213e-01
2.366666666666666430e+01,2.437873612265734347e-01
2.368750000000000000e+01,2.467397321741961469e-01
2.370833333333333215e+01,2.484146285074159133e-01
2.372916666666666430e+01,2.500153885965764045e-01
2.375000000000000000e+01,2.530076192757041431e-01
2.377083333333333215e+01,2.558733180045381639e-01
2.379166666666666430e+01,2.564074484806391219e-01
2.381250000000000000e+01,2.559158792316652553e-01
2.383333333333333215e+01,2.569855818122033786e-01
2.385416666666666430e+01,2.583849743078315830e-01
2.387500000000000000e+01,2.577829383916862560e-01
2.389583333333333215e+01,2.564971981441735993e-01
2.391666666666666430e+01,2.570439282541255310e-01
2.393750000000000000e+01,2.582728751904586617e-01
2.395833333333333215e+01,2.579031274159842568e-01
2.397916666666666430e+01,2.571088001836017711e-01
2.400000000000000000e+01,2.582719754489927744e-01
2.402083333333333215e+01,2.601854384406659393e-01
2.404166666666666430e+01,2.605151296343433676e-01
2.406250000000000000e+01,2.603931046805726401e-01
2.408333333333333215e+01,2.617108300695398793e-01
2.410416666666666430e+01,2.630442968259742442e-01
2.412500000000000000e+01,2.619570798606439266e-01
2.414583333333333215e+01,2.597176310084347017e-01
2.416666666666666430e+01,2.586788716289120660e-01
2.418750000000000000e+01,2.575622307052485849e-01
2.420833333333333215e+01,2.539462576790714743e-01
2.422916666666666430e+01,2.490042060529647772e-01
2.425000000000000000e+01,2.450911994899468704e-01
2.427083333333333215e+01,2.416081650436780470e-01
2.429166666666666430e+01,2.371673335886379519e-01
2.431250000000000000e+01,2.332854196155695059e-01
2.433333333333333215e+01,2.322347068715877039e-01
2.435416666666666430e+01,2.327301252289472600e-01
2.437500000000000000e+01,2.324270832700397194e-01
2.439583333333333215e+01,2.324252438753382777e-01
2.441666666666666430e+01,2.342901777895913806e-01
2.443750000000000000e+01,2.364248010077361628e-01
2.445833333333333215e+01,2.365368730588482959e-01
2.447916666666666430e+01,2.359575797548433829e-01
2.450000000000000000e+01,2.371626016562086159e-01
2.452083333333333215e+01,2.390298629429853938e-01
2.454166666666666430e+01,2.392048232170951860e-01
2.456250000000000000e+01,2.383863837578382161e-01
2.458333333333333215e+01,2.383341968159750079e-01
2.460416666666666430e+01,2.377960397127979464e-01
2.462500000000000000e+01,2.344620416338173696e-01
2.464583333333333215e+01,2.296562593850650646e-01
2.466666666666666430e+01,2.257016511842134809e-01
2.468750000000000000e+01,2.214827956837668310e-01
2.470833333333333215e+01,2.156309264633537726e-01
2.472916666666666430e+01,2.097415538546930636e-01
2.475000000000000000e+01,2.061307210447399507e-01
2.477083333333333215e+01,2.034294944609601197e-01
2.479166666666666430e+01,1.992033159105479345e-01
2.481250000000000000e+01,1.946314871321844497e-01
2.483333333333333215e+01,1.919565131864724161e-01
2.485416666666666430e+01,1.898420504228432448e-01
2.487500000000000000e+01,1.858657463875620086e-01
2.489583333333333215e+01,1.811995817597690794e-01
2.491666666666666430e+01,1.782023244315883714e-01
2.493750000000000000e+01,1.756914903316891818e-01
2.495833333333333215e+01,1.720839607445662778e-01
2.497916666666666430e+01,1.689129014307743926e-01
2.500000000000000000e+01,1.685862862050778177e-01
2.502083333333333215e+01,1.698795461360660120e-01
2.504166666666666430e+01,1.705261096313895053e-01
2.506250000000000000e+01,1.717065150324401102e-01
2.508333333333333215e+01,1.746706856520129081e-01
2.510416666666666430e+01,1.777642409040690596e-01
2.512500000000000000e+01,1.787368293682732867e-01
2.514583333333333215e+01,1.789371484637191367e-01
2.516666666666666430e+01,1.807793222667838096e-01
2.518750000000000000e+01,1.831062388937163277e-01
2.520833333333333215e+01,1.834407598745835533e-01
2.522916666666666430e+01,1.824579659089583528e-01
2.525000000000000000e+01,1.820867530375400445e-01
2.527083333333333215e+01,1.811011444288362915e-01
2.529166666666666430e+01,1.771382898013580398e-01
2.531250000000000000e+01,1.713472458970617396e-01
2.533333333333333215e+01,1.660564483164467531e-01
2.535416666666666430e+01,1.605382152479730706e-01
2.537500000000000000e+01,1.538764873070706252e-01
2.539583333333333215e+01,1.476993213479790290e-01
2.541666666666666430e+01,1.431607143728095000e-01
2.543750000000000000e+01,1.386602868103563591e-01
2.545833333333333215e+01,1.329628201575509816e-01
2.547916666666666430e+01,1.277849189114911577e-01
2.550000000000000000e+01,1.255042576477585492e-01
2.552083333333333215e+01,1.248518333576295047e-01
2.554166666666666430e+01,1.235564091382998081e-01
2.556250000000000000e+01,1.226853488796274816e-01
2.558333333333333215e+01,1.233553175846626021e-01
2.560416666666666430e+01,1.238756001314133964e-01
2.562500000000000000e+01,1.225953912304743598e-01
2.564583333333333215e+01,1.210686962960397656e-01
2.566666666666666430e+01,1.217765679341869800e-01
2.568750000000000000e+01,1.236192415125568211e-01
2.570833333333333215e+01,1.243637637598989376e-01
2.572916666666666430e+01,1.252311632345636805e-01
2.575000000000000000e+01,1.275930356711680314e-01
2.577083333333333215e+01,1.298395419510915416e-01
2.579166666666666430e+01,1.296763196949357322e-01
2.581250000000000000e+01,1.284258326780736703e-01
2.583333333333333215e+01,1.283997451996236605e-01
2.585416666666666430e+01,1.283906280531434962e-01
2.587500000000000000e+01,1.261277298561254701e-01
2.589583333333333215e+01,1.228818294038671599e-01
2.591666666666666430e+01,1.208784585090360436e-01
2.593750000000000000e+01,1.188782618115706152e-01
2.595833333333333215e+01,1.143609966161031333e-01
2.597916666666666430e+01,1.083108022556824590e-01
2.600000000000000000e+01,1.027967346439592616e-01
2.602083333333333215e+01,9.664295449241931679e-02
2.604166666666666430e+01,8.746543562290609586e-02
2.606250000000000000e+01,7.666254224994970001e-02
2.608333333333333215e+01,6.655762492321841417e-02
2.610416666666666430e+01,5.630919447922073245e-02
2.612500000000000000e+01,4.524053271971283791e-02
2.614583333333333215e+01,3.506407108425375202e-02
2.616666666666666430e+01,2.652837021390821309e-02
2.618750000000000000e+01,1.802722150983384480e-02
2.620833333333333215e+01,1.026023049313718252e-02
2.622916666666666430e+01,4.832814787692304125e-03
2.625000000000000000e+01,4.693390554042297476e-04
2.627083333333333215e+01,-5.180591231626867008e-03
2.629166666666666430e+01,-1.090408489305851221e-02
2.631250000000000000e+01,-1.442504294688145422e-02
2.633333333333333215e+01,-1.699488593895973759e-02
2.635416666666666430e+01,-2.097545614122006685e-02
2.637500000000000000e+01,-2.520301252676017748e-02
2.639583333333333215e+01,-2.742685931292394158e-02
2.641666666666666430e+01,-2.886275293651755294e-02
2.643750000000000000e+01,-3.122013370550556430e-02
2.645833333333333215e+01,-3.309879620004745754e-02
2.647916666666666430e+01,-3.228841942900806394e-02
2.650000000000000000e+01,-3.014756003629967540e-02
2.652083333333333215e+01,-2.906566229585583194e-02
2.654166666666666430e+01,-2.794217465093430317e-02
2.656250000000000000e+01,-2.458679183348203359e-02
2.658333333333333215e+01,-1.946400553226268135e-02
2.660416666666666430e+01,-1.451720459720350943e-02
2.662500000000000000e+01,-8.572985883524392517e-03
2.664583333333333215e+01,6.301429154913548020e-04
2.666666666666666430e+01,1.195598960364807790e-02
2.668750000000000000e+01,2.281182129590559465e-02
2.670833333333333215e+01,3.236462069585457901e-02
2.672916666666666430e+01,4.209043649550496535e-02
2.675000000000000000e+01,5.152403055272603699e-02
2.677083333333333215e+01,5.876770449517571687e-02
2.679166666666666430e+01,6.510895381068845800e-02
2.681250000000000000e+01,7.299778428139232223e-02
2.683333333333333215e+01,8.125418295863082174e-02
2.685416666666666430e+01,8.763201184098153018e-02
2.687500000000000000e+01,9.317967890478871806e-02
2.689583333333333215e+01,9.862715373882594005e-02
2.691666666666666430e+01,1.024191356810208592e-01
2.693750000000000000e+01,1.046954561937642886e-01
2.695833333333333215e+01,1.073191787254296620e-01
2.697916666666666430e+01,1.089321201761583174e-01
2.700000000000000000e+01,1.071053124095177472e-01
2.702083333333333215e+01,1.029905747800137217e-01
2.704166666666666430e+01,9.907111369635906994e-02
2.706250000000000000e+01,9.587168565818746102e-02
2.708333333333333215e+01,9.180072128339077098e-02
2.710416666666666430e+01,8.791803880501797286e-02
2.712500000000000000e+01,8.567053383213556195e-02
2.714583333333333215e+01,8.354765546676846955e-02
2.716666666666666430e+01,7.920608487976500689e-02
2.718750000000000000e+01,7.399863419971826339e-02
2.720833333333333215e+01,7.026239197387065816e-02
2.722916666666666430e+01,6.696387698428822588e-02
2.725000000000000000e+01,6.231137725849327652e-02
2.727083333333333215e+01,5.784879053583383279e-02
2.729166666666666430e+01,5.606182875453753073e-02
2.731250000000000000e+01,5.578635630507373239e-02
2.733333333333333215e+01,5.477781098307691471e-02
2.735416666666666430e+01,5.426532257120886965e-02
2.737500000000000000e+01,5.556413161544777185e-02
2.739583333333333215e+01,5.686055876946254778e-02
2.741666666666666430e+01,5.584147754155668886e-02
2.743750000000000000e+01,5.369725856055991564e-02
2.745833333333333215e+01,5.271832258680657357e-02
2.747916666666666430e+01,5.177519215877710024e-02
2.750000000000000000e+01,4.999597096274958907e-02
2.752083333333333215e+01,4.897025745875958902e-02
2.754166666666666430e+01,4.921664920516791164e-02
2.756250000000000000e+01,4.906825256986151185e-02
2.758333333333333215e+01,4.916360005186955207e-02
2.760416666666666430e+01,5.112331128237468381e-02
2.762500000000000000e+01,5.338880107826784321e-02
2.764583333333333215e+01,5.360339422012227323e-02
2.766666666666666430e+01,5.290058956030876947e-02
2.768750000000000000e+01,5.365559127646686577e-02
2.770833333333333215e+01,5.463879434181494882e-02
2.772916666666666430e+01,5.357958652246259945e-02
2.775000000000000000e+01,5.171893215527461479e-02
2.777083333333333215e+01,5.149536452964590533e-02
2.779166666666666430e+01,5.175146978969611539e-02
2.781250000000000000e+01,5.027908190847304309e-02
2.783333333333333215e+01,4.845609870496733057e-02
2.785416666666666430e+01,4.867572087901347877e-02
2.787500000000000000e+01,4.982735131604987960e-02
2.789583333333333215e+01,4.966454083562238386e-02
2.791666666666666430e+01,4.951960078446290825e-02
2.793750000000000000e+01,5.174192796176045606e-02
2.795833333333333215e+01,5.517700979996735533e-02
2.797916666666666430e+01,5.742915537055261893e-02
2.800000000000000000e+01,5.962652190295394256e-02
2.802083333333333215e+01,6.328817274315072516e-02
2.804166666666666430e+01,6.684229508776176609e-02
2.806250000000000000e+01,6.783200488541972495e-02
2.808333333333333215e+01,6.735272819729949678e-02
2.810416666666666430e+01,6.762695934160770084e-02
2.812500000000000000e+01,6.757389877577077431e-02
2.814583333333333215e+01,6.632773775426620277e-02
2.816666666666666430e+01,6.521090394826400960e-02
2.818750000000000000e+01,6.294818963732268235e-02
2.820833333333333215e+01,5.711657572968661251e-02
2.822916666666666430e+01,4.904521282955352779e-02
2.825000000000000000e+01,4.103118532489066772e-02
2.827083333333333215e+01,3.219498298430327476e-02
2.829166666666666430e+01,2.175330959957565147e-02
2.831250000000000000e+01,1.167467270458533504e-02
2.833333333333333215e+01,2.973769923833376790e-03
2.835416666666666430e+01,-5.781028554652289063e-03
2.837500000000000000e+01,-1.510499529894530554e-02
2.839583333333333215e+01,-2.336371526002225391e-02
2.841666666666666430e+01,-3.056996729362364620e-02
2.843750000000000000e+01,-3.863044247924641433e-02
2.845833333333333215e+01,-4.613900463837737609e-02
2.847916666666666430e+01,-5.074047694110344481e-02
2.850000000000000000e+01,-5.359092676608488010e-02
2.852083333333333215e+01,-5.686923626747797389e-02
2.854166666666666430e+01,-5.938884486100518695e-02
2.856250000000000000e+01,-5.935552142475688381e-02
2.858333333333333215e+01,-5.825110106725150255e-02
2.860416666666666430e+01,-5.831589288727381803e-02
2.862500000000000000e+01,-5.833753979229246850e-02
2.864583333333333215e+01,-5.597457621196215427e-02
2.866666666666666430e+01,-5.250858184844331422e-02
2.868750000000000000e+01,-5.025380789613050070e-02
2.870833333333333215e+01,-4.814654425650581604e-02
2.872916666666666430e+01,-4.430841381957346253e-02
2.875000000000000000e+01,-4.029611960951449967e-02
2.877083333333333215e+01,-3.856842855949841470e-02
2.879166666666666430e+01,-3.798602554776272372e-02
2.881250000000000000e+01,-3.635144984332108753e-02
2.883333333333333215e+01,-3.496763417943962726e-02
2.885416666666666430e+01,-3.628332920792728261e-02
2.887500000000000000e+01,-3.916309837221024909e-02
2.889583333333333215e+01,-4.124225979243714008e-02
2.891666666666666430e+01,-4.321059303323261658e-02
2.893750000000000000e+01,-4.642931383727717104e-02
2.895833333333333215e+01,-4.933036578140654466e-02
2.897916666666666430e+01,-4.964650049168301688e-02
2.900000000000000000e+01,-4.870902479418484643e-02
2.902083333333333215e+01,-4.889708052786622544e-02
2.904166666666666430e+01,-4.910397143104523743e-02
2.906250000000000000e+01,-4.713422526414696306e-02
2.908333333333333215e+01,-4.429676274535939567e-02
2.910416666666666430e+01,-4.292938249731377554e-02
2.912500000000000000e+01,-4.185364807158371836e-02
2.914583333333333215e+01,-3.901142047899179566e-02
2.916666666666666430e+01,-3.570849260832174160e-02
2.918750000000000000e+01,-3.428641805029768175e-02
2.920833333333333215e+01,-3.345099761275706352e-02
2.922916666666666430e+01,-3.087079371903498140e-02
2.925000000000000000e+01,-2.770093404809181523e-02
2.927083333333333215e+01,-2.623501145343546531e-02
2.929166666666666430e+01,-2.529068801101325842e-02
2.931250000000000000e+01,-2.335722851484354698e-02
2.933333333333333215e+01,-2.193707370222280212e-02
2.935416666666666430e+01,-2.321919844053286705e-02
2.937500000000000000e+01,-2.588644206325175015e-02
2.939583333333333215e+01,-2.745105842210650640e-02
2.941666666666666430e+01,-2.905229025107228594e-02
2.943750000000000000e+01,-3.289205658217161238e-02
2.945833333333333215e+01,-3.772863713503656069e-02
2.947916666666666430e+01,-4.108317594932019839e-02
2.950000000000000000e+01,-4.417248952175990839e-02
2.952083333333333215e+01,-4.928473324523155452e-02
2.954166666666666430e+01,-5.524570146151572964e-02
2.956250000000000000e+01,-5.975273441995841012e-02
2.958333333333333215e+01,-6.372181393270716365e-02
2.960416666666666430e+01,-6.819008644792096119e-02
2.962500000000000000e+01,-7.159189918621411408e-02
2.964583333333333215e+01,-7.291307389220132162e-02
2.966666666666666430e+01,-7.384196047030765209e-02
2.968750000000000000e+01,-7.564450588424474764e-02
2.970833333333333215e+01,-7.666527475578442663e-02
2.972916666666666430e+01,-7.476816519947729334e-02
2.975000000000000000e+01,-7.117331581949887243e-02
2.977083333333333215e+01,-6.832144265861231358e-02
2.979166666666666430e+01,-6.510803184538480060e-02
2.981250000000000000e+01,-6.011350255070788823e-02
2.983333333333333215e+01,-5.489263175830940561e-02
2.985416666666666430e+01,-5.172627302765003127e-02
2.987500000000000000e+01,-4.934666324281553051e-02
2.989583333333333215e+01,-4.534865785208243988e-02
2.991666666666666430e+01,-4.086130044314744553e-02
2.993750000000000000e+01,-3.810422445065106412e-02
2.995833333333333215e+01,-3.578235636079629689e-02
2.997916666666666430e+01,-3.145700427045289987e-02
3.000000000000000000e+01,-2.624728963917716956e-02
3.002083333333333215e+01,-2.250337576859209529e-02
3.004166666666666430e+01,-1.959692111394951627e-02
3.006250000000000000e+01,-1.585139273623573097e-02
3.008333333333333215e+01,-1.273535203150607392e-02
3.010416666666666430e+01,-1.256248448054353602e-02
3.012500000000000000e+01,-1.420335910537025466e-02
3.014583333333333215e+01,-1.536335831048450153e-02
3.016666666666666430e+01,-1.710172842729029002e-02
3.018750000000000000e+01,-2.034229522582952504e-02
3.020833333333333215e+01,-2.344315140467306477e-02
3.022916666666666430e+01,-2.520374994673058380e-02
3.025000000000000000e+01,-2.723945961527498780e-02
3.027083333333333215e+01,-3.085385843501271472e-02
3.029166666666666430e+01,-3.441486756797053348e-02
3.031250000000000000e+01,-3.564711327162931043e-02
3.033333333333333215e+01,-3.574128377728339606e-02
3.035416666666666430e+01,-3.707369284748578825e-02
3.037500000000000000e+01,-3.835852320257061854e-02
3.039583333333333215e+01,-3.727793775301770085e-02
3.041666666666666430e+01,-3.497652964355331406e-02
3.043750000000000000e+01,-3.375342653858981468e-02
3.045833333333333215e+01,-3.265092938616962620e-02
3.047916666666666430e+01,-3.058741729174521348e-02
3.050000000000000000e+01,-2.911492772225095227e-02
3.052083333333333215e+01,-2.953970925068041473e-02
3.054166666666666430e+01,-3.018060006351969485e-02
3.056250000000000000e+01,-2.858797629081523406e-02
3.058333333333333215e+01,-2.587613184711468756e-02
3.060416666666666430e+01,-2.406090583385416329e-02
3.062500000000000000e+01,-2.184101455340709333e-02
3.064583333333333215e+01,-1.683649305590358483e-02
3.066666666666666430e+01,-1.036516626086313869e-02
3.068750000000000000e+01,-4.734722333318076501e-03
3.070833333333333215e+01,1.052032298499384552e-03
3.072916666666666430e+01,8.772605611020275335e-03
3.075000000000000000e+01,1.682081005547939045e-02
3.077083333333333215e+01,2.276058926270767280e-02
3.079166666666666430e+01,2.772148775489335221e-02
3.081250000000000000e+01,3.387697594159442410e-02
3.083333333333333215e+01,3.998113840670709102e-02
3.085416666666666430e+01,4.353421886714975431e-02
3.087500000000000000e+01,4.574977095814709155e-02
3.089583333333333215e+01,4.886660607761954267e-02
3.091666666666666430e+01,5.171413730838670536e-02
3.093750000000000000e+01,5.195827841482271447e-02
3.095833333333333215e+01,5.089321333752200999e-02
3.097916666666666430e+01,5.088270870014214436e-02
3.100000000000000000e+01,5.081251100265728876e-02
3.102083333333333215e+01,4.841498656237982340e-02
3.104166666666666430e+01,4.499133940686585870e-02
3.106250000000000000e+01,4.301829913766461871e-02
3.108333333333333215e+01,4.135193715634051526e-02
3.110416666666666430e+01,3.779133419139239086e-02
3.112500000000000000e+01,3.358703956676974134e-02
3.114583333333333215e+01,3.120538538567705494e-02
3.116666666666666430e+01,2.942028124353729401e-02
3.118750000000000000e+01,2.594006008347595274e-02
3.120833333333333215e+01,2.193280285393632914e-02
3.122916666666666430e+01,1.968800658153120262e-02
3.125000000000000000e+01,1.805641256640384829e-02
3.127083333333333215e+01,1.523140495331943602e-02
3.129166666666666430e+01,1.080658407832910117e-02
3.131250000000000000e+01,6.301474989632526585e-03
3.133333333333333215e+01,1.435085391135373445e-03
3.135416666666666430e+01,-5.238497404790370439e-03
3.137500000000000000e+01,-1.238671711147234719e-02
3.139583333333333215e+01,-1.772500852909908442e-02
3.141666666666666430e+01,-2.256058071643503998e-02
3.143750000000000000e+01,-2.929593852603819618e-02
3.145833333333333215e+01,-3.665609277909318703e-02
3.147916666666666430e+01,-4.235919298052625431e-02
3.150000000000000000e+01,-4.743797408295048756e-02
3.152083333333333215e+01,-5.381895563978714159e-02
3.154166666666666430e+01,-5.993754809025104296e-02
3.156250000000000000e+01,-6.341907413418339245e-02
3.158333333333333215e+01,-6.534593413976241827e-02
3.160416666666666430e+01,-6.792720216231364072e-02
3.162500000000000000e+01,-6.986952184731289039e-02
3.164583333333333215e+01,-6.870107562388941269e-02
3.166666666666666430e+01,-6.558093058159895905e-02
3.168750000000000000e+01,-6.293553787415490097e-02
3.170833333333333215e+01,-6.072972512411325963e-02
3.172916666666666430e+01,-5.709358305380042575e-02
3.175000000000000000e+01,-5.325033242214373408e-02
3.177083333333333215e+01,-5.150878614213932200e-02
3.179166666666666430e+01,-5.075990501128981036e-02
3.181250000000000000e+01,-4.869406922055030673e-02
3.183333333333333215e+01,-4.664382260081364334e-02
3.185416666666666430e+01,-4.705849552830304594e-02
3.187500000000000000e+01,-4.883732643668223933e-02
3.189583333333333215e+01,-4.971948514419974319e-02
3.191666666666666430e+01,-5.053745073057210047e-02
3.193750000000000000e+01,-5.259164914145704472e-02
3.195833333333333215e+01,-5.431341824840095478e-02
3.197916666666666430e+01,-5.349834324674359459e-02
3.200000000000000000e+01,-5.142122191053732916e-02
3.202083333333332860e+01,-5.049840215547380523e-02
3.204166666666666430e+01,-4.949476031731752518e-02
3.206250000000000000e+01,-4.606164353802137679e-02
3.208333333333332860e+01,-4.134488148100122495e-02
3.210416666666666430e+01,-3.765139787828614831e-02
3.212500000000000000e+01,-3.420344155673058634e-02
3.214583333333332860e+01,-2.987223721147142311e-02
3.216666666666666430e+01,-2.618563095184958667e-02
3.218750000000000000e+01,-2.467025253501472018e-02
3.220833333333332860e+01,-2.372115344910983442e-02
3.222916666666666430e+01,-2.089172636284549259e-02
3.225000000000000000e+01,-1.731789627568413453e-02
3.227083333333332860e+01,-1.526774448818026507e-02
3.229166666666666430e+01,-1.369480463038379170e-02
3.231250000000000000e+01,-1.135693867304439324e-02
3.233333333333332860e+01,-9.928844254723630247e-03
3.235416666666666430e+01,-1.082191532768600820e-02
3.237500000000000000e+01,-1.250571096016490739e-02
3.239583333333332860e+01,-1.269592311237532217e-02
3.241666666666666430e+01,-1.262346425753157683e-02
3.243750000000000000e+01,-1.470567296307576967e-02
3.245833333333332860e+01,-1.775702868411711821e-02
3.247916666666666430e+01,-1.950434382978025530e-02
3.250000000000000000e+01,-2.123156164898034465e-02
3.252083333333332860e+01,-2.530916750618332836e-02
3.254166666666666430e+01,-3.057774133278548870e-02
3.256250000000000000e+01,-3.472282047864253679e-02
3.258333333333332860e+01,-3.845513774023502640e-02
3.260416666666666430e+01,-4.296275004068301345e-02
3.262500000000000000e+01,-4.670809974308866297e-02
3.264583333333332860e+01,-4.808318506967527300e-02
3.266666666666666430e+01,-4.868898569067205140e-02
3.268750000000000000e+01,-5.087427863903256492e-02
3.270833333333332860e+01,-5.346134730605933694e-02
3.272916666666666430e+01,-5.403099447576897862e-02
3.275000000000000000e+01,-5.380282949941035675e-02
3.277083333333332860e+01,-5.503175335545889418e-02
3.279166666666666430e+01,-5.644684766740278026e-02
3.281250000000000000e+01,-5.550272940538000799e-02
3.283333333333332860e+01,-5.266823939549861860e-02
3.285416666666666430e+01,-4.989824236622124320e-02
3.287500000000000000e+01,-4.592864772841506737e-02
3.289583333333332860e+01,-3.895267033643901033e-02
3.291666666666666430e+01,-3.044797791666694828e-02
3.293750000000000000e+01,-2.265033813117855316e-02
3.295833333333332860e+01,-1.452603215259831888e-02
3.297916666666666430e+01,-5.652489093715552804e-03
3.300000000000000000e+01,2.285600308020542711e-03
3.302083333333332860e+01,9.444445335840271488e-03
3.304166666666666430e+01,1.778114934165962724e-02
3.306250000000000000e+01,2.601197578366954213e-02
3.308333333333332860e+01,3.182543934704411964e-02
3.310416666666666430e+01,3.629515356006904336e-02
3.312500000000000000e+01,4.164757326934786369e-02
3.314583333333332860e+01,4.658471135875302122e-02
3.316666666666666430e+01,4.860649739388617913e-02
3.318750000000000000e+01,4.887092967379056546e-02
3.320833333333332860e+01,4.960463454596993754e-02
3.322916666666666430e+01,4.967106185859603007e-02
3.325000000000000000e+01,4.751587366138678575e-02
3.327083333333332860e+01,4.472968618814691238e-02
3.329166666666666430e+01,4.361638315704523955e-02
3.331250000000000000e+01,4.303242461046469930e-02
3.333333333333332860e+01,4.063659502718532102e-02
3.335416666666666430e+01,3.775166034108264762e-02
3.337500000000000000e+01,3.677022608585656105e-02
3.339583333333332860e+01,3.660956911032794275e-02
3.341666666666666430e+01,3.506843541295033562e-02
3.343750000000000000e+01,3.345404661172181326e-02
3.345833333333332860e+01,3.424312633662267985e-02
3.347916666666666430e+01,3.631317863647864908e-02
3.350000000000000000e+01,3.733648214143875377e-02
3.352083333333332860e+01,3.774442660706366082e-02
3.354166666666666430e+01,3.852550497455615314e-02
3.356250000000000000e+01,3.823957954700230033e-02
3.358333333333332860e+01,3.661067033570550300e-02
3.360416666666666430e+01,3.525216390944764522e-02
3.362500000000000000e+01,3.333048207200441093e-02
3.364583333333332860e+01,2.985161085536387413e-02
3.366666666666666430e+01,2.643202759053617928e-02
3.368750000000000000e+01,2.461451289884458368e-02
3.370833333333332860e+01,2.277275940416001107e-02
3.372916666666666430e+01,1.847905908710839248e-02
3.375000000000000000e+01,1.284230648028885508e-02
3.377083333333332860e+01,8.204883699701895003e-03
3.379166666666666430e+01,4.513592056940924496e-03
3.381250000000000000e+01,-8.277000158166494294e-05
3.383333333333332860e+01,-4.435878037268461624e-03
3.385416666666666430e+01,-6.258743408326761064e-03
3.387500000000000000e+01,-6.810801579515374064e-03
3.389583333333332860e+01,-8.333718157595553302e-03
3.391666666666666430e+01,-9.616280248340209127e-03
3.393750000000000000e+01,-8.258516641215173440e-03
3.395833333333332860e+01,-5.422694755566075456e-03
3.397916666666666430e+01,-3.344091426603709380e-03
3.400000000000000000e+01,-1.006252984808216761e-03
3.402083333333332860e+01,2.299496743979449927e-03
3.404166666666666430e+01,4.966734107558923132e-03
3.406250000000000000e+01,6.571309787921182297e-03
3.408333333333332860e+01,8.751372211309893512e-03
3.410416666666666430e+01,1.047321901348985049e-02
3.412500000000000000e+01,1.055288014123763850e-02
3.414583333333332860e+01,1.062309060678745358e-02
3.416666666666666430e+01,1.262008966744656603e-02
3.418750000000000000e+01,1.502466912720810607e-02
3.420833333333332860e+01,1.551300138555817068e-02
3.422916666666666430e+01,1.523706872309332425e-02
3.425000000000000000e+01,1.647819482319597129e-02
3.427083333333332860e+01,1.787297408557195558e-02
3.429166666666666430e+01,1.700469728647405893e-02
3.431250000000000000e+01,1.500952222946615351e-02
3.433333333333332860e+01,1.450932469956208067e-02
3.435416666666666430e+01,1.771804812987441691e-02
3.437500000000000000e+01,2.327291641757098239e-02
3.439583333333332860e+01,2.884066465223561124e-02
3.441666666666666430e+01,3.548646290121888064e-02
3.443750000000000000e+01,4.554534385437051386e-02
3.445833333333332860e+01,5.773242212816905028e-02
3.447916666666666430e+01,6.948994410726051785e-02
3.450000000000000000e+01,8.092615889238417848e-02
3.452083333333332860e+01,9.345911222615184422e-02
3.454166666666666430e+01,1.058301300140652434e-01
3.456250000000000000e+01,1.156084500058943837e-01
3.458333333333332860e+01,1.240265647673893940e-01
3.460416666666666430e+01,1.334942658157482198e-01
3.462500000000000000e+01,1.428171285694115611e-01
3.464583333333332860e+01,1.497726875789301415e-01
3.466666666666666430e+01,1.555428400734314431e-01
3.468750000000000000e+01,1.625456001497153913e-01
3.470833333333332860e+01,1.695726238399231089e-01
3.472916666666666430e+01,1.743344227868404706e-01
3.475000000000000000e+01,1.779798949287017540e-01
3.477083333333332860e+01,1.817473230345075241e-01
3.479166666666666430e+01,1.840715394736922583e-01
3.481250000000000000e+01,1.835807734057150753e-01
3.483333333333332860e+01,1.820345674120907864e-01
3.485416666666666430e+01,1.819001627058255410e-01
3.487500000000000000e+01,1.820715047057176461e-01
3.489583333333332860e+01,1.802883500549206097e-01
3.491666666666666430e+01,1.778714527960575387e-01
3.493750000000000000e+01,1.767410759288974287e-01
3.495833333333332860e+01,1.755850676991034254e-01
3.497916666666666430e+01,1.719588112198681129e-01
3.500000000000000000e+01,1.671816802363257637e-01
3.502083333333332860e+01,1.636017073779202635e-01
3.504166666666666430e+01,1.599188386499844350e-01
3.506250000000000000e+01,1.537706924783176221e-01
3.508333333333332860e+01,1.463475272225406576e-01
3.510416666666666430e+01,1.399738915252476679e-01
3.512500000000000000e+01,1.333980224505148249e-01
3.514583333333332860e+01,1.249596702669825421e-01
3.516666666666666430e+01,1.161498307507000671e-01
3.518750000000000000e+01,1.091625584932869597e-01
3.520833333333332860e+01,1.027640802053548102e-01
3.522916666666666430e+01,9.496117852539265325e-02
3.525000000000000000e+01,8.716827112881796180e-02
3.527083333333332860e+01,8.172580315881339263e-02
3.529166666666666430e+01,7.735389286805276210e-02
3.531250000000000000e+01,7.179858455161741704e-02
3.533333333333332860e+01,6.628566159994361828e-02
3.535416666666666430e+01,6.330851306058955796e-02
3.537500000000000000e+01,6.168511141186071300e-02
3.539583333333332860e+01,5.918458228550284306e-02
3.541666666666666430e+01,5.720256926417093685e-02
3.543750000000000000e+01,5.814981517953252826e-02
3.545833333333332860e+01,6.088826693532473078e-02
3.547916666666666430e+01,6.313935224008396241e-02
3.550000000000000000e+01,6.606156433645433979e-02
3.552083333333332860e+01,7.075806723190314340e-02
3.554166666666666430e+01,7.551419227488002928e-02
3.556250000000000000e+01,7.816355978371959667e-02
3.558333333333332860e+01,8.006620785806921325e-02
3.560416666666666430e+01,8.345742643573637876e-02
3.562500000000000000e+01,8.704586211932849316e-02
3.564583333333332860e+01,8.834831327359436715e-02
3.566666666666666430e+01,8.846320196465894126e-02
3.568750000000000000e+01,8.964964472132903872e-02
3.570833333333332860e+01,9.075680831111400393e-02
3.572916666666666430e+01,9.035130416868926428e-02
3.575000000000000000e+01,8.723035849528616714e-02
3.577083333333332860e+01,8.266049371579545224e-02
3.579166666666666430e+01,7.882138925858181433e-02
3.581250000000000000e+01,7.460414552168288804e-02
3.583333333333332860e+01,6.771315359564340775e-02
3.585416666666666430e+01,5.953906183940957386e-02
3.587500000000000000e+01,5.240308499376196416e-02
3.589583333333332860e+01,4.531071039939230105e-02
3.591666666666666430e+01,3.669895670569051777e-02
3.593750000000000000e+01,2.814252056633690172e-02
3.595833333333332860e+01,2.214201424404040053e-02
3.597916666666666430e+01,1.749561588004990009e-02
3.600000000000000000e+01,1.204283942084482216e-02
3.602083333333332860e+01,7.044946843301489250e-03
3.604166666666666430e+01,4.966597452353065274e-03
3.606250000000000000e+01,4.584765806697248258e-03
3.608333333333332860e+01,3.648360721328776021e-03
3.610416666666666430e+01,3.177293555110413236e-03
3.612500000000000000e+01,4.190496262985576176e-03
3.614583333333332860e+01,4.938027576452232517e-03
3.616666666666666430e+01,4.324345577882100083e-03
3.618750000000000000e+01,3.974309353130496721e-03
3.620833333333332860e+01,5.496789404839279476e-03
3.622916666666666430e+01,7.271957853591025020e-03
3.625000000000000000e+01,6.837475053272376070e-03
3.627083333333332860e+01,5.360916139484160625e-03
3.629166666666666430e+01,5.055295444953320297e-03
3.631250000000000000e+01,4.724747025916747542e-03
3.633333333333332860e+01,2.873384671301739551e-03
3.635416666666666430e+01,1.102775851971994755e-03
3.637500000000000000e+01,1.656333279074733659e-03
3.639583333333332860e+01,3.319338613602802919e-03
3.641666666666666430e+01,3.308092163928931517e-03
3.643750000000000000e+01,-9.030414912191875483e-04
3.645833333333332860e+01,-7.861008717174348612e-03
3.647916666666666430e+01,-1.492864742059857829e-02
3.650000000000000000e+01,-2.299455962482009619e-02
3.652083333333332860e+01,-3.260565933527739824e-02
3.654166666666666430e+01,-4.189585013901742094e-02
3.656250000000000000e+01,-5.050728239049739193e-02
3.658333333333332860e+01,-5.986958413719093569e-02
3.660416666666666430e+01,-6.880026095489225058e-02
3.662500000000000000e+01,-7.544121560623134881e-02
3.664583333333332860e+01,-8.133328489673349870e-02
3.666666666666666430e+01,-8.865483040710267493e-02
3.668750000000000000e+01,-9.619637623999484355e-02
3.670833333333332860e+01,-1.016350471044683290e-01
3.672916666666666430e+01,-1.062627520595521985e-01
3.675000000000000000e+01,-1.124606225171495000e-01
3.677083333333332860e+01,-1.190203917162223207e-01
3.679166666666666430e+01,-1.237366625816728044e-01
3.681250000000000000e+01,-1.277500073008683013e-01
3.683333333333332860e+01,-1.320430012390696184e-01
3.685416666666666430e+01,-1.350073046608146754e-01
3.687500000000000000e+01,-1.358351274729081570e-01
3.689583333333332860e+01,-1.362566752049168273e-01
3.691666666666666430e+01,-1.369434374016517408e-01
3.693750000000000000e+01,-1.363004888078472865e-01
3.695833333333332860e+01,-1.349597013938352297e-01
3.697916666666666430e+01,-1.346146447403397395e-01
3.700000000000000000e+01,-1.339012615281295060e-01
3.702083333333332860e+01,-1.303936356287390685e-01
3.704166666666666430e+01,-1.258032882591492430e-01
3.706250000000000000e+01,-1.216024392423844247e-01
3.708333333333332860e+01,-1.167012479030110073e-01
3.710416666666666430e+01,-1.092943592371796585e-01
3.712500000000000000e+01,-1.006506247516525954e-01
3.714583333333332860e+01,-9.300723207520437963e-02
3.716666666666666430e+01,-8.555143960106485757e-02
3.718750000000000000e+01,-7.760479698925547287e-02
3.720833333333332860e+01,-7.084151046316988776e-02
3.722916666666666430e+01,-6.536736186069548593e-02
3.725000000000000000e+01,-5.941450827230976284e-02
3.727083333333332860e+01,-5.420908409966376101e-02
3.729166666666666430e+01,-5.205300226222629029e-02
3.731250000000000000e+01,-5.182897593900284705e-02
3.733333333333332860e+01,-5.120616563563047674e-02
3.735416666666666430e+01,-5.125213775945222650e-02
3.737500000000000000e+01,-5.267165115419474020e-02
3.739583333333332860e+01,-5.386840381869277550e-02
3.741666666666666430e+01,-5.452382637330732695e-02
3.743750000000000000e+01,-5.630059712401638827e-02
3.745833333333332860e+01,-5.810058170133875627e-02
3.747916666666666430e+01,-5.778238840286730599e-02
3.750000000000000000e+01,-5.670583974358346657e-02
3.752083333333332860e+01,-5.721601976446526877e-02
3.754166666666666430e+01,-5.819027671157562392e-02
3.756250000000000000e+01,-5.728406111525963934e-02
3.758333333333332860e+01,-5.571246921807160996e-02
3.760416666666666430e+01,-5.570855288581408327e-02
3.762500000000000000e+01,-5.603415598678355980e-02
3.764583333333332860e+01,-5.429033825372898275e-02
3.766666666666666430e+01,-5.160323571619021554e-02
3.768750000000000000e+01,-5.019661430372768240e-02
3.770833333333332860e+01,-4.911574100565916506e-02
3.772916666666666430e+01,-4.743212894808081920e-02
3.775000000000000000e+01,-4.665822506369413786e-02
3.777083333333332860e+01,-4.748440834530323618e-02
3.779166666666666430e+01,-4.819801101351695732e-02
3.781250000000000000e+01,-4.881153270848491432e-02
3.783333333333332860e+01,-5.139767569994051905e-02
3.785416666666666430e+01,-5.660856779763050184e-02
3.787500000000000000e+01,-6.246161176467728005e-02
3.789583333333332860e+01,-6.791944740982575057e-02
3.791666666666666430e+01,-7.456078422477001311e-02
3.793750000000000000e+01,-8.231083286021316503e-02
3.795833333333332860e+01,-8.942247415561729862e-02
3.797916666666666430e+01,-9.699425265958096232e-02
3.800000000000000000e+01,-1.057081090083724917e-01
3.802083333333332860e+01,-1.137802015511940879e-01
3.804166666666666430e+01,-1.203627785041209153e-01
3.806250000000000000e+01,-1.271253412340362932e-01
3.808333333333332860e+01,-1.339257132823183372e-01
3.810416666666666430e+01,-1.389777970662855466e-01
3.812500000000000000e+01,-1.435194106240591239e-01
3.814583333333332860e+01,-1.494179699751482793e-01
3.816666666666666430e+01,-1.552382740252660487e-01
3.818750000000000000e+01,-1.585788852761982615e-01
3.820833333333332860e+01,-1.607029549027754467e-01
3.822916666666666430e+01,-1.638664608199573158e-01
3.825000000000000000e+01,-1.668423048794681063e-01
3.827083333333332860e+01,-1.671624123445467902e-01
3.829166666666666430e+01,-1.660094556835911284e-01
3.831250000000000000e+01,-1.656297557908019968e-01
3.833333333333332860e+01,-1.647336514553186526e-01
3.835416666666666430e+01,-1.614467750779762234e-01
3.837500000000000000e+01,-1.571600584022256331e-01
3.839583333333332860e+01,-1.541130515041496674e-01
3.841666666666666430e+01,-1.510751431664599242e-01
3.843750000000000000e+01,-1.463664169295893214e-01
3.845833333333332860e+01,-1.414863990968283081e-01
3.847916666666666430e+01,-1.388321339372909080e-01
3.850000000000000000e+01,-1.374434530063712301e-01
3.852083333333332860e+01,-1.365201843727364972e-01
3.854166666666666430e+01,-1.375295656599585248e-01
3.856250000000000000e+01,-1.394725229027697355e-01
3.858333333333332860e+01,-1.407140405141734940e-01
3.860416666666666430e+01,-1.427915245067093442e-01
3.862500000000000000e+01,-1.480920902196793121e-01
3.864583333333332860e+01,-1.555200975096021065e-01
3.866666666666666430e+01,-1.625210508015863531e-01
3.868750000000000000e+01,-1.681618896958041731e-01
3.870833333333332860e+01,-1.739931903979688721e-01
3.872916666666666430e+01,-1.801857484054789349e-01
3.875000000000000000e+01,-1.850167613728047056e-01
3.877083333333332860e+01,-1.894893803926459286e-01
3.879166666666666430e+01,-1.950030701711204795e-01
3.881250000000000000e+01,-1.997989474880567384e-01
3.883333333333332860e+01,-2.016304165708399099e-01
3.885416666666666430e+01,-2.016286137891979691e-01
3.887500000000000000e+01,-2.020959965077772091e-01
3.889583333333332860e+01,-2.021991873070527745e-01
3.891666666666666430e+01,-2.006978637055275849e-01
3.893750000000000000e+01,-1.991637715856761359e-01
3.895833333333332860e+01,-1.997635381408129351e-01
3.897916666666666430e+01,-2.011914967922749098e-01
3.900000000000000000e+01,-2.009881439697622785e-01
3.902083333333332860e+01,-2.003380068650333357e-01
3.904166666666666430e+01,-2.015033035166153008e-01
3.906250000000000000e+01,-2.033125266002628329e-01
3.908333333333332860e+01,-2.034400396070387418e-01
3.910416666666666430e+01,-2.031787433505365392e-01
3.912500000000000000e+01,-2.049027108113263551e-01
3.914583333333332860e+01,-2.074846509776324954e-01
3.916666666666666430e+01,-2.086840180032230319e-01
3.918750000000000000e+01,-2.095936442340276540e-01
3.920833333333332860e+01,-2.112347384208762835e-01
3.922916666666666430e+01,-2.120003640811158330e-01
3.925000000000000000e+01,-2.105426935056901316e-01
3.927083333333332860e+01,-2.052308528586831438e-01
3.929166666666666430e+01,-1.973689251299461656e-01
3.931250000000000000e+01,-1.893898586434075160e-01
3.933333333333332860e+01,-1.802459444165746827e-01
3.935416666666666430e+01,-1.686249428397765260e-01
3.937500000000000000e+01,-1.561021489173913257e-01
3.939583333333332860e+01,-1.452068667613018171e-01
3.941666666666666430e+01,-1.346574435334889353e-01
3.943750000000000000e+01,-1.221659180156431240e-01
3.945833333333332860e+01,-1.089614143157129900e-01
3.947916666666666430e+01,-9.734610107570379478e-02
3.950000000000000000e+01,-8.689161216192341219e-02
3.952083333333332860e+01,-7.598144907172024731e-02
3.954166666666666430e+01,-6.604437073351614174e-02
3.956250000000000000e+01,-5.924731718907955830e-02
3.958333333333332860e+01,-5.426784378361869388e-02
3.960416666666666430e+01,-4.864458666413573606e-02
3.962500000000000000e+01,-4.344143097201873943e-02
3.964583333333332860e+01,-4.088684489745803702e-02
3.966666666666666430e+01,-3.964270728888304174e-02
3.968750000000000000e+01,-3.725796903856062881e-02
3.970833333333332860e+01,-3.484080169912850966e-02
3.972916666666666430e+01,-3.462419109465481731e-02
3.975000000000000000e+01,-3.536066230634673374e-02
3.977083333333332860e+01,-3.482176793790420916e-02
3.979166666666666430e+01,-3.432697888352102822e-02
3.981250000000000000e+01,-3.617565286920919332e-02
3.983333333333332860e+01,-3.920477638071355464e-02
3.985416666666666430e+01,-4.111438179050928843e-02
3.987500000000000000e+01,-4.318935106189570466e-02
3.989583333333332860e+01,-4.784192693450450840e-02
3.991666666666666430e+01,-5.383905771279313274e-02
3.993750000000000000e+01,-5.965666401175007127e-02
3.995833333333332860e+01,-6.670005199881189062e-02
3.997916666666666430e+01,-7.666412821408875866e-02
4.000000000000000000e+01,-8.818121207800659611e-02
4.002083333333332860e+01,-9.875674233009283653e-02
4.004166666666666430e+01,-1.094312016935375942e-01
4.006250000000000000e+01,-1.208854354864260794e-01
4.008333333333332860e+01,-1.313014191255230390e-01
4.010416666666666430e+01,-1.398075180281691532e-01
4.012500000000000000e+01,-1.478519830484724684e-01
4.014583333333332860e+01,-1.561282368096288675e-01
4.016666666666666430e+01,-1.628917563059616436e-01
4.018750000000000000e+01,-1.683683710202214800e-01
4.020833333333332860e+01,-1.742733060062617856e-01
4.022916666666666430e+01,-1.794058264526394997e-01
4.025000000000000000e+01,-1.814094737911709498e-01
4.027083333333332860e+01,-1.815969321615533150e-01
4.029166666666666430e+01,-1.823264171509351161e-01
4.031250000000000000e+01,-1.824841646222830904e-01
4.033333333333332860e+01,-1.801677126187190003e-01
4.035416666666666430e+01,-1.769166156121171340e-01
4.037500000000000000e+01,-1.751765977637257388e-01
4.039583333333332860e+01,-1.737954616809602171e-01
4.041666666666666430e+01,-1.705955215548377590e-01
4.043750000000000000e+01,-1.668894863547956964e-01
4.045833333333332860e+01,-1.651335626981206284e-01
4.047916666666666430e+01,-1.640960147951872339e-01
4.050000000000000000e+01,-1.615541804277810523e-01
4.052083333333332860e+01,-1.587258561827556425e-01
4.054166666666666430e+01,-1.579395147040805747e-01
4.056250000000000000e+01,-1.579720203093218367e-01
4.058333333333332860e+01,-1.565278613600118440e-01
4.060416666666666430e+01,-1.548143742276333057e-01
4.062500000000000000e+01,-1.551021847722457436e-01
4.064583333333332860e+01,-1.560514716551334446e-01
4.066666666666666430e+01,-1.552147092588484489e-01
4.068750000000000000e+01,-1.537646542910818814e-01
4.070833333333332860e+01,-1.539337056594415609e-01
4.072916666666666430e+01,-1.545238274282510205e-01
4.075000000000000000e+01,-1.541735072501299042e-01
4.077083333333332860e+01,-1.545501769964552907e-01
4.079166666666666430e+01,-1.575282072109445153e-01
4.081250000000000000e+01,-1.617136752238529374e-01
4.083333333333332860e+01,-1.648517699363090949e-01
4.085416666666666430e+01,-1.681603012652836127e-01
4.087500000000000000e+01,-1.732594572232595831e-01
4.089583333333332860e+01,-1.786172930523169944e-01
4.091666666666666430e+01,-1.820444917544100649e-01
4.093750000000000000e+01,-1.849116739466158954e-01
4.095833333333332860e+01,-1.896523198929977172e-01
4.097916666666666430e+01,-1.951249974029631018e-01
4.100000000000000000e+01,-1.990589628976966730e-01
4.102083333333332860e+01,-2.024582361447898882e-01
4.104166666666666430e+01,-2.064361317621049297e-01
4.106250000000000000e+01,-2.093453230572221713e-01
4.108333333333332860e+01,-2.098938973682717146e-01
4.110416666666666430e+01,-2.096751286204782128e-01
4.112500000000000000e+01,-2.109930198781526656e-01
4.114583333333332860e+01,-2.124860303799100125e-01
4.116666666666666430e+01,-2.117853443497491606e-01
4.118750000000000000e+01,-2.100292145796449350e-01
4.120833333333332860e+01,-2.094057624406637785e-01
4.122916666666666430e+01,-2.085519233450724985e-01
4.125000000000000000e+01,-2.050313555120533426e-01
4.127083333333332860e+01,-1.999925028119821091e-01
4.129166666666666430e+01,-1.958227434426668134e-01
4.131250000000000000e+01,-1.923272918374926421e-01
4.133333333333332860e+01,-1.876249757079931357e-01
4.135416666666666430e+01,-1.830030189427372944e-01
4.137500000000000000e+01,-1.807394459603413883e-01
4.139583333333332860e+01,-1.796679988518771198e-01
4.141666666666666430e+01,-1.775712881269598808e-01
4.143750000000000000e+01,-1.718750968530231849e-01
4.145833333333332860e+01,-1.622659860512134233e-01
4.147916666666666430e+01,-1.505958778950237664e-01
4.150000000000000000e+01,-1.380926340954446163e-01
4.152083333333332860e+01,-1.235358558253683847e-01
4.154166666666666430e+01,-1.082296727690802290e-01
4.156250000000000000e+01,-9.420358659525447653e-02
4.158333333333332860e+01,-8.038587828694629400e-02
4.160416666666666430e+01,-6.458828729835017213e-02
4.162500000000000000e+01,-4.801971515668926327e-02
4.164583333333332860e+01,-3.327183559165546034e-02
4.166666666666666430e+01,-1.926000745359662814e-02
4.168750000000000000e+01,-2.300321112299982384e-03
4.170833333333332860e+01,1.203751146703451423e-02
4.172916666666666430e+01,2.495703568826426744e-02
4.175000000000000000e+01,3.797987095000714824e-02
4.177083333333332860e+01,4.965874078247189960e-02
4.179166666666666430e+01,5.775356569346399432e-02
4.181250000000000000e+01,6.373647030155454862e-02
4.183333333333332860e+01,7.007571720193017661e-02
4.185416666666666430e+01,7.567389099560516141e-02
4.187500000000000000e+01,7.838872814715375226e-02
4.189583333333332860e+01,7.954114169685480573e-02
4.191666666666666430e+01,8.153402179915848758e-02
4.193750000000000000e+01,8.326004529286151756e-02
4.195833333333332860e+01,8.246453149098129098e-02
4.197916666666666430e+01,8.044396102647062563e-02
4.200000000000000000e+01,7.968339867884045857e-02
4.202083333333332860e+01,7.903620489596900611e-02
4.204166666666666430e+01,7.626222738736179729e-02
4.206250000000000000e+01,7.258270199202916662e-02
4.208333333333332860e+01,7.048693386448084963e-02
4.210416666666666430e+01,6.879066744960808666e-02
4.212500000000000000e+01,6.519282006003503105e-02
4.214583333333332860e+01,6.083278269332034749e-02
4.216666666666666430e+01,5.802031459135443409e-02
4.218750000000000000e+01,5.551696110789083871e-02
4.220833333333332860e+01,5.094749347647490462e-02
4.222916666666666430e+01,4.543810910467057512e-02
4.225000000000000000e+01,4.129644402161569000e-02
4.227083333333332860e+01,3.798375858346732248e-02
4.229166666666666430e+01,3.386248267411752499e-02
4.231250000000000000e+01,3.051109475666967039e-02
4.233333333333332860e+01,2.957130430261132453e-02
4.235416666666666430e+01,2.998572733287737171e-02
4.237500000000000000e+01,2.942872540561446495e-02
4.239583333333332860e+01,2.904192357154238013e-02
4.241666666666666430e+01,3.109910495734855007e-02
4.243750000000000000e+01,3.448646659725988772e-02
4.245833333333332860e+01,3.689764421425627272e-02
4.247916666666666430e+01,3.927431495489346752e-02
4.250000000000000000e+01,4.252582890640069224e-02
4.252083333333332860e+01,4.510431289109211733e-02
4.254166666666666430e+01,4.625846183090979308e-02
4.256250000000000000e+01,4.758756892975465197e-02
4.258333333333332860e+01,4.913549890074241089e-02
4.260416666666666430e+01,4.913960960859290600e-02
4.262500000000000000e+01,4.889738957816685411e-02
4.264583333333332860e+01,5.082941535364918911e-02
4.266666666666666430e+01,5.376719383510431688e-02
4.268750000000000000e+01,5.540543859216205680e-02
4.270833333333332860e+01,5.658243507597988942e-02
4.272916666666666430e+01,5.865990919617962429e-02
4.275000000000000000e+01,6.012326928432994155e-02
4.277083333333332860e+01,5.893314005143386602e-02
4.279166666666666430e+01,5.641545972925875868e-02
4.281250000000000000e+01,5.504247968418337494e-02
4.283333333333332860e+01,5.360475944676507815e-02
4.285416666666666430e+01,4.976642326812886347e-02
4.287500000000000000e+01,4.466588383930900075e-02
4.289583333333332860e+01,4.065062592917294965e-02
4.291666666666666430e+01,3.702161005722258424e-02
4.293750000000000000e+01,3.254511410810806415e-02
4.295833333333332860e+01,2.871247981426192780e-02
4.297916666666666430e+01,2.729619990666206850e-02
4.300000000000000000e+01,2.682847611024385612e-02
4.302083333333332860e+01,2.483974895775992175e-02
4.304166666666666430e+01,2.246346244305073500e-02
4.306250000000000000e+01,2.197686890291729658e-02
4.308333333333332860e+01,2.232991006480949947e-02
4.310416666666666430e+01,2.184640194476574968e-02
4.312500000000000000e+01,2.255945673074002608e-02
4.314583333333332860e+01,2.660029211121814341e-02
4.316666666666666430e+01,3.244979431217030752e-02
4.318750000000000000e+01,3.773339284260063264e-02
4.320833333333332860e+01,4.349301996745715687e-02
4.322916666666666430e+01,5.009289615418785480e-02
4.325000000000000000e+01,5.583563434456593338e-02
4.327083333333332860e+01,6.142471368444200885e-02
4.329166666666666430e+01,6.806297018553805755e-02
4.331250000000000000e+01,7.425557859354477153e-02
4.333333333333332860e+01,7.780396524706220673e-02
4.335416666666666430e+01,8.005755362671360120e-02
4.337500000000000000e+01,8.342153721501567587e-02
4.339583333333332860e+01,8.679115779570499567e-02
4.341666666666666430e+01,8.799031594034523174e-02
4.343750000000000000e+01,8.832056708828589509e-02
4.345833333333332860e+01,9.012300175362453203e-02
4.347916666666666430e+01,9.228072306155894744e-02
4.350000000000000000e+01,9.246219821496419466e-02
4.352083333333332860e+01,9.187023065943746014e-02
4.354166666666666430e+01,9.270515831993419997e-02
4.356250000000000000e+01,9.374106621377083226e-02
4.358333333333332860e+01,9.259539041254352676e-02
4.360416666666666430e+01,9.038200534865814539e-02
4.362500000000000000e+01,8.926769289390409923e-02
4.364583333333332860e+01,8.798901507530061672e-02
4.366666666666666430e+01,8.421602885840084873e-02
4.368750000000000000e+01,7.897982299171021903e-02
4.370833333333332860e+01,7.440288865769981164e-02
4.372916666666666430e+01,6.935904390305135114e-02
4.375000000000000000e+01,6.211052223755476193e-02
4.377083333333332860e+01,5.401141270491816027e-02
4.379166666666666430e+01,4.745658835768103156e-02
4.381250000000000000e+01,4.125108036410604639e-02
4.383333333333332860e+01,3.338820560045482888e-02
4.385416666666666430e+01,2.516441487900891727e-02
4.387500000000000000e+01,1.896283071385149871e-02
4.389583333333332860e+01,1.375109635953707977e-02
4.391666666666666430e+01,7.305989573212793783e-03
4.393750000000000000e+01,9.380577700079880971e-04
4.395833333333332860e+01,-3.090594912937564415e-03
4.397916666666666430e+01,-5.850854563449073807e-03
4.400000000000000000e+01,-9.650095538969413397e-03
4.402083333333332860e+01,-1.327704266639887290e-02
4.404166666666666430e+01,-1.451171395214831059e-02
4.406250000000000000e+01,-1.459251317968876874e-02
4.408333333333332860e+01,-1.588676396525334419e-02
4.410416666666666430e+01,-1.728147641802440376e-02
4.412500000000000000e+01,-1.661827842281564382e-02
4.414583333333332860e+01,-1.519908527370162493e-02
4.416666666666666430e+01,-1.498564439461368136e-02
4.418750000000000000e+01,-1.473815547433776109e-02
4.420833333333332860e+01,-1.224279561797080723e-02
4.422916666666666430e+01,-8.818554462367263549e-03
4.425000000000000000e+01,-6.740064930618765680e-03
4.427083333333332860e+01,-4.892402623032437829e-03
4.429166666666666430e+01,-9.582677308286648979e-04
4.431250000000000000e+01,3.902216252434976586e-03
4.433333333333332860e+01,7.470242106929913042e-03
4.435416666666666430e+01,1.099532597218188038e-02
4.437500000000000000e+01,1.676786581320120414e-02
4.439583333333332860e+01,2.367502224243716452e-02
4.441666666666666430e+01,2.830941857400495754e-02
4.443750000000000000e+01,2.974418385593664491e-02
4.445833333333332860e+01,2.885052705153425337e-02
4.447916666666666430e+01,2.786251635682147898e-02
4.450000000000000000e+01,2.558491355099226303e-02
4.452083333333332860e+01,1.977233485016905573e-02
4.454166666666666430e+01,1.168257058866836902e-02
4.456250000000000000e+01,3.849445724527414143e-03
4.458333333333332860e+01,-4.645209362370156421e-03
4.460416666666666430e+01,-1.496662025494511009e-02
4.462500000000000000e+01,-2.513230254266119595e-02
4.464583333333332860e+01,-3.293137693620438317e-02
4.466666666666666430e+01,-3.950076862172176295e-02
4.468750000000000000e+01,-4.725773614662968219e-02
4.470833333333332860e+01,-5.482864449563899789e-02
4.472916666666666430e+01,-5.985741569484725327e-02
4.475000000000000000e+01,-6.363630372931332324e-02
4.477083333333332860e+01,-6.861736109411345486e-02
4.479166666666666430e+01,-7.363259068038770228e-02
4.481250000000000000e+01,-7.636280534911613072e-02
4.483333333333332860e+01,-7.819454745660624206e-02
4.485416666666666430e+01,-8.163599585166558814e-02
4.487500000000000000e+01,-8.554756260755055908e-02
4.489583333333332860e+01,-8.766474343994687390e-02
4.491666666666666430e+01,-8.932687719455247033e-02
4.493750000000000000e+01,-9.282706852589536761e-02
4.495833333333332860e+01,-9.690303745867000218e-02
4.497916666666666430e+01,-9.916892060335971704e-02
4.500000000000000000e+01,-1.008194379373816285e-01
4.502083333333332860e+01,-1.033436999589852356e-01
4.504166666666666430e+01,-1.051156150385595262e-01
4.506250000000000000e+01,-1.035941437630903128e-01
4.508333333333332860e+01,-1.000123006494477301e-01
4.510416666666666430e+01,-9.718930588576028817e-02
4.512500000000000000e+01,-9.730404594432894017e-02
4.514583333333332860e+01,-9.899547020980314915e-02
4.516666666666666430e+01,-9.982671531167036649e-02
4.518750000000000000e+01,-1.009707032095274598e-01
4.520833333333332860e+01,-1.042263101179339013e-01
4.522916666666666430e+01,-1.081289032275458695e-01
4.525000000000000000e+01,-1.102711619953268413e-01
4.527083333333332860e+01,-1.119967211270073981e-01
4.529166666666666430e+01,-1.156209294204090521e-01
4.531250000000000000e+01,-1.199144449783067501e-01
4.533333333333332860e+01,-1.226385390282724724e-01
4.535416666666666430e+01,-1.250548122707843546e-01
4.537500000000000000e+01,-1.290011256463941269e-01
4.539583333333332860e+01,-1.330568194829441497e-01
4.541666666666666430e+01,-1.350529346560953026e-01
4.543750000000000000e+01,-1.363604719800907417e-01
4.545833333333332860e+01,-1.393743705085316031e-01
4.547916666666666430e+01,-1.428907602728130277e-01
4.550000000000000000e+01,-1.446834552659375939e-01
4.552083333333332860e+01,-1.459030853931373994e-01
4.554166666666666430e+01,-1.477186970611482353e-01
4.556250000000000000e+01,-1.484239829213869766e-01
4.558333333333332860e+01,-1.467844092584588978e-01
4.560416666666666430e+01,-1.444655012014860740e-01
4.562500000000000000e+01,-1.437116774791100116e-01
4.564583333333332860e+01,-1.431950805834545926e-01
4.566666666666666430e+01,-1.405310533413254570e-01
4.568750000000000000e+01,-1.368934194454749786e-01
4.570833333333332860e+01,-1.344742615211688141e-01
4.572916666666666430e+01,-1.319115792107186935e-01
4.575000000000000000e+01,-1.269461377714995176e-01
4.577083333333332860e+01,-1.208757830175985759e-01
4.579166666666666430e+01,-1.160190033415952060e-01
4.581250000000000000e+01,-1.126237825646664720e-01
4.583333333333332860e+01,-1.110065960896717829e-01
4.585416666666666430e+01,-1.120419871921987942e-01
4.587500000000000000e+01,-1.141251243396862181e-01
4.589583333333332860e+01,-1.160766076406139352e-01
4.591666666666666430e+01,-1.194298926260371208e-01
4.593750000000000000e+01,-1.246490094625309492e-01
4.595833333333332860e+01,-1.299516792326588510e-01
4.597916666666666430e+01,-1.351460920824555934e-01
4.600000000000000000e+01,-1.419372231142208840e-01
4.602083333333332860e+01,-1.492333672060148775e-01
4.604166666666666430e+01,-1.547073554774847093e-01
4.606250000000000000e+01,-1.595459131180297918e-01
4.608333333333332860e+01,-1.661716214559202653e-01
4.610416666666666430e+01,-1.733237593249351283e-01
4.612500000000000000e+01,-1.786798664643650392e-01
4.614583333333332860e+01,-1.832683708751201290e-01
4.616666666666666430e+01,-1.894490902078837247e-01
4.618750000000000000e+01,-1.959172226947565598e-01
4.620833333333332860e+01,-2.002128473670593267e-01
4.622916666666666430e+01,-2.034068133070491002e-01
4.625000000000000000e+01,-2.077061103573820955e-01
4.627083333333332860e+01,-2.119137198703406055e-01
4.629166666666666430e+01,-2.135283314753118888e-01
4.631250000000000000e+01,-2.137181282633870139e-01
4.633333333333332860e+01,-2.147864017578620111e-01
4.635416666666666430e+01,-2.156251479416687877e-01
4.637500000000000000e+01,-2.138982642852989557e-01
4.639583333333332860e+01,-2.108678648904132313e-01
4.641666666666666430e+01,-2.089272864473992186e-01
4.643750000000000000e+01,-2.070431706593570398e-01
4.645833333333332860e+01,-2.029489376371191034e-01
4.647916666666666430e+01,-1.984309970486231589e-01
4.650000000000000000e+01,-1.950627978737145274e-01
4.652083333333332860e+01,-1.919506225373674713e-01
4.654166666666666430e+01,-1.870468110407167983e-01
4.656250000000000000e+01,-1.814700215510016146e-01
4.658333333333332860e+01,-1.776349955088988852e-01
4.660416666666666430e+01,-1.743731746910714697e-01
4.662500000000000000e+01,-1.693284591879933298e-01
4.664583333333332860e+01,-1.636070836726007394e-01
4.666666666666666430e+01,-1.594111388864623557e-01
4.668750000000000000e+01,-1.557268247540696537e-01
4.670833333333332860e+01,-1.518100820886221503e-01
4.672916666666666430e+01,-1.491688955984377674e-01
4.675000000000000000e+01,-1.475858814826279120e-01
4.677083333333332860e+01,-1.451844947021596333e-01
4.679166666666666430e+01,-1.430592321999240024e-01
4.681250000000000000e+01,-1.434147782537643356e-01
4.683333333333332860e+01,-1.449740347465383050e-01
4.685416666666666430e+01,-1.454910122649206161e-01
4.687500000000000000e+01,-1.461411125599944294e-01
4.689583333333332860e+01,-1.492564031597800600e-01
4.691666666666666430e+01,-1.537086629828465500e-01
4.693750000000000000e+01,-1.572990419998131773e-01
4.695833333333332860e+01,-1.611069773084158330e-01
4.697916666666666430e+01,-1.657064542003246488e-01
4.700000000000000000e+01,-1.694722778795949569e-01
4.702083333333332860e+01,-1.722996073382903892e-01
4.704166666666666430e+01,-1.759017920599509621e-01
4.706250000000000000e+01,-1.790548851798982599e-01
4.708333333333332860e+01,-1.795343332039021633e-01
4.710416666666666430e+01,-1.786219506916567334e-01
4.712500000000000000e+01,-1.786328981344494082e-01
4.714583333333332860e+01,-1.783387640664727825e-01
4.716666666666666430e+01,-1.762559976124572769e-01
4.718750000000000000e+01,-1.739537813783142983e-01
4.720833333333332860e+01,-1.736555810029956348e-01
4.722916666666666430e+01,-1.741597541342295163e-01
4.725000000000000000e+01,-1.740761453089772481e-01
4.727083333333332860e+01,-1.751938877568651465e-01
4.729166666666666430e+01,-1.791366897536342262e-01
4.731250000000000000e+01,-1.841941686781302101e-01
4.733333333333332860e+01,-1.878732080985188735e-01
4.735416666666666430e+01,-1.914434606918910819e-01
4.737500000000000000e+01,-1.970843708821457818e-01
4.739583333333332860e+01,-2.034773514048724696e-01
4.741666666666666430e+01,-2.083233949760868453e-01
4.743750000000000000e+01,-2.126575544499278991e-01
4.745833333333332860e+01,-2.187135734385227959e-01
4.747916666666666430e+01,-2.251436715316168513e-01
4.750000000000000000e+01,-2.296770693015947606e-01
4.752083333333332860e+01,-2.334241469403310065e-01
4.754166666666666430e+01,-2.386824183846235070e-01
4.756250000000000000e+01,-2.443503665553127535e-01
4.758333333333332860e+01,-2.482432488710606400e-01
4.760416666666666430e+01,-2.515026771010495099e-01
4.762500000000000000e+01,-2.551485131150350028e-01
4.764583333333332860e+01,-2.576392793760185485e-01
4.766666666666666430e+01,-2.578300488863594087e-01
4.768750000000000000e+01,-2.574243098250404427e-01
4.770833333333332860e+01,-2.586065387444956842e-01
4.772916666666666430e+01,-2.602308192634392725e-01
4.775000000000000000e+01,-2.600488435696082790e-01
4.777083333333332860e+01,-2.592627805337392455e-01
4.779166666666666430e+01,-2.600513719851215710e-01
4.781250000000000000e+01,-2.612250479587498453e-01
4.783333333333332860e+01,-2.605240252062094308e-01
4.785416666666666430e+01,-2.591299765128302068e-01
4.787500000000000000e+01,-2.595194711219762085e-01
4.789583333333332860e+01,-2.606875797755284219e-01
4.791666666666666430e+01,-2.597692774888831213e-01
4.793750000000000000e+01,-2.580628422399449673e-01
4.795833333333332860e+01,-2.581071118992984137e-01
4.797916666666666430e+01,-2.585880363960447181e-01
4.800000000000000000e+01,-2.570174750114974649e-01
4.802083333333332860e+01,-2.544685594641594717e-01
4.804166666666666430e+01,-2.532260530438252832e-01
4.806250000000000000e+01,-2.520538104505561372e-01
4.808333333333332860e+01,-2.486186048954638073e-01
4.810416666666666430e+01,-2.440259475868127859e-01
4.812500000000000000e+01,-2.406332106232886570e-01
4.814583333333332860e+01,-2.378423129196576558e-01
4.816666666666666430e+01,-2.341347051373320887e-01
4.818750000000000000e+01,-2.309456917212960592e-01
4.820833333333332860e+01,-2.306050305369262143e-01
4.822916666666666430e+01,-2.320293462286658892e-01
4.825000000000000000e+01,-2.328577752387098465e-01
4.827083333333332860e+01,-2.340418252919343189e-01
4.829166666666666430e+01,-2.363895685667335156e-01
4.831250000000000000e+01,-2.383625809881630420e-01
4.833333333333332860e+01,-2.394125971411386888e-01
4.835416666666666430e+01,-2.410748217526044734e-01
4.837500000000000000e+01,-2.424033171118925023e-01
4.839583333333332860e+01,-2.422061554714981801e-01
4.841666666666666430e+01,-2.421241458171236316e-01
4.843750000000000000e+01,-2.440405779857129365e-01
4.845833333333332860e+01,-2.466710021895436589e-01
4.847916666666666430e+01,-2.477607622242522234e-01
4.850000000000000000e+01,-2.485274752584987201e-01
4.852083333333332860e+01,-2.511365367093957301e-01
4.854166666666666430e+01,-2.543996997713237063e-01
4.856250000000000000e+01,-2.559846221375982611e-01
4.858333333333332860e+01,-2.570247560179563240e-01
4.860416666666666430e+01,-2.596394632528691293e-01
4.862500000000000000e+01,-2.628263713180142291e-01
4.864583333333332860e+01,-2.635989103649593046e-01
4.866666666666666430e+01,-2.632201603225724496e-01
