0.000000000000000000e+00,-4.971696681462597356e-01
2.083333333333333218e-02,-1.309783854524835534e-01
4.166666666666666435e-02,4.159923761884998794e-01
6.250000000000000000e-02,-2.466188691678141420e-01
8.333333333333332871e-02,-8.739566544041507123e-01
1.041666666666666574e-01,-2.081898860504889648e-01
1.250000000000000000e-01,4.328416606476034323e-01
1.458333333333333148e-01,-3.413042379047125097e-02
1.666666666666666574e-01,-3.308893458231882967e-01
1.875000000000000000e-01,3.189357164571245962e-01
2.083333333333333148e-01,6.737862203840891961e-01
2.291666666666666574e-01,6.482304958216981994e-02
2.500000000000000000e-01,-5.867183636193882279e-01
2.708333333333333148e-01,4.585304374590598586e-02
2.916666666666666297e-01,7.079607751741008315e-01
3.125000000000000000e-01,8.842461037970937576e-02
3.333333333333333148e-01,-6.235761813439959500e-01
3.541666666666666297e-01,3.208113084014460603e-02
3.750000000000000000e-01,6.742361747259799643e-01
3.958333333333333148e-01,-8.488029142272396355e-03
4.166666666666666297e-01,-6.223947669469409583e-01
4.375000000000000000e-01,2.918764998255579668e-03
4.583333333333333148e-01,6.572891221148986496e-01
4.791666666666666297e-01,-3.616924502798149477e-02
5.000000000000000000e-01,-4.133999323106619106e-01
5.208333333333332593e-01,2.164842205909684181e-01
5.416666666666666297e-01,8.448733967254266064e-01
5.625000000000000000e-01,1.878271148841278160e-01
5.833333333333332593e-01,-5.146577200741404567e-01
6.041666666666666297e-01,1.523601890647238999e-01
6.250000000000000000e-01,7.752468332737075807e-01
6.458333333333332593e-01,1.452065638166976369e-01
6.666666666666666297e-01,-5.225670494840490843e-01
6.875000000000000000e-01,1.868532898787882424e-01
7.083333333333332593e-01,2.458353330789294633e-01
7.291666666666666297e-01,-3.791534642540003164e-01
7.500000000000000000e-01,-4.366383389466080844e-01
7.708333333333332593e-01,2.688770761772492079e-01
7.916666666666666297e-01,-1.169407739786385014e-01
8.125000000000000000e-01,-7.425640096206145291e-01
8.333333333333332593e-01,-4.828976280487873307e-02
8.541666666666666297e-01,6.066320967620716376e-01
8.750000000000000000e-01,-9.336261814014853999e-03
8.958333333333332593e-01,-6.620832905871308904e-01
9.166666666666666297e-01,3.495667764889737184e-02
9.375000000000000000e-01,7.004223358918273412e-01
9.583333333333332593e-01,6.609222751749332936e-02
9.791666666666666297e-01,-5.402579759812314864e-01
1.000000000000000000e+00,1.304075267020962658e-01
1.020833333333333259e+00,3.274377597953883057e-01
1.041666666666666519e+00,-3.339164866665126907e-01
1.062500000000000000e+00,-5.799666187254163274e-01
1.083333333333333259e+00,4.339002449874523881e-02
1.104166666666666519e+00,7.096900324189931997e-01
1.125000000000000000e+00,2.740050293429896477e-02
1.145833333333333259e+00,-6.079187386421136541e-01
1.166666666666666519e+00,2.075505433857219306e-03
1.187500000000000000e+00,6.484053829397318225e-01
1.208333333333333259e+00,-3.289804340738627930e-02
1.229166666666666519e+00,-7.071946701760751797e-01
1.250000000000000000e+00,-8.403067110586094624e-02
1.270833333333333259e+00,5.293455006722692646e-01
1.291666666666666519e+00,-1.404308523198902481e-01
1.312500000000000000e+00,-8.269188227129129487e-01
1.333333333333333259e+00,-1.652299213146252166e-01
1.354166666666666519e+00,4.404370992567361309e-01
1.375000000000000000e+00,-1.240021930301616754e-01
1.395833333333333259e+00,-3.477642941333380922e-01
1.416666666666666519e+00,3.086012274233026487e-01
1.437500000000000000e+00,6.108836812911481173e-01
1.458333333333333259e+00,-7.178153074061249805e-04
1.479166666666666519e+00,-6.371961013123408346e-01
1.500000000000000000e+00,5.495990150712054545e-02
1.520833333333333259e+00,7.473898142112889165e-01
1.541666666666666519e+00,4.936284963357134847e-02
1.562500000000000000e+00,-6.003268994294537197e-01
1.583333333333333259e+00,8.382232753713164675e-02
1.604166666666666519e+00,7.947212022596990000e-01
1.625000000000000000e+00,1.083367392360755910e-01
1.645833333333333259e+00,-5.235048124826703342e-01
1.666666666666666519e+00,9.006462743316318020e-02
1.687500000000000000e+00,3.727524541257811741e-01
1.708333333333333259e+00,-3.452215833844277104e-01
1.729166666666666519e+00,-6.359764417522053570e-01
1.750000000000000000e+00,-1.526974011144072163e-03
1.770833333333333259e+00,6.233352262864656490e-01
1.791666666666666519e+00,-8.675345254765207126e-02
1.812500000000000000e+00,-7.581546857116239213e-01
1.833333333333333259e+00,-1.087551027365815104e-01
1.854166666666666519e+00,4.876369719634755517e-01
1.875000000000000000e+00,-1.726559665003866706e-01
1.895833333333333259e+00,-3.905772647622330340e-01
1.916666666666666519e+00,2.732291591544372400e-01
1.937500000000000000e+00,7.028855687413856357e-01
1.958333333333333259e+00,8.980159193196129985e-02
1.979166666666666519e+00,-5.644284202332456868e-01
2.000000000000000000e+00,1.370628489345419865e-01
2.020833333333333037e+00,7.923373960188273557e-01
2.041666666666666519e+00,1.698417199347505013e-01
2.062500000000000000e+00,-4.355397382126516836e-01
2.083333333333333037e+00,2.505069647724558757e-01
2.104166666666666519e+00,2.408232747933061468e-01
2.125000000000000000e+00,-4.107709469222009524e-01
2.145833333333333037e+00,-2.681175354738908612e-02
2.166666666666666519e+00,5.030126988421894652e-01
2.187500000000000000e+00,-1.284760276789456424e-01
2.208333333333333037e+00,-8.091380156715702876e-01
2.229166666666666519e+00,-1.255061215268845065e-01
2.250000000000000000e+00,4.869492416977449500e-01
2.270833333333333037e+00,-1.659813396546254149e-01
2.291666666666666519e+00,-7.662996477835309905e-01
2.312500000000000000e+00,-1.171234905839125817e-01
2.333333333333333037e+00,5.002047808239337146e-01
2.354166666666666519e+00,-1.959809156464100977e-01
2.375000000000000000e+00,-2.024165272007802940e-01
2.395833333333333037e+00,4.204862518016621031e-01
2.416666666666666519e+00,1.933992075753057371e-01
2.437500000000000000e+00,-5.076431447907339134e-01
2.458333333333333037e+00,1.497949250459571224e-01
2.479166666666666519e+00,7.729908874104037819e-01
2.500000000000000000e+00,1.615015975966462847e-01
2.520833333333333037e+00,-5.118362219844245775e-01
2.541666666666666519e+00,1.583010678651274594e-01
2.562500000000000000e+00,8.135855107364072802e-01
2.583333333333333037e+00,2.089801240781100633e-01
2.604166666666666519e+00,-4.356134637496758000e-01
2.625000000000000000e+00,7.380030626741761191e-02
2.645833333333333037e+00,3.877818431626376405e-01
2.666666666666666519e+00,-2.448786927151278825e-01
2.687500000000000000e+00,-7.758552607742290608e-01
2.708333333333333037e+00,-1.272598048107062840e-01
2.729166666666666519e+00,5.673046185897490101e-01
2.750000000000000000e+00,-9.833459372578665092e-02
2.770833333333333037e+00,-7.251076697195324439e-01
2.791666666666666519e+00,-1.288907483927622388e-01
2.812500000000000000e+00,5.309386313784714151e-01
2.833333333333333037e+00,-1.293479455413585055e-01
2.854166666666666519e+00,-7.683340699998930656e-01
2.875000000000000000e+00,-1.712916119188679365e-01
2.895833333333333037e+00,4.618157738713865035e-01
2.916666666666666519e+00,4.306282058985573535e-02
2.937500000000000000e+00,-4.395602298038935873e-01
2.958333333333333037e+00,2.040960482470501325e-01
2.979166666666666519e+00,8.193193447754166803e-01
3.000000000000000000e+00,1.474870915768041468e-01
3.020833333333333037e+00,-5.549735411807285024e-01
3.041666666666666519e+00,-9.908554163136815696e-01
3.062500000000000000e+00,-3.575522342905467221e-01
3.083333333333333037e+00,2.687046346644386685e-01
3.104166666666666519e+00,-3.346900809807912269e-01
3.125000000000000000e+00,-3.657401684979281198e-01
3.145833333333333037e+00,2.992689869806978709e-01
3.166666666666666519e+00,2.969327978305807969e-01
3.187500000000000000e+00,-3.700562291797484527e-01
3.208333333333333037e+00,2.566917728377430263e-01
3.229166666666666519e+00,7.218843368048022402e-01
3.250000000000000000e+00,6.007675733156273012e-02
3.270833333333333037e+00,-6.413046141368394792e-01
3.291666666666666519e+00,3.952423148150457921e-02
3.312500000000000000e+00,6.634781616671062698e-01
3.333333333333333037e+00,4.431797696089248562e-02
3.354166666666666519e+00,-5.862338863982206050e-01
3.375000000000000000e+00,9.375671353175149547e-02
3.395833333333333037e+00,7.622351301844070282e-01
3.416666666666666519e+00,1.418648008227930135e-01
3.437500000000000000e+00,-4.717558819267304027e-01
3.458333333333333037e+00,1.981021465713283247e-01
3.479166666666666519e+00,8.853099826924312188e-01
3.500000000000000000e+00,2.259743065559147168e-01
3.520833333333333037e+00,-3.823800849886774822e-01
3.541666666666666519e+00,2.492651376408906716e-01
3.562500000000000000e+00,7.245735294107136237e-01
3.583333333333333037e+00,5.742759326372548490e-02
3.604166666666666519e+00,-5.803434045176059097e-01
3.625000000000000000e+00,4.205009167660968272e-02
3.645833333333333037e+00,6.817355486120910690e-01
3.666666666666666519e+00,-5.009740673760346152e-02
3.687500000000000000e+00,-7.427149827441055230e-01
3.708333333333333037e+00,-9.060136655082162704e-02
3.729166666666666519e+00,5.147312521463914825e-01
3.750000000000000000e+00,-1.611405357624511869e-01
3.770833333333333037e+00,-8.274374258367562796e-01
3.791666666666666519e+00,-1.690298016063436215e-01
3.812500000000000000e+00,4.303891222290571195e-01
3.833333333333333037e+00,-1.971598368580730343e-01
3.854166666666666519e+00,-8.675489251603732965e-01
3.875000000000000000e+00,-1.678668456897377259e-01
3.895833333333333037e+00,4.711374782528822691e-01
3.916666666666666519e+00,-1.509387958129010388e-01
3.937500000000000000e+00,-4.563682908990507325e-01
3.958333333333333037e+00,2.533444153121025555e-01
3.979166666666666519e+00,8.713321748122148103e-01
4.000000000000000000e+00,2.287148623890008226e-01
4.020833333333333037e+00,-3.701753617577983047e-01
4.041666666666666075e+00,1.521228485071033365e-01
4.062500000000000000e+00,4.288719248087021207e-01
4.083333333333333037e+00,-2.319882625302086832e-01
4.104166666666666075e+00,-5.391240326029228536e-01
4.125000000000000000e+00,7.634812162933853064e-02
4.145833333333333037e+00,7.376525693061263267e-01
4.166666666666666075e+00,8.287549963418433530e-02
4.187500000000000000e+00,-5.514701046600687384e-01
4.208333333333333037e+00,8.911411856484705019e-02
4.229166666666666075e+00,6.532525450578114956e-01
4.250000000000000000e+00,-8.390731829051895074e-03
4.270833333333333037e+00,-6.776233628229697548e-01
4.291666666666666075e+00,-1.431705349165254826e-02
4.312500000000000000e+00,5.914706327270508046e-01
4.333333333333333037e+00,-5.029182021608016862e-02
4.354166666666666075e+00,-7.234626647424333701e-01
4.375000000000000000e+00,-8.335000949683496474e-02
4.395833333333333037e+00,5.098470985665679578e-01
4.416666666666666075e+00,-1.570599608768282751e-01
4.437500000000000000e+00,-8.029771570234839340e-01
4.458333333333333037e+00,-2.061037819186796738e-01
4.479166666666666075e+00,4.423268834058226018e-01
4.500000000000000000e+00,-1.795540219223328848e-01
4.520833333333333037e+00,-3.039237917893161667e-01
4.541666666666666075e+00,3.242143572946175056e-01
4.562500000000000000e+00,3.974947561751795977e-01
4.583333333333333037e+00,-2.695096268031524911e-01
4.604166666666666075e+00,-2.101619250017291302e-02
4.625000000000000000e+00,6.135724682502345928e-01
4.645833333333333037e+00,-7.210005439000707894e-02
4.666666666666666075e+00,-7.199449091639454901e-01
4.687500000000000000e+00,-1.108829298366977162e-01
4.708333333333333037e+00,5.661833879338726838e-01
4.729166666666666075e+00,-1.054305778715592667e-01
4.750000000000000000e+00,-3.095045284617617964e-01
4.770833333333333037e+00,3.343502579317593204e-01
4.791666666666666075e+00,6.652561944731447685e-01
4.812500000000000000e+00,2.626266086273809641e-02
4.833333333333333037e+00,-5.863991819121082694e-01
4.854166666666666075e+00,1.028482192816600471e-01
4.875000000000000000e+00,7.691139441629116780e-01
4.895833333333333037e+00,1.587912167656468920e-01
4.916666666666666075e+00,-4.868537630673850924e-01
4.937500000000000000e+00,1.952976842338600139e-01
4.958333333333333037e+00,3.831585224520537292e-01
4.979166666666666075e+00,-2.283360981070378659e-01
5.000000000000000000e+00,-9.607326038213659380e-01
5.020833333333333037e+00,-2.795426719017449768e-01
5.041666666666666075e+00,3.613630187783274383e-01
5.062500000000000000e+00,-1.958923341219714898e-01
5.083333333333333037e+00,-4.694163221896366922e-01
5.104166666666666075e+00,1.666518782619202665e-01
5.125000000000000000e+00,7.593562709614785078e-01
5.145833333333333037e+00,4.620865979644486754e-02
5.166666666666666075e+00,-6.174196256581432340e-01
5.187500000000000000e+00,1.687746239775350654e-02
5.208333333333333037e+00,6.730337734495791535e-01
5.229166666666666075e+00,-3.409973585733652723e-02
5.250000000000000000e+00,-6.333220581073342181e-01
5.270833333333333037e+00,1.142930612311210403e-02
5.291666666666666075e+00,6.787467230027188769e-01
5.312500000000000000e+00,2.257001668282990203e-02
5.333333333333333037e+00,-5.786063965355143779e-01
5.354166666666666075e+00,8.767337069201669442e-02
5.375000000000000000e+00,7.725200972764521001e-01
5.395833333333333037e+00,1.603154797956812261e-01
5.416666666666666075e+00,-4.755118964456278574e-01
5.437500000000000000e+00,1.407057275259119000e-01
5.458333333333333037e+00,2.835826021456489543e-01
5.479166666666666075e+00,-3.322672031841160112e-01
5.500000000000000000e+00,-4.480635138238330817e-01
5.520833333333333037e+00,2.351733952081773438e-01
5.541666666666666075e+00,1.440526160851196558e-01
5.562500000000000000e+00,-4.996489807942923189e-01
5.583333333333333037e+00,1.183759411944212553e-01
5.604166666666666075e+00,5.439275370593575909e-01
5.625000000000000000e+00,-1.593577531004435610e-01
5.645833333333333037e+00,-8.343355883373212434e-01
5.666666666666666075e+00,-2.021153537880493178e-01
5.687500000000000000e+00,4.042741795330530574e-01
5.708333333333333037e+00,-7.651408088269621988e-02
5.729166666666666075e+00,-4.097740212284386452e-01
5.750000000000000000e+00,2.487285387160317607e-01
5.770833333333333037e+00,7.231296742316074555e-01
5.791666666666666075e+00,1.118200960053077897e-01
5.812500000000000000e+00,-5.521825276447518416e-01
5.833333333333333037e+00,1.108716185309651936e-01
5.854166666666666075e+00,7.536723554563793392e-01
5.875000000000000000e+00,1.528913100390266455e-01
5.895833333333333037e+00,-4.924257525727144258e-01
5.916666666666666075e+00,1.937909241239969271e-01
5.937500000000000000e+00,3.962363385375012315e-01
5.958333333333333037e+00,-2.311703591146467285e-01
5.979166666666666075e+00,-7.499593287740651260e-01
6.000000000000000000e+00,-8.707810036680044274e-02
6.020833333333333037e+00,6.125885692003063543e-01
6.041666666666666075e+00,-4.816186004033054524e-02
6.062500000000000000e+00,-6.679140318011516086e-01
6.083333333333333037e+00,-4.400852809902655594e-02
6.104166666666666075e+00,6.304380794849503422e-01
6.125000000000000000e+00,-6.296696835720183572e-02
6.145833333333333037e+00,-7.071291686316050207e-01
6.166666666666666075e+00,-1.011362993438431751e-01
6.187500000000000000e+00,5.486976503566655117e-01
6.208333333333333037e+00,-9.886679586546198717e-02
6.229166666666666075e+00,-6.972542068290230599e-01
6.250000000000000000e+00,-5.465833350224330589e-02
6.270833333333333037e+00,5.698269883903090971e-01
6.291666666666666075e+00,-7.866114402713264564e-02
6.312500000000000000e+00,-3.830498286133657837e-01
6.333333333333333037e+00,2.677927918398241292e-01
6.354166666666666075e+00,8.852521956263529335e-01
6.375000000000000000e+00,2.047933958561052870e-01
6.395833333333333037e+00,-4.845974802697525785e-01
6.416666666666666075e+00,1.355774829906440382e-01
6.437500000000000000e+00,7.768387114781566405e-01
6.458333333333333037e+00,8.114421445562491897e-02
6.479166666666666075e+00,-5.707677451697272808e-01
6.500000000000000000e+00,4.327197902710604172e-02
6.520833333333333037e+00,7.249586865271089309e-01
6.541666666666666075e+00,8.253949721144568374e-02
6.562500000000000000e+00,-5.195987484460115047e-01
6.583333333333333037e+00,3.945655459267312370e-02
6.604166666666666075e+00,3.198509034609938739e-01
6.625000000000000000e+00,-3.281440782849172066e-01
6.645833333333333037e+00,-7.764899278715289288e-01
6.666666666666666075e+00,-9.697475291305690526e-02
6.687500000000000000e+00,6.056791216582498860e-01
6.708333333333333037e+00,-2.851150660086376742e-02
6.729166666666666075e+00,-6.764355628430537282e-01
6.750000000000000000e+00,3.489444157794599488e-02
6.770833333333333037e+00,6.867441075389659755e-01
6.791666666666666075e+00,5.870073265134355400e-02
6.812500000000000000e+00,-6.157482185281244469e-01
6.833333333333333037e+00,6.671208140713483226e-02
6.854166666666666075e+00,3.893714911885673979e-01
6.875000000000000000e+00,-2.587673317127071604e-01
6.895833333333333037e+00,-9.604781671283505462e-01
6.916666666666666075e+00,-3.126786209936527339e-01
6.937500000000000000e+00,3.284089627512318810e-01
6.958333333333333037e+00,1.397146371137353293e-01
6.979166666666666075e+00,-5.421400855999878310e-01
7.000000000000000000e+00,7.995802560774403767e-02
7.020833333333333037e+00,7.239807914744350592e-01
7.041666666666666075e+00,3.110498631077313059e-02
7.062500000000000000e+00,-6.226769096567497108e-01
7.083333333333333037e+00,-7.183615302950918657e-03
7.104166666666666075e+00,6.334750248137600570e-01
7.125000000000000000e+00,-4.400075565355529572e-02
7.145833333333333037e+00,-5.663973001272890606e-01
7.166666666666666075e+00,7.963077756794459394e-02
7.187500000000000000e+00,6.897535643323957633e-01
7.208333333333333037e+00,4.135224127737033295e-02
7.229166666666666075e+00,-6.413817062293155624e-01
7.250000000000000000e+00,1.936755589269315014e-02
7.270833333333333037e+00,6.493945231331457180e-01
7.291666666666666075e+00,3.674762848169957352e-02
7.312500000000000000e+00,-4.478687649003150750e-01
7.333333333333333037e+00,2.513716672000881891e-01
7.354166666666666075e+00,9.149491647124018412e-01
7.375000000000000000e+00,2.909211021396793662e-01
7.395833333333333037e+00,-3.143037938947329524e-01
7.416666666666666075e+00,1.650224510390974064e-01
7.437500000000000000e+00,4.268887826402568697e-01
7.458333333333333037e+00,-2.278688421745078130e-01
7.479166666666666075e+00,-5.759367220969361378e-01
7.500000000000000000e+00,5.125365605701426297e-02
7.520833333333333037e+00,7.227454165288893506e-01
7.541666666666666075e+00,2.579505660967398861e-02
7.562500000000000000e+00,-6.165136371409309923e-01
7.583333333333333037e+00,1.641612889971721945e-03
7.604166666666666075e+00,5.846104099536812981e-01
7.625000000000000000e+00,-1.201420626465369845e-01
7.645833333333333037e+00,-8.022417837514899119e-01
7.666666666666666075e+00,-1.612265704473831718e-01
7.687500000000000000e+00,4.434374877745680399e-01
7.708333333333333037e+00,-2.237407301482398081e-01
7.729166666666666075e+00,-9.023291449605158610e-01
7.750000000000000000e+00,-2.602394949243049815e-01
7.770833333333333037e+00,3.672520628338225013e-01
7.791666666666666075e+00,9.814050594003259631e-01
7.812500000000000000e+00,2.967392897611857983e-01
7.833333333333333037e+00,-3.810080145899814030e-01
7.854166666666666075e+00,2.620249312332210145e-01
7.875000000000000000e+00,8.536140970999767097e-01
7.895833333333333037e+00,2.026548946082563363e-01
7.916666666666666075e+00,-4.240431993011933298e-01
7.937500000000000000e+00,2.302525177379763366e-01
7.958333333333333037e+00,3.010788864347599958e-01
7.979166666666666075e+00,-2.859397674052945870e-01
8.000000000000000000e+00,-5.021342664696542002e-01
8.020833333333332149e+00,1.707871444508118897e-01
8.041666666666666075e+00,1.826340172107903947e-01
8.062500000000000000e+00,-4.156270940670756531e-01
8.083333333333332149e+00,-2.927411901429861629e-01
8.104166666666666075e+00,3.905734091305344546e-01
8.125000000000000000e+00,-2.532612204931595778e-01
8.145833333333332149e+00,-8.565779542936758917e-01
8.166666666666666075e+00,-1.836560500865591361e-01
8.187500000000000000e+00,4.934191679873895509e-01
8.208333333333332149e+00,-1.160343030082602866e-01
8.229166666666666075e+00,-7.501604294640704662e-01
8.250000000000000000e+00,-6.392041044424290330e-02
8.270833333333332149e+00,5.835927987311131382e-01
8.291666666666666075e+00,-2.411520683204090854e-02
8.312500000000000000e+00,-6.992374656940587574e-01
8.333333333333332149e+00,-2.733549766745238530e-02
8.354166666666666075e+00,6.026734056034606102e-01
8.375000000000000000e+00,-3.385827702506938319e-02
8.395833333333332149e+00,-7.241666420452572694e-01
8.416666666666666075e+00,-7.638121217867127610e-02
8.437500000000000000e+00,5.256741689687971508e-01
8.458333333333332149e+00,-6.608305832613838027e-02
8.479166666666666075e+00,-2.125465551449752244e-01
8.500000000000000000e+00,3.882120824768130474e-01
8.520833333333332149e+00,4.560611985049329853e-01
8.541666666666666075e+00,-2.235432346526952663e-01
8.562500000000000000e+00,3.280912598689216669e-02
8.583333333333332149e+00,6.535798064216583603e-01
8.604166666666666075e+00,-1.958204945044542122e-02
8.625000000000000000e+00,-6.954347358626489228e-01
8.645833333333332149e+00,-8.893226422335809289e-02
8.666666666666666075e+00,5.454013310252516789e-01
8.687500000000000000e+00,-1.281647165876285410e-01
8.708333333333332149e+00,-3.972958161503841179e-01
8.729166666666666075e+00,2.077004841348759068e-01
8.750000000000000000e+00,8.714899122680276333e-01
8.770833333333332149e+00,1.966010756900747891e-01
8.791666666666666075e+00,-4.140595658097007137e-01
8.812500000000000000e+00,1.423077703078636236e-01
8.833333333333332149e+00,3.798451410445803367e-01
8.854166666666666075e+00,-2.700152508770045645e-01
8.875000000000000000e+00,-6.400420073029144952e-01
8.895833333333332149e+00,2.788994143857434493e-02
8.916666666666666075e+00,7.150014362209029528e-01
8.937500000000000000e+00,1.027961638075579193e-01
8.958333333333332149e+00,-5.329416812150165050e-01
8.979166666666666075e+00,5.887212656919393883e-02
9.000000000000000000e+00,2.430793562667396546e-01
9.020833333333332149e+00,-3.611906828544549364e-01
9.041666666666666075e+00,-6.004641112175221895e-01
9.062500000000000000e+00,6.464426399786421529e-02
9.083333333333332149e+00,5.685086257223481709e-01
9.104166666666666075e+00,-7.155412011671730133e-02
9.125000000000000000e+00,-6.361376592149051712e-01
9.145833333333332149e+00,7.895351892366897495e-03
9.166666666666666075e+00,7.164355684778030975e-01
9.187500000000000000e+00,1.654590009932396799e-02
9.208333333333332149e+00,-6.276789763204773109e-01
9.229166666666666075e+00,-8.858993101148363025e-03
9.250000000000000000e+00,6.533857940119534025e-01
9.270833333333332149e+00,-3.342918636624109263e-02
9.291666666666666075e+00,-7.002900209913599516e-01
9.312500000000000000e+00,-8.922596212466203658e-02
9.333333333333332149e+00,5.322409009129865920e-01
9.354166666666666075e+00,-1.351232993765376367e-01
9.375000000000000000e+00,-4.312286746397508974e-01
9.395833333333332149e+00,2.140009770237009390e-01
9.416666666666666075e+00,8.384870436613278688e-01
9.437500000000000000e+00,1.918940242027768472e-01
9.458333333333332149e+00,-5.051930349050769431e-01
9.479166666666666075e+00,1.899715196914752990e-01
9.500000000000000000e+00,4.678347136392048133e-01
9.520833333333332149e+00,-1.389273663411900173e-01
9.541666666666666075e+00,-7.948504255673753960e-01
9.562500000000000000e+00,-1.260481690525231124e-01
9.583333333333332149e+00,5.423470173761871793e-01
9.604166666666666075e+00,-6.122371422428965482e-02
9.625000000000000000e+00,-6.854876561723086681e-01
9.645833333333332149e+00,-1.672161170817382247e-02
9.666666666666666075e+00,6.800611867405994548e-01
9.687500000000000000e+00,3.504183343172631582e-02
9.708333333333332149e+00,-5.798409763445726561e-01
9.729166666666666075e+00,5.949933179791586091e-02
9.750000000000000000e+00,7.403488712897059454e-01
9.770833333333332149e+00,8.310471096949054171e-02
9.791666666666666075e+00,-5.562302355159708389e-01
9.812500000000000000e+00,8.133064378736107325e-02
9.833333333333332149e+00,3.399836592233640986e-01
9.854166666666666075e+00,-3.210208461524795553e-01
9.875000000000000000e+00,-7.577801522765788000e-01
9.895833333333332149e+00,-1.078967047606621821e-01
9.916666666666666075e+00,3.989925940446696906e-01
9.937500000000000000e+00,-2.573144687429568256e-01
9.958333333333332149e+00,-9.490808390739500222e-01
9.979166666666666075e+00,-2.959149304944453385e-01
1.000000000000000000e+01,3.186040417375241018e-01
1.002083333333333215e+01,-8.622524265480477346e-02
1.004166666666666607e+01,-4.349737401138727977e-01
1.006250000000000000e+01,1.776012252707780403e-01
1.008333333333333215e+01,8.193318454207445534e-01
1.010416666666666607e+01,1.265332319348756174e-01
1.012500000000000000e+01,-5.199602850186064718e-01
1.014583333333333215e+01,9.599073736990998418e-02
1.016666666666666607e+01,7.871910301672953025e-01
1.018750000000000000e+01,1.180729797396754266e-01
1.020833333333333215e+01,-4.973609020568805494e-01
1.022916666666666607e+01,1.562381444177846357e-01
1.025000000000000000e+01,8.536123492858449513e-01
1.027083333333333215e+01,2.193502674776420247e-01
1.029166666666666607e+01,-4.013082075197728082e-01
1.031250000000000000e+01,1.735556792073846555e-01
1.033333333333333215e+01,3.424377018561443053e-01
1.035416666666666607e+01,-2.676257362226724945e-01
1.037500000000000000e+01,-4.535151193862411723e-01
1.039583333333333215e+01,2.196124590148270106e-01
1.041666666666666607e+01,3.410942547989098683e-01
1.043750000000000000e+01,-2.843505349525058401e-01
1.045833333333333215e+01,-4.460686401971367121e-01
1.047916666666666607e+01,2.169678207124699498e-01
1.050000000000000000e+01,3.577514199999222155e-01
1.052083333333333215e+01,-3.022107600873796818e-01
1.054166666666666607e+01,-3.618578479496563083e-01
1.056250000000000000e+01,2.604782886145809440e-01
1.058333333333333215e+01,2.059323121290017045e-01
1.060416666666666607e+01,-4.790205904937098746e-01
1.062500000000000000e+01,1.697506622384561126e-01
1.064583333333333215e+01,5.893041463043942052e-01
1.066666666666666607e+01,-5.908793459959982286e-02
1.068750000000000000e+01,-7.469011766652879913e-01
1.070833333333333215e+01,-8.358427854638472709e-02
1.072916666666666607e+01,5.374425438763748009e-01
1.075000000000000000e+01,7.096180249418702068e-01
1.077083333333333215e+01,4.971456149820360770e-02
1.079166666666666607e+01,-4.626605017319262991e-01
1.081250000000000000e+01,1.975699700170992501e-01
1.083333333333333215e+01,8.826022811583924543e-01
1.085416666666666607e+01,2.583056737191948282e-01
1.087500000000000000e+01,-3.699140440492245663e-01
1.089583333333333215e+01,1.266024663985387821e-01
1.091666666666666607e+01,3.357894215624315226e-01
1.093750000000000000e+01,-2.794752901474780171e-01
1.095833333333333215e+01,-6.223014146301910632e-01
1.097916666666666607e+01,6.749595433601721095e-02
1.100000000000000000e+01,6.251849479929553199e-01
1.102083333333333215e+01,-1.251596199323498637e-02
1.104166666666666607e+01,-6.464533883658378777e-01
1.106250000000000000e+01,1.330777197243104837e-02
1.108333333333333215e+01,3.471627416636625663e-01
1.110416666666666607e+01,-3.252013583221902149e-01
1.112500000000000000e+01,-9.409698694657381290e-01
1.114583333333333215e+01,-3.381944729973247465e-01
1.116666666666666607e+01,3.129540426151050658e-01
1.118750000000000000e+01,-3.177925125869454082e-01
1.120833333333333215e+01,-4.179346406810817149e-01
1.122916666666666607e+01,1.868777789163210412e-01
1.125000000000000000e+01,3.773624368682895747e-01
1.127083333333333215e+01,-2.882654870855764218e-01
1.129166666666666607e+01,-3.624889016537974351e-01
1.131250000000000000e+01,2.923191967422621995e-01
1.133333333333333215e+01,3.156535041065715030e-01
1.135416666666666607e+01,-3.263271285261222232e-01
1.137500000000000000e+01,2.566078875283132887e-02
1.139583333333333215e+01,7.311970524209655542e-01
1.141666666666666607e+01,6.935846190438160752e-02
1.143750000000000000e+01,-5.503271351755611995e-01
1.145833333333333215e+01,1.130457901745516303e-01
1.147916666666666607e+01,8.237456674824418235e-01
1.150000000000000000e+01,1.992806128130529819e-01
1.152083333333333215e+01,-4.369339361721149562e-01
1.154166666666666607e+01,2.411981353263156491e-01
1.156250000000000000e+01,8.655843202778519263e-01
1.158333333333333215e+01,2.568543514640243552e-01
1.160416666666666607e+01,-3.994556683035788702e-01
1.162500000000000000e+01,-1.882912238976627572e-01
1.164583333333333215e+01,4.734921252840517125e-01
1.166666666666666607e+01,-1.590431150526317727e-01
1.168750000000000000e+01,-7.759704625809600298e-01
1.170833333333333215e+01,-1.161327073600436355e-01
1.172916666666666607e+01,5.788299161983785357e-01
1.175000000000000000e+01,-8.968881190198310649e-02
1.177083333333333215e+01,-7.054823819193302148e-01
1.179166666666666607e+01,-9.028328113404378297e-02
1.181250000000000000e+01,5.642358503897090261e-01
1.183333333333333215e+01,-1.153409192439179831e-01
1.185416666666666607e+01,-7.719013981729568874e-01
1.187500000000000000e+01,-1.649314501529384747e-01
1.189583333333333215e+01,4.587974780731641222e-01
1.191666666666666607e+01,-2.198107954972138567e-01
1.193750000000000000e+01,-9.118365071778506969e-01
1.195833333333333215e+01,-2.673774818749422577e-01
1.197916666666666607e+01,3.449982747339183087e-01
1.200000000000000000e+01,5.265024247134514335e-02
1.202083333333333215e+01,-5.893337596824127500e-01
1.204166666666666607e+01,8.354294092280226125e-02
1.206250000000000000e+01,7.099041076857555144e-01
1.208333333333333215e+01,9.995413232880073773e-02
1.210416666666666607e+01,-5.521380423565501738e-01
1.212500000000000000e+01,1.390760070078007893e-01
1.214583333333333215e+01,8.096043711259937048e-01
1.216666666666666607e+01,1.954423339433787876e-01
1.218750000000000000e+01,-4.322128853481853605e-01
1.220833333333333215e+01,2.279802502637587880e-01
1.222916666666666607e+01,7.611363608949022197e-01
1.225000000000000000e+01,1.043392929573223049e-01
1.227083333333333215e+01,-4.939443184951679000e-01
1.229166666666666607e+01,1.268861610206632740e-01
1.231250000000000000e+01,4.121950507798242680e-01
1.233333333333333215e+01,-2.573946223912692011e-01
1.235416666666666607e+01,-7.953677325953836252e-01
1.237500000000000000e+01,-1.907143487200204102e-01
1.239583333333333215e+01,4.485057262404788525e-01
1.241666666666666607e+01,-2.409491116402340816e-01
1.243750000000000000e+01,-4.881149521190380480e-01
1.245833333333333215e+01,1.488177307088018597e-01
1.247916666666666607e+01,7.657665816546326276e-01
1.250000000000000000e+01,1.041670392448963700e-01
1.252083333333333215e+01,-5.888097366119545706e-01
1.254166666666666607e+01,8.359638642393502073e-02
1.256250000000000000e+01,7.016617813992184205e-01
1.258333333333333215e+01,8.722827321598210226e-02
1.260416666666666607e+01,-5.723202356365284516e-01
1.262500000000000000e+01,9.404357804768093132e-02
1.264583333333333215e+01,6.145936980459681953e-01
1.266666666666666607e+01,3.348480422655480959e-03
1.268750000000000000e+01,-6.264646046978983307e-01
1.270833333333333215e+01,6.477619437690354531e-02
1.272916666666666607e+01,5.676377591093280106e-01
1.275000000000000000e+01,-7.612369156060638797e-02
1.277083333333333215e+01,-6.811468579687353087e-01
1.279166666666666607e+01,-2.497018256264227354e-02
1.281250000000000000e+01,6.539118997054901294e-01
1.283333333333333215e+01,2.546252918831259926e-03
1.285416666666666607e+01,-6.138299668148547994e-01
1.287500000000000000e+01,2.691135361700744411e-02
1.289583333333333215e+01,3.161420882280240319e-01
1.291666666666666607e+01,-3.174115116459118591e-01
1.293750000000000000e+01,-8.576413620103164881e-01
1.295833333333333215e+01,-1.651796920149234404e-01
1.297916666666666607e+01,4.541949260562628266e-01
1.300000000000000000e+01,-1.743381802932278957e-01
1.302083333333333215e+01,-7.153947418954386128e-01
1.304166666666666607e+01,-5.108387324258648055e-02
1.306250000000000000e+01,5.754450188532643784e-01
1.308333333333333215e+01,-8.020488223106869707e-02
1.310416666666666607e+01,-3.171832691227416401e-01
1.312500000000000000e+01,3.305229899647212921e-01
1.314583333333333215e+01,8.424202448742987848e-01
1.316666666666666607e+01,1.592354941374868327e-01
1.318750000000000000e+01,-5.178636364165470907e-01
1.320833333333333215e+01,9.247562663710365283e-02
1.322916666666666607e+01,7.314514895371779790e-01
1.325000000000000000e+01,4.791290317655708120e-02
1.327083333333333215e+01,-6.058725483085437569e-01
1.329166666666666607e+01,3.484549163479400136e-04
1.331250000000000000e+01,6.682427357060882755e-01
1.333333333333333215e+01,-4.284021657758207979e-03
1.335416666666666607e+01,-6.341643939186358825e-01
1.337500000000000000e+01,8.978165491471595816e-03
1.339583333333333215e+01,7.050870064443333085e-01
1.341666666666666607e+01,5.810786646788354548e-02
1.343750000000000000e+01,-5.506184977468882025e-01
1.345833333333333215e+01,1.268028210671928446e-01
1.347916666666666607e+01,7.876664020744773564e-01
1.350000000000000000e+01,1.802840393999006197e-01
1.352083333333333215e+01,-4.601740513534702259e-01
1.354166666666666607e+01,1.491948567411376103e-02
1.356250000000000000e+01,3.674415587023692198e-01
1.358333333333333215e+01,-2.452252764656748796e-01
1.360416666666666607e+01,-9.245547906921514070e-01
1.362500000000000000e+01,-2.556490949721447192e-01
1.364583333333333215e+01,3.593867178245764848e-01
1.366666666666666607e+01,-1.753519466207516253e-01
1.368750000000000000e+01,-4.654544802887187749e-01
1.370833333333333215e+01,1.730384158280103557e-01
1.372916666666666607e+01,6.850881534524542182e-01
1.375000000000000000e+01,-3.801943706206428741e-03
1.377083333333333215e+01,-6.627650622951197779e-01
1.379166666666666607e+01,-5.162238300252718071e-02
1.381250000000000000e+01,6.004243846776815552e-01
1.383333333333333215e+01,-9.295711450364563255e-02
1.385416666666666607e+01,-4.138280507339587300e-01
1.387500000000000000e+01,2.186044357413970962e-01
1.389583333333333215e+01,9.125836932151838443e-01
1.391666666666666607e+01,2.458408505557582446e-01
1.393750000000000000e+01,-3.630670504979022772e-01
1.395833333333333215e+01,6.926517755670719145e-02
1.397916666666666607e+01,4.533211488732340477e-01
1.400000000000000000e+01,-1.734872779120109065e-01
1.402083333333333215e+01,-7.898608200099814791e-01
1.404166666666666607e+01,-1.007776124262556028e-01
1.406250000000000000e+01,5.652802027278323038e-01
1.408333333333333215e+01,-4.688742771049984881e-02
1.410416666666666607e+01,-7.020971922402099441e-01
1.412500000000000000e+01,-1.180642934329048654e-02
1.414583333333333215e+01,6.227262188988151870e-01
1.416666666666666607e+01,-2.512302118018255870e-03
1.418750000000000000e+01,-7.069263145202193677e-01
1.420833333333333215e+01,-4.337469706740004760e-02
1.422916666666666607e+01,5.867441327832422227e-01
1.425000000000000000e+01,-7.227226255575905367e-02
1.427083333333333215e+01,-7.753874801842373099e-01
1.429166666666666607e+01,-1.442615308928661411e-01
1.431250000000000000e+01,4.823731456214691571e-01
1.433333333333333215e+01,-2.081057616618929851e-01
1.435416666666666607e+01,-2.785116599114137448e-01
1.437500000000000000e+01,3.309398652392052109e-01
1.439583333333333215e+01,3.771141038910368337e-01
1.441666666666666607e+01,-3.136142553336674910e-01
1.443750000000000000e+01,1.329135688904139467e-01
1.445833333333333215e+01,5.985696659789176977e-01
1.447916666666666607e+01,-7.721617585745160772e-03
1.450000000000000000e+01,-6.711487646213718516e-01
1.452083333333333215e+01,1.580948071518181730e-02
1.454166666666666607e+01,6.796707085743978194e-01
1.456250000000000000e+01,7.699205087222614485e-02
1.458333333333333215e+01,-5.540097926534566231e-01
1.460416666666666607e+01,1.149650812776405739e-01
1.462500000000000000e+01,7.990266326224120252e-01
1.464583333333333215e+01,1.773856383471986153e-01
1.466666666666666607e+01,-4.414916633730128770e-01
1.468750000000000000e+01,1.657756847909573894e-01
1.470833333333333215e+01,3.147335736348607638e-01
1.472916666666666607e+01,-3.626601166377292351e-01
1.475000000000000000e+01,-4.237896957057372682e-01
1.477083333333333215e+01,1.917859764979917281e-01
1.479166666666666607e+01,1.086641369839023152e-01
1.481250000000000000e+01,-5.864921281148279819e-01
1.483333333333333215e+01,4.818985340068202006e-02
1.485416666666666607e+01,6.512631453569210915e-01
1.487500000000000000e+01,-3.585226751335010564e-02
1.489583333333333215e+01,-6.971313959508635971e-01
1.491666666666666607e+01,-9.283088413645768089e-02
1.493750000000000000e+01,5.548194866612188303e-01
1.495833333333333215e+01,-1.109736905919852801e-01
1.497916666666666607e+01,-7.636262594767788681e-01
1.500000000000000000e+01,-1.540996510987360235e-01
1.502083333333333215e+01,5.266647954781120688e-01
1.504166666666666607e+01,-1.305986474899014649e-01
1.506250000000000000e+01,-7.570053899907822625e-01
1.508333333333333215e+01,-1.041850804953695919e-01
1.510416666666666607e+01,5.996869373963774619e-01
1.512500000000000000e+01,-3.079191894439747834e-02
1.514583333333333215e+01,-6.581791046390196298e-01
1.516666666666666607e+01,3.839902993363628059e-02
1.518750000000000000e+01,7.012907886036228167e-01
1.520833333333333215e+01,8.659813239420230402e-02
1.522916666666666607e+01,-5.649283975758447873e-01
1.525000000000000000e+01,1.207395506983486300e-01
1.527083333333333215e+01,7.680718139511644171e-01
1.529166666666666607e+01,1.479793388431945855e-01
1.531250000000000000e+01,-5.381497429178232483e-01
1.533333333333333215e+01,1.223608917218532710e-01
1.535416666666666607e+01,7.337465059373680099e-01
1.537500000000000000e+01,8.313893398817576164e-02
1.539583333333333215e+01,-6.086776704954756090e-01
1.541666666666666607e+01,1.973677700072359875e-02
1.543750000000000000e+01,-5.074458289346707174e-01
1.545833333333333215e+01,-5.987231143231328545e-01
1.547916666666666607e+01,5.059184103885833172e-02
1.550000000000000000e+01,1.418968390501172405e-01
1.552083333333333215e+01,-5.167984017477177394e-01
1.554166666666666607e+01,1.056330612251243917e-03
1.556250000000000000e+01,5.965165115681192454e-01
1.558333333333333215e+01,-9.075769532708577447e-02
1.560416666666666607e+01,-7.081549840543301944e-01
1.562500000000000000e+01,-6.165054908369074771e-02
1.564583333333333215e+01,6.372410025284995783e-01
1.566666666666666607e+01,-5.996667088423085490e-03
1.568750000000000000e+01,-6.228259089407546245e-01
1.570833333333333215e+01,7.369421539774800856e-02
1.572916666666666607e+01,7.434084709735354624e-01
1.575000000000000000e+01,1.268753997620630791e-01
1.577083333333333215e+01,-5.221535685725551268e-01
1.579166666666666607e+01,1.678327608693535589e-01
1.581250000000000000e+01,8.206703073977683616e-01
1.583333333333333215e+01,2.046393189745507324e-01
1.585416666666666607e+01,-4.520374851733091059e-01
1.587500000000000000e+01,2.194010663496594737e-01
1.589583333333333215e+01,8.826449023477777045e-01
1.591666666666666607e+01,2.326758188990192822e-01
1.593750000000000000e+01,-3.744715980242136477e-01
1.595833333333333215e+01,1.356109258821640018e-01
1.597916666666666607e+01,4.324022279278556535e-01
1.600000000000000000e+01,-2.573393937911317431e-01
1.602083333333333215e+01,-6.593734121096577194e-01
1.604166666666666430e+01,-4.947301577408894091e-02
1.606250000000000000e+01,5.992807045565867741e-01
1.608333333333333215e+01,-7.023999895181221031e-02
1.610416666666666430e+01,-7.434521280867054660e-01
1.612500000000000000e+01,-1.229332860211808376e-01
1.614583333333333215e+01,4.934469778767526793e-01
1.616666666666666430e+01,9.225102553427703134e-01
1.618750000000000000e+01,2.345466455336062683e-01
1.620833333333333215e+01,-4.106431226257665212e-01
1.622916666666666430e+01,1.934841742927712049e-01
1.625000000000000000e+01,8.895892803116633996e-01
1.627083333333333215e+01,2.271859431029319698e-01
1.629166666666666430e+01,-4.216486795838490509e-01
1.631250000000000000e+01,-1.723382639186127885e-01
1.633333333333333215e+01,5.272933410157353284e-01
1.635416666666666430e+01,-1.286017007558637182e-01
1.637500000000000000e+01,-7.391897437246744973e-01
1.639583333333333215e+01,-8.652042834501641466e-02
1.641666666666666430e+01,5.865105223963689163e-01
1.643750000000000000e+01,-4.401255586054544922e-02
1.645833333333333215e+01,-6.536207335749897318e-01
1.647916666666666430e+01,-2.340195117563459437e-01
1.650000000000000000e+01,2.428394102381303543e-01
1.652083333333333215e+01,-3.625914947510545661e-01
1.654166666666666430e+01,-1.015282828266168780e+00
1.656250000000000000e+01,-3.321646659230954590e-01
1.658333333333333215e+01,3.143269450597370174e-01
1.660416666666666430e+01,-3.090479544606495876e-01
1.662500000000000000e+01,-6.765974323040543359e-01
1.664583333333333215e+01,-1.410601739564798507e-02
1.666666666666666430e+01,5.929026435343488499e-01
1.668750000000000000e+01,-5.743570034088910092e-02
1.670833333333333215e+01,-7.279973833424943086e-01
1.672916666666666430e+01,-9.583765122014137328e-02
1.675000000000000000e+01,5.071221222307115140e-01
1.677083333333333215e+01,-1.107642451512123316e-01
1.679166666666666430e+01,-1.551756900427128938e-01
1.681250000000000000e+01,4.446550225303032566e-01
1.683333333333333215e+01,3.061732798679139278e-01
1.685416666666666430e+01,-3.723609162241758863e-01
1.687500000000000000e+01,2.965187278395609027e-01
1.689583333333333215e+01,9.137222780351826890e-01
1.691666666666666430e+01,2.905211304738586908e-01
1.693750000000000000e+01,-3.780808272421714578e-01
1.695833333333333215e+01,-6.999785529756614721e-01
1.697916666666666430e+01,-2.774431033003135760e-02
1.700000000000000000e+01,6.251081343322961725e-01
1.702083333333333215e+01,4.856716113709719229e-03
1.704166666666666430e+01,-6.634001927250241515e-01
1.706250000000000000e+01,-1.566697046764284340e-02
1.708333333333333215e+01,6.350644157002934831e-01
1.710416666666666430e+01,-2.478958067427114442e-02
1.712500000000000000e+01,-6.667369687870905448e-01
1.714583333333333215e+01,-5.351065731201004594e-02
1.716666666666666430e+01,6.527720728662453897e-01
1.718750000000000000e+01,-7.161798101362609748e-03
1.720833333333333215e+01,-6.305631273242011670e-01
1.722916666666666430e+01,2.752617329700088322e-02
1.725000000000000000e+01,7.326932469757680977e-01
1.727083333333333215e+01,1.022049366406088677e-01
1.729166666666666430e+01,-5.279997323814336063e-01
1.731250000000000000e+01,1.679933625662074492e-01
1.733333333333333215e+01,4.643645092487895809e-01
1.735416666666666430e+01,-1.491580207083273990e-01
1.737500000000000000e+01,-8.085210449544726341e-01
1.739583333333333215e+01,-1.211090004984377300e-01
1.741666666666666430e+01,5.295740928193468644e-01
1.743750000000000000e+01,-9.982267822330084805e-02
1.745833333333333215e+01,-7.422777696713435125e-01
1.747916666666666430e+01,-7.749591992938423268e-02
1.750000000000000000e+01,5.480437726621962824e-01
1.752083333333333215e+01,-1.054853287733733824e-01
1.754166666666666430e+01,-2.730874682733897552e-01
1.756250000000000000e+01,3.659486785065807490e-01
1.758333333333333215e+01,6.028665908659451844e-01
1.760416666666666430e+01,-9.336211714077224944e-02
1.762500000000000000e+01,-4.520954703209180137e-01
1.764583333333333215e+01,1.576367999108526097e-01
1.766666666666666430e+01,8.097827493646647667e-01
1.768750000000000000e+01,3.529742752994605715e-01
1.770833333333333215e+01,-2.982735493232360757e-01
1.772916666666666430e+01,3.257770460183617711e-01
1.775000000000000000e+01,1.000495773405649658e+00
1.777083333333333215e+01,3.336199099907463106e-01
1.779166666666666430e+01,-2.866318586052308270e-01
1.781250000000000000e+01,1.830289426978878309e-01
1.783333333333333215e+01,4.182632221231595282e-01
1.785416666666666430e+01,-2.290945369980414981e-01
1.787500000000000000e+01,-7.076857941593645007e-01
1.789583333333333215e+01,-9.116146706662497934e-03
1.791666666666666430e+01,6.740923431073515548e-01
1.793750000000000000e+01,4.933238319937575944e-02
1.795833333333333215e+01,-5.989262511756833218e-01
1.797916666666666430e+01,-1.268414471076599326e-01
1.800000000000000000e+01,2.265924841767087694e-01
1.802083333333333215e+01,-3.969293629131920853e-01
1.804166666666666430e+01,-9.965227324413746812e-01
1.806250000000000000e+01,-3.274821946957832131e-01
1.808333333333333215e+01,2.977350013304019272e-01
1.810416666666666430e+01,-3.691299934064048438e-01
1.812500000000000000e+01,-5.516085332998853508e-01
1.814583333333333215e+01,8.418140510798069465e-02
1.816666666666666430e+01,6.164442849263740420e-01
1.818750000000000000e+01,-9.645659248388394058e-02
1.820833333333333215e+01,-7.677675553993946744e-01
1.822916666666666430e+01,-1.328857925316732913e-01
1.825000000000000000e+01,5.286079469253406327e-01
1.827083333333333215e+01,-1.829317422977955188e-01
1.829166666666666430e+01,-5.106803552925014422e-01
1.831250000000000000e+01,1.361080316006654523e-01
1.833333333333333215e+01,8.264052963713364175e-01
1.835416666666666430e+01,1.636565108178640593e-01
1.837500000000000000e+01,-4.460602917287367908e-01
1.839583333333333215e+01,2.268324328873047302e-01
1.841666666666666430e+01,6.905192817906612157e-02
1.843750000000000000e+01,-5.362617154466114977e-01
1.845833333333333215e+01,1.178902726590247141e-01
1.847916666666666430e+01,6.542023260778764282e-01
1.850000000000000000e+01,4.050503557345652705e-03
1.852083333333333215e+01,-6.191527683664753701e-01
1.854166666666666430e+01,2.657941914547004569e-03
1.856250000000000000e+01,6.890333454122250512e-01
1.858333333333333215e+01,-7.425823314359064620e-03
1.860416666666666430e+01,-6.586108880644452324e-01
1.862500000000000000e+01,-4.198025099578682473e-02
1.864583333333333215e+01,6.161170653044021339e-01
1.866666666666666430e+01,-8.196185727713481417e-02
1.868750000000000000e+01,-7.586970363733711586e-01
1.870833333333333215e+01,-1.370714991539644934e-01
1.872916666666666430e+01,4.770742495665764582e-01
1.875000000000000000e+01,-1.834369333981496764e-01
1.877083333333333215e+01,-3.047012034205189845e-01
1.879166666666666430e+01,3.458467474680776421e-01
1.881250000000000000e+01,4.047706510558479742e-01
1.883333333333333215e+01,-2.098598150209344260e-01
1.885416666666666430e+01,-7.190437244724250110e-02
1.887500000000000000e+01,6.142736334159164535e-01
1.889583333333333215e+01,-3.958512870269387252e-02
1.891666666666666430e+01,-6.444315785710101885e-01
1.893750000000000000e+01,1.052165341264421627e-02
1.895833333333333215e+01,6.970335717112844387e-01
1.897916666666666430e+01,8.919453568268007060e-02
1.900000000000000000e+01,-5.339564460407347779e-01
1.902083333333333215e+01,1.326965205189288843e-01
1.904166666666666430e+01,7.863963021894979644e-01
1.906250000000000000e+01,1.806404720771494499e-01
1.908333333333333215e+01,-4.702959436885147948e-01
1.910416666666666430e+01,2.187660719654588026e-01
1.912500000000000000e+01,2.852594474906388622e-01
1.914583333333333215e+01,-3.474194628532697449e-01
1.916666666666666430e+01,-3.374555632468305699e-01
1.918750000000000000e+01,3.171683451982115765e-01
1.920833333333333215e+01,2.817128316933600884e-02
1.922916666666666430e+01,-6.360653385081463940e-01
1.925000000000000000e+01,1.033263686049584740e-03
1.927083333333333215e+01,5.994119985306437526e-01
1.929166666666666430e+01,-8.091349109671966411e-02
1.931250000000000000e+01,-7.535283313649516757e-01
1.933333333333333215e+01,-9.624304909803069186e-02
1.935416666666666430e+01,5.006871720381331770e-01
1.937500000000000000e+01,-1.353991970791085797e-01
1.939583333333333215e+01,-5.111579686863031435e-01
1.941666666666666430e+01,1.821030677805334230e-01
1.943750000000000000e+01,8.176665150410026284e-01
1.945833333333333215e+01,2.041983893621799329e-01
1.947916666666666430e+01,-4.401569529124417235e-01
1.950000000000000000e+01,2.517472029364696828e-01
1.952083333333333215e+01,3.241841765550913523e-01
1.954166666666666430e+01,-3.010777080505782077e-01
1.956250000000000000e+01,-3.671263793858062230e-01
1.958333333333333215e+01,3.024238660145444069e-01
1.960416666666666430e+01,3.174736514173044644e-02
1.962500000000000000e+01,-6.286722115533029953e-01
1.964583333333333215e+01,6.927752481687426966e-02
1.966666666666666430e+01,7.014221988150534104e-01
1.968750000000000000e+01,6.713504641269588125e-02
1.970833333333333215e+01,-6.336022725686791812e-01
1.972916666666666430e+01,3.440056914388406328e-02
1.975000000000000000e+01,6.517464077140856515e-01
1.977083333333333215e+01,-1.179051157567539976e-02
1.979166666666666430e+01,-7.108312767558584433e-01
1.981250000000000000e+01,-8.532738976970745404e-02
1.983333333333333215e+01,5.436824750761470870e-01
1.985416666666666430e+01,-1.454268410496288022e-01
1.987500000000000000e+01,-8.058215978540982372e-01
1.989583333333333215e+01,-1.969227062681384033e-01
1.991666666666666430e+01,4.675294590679318629e-01
1.993750000000000000e+01,-2.201449691748480486e-01
1.995833333333333215e+01,-8.467200568973108910e-01
1.997916666666666430e+01,-2.194432923993751838e-01
2.000000000000000000e+01,4.902063779877594007e-01
2.002083333333333215e+01,-1.711686323088222605e-01
2.004166666666666430e+01,-7.985400924794150423e-01
2.006250000000000000e+01,-1.250243978156251046e-01
2.008333333333333215e+01,5.818932748512015696e-01
2.010416666666666430e+01,-4.573521738802377445e-02
2.012500000000000000e+01,-6.917563041689123171e-01
2.014583333333333215e+01,1.008429119417852959e-02
2.016666666666666430e+01,6.726291893703980618e-01
2.018750000000000000e+01,5.432941089426719661e-02
2.020833333333333215e+01,-4.567240096362044088e-01
2.022916666666666430e+01,2.255684212136030431e-01
2.025000000000000000e+01,8.760909538423252707e-01
2.027083333333333215e+01,2.411839412015504835e-01
2.029166666666666430e+01,-4.507452242748375415e-01
2.031250000000000000e+01,2.210458766424860111e-01
2.033333333333333215e+01,8.444744911637636076e-01
2.035416666666666430e+01,1.962840939743986379e-01
2.037500000000000000e+01,-5.080931205984944299e-01
2.039583333333333215e+01,1.498496406855349128e-01
2.041666666666666430e+01,7.677870853775373705e-01
2.043750000000000000e+01,8.712838875427908469e-02
2.045833333333333215e+01,-5.953336262222250763e-01
2.047916666666666430e+01,2.111681831463761705e-02
2.050000000000000000e+01,6.663613413492955884e-01
2.052083333333333215e+01,-2.642797466033125486e-02
2.054166666666666430e+01,-6.818523291513496343e-01
2.056250000000000000e+01,-6.650329900419665874e-02
2.058333333333333215e+01,6.229659940079982361e-01
2.060416666666666430e+01,-6.106990152161714813e-02
2.062500000000000000e+01,-6.001612055414329294e-01
2.064583333333333215e+01,5.232627977371262507e-02
2.066666666666666430e+01,7.125714477110780543e-01
2.068750000000000000e+01,5.579524915070607771e-02
2.070833333333333215e+01,-1.555947709664911582e-01
2.072916666666666430e+01,5.265713338519002473e-01
2.075000000000000000e+01,3.650697773541601854e-01
2.077083333333333215e+01,-2.495559678121368197e-01
2.079166666666666430e+01,2.153023368493733880e-01
2.081250000000000000e+01,4.189716721277728650e-01
2.083333333333333215e+01,-2.301947561457155234e-01
2.085416666666666430e+01,-4.613411738866914913e-01
2.087500000000000000e+01,1.437283170859505743e-01
2.089583333333333215e+01,4.061522447327803875e-01
2.091666666666666430e+01,-2.451337974442190093e-01
2.093750000000000000e+01,-8.844031742439668609e-01
2.095833333333333215e+01,-2.457379715159607181e-01
2.097916666666666430e+01,3.944111202954403983e-01
2.100000000000000000e+01,-2.539992525751325059e-01
2.102083333333333215e+01,-6.023128585033017401e-01
2.104166666666666430e+01,6.737842827468032425e-02
2.106250000000000000e+01,6.907465159303266544e-01
2.108333333333333215e+01,2.719150910175355262e-02
2.110416666666666430e+01,-6.758245311912276510e-01
2.112500000000000000e+01,-4.453940321452670714e-02
2.114583333333333215e+01,5.857972662150149334e-01
2.116666666666666430e+01,-1.094616885461773548e-01
2.118750000000000000e+01,-7.787883245177225078e-01
2.120833333333333215e+01,-1.662893810215725077e-01
2.122916666666666430e+01,4.976257399911582779e-01
2.125000000000000000e+01,-1.598504649067381822e-01
2.127083333333333215e+01,-5.856999090146119968e-01
2.129166666666666430e+01,4.381671249784127586e-02
2.131250000000000000e+01,7.562090059019588306e-01
2.133333333333333215e+01,9.075669134129757398e-02
2.135416666666666430e+01,-5.343194492563019260e-01
2.137500000000000000e+01,1.347578973232836930e-01
2.139583333333333215e+01,8.376706867236601850e-01
2.141666666666666430e+01,2.162659521100461779e-01
2.143750000000000000e+01,-4.204681296879169139e-01
2.145833333333333215e+01,-1.976514317204583482e-02
2.147916666666666430e+01,2.937078883836127252e-01
2.150000000000000000e+01,-3.083470029634602372e-01
2.152083333333333215e+01,-5.914141640279253487e-01
2.154166666666666430e+01,9.602340351146451680e-02
2.156250000000000000e+01,5.992816849927840028e-01
2.158333333333333215e+01,-4.373967960966815283e-02
2.160416666666666430e+01,-7.473714542974954078e-01
2.162500000000000000e+01,-8.615058432907471420e-02
2.164583333333333215e+01,5.313286177109948216e-01
2.166666666666666430e+01,-1.448602241050908623e-01
2.168750000000000000e+01,-8.181471064950576189e-01
2.170833333333333215e+01,-2.020208196731732020e-01
2.172916666666666430e+01,4.437997070421610402e-01
2.175000000000000000e+01,2.443494768932671923e-03
2.177083333333333215e+01,-4.199664409557196110e-01
2.179166666666666430e+01,1.980011666573437412e-01
2.181250000000000000e+01,8.917945234863570159e-01
2.183333333333333215e+01,2.115594891304222180e-01
2.185416666666666430e+01,-4.144686137221390565e-01
2.187500000000000000e+01,2.406473611391087009e-01
2.189583333333333215e+01,5.502278998879878147e-01
2.191666666666666430e+01,-1.008201080588706500e-01
2.193750000000000000e+01,-7.255112248426860422e-01
2.195833333333333215e+01,-2.215877745737063198e-02
2.197916666666666430e+01,6.584592420606126817e-01
2.200000000000000000e+01,3.423323803621358685e-02
2.202083333333333215e+01,-6.210448281169091977e-01
2.204166666666666430e+01,7.754500898700930622e-02
2.206250000000000000e+01,7.281417790329707262e-01
2.208333333333333215e+01,1.084237578664102447e-01
2.210416666666666430e+01,-6.091208694881357077e-01
2.212500000000000000e+01,5.512657413763699665e-02
2.214583333333333215e+01,7.051029412321008216e-01
2.216666666666666430e+01,4.150748317638650042e-02
2.218750000000000000e+01,-6.640715286039404752e-01
2.220833333333333215e+01,-2.168528960819382512e-02
2.222916666666666430e+01,6.144639993232197117e-01
2.225000000000000000e+01,-8.972615797100300106e-02
2.227083333333333215e+01,-7.531181208037085462e-01
2.229166666666666430e+01,-8.395942238911646704e-02
2.231250000000000000e+01,6.166717754443835631e-01
2.233333333333333215e+01,-1.064163379692712463e-01
2.235416666666666430e+01,-6.338594254724814192e-01
2.237500000000000000e+01,2.165425097125772691e-02
2.239583333333333215e+01,7.241500784455585649e-01
2.241666666666666430e+01,4.709526241471256869e-02
2.243750000000000000e+01,-5.682295039057985164e-01
2.245833333333333215e+01,9.616420481821444377e-02
2.247916666666666430e+01,7.622525565156252902e-01
2.250000000000000000e+01,1.247968154420280029e-01
2.252083333333333215e+01,-5.062998666428629724e-01
2.254166666666666430e+01,1.976067849924804665e-01
2.256250000000000000e+01,3.558261113229663763e-01
2.258333333333333215e+01,-2.717510949051215041e-01
2.260416666666666430e+01,-6.667840909463262911e-01
2.262500000000000000e+01,4.212355323161182108e-02
2.264583333333333215e+01,6.759271714407470988e-01
2.266666666666666430e+01,3.378961151719783729e-02
2.268750000000000000e+01,-6.659437502457545843e-01
2.270833333333333215e+01,6.647598591101422372e-03
2.272916666666666430e+01,6.226415446929339792e-01
2.275000000000000000e+01,-4.794006655113455806e-02
2.277083333333333215e+01,-7.428182413286081864e-01
2.279166666666666430e+01,-1.241319840198407964e-01
2.281250000000000000e+01,5.130118874462419321e-01
2.283333333333333215e+01,-1.650165082951138285e-01
2.285416666666666430e+01,-8.252181605528823294e-01
2.287500000000000000e+01,-2.079157588731329609e-01
2.289583333333333215e+01,4.567651852955550984e-01
2.291666666666666430e+01,-2.471139652498252071e-01
2.293750000000000000e+01,-4.991944443796463293e-01
2.295833333333333215e+01,1.467525112076749350e-01
2.297916666666666430e+01,8.461392921819278490e-01
2.300000000000000000e+01,1.906100010809096690e-01
2.302083333333333215e+01,-4.124344242024163276e-01
2.304166666666666430e+01,-3.043033724229677883e-01
2.306250000000000000e+01,3.410470335520132679e-01
2.308333333333333215e+01,-2.731848498331644892e-01
2.310416666666666430e+01,-4.896798052850603877e-01
2.312500000000000000e+01,2.041500052856418668e-01
2.314583333333333215e+01,5.586678769493698127e-01
2.316666666666666430e+01,-5.756388634798095816e-02
2.318750000000000000e+01,-7.319593288863539549e-01
2.320833333333333215e+01,-3.406482346620867685e-02
2.322916666666666430e+01,5.914661521319802828e-01
2.325000000000000000e+01,-5.859796675471598548e-02
2.327083333333333215e+01,-7.291536681687297294e-01
2.329166666666666430e+01,-5.807099258432169009e-02
2.331250000000000000e+01,5.589505225065216631e-01
2.333333333333333215e+01,2.101081181822801736e-02
2.335416666666666430e+01,-2.555013535476250430e-01
2.337500000000000000e+01,3.726271778117274946e-01
2.339583333333333215e+01,7.312044757973114040e-01
2.341666666666666430e+01,2.889240854536054282e-02
2.343750000000000000e+01,-6.314879019204735489e-01
2.345833333333333215e+01,-7.766040215010011627e-03
2.347916666666666430e+01,6.515306449025629609e-01
2.350000000000000000e+01,-5.682095705787471029e-02
2.352083333333333215e+01,-4.165809014498481622e-01
2.354166666666666430e+01,2.228139319722438061e-01
2.356250000000000000e+01,9.257442182551662846e-01
2.358333333333333215e+01,2.496108793522429370e-01
2.360416666666666430e+01,-3.712528118748150696e-01
2.362500000000000000e+01,1.378705065747045377e-01
2.364583333333333215e+01,4.355153474281155401e-01
2.366666666666666430e+01,-2.054395651160240421e-01
2.368750000000000000e+01,-7.320445998174558433e-01
2.370833333333333215e+01,-3.482990319698772708e-02
2.372916666666666430e+01,6.282732217718542955e-01
2.375000000000000000e+01,1.036550682856504646e-02
2.377083333333333215e+01,-6.565765428171740359e-01
2.379166666666666430e+01,4.501936534280687185e-02
2.381250000000000000e+01,-3.695453264946156335e-01
2.383333333333333215e+01,-7.741387175210417970e-01
2.385416666666666430e+01,-1.656467924143751880e-01
2.387500000000000000e+01,5.126965352467000026e-01
2.389583333333333215e+01,-1.709144140280787760e-01
2.391666666666666430e+01,-8.453870541612827916e-01
2.393750000000000000e+01,-2.453173041565817614e-01
2.395833333333333215e+01,3.939938093798992513e-01
2.397916666666666430e+01,-1.565051503097211194e-01
2.400000000000000000e+01,-2.995409531043273232e-01
2.402083333333333215e+01,3.278638014162508219e-01
2.404166666666666430e+01,4.675122078780587498e-01
2.406250000000000000e+01,-1.741534989501918318e-01
2.408333333333333215e+01,-9.778736217092913463e-02
2.410416666666666430e+01,5.747127422634115135e-01
2.412500000000000000e+01,-8.361119715055612134e-02
2.414583333333333215e+01,-2.963309426757683718e-01
2.416666666666666430e+01,3.413844686278423857e-01
2.418750000000000000e+01,7.560192245864707505e-01
2.420833333333333215e+01,1.382648027533514568e-01
2.422916666666666430e+01,-4.574969680441647313e-01
2.425000000000000000e+01,1.964172575598007731e-01
2.427083333333333215e+01,8.445447490562635329e-01
2.429166666666666430e+01,2.535529043455722054e-01
2.431250000000000000e+01,-3.860014307653448773e-01
2.433333333333333215e+01,-3.177161353600491123e-02
2.435416666666666430e+01,4.810180594893637140e-01
2.437500000000000000e+01,-1.359991632030777831e-01
2.439583333333333215e+01,-7.992310112429426017e-01
2.441666666666666430e+01,-1.509264762996133102e-01
2.443750000000000000e+01,4.456361704174015559e-01
2.445833333333333215e+01,-2.046510807273583810e-01
2.447916666666666430e+01,-7.957725576557069802e-01
2.450000000000000000e+01,-1.929905962442445277e-01
2.452083333333333215e+01,4.280724653436200899e-01
2.454166666666666430e+01,-2.272588730232797394e-01
2.456250000000000000e+01,-8.687281080329378735e-01
2.458333333333333215e+01,-2.667793809464276134e-01
2.460416666666666430e+01,3.775618299552107038e-01
2.462500000000000000e+01,-3.059279114491552098e-01
2.464583333333333215e+01,-9.019506454801456963e-01
2.466666666666666430e+01,-2.685285107043372532e-01
2.468750000000000000e+01,3.794898921546386861e-01
2.470833333333333215e+01,-5.571729706313402475e-02
2.472916666666666430e+01,-2.721362044957648108e-01
2.475000000000000000e+01,3.929827173430654463e-01
2.477083333333333215e+01,5.925450348137855094e-01
2.479166666666666430e+01,-1.512194808302266824e-03
2.481250000000000000e+01,-3.357447849889720892e-01
2.483333333333333215e+01,3.353064898951433892e-01
2.485416666666666430e+01,9.756906783017980089e-01
2.487500000000000000e+01,3.790986840287984272e-01
2.489583333333333215e+01,-3.005210554067757611e-01
2.491666666666666430e+01,3.606358129437187698e-01
2.493750000000000000e+01,5.257258215576527949e-01
2.495833333333333215e+01,-1.037001739684667301e-01
2.497916666666666430e+01,-5.104878439746390884e-01
2.500000000000000000e+01,1.342909828619665291e-01
2.502083333333333215e+01,7.377169668009591064e-01
2.504166666666666430e+01,7.761510306643593093e-02
2.506250000000000000e+01,-5.793737408387826804e-01
2.508333333333333215e+01,1.886208994271132422e-02
2.510416666666666430e+01,6.493306754119796409e-01
2.512500000000000000e+01,-2.833844411044481038e-02
2.514583333333333215e+01,-6.691987738489363347e-01
2.516666666666666430e+01,-6.625275152573247006e-02
2.518750000000000000e+01,6.116388232417738768e-01
2.520833333333333215e+01,-3.598698956533594173e-02
2.522916666666666430e+01,-6.352813782960884392e-01
2.525000000000000000e+01,-8.159462257394804741e-02
2.527083333333333215e+01,3.165323613489973154e-01
2.529166666666666430e+01,-3.199302974315672010e-01
2.531250000000000000e+01,-9.075223532136901250e-01
2.533333333333333215e+01,-2.532626316426334068e-01
2.535416666666666430e+01,3.922349880903034935e-01
2.537500000000000000e+01,-1.945232818534128605e-01
2.539583333333333215e+01,-3.666127295719530665e-01
2.541666666666666430e+01,3.005379657096404200e-01
2.543750000000000000e+01,5.447348654948480640e-01
2.545833333333333215e+01,-4.643980430156847972e-02
2.547916666666666430e+01,-6.706158338798268170e-01
2.550000000000000000e+01,-1.036711574581972162e-02
2.552083333333333215e+01,6.039388049973239969e-01
2.554166666666666430e+01,-2.940492534377436851e-02
2.556250000000000000e+01,-2.648662230292823105e-01
2.558333333333333215e+01,3.893125435064946349e-01
2.560416666666666430e+01,7.455502706568891691e-01
2.562500000000000000e+01,8.772769361697752011e-02
2.564583333333333215e+01,-6.048412942707810380e-01
2.566666666666666430e+01,8.009370431601561813e-03
2.568750000000000000e+01,6.331746938076285858e-01
2.570833333333333215e+01,-4.916468617050062662e-02
2.572916666666666430e+01,-4.547413820112743421e-01
2.575000000000000000e+01,1.493134419704921778e-01
2.577083333333333215e+01,8.044696550825115589e-01
2.579166666666666430e+01,1.195183500370172180e-01
2.581250000000000000e+01,-4.934682937547042458e-01
2.583333333333333215e+01,1.377575331957867633e-01
2.585416666666666430e+01,8.196881210062414436e-01
2.587500000000000000e+01,1.624132187572749908e-01
2.589583333333333215e+01,-4.390466289850356585e-01
2.591666666666666430e+01,-7.073128822652906544e-01
2.593750000000000000e+01,-1.995720583682100702e-02
2.595833333333333215e+01,5.331875581585290291e-01
2.597916666666666430e+01,-8.833079327284383553e-02
2.600000000000000000e+01,-7.289280988386747095e-01
2.602083333333333215e+01,-7.254062661544374846e-02
2.604166666666666430e+01,6.545872211104638572e-01
2.606250000000000000e+01,-9.078963030350883923e-03
2.608333333333333215e+01,-6.635655524096242264e-01
2.610416666666666430e+01,1.780724131545524669e-02
2.612500000000000000e+01,4.618040280097286954e-01
2.614583333333333215e+01,-2.286791680277671657e-01
2.616666666666666430e+01,-8.828007449248085337e-01
2.618750000000000000e+01,-1.717441747728491730e-01
2.620833333333333215e+01,4.725547264470387754e-01
2.622916666666666430e+01,-1.674173186599262064e-01
2.625000000000000000e+01,-6.796452842396752958e-01
2.627083333333333215e+01,4.599558975356937696e-03
2.629166666666666430e+01,6.035960959107171675e-01
2.631250000000000000e+01,-4.638295489209925959e-02
2.633333333333333215e+01,-5.712999624448815705e-01
2.635416666666666430e+01,9.039823464279017617e-02
2.637500000000000000e+01,6.935883770542464744e-01
2.639583333333333215e+01,2.975219775469356565e-02
2.641666666666666430e+01,-5.463306510663363813e-01
2.643750000000000000e+01,6.855415432021721989e-02
2.645833333333333215e+01,6.989005184513383817e-01
2.647916666666666430e+01,2.380192409271120191e-03
2.650000000000000000e+01,-3.432698369912425829e-01
2.652083333333333215e+01,2.798877833033476814e-01
2.654166666666666430e+01,9.393641335201433629e-01
2.656250000000000000e+01,2.684454058406008370e-01
2.658333333333333215e+01,-3.313775789400146832e-01
2.660416666666666430e+01,3.071997425274325400e-01
2.662500000000000000e+01,5.649597697462618306e-01
2.664583333333333215e+01,-9.404343937861484037e-02
2.666666666666666430e+01,-6.689630268755809572e-01
2.668750000000000000e+01,-2.800332303224242758e-02
2.670833333333333215e+01,6.270792392395347914e-01
2.672916666666666430e+01,2.938324711828568803e-02
2.675000000000000000e+01,-5.917962281967041882e-01
2.677083333333333215e+01,7.250087975955801789e-02
2.679166666666666430e+01,7.082930979942604344e-01
2.681250000000000000e+01,1.185851802225523777e-01
2.683333333333333215e+01,-5.577547422189985671e-01
2.685416666666666430e+01,-1.300173164462359865e-01
2.687500000000000000e+01,4.427920275503558489e-01
2.689583333333333215e+01,-1.974373234509173292e-01
2.691666666666666430e+01,-8.478246806491898102e-01
2.693750000000000000e+01,-1.990545616919089100e-01
2.695833333333333215e+01,4.995986754092641702e-01
2.697916666666666430e+01,-1.936957515300777588e-01
2.700000000000000000e+01,-8.314878187910481611e-01
2.702083333333333215e+01,-2.271702481059039713e-01
2.704166666666666430e+01,4.243965595068822094e-01
2.706250000000000000e+01,-2.560844145321997667e-01
2.708333333333333215e+01,-4.675545644101379850e-01
2.710416666666666430e+01,1.579845295079957412e-01
2.712500000000000000e+01,7.808962081842572012e-01
2.714583333333333215e+01,1.146268635657182455e-01
2.716666666666666430e+01,-5.896470072201489554e-01
2.718750000000000000e+01,6.355487203628046311e-02
2.720833333333333215e+01,6.920120540168319678e-01
2.722916666666666430e+01,4.484708776015855491e-02
2.725000000000000000e+01,-6.475608265723240553e-01
2.727083333333333215e+01,6.014787628126702645e-02
2.729166666666666430e+01,7.062482024865706087e-01
2.731250000000000000e+01,8.677633818568174229e-02
2.733333333333333215e+01,-5.728458841087362696e-01
2.735416666666666430e+01,1.059224535827041624e-01
2.737500000000000000e+01,7.913956407112738844e-01
2.739583333333333215e+01,1.573505218710414544e-01
2.741666666666666430e+01,-4.566312510634414901e-01
2.743750000000000000e+01,-1.434133716314236195e-01
2.745833333333333215e+01,5.378788514565032708e-01
2.747916666666666430e+01,-1.161980283168910222e-01
2.750000000000000000e+01,-7.258575498105849233e-01
2.752083333333333215e+01,-7.644450017806053710e-02
2.754166666666666430e+01,5.929020477670696732e-01
2.756250000000000000e+01,-3.210168505981901566e-02
2.758333333333333215e+01,-6.774847486392002738e-01
2.760416666666666430e+01,2.033108534740052376e-02
2.762500000000000000e+01,6.642508230763618515e-01
2.764583333333333215e+01,4.563613434320261397e-02
2.766666666666666430e+01,-6.414020062864805860e-01
2.768750000000000000e+01,2.910119269737063141e-02
2.770833333333333215e+01,5.376870992753223222e-01
2.772916666666666430e+01,-1.097583486378999607e-01
2.775000000000000000e+01,-8.067085200008534684e-01
2.777083333333333215e+01,-1.629057083103822301e-01
2.779166666666666430e+01,4.520940349598417951e-01
2.781250000000000000e+01,-2.412616358063634781e-01
2.783333333333333215e+01,-6.232546154126950011e-01
2.785416666666666430e+01,-6.046200254900699345e-03
2.787500000000000000e+01,6.401554689396973252e-01
2.789583333333333215e+01,-5.224687979784903291e-02
2.791666666666666430e+01,-6.947453110507104679e-01
2.793750000000000000e+01,-7.879253969674039626e-02
2.795833333333333215e+01,6.247797879447716252e-01
2.797916666666666430e+01,-3.613858817149057101e-02
2.800000000000000000e+01,-3.679888886804629777e-01
2.802083333333333215e+01,2.960491748869376050e-01
2.804166666666666430e+01,1.002979967015068974e+00
2.806250000000000000e+01,3.774285505669158214e-01
2.808333333333333215e+01,-2.596336164881684061e-01
2.810416666666666430e+01,-1.096558532666711827e-01
2.812500000000000000e+01,5.460018888194043685e-01
2.814583333333333215e+01,-6.895584698807827317e-02
2.816666666666666430e+01,-7.145004359136559735e-01
2.818750000000000000e+01,-2.580713648896809653e-02
2.820833333333333215e+01,6.831581037551727187e-01
2.822916666666666430e+01,5.240093038888704591e-02
2.825000000000000000e+01,-5.916045994434473432e-01
2.827083333333333215e+01,5.937722307872569938e-02
2.829166666666666430e+01,7.453899271413062522e-01
2.831250000000000000e+01,7.590296891271922086e-02
2.833333333333333215e+01,-5.703354643033567983e-01
2.835416666666666430e+01,6.300253812712816592e-02
2.837500000000000000e+01,2.516408386521409857e-01
2.839583333333333215e+01,-4.162398839125667771e-01
2.841666666666666430e+01,-5.280000987075075258e-01
2.843750000000000000e+01,1.916310428809053501e-01
2.845833333333333215e+01,1.256416363937663538e-01
2.847916666666666430e+01,-5.163535699455221728e-01
2.850000000000000000e+01,1.132612488652691707e-01
2.852083333333333215e+01,4.519001599252671086e-01
2.854166666666666430e+01,-2.357923371547156755e-01
2.856250000000000000e+01,-8.242640229096424020e-01
2.858333333333333215e+01,-2.097414663830275694e-01
2.860416666666666430e+01,4.145933179742356534e-01
2.862500000000000000e+01,-3.155228456211395249e-02
2.864583333333333215e+01,-4.381455953419203242e-01
2.866666666666666430e+01,2.038876219299151915e-01
2.868750000000000000e+01,8.265911174873661338e-01
2.870833333333333215e+01,1.727754010341268354e-01
2.872916666666666430e+01,-5.298972156035559600e-01
2.875000000000000000e+01,1.663326515899582192e-01
2.877083333333333215e+01,8.028280475173703579e-01
2.879166666666666430e+01,1.814753551600896686e-01
2.881250000000000000e+01,-4.770180810443017672e-01
2.883333333333333215e+01,2.204216722852657406e-01
2.885416666666666430e+01,3.128818542757116905e-01
2.887500000000000000e+01,-2.976747819812043394e-01
2.889583333333333215e+01,-4.144726685857731407e-01
2.891666666666666430e+01,2.483279619618198875e-01
2.893750000000000000e+01,1.834420360187420940e-01
2.895833333333333215e+01,-4.595230571019094379e-01
2.897916666666666430e+01,1.583723818766293034e-01
2.900000000000000000e+01,3.180782546416693890e-01
2.902083333333333215e+01,-3.002224557195668497e-01
2.904166666666666430e+01,-4.723813496768359266e-01
2.906250000000000000e+01,2.039356298728899342e-01
2.908333333333333215e+01,3.461775191367029714e-01
2.910416666666666430e+01,-3.036260404174891958e-01
2.912500000000000000e+01,-3.735405308949056868e-01
2.914583333333333215e+01,2.741875054051063909e-01
2.916666666666666430e+01,1.623357068076522192e-01
2.918750000000000000e+01,-5.199488310379346556e-01
2.920833333333333215e+01,1.114998171876084576e-01
2.922916666666666430e+01,7.212609005515138172e-01
2.925000000000000000e+01,5.969332919124303860e-02
2.927083333333333215e+01,-6.277117579493166621e-01
2.929166666666666430e+01,2.723115887167212867e-02
2.931250000000000000e+01,6.391171556947916610e-01
2.933333333333333215e+01,2.553429284355698825e-02
2.935416666666666430e+01,-6.492349178726251058e-01
2.937500000000000000e+01,4.730135638362545358e-02
2.939583333333333215e+01,6.957967963912403686e-01
2.941666666666666430e+01,7.576821423161222979e-02
2.943750000000000000e+01,-5.778512205653838496e-01
2.945833333333333215e+01,1.277869401261399751e-01
2.947916666666666430e+01,5.051464923884756431e-01
2.950000000000000000e+01,-1.251992873802592054e-01
2.952083333333333215e+01,-7.255739764422328708e-01
2.954166666666666430e+01,-5.880722310842070866e-02
2.956250000000000000e+01,6.131779040587137519e-01
2.958333333333333215e+01,-3.878265441353248577e-02
2.960416666666666430e+01,-6.412988707137222688e-01
2.962500000000000000e+01,-5.047632181828298759e-03
2.964583333333333215e+01,6.710441585946647081e-01
2.966666666666666430e+01,1.064006967871519715e-02
2.968750000000000000e+01,-6.328783447232865234e-01
2.970833333333333215e+01,-2.957761232423028464e-02
2.972916666666666430e+01,6.216485884244528082e-01
2.975000000000000000e+01,-7.623329548630997099e-02
2.977083333333333215e+01,-7.447210582643660759e-01
2.979166666666666430e+01,-1.004599431918926367e-01
2.981250000000000000e+01,5.007567732367117497e-01
2.983333333333333215e+01,-1.668022750721479819e-01
2.985416666666666430e+01,-7.816601964328115937e-01
2.987500000000000000e+01,-1.305513775600081194e-01
2.989583333333333215e+01,4.748164653556671277e-01
2.991666666666666430e+01,-1.902769403062955222e-02
2.993750000000000000e+01,-3.672001767104041692e-01
2.995833333333333215e+01,3.107805975066481596e-01
2.997916666666666430e+01,7.939129401470069736e-01
3.000000000000000000e+01,1.985738902559748831e-01
3.002083333333333215e+01,-4.515586311135874054e-01
3.004166666666666430e+01,2.151332650962558823e-01
3.006250000000000000e+01,7.538289047727408931e-01
3.008333333333333215e+01,1.210115935313969826e-01
3.010416666666666430e+01,-4.994527947004688828e-01
3.012500000000000000e+01,1.519754790118613141e-01
3.014583333333333215e+01,4.237458760354514409e-01
3.016666666666666430e+01,-2.279192834989745842e-01
3.018750000000000000e+01,-8.477920126380555921e-01
3.020833333333333215e+01,-2.218452949587160494e-01
3.022916666666666430e+01,4.409037362222705259e-01
3.025000000000000000e+01,-2.169053420774412488e-01
3.027083333333333215e+01,-4.562972436456757541e-01
3.029166666666666430e+01,1.424011049091054582e-01
3.031250000000000000e+01,7.731786656593966356e-01
3.033333333333333215e+01,1.003864481552943499e-01
3.035416666666666430e+01,-5.986035812543888390e-01
3.037500000000000000e+01,3.840148559932499150e-02
3.039583333333333215e+01,6.547714396547734683e-01
3.041666666666666430e+01,6.305731562929878242e-03
3.043750000000000000e+01,-6.788578696765857901e-01
3.045833333333333215e+01,-2.284856736575185954e-02
3.047916666666666430e+01,6.031692417358491820e-01
3.050000000000000000e+01,-2.592311601696836720e-02
3.052083333333333215e+01,-6.904691813768105701e-01
3.054166666666666430e+01,-2.502647887377335012e-03
3.056250000000000000e+01,6.588842951296424166e-01
3.058333333333333215e+01,5.058499018892238797e-02
3.060416666666666430e+01,-5.844073448269466731e-01
3.062500000000000000e+01,8.546271830234475342e-02
3.064583333333333215e+01,7.678369600812904316e-01
3.066666666666666430e+01,1.339586140893656852e-01
3.068750000000000000e+01,-5.064546754923047178e-01
3.070833333333333215e+01,-5.961111651610088991e-02
3.072916666666666430e+01,4.940998612286714442e-01
3.075000000000000000e+01,-2.021301082439356522e-01
3.077083333333333215e+01,-8.505771508006092496e-01
3.079166666666666430e+01,-2.181131785581387206e-01
3.081250000000000000e+01,4.483395545791090120e-01
3.083333333333333215e+01,-2.611297905235068217e-01
3.085416666666666430e+01,-5.675318108102788139e-01
3.087500000000000000e+01,5.442258757198721597e-02
3.089583333333333215e+01,6.670574104313276020e-01
3.091666666666666430e+01,-7.735644733374458237e-03
3.093750000000000000e+01,-6.999811347719407939e-01
3.095833333333333215e+01,-5.651190864526395297e-02
3.097916666666666430e+01,5.629850684512536230e-01
3.100000000000000000e+01,-7.936790783915714798e-02
3.102083333333333215e+01,-5.211595680470162417e-01
3.104166666666666430e+01,1.752514724113772848e-01
3.106250000000000000e+01,8.216815800817417470e-01
3.108333333333333215e+01,2.008771502151499022e-01
3.110416666666666430e+01,-4.521562680636962983e-01
3.112500000000000000e+01,2.515905415399962708e-01
3.114583333333333215e+01,7.065995478894855353e-01
3.116666666666666430e+01,7.724287104369878532e-02
3.118750000000000000e+01,-5.294011584269695536e-01
3.120833333333333215e+01,1.349644978436048415e-01
3.122916666666666430e+01,6.065456589058499937e-01
3.125000000000000000e+01,-4.697502795725919111e-02
3.127083333333333215e+01,-6.969485912910651226e-01
3.129166666666666430e+01,-8.898022631562679807e-02
3.131250000000000000e+01,5.662906618333897191e-01
3.133333333333333215e+01,-9.242493522694131269e-02
3.135416666666666430e+01,-7.375428731949366101e-01
3.137500000000000000e+01,-1.492980004377192915e-01
3.139583333333333215e+01,5.022669357175337801e-01
3.141666666666666430e+01,-1.680430277473178025e-01
3.143750000000000000e+01,-8.815283035221758157e-01
3.145833333333333215e+01,-2.619678243823701513e-01
3.147916666666666430e+01,3.787647037939489425e-01
3.150000000000000000e+01,2.704847799259015306e-01
3.152083333333333215e+01,-4.476757394097206633e-01
3.154166666666666430e+01,2.164172471327648617e-01
3.156250000000000000e+01,8.523050811617094435e-01
3.158333333333333215e+01,2.281598138779277751e-01
3.160416666666666430e+01,-4.469711763752972633e-01
3.162500000000000000e+01,2.460634562272882853e-01
3.164583333333333215e+01,3.531604542720068185e-01
3.166666666666666430e+01,-2.484760403282844365e-01
3.168750000000000000e+01,-4.596911699368618764e-01
3.170833333333333215e+01,2.128320564170946838e-01
3.172916666666666430e+01,4.554326977807903742e-01
3.175000000000000000e+01,-1.776634193942252249e-01
3.177083333333333215e+01,-7.839079070698528051e-01
3.179166666666666430e+01,-1.349901867653815202e-01
3.181250000000000000e+01,5.674435671400598347e-01
3.183333333333333215e+01,-1.085784489277743237e-01
3.185416666666666430e+01,-7.332209134867818667e-01
3.187500000000000000e+01,-1.264084753646927961e-01
3.189583333333333215e+01,5.368750226464329423e-01
3.191666666666666430e+01,-9.761681696968238509e-02
3.193750000000000000e+01,-2.790566950900896792e-01
3.195833333333333215e+01,3.271314374808172998e-01
3.197916666666666430e+01,5.798904044277902736e-01
3.200000000000000000e+01,-1.052225724976496024e-01
3.202083333333332860e+01,-5.836034143109791739e-01
3.204166666666666430e+01,5.277435310676489855e-02
3.206250000000000000e+01,6.613053346649536701e-01
3.208333333333332860e+01,1.204348126582679979e-02
3.210416666666666430e+01,-6.609335759480186034e-01
3.212500000000000000e+01,-9.773549736410869215e-03
3.214583333333332860e+01,6.097448526593022278e-01
3.216666666666666430e+01,-5.763095085045757959e-03
3.218750000000000000e+01,-6.375316167201932060e-01
3.220833333333332860e+01,4.387474896296700289e-02
3.222916666666666430e+01,7.085303196180314789e-01
3.225000000000000000e+01,1.104718880263180630e-01
3.227083333333332860e+01,-5.250041323010264938e-01
3.229166666666666430e+01,1.317067465362082579e-01
3.231250000000000000e+01,8.353343996166150420e-01
3.233333333333332860e+01,1.913640815433154951e-01
3.235416666666666430e+01,-4.274764852913864321e-01
3.237500000000000000e+01,2.181225187586420811e-01
3.239583333333332860e+01,2.920531390940178662e-01
3.241666666666666430e+01,-3.809292544748689169e-01
3.243750000000000000e+01,-2.436734642354667080e-01
3.245833333333332860e+01,3.571623665573459006e-01
3.247916666666666430e+01,-2.872714717132235362e-01
3.250000000000000000e+01,-5.984786665550844154e-01
3.252083333333332860e+01,2.993822770800078081e-02
3.254166666666666430e+01,6.266634226325866752e-01
3.256250000000000000e+01,-3.351208051342716154e-02
3.258333333333332860e+01,-6.848930304806749580e-01
3.260416666666666430e+01,-8.821529511607933971e-02
3.262500000000000000e+01,5.594067589631568360e-01
3.264583333333332860e+01,-1.210692847527089500e-01
3.266666666666666430e+01,-7.509933930202632446e-01
3.268750000000000000e+01,-1.353109815326689613e-01
3.270833333333332860e+01,5.594601876474334379e-01
3.272916666666666430e+01,-9.730291726575995837e-02
3.275000000000000000e+01,-6.837573198053523704e-01
3.277083333333332860e+01,-3.199470839406712286e-02
3.279166666666666430e+01,6.606850128389853971e-01
3.281250000000000000e+01,2.897884644853829239e-02
3.283333333333332860e+01,-5.905476995834246789e-01
3.285416666666666430e+01,8.518107604260433119e-02
3.287500000000000000e+01,7.390883653255135854e-01
3.289583333333332860e+01,1.501804599855094680e-01
3.291666666666666430e+01,-5.084459733200684672e-01
3.293750000000000000e+01,1.488883360613171281e-01
3.295833333333332860e+01,8.307853612843292268e-01
3.297916666666666430e+01,2.171545041043608792e-01
3.300000000000000000e+01,-4.491980129246465614e-01
3.302083333333332860e+01,2.021724375836851106e-01
3.304166666666666430e+01,4.346925684362999420e-01
3.306250000000000000e+01,-2.213075177333103383e-01
3.308333333333332860e+01,-7.843375781610563147e-01
3.310416666666666430e+01,-1.500162126647504868e-01
3.312500000000000000e+01,5.390900399727409642e-01
3.314583333333332860e+01,-1.646074687384761481e-01
3.316666666666666430e+01,-7.845321494677118812e-01
3.318750000000000000e+01,-1.699186138417237424e-01
3.320833333333332860e+01,4.796596110104625055e-01
3.322916666666666430e+01,-8.993282875614200256e-02
3.325000000000000000e+01,-3.738602027826382623e-01
3.327083333333332860e+01,2.505523690509093848e-01
3.329166666666666430e+01,7.522457583364936529e-01
3.331250000000000000e+01,9.477020091253982037e-02
3.333333333333332860e+01,-6.087376825168802075e-01
3.335416666666666430e+01,4.881201461778300610e-02
3.337500000000000000e+01,6.735210931000189527e-01
3.339583333333332860e+01,5.617148973794176825e-02
3.341666666666666430e+01,-6.217940191948505557e-01
3.343750000000000000e+01,6.860968215559884453e-02
3.345833333333332860e+01,7.187748616250091427e-01
3.347916666666666430e+01,1.138519741411488650e-01
3.350000000000000000e+01,-5.391182107985699190e-01
3.352083333333332860e+01,1.240069459632972826e-01
3.354166666666666430e+01,4.838210351466766257e-01
3.356250000000000000e+01,-1.729526186102465779e-01
3.358333333333332860e+01,-7.886719089526077475e-01
3.360416666666666430e+01,-1.382797937293994972e-01
3.362500000000000000e+01,5.199968108986510185e-01
3.364583333333332860e+01,-1.366633072032931440e-01
3.366666666666666430e+01,-7.568445667910145280e-01
3.368750000000000000e+01,-7.907881684789105914e-02
3.370833333333332860e+01,6.026030643316528934e-01
3.372916666666666430e+01,-4.159682955263782622e-03
3.375000000000000000e+01,-6.447071729826349129e-01
3.377083333333332860e+01,4.748286977190652181e-03
3.379166666666666430e+01,6.625128573249953190e-01
3.381250000000000000e+01,5.636137133404063582e-02
3.383333333333332860e+01,-6.303030707284971168e-01
3.385416666666666430e+01,5.066404548180303280e-02
3.387500000000000000e+01,6.753559542438418717e-01
3.389583333333332860e+01,2.917487678658234329e-02
3.391666666666666430e+01,-6.719476663818997331e-01
3.393750000000000000e+01,-1.346266323926526010e-02
3.395833333333332860e+01,5.984491235578442980e-01
3.397916666666666430e+01,-7.423259640991444752e-02
3.400000000000000000e+01,-6.529736271798168845e-01
3.402083333333332860e+01,-4.152938834425554115e-02
3.404166666666666430e+01,6.071115281864567503e-01
3.406250000000000000e+01,-8.419483851677705966e-02
3.408333333333332860e+01,-4.176231832851287074e-01
3.410416666666666430e+01,2.159343328268034101e-01
3.412500000000000000e+01,8.375570362862954088e-01
3.414583333333332860e+01,1.575086280599415911e-01
3.416666666666666430e+01,-5.331930135841551621e-01
3.418750000000000000e+01,1.113086019145349270e-01
3.420833333333332860e+01,7.235697303847176132e-01
3.422916666666666430e+01,6.166661622036934132e-02
3.425000000000000000e+01,-6.260588255372917521e-01
3.427083333333332860e+01,5.483406141705479686e-02
3.429166666666666430e+01,6.713616295861333239e-01
3.431250000000000000e+01,5.584201637586283518e-02
3.433333333333332860e+01,-5.868675637562987824e-01
3.435416666666666430e+01,1.226434146836091754e-01
3.437500000000000000e+01,7.817173632536638106e-01
3.439583333333332860e+01,1.380776737876864835e-01
3.441666666666666430e+01,-5.252718517028284184e-01
3.443750000000000000e+01,1.859866128078282721e-01
3.445833333333332860e+01,1.884259852060255480e-01
3.447916666666666430e+01,-4.701086897550465493e-01
3.450000000000000000e+01,-1.150749838995789448e-01
3.452083333333332860e+01,4.622431047083511713e-01
3.454166666666666430e+01,-2.573696247027852380e-01
3.456250000000000000e+01,-9.160792417452306990e-01
3.458333333333332860e+01,-2.711063055586234727e-01
3.460416666666666430e+01,3.173681412708694305e-01
3.462500000000000000e+01,-2.466900985750401232e-01
3.464583333333332860e+01,-3.671984786746338436e-01
3.466666666666666430e+01,2.839446806839658333e-01
3.468750000000000000e+01,1.164883968280262944e-01
3.470833333333332860e+01,-4.671453035884693961e-01
3.472916666666666430e+01,1.756637235871046088e-01
3.475000000000000000e+01,6.313132056758039568e-01
3.477083333333332860e+01,-9.956095695109606902e-03
3.479166666666666430e+01,-6.306595476489241792e-01
3.481250000000000000e+01,4.404385669380095347e-02
3.483333333333332860e+01,7.163743667076718502e-01
3.485416666666666430e+01,1.055492491457065557e-01
3.487500000000000000e+01,-5.272400999731181592e-01
3.489583333333332860e+01,1.618180730990323446e-01
3.491666666666666430e+01,3.462666581747672057e-01
3.493750000000000000e+01,-2.784243736155448401e-01
3.495833333333332860e+01,-9.498609437141656286e-01
3.497916666666666430e+01,-2.662111016679599151e-01
3.500000000000000000e+01,3.308485056829174598e-01
3.502083333333332860e+01,-1.355797042326664092e-01
3.504166666666666430e+01,-4.350474436895902519e-01
3.506250000000000000e+01,2.138516160545102518e-01
3.508333333333332860e+01,6.737130688274861612e-01
3.510416666666666430e+01,2.167761776734036805e-02
3.512500000000000000e+01,-6.253115082285183313e-01
3.514583333333332860e+01,-4.525737965320748846e-02
3.516666666666666430e+01,5.772857952553929195e-01
3.518750000000000000e+01,-7.958931891499229638e-02
3.520833333333332860e+01,-5.221150415512885168e-01
3.522916666666666430e+01,6.016427164073374911e-02
3.525000000000000000e+01,7.464860891895985784e-01
3.527083333333332860e+01,9.126760759506769016e-02
3.529166666666666430e+01,-5.344858210569893853e-01
3.531250000000000000e+01,1.031223093658430179e-01
3.533333333333332860e+01,8.059734721666776958e-01
3.535416666666666430e+01,1.695241134860200338e-01
3.537500000000000000e+01,-4.480816672864197381e-01
3.539583333333332860e+01,2.430961361733379733e-01
3.541666666666666430e+01,7.142851887253252041e-01
3.543750000000000000e+01,1.063460457389169278e-01
3.545833333333332860e+01,-5.409089088464482664e-01
3.547916666666666430e+01,1.348567937221267776e-01
3.550000000000000000e+01,5.249636702671582889e-01
3.552083333333332860e+01,-8.818564193484038083e-02
3.554166666666666430e+01,-7.841355600692808681e-01
3.556250000000000000e+01,-1.340253226897131222e-01
3.558333333333332860e+01,4.840218963425215737e-01
3.560416666666666430e+01,-1.764430696753008787e-01
3.562500000000000000e+01,-8.718781955791283789e-01
3.564583333333332860e+01,-2.544747337406515486e-01
3.566666666666666430e+01,3.782927918012191082e-01
3.568750000000000000e+01,-6.852470413789807369e-03
3.570833333333332860e+01,-4.860808903512084944e-01
3.572916666666666430e+01,1.736814329193115680e-01
3.575000000000000000e+01,5.262478009365457732e-01
3.577083333333332860e+01,-8.290993837756661933e-02
3.579166666666666430e+01,-7.012747740804050611e-01
3.581250000000000000e+01,-3.924487404565393800e-02
3.583333333333332860e+01,6.665714335275594316e-01
3.585416666666666430e+01,-6.205918619841627182e-03
3.587500000000000000e+01,-6.409844468073622181e-01
3.589583333333332860e+01,1.773649156820675254e-02
3.591666666666666430e+01,6.980062860081167608e-01
3.593750000000000000e+01,-2.950586798360815832e-02
3.595833333333332860e+01,-6.737126704340703487e-01
3.597916666666666430e+01,-3.385207937978881865e-02
3.600000000000000000e+01,6.144971887317077774e-01
3.602083333333332860e+01,-1.022997411425626835e-01
3.604166666666666430e+01,-3.717916700198371505e-01
3.606250000000000000e+01,2.585612623157050871e-01
3.608333333333332860e+01,8.649661301409090619e-01
3.610416666666666430e+01,2.041370768809019909e-01
3.612500000000000000e+01,-4.824291639763035322e-01
3.614583333333332860e+01,1.732506998998716297e-01
3.616666666666666430e+01,7.716078598357949403e-01
3.618750000000000000e+01,1.305393508575986850e-01
3.620833333333332860e+01,-5.430534795850520124e-01
3.622916666666666430e+01,1.600301563259022841e-01
3.625000000000000000e+01,3.334273312862075511e-01
3.627083333333332860e+01,-2.847354451785775731e-01
3.629166666666666430e+01,-7.479543241913629847e-01
3.631250000000000000e+01,-7.351727968735213836e-02
3.633333333333332860e+01,5.821103657046302615e-01
3.635416666666666430e+01,-3.360053877363833319e-02
3.637500000000000000e+01,-6.453302611049805959e-01
3.639583333333332860e+01,3.820814704082242663e-02
3.641666666666666430e+01,6.918212626419588673e-01
3.643750000000000000e+01,1.773409110400228639e-02
3.645833333333332860e+01,-7.170028842396776181e-01
3.647916666666666430e+01,-5.187306972031016650e-02
3.650000000000000000e+01,6.301712637410237239e-01
3.652083333333332860e+01,-1.056245961754347928e-01
3.654166666666666430e+01,-7.729909671470661658e-01
3.656250000000000000e+01,-1.159611469351619073e-01
3.658333333333332860e+01,5.457144374813528431e-01
3.660416666666666430e+01,-1.704402889940654642e-01
3.662500000000000000e+01,-4.903057455180611646e-01
3.664583333333332860e+01,1.543126584691744130e-01
3.666666666666666430e+01,7.502064252547474554e-01
3.668750000000000000e+01,4.735724864628124142e-02
3.670833333333332860e+01,-6.133400204632208919e-01
3.672916666666666430e+01,4.188030401288439508e-02
3.675000000000000000e+01,6.280867320813977583e-01
3.677083333333332860e+01,-2.983916510845083248e-02
3.679166666666666430e+01,-6.930341864296567511e-01
3.681250000000000000e+01,-4.427072622353370179e-02
3.683333333333332860e+01,5.663521645405258376e-01
3.685416666666666430e+01,-6.964571463436169951e-02
3.687500000000000000e+01,-7.224980001988572376e-01
3.689583333333332860e+01,-6.939637056071415455e-02
3.691666666666666430e+01,5.768381405792833982e-01
3.693750000000000000e+01,-9.673559267765716174e-02
3.695833333333332860e+01,-3.950664486025830535e-01
3.697916666666666430e+01,2.274072039150209501e-01
3.700000000000000000e+01,9.062305947060123046e-01
3.702083333333332860e+01,2.513937194588947155e-01
3.704166666666666430e+01,-3.068680009313694002e-01
3.706250000000000000e+01,-2.390453236479243571e-01
3.708333333333332860e+01,4.052172514680887350e-01
3.710416666666666430e+01,-1.911381291161711460e-01
3.712500000000000000e+01,-7.224765991393619080e-01
3.714583333333332860e+01,-7.537061398751573882e-02
3.716666666666666430e+01,5.696702933560129356e-01
3.718750000000000000e+01,-1.122637729746633894e-02
3.720833333333332860e+01,-6.650339004283551958e-01
3.722916666666666430e+01,-1.332769283028084617e-03
3.725000000000000000e+01,7.059954417399150195e-01
3.727083333333332860e+01,9.139773242825309507e-02
3.729166666666666430e+01,-5.385302768869475454e-01
3.731250000000000000e+01,1.163828706894159681e-01
3.733333333333332860e+01,7.402191210385853370e-01
3.735416666666666430e+01,8.752005281714705931e-02
3.737500000000000000e+01,-5.295864431083077140e-01
3.739583333333332860e+01,1.233797318823207922e-01
3.741666666666666430e+01,3.040286472240976701e-01
3.743750000000000000e+01,-3.127278796030693586e-01
3.745833333333332860e+01,-6.127098929986878328e-01
3.747916666666666430e+01,8.624485011970714488e-02
3.750000000000000000e+01,6.628076771735067485e-01
3.752083333333332860e+01,4.056390550522942506e-02
3.754166666666666430e+01,-6.549706701235485928e-01
3.756250000000000000e+01,2.319280962703729188e-02
3.758333333333332860e+01,6.416154614321286642e-01
3.760416666666666430e+01,-1.370034643509271399e-02
3.762500000000000000e+01,-7.135639475608576143e-01
3.764583333333332860e+01,-6.544970423278481664e-02
3.766666666666666430e+01,5.491117802852805152e-01
3.768750000000000000e+01,-1.380441856075558804e-01
3.770833333333332860e+01,-7.951362428115115177e-01
3.772916666666666430e+01,-1.751517033367056553e-01
3.775000000000000000e+01,4.764358307880004473e-01
3.777083333333332860e+01,-2.266925413683090751e-01
3.779166666666666430e+01,-4.523129330517076663e-01
3.781250000000000000e+01,2.225908422872806269e-01
3.783333333333332860e+01,8.976753593121298280e-01
3.785416666666666430e+01,1.924113768921445755e-01
3.787500000000000000e+01,-4.429385657228077644e-01
3.789583333333332860e+01,2.211678294883653861e-01
3.791666666666666430e+01,8.377118115590452829e-01
3.793750000000000000e+01,1.718910382997874131e-01
3.795833333333332860e+01,-4.836098392296452886e-01
3.797916666666666430e+01,1.537739405500960777e-01
3.800000000000000000e+01,5.774302899346606122e-01
3.802083333333332860e+01,-3.958293522123591812e-02
3.804166666666666430e+01,-6.867267017085222358e-01
3.806250000000000000e+01,-7.663323567646174173e-02
3.808333333333332860e+01,5.553468198563866753e-01
3.810416666666666430e+01,-1.071333406105614561e-01
3.812500000000000000e+01,-7.533722631403938497e-01
3.814583333333332860e+01,-1.651268194664994304e-01
3.816666666666666430e+01,5.336238443205165716e-01
3.818750000000000000e+01,-1.210444851382301568e-01
3.820833333333332860e+01,-7.397840648651424766e-01
3.822916666666666430e+01,-1.050281718591402347e-01
3.825000000000000000e+01,5.898267827458041346e-01
3.827083333333332860e+01,-5.082482927938491990e-02
3.829166666666666430e+01,-6.570365924664237633e-01
3.831250000000000000e+01,1.682892799143681506e-02
3.833333333333332860e+01,6.797141086071677440e-01
3.835416666666666430e+01,7.944829510263876071e-02
3.837500000000000000e+01,-5.552864277416759142e-01
3.839583333333332860e+01,1.179643193214889030e-01
3.841666666666666430e+01,6.136787694771885793e-01
3.843750000000000000e+01,1.839276280561165378e-02
3.845833333333332860e+01,-6.775083630868408147e-01
3.847916666666666430e+01,-1.958961803429615234e-02
3.850000000000000000e+01,6.116761481773480558e-01
3.852083333333332860e+01,-1.282861223258036087e-02
3.854166666666666430e+01,-5.255696077667615373e-01
3.856250000000000000e+01,1.140521607342178667e-01
3.858333333333332860e+01,8.006176885292742851e-01
3.860416666666666430e+01,1.301206480748637317e-01
3.862500000000000000e+01,-5.035274198561636716e-01
3.864583333333332860e+01,8.061926917676376370e-02
3.866666666666666430e+01,7.267167002314934843e-01
3.868750000000000000e+01,6.284960717192958346e-02
3.870833333333332860e+01,-6.058365607638259709e-01
3.872916666666666430e+01,-8.114782849618557004e-03
3.875000000000000000e+01,6.302482591974196691e-01
3.877083333333332860e+01,-2.166276190099047927e-02
3.879166666666666430e+01,-7.366063207681858849e-01
3.881250000000000000e+01,-9.189204418059321311e-02
3.883333333333332860e+01,5.363401765405984012e-01
3.885416666666666430e+01,-9.954973196649385958e-02
3.887500000000000000e+01,-7.840673327431322281e-01
3.889583333333332860e+01,-1.164455447723101167e-01
3.891666666666666430e+01,5.250823616232634938e-01
3.893750000000000000e+01,-8.581443879974259836e-02
3.895833333333332860e+01,-7.461559232728116609e-01
3.897916666666666430e+01,-5.236450460645958316e-02
3.900000000000000000e+01,6.149796620100751454e-01
3.902083333333332860e+01,1.350784585481504263e-03
3.904166666666666430e+01,-6.146021478653523884e-01
3.906250000000000000e+01,5.459270489880185817e-02
3.908333333333332860e+01,7.206640062614093623e-01
3.910416666666666430e+01,7.399183748128906890e-02
3.912500000000000000e+01,-5.383093292220548776e-01
3.914583333333332860e+01,7.463736111742441670e-02
3.916666666666666430e+01,3.056680126263094932e-01
3.918750000000000000e+01,-3.498792380985213946e-01
3.920833333333332860e+01,-5.767107191424019064e-01
3.922916666666666430e+01,6.384711456133629337e-02
3.925000000000000000e+01,-5.901480967669272548e-01
3.927083333333332860e+01,-7.407079658714381676e-01
3.929166666666666430e+01,-3.494340250277977455e-02
3.931250000000000000e+01,6.117658383419374291e-01
3.933333333333332860e+01,-5.606946512401933536e-02
3.935416666666666430e+01,-7.116217547082884787e-01
3.937500000000000000e+01,2.634764811946507801e-02
3.939583333333332860e+01,6.767656976072069508e-01
3.941666666666666430e+01,2.426976920286971762e-02
3.943750000000000000e+01,-5.464042155775874487e-01
3.945833333333332860e+01,1.308439538985077810e-01
3.947916666666666430e+01,7.614244357912340888e-01
3.950000000000000000e+01,1.087407602165188780e-01
3.952083333333332860e+01,-4.689000148427983072e-01
3.954166666666666430e+01,1.463620373325082991e-01
3.956250000000000000e+01,8.082191833418594928e-01
3.958333333333332860e+01,1.384642806317258890e-01
3.960416666666666430e+01,-4.881679659986719044e-01
3.962500000000000000e+01,1.091610007899357637e-01
3.964583333333332860e+01,7.729613422105209297e-01
3.966666666666666430e+01,8.959431284772714776e-02
3.968750000000000000e+01,-5.549501090892071664e-01
3.970833333333332860e+01,5.117786676015846636e-02
3.972916666666666430e+01,7.032917524478772275e-01
3.975000000000000000e+01,1.561164070121681680e-02
3.977083333333332860e+01,-6.647556579131000953e-01
3.979166666666666430e+01,-4.151511674417109055e-02
3.981250000000000000e+01,5.704532236321991912e-01
3.983333333333332860e+01,-9.341434903141704327e-02
3.985416666666666430e+01,-7.396129963628550463e-01
3.987500000000000000e+01,-8.681122628578996636e-02
3.989583333333332860e+01,5.157518971977396172e-01
3.991666666666666430e+01,7.382484511926096227e-01
3.993750000000000000e+01,7.883960629084496574e-02
3.995833333333332860e+01,-5.732537140297748746e-01
3.997916666666666430e+01,6.743070614533389073e-02
4.000000000000000000e+01,8.032933283674645875e-01
4.002083333333332860e+01,1.472927575614623730e-01
4.004166666666666430e+01,-5.380984349077770901e-01
4.006250000000000000e+01,1.850683798226351318e-01
4.008333333333332860e+01,8.649257912728987030e-01
4.010416666666666430e+01,2.112083209772560588e-01
4.012500000000000000e+01,-4.491075932093368528e-01
4.014583333333332860e+01,-7.053147094884291979e-02
4.016666666666666430e+01,3.876692424346050991e-01
4.018750000000000000e+01,-2.551497227392178768e-01
4.020833333333332860e+01,-8.613566428578872669e-01
4.022916666666666430e+01,-1.599317763913072343e-01
4.025000000000000000e+01,5.153074477509087536e-01
4.027083333333332860e+01,-1.359493065897474373e-01
4.029166666666666430e+01,-7.426803849099017363e-01
4.031250000000000000e+01,-8.450116837797730374e-02
4.033333333333332860e+01,6.058882713177758950e-01
4.035416666666666430e+01,-9.119507839858262410e-02
4.037500000000000000e+01,-7.202823574297350095e-01
4.039583333333332860e+01,-9.155268454228748798e-02
4.041666666666666430e+01,5.628831007372088191e-01
4.043750000000000000e+01,-1.483118442548430338e-01
4.045833333333332860e+01,-8.007756092293454309e-01
4.047916666666666430e+01,-1.748820797823553153e-01
4.050000000000000000e+01,4.315229737416499955e-01
4.052083333333332860e+01,-2.553178068787385069e-01
4.054166666666666430e+01,-3.832299485287689045e-01
4.056250000000000000e+01,2.670807117531107666e-01
4.058333333333332860e+01,5.341113995035933204e-01
4.060416666666666430e+01,-1.221188321833921175e-01
4.062500000000000000e+01,-6.458300356570358947e-01
4.064583333333332860e+01,4.915987464360410675e-02
4.066666666666666430e+01,6.812610196015453923e-01
4.068750000000000000e+01,5.761334746122996620e-02
4.070833333333332860e+01,-3.050691560196332475e-01
4.072916666666666430e+01,3.711413168145382135e-01
4.075000000000000000e+01,1.004545671230182791e+00
4.077083333333332860e+01,3.697456995225530396e-01
4.079166666666666430e+01,-2.303388248226481971e-01
4.081250000000000000e+01,-1.573553493894111754e-01
4.083333333333332860e+01,5.117592932243102410e-01
4.085416666666666430e+01,-1.453614968580793920e-01
4.087500000000000000e+01,-7.348910237476555807e-01
4.089583333333332860e+01,-1.056443504017997304e-01
4.091666666666666430e+01,5.539522115144170922e-01
4.093750000000000000e+01,-1.334261167403314741e-01
4.095833333333332860e+01,-7.677349946045451956e-01
4.097916666666666430e+01,-1.633543856374859715e-01
4.100000000000000000e+01,4.772624427976617234e-01
4.102083333333332860e+01,-1.788301225452133270e-01
4.104166666666666430e+01,-5.502432798300586070e-01
4.106250000000000000e+01,9.085923078259386387e-02
4.108333333333332860e+01,7.023032054192525075e-01
4.110416666666666430e+01,3.031910780075783296e-02
4.112500000000000000e+01,-6.563277585417957027e-01
4.114583333333332860e+01,1.044358878971599069e-02
4.116666666666666430e+01,6.178323760891116789e-01
4.118750000000000000e+01,-1.056838448743058212e-02
4.120833333333332860e+01,-6.745116845753846846e-01
4.122916666666666430e+01,2.143660174080308511e-02
4.125000000000000000e+01,6.566820455155517600e-01
4.127083333333332860e+01,4.967531572650829563e-02
4.129166666666666430e+01,-5.994524614337640722e-01
4.131250000000000000e+01,8.830999583823442856e-02
4.133333333333332860e+01,7.761283726619325751e-01
4.135416666666666430e+01,1.456387715755552703e-01
4.137500000000000000e+01,-4.708556503974551388e-01
4.139583333333332860e+01,9.393238602696378503e-02
4.141666666666666430e+01,-5.037856539758174268e-01
4.143750000000000000e+01,-8.729920152036871883e-01
4.145833333333332860e+01,-3.145025936446952386e-01
4.147916666666666430e+01,3.606299313200437284e-01
4.150000000000000000e+01,-2.690287931923915909e-01
4.152083333333332860e+01,-6.354566814603640479e-01
4.154166666666666430e+01,2.090493958571904010e-02
4.156250000000000000e+01,6.932233979965014559e-01
4.158333333333332860e+01,4.014861553105258940e-02
4.160416666666666430e+01,-6.622187886292534298e-01
4.162500000000000000e+01,7.709753188513507327e-02
4.164583333333332860e+01,7.385131069471564391e-01
4.166666666666666430e+01,4.651108805873657714e-02
4.168750000000000000e+01,-6.107781424156863981e-01
4.170833333333332860e+01,1.023802634121655231e-01
4.172916666666666430e+01,7.565510217662826387e-01
4.175000000000000000e+01,7.390823550553968224e-02
4.177083333333332860e+01,-5.203899272455071445e-01
4.179166666666666430e+01,1.569477621145076995e-01
4.181250000000000000e+01,8.378275067508078600e-01
4.183333333333332860e+01,2.286093366805257987e-01
4.185416666666666430e+01,-4.141364828545173182e-01
4.187500000000000000e+01,2.806340115066009444e-01
4.189583333333332860e+01,3.505998175122870819e-01
4.191666666666666430e+01,-2.716245177816546397e-01
4.193750000000000000e+01,-3.112441826349803820e-01
4.195833333333332860e+01,3.903041617612744707e-01
4.197916666666666430e+01,-1.520989109219696156e-01
4.200000000000000000e+01,-4.773536500903757251e-01
4.202083333333332860e+01,1.299398890270673512e-01
4.204166666666666430e+01,7.642452976081397509e-01
4.206250000000000000e+01,7.296940894254599907e-02
4.208333333333332860e+01,-6.079944554613051499e-01
4.210416666666666430e+01,8.020174334457355614e-03
4.212500000000000000e+01,6.230340354233878664e-01
4.214583333333332860e+01,-3.366716298110411509e-02
4.216666666666666430e+01,-7.258325345027361042e-01
4.218750000000000000e+01,-8.407858151094724231e-02
4.220833333333332860e+01,5.278854884043850948e-01
4.222916666666666430e+01,-7.842265478762722175e-02
4.225000000000000000e+01,-7.430696903513586138e-01
4.227083333333332860e+01,-8.561628955860378642e-02
4.229166666666666430e+01,5.652369775326702150e-01
4.231250000000000000e+01,-6.025925648626556663e-04
4.233333333333332860e+01,-6.471990199176882452e-01
4.235416666666666430e+01,2.232409882723018768e-02
4.237500000000000000e+01,7.025138749138546412e-01
4.239583333333332860e+01,9.391686939202995021e-02
4.241666666666666430e+01,-5.232720736773215364e-01
4.243750000000000000e+01,1.288681735169003584e-01
4.245833333333332860e+01,8.172952944175451151e-01
4.247916666666666430e+01,1.671301354117792071e-01
4.250000000000000000e+01,-4.477675057190028118e-01
4.252083333333332860e+01,1.925653199170173635e-01
4.254166666666666430e+01,2.953417073039936724e-01
4.256250000000000000e+01,-3.432821603144903255e-01
4.258333333333332860e+01,-3.338792689457193985e-01
4.260416666666666430e+01,3.688888434721798726e-01
4.262500000000000000e+01,-2.752577452689438653e-01
4.264583333333332860e+01,-4.240274029991275007e-01
4.266666666666666430e+01,1.750745818989580260e-01
4.268750000000000000e+01,3.992006765924507872e-01
4.270833333333332860e+01,-2.598721095725822217e-01
4.272916666666666430e+01,-4.906033490598402103e-01
4.275000000000000000e+01,1.154104317151629922e-01
4.277083333333332860e+01,6.892960884389255360e-01
4.279166666666666430e+01,1.618267154556790599e-03
4.281250000000000000e+01,-6.889986178858775734e-01
4.283333333333332860e+01,-6.740388270074909594e-02
4.285416666666666430e+01,5.467144415552180892e-01
4.287500000000000000e+01,-1.072978712459723150e-01
4.289583333333332860e+01,-7.835715748858366192e-01
4.291666666666666430e+01,-1.352479771464193403e-01
4.293750000000000000e+01,4.763872792278119883e-01
4.295833333333332860e+01,-9.825191561979007560e-02
4.297916666666666430e+01,-3.259313635690100908e-01
4.300000000000000000e+01,3.487691485699687122e-01
4.302083333333332860e+01,5.019732127758779194e-01
4.304166666666666430e+01,-9.434178024534702056e-02
4.306250000000000000e+01,-4.451546059352094464e-01
4.308333333333332860e+01,2.979113346716040223e-01
4.310416666666666430e+01,9.980493638924397004e-01
4.312500000000000000e+01,3.384574740950107019e-01
4.314583333333332860e+01,-2.964042478557192828e-01
4.316666666666666430e+01,-2.336012085703961516e-01
4.318750000000000000e+01,4.579602868808275717e-01
4.320833333333332860e+01,-2.119286704827340884e-01
4.322916666666666430e+01,-7.470099397058470592e-01
4.325000000000000000e+01,-8.200699418512419347e-02
4.327083333333332860e+01,5.754668283429065223e-01
4.329166666666666430e+01,-7.410571597744489147e-02
4.331250000000000000e+01,-6.794269648301678455e-01
4.333333333333332860e+01,1.122696952832719086e-02
4.335416666666666430e+01,6.894049796800549856e-01
4.337500000000000000e+01,7.169105196546343706e-02
4.339583333333332860e+01,-5.830170075895644288e-01
4.341666666666666430e+01,1.172113255516446795e-01
4.343750000000000000e+01,5.974900208067430718e-01
4.345833333333332860e+01,-2.668801374997180342e-02
4.347916666666666430e+01,-7.362980519230593046e-01
4.350000000000000000e+01,-5.583539434723333583e-02
4.352083333333332860e+01,5.726594982665147437e-01
4.354166666666666430e+01,-9.066598032220193892e-02
4.356250000000000000e+01,-8.005345319525405401e-01
4.358333333333332860e+01,-1.491192390474841145e-01
4.360416666666666430e+01,4.772220361811522205e-01
4.362500000000000000e+01,-2.249987395381435329e-01
4.364583333333332860e+01,-8.837654751810456455e-01
4.366666666666666430e+01,-2.768970683124863386e-01
4.368750000000000000e+01,3.875189247544484350e-01
4.370833333333332860e+01,1.328222333231325047e-01
4.372916666666666430e+01,-5.225143931361447835e-01
4.375000000000000000e+01,1.094641670541371126e-01
4.377083333333332860e+01,8.444782350961229644e-01
4.379166666666666430e+01,1.765766476371114502e-01
4.381250000000000000e+01,-4.773480776641662038e-01
4.383333333333332860e+01,2.217190144438106192e-01
4.385416666666666430e+01,9.450762941725272537e-01
4.387500000000000000e+01,2.906584813098236908e-01
4.389583333333332860e+01,-3.717723923149706122e-01
4.391666666666666430e+01,-5.980670602777224398e-02
4.393750000000000000e+01,5.872955646919401085e-01
4.395833333333332860e+01,-5.989936894492009500e-02
4.397916666666666430e+01,-7.472330802948725648e-01
4.400000000000000000e+01,-4.803833434432344673e-02
4.402083333333332860e+01,5.706370299238660015e-01
4.404166666666666430e+01,-9.501792869757091919e-02
4.406250000000000000e+01,-8.019238299627803324e-01
4.408333333333332860e+01,-1.453704500622577389e-01
4.410416666666666430e+01,4.810988386967094965e-01
4.412500000000000000e+01,-2.282739736803730823e-01
4.414583333333332860e+01,-4.584237832538383683e-01
4.416666666666666430e+01,1.753071393798464883e-01
4.418750000000000000e+01,8.134431961327888150e-01
4.420833333333332860e+01,9.523959108927465556e-02
4.422916666666666430e+01,-5.566840722424306609e-01
4.425000000000000000e+01,8.689044385141622695e-02
4.427083333333332860e+01,7.873461928475192773e-01
4.429166666666666430e+01,1.004333734705441517e-01
4.431250000000000000e+01,-5.154213120622449518e-01
4.433333333333332860e+01,1.539195364507398855e-01
4.435416666666666430e+01,2.911870458064301226e-01
4.437500000000000000e+01,-3.578938531667343881e-01
4.439583333333332860e+01,-3.788137576979949683e-01
4.441666666666666430e+01,1.612787764148892189e-01
4.443750000000000000e+01,1.388896370409855585e-01
4.445833333333332860e+01,-5.190108979652101606e-01
4.447916666666666430e+01,1.114391966730169936e-01
4.450000000000000000e+01,5.772013640248803146e-01
4.452083333333332860e+01,-6.989713953209555908e-02
4.454166666666666430e+01,-7.660791194254601422e-01
4.456250000000000000e+01,-1.388012722871436455e-01
4.458333333333332860e+01,5.140488580705995236e-01
4.460416666666666430e+01,-1.939977302589681041e-01
4.462500000000000000e+01,-6.021972894300906542e-01
4.464583333333332860e+01,2.590554099674832744e-02
4.466666666666666430e+01,6.617210363771320880e-01
4.468750000000000000e+01,-3.313805964351010380e-02
4.470833333333332860e+01,-6.105008691236948337e-01
4.472916666666666430e+01,1.966175024200558785e-02
4.475000000000000000e+01,6.750379043650397426e-01
4.477083333333332860e+01,4.110526064589417605e-02
4.479166666666666430e+01,-5.385966664049435249e-01
4.481250000000000000e+01,1.109784494565600188e-01
4.483333333333332860e+01,7.676985842891821399e-01
4.485416666666666430e+01,1.801192154145251356e-01
4.487500000000000000e+01,-4.375951414336159417e-01
4.489583333333332860e+01,2.251435286001043923e-01
4.491666666666666430e+01,5.353546495802405936e-01
4.493750000000000000e+01,-5.217523257509636136e-02
4.495833333333332860e+01,-7.169253582117541823e-01
4.497916666666666430e+01,-6.424859298434898447e-02
4.500000000000000000e+01,5.673232516535133829e-01
4.502083333333332860e+01,-5.920876664831607739e-02
4.504166666666666430e+01,-7.374502367642752354e-01
4.506250000000000000e+01,-1.034064259679701447e-01
4.508333333333332860e+01,4.910078442063746662e-01
4.510416666666666430e+01,-1.229301345147883612e-01
4.512500000000000000e+01,-3.781955833027973446e-01
4.514583333333332860e+01,3.381551855042123633e-01
4.516666666666666430e+01,5.971271441648240419e-01
4.518750000000000000e+01,-4.509446644208370270e-02
4.520833333333332860e+01,-6.685898884284457999e-01
4.522916666666666430e+01,5.678509612665244566e-02
4.525000000000000000e+01,7.189522806232440111e-01
4.527083333333332860e+01,6.298614450076431281e-02
4.529166666666666430e+01,-5.239788646464492716e-01
4.531250000000000000e+01,1.571259471560065846e-01
4.533333333333332860e+01,6.878755337376095680e-01
4.535416666666666430e+01,1.933249830134575742e-02
4.537500000000000000e+01,-5.693250461812763286e-01
4.539583333333332860e+01,5.342710778649047143e-02
4.541666666666666430e+01,5.122212471752363161e-01
4.543750000000000000e+01,-1.899669711502229019e-01
4.545833333333332860e+01,-8.260852684456534423e-01
4.547916666666666430e+01,-2.073967174589528284e-01
4.550000000000000000e+01,4.129237832910103712e-01
4.552083333333332860e+01,-2.529750499053011747e-01
4.554166666666666430e+01,-7.423460504901935320e-01
4.556250000000000000e+01,-8.955425776001019189e-02
4.558333333333332860e+01,5.064558335347028040e-01
4.560416666666666430e+01,-1.642121123499880875e-01
4.562500000000000000e+01,-5.654460612265721497e-01
4.564583333333332860e+01,1.246959788037508010e-01
4.566666666666666430e+01,7.323773947285034946e-01
4.568750000000000000e+01,1.126909212438488433e-01
4.570833333333332860e+01,-5.263748135454522359e-01
4.572916666666666430e+01,1.686374813047855636e-01
4.575000000000000000e+01,8.261790731582585590e-01
4.577083333333332860e+01,2.082239566276731790e-01
4.579166666666666430e+01,-4.262086838967719116e-01
4.581250000000000000e+01,1.521798770041354887e-01
4.583333333333332860e+01,7.835744615920305911e-01
4.585416666666666430e+01,1.646957887800507558e-01
4.587500000000000000e+01,-4.494966603503461333e-01
4.589583333333332860e+01,1.968031142560352775e-01
4.591666666666666430e+01,8.358297665668149579e-01
4.593750000000000000e+01,2.558455668039919528e-01
4.595833333333332860e+01,-3.942073708302672452e-01
4.597916666666666430e+01,-2.728065718093401759e-02
4.600000000000000000e+01,4.124463321792674608e-01
4.602083333333332860e+01,-1.599326632150442906e-01
4.604166666666666430e+01,-8.183389271220147254e-01
4.606250000000000000e+01,-1.675791181162165355e-01
4.608333333333332860e+01,5.661531123691276868e-01
4.610416666666666430e+01,-4.947997297034457953e-02
4.612500000000000000e+01,-7.022054412137860302e-01
4.614583333333332860e+01,-6.692731737266882641e-02
4.616666666666666430e+01,5.773381339009552304e-01
4.618750000000000000e+01,-9.814615244459970467e-02
4.620833333333332860e+01,-7.573070501969035861e-01
4.622916666666666430e+01,-1.446644296979908706e-01
4.625000000000000000e+01,5.304938391651068397e-01
4.627083333333332860e+01,-1.574163374514011005e-01
4.629166666666666430e+01,-8.438711882237079909e-01
4.631250000000000000e+01,-2.359379031898291290e-01
4.633333333333332860e+01,3.934159700662375192e-01
4.635416666666666430e+01,-2.538704499481547749e-01
4.637500000000000000e+01,-9.516462813391664000e-01
4.639583333333332860e+01,-3.128406458598726458e-01
4.641666666666666430e+01,3.271420481301293148e-01
4.643750000000000000e+01,2.793988727854654908e-01
4.645833333333332860e+01,-4.206708272573272955e-01
4.647916666666666430e+01,2.293016933053948492e-01
4.650000000000000000e+01,8.715289269683452744e-01
4.652083333333332860e+01,2.756954814855593905e-01
4.654166666666666430e+01,-3.691102221348261936e-01
4.656250000000000000e+01,3.122247309895932466e-01
4.658333333333332860e+01,1.003104991908484234e+00
4.660416666666666430e+01,3.793290164025156508e-01
4.662500000000000000e+01,-2.358197710925961366e-01
4.664583333333332860e+01,-1.311256913141248259e-01
4.666666666666666430e+01,5.629968759445126425e-01
4.668750000000000000e+01,-8.062836693762148732e-02
4.670833333333332860e+01,-7.158692431858968419e-01
4.672916666666666430e+01,-4.877109944317958856e-02
4.675000000000000000e+01,6.296111019512919960e-01
4.677083333333332860e+01,2.691361740049219575e-03
4.679166666666666430e+01,-6.741668112775178745e-01
4.681250000000000000e+01,3.670543928550923374e-02
4.683333333333332860e+01,6.071432910911856995e-01
4.685416666666666430e+01,-4.861193952679415675e-02
4.687500000000000000e+01,-7.552083139086902541e-01
4.689583333333332860e+01,-8.229349982622999327e-02
4.691666666666666430e+01,5.350652349332336577e-01
4.693750000000000000e+01,-1.492082664484225274e-01
4.695833333333332860e+01,-7.917517240635023601e-01
4.697916666666666430e+01,-1.734656227449883348e-01
4.700000000000000000e+01,4.728024536987218696e-01
4.702083333333332860e+01,-2.265333707318591128e-01
4.704166666666666430e+01,-8.667368323437816269e-01
4.706250000000000000e+01,-2.451967836649664445e-01
4.708333333333332860e+01,3.628598992765070808e-01
4.710416666666666430e+01,-1.931231339172294337e-02
4.712500000000000000e+01,-5.181015046728801865e-01
4.714583333333332860e+01,1.390016234878248547e-01
4.716666666666666430e+01,7.304772829779212495e-01
4.718750000000000000e+01,6.183343423569037656e-02
4.720833333333332860e+01,-6.069620907915053154e-01
4.722916666666666430e+01,9.856996076468815815e-02
4.725000000000000000e+01,7.346187783144748629e-01
4.727083333333332860e+01,5.807347044615660536e-01
4.729166666666666430e+01,-6.444362224814390028e-02
4.731250000000000000e+01,5.617641127087931174e-01
4.733333333333332860e+01,5.127500152533711608e-01
4.735416666666666430e+01,-1.392572342102616212e-01
4.737500000000000000e+01,4.374750245524971354e-02
4.739583333333332860e+01,7.422621356430475492e-01
4.741666666666666430e+01,8.639090710073521473e-02
4.743750000000000000e+01,-5.847823421930133936e-01
4.745833333333332860e+01,1.518639088521174241e-01
4.747916666666666430e+01,4.590258043777706853e-01
4.750000000000000000e+01,-2.022402843586865451e-01
4.752083333333332860e+01,-9.001926890973056539e-01
4.754166666666666430e+01,-2.248199872674785937e-01
4.756250000000000000e+01,3.904915622683616805e-01
4.758333333333332860e+01,-2.990346098720883528e-01
4.760416666666666430e+01,-8.776057439600011278e-01
4.762500000000000000e+01,-2.522450849131950834e-01
4.764583333333332860e+01,4.015290616998802853e-01
4.766666666666666430e+01,-3.116287062988183920e-01
4.768750000000000000e+01,-4.001345254105163063e-01
4.770833333333332860e+01,2.334934704167467012e-01
4.772916666666666430e+01,3.557590936597632147e-01
4.775000000000000000e+01,-3.420899452417156539e-01
4.777083333333332860e+01,-1.314658586850324662e-01
4.779166666666666430e+01,5.362729248034406870e-01
4.781250000000000000e+01,-5.206342649500299291e-02
4.783333333333332860e+01,-7.213407402339264696e-01
4.785416666666666430e+01,-5.147315757799958424e-02
4.787500000000000000e+01,6.582382399304360643e-01
4.789583333333332860e+01,1.039465201015005169e-02
4.791666666666666430e+01,-6.549857192848309584e-01
4.793750000000000000e+01,2.185127199643366325e-03
4.795833333333332860e+01,7.294479678528295041e-01
4.797916666666666430e+01,9.349419034902134440e-02
4.800000000000000000e+01,-5.456111812538770867e-01
4.802083333333332860e+01,6.049758374925308380e-02
4.804166666666666430e+01,7.637314144824122186e-01
4.806250000000000000e+01,1.038359301615880692e-01
4.808333333333332860e+01,-5.603460411270695385e-01
4.810416666666666430e+01,1.805211810047233079e-02
4.812500000000000000e+01,6.861954687871996139e-01
4.814583333333332860e+01,3.558815558717232097e-02
4.816666666666666430e+01,-6.714718360538012298e-01
4.818750000000000000e+01,-7.678095793556252713e-02
4.820833333333332860e+01,5.623234318530687670e-01
4.822916666666666430e+01,-7.725262930909337911e-02
4.825000000000000000e+01,-7.858654407999958735e-01
4.827083333333332860e+01,-1.356806118196483002e-01
4.829166666666666430e+01,4.936247248666849607e-01
4.831250000000000000e+01,-1.531867688132692584e-01
4.833333333333332860e+01,-8.029385235159181011e-01
4.835416666666666430e+01,-1.696776263875937607e-01
4.837500000000000000e+01,4.857814197186491878e-01
4.839583333333332860e+01,-4.113460089568957145e-02
4.841666666666666430e+01,-3.831303863606859705e-01
4.843750000000000000e+01,2.489557095229356920e-01
4.845833333333332860e+01,8.967853781851140571e-01
4.847916666666666430e+01,1.989448838652728702e-01
4.850000000000000000e+01,-4.445780688969518391e-01
4.852083333333332860e+01,2.243393010760089956e-01
4.854166666666666430e+01,5.819453783081907083e-01
4.856250000000000000e+01,-8.772639538060181263e-02
4.858333333333332860e+01,-7.302955553010344047e-01
4.860416666666666430e+01,-8.730238602159490213e-03
4.862500000000000000e+01,7.291174473969154191e-01
4.864583333333332860e+01,6.288066629799779483e-02
4.866666666666666430e+01,-6.181195530530406712e-01
