0.000000000000000000e+00,-2.980099679929392245e-03
2.083333333333333218e-02,-2.507101076198379932e-03
4.166666666666666435e-02,-1.479266075385223152e-03
6.250000000000000000e-02,-7.163568114338635280e-03
8.333333333333332871e-02,-7.779142999916945425e-03
1.041666666666666574e-01,-7.022475821504106956e-04
1.250000000000000000e-01,-2.331147729249052089e-04
1.458333333333333148e-01,-8.059524445700388257e-03
1.666666666666666574e-01,-9.692595559658175736e-03
1.875000000000000000e-01,7.347862105259090650e-04
2.083333333333333148e-01,7.405796847812574565e-03
2.291666666666666574e-01,1.800776791491223337e-04
2.500000000000000000e-01,-4.158391978984499367e-03
2.708333333333333148e-01,5.895840719372526240e-03
2.916666666666666297e-01,1.349630392927956939e-02
3.125000000000000000e-01,7.354533977823608445e-03
3.333333333333333148e-01,4.393022343269269679e-03
3.541666666666666297e-01,1.034507929660654496e-02
3.750000000000000000e-01,1.022621643035928445e-02
3.958333333333333148e-01,-2.185905440482537303e-03
4.166666666666666297e-01,-1.077467201667797747e-02
4.375000000000000000e-01,-5.872926132368234964e-03
4.583333333333333148e-01,-3.884034594500328924e-03
4.791666666666666297e-01,-1.386418326209575003e-02
5.000000000000000000e-01,-2.016173086788427757e-02
5.208333333333332593e-01,-1.285099566479779194e-02
5.416666666666666297e-01,-8.587787430909847239e-03
5.625000000000000000e-01,-1.778028109656208319e-02
5.833333333333332593e-01,-2.407145311665380427e-02
6.041666666666666297e-01,-1.717188685221996552e-02
6.250000000000000000e-01,-1.339270713009023915e-02
6.458333333333332593e-01,-1.633849411882476108e-02
6.666666666666666297e-01,-1.183779597906333379e-02
6.875000000000000000e-01,-3.842699730892113526e-03
7.083333333333332593e-01,-4.977884669743103986e-03
7.291666666666666297e-01,-3.185705164725123346e-03
7.500000000000000000e-01,7.339788072306827060e-03
7.708333333333332593e-01,1.224487907096110002e-02
7.916666666666666297e-01,4.030740759402384396e-03
8.125000000000000000e-01,-8.114019365954942007e-04
8.333333333333332593e-01,8.231486534002577932e-03
8.541666666666666297e-01,1.495928244960192249e-02
8.750000000000000000e-01,8.116099764563323993e-03
8.958333333333332593e-01,4.175490405443719848e-03
9.166666666666666297e-01,1.359039280097056740e-02
9.375000000000000000e-01,2.000989686029671158e-02
9.583333333333332593e-01,1.255650550079605993e-02
9.791666666666666297e-01,7.376766073761755263e-03
1.000000000000000000e+00,1.525611475057806615e-02
1.020833333333333259e+00,1.974210874785673267e-02
1.041666666666666519e+00,1.032789781389205526e-02
1.062500000000000000e+00,3.163283277192428539e-03
1.083333333333333259e+00,9.310191990287831551e-03
1.104166666666666519e+00,1.224755139278013022e-02
1.125000000000000000e+00,1.470922435794882544e-03
1.145833333333333259e+00,-6.760825717174972008e-03
1.166666666666666519e+00,-1.185448410008405670e-03
1.187500000000000000e+00,1.810000355053601731e-03
1.208333333333333259e+00,-8.438744093262682058e-03
1.229166666666666519e+00,-1.563275636791510922e-02
1.250000000000000000e+00,-8.792880143423774039e-03
1.270833333333333259e+00,-4.063648929774772364e-03
1.291666666666666519e+00,-1.246046421666125760e-02
1.312500000000000000e+00,-1.737970645951539619e-02
1.333333333333333259e+00,-8.232832758487492256e-03
1.354166666666666519e+00,-1.351339541569303304e-03
1.375000000000000000e+00,-8.243611811967843303e-03
1.395833333333333259e+00,-1.804799060342210382e-02
1.416666666666666519e+00,-1.792944847711507375e-02
1.437500000000000000e+00,-2.044561374663032144e-02
1.458333333333333259e+00,-3.129988930691578880e-02
1.479166666666666519e+00,-3.586240843664273426e-02
1.500000000000000000e+00,-2.707694514461553639e-02
1.520833333333333259e+00,-2.131580287787496197e-02
1.541666666666666519e+00,-2.972931113815113074e-02
1.562500000000000000e+00,-3.604765002991960898e-02
1.583333333333333259e+00,-2.907886286423572511e-02
1.604166666666666519e+00,-2.543655886294615351e-02
1.625000000000000000e+00,-3.194408233023302707e-02
1.645833333333333259e+00,-3.350993621929929112e-02
1.666666666666666519e+00,-2.164229962784713218e-02
1.687500000000000000e+00,-1.313250130953409235e-02
1.708333333333333259e+00,-1.820553316182538933e-02
1.729166666666666519e+00,-2.051375637043599195e-02
1.750000000000000000e+00,-8.992271842338483284e-03
1.770833333333333259e+00,-2.522442035848153802e-05
1.791666666666666519e+00,-4.330230467745174207e-03
1.812500000000000000e+00,-5.568308988547467954e-03
1.833333333333333259e+00,7.115846149747977363e-03
1.854166666666666519e+00,1.757736451194758312e-02
1.875000000000000000e+00,1.481595375429534990e-02
1.895833333333333259e+00,1.266857657735780997e-02
1.916666666666666519e+00,1.834732706275241793e-02
1.937500000000000000e+00,1.887774927153575144e-02
1.958333333333333259e+00,7.390745518671532586e-03
1.979166666666666519e+00,9.930050330463639958e-05
2.000000000000000000e+00,6.324501455324595470e-03
2.020833333333333037e+00,9.685258596366154785e-03
2.041666666666666519e+00,-7.611344074744448183e-04
2.062500000000000000e+00,-8.632142011880117316e-03
2.083333333333333037e+00,-3.352604311875795502e-03
2.104166666666666519e+00,-1.283970047219048496e-03
2.125000000000000000e+00,-1.004084558957487987e-02
2.145833333333333037e+00,-1.473830609504498193e-02
2.166666666666666519e+00,-6.317364952427962678e-03
2.187500000000000000e+00,-1.220217268099740111e-03
2.208333333333333037e+00,-1.003491803989918843e-02
2.229166666666666519e+00,-1.652284056638436693e-02
2.250000000000000000e+00,-9.454125017155175573e-03
2.270833333333333037e+00,-5.346476028393804848e-03
2.291666666666666519e+00,-1.144635869210373740e-02
2.312500000000000000e+00,-1.244060861879182737e-02
2.333333333333333037e+00,4.213336447426489989e-04
2.354166666666666519e+00,1.097435179990857365e-02
2.375000000000000000e+00,8.427196195963165479e-03
2.395833333333333037e+00,8.412021593050149348e-03
2.416666666666666519e+00,1.435191336290557972e-02
2.437500000000000000e+00,1.310496214660659096e-02
2.458333333333333037e+00,7.459587315260334493e-03
2.479166666666666519e+00,1.099277358958409244e-02
2.500000000000000000e+00,1.183864235592753042e-02
2.520833333333333037e+00,1.762708688007817151e-03
2.541666666666666519e+00,-4.155832989750143751e-03
2.562500000000000000e+00,3.314013198693491983e-03
2.583333333333333037e+00,7.755904302981329358e-03
2.604166666666666519e+00,-1.712070742693463802e-03
2.625000000000000000e+00,-8.943022239798486747e-03
2.645833333333333037e+00,-3.184305826675352426e-03
2.666666666666666519e+00,-6.198986547873207385e-04
2.687500000000000000e+00,-1.000601685514372792e-02
2.708333333333333037e+00,-1.553328177140405469e-02
2.729166666666666519e+00,-8.044295272052314622e-03
2.750000000000000000e+00,-3.608835784811319138e-03
2.770833333333333037e+00,-1.246285140055057757e-02
2.791666666666666519e+00,-1.812443897530130812e-02
2.812500000000000000e+00,-1.038874998489216529e-02
2.833333333333333037e+00,-5.196746914417501272e-03
2.854166666666666519e+00,-1.127877758138371225e-02
2.875000000000000000e+00,-1.307531847783553573e-02
2.895833333333333037e+00,-1.094043450970155805e-03
2.916666666666666519e+00,8.597745551417330587e-03
2.937500000000000000e+00,5.310835186247556301e-03
2.958333333333333037e+00,5.150228229711549012e-03
2.979166666666666519e+00,1.605174203438210906e-02
3.000000000000000000e+00,2.247510879049166230e-02
3.020833333333333037e+00,1.565820804584697884e-02
3.041666666666666519e+00,1.178677980297235944e-02
3.062500000000000000e+00,2.212464606260937036e-02
3.083333333333333037e+00,3.011928037926575596e-02
3.104166666666666519e+00,2.482511699619443721e-02
3.125000000000000000e+00,1.854117510720662554e-02
3.145833333333333037e+00,2.209136658718164822e-02
3.166666666666666519e+00,2.254130423061144126e-02
3.187500000000000000e+00,9.644779290368322294e-03
3.208333333333333037e+00,2.395060514804061810e-05
3.229166666666666519e+00,4.615269391776284993e-03
3.250000000000000000e+00,6.755941887307877029e-03
3.270833333333333037e+00,-4.161237519041870170e-03
3.291666666666666519e+00,-1.208628660578253515e-02
3.312500000000000000e+00,-1.001516389534209787e-02
3.333333333333333037e+00,-1.301981109339097990e-02
3.354166666666666519e+00,-2.798719095376617574e-02
3.375000000000000000e+00,-3.876518129010253499e-02
3.395833333333333037e+00,-3.547673442906531388e-02
3.416666666666666519e+00,-3.439559446040176688e-02
3.437500000000000000e+00,-4.140233249695477596e-02
3.458333333333333037e+00,-4.148833008783823356e-02
3.479166666666666519e+00,-2.923501591504567773e-02
3.500000000000000000e+00,-2.052669013276209667e-02
3.520833333333333037e+00,-2.539926613790036494e-02
3.541666666666666519e+00,-2.725501509690962318e-02
3.562500000000000000e+00,-1.553617056989690243e-02
3.583333333333333037e+00,-6.711472352777099644e-03
3.604166666666666519e+00,-1.121086551867414051e-02
3.625000000000000000e+00,-1.309207745611524337e-02
3.645833333333333037e+00,-1.178152788756731172e-03
3.666666666666666519e+00,8.245475558648037925e-03
3.687500000000000000e+00,4.188938732392180446e-03
3.708333333333333037e+00,2.881972936323163974e-03
3.729166666666666519e+00,9.643052544291191158e-03
3.750000000000000000e+00,9.974454163076237195e-03
3.770833333333333037e+00,-5.978995437428865614e-05
3.791666666666666519e+00,-5.056154915841108016e-03
3.812500000000000000e+00,3.065504096273112891e-03
3.833333333333333037e+00,8.181493443231768747e-03
3.854166666666666519e+00,-3.472197752168814213e-04
3.875000000000000000e+00,-6.309644179268133861e-03
3.895833333333333037e+00,8.804566407878147921e-04
3.916666666666666519e+00,4.708979415238832324e-03
3.937500000000000000e+00,-5.454746951993790990e-03
3.958333333333333037e+00,-1.358373681865556251e-02
3.979166666666666519e+00,-8.582646307663773996e-03
4.000000000000000000e+00,-6.854470179041278859e-03
4.020833333333333037e+00,-1.241215434708337929e-02
4.041666666666666075e+00,-1.131354919014948904e-02
4.062500000000000000e+00,-2.154315221698910061e-03
4.083333333333333037e+00,4.612555054648436337e-04
4.104166666666666075e+00,-7.208505541783574201e-03
4.125000000000000000e+00,-9.876475001840469628e-03
4.145833333333333037e+00,9.266391615029836645e-04
4.166666666666666075e+00,9.070035450887255213e-03
4.187500000000000000e+00,3.508504208178652231e-03
4.208333333333333037e+00,1.028526572695271724e-03
4.229166666666666075e+00,1.172031194160723204e-02
4.250000000000000000e+00,1.955503026154870733e-02
4.270833333333333037e+00,1.393521730017015410e-02
4.291666666666666075e+00,1.148553651855132619e-02
4.312500000000000000e+00,1.599285130281862324e-02
4.333333333333333037e+00,1.339553976007524377e-02
4.354166666666666075e+00,5.228886576340957895e-03
4.375000000000000000e+00,5.078858475001243530e-03
4.395833333333333037e+00,5.792765871778585152e-03
4.416666666666666075e+00,-4.332062403159252749e-03
4.437500000000000000e+00,-1.088245433976371690e-02
4.458333333333333037e+00,-3.407201208680198014e-03
4.479166666666666075e+00,1.749796642819076691e-03
4.500000000000000000e+00,-5.951701116553190056e-03
4.520833333333333037e+00,-1.048344194931246330e-02
4.541666666666666075e+00,-8.058348101124989575e-04
4.562500000000000000e+00,6.448289223511980035e-03
4.583333333333333037e+00,5.593771426964751952e-04
4.604166666666666075e+00,-2.544194474166281816e-03
4.625000000000000000e+00,5.063554854200205853e-03
4.645833333333333037e+00,7.602292518163553808e-03
4.666666666666666075e+00,-3.721101357865940536e-03
4.687500000000000000e+00,-1.253348339309441790e-02
4.708333333333333037e+00,-7.949573844995155153e-03
4.729166666666666075e+00,-6.720499602293831566e-03
4.750000000000000000e+00,-1.533685214582805774e-02
4.770833333333333037e+00,-1.862807641265641981e-02
4.791666666666666075e+00,-9.036951690359324926e-03
4.812500000000000000e+00,-2.619164202188803674e-03
4.833333333333333037e+00,-1.035164369577282369e-02
4.854166666666666075e+00,-1.555817728985884989e-02
4.875000000000000000e+00,-7.480033239544556581e-03
4.895833333333333037e+00,-2.067640096083559875e-03
4.916666666666666075e+00,-1.022472757898522377e-02
4.937500000000000000e+00,-1.513191028171654087e-02
4.958333333333333037e+00,-6.046007776314576802e-03
4.979166666666666075e+00,5.504923057421356840e-04
5.000000000000000000e+00,-6.023530071050390428e-03
5.020833333333333037e+00,-9.220919452896152169e-03
5.041666666666666075e+00,1.875288143276252970e-03
5.062500000000000000e+00,1.050619053400928503e-02
5.083333333333333037e+00,6.198156002234325376e-03
5.104166666666666075e+00,4.881172566742964652e-03
5.125000000000000000e+00,1.369312080536324444e-02
5.145833333333333037e+00,1.717813914484632443e-02
5.166666666666666075e+00,7.022143188996090267e-03
5.187500000000000000e+00,-7.408728520848785167e-04
5.208333333333333037e+00,4.855539288783451007e-03
5.229166666666666075e+00,7.306847834884889516e-03
5.250000000000000000e+00,-4.339903160248269505e-03
5.270833333333333037e+00,-1.360570103146374957e-02
5.291666666666666075e+00,-1.029079576413002330e-02
5.312500000000000000e+00,5.277305494024173496e-03
5.333333333333333037e+00,2.227375293838014872e-02
5.354166666666666075e+00,2.895705121647816627e-02
5.375000000000000000e+00,3.680636746108972152e-02
5.395833333333333037e+00,4.793268589288474102e-02
5.416666666666666075e+00,5.043528711848688229e-02
5.437500000000000000e+00,5.043542808234968006e-02
5.458333333333333037e+00,5.796397618510086558e-02
5.479166666666666075e+00,6.144818195222833540e-02
5.500000000000000000e+00,5.150953248175078186e-02
5.520833333333333037e+00,4.481951506541683589e-02
5.541666666666666075e+00,5.160621393226633852e-02
5.562500000000000000e+00,5.550970174589112127e-02
5.583333333333333037e+00,4.555166878291588839e-02
5.604166666666666075e+00,3.806622888155061779e-02
5.625000000000000000e+00,4.162493417339247631e-02
5.645833333333333037e+00,4.049314861323963927e-02
5.666666666666666075e+00,2.526470634113454558e-02
5.687500000000000000e+00,1.209435979243624580e-02
5.708333333333333037e+00,1.219984478918901064e-02
5.729166666666666075e+00,9.151574340601147106e-03
5.750000000000000000e+00,-3.296718643747504653e-03
5.770833333333333037e+00,-1.041851101188776690e-02
5.791666666666666075e+00,-3.871802454192175332e-03
5.812500000000000000e+00,-8.255523575573260186e-05
5.833333333333333037e+00,-9.597196514598952538e-03
5.854166666666666075e+00,-1.615743881580955846e-02
5.875000000000000000e+00,-8.687802532957637769e-03
5.895833333333333037e+00,-3.464140595368657687e-03
5.916666666666666075e+00,-1.148977653221889585e-02
5.937500000000000000e+00,-1.628975425162675073e-02
5.958333333333333037e+00,-7.038660035891452539e-03
5.979166666666666075e+00,-1.937689959658553328e-05
6.000000000000000000e+00,-6.350300004985786652e-03
6.020833333333333037e+00,-9.291185475506944999e-03
6.041666666666666075e+00,1.119492227292268619e-04
6.062500000000000000e+00,6.023172363448402698e-03
6.083333333333333037e+00,-1.803749613855168193e-03
6.104166666666666075e+00,-7.013799012712641952e-03
6.125000000000000000e+00,9.867631196108352185e-04
6.145833333333333037e+00,5.898133211202567436e-03
6.166666666666666075e+00,-3.227743340117668336e-03
6.187500000000000000e+00,-1.028797881192835065e-02
6.208333333333333037e+00,-4.201220418452391095e-03
6.229166666666666075e+00,-1.587633480171957720e-03
6.250000000000000000e+00,-1.299303755274042009e-02
6.270833333333333037e+00,-2.205761611108398440e-02
6.291666666666666075e+00,-1.772964061667860192e-02
6.312500000000000000e+00,-1.369076460520717367e-02
6.333333333333333037e+00,-1.807309619977960982e-02
6.354166666666666075e+00,-1.757659307503865037e-02
6.375000000000000000e+00,-4.551083175965127924e-03
6.395833333333333037e+00,5.042195027684907502e-03
6.416666666666666075e+00,1.439243936498919635e-03
6.437500000000000000e+00,9.903911426698654760e-04
6.458333333333333037e+00,9.758875831611567991e-03
6.479166666666666075e+00,1.332412136463294143e-02
6.500000000000000000e+00,3.755238367025017301e-03
6.520833333333333037e+00,-2.420089619125870197e-03
6.541666666666666075e+00,5.390855672679180539e-03
6.562500000000000000e+00,1.089654915640586239e-02
6.583333333333333037e+00,2.916158046944796866e-03
6.604166666666666075e+00,-1.906533211453872176e-03
6.625000000000000000e+00,6.905711028235267564e-03
6.645833333333333037e+00,1.285151659437624473e-02
6.666666666666666075e+00,5.013065234237316752e-03
6.687500000000000000e+00,-4.305361983853067437e-04
6.708333333333333037e+00,7.227232337700909871e-03
6.729166666666666075e+00,1.137789239703746250e-02
6.750000000000000000e+00,1.530834420286325071e-03
6.770833333333333037e+00,-6.046583725134563846e-03
6.791666666666666075e+00,-3.360392674750281279e-04
6.812500000000000000e+00,2.081265067686840619e-03
6.833333333333333037e+00,-9.239036756268652686e-03
6.854166666666666075e+00,-1.814842795749756557e-02
6.875000000000000000e+00,-1.326517366984586617e-02
6.895833333333333037e+00,-1.045832831395301400e-02
6.916666666666666075e+00,-1.549468305611999969e-02
6.937500000000000000e+00,-1.417107695542202221e-02
6.958333333333333037e+00,-3.679478586962083020e-03
6.979166666666666075e+00,1.300640535946457179e-03
7.000000000000000000e+00,-6.966047301750619668e-03
7.020833333333333037e+00,-1.177561857332306249e-02
7.041666666666666075e+00,-2.536544521698910152e-03
7.062500000000000000e+00,1.994485300595394764e-02
7.083333333333333037e+00,3.983756086438584171e-02
7.104166666666666075e+00,4.626370711276677622e-02
7.125000000000000000e+00,5.479661985900605853e-02
7.145833333333333037e+00,6.543931510387425432e-02
7.166666666666666075e+00,6.522015244402505629e-02
7.187500000000000000e+00,6.701108766665050953e-02
7.208333333333333037e+00,7.297414399070020763e-02
7.229166666666666075e+00,6.999665846648735201e-02
7.250000000000000000e+00,6.246365304092992010e-02
7.270833333333333037e+00,6.380166992667958559e-02
7.291666666666666075e+00,6.261613113788125351e-02
7.312500000000000000e+00,4.684438870011246869e-02
7.333333333333333037e+00,3.259734588747850020e-02
7.354166666666666075e+00,3.154002094022562847e-02
7.375000000000000000e+00,2.921338812654561065e-02
7.395833333333333037e+00,1.710825193037949707e-02
7.416666666666666075e+00,9.093935311155531068e-03
7.437500000000000000e+00,1.408201093383117802e-02
7.458333333333333037e+00,1.606064684179970767e-02
7.479166666666666075e+00,3.551692467702091856e-03
7.500000000000000000e+00,-7.278360037361272274e-03
7.520833333333333037e+00,-5.258236400440976718e-03
7.541666666666666075e+00,-5.059199235655854540e-03
7.562500000000000000e+00,-1.233735492589028808e-02
7.583333333333333037e+00,-1.370713317619643920e-02
7.604166666666666075e+00,-4.592555408543642394e-03
7.625000000000000000e+00,-5.276519561475124772e-04
7.645833333333333037e+00,-1.084402182171457542e-02
7.666666666666666075e+00,-1.897858942533460491e-02
7.687500000000000000e+00,-1.437197312774735058e-02
7.708333333333333037e+00,-1.095986400264899359e-02
7.729166666666666075e+00,-1.537820622716503001e-02
7.750000000000000000e+00,-1.430183546024918137e-02
7.770833333333333037e+00,-3.545557708807752905e-03
7.791666666666666075e+00,1.433627637352012998e-03
7.812500000000000000e+00,-7.943487995216455197e-03
7.833333333333333037e+00,-1.508378086921086797e-02
7.854166666666666075e+00,-9.476623419989189251e-03
7.875000000000000000e+00,-4.655191313068470817e-03
7.895833333333333037e+00,-8.656197629947216809e-03
7.916666666666666075e+00,-8.090651530105288577e-03
7.937500000000000000e+00,5.139488714742369672e-03
7.958333333333333037e+00,1.470484654382709332e-02
7.979166666666666075e+00,9.864822077327202454e-03
8.000000000000000000e+00,7.094512958319863435e-03
8.020833333333332149e+00,1.709953897141697557e-02
8.041666666666666075e+00,2.359288696725008599e-02
8.062500000000000000e+00,1.567134931235376546e-02
8.083333333333332149e+00,9.738635432368216577e-03
8.104166666666666075e+00,1.660158654317634916e-02
8.125000000000000000e+00,2.005266115550925765e-02
8.145833333333332149e+00,9.079510725424838960e-03
8.166666666666666075e+00,5.993421375745036848e-06
8.187500000000000000e+00,3.750113489940296464e-03
8.208333333333332149e+00,4.182945878521324677e-03
8.229166666666666075e+00,-4.733862304967331909e-03
8.250000000000000000e+00,-8.462449983024283862e-03
8.270833333333332149e+00,6.365436709095373922e-04
8.291666666666666075e+00,6.506136241385704864e-03
8.312500000000000000e+00,-2.085940368919823179e-03
8.333333333333332149e+00,-8.725112062174274555e-03
8.354166666666666075e+00,-2.370496740872929126e-03
8.375000000000000000e+00,6.939478556345768509e-04
8.395833333333332149e+00,-9.680837694414540923e-03
8.416666666666666075e+00,-1.742112192158355027e-02
8.437500000000000000e+00,-1.237998718862271322e-02
8.458333333333332149e+00,-8.130864701531117719e-03
8.479166666666666075e+00,-1.276959910166993589e-02
8.500000000000000000e+00,-1.286053571047379718e-02
8.520833333333332149e+00,-1.902597238766695663e-04
8.541666666666666075e+00,8.889303430856441979e-03
8.562500000000000000e+00,3.560216634218419697e-03
8.583333333333332149e+00,2.895929310342433820e-04
8.604166666666666075e+00,9.800063489462568916e-03
8.625000000000000000e+00,1.581021097692790825e-02
8.645833333333332149e+00,7.400430220488089100e-03
8.666666666666666075e+00,9.684990620547777101e-04
8.687500000000000000e+00,7.338857895380223803e-03
8.708333333333332149e+00,9.107769847992006410e-03
8.729166666666666075e+00,-4.192447363576842431e-03
8.750000000000000000e+00,-1.469988513716673738e-02
8.770833333333332149e+00,-1.145833457553151365e-02
8.791666666666666075e+00,-1.204443756632344459e-02
8.812500000000000000e+00,-2.666878158693911441e-02
8.833333333333332149e+00,-3.815711094004122644e-02
8.854166666666666075e+00,-3.669724642903895301e-02
8.875000000000000000e+00,-3.949888316037263036e-02
8.895833333333332149e+00,-4.571177175191976777e-02
8.916666666666666075e+00,-4.172794715035300223e-02
8.937500000000000000e+00,-4.150597703166469116e-02
8.958333333333332149e+00,-4.567148301889792372e-02
8.979166666666666075e+00,-4.038785381510580363e-02
9.000000000000000000e+00,-3.520135411058982616e-02
9.020833333333332149e+00,-3.993019922112856640e-02
9.041666666666666075e+00,-4.131078558318448946e-02
9.062500000000000000e+00,-2.979906972321160266e-02
9.083333333333332149e+00,-2.135196556515242192e-02
9.104166666666666075e+00,-2.736687185951559159e-02
9.125000000000000000e+00,-3.154500980295233542e-02
9.145833333333332149e+00,-2.292083725879033931e-02
9.166666666666666075e+00,-1.454722413125826737e-02
9.187500000000000000e+00,-1.665880071212104754e-02
9.208333333333332149e+00,-1.515551848759684808e-02
9.229166666666666075e+00,-5.934154713224034381e-04
9.250000000000000000e+00,1.102485049728249913e-02
9.270833333333332149e+00,8.728279636257427199e-03
9.291666666666666075e+00,9.401737974918247115e-03
9.312500000000000000e+00,2.126836042885951739e-02
9.333333333333332149e+00,2.895143124372289919e-02
9.354166666666666075e+00,2.294053679717908065e-02
9.375000000000000000e+00,1.997774593107909391e-02
9.395833333333332149e+00,2.905757913172623066e-02
9.416666666666666075e+00,3.445142023010922677e-02
9.437500000000000000e+00,2.617825944613074579e-02
9.458333333333332149e+00,2.109840341197567401e-02
9.479166666666666075e+00,2.719479526403343825e-02
9.500000000000000000e+00,2.900428159528330163e-02
9.520833333333332149e+00,1.712540923582603347e-02
9.541666666666666075e+00,8.183788085324066389e-03
9.562500000000000000e+00,1.270282918885143331e-02
9.583333333333332149e+00,1.475612052923627737e-02
9.604166666666666075e+00,3.325502443025749478e-03
9.625000000000000000e+00,-5.189301112551258574e-03
9.645833333333332149e+00,-9.278146047021061822e-05
9.666666666666666075e+00,2.655528587786614835e-03
9.687500000000000000e+00,-8.341342665585577826e-03
9.708333333333332149e+00,-1.653738219716707758e-02
9.729166666666666075e+00,-1.123918853850768701e-02
9.750000000000000000e+00,-8.409815697058637546e-03
9.770833333333332149e+00,-1.931250838814401946e-02
9.791666666666666075e+00,-2.738556345877411410e-02
9.812500000000000000e+00,-2.198926992264962910e-02
9.833333333333332149e+00,-1.832937249260477991e-02
9.854166666666666075e+00,-2.299729408497309599e-02
9.875000000000000000e+00,-2.151238280928789021e-02
9.895833333333332149e+00,-9.181854847524564128e-03
9.916666666666666075e+00,-1.181890964166672610e-03
9.937500000000000000e+00,-6.901142853038636990e-03
9.958333333333332149e+00,-9.710639932696402826e-03
9.979166666666666075e+00,9.061997327184779074e-04
1.000000000000000000e+01,8.877484931905857760e-03
1.002083333333333215e+01,3.146228792599393281e-03
1.004166666666666607e+01,4.540227193198342177e-04
1.006250000000000000e+01,1.134190588910984933e-02
1.008333333333333215e+01,1.964424762849317080e-02
1.010416666666666607e+01,1.423563025797458352e-02
1.012500000000000000e+01,1.173146207480696944e-02
1.014583333333333215e+01,1.765784057880243410e-02
1.016666666666666607e+01,1.774261240220970093e-02
1.018750000000000000e+01,5.208487330913750754e-03
1.020833333333333215e+01,-3.780254543883083788e-03
1.022916666666666607e+01,7.514037153995703011e-04
1.025000000000000000e+01,2.942295667456146929e-03
1.027083333333333215e+01,-8.467704972803441477e-03
1.029166666666666607e+01,-1.715005646940968506e-02
1.031250000000000000e+01,-1.230919176020401143e-02
1.033333333333333215e+01,-9.863569108091739535e-03
1.035416666666666607e+01,-1.841209200583172889e-02
1.037500000000000000e+01,-2.234108517342210318e-02
1.039583333333333215e+01,-1.213512224431883939e-02
1.041666666666666607e+01,-3.964865889499201435e-03
1.043750000000000000e+01,-8.658166259911248899e-03
1.045833333333333215e+01,-1.030575617280908053e-02
1.047916666666666607e+01,2.214430333403133964e-03
1.050000000000000000e+01,1.246326485941978007e-02
1.052083333333333215e+01,9.703524829328060916e-03
1.054166666666666607e+01,6.110566288753883218e-03
1.056250000000000000e+01,1.267064102610116275e-02
1.058333333333333215e+01,1.621842692845508818e-02
1.060416666666666607e+01,7.003032848411423761e-03
1.062500000000000000e+01,1.430742158604208798e-03
1.064583333333333215e+01,1.023862233034926808e-02
1.066666666666666607e+01,1.684726593269655556e-02
1.068750000000000000e+01,1.070829701202559957e-02
1.070833333333333215e+01,7.365862906260786831e-03
1.072916666666666607e+01,1.077184744963266376e-02
1.075000000000000000e+01,7.320555327981631728e-03
1.077083333333333215e+01,-3.662758873094082933e-04
1.079166666666666607e+01,1.240644650612589576e-03
1.081250000000000000e+01,9.172907432958682904e-04
1.083333333333333215e+01,-9.817294522583425165e-03
1.085416666666666607e+01,-1.526665230328971140e-02
1.087500000000000000e+01,-6.569251402821809672e-03
1.089583333333333215e+01,-4.436565022840291298e-05
1.091666666666666607e+01,-6.413616658197546401e-03
1.093750000000000000e+01,-9.248262352294714383e-03
1.095833333333333215e+01,1.940937839745241606e-04
1.097916666666666607e+01,6.451614297474871605e-03
1.100000000000000000e+01,5.245687324400964848e-05
1.102083333333333215e+01,-2.857964976019737417e-03
1.104166666666666607e+01,4.164747539914352703e-03
1.106250000000000000e+01,6.557166406551735542e-03
1.108333333333333215e+01,-3.658717190016921167e-03
1.110416666666666607e+01,-1.037857868715536154e-02
1.112500000000000000e+01,-2.987884074793314450e-03
1.114583333333333215e+01,2.498010972874870235e-03
1.116666666666666607e+01,-4.776491485178244699e-03
1.118750000000000000e+01,-8.514394084131822818e-03
1.120833333333333215e+01,1.689468937219042568e-03
1.122916666666666607e+01,9.659376172982772971e-03
1.125000000000000000e+01,4.475349012030065306e-03
1.127083333333333215e+01,1.360241535736982435e-03
1.129166666666666607e+01,5.973351464130064251e-03
1.131250000000000000e+01,4.788526113115353436e-03
1.133333333333333215e+01,-5.006332639167730518e-03
1.135416666666666607e+01,-8.432584068023017687e-03
1.137500000000000000e+01,7.432060290001032618e-04
1.139583333333333215e+01,6.868365130364057630e-03
1.141666666666666607e+01,1.301628181177283395e-04
1.143750000000000000e+01,-3.058018679850979353e-03
1.145833333333333215e+01,3.502872661934146575e-03
1.147916666666666607e+01,5.008966102105983503e-03
1.150000000000000000e+01,-6.410967021597626520e-03
1.152083333333333215e+01,-1.427229774725271780e-02
1.154166666666666607e+01,-7.774002070311530378e-03
1.156250000000000000e+01,-3.209409504857194551e-03
1.158333333333333215e+01,-1.155501106410831112e-02
1.160416666666666607e+01,-1.633988539132047793e-02
1.162500000000000000e+01,-7.014632752185746660e-03
1.164583333333333215e+01,1.326999541745048545e-04
1.166666666666666607e+01,-5.629089098111998875e-03
1.168750000000000000e+01,-7.853343057401283855e-03
1.170833333333333215e+01,2.301594032852431401e-03
1.172916666666666607e+01,9.293924140957081359e-03
1.175000000000000000e+01,3.544343091842567552e-03
1.177083333333333215e+01,1.303218669230436343e-03
1.179166666666666607e+01,7.463224985371389592e-03
1.181250000000000000e+01,7.860983555710956625e-03
1.183333333333333215e+01,-3.438842895767049192e-03
1.185416666666666607e+01,-1.049657316841486054e-02
1.187500000000000000e+01,-3.299142678272708532e-03
1.189583333333333215e+01,1.936227417905271152e-03
1.191666666666666607e+01,-5.753937175033311396e-03
1.193750000000000000e+01,-1.001989457354608877e-02
1.195833333333333215e+01,-1.757578316065095574e-04
1.197916666666666607e+01,7.522258363777491186e-03
1.200000000000000000e+01,2.278793231962793035e-03
1.202083333333333215e+01,5.622528246943106272e-04
1.204166666666666607e+01,6.067439160673545641e-03
1.206250000000000000e+01,4.973899522473447694e-03
1.208333333333333215e+01,-3.293368664325289300e-03
1.210416666666666607e+01,-4.351435486861042652e-03
1.212500000000000000e+01,1.150863210503300571e-03
1.214583333333333215e+01,-2.940174747423605363e-04
1.216666666666666607e+01,-6.241711964327886254e-03
1.218750000000000000e+01,-3.238482017654648569e-03
1.220833333333333215e+01,-2.384240362991747915e-03
1.222916666666666607e+01,-1.062708828756018728e-02
1.225000000000000000e+01,-1.282177334559132797e-02
1.227083333333333215e+01,-1.399152919992953424e-03
1.229166666666666607e+01,7.390840355827947919e-03
1.231250000000000000e+01,3.410282602190925754e-03
1.233333333333333215e+01,8.405057360618310236e-04
1.235416666666666607e+01,6.290595617590107914e-03
1.237500000000000000e+01,6.045539535867577689e-03
1.239583333333333215e+01,3.748520627144027442e-05
1.241666666666666607e+01,2.517594327776715227e-03
1.243750000000000000e+01,4.668083778004899174e-03
1.245833333333333215e+01,-3.767162197961872270e-03
1.247916666666666607e+01,-7.699927826509052678e-03
1.250000000000000000e+01,2.438453744990077155e-03
1.252083333333333215e+01,1.032520759533576277e-02
1.254166666666666607e+01,4.846341773464683464e-03
1.256250000000000000e+01,2.572865584078477125e-03
1.258333333333333215e+01,9.908519611822756701e-03
1.260416666666666607e+01,1.185051320018225968e-02
1.262500000000000000e+01,-3.957275833646225598e-05
1.264583333333333215e+01,-9.421463589855181772e-03
1.266666666666666607e+01,-5.695395721663275811e-03
1.268750000000000000e+01,-4.584007727866004633e-03
1.270833333333333215e+01,-1.098801646045255952e-02
1.272916666666666607e+01,-1.050762156064727337e-02
1.275000000000000000e+01,-2.405656359644986475e-03
1.277083333333333215e+01,-5.945455188918103047e-04
1.279166666666666607e+01,-7.831276480151225933e-03
1.281250000000000000e+01,-9.235140751349839305e-03
1.283333333333333215e+01,2.379528231303474749e-03
1.285416666666666607e+01,1.124332034134211712e-02
1.287500000000000000e+01,6.385739573131573102e-03
1.289583333333333215e+01,4.349605826963290692e-03
1.291666666666666607e+01,1.156454131722517431e-02
1.293750000000000000e+01,1.333440594150341399e-02
1.295833333333333215e+01,1.396808830009845610e-03
1.297916666666666607e+01,-7.499049384574183949e-03
1.300000000000000000e+01,-2.757009770169196149e-03
1.302083333333333215e+01,-6.493097729626317672e-04
1.304166666666666607e+01,-9.892019554161442588e-03
1.306250000000000000e+01,-1.449943460037320109e-02
1.308333333333333215e+01,-5.521321428641155597e-03
1.310416666666666607e+01,8.077578033022749437e-04
1.312500000000000000e+01,-6.856400797909901687e-03
1.314583333333333215e+01,-1.208313334641995286e-02
1.316666666666666607e+01,-4.016091120972544760e-03
1.318750000000000000e+01,1.036307851035476015e-03
1.320833333333333215e+01,-7.701140221851137703e-03
1.322916666666666607e+01,-1.435690994489417609e-02
1.325000000000000000e+01,-8.218036979367706468e-03
1.327083333333333215e+01,-3.447638061758306633e-03
1.329166666666666607e+01,-7.274645380452489547e-03
1.331250000000000000e+01,-6.408631408740334684e-03
1.333333333333333215e+01,6.473465267216439376e-03
1.335416666666666607e+01,1.535380274495855117e-02
1.337500000000000000e+01,1.004409569232795826e-02
1.339583333333333215e+01,6.654120264645349385e-03
1.341666666666666607e+01,1.605715587487433968e-02
1.343750000000000000e+01,2.191768106726336290e-02
1.345833333333333215e+01,1.362418375145018137e-02
1.347916666666666607e+01,7.407664168179341549e-03
1.350000000000000000e+01,1.411392936105081500e-02
1.352083333333333215e+01,1.726701911682210211e-02
1.354166666666666607e+01,6.064742108457843971e-03
1.356250000000000000e+01,-3.144338684967263892e-03
1.358333333333333215e+01,6.635181803248516074e-04
1.360416666666666607e+01,1.149580912336521524e-03
1.362500000000000000e+01,-5.595237022097370241e-03
1.364583333333333215e+01,-5.625550972724122599e-03
1.366666666666666607e+01,2.214395838794898635e-03
1.368750000000000000e+01,3.085724930820418332e-03
1.370833333333333215e+01,-4.512848013291196128e-03
1.372916666666666607e+01,-6.248018118964780016e-03
1.375000000000000000e+01,4.496975159244989001e-03
1.377083333333333215e+01,1.144010148699618756e-02
1.379166666666666607e+01,4.087240823883181093e-03
1.381250000000000000e+01,-1.301725750088806493e-03
1.383333333333333215e+01,6.232256922915060601e-03
1.385416666666666607e+01,1.036609069965036510e-02
1.387500000000000000e+01,3.357876528766621182e-04
1.389583333333333215e+01,-7.624615812451219533e-03
1.391666666666666607e+01,-2.686581800618417868e-03
1.393750000000000000e+01,-1.278977738495005317e-03
1.395833333333333215e+01,-8.750996302769252846e-03
1.397916666666666607e+01,-1.073714024277383147e-02
1.400000000000000000e+01,2.399536466036701087e-06
1.402083333333333215e+01,7.225194984928882264e-03
1.404166666666666607e+01,2.572311600184976565e-04
1.406250000000000000e+01,-4.822094121693563072e-03
1.408333333333333215e+01,2.850554086669245500e-03
1.410416666666666607e+01,6.997079169622373238e-03
1.412500000000000000e+01,-2.995729233060072903e-03
1.414583333333333215e+01,-1.093406329165974231e-02
1.416666666666666607e+01,-5.962483822346607669e-03
1.418750000000000000e+01,-4.550028777952509068e-03
1.420833333333333215e+01,-8.979938746408407113e-03
1.422916666666666607e+01,-5.725461174091883536e-03
1.425000000000000000e+01,-7.591478938208007406e-04
1.427083333333333215e+01,-6.793138231349711738e-03
1.429166666666666607e+01,-1.077544221584783926e-02
1.431250000000000000e+01,-1.989630552693807865e-03
1.433333333333333215e+01,3.321214515581020869e-03
1.435416666666666607e+01,-5.641924287299043481e-03
1.437500000000000000e+01,-1.244994893860202310e-02
1.439583333333333215e+01,-6.493559639123179170e-03
1.441666666666666607e+01,-2.733757469082720871e-03
1.443750000000000000e+01,-6.632790059949872710e-03
1.445833333333333215e+01,-4.597267281365056621e-03
1.447916666666666607e+01,5.292059704673137549e-03
1.450000000000000000e+01,8.379325761109543413e-03
1.452083333333333215e+01,1.243410581450590281e-03
1.454166666666666607e+01,-1.074638375230585257e-03
1.456250000000000000e+01,9.389293653563711775e-03
1.458333333333333215e+01,1.634463818993143330e-02
1.460416666666666607e+01,8.884003090612881473e-03
1.462500000000000000e+01,3.442764482730144120e-03
1.464583333333333215e+01,1.078852222081413265e-02
1.466666666666666607e+01,1.464494450987485416e-02
1.468750000000000000e+01,4.088341325472634631e-03
1.470833333333333215e+01,-4.461013580968591595e-03
1.472916666666666607e+01,-2.149354041591676685e-04
1.475000000000000000e+01,1.909515488153094420e-03
1.477083333333333215e+01,-3.648601737443732829e-03
1.479166666666666607e+01,-3.341492567679386298e-03
1.481250000000000000e+01,5.881538996943902822e-03
1.483333333333333215e+01,9.063303277288096982e-03
1.485416666666666607e+01,-1.335226928555488263e-03
1.487500000000000000e+01,-9.180487538297423325e-03
1.489583333333333215e+01,-4.229615036586178468e-03
1.491666666666666607e+01,-1.070578814590924860e-03
1.493750000000000000e+01,-5.973550522448248939e-03
1.495833333333333215e+01,-5.388148336057310174e-03
1.497916666666666607e+01,5.347946554806130848e-03
1.500000000000000000e+01,1.082537845782388826e-02
1.502083333333333215e+01,1.896755849386106991e-03
1.504166666666666607e+01,-4.980445388496285500e-03
1.506250000000000000e+01,9.222653301770109696e-04
1.508333333333333215e+01,3.374292083525750642e-03
1.510416666666666607e+01,-2.461534491523661647e-03
1.512500000000000000e+01,-2.233845663188831904e-03
1.514583333333333215e+01,8.192683581398916073e-03
1.516666666666666607e+01,1.342952405107586400e-02
1.518750000000000000e+01,2.033467881079750045e-02
1.520833333333333215e+01,3.972373903213059776e-02
1.522916666666666607e+01,5.551157774345683721e-02
1.525000000000000000e+01,5.703061623960770793e-02
1.527083333333333215e+01,6.058111535116673940e-02
1.529166666666666607e+01,7.418888025294825828e-02
1.531250000000000000e+01,8.259744063789836721e-02
1.533333333333333215e+01,7.653117591432011257e-02
1.535416666666666607e+01,7.245798071284398345e-02
1.537500000000000000e+01,7.699708960726708851e-02
1.539583333333333215e+01,7.486775341027142316e-02
1.541666666666666607e+01,5.818453094348767507e-02
1.543750000000000000e+01,4.346777742283891577e-02
1.545833333333333215e+01,4.177525269576997519e-02
1.547916666666666607e+01,3.652914300183669055e-02
1.550000000000000000e+01,2.480438965665390100e-02
1.552083333333333215e+01,2.033448499107008353e-02
1.554166666666666607e+01,2.120411482511099996e-02
1.556250000000000000e+01,1.341779110662659306e-02
1.558333333333333215e+01,7.578296599855302573e-03
1.560416666666666607e+01,1.203407827950181246e-02
1.562500000000000000e+01,1.142483754200004052e-02
1.564583333333333215e+01,-3.615102767562798722e-03
1.566666666666666607e+01,-1.672773431348656067e-02
1.568750000000000000e+01,-1.702145770716725556e-02
1.570833333333333215e+01,-1.208246890759292688e-02
1.572916666666666607e+01,-1.580117800741446740e-02
1.575000000000000000e+01,-1.755670871335091726e-02
1.577083333333333215e+01,-7.973921623664902841e-03
1.579166666666666607e+01,-2.821083530421877698e-03
1.581250000000000000e+01,-1.208589694034113010e-02
1.583333333333333215e+01,-1.935608555261167027e-02
1.585416666666666607e+01,-1.383283508422272594e-02
1.587500000000000000e+01,-1.178761247721005559e-02
1.589583333333333215e+01,-1.664988352232253319e-02
1.591666666666666607e+01,-1.450249363028738650e-02
1.593750000000000000e+01,-6.005412511211978902e-03
1.595833333333333215e+01,-5.322527156663534216e-03
1.597916666666666607e+01,-7.815450758387264274e-03
1.600000000000000000e+01,-7.305875513988389046e-04
1.602083333333333215e+01,2.779163356555750496e-03
1.604166666666666430e+01,-5.928774169875047559e-03
1.606250000000000000e+01,-1.110502776792656951e-02
1.608333333333333215e+01,-3.115512661501777802e-03
1.610416666666666430e+01,1.486630088797433451e-03
1.612500000000000000e+01,-7.209119550294909411e-03
1.614583333333333215e+01,-1.306702161347047218e-02
1.616666666666666430e+01,-5.778185924049121860e-03
1.618750000000000000e+01,-2.079129400082775376e-03
1.620833333333333215e+01,-6.523238867025717494e-03
1.622916666666666430e+01,-4.763999009756129596e-03
1.625000000000000000e+01,6.501546351682555881e-03
1.627083333333333215e+01,1.187230634775430539e-02
1.629166666666666430e+01,2.785727400854877932e-03
1.631250000000000000e+01,-4.359479368863225859e-03
1.633333333333333215e+01,1.497108583178477113e-03
1.635416666666666430e+01,4.485948380710439755e-03
1.637500000000000000e+01,-1.368340134088109927e-04
1.639583333333333215e+01,1.454954963229521158e-03
1.641666666666666430e+01,1.073120714850744721e-02
1.643750000000000000e+01,1.297576187123527722e-02
1.645833333333333215e+01,5.671483409204420949e-03
1.647916666666666430e+01,3.436134320976146680e-03
1.650000000000000000e+01,1.396816680163689463e-02
1.652083333333333215e+01,2.097458071933503213e-02
1.654166666666666430e+01,1.376620402943939080e-02
1.656250000000000000e+01,8.476861106038933308e-03
1.658333333333333215e+01,1.599649365770470719e-02
1.660416666666666430e+01,2.003797441626694459e-02
1.662500000000000000e+01,1.013223350641754422e-02
1.664583333333333215e+01,2.401917015883922590e-03
1.666666666666666430e+01,7.723672615707746943e-03
1.668750000000000000e+01,9.718865895540778829e-03
1.670833333333333215e+01,-1.639468900831029174e-03
1.672916666666666430e+01,-1.050146881390282526e-02
1.675000000000000000e+01,-6.567176417537300831e-03
1.677083333333333215e+01,-3.647483494021897584e-03
1.679166666666666430e+01,-8.892867782744381944e-03
1.681250000000000000e+01,-9.240780544191038240e-03
1.683333333333333215e+01,2.373840189883034968e-03
1.685416666666666430e+01,9.839833647711999573e-03
1.687500000000000000e+01,3.127885323285440906e-03
1.689583333333333215e+01,-1.519346139922467254e-03
1.691666666666666430e+01,6.713087785769220918e-03
1.693750000000000000e+01,1.140476249123481209e-02
1.695833333333333215e+01,1.824670731006887208e-03
1.697916666666666430e+01,-5.793250206627144870e-03
1.700000000000000000e+01,-5.349807252669784227e-04
1.702083333333333215e+01,1.080831542273222312e-02
1.704166666666666430e+01,1.435426634580342677e-02
1.706250000000000000e+01,1.155286793620100873e-02
1.708333333333333215e+01,1.565973445520410165e-02
1.710416666666666430e+01,2.114482003438881291e-02
1.712500000000000000e+01,1.599212447970226741e-02
1.714583333333333215e+01,1.357198075020006264e-02
1.716666666666666430e+01,2.405193529800947125e-02
1.718750000000000000e+01,3.200433194974996315e-02
1.720833333333333215e+01,2.657309563234389396e-02
1.722916666666666430e+01,2.369121382749092217e-02
1.725000000000000000e+01,2.822193138299025628e-02
1.727083333333333215e+01,2.650154970242105459e-02
1.729166666666666430e+01,1.539099918456461775e-02
1.731250000000000000e+01,9.803202476448292721e-03
1.733333333333333215e+01,1.737117323765375448e-02
1.735416666666666430e+01,2.237203683879939939e-02
1.737500000000000000e+01,1.377199696990735051e-02
1.739583333333333215e+01,7.998957653557334235e-03
1.741666666666666430e+01,1.465806013922078127e-02
1.743750000000000000e+01,1.807704488914327681e-02
1.745833333333333215e+01,7.881063930587779362e-03
1.747916666666666430e+01,6.853480740250051046e-04
1.750000000000000000e+01,7.015061205565030662e-03
1.752083333333333215e+01,1.070894555855656308e-02
1.754166666666666430e+01,4.971082419526508516e-04
1.756250000000000000e+01,-6.835069362749214388e-03
1.758333333333333215e+01,-6.242028792303285422e-04
1.760416666666666430e+01,2.950066334594510405e-03
1.762500000000000000e+01,-7.438521163401046188e-03
1.764583333333333215e+01,-1.539831877788087021e-02
1.766666666666666430e+01,-1.007590337436487134e-02
1.768750000000000000e+01,-7.886896396860042235e-03
1.770833333333333215e+01,-1.901376019243244953e-02
1.772916666666666430e+01,-2.762468085889374647e-02
1.775000000000000000e+01,-2.327896836264234728e-02
1.777083333333333215e+01,-1.782755098465565319e-02
1.779166666666666430e+01,-2.242641319770541375e-02
1.781250000000000000e+01,-2.434823334516676360e-02
1.783333333333333215e+01,-1.349435839393950398e-02
1.785416666666666430e+01,-6.174146175857936000e-03
1.787500000000000000e+01,-1.307656218892256327e-02
1.789583333333333215e+01,-1.799260928273143864e-02
1.791666666666666430e+01,-9.999202947194966995e-03
1.793750000000000000e+01,-5.409266377175745745e-03
1.795833333333333215e+01,-8.668814341543620156e-03
1.797916666666666430e+01,-5.652757855428957277e-03
1.800000000000000000e+01,5.241300229113300332e-03
1.802083333333333215e+01,9.260058360711727679e-03
1.804166666666666430e+01,2.513286998754129739e-03
1.806250000000000000e+01,-2.338457921645473186e-05
1.808333333333333215e+01,1.013932526558602824e-02
1.810416666666666430e+01,1.679622659334339269e-02
1.812500000000000000e+01,9.342813994279190390e-03
1.814583333333333215e+01,3.804857880544998926e-03
1.816666666666666430e+01,1.097589587474290772e-02
1.818750000000000000e+01,1.462880838835993805e-02
1.820833333333333215e+01,4.021508446189757911e-03
1.822916666666666430e+01,-4.666221783588475266e-03
1.825000000000000000e+01,-4.339653770950481905e-04
1.827083333333333215e+01,3.769496595414464045e-03
1.829166666666666430e+01,-2.314033294173043626e-03
1.831250000000000000e+01,-5.212905684870865197e-03
1.833333333333333215e+01,4.859985983039496853e-03
1.835416666666666430e+01,1.136317106796884240e-02
1.837500000000000000e+01,3.426732790392642870e-03
1.839583333333333215e+01,-2.573873028116127441e-03
1.841666666666666430e+01,4.412894516419617677e-03
1.843750000000000000e+01,7.922079035720095558e-03
1.845833333333333215e+01,-9.958519039061869502e-04
1.847916666666666430e+01,-6.603183725592241989e-03
1.850000000000000000e+01,9.355548299717794626e-04
1.852083333333333215e+01,5.087655047422352458e-03
1.854166666666666430e+01,-3.560569850225691474e-03
1.856250000000000000e+01,-9.259409803384686596e-03
1.858333333333333215e+01,-2.063052216639144239e-03
1.860416666666666430e+01,1.641408914592240066e-03
1.862500000000000000e+01,-3.807487817455562466e-03
1.864583333333333215e+01,-3.838918189348834113e-03
1.866666666666666430e+01,9.317919832442166442e-03
1.868750000000000000e+01,1.919935829375268160e-02
1.870833333333333215e+01,1.535657613448145921e-02
1.872916666666666430e+01,1.380679006337953707e-02
1.875000000000000000e+01,2.163601550758945113e-02
1.877083333333333215e+01,2.411540514916449621e-02
1.879166666666666430e+01,1.348976163885580101e-02
1.881250000000000000e+01,5.553922640312573995e-03
1.883333333333333215e+01,1.129837098233460978e-02
1.885416666666666430e+01,1.423419343493337839e-02
1.887500000000000000e+01,3.938123864106976915e-03
1.889583333333333215e+01,-3.772892358140302049e-03
1.891666666666666430e+01,2.183777903513710490e-03
1.893750000000000000e+01,5.378629012016441016e-03
1.895833333333333215e+01,-4.763107372377593969e-03
1.897916666666666430e+01,-1.228543831746897047e-02
1.900000000000000000e+01,-6.001837800313557930e-03
1.902083333333333215e+01,-3.187579415732791355e-03
1.904166666666666430e+01,-1.475053449028897005e-02
1.906250000000000000e+01,-2.367151937156705688e-02
1.908333333333333215e+01,-1.814608464419910361e-02
1.910416666666666430e+01,-1.529079759005841886e-02
1.912500000000000000e+01,-2.629334754014188077e-02
1.914583333333333215e+01,-3.457585519649641198e-02
1.916666666666666430e+01,-2.847201063544298888e-02
1.918750000000000000e+01,-2.509756654805485668e-02
1.920833333333333215e+01,-3.279815853757594990e-02
1.922916666666666430e+01,-3.593206185168735384e-02
1.925000000000000000e+01,-2.476784154981298905e-02
1.927083333333333215e+01,-1.655959214927338330e-02
1.929166666666666430e+01,-2.225075525079914587e-02
1.931250000000000000e+01,-2.524075805570781192e-02
1.933333333333333215e+01,-1.430964632407594542e-02
1.935416666666666430e+01,-6.567622575145007531e-03
1.937500000000000000e+01,-1.261073072816960849e-02
1.939583333333333215e+01,-1.599299229679546075e-02
1.941666666666666430e+01,-5.400062711749236549e-03
1.943750000000000000e+01,2.311861925870112040e-03
1.945833333333333215e+01,-3.467814607104977888e-03
1.947916666666666430e+01,-6.634386084247052839e-03
1.950000000000000000e+01,3.984337892250994564e-03
1.952083333333333215e+01,1.177464841764599111e-02
1.954166666666666430e+01,6.180495127306243064e-03
1.956250000000000000e+01,3.190038707682093123e-03
1.958333333333333215e+01,1.395446428269063802e-02
1.960416666666666430e+01,2.220837413007760788e-02
1.962500000000000000e+01,1.732183921320890746e-02
1.964583333333333215e+01,1.529673724941302618e-02
1.966666666666666430e+01,2.331894360065930871e-02
1.968750000000000000e+01,2.610059749107456958e-02
1.970833333333333215e+01,1.566462742925594717e-02
1.972916666666666430e+01,7.819801112937011661e-03
1.975000000000000000e+01,1.367493425076115460e-02
1.977083333333333215e+01,1.700187356531175295e-02
1.979166666666666430e+01,7.182504121837207135e-03
1.981250000000000000e+01,-4.340187661440750115e-05
1.983333333333333215e+01,6.355178072443110060e-03
1.985416666666666430e+01,9.949034970186806590e-03
1.987500000000000000e+01,3.666489300140114574e-04
1.989583333333333215e+01,-6.649640869211583850e-03
1.991666666666666430e+01,-1.312443575863152191e-04
1.993750000000000000e+01,3.588273492920570143e-03
1.995833333333333215e+01,-5.888869938013793076e-03
1.997916666666666430e+01,-1.278553980542498913e-02
2.000000000000000000e+01,-6.021523813879974679e-03
2.002083333333333215e+01,-2.080091883441245997e-03
2.004166666666666430e+01,-1.155408142779170907e-02
2.006250000000000000e+01,-1.839415996631513575e-02
2.008333333333333215e+01,-1.165634939226057633e-02
2.010416666666666430e+01,-8.082375184950859465e-03
2.012500000000000000e+01,-1.327622979828130094e-02
2.014583333333333215e+01,-1.260777831072841006e-02
2.016666666666666430e+01,6.218110399851597145e-04
2.018750000000000000e+01,1.007160335939916510e-02
2.020833333333333215e+01,5.981936808306332655e-03
2.022916666666666430e+01,4.515316361090323562e-03
2.025000000000000000e+01,1.469932879624919961e-02
2.027083333333333215e+01,2.076774320166432236e-02
2.029166666666666430e+01,1.345912922630232433e-02
2.031250000000000000e+01,8.780611435335282378e-03
2.033333333333333215e+01,1.793293231838428287e-02
2.035416666666666430e+01,2.423309167258129102e-02
2.037500000000000000e+01,1.715070624741750482e-02
2.039583333333333215e+01,1.266887011357944841e-02
2.041666666666666430e+01,1.799531109242612226e-02
2.043750000000000000e+01,1.786776535398460278e-02
2.045833333333333215e+01,4.360833034272075352e-03
2.047916666666666430e+01,-6.525640218207325559e-03
2.050000000000000000e+01,-3.575697535097171944e-03
2.052083333333333215e+01,-3.078567127120852408e-03
2.054166666666666430e+01,-1.198367883154216086e-02
2.056250000000000000e+01,-1.536738800063430083e-02
2.058333333333333215e+01,-4.739781945952267241e-03
2.060416666666666430e+01,3.651010784921938316e-03
2.062500000000000000e+01,-9.577763891428804893e-04
2.064583333333333215e+01,-2.037809065573320012e-03
2.066666666666666430e+01,4.070111340413816448e-03
2.068750000000000000e+01,3.495095467893034793e-03
2.070833333333333215e+01,-3.821519896446323641e-03
2.072916666666666430e+01,-3.545671922479654535e-03
2.075000000000000000e+01,1.434459579115339792e-03
2.077083333333333215e+01,-1.845238857641945439e-03
2.079166666666666430e+01,-2.877544933151668458e-03
2.081250000000000000e+01,3.305301081948613332e-03
2.083333333333333215e+01,3.962036867481240864e-03
2.085416666666666430e+01,-7.589200967335103451e-03
2.087500000000000000e+01,-1.583092872697694498e-02
2.089583333333333215e+01,-1.026069057024808426e-02
2.091666666666666430e+01,-6.824876373229701171e-03
2.093750000000000000e+01,-1.615283422539563404e-02
2.095833333333333215e+01,-2.220710607140713097e-02
2.097916666666666430e+01,-1.385176004489517380e-02
2.100000000000000000e+01,-7.275194401317320973e-03
2.102083333333333215e+01,-1.351271248089511157e-02
2.104166666666666430e+01,-1.678986691675881868e-02
2.106250000000000000e+01,-1.144849770215077521e-02
2.108333333333333215e+01,-1.161848404482861141e-02
2.110416666666666430e+01,-2.202748812007558274e-02
2.112500000000000000e+01,-2.748666793261130351e-02
2.114583333333333215e+01,-1.847837992634698487e-02
2.116666666666666430e+01,-1.122491340546913526e-02
2.118750000000000000e+01,-1.681118816017912812e-02
2.120833333333333215e+01,-1.917235268583114549e-02
2.122916666666666430e+01,-7.073094713718025908e-03
2.125000000000000000e+01,3.261707011782618692e-03
2.127083333333333215e+01,7.519291331238163630e-04
2.129166666666666430e+01,-4.017673274399190253e-03
2.131250000000000000e+01,2.024768250264480721e-03
2.133333333333333215e+01,6.042572439316389217e-03
2.135416666666666430e+01,-2.961817829668184684e-03
2.137500000000000000e+01,-8.725301085730923639e-03
2.139583333333333215e+01,-1.510013648418826707e-04
2.141666666666666430e+01,6.390338975029449288e-03
2.143750000000000000e+01,1.602638887723074120e-04
2.145833333333333215e+01,-2.447695270514037985e-03
2.147916666666666430e+01,5.550133510399585940e-03
2.150000000000000000e+01,8.787885235490211153e-03
2.152083333333333215e+01,-8.507659088355033457e-04
2.154166666666666430e+01,-6.901739668835545592e-03
2.156250000000000000e+01,1.310356300925684045e-03
2.158333333333333215e+01,7.266301078045218041e-03
2.160416666666666430e+01,4.715309003770016411e-04
2.162500000000000000e+01,-2.709385603388015252e-03
2.164583333333333215e+01,5.479743115932270321e-03
2.166666666666666430e+01,9.634536369885123366e-03
2.168750000000000000e+01,9.918234654581127747e-04
2.170833333333333215e+01,-4.270650640812796890e-03
2.172916666666666430e+01,4.914448642783953748e-03
2.175000000000000000e+01,1.205749280165286860e-02
2.177083333333333215e+01,6.196382407665576054e-03
2.179166666666666430e+01,2.191320827746996887e-03
2.181250000000000000e+01,6.795827574303267213e-03
2.183333333333333215e+01,6.245312276076742455e-03
2.185416666666666430e+01,-6.199358618668503011e-03
2.187500000000000000e+01,-1.466654507005051705e-02
2.189583333333333215e+01,-8.804109283905861560e-03
2.191666666666666430e+01,-4.989191587080867886e-03
2.193750000000000000e+01,-1.395080831714449326e-02
2.195833333333333215e+01,-1.938315309810724821e-02
2.197916666666666430e+01,-1.040947486356665064e-02
2.200000000000000000e+01,-3.484234126978845089e-03
2.202083333333333215e+01,-9.341653415293820276e-03
2.204166666666666430e+01,-1.168352116380298907e-02
2.206250000000000000e+01,2.551464302058326951e-04
2.208333333333333215e+01,1.007148892543907777e-02
2.210416666666666430e+01,7.096701345767662296e-03
2.212500000000000000e+01,2.155603535142768933e-03
2.214583333333333215e+01,7.988319359900405287e-03
2.216666666666666430e+01,1.182582582034287337e-02
2.218750000000000000e+01,2.871665527182896537e-03
2.220833333333333215e+01,-2.633185751953254997e-03
2.222916666666666430e+01,6.288474989637706479e-03
2.225000000000000000e+01,1.327243345378078913e-02
2.227083333333333215e+01,7.448052536288758338e-03
2.229166666666666430e+01,3.204315263737060517e-03
2.231250000000000000e+01,7.582169616638160387e-03
2.233333333333333215e+01,7.021896684461864484e-03
2.235416666666666430e+01,-5.898319486358895823e-03
2.237500000000000000e+01,-1.519595198404946265e-02
2.239583333333333215e+01,-1.003391410755688495e-02
2.241666666666666430e+01,-6.675626232841540796e-03
2.243750000000000000e+01,-1.614400232321044210e-02
2.245833333333333215e+01,-2.236078985061360977e-02
2.247916666666666430e+01,-1.411442629241803186e-02
2.250000000000000000e+01,7.629791877369908847e-03
2.252083333333333215e+01,2.671352432277377884e-02
2.254166666666666430e+01,3.279445305850044179e-02
2.256250000000000000e+01,4.190400656425132681e-02
2.258333333333333215e+01,5.424120362756418984e-02
2.260416666666666430e+01,5.816709154442318425e-02
2.262500000000000000e+01,5.587058353501664354e-02
2.264583333333333215e+01,6.009968414288757721e-02
2.266666666666666430e+01,6.238208000538172232e-02
2.268750000000000000e+01,5.278804015935606442e-02
2.270833333333333215e+01,4.579777860914395482e-02
2.272916666666666430e+01,5.148458248246515906e-02
2.275000000000000000e+01,5.585418362565752054e-02
2.277083333333333215e+01,4.869871758242248772e-02
2.279166666666666430e+01,4.032007586333107713e-02
2.281250000000000000e+01,4.139127492081402099e-02
2.283333333333333215e+01,4.050248383286261106e-02
2.285416666666666430e+01,2.797170408660425156e-02
2.287500000000000000e+01,1.858622528480971883e-02
2.289583333333333215e+01,2.243255142529014534e-02
2.291666666666666430e+01,2.446972542735386877e-02
2.293750000000000000e+01,1.420869676001965641e-02
2.295833333333333215e+01,7.113814694891478115e-03
2.297916666666666430e+01,1.007799676489900577e-02
2.300000000000000000e+01,8.518394460809784741e-03
2.302083333333333215e+01,-5.941169584423446753e-03
2.304166666666666430e+01,-1.681310978231679784e-02
2.306250000000000000e+01,-1.327067859781141078e-02
2.308333333333333215e+01,-1.183283350129298375e-02
2.310416666666666430e+01,-2.363226307218442915e-02
2.312500000000000000e+01,-3.177025909539783755e-02
2.314583333333333215e+01,-2.566725899257542992e-02
2.316666666666666430e+01,-2.202413219038837008e-02
2.318750000000000000e+01,-2.864273899626274683e-02
2.320833333333333215e+01,-2.988199448719543530e-02
2.322916666666666430e+01,-1.740821065600936177e-02
2.325000000000000000e+01,-7.628724957542622372e-03
2.327083333333333215e+01,-1.197337356498238969e-02
2.329166666666666430e+01,-1.341666536340019832e-02
2.331250000000000000e+01,-1.218649220223399447e-03
2.333333333333333215e+01,8.320839976771346111e-03
2.335416666666666430e+01,3.877508315799596539e-03
2.337500000000000000e+01,2.176488802162127381e-03
2.339583333333333215e+01,1.288955061386609646e-02
2.341666666666666430e+01,2.024796349037036314e-02
2.343750000000000000e+01,1.370985699405346918e-02
2.345833333333333215e+01,9.983040071443136446e-03
2.347916666666666430e+01,1.812090081313385767e-02
2.350000000000000000e+01,2.257245812553558897e-02
2.352083333333333215e+01,1.317339672299297840e-02
2.354166666666666430e+01,6.272997104214964557e-03
2.356250000000000000e+01,1.256382526670597570e-02
2.358333333333333215e+01,1.597275274774151779e-02
2.360416666666666430e+01,5.544872222442892400e-03
2.362500000000000000e+01,-2.313934499646077680e-03
2.364583333333333215e+01,2.930834017750951967e-03
2.366666666666666430e+01,5.607755885489119387e-03
2.368750000000000000e+01,-5.252772548261229989e-03
2.370833333333333215e+01,-1.331472986035238566e-02
2.372916666666666430e+01,-8.258377010458489015e-03
2.375000000000000000e+01,-5.747846740177029942e-03
2.377083333333333215e+01,-1.640240568374276911e-02
2.379166666666666430e+01,-2.362618813989660060e-02
2.381250000000000000e+01,-1.610924439084031670e-02
2.383333333333333215e+01,-9.566447663008568678e-03
2.385416666666666430e+01,-1.366702533757243633e-02
2.387500000000000000e+01,-1.349086724929376459e-02
2.389583333333333215e+01,1.227067749752893972e-03
2.391666666666666430e+01,1.298837699564499466e-02
2.393750000000000000e+01,1.043921632478317200e-02
2.395833333333333215e+01,1.069478872129431615e-02
2.397916666666666430e+01,1.964053940076194299e-02
2.400000000000000000e+01,2.133904890096363985e-02
2.402083333333333215e+01,1.034010097408242027e-02
2.404166666666666430e+01,3.276932345028188941e-03
2.406250000000000000e+01,1.084289295665486624e-02
2.408333333333333215e+01,1.539847446023340748e-02
2.410416666666666430e+01,5.793787741501682000e-03
2.412500000000000000e+01,-1.057028003806843950e-03
2.414583333333333215e+01,6.191578517374294981e-03
2.416666666666666430e+01,1.018898351144898948e-02
2.418750000000000000e+01,2.604592672500231584e-04
2.420833333333333215e+01,-6.987265503638232997e-03
2.422916666666666430e+01,-2.020591990492831439e-04
2.425000000000000000e+01,3.709529305308772659e-03
2.427083333333333215e+01,-5.820538863538231474e-03
2.429166666666666430e+01,-1.274863877246025859e-02
2.431250000000000000e+01,-6.024961923839113401e-03
2.433333333333333215e+01,-2.108512901485381889e-03
2.435416666666666430e+01,-8.208004839266742556e-03
2.437500000000000000e+01,-9.651900678884026835e-03
2.439583333333333215e+01,2.374974603401655646e-03
2.441666666666666430e+01,1.160930655405759127e-02
2.443750000000000000e+01,7.740492520521225807e-03
2.445833333333333215e+01,6.417421933571962334e-03
2.447916666666666430e+01,1.566901253345232350e-02
2.450000000000000000e+01,2.016107800794217364e-02
2.452083333333333215e+01,1.142336440904872727e-02
2.454166666666666430e+01,5.274306589696834205e-03
2.456250000000000000e+01,1.278391723340957867e-02
2.458333333333333215e+01,1.771775892763226626e-02
2.460416666666666430e+01,9.441453351101577324e-03
2.462500000000000000e+01,3.909438182862066957e-03
2.464583333333333215e+01,1.219719676973637229e-02
2.466666666666666430e+01,1.764336343964235249e-02
2.468750000000000000e+01,9.696412616210525054e-03
2.470833333333333215e+01,4.365428827550910801e-03
2.472916666666666430e+01,1.286196282085080161e-02
2.475000000000000000e+01,1.886625481666032167e-02
2.477083333333333215e+01,1.161894742308008759e-02
2.479166666666666430e+01,7.322474233615731617e-03
2.481250000000000000e+01,1.172902759825369609e-02
2.483333333333333215e+01,1.013390330552892647e-02
2.485416666666666430e+01,-2.241158316501440980e-03
2.487500000000000000e+01,-1.009012486650044671e-02
2.489583333333333215e+01,-3.981117472733239869e-03
2.491666666666666430e+01,-3.318165013738944100e-04
2.493750000000000000e+01,-9.839700765057409620e-03
2.495833333333333215e+01,-1.650783643433793510e-02
2.497916666666666430e+01,-9.300976158970597832e-03
2.500000000000000000e+01,-4.775625435094775668e-03
2.502083333333333215e+01,-1.355436577750072230e-02
2.504166666666666430e+01,-1.971759244737474395e-02
2.506250000000000000e+01,-1.206445147827975642e-02
2.508333333333333215e+01,-7.161312622152166130e-03
2.510416666666666430e+01,-1.567960472861081728e-02
2.512500000000000000e+01,-2.156656930497210037e-02
2.514583333333333215e+01,-1.355168911502300372e-02
2.516666666666666430e+01,-8.082012458410718636e-03
2.518750000000000000e+01,-1.453490810269263134e-02
2.520833333333333215e+01,-1.735393049486289030e-02
2.522916666666666430e+01,-6.343142885959341878e-03
2.525000000000000000e+01,1.819790163280918032e-03
2.527083333333333215e+01,-3.383695323718820345e-03
2.529166666666666430e+01,-5.991121542954268644e-03
2.531250000000000000e+01,5.141544342702417288e-03
2.533333333333333215e+01,1.348117237081738508e-02
2.535416666666666430e+01,8.431623216214871597e-03
2.537500000000000000e+01,5.995973582674390435e-03
2.539583333333333215e+01,1.735570784611887782e-02
2.541666666666666430e+01,2.614257589778368890e-02
2.543750000000000000e+01,2.167003352665294175e-02
2.545833333333333215e+01,1.833758737972206176e-02
2.547916666666666430e+01,2.349582061345899947e-02
2.550000000000000000e+01,2.298761470928746900e-02
2.552083333333333215e+01,1.035596886867797863e-02
2.554166666666666430e+01,1.139384319556952744e-03
2.556250000000000000e+01,5.691705982557796438e-03
2.558333333333333215e+01,7.723863226017102686e-03
2.560416666666666430e+01,-3.435519153653408299e-03
2.562500000000000000e+01,-1.113144934311071678e-02
2.564583333333333215e+01,-4.512892944719093871e-03
2.566666666666666430e+01,4.471156777583304876e-05
2.568750000000000000e+01,-8.485177718665639149e-03
2.570833333333333215e+01,-1.343948033726760638e-02
2.572916666666666430e+01,-3.890980711336699226e-03
2.575000000000000000e+01,3.661328992194236211e-03
2.577083333333333215e+01,-1.914837872918190168e-03
2.579166666666666430e+01,-4.023653141149071029e-03
2.581250000000000000e+01,4.113901016910891627e-03
2.583333333333333215e+01,7.365627969079327660e-03
2.585416666666666430e+01,-2.648154396795176797e-03
2.587500000000000000e+01,-9.198165887720426148e-03
2.589583333333333215e+01,-1.292829360673898847e-03
2.591666666666666430e+01,4.620172321758496230e-03
2.593750000000000000e+01,-2.524179802023727038e-03
2.595833333333333215e+01,-6.270915389132720140e-03
2.597916666666666430e+01,4.275921447508178319e-03
2.600000000000000000e+01,1.275868632803574959e-02
2.602083333333333215e+01,8.255843508006692824e-03
2.604166666666666430e+01,5.008000222024454676e-03
2.606250000000000000e+01,1.005374352784125722e-02
2.608333333333333215e+01,1.018036684326042995e-02
2.610416666666666430e+01,-1.572674105033219352e-03
2.612500000000000000e+01,-9.198661125113364451e-03
2.614583333333333215e+01,-2.598867005448568177e-03
2.616666666666666430e+01,2.108569062435380892e-03
2.618750000000000000e+01,-5.946561169833000475e-03
2.620833333333333215e+01,-1.047452122267538213e-02
2.622916666666666430e+01,-9.047450657746588165e-04
2.625000000000000000e+01,6.599702550052106119e-03
2.627083333333333215e+01,1.254076202249129355e-03
2.629166666666666430e+01,-5.521854457379481379e-04
2.631250000000000000e+01,6.727526887690507204e-03
2.633333333333333215e+01,8.580776934226453170e-03
2.635416666666666430e+01,-2.487747356285674363e-03
2.637500000000000000e+01,-1.016048888783474199e-02
2.639583333333333215e+01,-3.669322638082637977e-03
2.641666666666666430e+01,7.529489670477390074e-04
2.643750000000000000e+01,-7.726429416290980789e-03
2.645833333333333215e+01,-1.266709105002382547e-02
2.647916666666666430e+01,-3.355007928756218328e-03
2.650000000000000000e+01,4.038943082424456717e-03
2.652083333333333215e+01,-1.322170420441327052e-03
2.654166666666666430e+01,-3.170167950343971697e-03
2.656250000000000000e+01,7.185499419638033229e-03
2.658333333333333215e+01,1.428705545538828427e-02
2.660416666666666430e+01,8.582696586021116084e-03
2.662500000000000000e+01,6.415568852269981984e-03
2.664583333333333215e+01,1.229901714136508693e-02
2.666666666666666430e+01,1.203900840009117235e-02
2.668750000000000000e+01,1.346536869518945734e-03
2.670833333333333215e+01,-4.229631891385926198e-03
2.672916666666666430e+01,4.131508832860854817e-03
2.675000000000000000e+01,1.031178988249704942e-02
2.677083333333333215e+01,3.523023249794427891e-03
2.679166666666666430e+01,1.372421423810382321e-04
2.681250000000000000e+01,8.402729403776959191e-03
2.683333333333333215e+01,1.301111496299278518e-02
2.685416666666666430e+01,4.749460441245362784e-03
2.687500000000000000e+01,-5.342052735035150414e-05
2.689583333333333215e+01,9.027317934279402087e-03
2.691666666666666430e+01,1.582640054364641349e-02
2.693750000000000000e+01,9.553052201178184599e-03
2.695833333333333215e+01,5.403585171222077127e-03
2.697916666666666430e+01,9.344417566057474159e-03
2.700000000000000000e+01,7.777604428721056513e-03
2.702083333333333215e+01,-3.661445827869435916e-03
2.704166666666666430e+01,-9.531814222742285986e-03
2.706250000000000000e+01,-1.379521667525559440e-03
2.708333333333333215e+01,4.528653941160796538e-03
2.710416666666666430e+01,-2.878798037892283616e-03
2.712500000000000000e+01,-7.038615578497157098e-03
2.714583333333333215e+01,1.749627981096147158e-03
2.716666666666666430e+01,7.638773242513646061e-03
2.718750000000000000e+01,-1.474827614450258963e-04
2.720833333333333215e+01,-5.107171883844052393e-03
2.722916666666666430e+01,3.242818577503940244e-03
2.725000000000000000e+01,9.003379419205734951e-03
2.727083333333333215e+01,1.040387588377107491e-03
2.729166666666666430e+01,-4.192133368266078887e-03
2.731250000000000000e+01,3.927501940326390446e-03
2.733333333333333215e+01,9.427515951202081537e-03
2.735416666666666430e+01,1.070293866847462022e-03
2.737500000000000000e+01,-4.722934643260952997e-03
2.739583333333333215e+01,2.794328433081367646e-03
2.741666666666666430e+01,7.690223900014398449e-03
2.743750000000000000e+01,-1.194381570283861152e-03
2.745833333333333215e+01,-7.236904369172949755e-03
2.747916666666666430e+01,5.925410958408610762e-05
2.750000000000000000e+01,4.183816717659199352e-03
2.752083333333333215e+01,-6.115389347863584880e-03
2.754166666666666430e+01,-1.398249695710445176e-02
2.756250000000000000e+01,-8.571852572032493886e-03
2.758333333333333215e+01,-6.063442829517725827e-03
2.760416666666666430e+01,-1.734096845150442240e-02
2.762500000000000000e+01,-2.617166080815514981e-02
2.764583333333333215e+01,-2.210975019275225953e-02
2.766666666666666430e+01,-1.627393548461178105e-02
2.768750000000000000e+01,-2.093158593330668796e-02
2.770833333333333215e+01,-2.283497596640658711e-02
2.772916666666666430e+01,-1.174686463082590115e-02
2.775000000000000000e+01,-3.201048130420631500e-03
2.777083333333333215e+01,-8.112328704742387958e-03
2.779166666666666430e+01,-1.023576171240783185e-02
2.781250000000000000e+01,8.484591814743246922e-04
2.783333333333333215e+01,9.333951560142975459e-03
2.785416666666666430e+01,4.391015141727676319e-03
2.787500000000000000e+01,2.539413662550822712e-03
2.789583333333333215e+01,1.406566156821061064e-02
2.791666666666666430e+01,2.293187427283547089e-02
2.793750000000000000e+01,1.798752525863847943e-02
2.795833333333333215e+01,1.570185343335328901e-02
2.797916666666666430e+01,2.001930674977672395e-02
2.800000000000000000e+01,1.721130483947035453e-02
2.802083333333333215e+01,8.958326864029204917e-03
2.804166666666666430e+01,8.937154713412501922e-03
2.806250000000000000e+01,9.334608500124668556e-03
2.808333333333333215e+01,-9.771212479280494401e-05
2.810416666666666430e+01,-6.049513039463049434e-03
2.812500000000000000e+01,1.522406691629612759e-03
2.814583333333333215e+01,6.049217245357168572e-03
2.816666666666666430e+01,-2.909155290282777057e-03
2.818750000000000000e+01,-9.237037338192252006e-03
2.820833333333333215e+01,-1.867585613112653260e-03
2.822916666666666430e+01,2.482927038385182843e-03
2.825000000000000000e+01,-6.768444427547710973e-03
2.827083333333333215e+01,-1.337019260127950832e-02
2.829166666666666430e+01,-6.289268602911995271e-03
2.831250000000000000e+01,-2.293055427864280470e-03
2.833333333333333215e+01,-1.176358487460386210e-02
2.835416666666666430e+01,-1.862703825395273238e-02
2.837500000000000000e+01,-1.176237656238422573e-02
2.839583333333333215e+01,-7.764372374919458614e-03
2.841666666666666430e+01,-1.298947814758130009e-02
2.843750000000000000e+01,-1.297009466886790523e-02
2.845833333333333215e+01,5.245971635627061499e-04
2.847916666666666430e+01,1.111130834795587274e-02
2.850000000000000000e+01,8.148516135927739296e-03
2.852083333333333215e+01,7.646174250280380995e-03
2.854166666666666430e+01,1.536991413721641546e-02
2.856250000000000000e+01,1.645366371986146589e-02
2.858333333333333215e+01,6.408138225618032792e-03
2.860416666666666430e+01,6.073001887730852333e-04
2.862500000000000000e+01,8.508943137252016758e-03
2.864583333333333215e+01,1.346214901481224656e-02
2.866666666666666430e+01,4.973743952024169655e-03
2.868750000000000000e+01,-9.468178021756019566e-04
2.870833333333333215e+01,6.863974247374312991e-03
2.872916666666666430e+01,1.181385696914684716e-02
2.875000000000000000e+01,3.260684623299004228e-03
2.877083333333333215e+01,-2.875629892519466959e-03
2.879166666666666430e+01,4.500694469590263772e-03
2.881250000000000000e+01,8.985799251906694332e-03
2.883333333333333215e+01,-7.696228557033580028e-06
2.885416666666666430e+01,-6.471477740401506383e-03
2.887500000000000000e+01,7.817408359416142764e-04
2.889583333333333215e+01,4.998280979919007827e-03
2.891666666666666430e+01,-4.556698201211292938e-03
2.893750000000000000e+01,-1.159435927564801336e-02
2.895833333333333215e+01,-5.099319332091647311e-03
2.897916666666666430e+01,-1.655463045712914820e-03
2.900000000000000000e+01,-1.015227492194925585e-02
2.902083333333333215e+01,-1.503153066840134076e-02
2.904166666666666430e+01,-6.202557106393703779e-03
2.906250000000000000e+01,-3.735843157818938449e-04
2.908333333333333215e+01,-8.017477528805848352e-03
2.910416666666666430e+01,-1.304301756958213543e-02
2.912500000000000000e+01,-4.362018362448271541e-03
2.914583333333333215e+01,1.375619204451805329e-03
2.916666666666666430e+01,-6.329491997035950786e-03
2.918750000000000000e+01,-1.142588854962772911e-02
2.920833333333333215e+01,-2.814471964598862837e-03
2.922916666666666430e+01,2.823119785919268269e-03
2.925000000000000000e+01,-5.014297496627894216e-03
2.927083333333333215e+01,-1.026844596641778538e-02
2.929166666666666430e+01,-1.810455968263590927e-03
2.931250000000000000e+01,3.784876592417363381e-03
2.933333333333333215e+01,-3.452341111357227089e-03
2.935416666666666430e+01,-7.737293480275219890e-03
2.937500000000000000e+01,1.693795544223777698e-03
2.939583333333333215e+01,8.212803642065573742e-03
2.941666666666666430e+01,1.246150547339092791e-03
2.943750000000000000e+01,-3.209650265547225358e-03
2.945833333333333215e+01,5.559323411108630340e-03
2.947916666666666430e+01,1.219829574174537308e-02
2.950000000000000000e+01,6.216058522280321422e-03
2.952083333333333215e+01,3.296912132380460259e-03
2.954166666666666430e+01,1.474945883359895550e-02
2.956250000000000000e+01,2.446642357302875048e-02
2.958333333333333215e+01,2.105719744031890606e-02
2.960416666666666430e+01,1.727614462992033140e-02
2.962500000000000000e+01,2.377831952554575537e-02
2.964583333333333215e+01,2.747194439903256555e-02
2.966666666666666430e+01,1.827937140866996504e-02
2.968750000000000000e+01,1.203273935394407086e-02
2.970833333333333215e+01,2.029665577110204011e-02
2.972916666666666430e+01,2.702667497363565180e-02
2.975000000000000000e+01,2.088254744952880784e-02
2.977083333333333215e+01,1.239774824237049010e-02
2.979166666666666430e+01,1.480215467557442072e-02
2.981250000000000000e+01,1.557059543654916271e-02
2.983333333333333215e+01,3.489386110278351692e-03
2.985416666666666430e+01,-5.422190085177342952e-03
2.987500000000000000e+01,1.495055071345540224e-04
2.989583333333333215e+01,3.909379985240373813e-03
2.991666666666666430e+01,-5.227416757556177865e-03
2.993750000000000000e+01,-1.107014442129348672e-02
2.995833333333333215e+01,-2.466348353307909122e-03
2.997916666666666430e+01,4.210315830395135531e-03
3.000000000000000000e+01,-1.911011743245090693e-03
3.002083333333333215e+01,-4.521895038456107824e-03
3.004166666666666430e+01,9.667002055097750207e-04
3.006250000000000000e+01,1.191251893805219883e-04
3.008333333333333215e+01,-9.121989661980987874e-03
3.010416666666666430e+01,-1.188173591325391090e-02
3.012500000000000000e+01,-2.561795733804016206e-03
3.014583333333333215e+01,3.010727621931416891e-03
3.016666666666666430e+01,-4.149040453966308661e-03
3.018750000000000000e+01,-7.534987075912421249e-03
3.020833333333333215e+01,2.371011443021152874e-03
3.022916666666666430e+01,9.274065052660158959e-03
3.025000000000000000e+01,3.443505886347502255e-03
3.027083333333333215e+01,1.306857187712122999e-03
3.029166666666666430e+01,5.931712266621555138e-03
3.031250000000000000e+01,3.287488669585532288e-03
3.033333333333333215e+01,-3.118847196666283631e-03
3.035416666666666430e+01,5.430518685558502365e-05
3.037500000000000000e+01,1.223536549901727997e-03
3.039583333333333215e+01,-1.021001302839701606e-02
3.041666666666666430e+01,-1.777853958434939471e-02
3.043750000000000000e+01,-1.122376695036529995e-02
3.045833333333333215e+01,-6.861763355672734210e-03
3.047916666666666430e+01,-1.554558575778725200e-02
3.050000000000000000e+01,-2.083654902658187841e-02
3.052083333333333215e+01,-1.192572263280585430e-02
3.054166666666666430e+01,-4.917998653329229072e-03
3.056250000000000000e+01,-1.065079753559985097e-02
3.058333333333333215e+01,-1.286759710956136143e-02
3.060416666666666430e+01,-1.119333150497439731e-03
3.062500000000000000e+01,8.522619069358612978e-03
3.064583333333333215e+01,5.436809607999947176e-03
3.066666666666666430e+01,5.432295244267894285e-03
3.068750000000000000e+01,1.110144226663634104e-02
3.070833333333333215e+01,9.473196125043931506e-03
3.072916666666666430e+01,4.952926939713124879e-03
3.075000000000000000e+01,1.035497034967880828e-02
3.077083333333333215e+01,1.344013822864616355e-02
3.079166666666666430e+01,3.795002100624898615e-03
3.081250000000000000e+01,-2.061770341011034610e-03
3.083333333333333215e+01,6.408434383944107589e-03
3.085416666666666430e+01,1.254602027800107676e-02
3.087500000000000000e+01,5.961003265718782355e-03
3.089583333333333215e+01,3.006520244439868893e-03
3.091666666666666430e+01,1.029756357228661830e-02
3.093750000000000000e+01,1.271266015757635537e-02
3.095833333333333215e+01,2.366823088934876494e-03
3.097916666666666430e+01,-4.421992631213434409e-03
3.100000000000000000e+01,3.212308865181119980e-03
3.102083333333333215e+01,8.920413317861766722e-03
3.104166666666666430e+01,1.805728209343815003e-03
3.106250000000000000e+01,-2.056798604630059868e-03
3.108333333333333215e+01,7.312480592337019386e-03
3.110416666666666430e+01,1.386628899395702351e-02
3.112500000000000000e+01,7.335122323580595821e-03
3.114583333333333215e+01,3.712895861233196215e-03
3.116666666666666430e+01,9.308891638564964488e-03
3.118750000000000000e+01,9.614325940114529581e-03
3.120833333333333215e+01,-3.026930217946541615e-03
3.122916666666666430e+01,-1.236619739603152246e-02
3.125000000000000000e+01,-7.252122083875443652e-03
3.127083333333333215e+01,-4.039392942714774455e-03
3.129166666666666430e+01,-1.362433787955978810e-02
3.131250000000000000e+01,-1.973646973000126037e-02
3.133333333333333215e+01,-1.155884663222730285e-02
3.135416666666666430e+01,-5.464873618720022565e-03
3.137500000000000000e+01,-1.204070294423242524e-02
3.139583333333333215e+01,-1.496824129611405187e-02
3.141666666666666430e+01,-3.563646458249912583e-03
3.143750000000000000e+01,5.579751128622164984e-03
3.145833333333333215e+01,2.002755700897306500e-03
3.147916666666666430e+01,1.122449294574481967e-03
3.150000000000000000e+01,6.726027754245864423e-03
3.152083333333333215e+01,5.337040173139665292e-03
3.154166666666666430e+01,-2.187752689334162182e-04
3.156250000000000000e+01,3.541065302703841518e-03
3.158333333333333215e+01,5.374457909034282763e-03
3.160416666666666430e+01,-5.293594331178246709e-03
3.162500000000000000e+01,-1.215762958392047066e-02
3.164583333333333215e+01,-4.753928437429857240e-03
3.166666666666666430e+01,6.972592574934427870e-04
3.168750000000000000e+01,-6.695478984955997338e-03
3.170833333333333215e+01,-1.054369069888045490e-02
3.172916666666666430e+01,-2.701377205353845437e-05
3.175000000000000000e+01,8.548251014171358297e-03
3.177083333333333215e+01,4.129069968053344919e-03
3.179166666666666430e+01,2.902773538946647712e-03
3.181250000000000000e+01,1.028503114177650550e-02
3.183333333333333215e+01,1.194666730236815071e-02
3.185416666666666430e+01,6.882144901352478528e-04
3.187500000000000000e+01,-7.019775461400458438e-03
3.189583333333333215e+01,-4.284888493416277714e-04
3.191666666666666430e+01,4.263132902101728593e-03
3.193750000000000000e+01,-3.810890554821827307e-03
3.195833333333333215e+01,-8.366664821581973679e-03
3.197916666666666430e+01,1.264082702465252773e-03
3.200000000000000000e+01,8.948469512031476808e-03
3.202083333333332860e+01,3.815114761487842926e-03
3.204166666666666430e+01,2.222219678122027819e-03
3.206250000000000000e+01,9.749253249917958983e-03
3.208333333333332860e+01,1.183388771782344431e-02
3.210416666666666430e+01,1.016495058579910959e-03
3.212500000000000000e+01,-6.293879211067428779e-03
3.214583333333332860e+01,6.541238771477354656e-04
3.216666666666666430e+01,5.692179064547266305e-03
3.218750000000000000e+01,-2.058710197532565879e-03
3.220833333333332860e+01,-6.279981460791097571e-03
3.222916666666666430e+01,3.766609206220295804e-03
3.225000000000000000e+01,1.185203579687908043e-02
3.227083333333332860e+01,6.999285662621598271e-03
3.229166666666666430e+01,5.467632736433906959e-03
3.231250000000000000e+01,1.060641978614731973e-02
3.233333333333332860e+01,8.691144027643546779e-03
3.235416666666666430e+01,1.496638454761930158e-03
3.237500000000000000e+01,2.969472882938543369e-03
3.239583333333332860e+01,3.622550712466165914e-03
3.241666666666666430e+01,-4.963622799965560807e-03
3.243750000000000000e+01,-8.179242113855728427e-03
3.245833333333332860e+01,3.001456519179629412e-03
3.247916666666666430e+01,1.207052157313184826e-02
3.250000000000000000e+01,8.374270662779929528e-03
3.252083333333332860e+01,3.733028147979869024e-03
3.254166666666666430e+01,9.471438137248208017e-03
3.256250000000000000e+01,1.237084140128190922e-02
3.258333333333332860e+01,2.535916744439795437e-03
3.260416666666666430e+01,-3.801549151785983509e-03
3.262500000000000000e+01,4.056455037823144399e-03
3.264583333333332860e+01,9.752522487796011497e-03
3.266666666666666430e+01,2.674533707229606247e-03
3.268750000000000000e+01,-9.352492058928391040e-04
3.270833333333332860e+01,6.290308418591283694e-03
3.272916666666666430e+01,8.910472925953632356e-03
3.275000000000000000e+01,-1.554495346307876178e-03
3.277083333333332860e+01,-9.041398925842870221e-03
3.279166666666666430e+01,-2.342464491189660391e-03
3.281250000000000000e+01,2.088683729561139398e-03
3.283333333333332860e+01,-6.604914997133043593e-03
3.285416666666666430e+01,-1.249107357932030538e-02
3.287500000000000000e+01,-4.335581176258065245e-03
3.289583333333332860e+01,1.034033828932414420e-03
3.291666666666666430e+01,-7.268208747709987635e-03
3.293750000000000000e+01,-1.316978740302518491e-02
3.295833333333332860e+01,-5.339094783445716245e-03
3.297916666666666430e+01,-3.252881569233749765e-04
3.300000000000000000e+01,-8.769790679086836641e-03
3.302083333333332860e+01,-1.473693106284397134e-02
3.304166666666666430e+01,-6.960940692203322101e-03
3.306250000000000000e+01,-1.996060681794949512e-03
3.308333333333332860e+01,-1.053545268355727399e-02
3.310416666666666430e+01,-1.666976285914039541e-02
3.312500000000000000e+01,-9.083517020452928567e-03
3.314583333333332860e+01,-4.230990619815976767e-03
3.316666666666666430e+01,-1.208838371488754962e-02
3.318750000000000000e+01,-1.705623073647269047e-02
3.320833333333332860e+01,-8.344569044351091841e-03
3.322916666666666430e+01,-2.435483560664823167e-03
3.325000000000000000e+01,-9.739997615220338453e-03
3.327083333333332860e+01,-1.441331808521647412e-02
3.329166666666666430e+01,-5.362703611186280320e-03
3.331250000000000000e+01,8.898850185977213263e-04
3.333333333333332860e+01,-6.287500099988586541e-03
3.335416666666666430e+01,-1.090402961658531317e-02
3.337500000000000000e+01,-1.811023522735500215e-03
3.339583333333332860e+01,4.292340036701387980e-03
3.341666666666666430e+01,-2.767894116098768096e-03
3.343750000000000000e+01,-6.963651963285073625e-03
3.345833333333332860e+01,2.528577433903951132e-03
3.347916666666666430e+01,8.964139305249236786e-03
3.350000000000000000e+01,1.971952878816369409e-03
3.352083333333332860e+01,-2.260438874091496263e-03
3.354166666666666430e+01,7.173277323198121516e-03
3.356250000000000000e+01,1.346407384496340655e-02
3.358333333333332860e+01,6.236754174575974939e-03
3.360416666666666430e+01,1.756156060983745434e-03
3.362500000000000000e+01,1.094088769410079404e-02
3.364583333333332860e+01,1.699900007265994425e-02
3.366666666666666430e+01,9.616304306566606300e-03
3.368750000000000000e+01,4.934945891530671813e-03
3.370833333333332860e+01,1.394936555760909087e-02
3.372916666666666430e+01,2.000389243190906288e-02
3.375000000000000000e+01,1.261224351328267025e-02
3.377083333333332860e+01,7.788753238625791692e-03
3.379166666666666430e+01,1.669154673721248011e-02
3.381250000000000000e+01,2.272808255535020347e-02
3.383333333333332860e+01,1.526156732973822303e-02
3.385416666666666430e+01,1.021586713419880658e-02
3.387500000000000000e+01,1.893055939173168487e-02
3.389583333333332860e+01,2.498231701507996547e-02
3.391666666666666430e+01,1.753306271810240249e-02
3.393750000000000000e+01,1.235295582296374109e-02
3.395833333333332860e+01,1.662361982315625764e-02
3.397916666666666430e+01,1.537707255790234095e-02
3.400000000000000000e+01,2.873509512300180036e-04
3.402083333333332860e+01,-1.261524444511216356e-02
3.404166666666666430e+01,-1.233812571679349275e-02
3.406250000000000000e+01,-8.571563654770887608e-03
3.408333333333332860e+01,-1.479828136589099626e-02
3.410416666666666430e+01,-1.899224433553146907e-02
3.412500000000000000e+01,-1.029202142764562046e-02
3.414583333333332860e+01,-5.004538091740208527e-03
3.416666666666666430e+01,-1.414302154253964904e-02
3.418750000000000000e+01,-2.129563131545121266e-02
3.420833333333332860e+01,-1.565628902626790830e-02
3.422916666666666430e+01,-1.232281422908700942e-02
3.425000000000000000e+01,-1.608468604690811016e-02
3.427083333333332860e+01,-1.343546422300758575e-02
3.429166666666666430e+01,-4.006410145386368922e-03
3.431250000000000000e+01,-2.175595761077038851e-03
3.433333333333332860e+01,-5.423178426156339237e-03
3.435416666666666430e+01,-2.568668679693073931e-04
3.437500000000000000e+01,2.493662014297952367e-03
3.439583333333332860e+01,-2.462005913190262740e-03
3.441666666666666430e+01,-1.340404543026464191e-03
3.443750000000000000e+01,8.031815951725800040e-03
3.445833333333332860e+01,1.063209204182737587e-02
3.447916666666666430e+01,2.012665194789509029e-03
3.450000000000000000e+01,-2.576315978453817563e-03
3.452083333333332860e+01,5.644098531570654852e-03
3.454166666666666430e+01,1.034185996079486740e-02
3.456250000000000000e+01,8.420615181303565044e-04
3.458333333333332860e+01,-6.739424807624478514e-03
3.460416666666666430e+01,-1.569974803366995129e-03
3.462500000000000000e+01,7.706549195699400083e-04
3.464583333333332860e+01,-3.831475673102927547e-03
3.466666666666666430e+01,-1.950352382225683861e-03
3.468750000000000000e+01,5.801950809061065702e-03
3.470833333333332860e+01,5.332494407745603029e-03
3.472916666666666430e+01,3.103290778247150185e-03
3.475000000000000000e+01,1.127392163459926128e-02
3.477083333333332860e+01,1.654332130309819557e-02
3.479166666666666430e+01,7.781844876963987107e-03
3.481250000000000000e+01,1.935144485459746157e-03
3.483333333333332860e+01,9.901994447417029541e-03
3.485416666666666430e+01,1.545698882085701567e-02
3.487500000000000000e+01,7.522176436382950818e-03
3.489583333333332860e+01,2.634581188868396606e-03
3.491666666666666430e+01,1.118532876703334615e-02
3.493750000000000000e+01,1.709813131206990022e-02
3.495833333333332860e+01,9.314712424165035726e-03
3.497916666666666430e+01,4.608243765947869948e-03
3.500000000000000000e+01,1.341773295444717920e-02
3.502083333333332860e+01,1.952648352862870751e-02
3.504166666666666430e+01,1.195850937268651271e-02
3.506250000000000000e+01,7.434684281048289239e-03
3.508333333333332860e+01,1.309383714110784469e-02
3.510416666666666430e+01,1.386792357650224600e-02
3.512500000000000000e+01,9.724542942599431099e-04
3.514583333333332860e+01,-8.782157679189878455e-03
3.516666666666666430e+01,-4.928890594098192524e-03
3.518750000000000000e+01,-3.684729811182458747e-03
3.520833333333332860e+01,-1.371063236434344294e-02
3.522916666666666430e+01,-1.917564623941421867e-02
3.525000000000000000e+01,-1.116165388594441213e-02
3.527083333333332860e+01,-5.605973247449821256e-03
3.529166666666666430e+01,-1.378005089706022153e-02
3.531250000000000000e+01,-1.926073850066620588e-02
3.533333333333332860e+01,-1.122042392520275836e-02
3.535416666666666430e+01,-5.530274137047645755e-03
3.537500000000000000e+01,-1.351169559729261359e-02
3.539583333333332860e+01,-1.876432781598299376e-02
3.541666666666666430e+01,-1.040723359898091359e-02
3.543750000000000000e+01,-4.377085854640389018e-03
3.545833333333332860e+01,-1.209878037570518046e-02
3.547916666666666430e+01,-1.702104114115987263e-02
3.550000000000000000e+01,-8.498736736163813726e-03
3.552083333333332860e+01,-2.584165445710293572e-03
3.554166666666666430e+01,-8.628723956436754050e-03
3.556250000000000000e+01,-1.043369452894511197e-02
3.558333333333332860e+01,1.495333197347582018e-03
3.560416666666666430e+01,1.086555876535189556e-02
3.562500000000000000e+01,6.636433327621419319e-03
3.564583333333332860e+01,5.442193719060164393e-03
3.566666666666666430e+01,1.770245740014200417e-02
3.568750000000000000e+01,2.740106904031210794e-02
3.570833333333332860e+01,2.336071625878888280e-02
3.572916666666666430e+01,2.030163697486077681e-02
3.575000000000000000e+01,2.517271471086350229e-02
3.577083333333332860e+01,2.475400032871960879e-02
3.579166666666666430e+01,1.215216043867398815e-02
3.581250000000000000e+01,3.338532591186605704e-03
3.583333333333332860e+01,8.046424512919765626e-03
3.585416666666666430e+01,1.038325119614064151e-02
3.587500000000000000e+01,-1.035889240077283481e-03
3.589583333333332860e+01,-9.749838718804226464e-03
3.591666666666666430e+01,-4.984580920487540964e-03
3.593750000000000000e+01,-2.621185833461316290e-03
3.595833333333332860e+01,-1.111696661594926624e-02
3.597916666666666430e+01,-1.489560206121270068e-02
3.600000000000000000e+01,-5.173437487612841945e-03
3.602083333333332860e+01,2.071981559702879179e-03
3.604166666666666430e+01,-4.420425838907182832e-03
3.606250000000000000e+01,-8.049604179631337716e-03
3.608333333333332860e+01,1.785624067176032727e-03
3.610416666666666430e+01,9.044952475382520007e-03
3.612500000000000000e+01,2.587999280259161046e-03
3.614583333333332860e+01,-9.205107283798460559e-04
3.616666666666666430e+01,9.010403816148555151e-03
3.618750000000000000e+01,1.627803200809162937e-02
3.620833333333332860e+01,9.849122491971302323e-03
3.622916666666666430e+01,6.466616383457688029e-03
3.625000000000000000e+01,1.427356502284255618e-02
3.627083333333332860e+01,1.785121093925634561e-02
3.629166666666666430e+01,7.755521151442860452e-03
3.631250000000000000e+01,7.597943781608754946e-04
3.633333333333332860e+01,7.166632353845266493e-03
3.635416666666666430e+01,1.076181014759672490e-02
3.637500000000000000e+01,7.026505075847022186e-04
3.639583333333332860e+01,-6.128545542323021560e-03
3.641666666666666430e+01,6.576701102302993452e-04
3.643750000000000000e+01,4.738972728713180226e-03
3.645833333333332860e+01,-4.852724559190333027e-03
3.647916666666666430e+01,-1.143426890036377402e-02
3.650000000000000000e+01,-4.585586629449953100e-03
3.652083333333332860e+01,-2.947291265368816434e-04
3.654166666666666430e+01,-9.629550794481123860e-03
3.656250000000000000e+01,-1.608418074414368765e-02
3.658333333333332860e+01,-9.025981652128894916e-03
3.660416666666666430e+01,-4.342385101645022949e-03
3.662500000000000000e+01,-1.342439986133904528e-02
3.664583333333332860e+01,-1.984047791036225306e-02
3.666666666666666430e+01,-1.273829499071599258e-02
3.668750000000000000e+01,-7.899889822361649480e-03
3.670833333333332860e+01,-1.347441938721720585e-02
3.672916666666666430e+01,-1.416751937896133448e-02
3.675000000000000000e+01,-9.238022201129103637e-04
3.677083333333332860e+01,1.016821870720235714e-02
3.679166666666666430e+01,8.113265611904096550e-03
3.681250000000000000e+01,8.658431430421128713e-03
3.683333333333332860e+01,1.565580227650896147e-02
3.685416666666666430e+01,1.562528822174483537e-02
3.687500000000000000e+01,9.161131407061524554e-03
3.689583333333332860e+01,1.042105929879842685e-02
3.691666666666666430e+01,1.361754000978339547e-02
3.693750000000000000e+01,6.445338163344074486e-03
3.695833333333332860e+01,2.842160073147485290e-03
3.697916666666666430e+01,1.366469331289842624e-02
3.700000000000000000e+01,2.245584395417174473e-02
3.702083333333332860e+01,1.811569821566332006e-02
3.704166666666666430e+01,1.198680523808205202e-02
3.706250000000000000e+01,1.686244411936918888e-02
3.708333333333332860e+01,1.970497722656427281e-02
3.710416666666666430e+01,9.422441119651049635e-03
3.712500000000000000e+01,2.739503879242106543e-03
3.714583333333332860e+01,1.062646191137469644e-02
3.716666666666666430e+01,1.655185077946956171e-02
3.718750000000000000e+01,9.388655106666841249e-03
3.720833333333332860e+01,5.325368609536825990e-03
3.722916666666666430e+01,-1.699917392071492034e-03
3.725000000000000000e+01,-2.296216746955231577e-02
3.727083333333332860e+01,-5.817608656358568692e-02
3.729166666666666430e+01,-9.127949733309483060e-02
3.731250000000000000e+01,-1.112172690333566027e-01
3.733333333333332860e+01,-1.177677014653013970e-01
3.735416666666666430e+01,-1.143024236500335272e-01
3.737500000000000000e+01,-1.166440852839279313e-01
3.739583333333332860e+01,-1.174719077084649677e-01
3.741666666666666430e+01,-1.051729469098267589e-01
3.743750000000000000e+01,-9.565426170027978292e-02
3.745833333333332860e+01,-9.987390645943522438e-02
3.747916666666666430e+01,-1.007398800664154881e-01
3.750000000000000000e+01,-8.752081908001013710e-02
3.752083333333332860e+01,-7.554462836450404062e-02
3.754166666666666430e+01,-7.042160307810473030e-02
3.756250000000000000e+01,-5.879584241766399461e-02
3.758333333333332860e+01,-4.207669442771871243e-02
3.760416666666666430e+01,-3.390887855390255917e-02
3.762500000000000000e+01,-2.660794829519948917e-02
3.764583333333332860e+01,-1.114354047097833658e-02
3.766666666666666430e+01,-4.342805925196602853e-04
3.768750000000000000e+01,-3.734591869753174209e-03
3.770833333333332860e+01,-4.807615448709949731e-03
3.772916666666666430e+01,7.344961760917661890e-03
3.775000000000000000e+01,1.620534661191906992e-02
3.777083333333332860e+01,1.100701737462300711e-02
3.779166666666666430e+01,8.112142152592179481e-03
3.781250000000000000e+01,1.861839209367944364e-02
3.783333333333332860e+01,2.567831821428048777e-02
3.785416666666666430e+01,1.897409862066947936e-02
3.787500000000000000e+01,1.494003205944118527e-02
3.789583333333332860e+01,2.461590694046020961e-02
3.791666666666666430e+01,3.162487177580861758e-02
3.793750000000000000e+01,2.552497487729930153e-02
3.795833333333332860e+01,2.262470630014536133e-02
3.797916666666666430e+01,2.922993737143461321e-02
3.800000000000000000e+01,3.093551965183518118e-02
3.802083333333332860e+01,1.960544877069249695e-02
3.804166666666666430e+01,1.160524065863785016e-02
3.806250000000000000e+01,1.755012375303191541e-02
3.808333333333332860e+01,2.127269520899607164e-02
3.810416666666666430e+01,1.155614927875161721e-02
3.812500000000000000e+01,5.040073978351131828e-03
3.814583333333332860e+01,1.231770252044511738e-02
3.816666666666666430e+01,1.684673270412359244e-02
3.818750000000000000e+01,7.950113201689996273e-03
3.820833333333332860e+01,1.783233101476118477e-03
3.822916666666666430e+01,9.038310302671241289e-03
3.825000000000000000e+01,1.316152467108520387e-02
3.827083333333332860e+01,3.800987984530863548e-03
3.829166666666666430e+01,-3.062227983869765437e-03
3.831250000000000000e+01,3.453846887340795459e-03
3.833333333333332860e+01,6.953654195657564888e-03
3.835416666666666430e+01,-3.489943805681872471e-03
3.837500000000000000e+01,-1.173507749045058120e-02
3.839583333333332860e+01,-7.058579218896771958e-03
3.841666666666666430e+01,-5.576889315972969816e-03
3.843750000000000000e+01,-1.838611164376634591e-02
3.845833333333332860e+01,-2.888143338695819615e-02
3.847916666666666430e+01,-2.635214349811074164e-02
3.850000000000000000e+01,-1.928715722694413284e-02
3.852083333333332860e+01,-2.124706818150950971e-02
3.854166666666666430e+01,-2.047611338021325042e-02
3.856250000000000000e+01,-9.134546118475245571e-03
3.858333333333332860e+01,-2.236813332493248468e-03
3.860416666666666430e+01,-8.775118359021408243e-03
3.862500000000000000e+01,-1.223386356009296093e-02
3.864583333333332860e+01,-1.721189757637709870e-03
3.866666666666666430e+01,6.440742253953632597e-03
3.868750000000000000e+01,1.615254184167342613e-03
3.870833333333332860e+01,-4.954961678953749039e-05
3.872916666666666430e+01,1.048283287106036195e-02
3.875000000000000000e+01,1.731977808957036596e-02
3.877083333333332860e+01,1.107556859791149206e-02
3.879166666666666430e+01,7.745555277237409567e-03
3.881250000000000000e+01,1.554254230969942356e-02
3.883333333333332860e+01,1.868346668911456329e-02
3.885416666666666430e+01,8.160110455604444729e-03
3.887500000000000000e+01,1.649553217796486846e-04
3.889583333333332860e+01,5.644870267114765819e-03
3.891666666666666430e+01,7.965349693260185410e-03
3.893750000000000000e+01,-3.778970797121160297e-03
3.895833333333332860e+01,-1.323664729069532961e-02
3.897916666666666430e+01,-9.814159481108333111e-03
3.900000000000000000e+01,-8.764825970841681746e-03
3.902083333333332860e+01,-1.467024555379895304e-02
3.904166666666666430e+01,-1.372711882312198199e-02
3.906250000000000000e+01,-5.825810455660822285e-03
3.908333333333332860e+01,-4.889627945958621019e-03
3.910416666666666430e+01,-1.001185883907830532e-02
3.912500000000000000e+01,-7.114515389226898183e-03
3.914583333333332860e+01,-2.003550553481140469e-03
3.916666666666666430e+01,-7.012258107357284033e-03
3.918750000000000000e+01,-9.106105314763732195e-03
3.920833333333332860e+01,2.813064777976690117e-03
3.922916666666666430e+01,1.247324827666181427e-02
3.925000000000000000e+01,9.036269058666494824e-03
3.927083333333332860e+01,7.675139416210864478e-03
3.929166666666666430e+01,1.292960271747369862e-02
3.931250000000000000e+01,1.176470201610734130e-02
3.933333333333332860e+01,4.036737980910332438e-03
3.935416666666666430e+01,3.990583289290799453e-03
3.937500000000000000e+01,7.275135196419264816e-03
3.939583333333332860e+01,1.137569912637700388e-03
3.941666666666666430e+01,-2.455291862094726840e-03
3.943750000000000000e+01,7.446654703890867935e-03
3.945833333333332860e+01,1.459055596532260642e-02
3.947916666666666430e+01,8.020859044808549207e-03
3.950000000000000000e+01,4.024604574373904543e-03
3.952083333333332860e+01,1.032206605720123807e-02
3.954166666666666430e+01,1.146557584700762071e-02
3.956250000000000000e+01,-1.708330894222785321e-03
3.958333333333332860e+01,-1.255052846773000580e-02
3.960416666666666430e+01,-1.038857833180605039e-02
3.962500000000000000e+01,-8.231483889483434332e-03
3.964583333333332860e+01,-1.525490922949101352e-02
3.966666666666666430e+01,-1.766753433436083626e-02
3.968750000000000000e+01,-6.599980855560827996e-03
3.970833333333332860e+01,1.974716409614335130e-03
3.972916666666666430e+01,-2.881271865846201079e-03
3.975000000000000000e+01,-4.621896449954650266e-03
3.977083333333332860e+01,5.055517719851732733e-03
3.979166666666666430e+01,1.063127062906136892e-02
3.981250000000000000e+01,3.318912000696484788e-03
3.983333333333332860e+01,-8.167985645806672464e-04
3.985416666666666430e+01,9.072252706909844297e-03
3.987500000000000000e+01,1.642714138720960740e-02
3.989583333333332860e+01,1.073235219017073735e-02
3.991666666666666430e+01,7.438514864915158828e-03
3.993750000000000000e+01,1.167555376382383228e-02
3.995833333333332860e+01,9.977436643317990142e-03
3.997916666666666430e+01,-3.964358586322033642e-04
4.000000000000000000e+01,-4.465947033739088405e-03
4.002083333333332860e+01,4.128859980779892545e-03
4.004166666666666430e+01,9.612197475926878912e-03
4.006250000000000000e+01,1.571249133283693800e-03
4.008333333333332860e+01,-3.446823864281673908e-03
4.010416666666666430e+01,5.080016386482242609e-03
4.012500000000000000e+01,1.072326453429182057e-02
4.014583333333332860e+01,2.462056823649552001e-03
4.016666666666666430e+01,-3.455791470614352767e-03
4.018750000000000000e+01,3.735388167985541786e-03
4.020833333333332860e+01,7.425961710074994483e-03
4.022916666666666430e+01,-2.834184228142035220e-03
4.025000000000000000e+01,-1.079348799305118213e-02
4.027083333333332860e+01,-5.402344459003256306e-03
4.029166666666666430e+01,-3.265203915942625507e-03
4.031250000000000000e+01,-1.515519324081728882e-02
4.033333333333332860e+01,-2.470016504630359946e-02
4.035416666666666430e+01,-2.132267511651686487e-02
4.037500000000000000e+01,-1.640756123288631199e-02
4.039583333333332860e+01,-2.227545521497637307e-02
4.041666666666666430e+01,-2.556600621010802349e-02
4.043750000000000000e+01,-1.576399382707609903e-02
4.045833333333332860e+01,-8.845077104542308638e-03
4.047916666666666430e+01,-1.591042856103338024e-02
4.050000000000000000e+01,-2.006694409024320849e-02
4.052083333333332860e+01,-1.040811535266773433e-02
4.054166666666666430e+01,-3.245774635371107171e-03
4.056250000000000000e+01,-9.492198899340912807e-03
4.058333333333332860e+01,-1.243809354079371959e-02
4.060416666666666430e+01,-1.188366209690126536e-03
4.062500000000000000e+01,7.695983424220762675e-03
4.064583333333332860e+01,3.700587863931706096e-03
4.066666666666666430e+01,2.848139444613798869e-03
4.068750000000000000e+01,1.541810441577959323e-02
4.070833333333332860e+01,2.496453038434649080e-02
4.072916666666666430e+01,2.119559190907182797e-02
4.075000000000000000e+01,1.731194257692059493e-02
4.077083333333332860e+01,2.294545662516716406e-02
4.079166666666666430e+01,2.390802864090025778e-02
4.081250000000000000e+01,1.089751018358475071e-02
4.083333333333332860e+01,3.785973777830662170e-04
4.085416666666666430e+01,2.989498889931243436e-03
4.087500000000000000e+01,2.237235893409265149e-03
4.089583333333332860e+01,-5.130008551823223538e-03
4.091666666666666430e+01,-4.950962581168252136e-03
4.093750000000000000e+01,4.788092656265460538e-06
4.095833333333332860e+01,-3.497116124260794996e-03
4.097916666666666430e+01,-4.572087607529183063e-03
4.100000000000000000e+01,3.289267531530656093e-03
4.102083333333332860e+01,5.247023586241075614e-03
4.104166666666666430e+01,-5.456602647947297879e-03
4.106250000000000000e+01,-1.277477698933995702e-02
4.108333333333332860e+01,-6.072599586557948619e-03
4.110416666666666430e+01,-1.623866202503654321e-03
4.112500000000000000e+01,-1.040418505576183074e-02
4.114583333333332860e+01,-1.566629688195319420e-02
4.116666666666666430e+01,-6.888749749475610480e-03
4.118750000000000000e+01,-5.057272586791073006e-04
4.120833333333332860e+01,-7.566571686724163880e-03
4.122916666666666430e+01,-1.129364273156485514e-02
4.125000000000000000e+01,-8.457037051958347278e-04
4.127083333333332860e+01,7.177916492194085299e-03
4.129166666666666430e+01,2.366548115818054802e-03
4.131250000000000000e+01,7.491574746581080354e-04
4.133333333333332860e+01,1.147330040927172466e-02
4.135416666666666430e+01,1.845830548975716315e-02
4.137500000000000000e+01,1.220300004174221763e-02
4.139583333333332860e+01,8.549859813869921041e-03
4.141666666666666430e+01,1.642601429579429104e-02
4.143750000000000000e+01,2.020085123883488126e-02
4.145833333333332860e+01,1.026030513134495482e-02
4.147916666666666430e+01,2.846001606370880503e-03
4.150000000000000000e+01,8.602758671591178782e-03
4.152083333333332860e+01,1.108696152307149345e-02
4.154166666666666430e+01,-7.525191091656155623e-04
4.156250000000000000e+01,-1.024128974740648457e-02
4.158333333333332860e+01,-6.722157382150016798e-03
4.160416666666666430e+01,-6.216558399875549840e-03
4.162500000000000000e+01,-1.351376329963337869e-02
4.164583333333332860e+01,-1.391052679216243579e-02
4.166666666666666430e+01,-4.687224599542511375e-03
4.168750000000000000e+01,-5.926752439832207522e-04
4.170833333333332860e+01,-9.972969595500992199e-03
4.172916666666666430e+01,-1.645627835810960921e-02
4.175000000000000000e+01,-9.087452085449740369e-03
4.177083333333332860e+01,-4.047666472495929646e-03
4.179166666666666430e+01,-1.190672506953952686e-02
4.181250000000000000e+01,-1.653591456918578062e-02
4.183333333333332860e+01,-6.866680380424022151e-03
4.185416666666666430e+01,5.014388514965876413e-04
4.187500000000000000e+01,-5.263316127644870022e-03
4.189583333333332860e+01,-8.081145082099524743e-03
4.191666666666666430e+01,3.282011311614230990e-03
4.193750000000000000e+01,1.195364757088520496e-02
4.195833333333332860e+01,7.002507195319527741e-03
4.197916666666666430e+01,4.621240659458847322e-03
4.200000000000000000e+01,1.457507704765931278e-02
4.202083333333332860e+01,2.089517246495253139e-02
4.204166666666666430e+01,1.342290252003361731e-02
4.206250000000000000e+01,8.693969073823932386e-03
4.208333333333332860e+01,1.713676990264376490e-02
4.210416666666666430e+01,2.256517147581782803e-02
4.212500000000000000e+01,1.390552822864228773e-02
4.214583333333332860e+01,7.744259984150020891e-03
4.216666666666666430e+01,1.506201794969105195e-02
4.218750000000000000e+01,1.942542219530271272e-02
4.220833333333332860e+01,9.778326593530856786e-03
4.222916666666666430e+01,2.243654795845521736e-03
4.225000000000000000e+01,7.950063480034779556e-03
4.227083333333332860e+01,1.016607762763357611e-02
4.229166666666666430e+01,-1.678546008825921925e-03
4.231250000000000000e+01,-1.112315584137983648e-02
4.233333333333332860e+01,-7.146627080531115644e-03
4.235416666666666430e+01,-6.399710080347171051e-03
4.237500000000000000e+01,-1.686456449741648503e-02
4.239583333333332860e+01,-2.288209210745159247e-02
4.241666666666666430e+01,-1.506156630630104375e-02
4.243750000000000000e+01,-9.690488184822421830e-03
4.245833333333332860e+01,-1.740721950711532698e-02
4.247916666666666430e+01,-2.178809352911399363e-02
4.250000000000000000e+01,-1.218920024637391505e-02
4.252083333333332860e+01,-4.623482144348429849e-03
4.254166666666666430e+01,-1.022324221221642890e-02
4.256250000000000000e+01,-1.248500341202142191e-02
4.258333333333332860e+01,-8.316490878113920069e-04
4.260416666666666430e+01,8.433902290527140605e-03
4.262500000000000000e+01,4.069019809096494772e-03
4.264583333333332860e+01,2.568179302221667258e-03
4.266666666666666430e+01,1.011534280057092491e-02
4.268750000000000000e+01,1.179927123483538558e-02
4.270833333333332860e+01,-2.154195160204138500e-04
4.272916666666666430e+01,-9.821845200410040180e-03
4.275000000000000000e+01,-6.428674301960562130e-03
4.277083333333332860e+01,-3.848214777567436629e-03
4.279166666666666430e+01,-9.461148389735175510e-03
4.281250000000000000e+01,-1.029738537071699621e-02
4.283333333333332860e+01,1.286576438060606665e-03
4.285416666666666430e+01,9.058826447496391363e-03
4.287500000000000000e+01,3.097124435230345398e-03
4.289583333333332860e+01,-3.129920965365305609e-04
4.291666666666666430e+01,1.003822162086970629e-02
4.293750000000000000e+01,1.774815079166206649e-02
4.295833333333332860e+01,1.226874631199463203e-02
4.297916666666666430e+01,9.905310599233640642e-03
4.300000000000000000e+01,1.456539770008183181e-02
4.302083333333332860e+01,1.254762897480602400e-02
4.304166666666666430e+01,3.781860156977786842e-03
4.306250000000000000e+01,2.545805615811258700e-03
4.308333333333332860e+01,6.027947402405065512e-03
4.310416666666666430e+01,1.272284173613095083e-03
4.312500000000000000e+01,-1.041128918567489755e-03
4.314583333333332860e+01,4.488064302783761547e-03
4.316666666666666430e+01,3.429767690353733179e-03
4.318750000000000000e+01,-5.506252800395372918e-03
4.320833333333332860e+01,-8.156471570467125135e-03
4.322916666666666430e+01,2.677180662948649569e-04
4.325000000000000000e+01,4.091304412297802270e-03
4.327083333333332860e+01,-5.997339106474284219e-03
4.329166666666666430e+01,-1.367234571065720564e-02
4.331250000000000000e+01,-8.446293549083879609e-03
4.333333333333332860e+01,-6.572699695416007321e-03
4.335416666666666430e+01,-1.485964833597301984e-02
4.337500000000000000e+01,-1.801265373307353243e-02
4.339583333333332860e+01,-8.214527645182739812e-03
4.341666666666666430e+01,-1.390845489764896753e-03
4.343750000000000000e+01,-8.451717601245266331e-03
4.345833333333332860e+01,-1.267298414143653955e-02
4.347916666666666430e+01,-3.227363986716839765e-03
4.350000000000000000e+01,3.819333599845646521e-03
4.352083333333332860e+01,-2.501426212073439275e-03
4.354166666666666430e+01,-5.692662855846893598e-03
4.356250000000000000e+01,5.196229603398778117e-03
4.358333333333332860e+01,1.369484835416555531e-02
4.360416666666666430e+01,9.266951463631274699e-03
4.362500000000000000e+01,8.010917726878744038e-03
4.364583333333332860e+01,1.352685247691496132e-02
4.366666666666666430e+01,1.165970210828513182e-02
4.368750000000000000e+01,4.750088292687288001e-03
4.370833333333332860e+01,5.849034966640757373e-03
4.372916666666666430e+01,6.220178232291404680e-03
4.375000000000000000e+01,-2.407575503283886260e-03
4.377083333333332860e+01,-6.170334944791004521e-03
4.379166666666666430e+01,3.354896469877187513e-03
4.381250000000000000e+01,9.814322091972560100e-03
4.383333333333332860e+01,2.176795808876843576e-03
4.385416666666666430e+01,-3.423964052638689241e-03
4.387500000000000000e+01,4.100382512231485165e-03
4.389583333333332860e+01,8.187726013131410227e-03
4.391666666666666430e+01,-1.777448265007445074e-03
4.393750000000000000e+01,-9.516413035411015742e-03
4.395833333333332860e+01,-3.867808476225456562e-03
4.397916666666666430e+01,-1.514851997945735598e-03
4.400000000000000000e+01,-1.204396091865333508e-02
4.402083333333332860e+01,-1.930768375877310247e-02
4.404166666666666430e+01,-1.326118752161135027e-02
4.406250000000000000e+01,-1.011875764679955915e-02
4.408333333333332860e+01,-1.623693941455694317e-02
4.410416666666666430e+01,-1.662958624689949219e-02
4.412500000000000000e+01,-3.796790007470553664e-03
4.414583333333332860e+01,6.379012311065910754e-03
4.416666666666666430e+01,2.932682399431613910e-03
4.418750000000000000e+01,2.518347760541907437e-03
4.420833333333332860e+01,1.049983466557807832e-02
4.422916666666666430e+01,1.243174798367071773e-02
4.425000000000000000e+01,1.857727950093314342e-03
4.427083333333332860e+01,-4.894089988923195841e-03
4.429166666666666430e+01,2.686795541323815702e-03
4.431250000000000000e+01,7.878551666363961536e-03
4.433333333333332860e+01,2.040442141628534805e-04
4.435416666666666430e+01,-4.289125123128841727e-03
4.437500000000000000e+01,5.205144759955807575e-03
4.439583333333332860e+01,1.215841411619695417e-02
4.441666666666666430e+01,5.890766235092124124e-03
4.443750000000000000e+01,2.172315616551878312e-03
4.445833333333332860e+01,1.176499651025206955e-02
4.447916666666666430e+01,1.817324652622192768e-02
4.450000000000000000e+01,1.062544103615564728e-02
4.452083333333332860e+01,5.469644401195905559e-03
4.454166666666666430e+01,1.316812894660871446e-02
4.456250000000000000e+01,1.763376176168822765e-02
4.458333333333332860e+01,8.036456547893776337e-03
4.460416666666666430e+01,9.576837706055297715e-04
4.462500000000000000e+01,6.938687768002545046e-03
4.464583333333332860e+01,9.864979501319223396e-03
4.466666666666666430e+01,-1.178397968801302934e-03
4.468750000000000000e+01,-9.969767775447557767e-03
4.470833333333332860e+01,-5.465175908016280289e-03
4.472916666666666430e+01,-4.285351654367320490e-03
4.475000000000000000e+01,-1.528769433809028591e-02
4.477083333333332860e+01,-2.284198620066866733e-02
4.479166666666666430e+01,-1.689114603537469200e-02
4.481250000000000000e+01,-1.393003480367943983e-02
4.483333333333332860e+01,-2.018069190633699217e-02
4.485416666666666430e+01,-2.075170304465583787e-02
4.487500000000000000e+01,-7.380172279316613189e-03
4.489583333333332860e+01,3.601787523011342092e-03
4.491666666666666430e+01,1.340485985367551426e-03
4.493750000000000000e+01,7.241013287302078749e-04
4.495833333333332860e+01,7.362120792869440884e-03
4.497916666666666430e+01,8.037088442659738249e-03
4.500000000000000000e+01,-2.020085830940499265e-04
4.502083333333332860e+01,-2.257616460793551369e-03
4.504166666666666430e+01,7.857611390137738544e-03
4.506250000000000000e+01,1.449136032600884492e-02
4.508333333333332860e+01,8.161157791032753669e-03
4.510416666666666430e+01,4.978495514823400372e-03
4.512500000000000000e+01,1.283846679365972798e-02
4.514583333333332860e+01,1.630550379659158333e-02
4.516666666666666430e+01,6.693729672833409472e-03
4.518750000000000000e+01,8.270238694916136096e-05
4.520833333333332860e+01,7.705873188259228755e-03
4.522916666666666430e+01,1.276152930440103972e-02
4.525000000000000000e+01,4.340255427130238625e-03
4.527083333333332860e+01,-1.446042182340119813e-03
4.529166666666666430e+01,6.296808387774112392e-03
4.531250000000000000e+01,1.074440909785240317e-02
4.533333333333332860e+01,1.128877147761924143e-03
4.535416666666666430e+01,-6.087305123373427246e-03
4.537500000000000000e+01,-3.852816768928373674e-04
4.539583333333332860e+01,2.040069364992642270e-03
4.541666666666666430e+01,-9.802037615426481901e-03
4.543750000000000000e+01,-1.930908897723767823e-02
4.545833333333332860e+01,-1.571051832062527603e-02
4.547916666666666430e+01,-1.361347036816369475e-02
4.550000000000000000e+01,-1.954797384214372949e-02
4.552083333333332860e+01,-1.948064548958357289e-02
4.554166666666666430e+01,-8.007449675697782265e-03
4.556250000000000000e+01,-7.277112991250130883e-04
4.558333333333332860e+01,-7.105823564087688712e-03
4.560416666666666430e+01,-1.030465492866860372e-02
4.562500000000000000e+01,5.418136026146959210e-04
4.564583333333332860e+01,8.971002575886852584e-03
4.566666666666666430e+01,4.490245295152589348e-03
4.568750000000000000e+01,3.221399994785055336e-03
4.570833333333332860e+01,1.050066673023393113e-02
4.572916666666666430e+01,1.163613833507237336e-02
4.575000000000000000e+01,7.788460390954728748e-04
4.577083333333332860e+01,-6.454077450149046415e-03
4.579166666666666430e+01,3.159461440287094779e-04
4.581250000000000000e+01,4.179220128223372875e-03
4.583333333333332860e+01,-5.795833232517570537e-03
4.585416666666666430e+01,-1.324147458219767336e-02
4.587500000000000000e+01,-7.250663206998448837e-03
4.589583333333332860e+01,-4.620660883184977800e-03
4.591666666666666430e+01,-1.194584651052215535e-02
4.593750000000000000e+01,-1.404465946423216587e-02
4.595833333333332860e+01,-3.261974156004545603e-03
4.597916666666666430e+01,4.348041150517848591e-03
4.600000000000000000e+01,-2.243114829859048278e-03
4.602083333333332860e+01,-6.415326503045948488e-03
4.604166666666666430e+01,2.621475819284206296e-03
4.606250000000000000e+01,8.954717349782176372e-03
4.608333333333332860e+01,1.594438311248779026e-03
4.610416666666666430e+01,-2.790886296155202159e-03
4.612500000000000000e+01,6.591308016736991716e-03
4.614583333333332860e+01,1.359244037022873906e-02
4.616666666666666430e+01,7.316955111254416257e-03
4.618750000000000000e+01,4.199294556558780950e-03
4.620833333333332860e+01,1.407230404002697034e-02
4.622916666666666430e+01,2.087889368111268615e-02
4.625000000000000000e+01,1.477369402381966193e-02
4.627083333333332860e+01,1.180919941059856669e-02
4.629166666666666430e+01,1.561807255772702969e-02
4.631250000000000000e+01,1.205132679560938329e-02
4.633333333333332860e+01,4.165884943594751720e-03
4.635416666666666430e+01,4.877428290645247945e-03
4.637500000000000000e+01,3.050878588830333808e-03
4.639583333333332860e+01,-5.844897013820570496e-03
4.641666666666666430e+01,-7.704837820305752115e-03
4.643750000000000000e+01,-1.742669658918835369e-03
4.645833333333332860e+01,-2.469157503217258697e-03
4.647916666666666430e+01,-1.050014496082290159e-02
4.650000000000000000e+01,-1.197368143261603318e-02
4.652083333333332860e+01,-3.908810331150806838e-03
4.654166666666666430e+01,-1.631251570102039156e-03
4.656250000000000000e+01,-1.271344051421233537e-02
4.658333333333332860e+01,-2.116853538598765724e-02
4.660416666666666430e+01,-1.626855991101461285e-02
4.662500000000000000e+01,-1.303152671258632836e-02
4.664583333333332860e+01,-1.710936278566298555e-02
4.666666666666666430e+01,-1.496414254556817890e-02
4.668750000000000000e+01,-4.900457027580597952e-03
4.670833333333332860e+01,-1.335088220720015298e-03
4.672916666666666430e+01,-7.999433883315958810e-03
4.675000000000000000e+01,-9.565219705601899630e-03
4.677083333333332860e+01,2.778035057817766513e-03
4.679166666666666430e+01,1.290942578998699811e-02
4.681250000000000000e+01,9.843848858162812174e-03
4.683333333333332860e+01,9.192662786046445697e-03
4.685416666666666430e+01,1.468605621256089191e-02
4.687500000000000000e+01,1.314201182077850971e-02
4.689583333333332860e+01,6.687972123189970738e-03
4.691666666666666430e+01,9.134860191676802757e-03
4.693750000000000000e+01,8.752523122397664820e-03
4.695833333333332860e+01,2.827758950861096444e-04
4.697916666666666430e+01,-1.890083770484635379e-03
4.700000000000000000e+01,6.594082318090389340e-03
4.702083333333332860e+01,9.996384614946951519e-03
4.704166666666666430e+01,-6.279301269303836979e-04
4.706250000000000000e+01,-8.899948948336495677e-03
4.708333333333332860e+01,-4.273510887135708106e-03
4.710416666666666430e+01,-2.876349238818581931e-03
4.712500000000000000e+01,-1.068417427804088660e-02
4.714583333333332860e+01,-1.281148195555472345e-02
4.716666666666666430e+01,-1.820132625522819219e-03
4.718750000000000000e+01,6.258447958726938432e-03
4.720833333333332860e+01,1.164571860723488401e-04
4.722916666666666430e+01,-3.601489676438919454e-03
4.725000000000000000e+01,6.207683660905522448e-03
4.727083333333332860e+01,1.296312940913153799e-02
4.729166666666666430e+01,5.856517423433560236e-03
4.731250000000000000e+01,1.026279976334792910e-03
4.733333333333332860e+01,9.590373111969143285e-03
4.735416666666666430e+01,1.491571171448304728e-02
4.737500000000000000e+01,6.701415564917660890e-03
4.739583333333332860e+01,1.242941712921004143e-03
4.741666666666666430e+01,9.659255001148933650e-03
4.743750000000000000e+01,1.556432516307180818e-02
4.745833333333332860e+01,8.202078606330742358e-03
4.747916666666666430e+01,3.922019101019158863e-03
4.750000000000000000e+01,1.017234451945686451e-02
4.752083333333332860e+01,1.197735544950761372e-02
4.754166666666666430e+01,5.733918924851680440e-04
4.756250000000000000e+01,-7.341689236580956415e-03
4.758333333333332860e+01,-1.180685070949684824e-03
4.760416666666666430e+01,2.666925488861358190e-03
4.762500000000000000e+01,-6.890895086164860149e-03
4.764583333333332860e+01,-1.320215963932865229e-02
4.766666666666666430e+01,-5.959030042668362476e-03
4.768750000000000000e+01,-1.426738912940280759e-03
4.770833333333332860e+01,-1.079383117024768253e-02
4.772916666666666430e+01,-1.768977908806607102e-02
4.775000000000000000e+01,-1.123729603258870682e-02
4.777083333333332860e+01,-7.756103934775641744e-03
4.779166666666666430e+01,-1.763934509881032522e-02
4.781250000000000000e+01,-2.484783869960977346e-02
4.783333333333332860e+01,-1.881190685768354895e-02
4.785416666666666430e+01,-1.495215208873455770e-02
4.787500000000000000e+01,-1.807077910838894574e-02
4.789583333333332860e+01,-1.483923217839269552e-02
4.791666666666666430e+01,-5.006954651659242285e-03
4.793750000000000000e+01,-2.894134806513173983e-03
4.795833333333332860e+01,-5.403682665013211962e-03
4.797916666666666430e+01,7.068423625237886098e-04
4.800000000000000000e+01,4.323102668269541808e-03
4.802083333333332860e+01,-2.453541997263481919e-03
4.804166666666666430e+01,-4.121973768545801782e-03
4.806250000000000000e+01,8.163366530590446604e-03
4.808333333333332860e+01,1.812418464755519501e-02
4.810416666666666430e+01,1.511397471357651956e-02
4.812500000000000000e+01,1.288110037830827830e-02
4.814583333333332860e+01,1.895624640985483361e-02
4.816666666666666430e+01,1.982898011414444689e-02
4.818750000000000000e+01,7.767300731379541551e-03
4.820833333333332860e+01,-1.254158385458840202e-03
4.822916666666666430e+01,3.805622818924242479e-03
4.825000000000000000e+01,6.249942892623509480e-03
4.827083333333332860e+01,-4.859005609313555782e-03
4.829166666666666430e+01,-1.330528135819840710e-02
4.831250000000000000e+01,-8.175279594156734803e-03
4.833333333333332860e+01,-6.190876880291904145e-03
4.835416666666666430e+01,-1.181632852893598450e-02
4.837500000000000000e+01,-1.083615941096715066e-02
4.839583333333332860e+01,-1.694489453927173822e-03
4.841666666666666430e+01,9.767267125071099794e-04
4.843750000000000000e+01,-6.787960824113955030e-03
4.845833333333332860e+01,-9.617436721582954887e-03
4.847916666666666430e+01,5.014799594153512971e-04
4.850000000000000000e+01,7.579668917263628243e-03
4.852083333333332860e+01,7.045519278720058839e-04
4.854166666666666430e+01,-3.348908152897456681e-03
4.856250000000000000e+01,6.255607027788063351e-03
4.858333333333332860e+01,1.338752688292070211e-02
4.860416666666666430e+01,7.060814232567726688e-03
4.862500000000000000e+01,3.624627425541892579e-03
4.864583333333332860e+01,1.403793105735292451e-02
4.866666666666666430e+01,2.180905204564468833e-02
4.868750000000000000e+01,1.652471498583044790e-02
4.870833333333332860e+01,1.252540048615809545e-02
4.872916666666666430e+01,1.684442156842081220e-02
4.875000000000000000e+01,1.570357638669627950e-02
4.877083333333332860e+01,3.592890435730997784e-03
4.879166666666666430e+01,-4.287800484538605884e-03
4.881250000000000000e+01,1.668911371165836266e-03
4.883333333333332860e+01,4.728432974877552243e-03
4.885416666666666430e+01,-5.968009924321290328e-03
4.887500000000000000e+01,-1.420887013691449728e-02
4.889583333333332860e+01,-9.064951329540474681e-03
4.891666666666666430e+01,-7.033461037316641497e-03
4.893750000000000000e+01,-1.599149567989810103e-02
4.895833333333332860e+01,-2.055191357966234741e-02
4.897916666666666430e+01,-1.223794390653203286e-02
4.900000000000000000e+01,-7.076814594721030083e-03
4.902083333333332860e+01,-1.611927322512308330e-02
4.904166666666666430e+01,-2.273117944287212852e-02
4.906250000000000000e+01,-1.611306304930534838e-02
4.908333333333332860e+01,-1.133841923437306325e-02
4.910416666666666430e+01,-1.524102315853031499e-02
4.912500000000000000e+01,-1.314976091993350776e-02
4.914583333333332860e+01,-3.556221693411452641e-04
4.916666666666666430e+01,7.906450256763015993e-03
4.918750000000000000e+01,2.856178299329060252e-03
4.920833333333332860e+01,1.029429877124266122e-03
4.922916666666666430e+01,1.343567502466259250e-02
4.925000000000000000e+01,2.347070567616509063e-02
4.927083333333332860e+01,2.061708448061734186e-02
4.929166666666666430e+01,1.548826136484582165e-02
4.931250000000000000e+01,2.079156858036705982e-02
4.933333333333332860e+01,2.349631835609044747e-02
4.935416666666666430e+01,1.299822326716184792e-02
4.937500000000000000e+01,5.053986149137484375e-03
4.939583333333332860e+01,1.053899768990026152e-02
4.941666666666666430e+01,1.296453219562337424e-02
4.943750000000000000e+01,1.468991576357377409e-03
4.945833333333332860e+01,-7.639004150775018792e-03
4.947916666666666430e+01,-3.686703225298368879e-03
4.950000000000000000e+01,-2.875558510498673996e-03
4.952083333333332860e+01,-1.179671246960677794e-02
