0.000000000000000000e+00,-2.384674572680205995e-01
2.083333333333333218e-02,1.958316657572281017e-01
4.166666666666666435e-02,-4.989741319604616698e-02
6.250000000000000000e-02,-4.225929376500673351e-01
8.333333333333332871e-02,2.315589680208167689e-01
1.041666666666666574e-01,4.113190445194344069e-01
1.250000000000000000e-01,-2.369535767469527210e-01
1.458333333333333148e-01,-4.673990849105425505e-01
1.666666666666666574e-01,1.813996526197362846e-01
1.875000000000000000e-01,7.131776210275372341e-01
2.083333333333333148e-01,5.949423232397113570e-02
2.291666666666666574e-01,-6.135295746355209356e-01
2.500000000000000000e-01,6.299707292213030385e-02
2.708333333333333148e-01,7.614706700999348543e-01
2.916666666666666297e-01,1.005425136393761631e-01
3.125000000000000000e-01,-5.563624896923874408e-01
3.333333333333333148e-01,1.338246995965289010e-01
3.541666666666666297e-01,3.868891768535870357e-01
3.750000000000000000e-01,-2.659938422756161769e-01
3.958333333333333148e-01,-8.148975516858110169e-01
4.166666666666666297e-01,-1.431098235943587815e-01
4.375000000000000000e-01,4.885526667165967507e-01
4.583333333333333148e-01,-1.664366420943919622e-01
4.791666666666666297e-01,-6.872343729733658702e-01
5.000000000000000000e-01,-4.531176489131091834e-02
5.208333333333332593e-01,6.147217876498893840e-01
5.416666666666666297e-01,-6.900987402247560354e-02
5.625000000000000000e-01,-6.885373900569519146e-01
5.833333333333332593e-01,-4.518877020018341462e-02
6.041666666666666297e-01,5.819814642994161069e-01
6.250000000000000000e-01,-8.389596387436518143e-02
6.458333333333332593e-01,-1.770188431962615438e-01
6.666666666666666297e-01,4.788915018524652623e-01
6.875000000000000000e-01,3.213937869575989037e-01
7.083333333333332593e-01,-3.039676245602178639e-01
7.291666666666666297e-01,3.468346003109062936e-01
7.500000000000000000e-01,6.123548060526583514e-01
7.708333333333332593e-01,-1.781802816334993045e-02
7.916666666666666297e-01,-6.456395265283593199e-01
8.125000000000000000e-01,4.269173070544185489e-02
8.333333333333332593e-01,6.910733929683265941e-01
8.541666666666666297e-01,7.217314488097194281e-02
8.750000000000000000e-01,-5.964421392474676953e-01
8.958333333333332593e-01,8.127003604669447157e-02
9.166666666666666297e-01,6.952617166487221612e-01
9.375000000000000000e-01,4.834915584861931848e-02
9.583333333333332593e-01,-6.296460703921173963e-01
9.791666666666666297e-01,7.653133834975345273e-03
1.000000000000000000e+00,6.253607920878841986e-01
1.020833333333333259e+00,-5.785310754066821937e-02
1.041666666666666519e+00,-7.129006844451286629e-01
1.062500000000000000e+00,-9.776106937652573325e-02
1.083333333333333259e+00,5.552005694492602172e-01
1.104166666666666519e+00,-1.340672064779475647e-01
1.125000000000000000e+00,-7.668351321887031391e-01
1.145833333333333259e+00,-1.433303581092963408e-01
1.166666666666666519e+00,5.426872914630026523e-01
1.187500000000000000e+00,-1.215390491519593719e-01
1.208333333333333259e+00,-7.333718188662697868e-01
1.229166666666666519e+00,-8.390368981766258005e-02
1.250000000000000000e+00,6.012437189244997926e-01
1.270833333333333259e+00,-2.628150143856086696e-02
1.291666666666666519e+00,-6.526363819764333662e-01
1.312500000000000000e+00,4.151199844737601952e-02
1.333333333333333259e+00,6.992843864607451998e-01
1.354166666666666519e+00,7.884450255644105676e-02
1.375000000000000000e+00,-6.026032124284539382e-01
1.395833333333333259e+00,-3.827355658317884712e-01
1.416666666666666519e+00,2.616986137656158729e-01
1.437500000000000000e+00,-3.761833111534579333e-01
1.458333333333333259e+00,-6.182216898449032216e-01
1.479166666666666519e+00,4.741363952667584925e-02
1.500000000000000000e+00,6.670021049740394448e-01
1.520833333333333259e+00,1.417014471359268057e-02
1.541666666666666519e+00,-6.801102142722112998e-01
1.562500000000000000e+00,-4.679973945797694102e-02
1.583333333333333259e+00,5.883238286640175563e-01
1.604166666666666519e+00,-1.006601696268293322e-01
1.625000000000000000e+00,-4.506610881782016076e-01
1.645833333333333259e+00,1.765608532161997146e-01
1.666666666666666519e+00,8.288447793169606559e-01
1.687500000000000000e+00,1.281679828059789361e-01
1.708333333333333259e+00,-4.867935310230533386e-01
1.729166666666666519e+00,1.427748034290788892e-01
1.750000000000000000e+00,8.266400220539273924e-01
1.770833333333333259e+00,1.649413233070174678e-01
1.791666666666666519e+00,-4.512338205971442862e-01
1.812500000000000000e+00,2.033036012422812233e-01
1.833333333333333259e+00,8.766012168066037447e-01
1.854166666666666519e+00,2.502283296420576564e-01
1.875000000000000000e+00,-3.838859061760273583e-01
1.895833333333333259e+00,8.435693453387672902e-02
1.916666666666666519e+00,3.932615947822851732e-01
1.937500000000000000e+00,-2.246381747968688447e-01
1.958333333333333259e+00,-7.672764057575641727e-01
1.979166666666666519e+00,-7.208321971679537699e-02
2.000000000000000000e+00,5.378465764512775360e-01
2.020833333333333037e+00,-9.501087509352695859e-02
2.041666666666666519e+00,-7.717356328315400082e-01
2.062500000000000000e+00,-1.145217447242711795e-01
2.083333333333333037e+00,4.931861886497731495e-01
2.104166666666666519e+00,-1.654459197949370297e-01
2.125000000000000000e+00,-5.854425171612136491e-01
2.145833333333333037e+00,2.152752395103281480e-02
2.166666666666666519e+00,6.581913284481695214e-01
2.187500000000000000e+00,-3.078828716418263722e-02
2.208333333333333037e+00,-6.767832220275683541e-01
2.229166666666666519e+00,-5.932529840898137508e-02
2.250000000000000000e+00,6.048548266758797531e-01
2.270833333333333037e+00,-7.425669293498712853e-02
2.291666666666666519e+00,-4.331342839008924805e-01
2.312500000000000000e+00,2.109568468375925265e-01
2.333333333333333037e+00,8.854077084124979402e-01
2.354166666666666519e+00,2.482973329387046790e-01
2.375000000000000000e+00,-3.688922077560332635e-01
2.395833333333333037e+00,2.450087239845977483e-01
2.416666666666666519e+00,3.077015740126572974e-01
2.437500000000000000e+00,-3.069741113305268776e-01
2.458333333333333037e+00,-2.421615971305303427e-01
2.479166666666666519e+00,4.454146269614475129e-01
2.500000000000000000e+00,-2.352788599669486114e-01
2.520833333333333037e+00,-6.536503412786381917e-01
2.541666666666666519e+00,-3.667069956251552132e-02
2.562500000000000000e+00,6.229420755171253266e-01
2.583333333333333037e+00,-6.802090347810443860e-02
2.604166666666666519e+00,-7.167747917533963120e-01
2.625000000000000000e+00,-9.760208487010869904e-02
2.645833333333333037e+00,5.285642805345899253e-01
2.666666666666666519e+00,-1.525199641569663367e-01
2.687500000000000000e+00,-6.504015605332713612e-01
2.708333333333333037e+00,-3.630673234150227913e-03
2.729166666666666519e+00,6.062019589311873347e-01
2.750000000000000000e+00,-5.263596011177487655e-02
2.770833333333333037e+00,-6.737954833497676876e-01
2.791666666666666519e+00,4.094367457778469443e-03
2.812500000000000000e+00,6.224931862931217807e-01
2.833333333333333037e+00,-4.331419278334885936e-04
2.854166666666666519e+00,-4.860458477634063135e-01
2.875000000000000000e+00,1.862291354306175872e-01
2.895833333333333037e+00,8.357880368669829974e-01
2.916666666666666519e+00,2.127438810994890517e-01
2.937500000000000000e+00,-4.130034052823396418e-01
2.958333333333333037e+00,2.634426868310093539e-01
2.979166666666666519e+00,6.968352228658161174e-01
3.000000000000000000e+00,4.639044521996221748e-02
3.020833333333333037e+00,-5.751649815948987055e-01
3.041666666666666519e+00,7.812525740216205716e-02
3.062500000000000000e+00,7.742359516623817939e-01
3.083333333333333037e+00,1.207494607311127011e-01
3.104166666666666519e+00,-5.015260220261072988e-01
3.125000000000000000e+00,-1.678215032640547888e-01
3.145833333333333037e+00,3.928209064079907775e-01
3.166666666666666519e+00,-2.238082602585298175e-01
3.187500000000000000e+00,-8.776826043130333543e-01
3.208333333333333037e+00,-1.862393045559803950e-01
3.229166666666666519e+00,4.920706557711371776e-01
3.250000000000000000e+00,-1.506829735597945974e-01
3.270833333333333037e+00,-7.719660952741806970e-01
3.291666666666666519e+00,-1.213425589310527242e-01
3.312500000000000000e+00,2.516438793987683109e-01
3.333333333333333037e+00,-4.049790651661935303e-01
3.354166666666666519e+00,-9.298458063342079916e-01
3.375000000000000000e+00,-2.417978751587988306e-01
3.395833333333333037e+00,4.310778688465192188e-01
3.416666666666666519e+00,-1.995881795001511749e-01
3.437500000000000000e+00,-4.326455836848242531e-01
3.458333333333333037e+00,2.773063670083936727e-01
3.479166666666666519e+00,7.989378641489264243e-01
3.500000000000000000e+00,1.653471368882857839e-01
3.520833333333333037e+00,-5.054181579064329632e-01
3.541666666666666519e+00,1.844175602350284493e-01
3.562500000000000000e+00,8.147547937080097391e-01
3.583333333333333037e+00,1.592592712465153992e-01
3.604166666666666519e+00,-4.728132850414998312e-01
3.625000000000000000e+00,1.639109585517293521e-01
3.645833333333333037e+00,8.412383712132119884e-01
3.666666666666666519e+00,1.844044200398738953e-01
3.687500000000000000e+00,-4.504094068148800090e-01
3.708333333333333037e+00,1.960587473417227389e-01
3.729166666666666519e+00,4.079691776316428653e-01
3.750000000000000000e+00,-2.514655376370434903e-01
3.770833333333333037e+00,-6.360195865313462704e-01
3.791666666666666519e+00,2.559348810414988074e-02
3.812500000000000000e+00,6.296990293886497447e-01
3.833333333333333037e+00,-1.236360963564597792e-02
3.854166666666666519e+00,-6.731081493548601857e-01
3.875000000000000000e+00,-2.869690440110250762e-02
3.895833333333333037e+00,5.882432200487744955e-01
3.916666666666666519e+00,-8.699281109567416626e-02
3.937500000000000000e+00,-7.498453993307891974e-01
3.958333333333333037e+00,-1.441729603658422898e-01
3.979166666666666519e+00,4.938451697338827051e-01
4.000000000000000000e+00,-1.910415679443197845e-01
4.020833333333333037e+00,-3.091472474196985121e-01
4.041666666666666075e+00,3.019206198501349636e-01
4.062500000000000000e+00,5.308694703227561096e-01
4.083333333333333037e+00,-1.436197448600315119e-01
4.104166666666666075e+00,-5.125318443452574479e-01
4.125000000000000000e+00,1.283680062317604786e-01
4.145833333333333037e+00,7.765214416338531711e-01
4.166666666666666075e+00,1.350910736698453796e-01
4.187500000000000000e+00,-5.323722451088628294e-01
4.208333333333333037e+00,1.549651988830677285e-01
4.229166666666666075e+00,7.506218340748165296e-01
4.250000000000000000e+00,1.341691007115101697e-01
4.270833333333333037e+00,-5.345342023796111341e-01
4.291666666666666075e+00,1.567329481273228575e-01
4.312500000000000000e+00,2.514684761736925012e-01
4.333333333333333037e+00,-3.718569174293822610e-01
4.354166666666666075e+00,-4.043062996431892597e-01
4.375000000000000000e+00,2.545668221230388273e-01
4.395833333333333037e+00,-1.099667950324512283e-01
4.416666666666666075e+00,-7.304502903860764507e-01
4.437500000000000000e+00,-3.762011691296998639e-02
4.458333333333333037e+00,6.216299527597872743e-01
4.479166666666666075e+00,4.014261729739884710e-03
4.500000000000000000e+00,-6.166425488268638677e-01
4.520833333333333037e+00,4.131651071772163286e-02
4.541666666666666075e+00,7.406636057100588477e-01
4.562500000000000000e+00,9.220424647348021696e-02
4.583333333333333037e+00,-5.297778535544176437e-01
4.604166666666666075e+00,9.774659393496037962e-02
4.625000000000000000e+00,5.389506925586784458e-01
4.645833333333333037e+00,-1.521107377172880026e-01
4.666666666666666075e+00,-7.994744983902298818e-01
4.687500000000000000e+00,-1.765004806159390927e-01
4.708333333333333037e+00,4.792209788791180758e-01
4.729166666666666075e+00,-2.172890113907305076e-01
4.750000000000000000e+00,-5.425818956768108103e-01
4.770833333333333037e+00,8.922808072675314506e-02
4.791666666666666075e+00,7.039085836900260684e-01
4.812500000000000000e+00,4.940609826291209039e-02
4.833333333333333037e+00,-6.492699859791550843e-01
4.854166666666666075e+00,8.042619969599928975e-03
4.875000000000000000e+00,6.351869057137679020e-01
4.895833333333333037e+00,1.283541054468416431e-02
4.916666666666666075e+00,-6.563261449462769459e-01
4.937500000000000000e+00,4.197617465133648973e-02
4.958333333333333037e+00,6.965929268324543289e-01
4.979166666666666075e+00,7.259225055040056940e-02
5.000000000000000000e+00,-5.693891813014286818e-01
5.020833333333333037e+00,1.170667239419434513e-01
5.041666666666666075e+00,8.034970688140594675e-01
5.062500000000000000e+00,1.605766854634788354e-01
5.083333333333333037e+00,-4.491654638242569275e-01
5.104166666666666075e+00,1.869046957540224374e-01
5.125000000000000000e+00,5.752300912455050597e-01
5.145833333333333037e+00,-1.006216618120516215e-01
5.166666666666666075e+00,-7.407533425241223934e-01
5.187500000000000000e+00,-1.330006792015898942e-01
5.208333333333333037e+00,5.334242291359426735e-01
5.229166666666666075e+00,-1.521824283606775796e-01
5.250000000000000000e+00,-8.210667544167478127e-01
5.270833333333333037e+00,-1.959594559584441065e-01
5.291666666666666075e+00,3.903491364719248180e-01
5.312500000000000000e+00,9.812991522557770185e-01
5.333333333333333037e+00,7.106369962987274524e-01
5.354166666666666075e+00,6.366083592729601670e-02
5.375000000000000000e+00,5.798178478793256652e-01
5.395833333333333037e+00,4.961378291044005184e-01
5.416666666666666075e+00,-1.287924980046230017e-01
5.437500000000000000e+00,8.655537832630726125e-02
5.458333333333333037e+00,5.401703482210241658e-01
5.479166666666666075e+00,-8.184557947954218537e-02
5.500000000000000000e+00,-7.343041997873134274e-01
5.520833333333333037e+00,-4.349209288967526010e-02
5.541666666666666075e+00,5.636967851128197315e-01
5.562500000000000000e+00,-6.883316873287878557e-02
5.583333333333333037e+00,-7.471828041236496798e-01
5.604166666666666075e+00,-9.661034135861204519e-02
5.625000000000000000e+00,3.435662986468502322e-01
5.645833333333333037e+00,-3.218834887405432887e-01
5.666666666666666075e+00,-9.949258995479109968e-01
5.687500000000000000e+00,-3.795633281088396926e-01
5.708333333333333037e+00,2.598764549144277902e-01
5.729166666666666075e+00,-4.187358822372284628e-01
5.750000000000000000e+00,-7.109529924046210647e-01
5.770833333333333037e+00,-9.238855332432860390e-02
5.791666666666666075e+00,5.806119989283249350e-01
5.812500000000000000e+00,-8.818700795714567997e-02
5.833333333333333037e+00,-6.964280414346336601e-01
5.854166666666666075e+00,-5.768648528325220903e-02
5.875000000000000000e+00,6.286361714160710878e-01
5.895833333333333037e+00,-1.031985450171041263e-02
5.916666666666666075e+00,-6.332276337495267304e-01
5.937500000000000000e+00,4.083376746748640373e-02
5.958333333333333037e+00,7.066948961542940388e-01
5.979166666666666075e+00,8.654182292592822734e-02
6.000000000000000000e+00,-5.552275388552601054e-01
6.020833333333333037e+00,1.386760739001024478e-01
6.041666666666666075e+00,6.507207540575442595e-01
6.062500000000000000e+00,3.263796026594693866e-02
6.083333333333333037e+00,-6.421082297207850731e-01
6.104166666666666075e+00,1.615536304750250785e-02
6.125000000000000000e+00,6.202448521533554526e-01
6.145833333333333037e+00,-2.506625098003353869e-02
6.166666666666666075e+00,-7.029051621806455818e-01
6.187500000000000000e+00,-8.447671450070848298e-02
6.208333333333333037e+00,5.396951361637166711e-01
6.229166666666666075e+00,-1.511560755640329046e-01
6.250000000000000000e+00,-8.038029476760715220e-01
6.270833333333333037e+00,-1.880443569710782414e-01
6.291666666666666075e+00,4.618353765278256362e-01
6.312500000000000000e+00,1.161156202160326667e-02
6.333333333333333037e+00,-3.457394731381153163e-01
6.354166666666666075e+00,2.787631315468419024e-01
6.375000000000000000e+00,8.502832376344106047e-01
6.395833333333333037e+00,1.960667747404696848e-01
6.416666666666666075e+00,-4.084618569152018708e-01
6.437500000000000000e+00,2.416999596228273650e-01
6.458333333333333037e+00,5.298565747063200826e-01
6.479166666666666075e+00,-7.901158445215042403e-02
6.500000000000000000e+00,-7.076437224099551004e-01
6.520833333333333037e+00,-2.098881499253776872e-02
6.541666666666666075e+00,6.255658835491494374e-01
6.562500000000000000e+00,1.191103216226684081e-02
6.583333333333333037e+00,-6.413980638150914571e-01
6.604166666666666075e+00,4.306848341545699288e-02
6.625000000000000000e+00,6.672584299334092250e-01
6.645833333333333037e+00,2.967652499956507928e-02
6.666666666666666075e+00,-6.367570268018176716e-01
6.687500000000000000e+00,-1.297751562093218958e-03
6.708333333333333037e+00,6.089531786591377838e-01
6.729166666666666075e+00,-7.465920220382490924e-02
6.750000000000000000e+00,-7.286861768854056010e-01
6.770833333333333037e+00,-1.170424379668440623e-01
6.791666666666666075e+00,5.225152255289158276e-01
6.812500000000000000e+00,-1.611649884755693707e-01
6.833333333333333037e+00,-7.885411930267168801e-01
6.854166666666666075e+00,-1.806047056024299713e-01
6.875000000000000000e+00,5.025221118410202470e-01
6.895833333333333037e+00,-1.178281786545857246e-01
6.916666666666666075e+00,-3.144013929369635640e-01
6.937500000000000000e+00,3.209449150970624665e-01
6.958333333333333037e+00,6.193573710448473379e-01
6.979166666666666075e+00,-1.299553661630470369e-02
7.000000000000000000e+00,-6.349125651009670523e-01
7.020833333333333037e+00,4.609745813849167040e-02
7.041666666666666075e+00,6.977198811775393583e-01
7.062500000000000000e+00,1.324814549383831253e+00
7.083333333333333037e+00,7.212625633587173013e-01
7.104166666666666075e+00,7.206077998945323304e-02
7.125000000000000000e+00,6.802172721065673500e-01
7.145833333333333037e+00,4.131930244492312831e-01
7.166666666666666075e+00,-2.829072210207275173e-01
7.187500000000000000e+00,3.546133260244842544e-01
7.208333333333333037e+00,2.454207190693364071e-01
7.229166666666666075e+00,-4.137724683843343465e-01
7.250000000000000000e+00,-3.171182559859608285e-01
7.270833333333333037e+00,3.202438572154135410e-01
7.291666666666666075e+00,-3.461737222628921140e-01
7.312500000000000000e+00,-1.054179871432728843e+00
7.333333333333333037e+00,-4.241364487247487602e-01
7.354166666666666075e+00,2.021058972228074457e-01
7.375000000000000000e+00,-3.575289442450892419e-01
7.395833333333333037e+00,-7.526973312974057917e-01
7.416666666666666075e+00,-1.265087016094236239e-01
7.437500000000000000e+00,4.873321518553098697e-01
7.458333333333333037e+00,-2.040730320462029457e-01
7.479166666666666075e+00,-8.867453128644811056e-01
7.500000000000000000e+00,-2.634034902470992479e-01
7.520833333333333037e+00,3.412561227074462078e-01
7.541666666666666075e+00,-2.445993692704620803e-01
7.562500000000000000e+00,-4.390565634455826927e-01
7.583333333333333037e+00,1.927585016234300008e-01
7.604166666666666075e+00,6.024335761657514388e-01
7.625000000000000000e+00,-1.083574393500189026e-01
7.645833333333333037e+00,-7.711690310933297932e-01
7.666666666666666075e+00,-1.277754945670755704e-01
7.687500000000000000e+00,4.556567986680389870e-01
7.708333333333333037e+00,-5.163495919576488458e-02
7.729166666666666075e+00,-3.261592986859656040e-01
7.750000000000000000e+00,3.211278891891334863e-01
7.770833333333333037e+00,6.619001422502207577e-01
7.791666666666666075e+00,-5.717096785161521200e-02
7.812500000000000000e+00,-7.190244281404819526e-01
7.833333333333333037e+00,-7.615394364696720375e-02
7.854166666666666075e+00,5.138698336299732938e-01
7.875000000000000000e+00,3.072645823795547293e-02
7.895833333333333037e+00,-3.467068896641009590e-01
7.916666666666666075e+00,2.904097386415837034e-01
7.937500000000000000e+00,8.779430521749531646e-01
7.958333333333333037e+00,1.682161172532263826e-01
7.979166666666666075e+00,-5.048841132952393007e-01
8.000000000000000000e+00,1.272898634823635133e-01
8.020833333333332149e+00,7.277609404506450996e-01
8.041666666666666075e+00,2.433904136145073616e-02
8.062500000000000000e+00,-6.545334910693287878e-01
8.083333333333332149e+00,-2.805225341177786103e-02
8.104166666666666075e+00,5.786582897182709351e-01
8.125000000000000000e+00,-1.176515002790277375e-01
8.145833333333332149e+00,-8.029570034982377313e-01
8.166666666666666075e+00,-1.827058810177884518e-01
8.187500000000000000e+00,4.307224063324622265e-01
8.208333333333332149e+00,-2.584450523829803226e-01
8.229166666666666075e+00,-5.437171291715153787e-01
8.250000000000000000e+00,6.916174010997132304e-02
8.270833333333332149e+00,6.885765450622421957e-01
8.291666666666666075e+00,6.050481229887522128e-03
8.312500000000000000e+00,-6.928974256182016678e-01
8.333333333333332149e+00,-6.802039843088589222e-02
8.354166666666666075e+00,5.529830635184762588e-01
8.375000000000000000e+00,-1.306595555316696633e-01
8.395833333333332149e+00,-7.417125073699755156e-01
8.416666666666666075e+00,-1.235237896381848888e-01
8.437500000000000000e+00,4.848651257358593814e-01
8.458333333333332149e+00,1.375436284841734247e-02
8.479166666666666075e+00,-3.796940025414298758e-01
8.500000000000000000e+00,2.442768608936560781e-01
8.520833333333332149e+00,8.529266087319716805e-01
8.541666666666666075e+00,1.579382843452402929e-01
8.562500000000000000e+00,-5.304158575271995524e-01
8.583333333333332149e+00,8.888042088085003345e-02
8.604166666666666075e+00,7.027985252964277230e-01
8.625000000000000000e+00,1.359727331753116109e-02
8.645833333333332149e+00,-6.800509188962619023e-01
8.666666666666666075e+00,-6.600430523635113234e-02
8.687500000000000000e+00,5.536488434756475785e-01
8.708333333333332149e+00,-2.241915126309023953e-01
8.729166666666666075e+00,-8.876931170931959825e-01
8.750000000000000000e+00,-2.261915103183302633e-01
8.770833333333332149e+00,4.118570244607991371e-01
8.791666666666666075e+00,-3.166277103597525677e-01
8.812500000000000000e+00,-9.464461829279524618e-01
8.833333333333332149e+00,-2.846155669791411991e-01
8.854166666666666075e+00,3.060115140321479354e-01
8.875000000000000000e+00,-4.260432471738615501e-01
8.895833333333332149e+00,-2.108412725994439629e-01
8.916666666666666075e+00,4.545563485759802624e-01
8.937500000000000000e+00,-2.857127427991336122e-01
8.958333333333332149e+00,-1.420189208102393408e-01
8.979166666666666075e+00,5.132477919501494679e-01
9.000000000000000000e+00,6.075953849305197607e-02
9.020833333333332149e+00,-4.200070912581176374e-01
9.041666666666666075e+00,1.715098153528573366e-01
9.062500000000000000e+00,8.021148509059374820e-01
9.083333333333332149e+00,1.270709989274235729e-01
9.104166666666666075e+00,-5.687314035799477807e-01
9.125000000000000000e+00,4.708582006497352701e-02
9.145833333333332149e+00,6.549592247930416944e-01
9.166666666666666075e+00,2.241995315977873271e-01
9.187500000000000000e+00,-3.198175998939004061e-01
9.208333333333332149e+00,3.354639126760997625e-01
9.229166666666666075e+00,9.366529981023173912e-01
9.250000000000000000e+00,2.989147021439331198e-01
9.270833333333332149e+00,-3.813088293977126009e-01
9.291666666666666075e+00,3.078058002727874776e-01
9.312500000000000000e+00,7.270853370514563929e-01
9.333333333333332149e+00,1.167176928807186209e-01
9.354166666666666075e+00,-5.552849950886702413e-01
9.375000000000000000e+00,1.341315698326604466e-01
9.395833333333332149e+00,6.186126499032880144e-01
9.416666666666666075e+00,5.334414723903349587e-03
9.437500000000000000e+00,-6.607641146353437911e-01
9.458333333333332149e+00,3.607498639208051028e-02
9.479166666666666075e+00,4.531155916562164543e-01
9.500000000000000000e+00,-1.589141845438907241e-01
9.520833333333332149e+00,-8.293831885888641731e-01
9.541666666666666075e+00,-1.495240329424462056e-01
9.562500000000000000e+00,4.552797201819973050e-01
9.583333333333332149e+00,-1.415395109493028936e-01
9.604166666666666075e+00,-8.106525243759961086e-01
9.625000000000000000e+00,-1.408288063212473074e-01
9.645833333333332149e+00,4.770659602021061207e-01
9.666666666666666075e+00,-1.145316670205629023e-01
9.687500000000000000e+00,-7.941498314702408745e-01
9.708333333333332149e+00,-1.219520536232963637e-01
9.729166666666666075e+00,4.805068398722163181e-01
9.750000000000000000e+00,-1.114223078896634384e-01
9.770833333333332149e+00,-7.860501408615905294e-01
9.791666666666666075e+00,-1.159344359180324302e-01
9.812500000000000000e+00,4.824678907950788465e-01
9.833333333333332149e+00,-4.687992250193666333e-02
9.854166666666666075e+00,-3.291180583432875562e-01
9.875000000000000000e+00,3.439252347893952955e-01
9.895833333333332149e+00,7.268426454269892867e-01
9.916666666666666075e+00,1.335017348862873043e-01
9.937500000000000000e+00,-5.318675338548362053e-01
9.958333333333332149e+00,1.373910523878178191e-01
9.979166666666666075e+00,7.257798447717523915e-01
1.000000000000000000e+01,1.308733087173962195e-01
1.002083333333333215e+01,-5.301132743320651208e-01
1.004166666666666607e+01,1.464739714685009409e-01
1.006250000000000000e+01,7.484944463736353804e-01
1.008333333333333215e+01,1.532906799686790111e-01
1.010416666666666607e+01,-5.078844143298278935e-01
1.012500000000000000e+01,1.586974413930372085e-01
1.014583333333333215e+01,3.468667032069432388e-01
1.016666666666666607e+01,-2.378899710597667805e-01
1.018750000000000000e+01,-8.164158371652098234e-01
1.020833333333333215e+01,-1.550534351033742986e-01
1.022916666666666607e+01,4.422615835789585059e-01
1.025000000000000000e+01,-1.332101232905992805e-01
1.027083333333333215e+01,-7.935606339133978171e-01
1.029166666666666607e+01,-1.451319118545275622e-01
1.031250000000000000e+01,4.563378701445218733e-01
1.033333333333333215e+01,-1.240451066861176510e-01
1.035416666666666607e+01,-5.885435342050588936e-01
1.037500000000000000e+01,6.308981136125521583e-02
1.039583333333333215e+01,7.379348140475074924e-01
1.041666666666666607e+01,1.613879588293329337e-01
1.043750000000000000e+01,-4.883362057079468910e-01
1.045833333333333215e+01,1.585977313835952585e-01
1.047916666666666607e+01,8.846690645986016177e-01
1.050000000000000000e+01,2.563669950340575210e-01
1.052083333333333215e+01,-3.879981355378983587e-01
1.054166666666666607e+01,-7.051702102175862186e-02
1.056250000000000000e+01,5.414797061581005932e-01
1.058333333333333215e+01,-4.961127726103238544e-02
1.060416666666666607e+01,-6.871714372448716190e-01
1.062500000000000000e+01,-2.550328495968154363e-02
1.064583333333333215e+01,6.907192749546715582e-01
1.066666666666666607e+01,9.648019146605987806e-02
1.068750000000000000e+01,-5.378589827622967112e-01
1.070833333333333215e+01,6.249962325102931260e-02
1.072916666666666607e+01,2.170972855604063334e-01
1.075000000000000000e+01,-3.752639281114068526e-01
1.077083333333333215e+01,-3.362837402839810030e-01
1.079166666666666607e+01,3.211628759586984683e-01
1.081250000000000000e+01,-2.643490681203001236e-01
1.083333333333333215e+01,-6.441024481349363340e-01
1.085416666666666607e+01,1.274479446085038936e-02
1.087500000000000000e+01,6.622895797888374014e-01
1.089583333333333215e+01,8.180059622021253196e-02
1.091666666666666607e+01,-4.982997855980909607e-01
1.093750000000000000e+01,1.467717382641299806e-01
1.095833333333333215e+01,6.322524363700710026e-01
1.097916666666666607e+01,6.389671475207731044e-02
1.100000000000000000e+01,-5.042589726760028368e-01
1.102083333333333215e+01,1.319357738528841306e-01
1.104166666666666607e+01,4.339400716905281175e-01
1.106250000000000000e+01,-1.293936713247598735e-01
1.108333333333333215e+01,-6.931976080140471730e-01
1.110416666666666607e+01,-5.819169650882194400e-02
1.112500000000000000e+01,5.714454580797143635e-01
1.114583333333333215e+01,4.364554223506372788e-03
1.116666666666666607e+01,-5.645643646901304935e-01
1.118750000000000000e+01,7.911906749359887137e-02
1.120833333333333215e+01,7.239851097751665021e-01
1.122916666666666607e+01,1.516808543165948930e-01
1.125000000000000000e+01,-4.709385319396544589e-01
1.127083333333333215e+01,7.021019098801972724e-02
1.129166666666666607e+01,2.807782476339643063e-01
1.131250000000000000e+01,-2.892709373179230825e-01
1.133333333333333215e+01,-5.284089546518433433e-01
1.135416666666666607e+01,1.082835504343530320e-01
1.137500000000000000e+01,6.056824842530214026e-01
1.139583333333333215e+01,3.905101882863044882e-02
1.141666666666666607e+01,-5.287183214210602333e-01
1.143750000000000000e+01,1.108107208578321401e-01
1.145833333333333215e+01,4.010828242590689929e-01
1.147916666666666607e+01,-1.675487241955945783e-01
1.150000000000000000e+01,-7.359434127275928939e-01
1.152083333333333215e+01,-1.001291777259660509e-01
1.154166666666666607e+01,5.297741177372107257e-01
1.156250000000000000e+01,-3.463571196630925442e-02
1.158333333333333215e+01,-5.997655630413482042e-01
1.160416666666666607e+01,3.591704673341308829e-02
1.162500000000000000e+01,6.766986693600410829e-01
1.164583333333333215e+01,1.129464159486177899e-01
1.166666666666666607e+01,-4.505107590892811209e-01
1.168750000000000000e+01,1.769283073705558706e-01
1.170833333333333215e+01,6.495036523177192267e-01
1.172916666666666607e+01,9.514246013324360873e-02
1.175000000000000000e+01,-4.590769632647079823e-01
1.177083333333333215e+01,1.620798460337655178e-01
1.179166666666666607e+01,3.193870723760778851e-01
1.181250000000000000e+01,-2.325361103885006386e-01
1.183333333333333215e+01,-7.012909777669955602e-01
1.185416666666666607e+01,-7.727836668763628236e-02
1.187500000000000000e+01,5.461974113251654162e-01
1.189583333333333215e+01,-1.218395603941097027e-02
1.191666666666666607e+01,-5.718736480888877427e-01
1.193750000000000000e+01,6.505868928679098273e-02
1.195833333333333215e+01,7.019329378067986625e-01
1.197916666666666607e+01,1.435174254709116748e-01
1.200000000000000000e+01,-4.180648422017802512e-01
1.202083333333333215e+01,2.028183692237114644e-01
1.204166666666666607e+01,2.600730694167427970e-01
1.206250000000000000e+01,-2.870905561145525864e-01
1.208333333333333215e+01,-3.895389496868139623e-01
1.210416666666666607e+01,2.226614020237277503e-01
1.212500000000000000e+01,2.288161970886282148e-01
1.214583333333333215e+01,-3.129800609772462328e-01
1.216666666666666607e+01,-2.011718779312235694e-01
1.218750000000000000e+01,4.085587247903622599e-01
1.220833333333333215e+01,-2.760523686034754287e-01
1.222916666666666607e+01,-5.242812016660277630e-01
1.225000000000000000e+01,2.401357738596334723e-01
1.227083333333333215e+01,7.885180701344817189e-01
1.229166666666666607e+01,1.041048890380074088e-01
1.231250000000000000e+01,-4.381761129469589622e-01
1.233333333333333215e+01,1.514738758132027352e-01
1.235416666666666607e+01,3.719817384182399489e-01
1.237500000000000000e+01,-3.397348535795162716e-01
1.239583333333333215e+01,-3.017357725836858906e-01
1.241666666666666607e+01,4.722663991947072537e-01
1.243750000000000000e+01,-9.022427455782400241e-02
1.245833333333333215e+01,-6.656613975653975501e-01
1.247916666666666607e+01,1.037917932487373296e-01
1.250000000000000000e+01,7.706397167681919846e-01
1.252083333333333215e+01,9.128613388800380091e-02
1.254166666666666607e+01,-5.586296787834619249e-01
1.256250000000000000e+01,2.015443115709401878e-01
1.258333333333333215e+01,4.461508736197716263e-01
1.260416666666666607e+01,-2.045957245765722132e-01
1.262500000000000000e+01,-8.162098430242115121e-01
1.264583333333333215e+01,-1.360205925905578761e-01
1.266666666666666607e+01,4.062667426027333772e-01
1.268750000000000000e+01,-2.583179909128130447e-01
1.270833333333333215e+01,-3.866681776727967090e-01
1.272916666666666607e+01,3.615666181303671678e-01
1.275000000000000000e+01,4.515910019595386071e-01
1.277083333333333215e+01,-2.116568294145323714e-01
1.279166666666666607e+01,-4.654313146666184120e-01
1.281250000000000000e+01,2.825444988822171100e-01
1.283333333333333215e+01,8.044695410479210107e-01
1.285416666666666607e+01,1.373961856133281700e-01
1.287500000000000000e+01,-4.836777537782157577e-01
1.289583333333333215e+01,2.660933194345806996e-01
1.291666666666666607e+01,4.813736630989459697e-01
1.293750000000000000e+01,-1.967428493251702493e-01
1.295833333333333215e+01,-8.455804561314949064e-01
1.297916666666666607e+01,-9.644615348052412718e-02
1.300000000000000000e+01,4.692807176598937091e-01
1.302083333333333215e+01,-2.081610735140080326e-01
1.304166666666666607e+01,-6.379714990040606937e-01
1.306250000000000000e+01,1.229254994010377522e-01
1.308333333333333215e+01,6.842281874998685787e-01
1.310416666666666607e+01,6.466740813814597644e-03
1.312500000000000000e+01,-6.327892101190603080e-01
1.314583333333333215e+01,3.234023929826146393e-02
1.316666666666666607e+01,5.953606597361170705e-01
1.318750000000000000e+01,-3.858498828343229214e-02
1.320833333333333215e+01,-6.449218098561414481e-01
1.322916666666666607e+01,-9.002868788588502813e-02
1.325000000000000000e+01,4.666553249529076797e-01
1.327083333333333215e+01,1.634435992531944881e-02
1.329166666666666607e+01,-2.695071454522445786e-01
1.331250000000000000e+01,2.806211049359859100e-01
1.333333333333333215e+01,7.735677551606089386e-01
1.335416666666666607e+01,1.561735935900339656e-01
1.337500000000000000e+01,-4.545901889160139375e-01
1.339583333333333215e+01,9.411665042727070107e-02
1.341666666666666607e+01,6.443673907062894557e-01
1.343750000000000000e+01,2.358584847649942973e-02
1.345833333333333215e+01,-6.039944107005291718e-01
1.347916666666666607e+01,-5.039196865682764315e-02
1.350000000000000000e+01,5.033092143700761412e-01
1.352083333333333215e+01,-1.175547635165314353e-01
1.354166666666666607e+01,-7.300024046952953150e-01
1.356250000000000000e+01,-1.746684626724624434e-01
1.358333333333333215e+01,3.830632318365816968e-01
1.360416666666666607e+01,-2.589677864431403354e-01
1.362500000000000000e+01,-3.244551381737433848e-01
1.364583333333333215e+01,2.310797325397259683e-01
1.366666666666666607e+01,3.770856047178593462e-01
1.368750000000000000e+01,-2.419134418268383824e-01
1.370833333333333215e+01,-3.882744817683941863e-01
1.372916666666666607e+01,1.591686221274646040e-01
1.375000000000000000e+01,6.756403060422275786e-01
1.377083333333333215e+01,6.247725169323738170e-02
1.379166666666666607e+01,-5.425121901465868035e-01
1.381250000000000000e+01,3.661147978813700243e-03
1.383333333333333215e+01,5.519004023917578605e-01
1.385416666666666607e+01,-7.625960440743628777e-02
1.387500000000000000e+01,-7.024117886474569028e-01
1.389583333333333215e+01,-1.559205022197356350e-01
1.391666666666666607e+01,3.897806748153930245e-01
1.393750000000000000e+01,-2.177279202573749184e-01
1.395833333333333215e+01,-3.950382831800414718e-01
1.397916666666666607e+01,1.408366128814647067e-01
1.400000000000000000e+01,6.770110863096449050e-01
1.402083333333333215e+01,7.614632951055118337e-02
1.404166666666666607e+01,-5.203912542884321368e-01
1.406250000000000000e+01,1.344984121168675550e-02
1.408333333333333215e+01,5.478973503465729422e-01
1.410416666666666607e+01,-5.426027780580432169e-02
1.412500000000000000e+01,-6.596774614494791411e-01
1.414583333333333215e+01,-1.209124457388872503e-01
1.416666666666666607e+01,4.202751080361709635e-01
1.418750000000000000e+01,-1.893429693366490141e-01
1.420833333333333215e+01,-1.651439501770639584e-01
1.422916666666666607e+01,3.758276472599952345e-01
1.425000000000000000e+01,2.619316709267781318e-02
1.427083333333333215e+01,-5.754629031225800828e-01
1.429166666666666607e+01,1.143617275994023297e-01
1.431250000000000000e+01,6.438415742428291733e-01
1.433333333333333215e+01,-9.389380239981723331e-02
1.435416666666666607e+01,-6.881096152433741064e-01
1.437500000000000000e+01,6.875576449555415026e-03
1.439583333333333215e+01,5.367180291518439672e-01
1.441666666666666607e+01,-1.253972126616051397e-01
1.443750000000000000e+01,-2.653956968602314559e-01
1.445833333333333215e+01,4.251472910095308033e-01
1.447916666666666607e+01,5.637284900688792622e-01
1.450000000000000000e+01,-2.077262264562232674e-01
1.452083333333333215e+01,-4.770027689118591097e-01
1.454166666666666607e+01,2.123448762635704035e-01
1.456250000000000000e+01,7.454658385004530041e-01
1.458333333333333215e+01,-2.496007278655970607e-02
1.460416666666666607e+01,-6.252367780193057722e-01
1.462500000000000000e+01,6.370077385543643222e-02
1.464583333333333215e+01,5.982882236351692029e-01
1.466666666666666607e+01,-1.703329396281269004e-01
1.468750000000000000e+01,-7.726887015513266288e-01
1.470833333333333215e+01,-8.573431970326556018e-02
1.472916666666666607e+01,4.520561652724099932e-01
1.475000000000000000e+01,-2.058066199331059498e-01
1.477083333333333215e+01,-3.510453444722402838e-01
1.479166666666666607e+01,3.321483667531666684e-01
1.481250000000000000e+01,5.617216384370767868e-01
1.483333333333333215e+01,-2.020170102273916857e-01
1.485416666666666607e+01,-7.432136477292973220e-01
1.487500000000000000e+01,-6.036518649790409419e-02
1.489583333333333215e+01,4.814232048887223669e-01
1.491666666666666607e+01,-1.454055096874085629e-01
1.493750000000000000e+01,-3.421137513533155650e-01
1.495833333333333215e+01,3.390975086987766396e-01
1.497916666666666607e+01,6.701292305596432408e-01
1.500000000000000000e+01,-9.106150738895243957e-02
1.502083333333333215e+01,-7.000385929244699046e-01
1.504166666666666607e+01,-1.724586182411805280e-02
1.506250000000000000e+01,5.246654684508734734e-01
1.508333333333333215e+01,-2.174767789039773747e-01
1.510416666666666607e+01,-3.507196686714639244e-01
1.512500000000000000e+01,3.286862338557081098e-01
1.514583333333333215e+01,6.681000954701198369e-01
1.516666666666666607e+01,-8.860865164449277520e-02
1.518750000000000000e+01,5.490750371198054314e-01
1.520833333333333215e+01,1.205887991403969295e+00
1.522916666666666607e+01,4.500696905169935258e-01
1.525000000000000000e+01,-2.984474090620076181e-01
1.527083333333333215e+01,3.885183443517535862e-01
1.529166666666666607e+01,8.344614373663649110e-01
1.531250000000000000e+01,1.665746395470460717e-01
1.533333333333333215e+01,-6.158982301287282413e-01
1.535416666666666607e+01,7.849728338494019186e-02
1.537500000000000000e+01,4.080998241690551587e-01
1.539583333333333215e+01,-3.635357953649495100e-01
1.541666666666666607e+01,-1.130026730196464380e+00
1.543750000000000000e+01,-4.474329338950239210e-01
1.545833333333333215e+01,2.340029763840962007e-01
1.547916666666666607e+01,-5.265821204243169573e-01
1.550000000000000000e+01,-6.447336263503443687e-01
1.552083333333333215e+01,3.117981290030702457e-02
1.554166666666666607e+01,1.028361410013508420e-01
1.556250000000000000e+01,-6.565875546052160061e-01
1.558333333333333215e+01,-8.767226445891773690e-02
1.560416666666666607e+01,3.828330034224889378e-01
1.562500000000000000e+01,-2.333664484769698844e-01
1.564583333333333215e+01,-9.894400715828144399e-01
1.566666666666666607e+01,-4.347248835153323943e-01
1.568750000000000000e+01,2.360914044743588625e-01
1.570833333333333215e+01,3.002807369617366828e-01
1.572916666666666607e+01,-4.528443524181709479e-01
1.575000000000000000e+01,1.040244676092633297e-01
1.577083333333333215e+01,6.578358283076329860e-01
1.579166666666666607e+01,3.541004621467794267e-02
1.581250000000000000e+01,-7.168277598723401534e-01
1.583333333333333215e+01,-1.592064741356803981e-01
1.585416666666666607e+01,5.090116848844093989e-01
1.587500000000000000e+01,-1.140232042799810414e-01
1.589583333333333215e+01,-2.644010843468745375e-01
1.591666666666666607e+01,2.932737343945284736e-01
1.593750000000000000e+01,4.511644209073020773e-01
1.595833333333333215e+01,-1.722101236671889080e-01
1.597916666666666607e+01,-2.260554945223609488e-02
1.600000000000000000e+01,5.365913689715511303e-01
1.602083333333333215e+01,-9.271871154706848306e-02
1.604166666666666430e+01,-5.430547753757698493e-01
1.606250000000000000e+01,2.162052873418224275e-02
1.608333333333333215e+01,5.883708088560444249e-01
1.610416666666666430e+01,-6.145751911722394101e-02
1.612500000000000000e+01,-6.132192610055602344e-01
1.614583333333333215e+01,-4.849057278303368912e-02
1.616666666666666430e+01,5.152928342189552202e-01
1.618750000000000000e+01,-1.117863287013279305e-01
1.620833333333333215e+01,-2.282998573622122274e-01
1.622916666666666430e+01,3.254529322577487949e-01
1.625000000000000000e+01,6.015137097447000869e-01
1.627083333333333215e+01,-1.890075230084953262e-02
1.629166666666666430e+01,-6.355542168504297873e-01
1.631250000000000000e+01,-8.264427819285645460e-02
1.633333333333333215e+01,4.712471831645776987e-01
1.635416666666666430e+01,-1.312853541020679859e-01
1.637500000000000000e+01,-2.439584049163263657e-01
1.639583333333333215e+01,3.036204065357067106e-01
1.641666666666666430e+01,4.329482327661210994e-01
1.643750000000000000e+01,-1.772335193148250609e-01
1.645833333333333215e+01,-4.074579800540991115e-01
1.647916666666666430e+01,1.315135408446080068e-01
1.650000000000000000e+01,6.704902443416264068e-01
1.652083333333333215e+01,6.629882971233731770e-02
1.654166666666666430e+01,-5.319059391581949514e-01
1.656250000000000000e+01,5.419712832808259995e-03
1.658333333333333215e+01,5.441719549551102819e-01
1.660416666666666430e+01,-6.757465252637395725e-02
1.662500000000000000e+01,-6.972994200041240376e-01
1.664583333333333215e+01,-1.609010543067240784e-01
1.666666666666666430e+01,4.387517444586028215e-01
1.668750000000000000e+01,-1.605903546162791573e-01
1.670833333333333215e+01,-7.086458913923925351e-01
1.672916666666666430e+01,-1.738661192925613497e-01
1.675000000000000000e+01,3.615440923229905068e-01
1.677083333333333215e+01,-4.205229464958484820e-02
1.679166666666666430e+01,-3.027069431522058096e-01
1.681250000000000000e+01,2.326312914436786672e-01
1.683333333333333215e+01,6.977022864536689406e-01
1.685416666666666430e+01,9.497033460996655296e-02
1.687500000000000000e+01,-5.210457524991973788e-01
1.689583333333333215e+01,1.367928510969529388e-02
1.691666666666666430e+01,5.479510961076797804e-01
1.693750000000000000e+01,-4.940388741903439795e-02
1.695833333333333215e+01,-6.383402128829549493e-01
1.697916666666666430e+01,-1.070223814291677289e-01
1.700000000000000000e+01,4.262692604491262194e-01
1.702083333333333215e+01,4.509494079400728772e-01
1.704166666666666430e+01,-1.371652714905757520e-01
1.706250000000000000e+01,-1.123059078485561108e-01
1.708333333333333215e+01,3.928337284626932102e-01
1.710416666666666430e+01,7.516246521584694917e-02
1.712500000000000000e+01,-4.945027162313203051e-01
1.714583333333333215e+01,2.543051662256777257e-01
1.716666666666666430e+01,7.539202134814969591e-01
1.718750000000000000e+01,8.596007803239699707e-02
1.720833333333333215e+01,-4.892696726732512214e-01
1.722916666666666430e+01,2.090547017067680147e-01
1.725000000000000000e+01,2.735550483620389772e-01
1.727083333333333215e+01,-4.009743871204218268e-01
1.729166666666666430e+01,-6.578006203966270116e-01
1.731250000000000000e+01,1.058182086388047005e-01
1.733333333333333215e+01,6.154225411090170628e-01
1.735416666666666430e+01,-6.520728439284531608e-02
1.737500000000000000e+01,-6.495877536889507198e-01
1.739583333333333215e+01,1.237713461414187976e-01
1.741666666666666430e+01,5.686053983535762635e-01
1.743750000000000000e+01,-1.263336344259229083e-01
1.745833333333333215e+01,-7.538364399680042016e-01
1.747916666666666430e+01,7.562582492061958872e-03
1.750000000000000000e+01,5.381150342912903728e-01
1.752083333333333215e+01,-1.587969030412323679e-01
1.754166666666666430e+01,-7.588496009288954181e-01
1.756250000000000000e+01,2.533644714142363474e-02
1.758333333333333215e+01,5.548699236645996402e-01
1.760416666666666430e+01,-1.441088516482900983e-01
1.762500000000000000e+01,-7.486599436282610487e-01
1.764583333333333215e+01,-8.665852743227850374e-02
1.766666666666666430e+01,4.478549120501390535e-01
1.768750000000000000e+01,-1.967679481999758673e-01
1.770833333333333215e+01,-7.275197290928377969e-01
1.772916666666666430e+01,-1.965878596373327181e-01
1.775000000000000000e+01,3.614026716406015249e-01
1.777083333333333215e+01,1.284562098507711636e-01
1.779166666666666430e+01,-3.669151951537097389e-01
1.781250000000000000e+01,1.573128575370863480e-01
1.783333333333333215e+01,6.817089428511937665e-01
1.785416666666666430e+01,9.247799816503683712e-02
1.787500000000000000e+01,-4.931053415894938730e-01
1.789583333333333215e+01,3.307841571523237323e-02
1.791666666666666430e+01,5.616270953513693431e-01
1.793750000000000000e+01,-5.151113130636525428e-02
1.795833333333333215e+01,-1.705581760724542983e-01
1.797916666666666430e+01,3.550882932309932793e-01
1.800000000000000000e+01,4.846059880445548473e-01
1.802083333333333215e+01,-9.865361247068647754e-02
1.804166666666666430e+01,-4.030237898744960523e-01
1.806250000000000000e+01,1.101817999122700203e-01
1.808333333333333215e+01,6.228328230296955592e-01
1.810416666666666430e+01,4.896232040445745726e-02
1.812500000000000000e+01,-5.177199388067873498e-01
1.814583333333333215e+01,-8.493412118101908992e-03
1.816666666666666430e+01,5.026610715067046931e-01
1.818750000000000000e+01,-7.370471000022869867e-02
1.820833333333333215e+01,-6.473279026380868162e-01
1.822916666666666430e+01,-1.288536208088943424e-01
1.825000000000000000e+01,3.917085990555883024e-01
1.827083333333333215e+01,1.659002762104824780e-02
1.829166666666666430e+01,-4.223145512887588326e-01
1.831250000000000000e+01,9.806260489700778515e-02
1.833333333333333215e+01,6.190170957364031779e-01
1.835416666666666430e+01,3.667975018881018678e-02
1.837500000000000000e+01,-5.415312342998507278e-01
1.839583333333333215e+01,-2.295813345700246921e-02
1.841666666666666430e+01,4.964620520200165865e-01
1.843750000000000000e+01,-9.991478334382790372e-02
1.845833333333333215e+01,-5.883735099441118610e-01
1.847916666666666430e+01,-7.325079213175671178e-02
1.850000000000000000e+01,5.091086155970163674e-01
1.852083333333333215e+01,-6.535322480381119958e-02
1.854166666666666430e+01,-5.256572688558194262e-01
1.856250000000000000e+01,-1.282727399162381099e-02
1.858333333333333215e+01,5.014016613947382961e-01
1.860416666666666430e+01,-8.547466744625153989e-02
1.862500000000000000e+01,-3.255093772243882189e-01
1.864583333333333215e+01,1.829138157150387300e-01
1.866666666666666430e+01,8.015300663324633756e-01
1.868750000000000000e+01,2.340323287013908460e-01
1.870833333333333215e+01,-4.088344608111842415e-01
1.872916666666666430e+01,8.884415629335119802e-02
1.875000000000000000e+01,5.323774110487291544e-01
1.877083333333333215e+01,-7.894773349197535539e-02
1.879166666666666430e+01,-7.761636935152635974e-01
1.881250000000000000e+01,-2.482424068124641503e-01
1.883333333333333215e+01,5.404809147801030722e-01
1.885416666666666430e+01,-1.754602301253929686e-02
1.887500000000000000e+01,-7.114641652988642484e-01
1.889583333333333215e+01,-2.134781764721915276e-01
1.891666666666666430e+01,5.804904753862457634e-01
1.893750000000000000e+01,5.424388879300356958e-03
1.895833333333333215e+01,-6.978847951810541739e-01
1.897916666666666430e+01,-1.913408238813719131e-01
1.900000000000000000e+01,5.972042356939689656e-01
1.902083333333333215e+01,-1.342990148761798175e-02
1.904166666666666430e+01,-7.656540416141447425e-01
1.906250000000000000e+01,-2.317406004880208648e-01
1.908333333333333215e+01,6.036307696520323285e-01
1.910416666666666430e+01,-3.248579527916298226e-02
1.912500000000000000e+01,-7.703970064643971272e-01
1.914583333333333215e+01,-2.370172911075390521e-01
1.916666666666666430e+01,5.967443867246076117e-01
1.918750000000000000e+01,-3.564367463658982271e-02
1.920833333333333215e+01,-5.560879241902716430e-01
1.922916666666666430e+01,-2.490215790687672071e-02
1.925000000000000000e+01,8.044075315578496088e-01
1.927083333333333215e+01,2.119839185193439779e-01
1.929166666666666430e+01,-5.185137592138131524e-01
1.931250000000000000e+01,9.464435869501006127e-03
1.933333333333333215e+01,7.306741545405295302e-01
1.935416666666666430e+01,1.436639285011450662e-01
1.937500000000000000e+01,-5.801685387479069700e-01
1.939583333333333215e+01,-6.627972306813451064e-02
1.941666666666666430e+01,7.453539202994541313e-01
1.943750000000000000e+01,1.752125417840867116e-01
1.945833333333333215e+01,-5.344213301693776508e-01
1.947916666666666430e+01,-3.217019735170788264e-02
1.950000000000000000e+01,7.699289199229999436e-01
1.952083333333333215e+01,2.032393797492420551e-01
1.954166666666666430e+01,-5.018087991621889010e-01
1.956250000000000000e+01,-2.685801162019552102e-03
1.958333333333333215e+01,7.907700679390704535e-01
1.960416666666666430e+01,1.740500217355462897e-01
1.962500000000000000e+01,-5.302087545840438176e-01
1.964583333333333215e+01,4.962814994387149126e-02
1.966666666666666430e+01,5.432892578456226529e-01
1.968750000000000000e+01,-1.915988392884551694e-02
1.970833333333333215e+01,-7.172792872803195330e-01
1.972916666666666430e+01,-2.248398358196013469e-01
1.975000000000000000e+01,5.734760520758116487e-01
1.977083333333333215e+01,-3.159177434206648927e-02
1.979166666666666430e+01,-7.359738600200860237e-01
1.981250000000000000e+01,-2.451681893779186772e-01
1.983333333333333215e+01,5.508465672234832411e-01
1.985416666666666430e+01,2.406241938424119597e-03
1.987500000000000000e+01,-6.944263088168796116e-01
1.989583333333333215e+01,-2.086278353147250075e-01
1.991666666666666430e+01,5.848613810393222812e-01
1.993750000000000000e+01,3.664504022359633961e-02
1.995833333333333215e+01,-6.628299184121047016e-01
1.997916666666666430e+01,-1.723069535724716939e-01
2.000000000000000000e+01,6.291236070585439766e-01
2.002083333333333215e+01,6.873503389071769498e-02
2.004166666666666430e+01,-6.431540331093690277e-01
2.006250000000000000e+01,-1.391045469160754888e-01
2.008333333333333215e+01,5.542099227297060393e-01
2.010416666666666430e+01,-1.350912530194449401e-02
2.012500000000000000e+01,-3.586378159387115239e-01
2.014583333333333215e+01,1.418520098247282868e-01
2.016666666666666430e+01,8.503175448204990383e-01
2.018750000000000000e+01,2.911917100173562201e-01
2.020833333333333215e+01,-4.271248963861033476e-01
2.022916666666666430e+01,6.887625863134039239e-02
2.025000000000000000e+01,7.038025669736482914e-01
2.027083333333333215e+01,9.661881543944993156e-02
2.029166666666666430e+01,-6.228938019627563438e-01
2.031250000000000000e+01,-1.321098563931444314e-01
2.033333333333333215e+01,6.790044688245667759e-01
2.035416666666666430e+01,1.322206577733305854e-01
2.037500000000000000e+01,-5.783092755282602804e-01
2.039583333333333215e+01,-9.504143220452107577e-02
2.041666666666666430e+01,4.006495890059378895e-01
2.043750000000000000e+01,-1.432372094548625130e-01
2.045833333333333215e+01,-8.557901386516776343e-01
2.047916666666666430e+01,-3.681005667157865591e-01
2.050000000000000000e+01,4.485383685903034379e-01
2.052083333333333215e+01,-1.761374843206842122e-01
2.054166666666666430e+01,-6.029070823747011421e-01
2.056250000000000000e+01,1.247266313489402145e-02
2.058333333333333215e+01,8.275344414782777047e-01
2.060416666666666430e+01,1.662587856062792968e-01
2.062500000000000000e+01,-5.533074175448061682e-01
2.064583333333333215e+01,2.582887938358272573e-01
2.066666666666666430e+01,4.333372293343017434e-01
2.068750000000000000e+01,-2.887023083724727934e-01
2.070833333333333215e+01,-5.374739164509951816e-01
2.072916666666666430e+01,2.717408961141045687e-01
2.075000000000000000e+01,3.187057244844466175e-01
2.077083333333333215e+01,-3.981448033428064970e-01
2.079166666666666430e+01,4.930815297889755422e-02
2.081250000000000000e+01,3.539862841710540442e-01
2.083333333333333215e+01,-9.149014412719679024e-02
2.085416666666666430e+01,-6.892380635741739425e-01
2.087500000000000000e+01,-1.567497057262590698e-01
2.089583333333333215e+01,5.572252265125410275e-01
2.091666666666666430e+01,4.835637995022486202e-02
2.093750000000000000e+01,-6.769490294074163028e-01
2.095833333333333215e+01,-1.458580036029838434e-01
2.097916666666666430e+01,6.749258694927502411e-01
2.100000000000000000e+01,2.003845860974169391e-01
2.102083333333333215e+01,-5.319677847816309813e-01
2.104166666666666430e+01,-2.230213435732723848e-02
2.106250000000000000e+01,3.529894722694322806e-01
2.108333333333333215e+01,-1.199867118803137067e-01
2.110416666666666430e+01,-6.542252888533754973e-01
2.112500000000000000e+01,-1.260368259675268554e-01
2.114583333333333215e+01,7.007118264502225635e-01
2.116666666666666430e+01,2.295714900127676927e-01
2.118750000000000000e+01,-5.065715094424458886e-01
2.120833333333333215e+01,2.027552641562388458e-02
2.122916666666666430e+01,8.465877528887195691e-01
2.125000000000000000e+01,3.754961860884721836e-01
2.127083333333333215e+01,-3.599087638934193034e-01
2.129166666666666430e+01,-2.579939929714097913e-01
2.131250000000000000e+01,5.692862788540207220e-01
2.133333333333333215e+01,1.134917394812945401e-03
2.135416666666666430e+01,-7.310119638079330961e-01
2.137500000000000000e+01,-1.761671179409725618e-01
2.139583333333333215e+01,6.398046711827001243e-01
2.141666666666666430e+01,1.582658895582538527e-01
2.143750000000000000e+01,-5.617014866845099208e-01
2.145833333333333215e+01,-1.915250248683988965e-02
2.147916666666666430e+01,4.877589514815108829e-01
2.150000000000000000e+01,-2.943857015019812895e-03
2.152083333333333215e+01,-6.825513118184234340e-01
2.154166666666666430e+01,-1.131541969133420117e-01
2.156250000000000000e+01,6.921124597447521065e-01
2.158333333333333215e+01,2.034950110377310717e-01
2.160416666666666430e+01,-5.167676680739312634e-01
2.162500000000000000e+01,2.223756153284306425e-02
2.164583333333333215e+01,5.989555820636506267e-01
2.166666666666666430e+01,1.217025207271247439e-01
2.168750000000000000e+01,-6.097373633020244377e-01
2.170833333333333215e+01,-8.289924346841592850e-02
2.172916666666666430e+01,7.457263608507463948e-01
2.175000000000000000e+01,1.911207653255326544e-01
2.177083333333333215e+01,-5.463855632458061162e-01
2.179166666666666430e+01,-1.349907242050540634e-01
2.181250000000000000e+01,3.039149538575796616e-01
2.183333333333333215e+01,-1.664166509368698865e-01
2.185416666666666430e+01,-8.273796137110777105e-01
2.187500000000000000e+01,-2.742096366761362369e-01
2.189583333333333215e+01,5.470039441217701137e-01
2.191666666666666430e+01,7.438954363994224050e-02
2.193750000000000000e+01,-6.560747129134454347e-01
2.195833333333333215e+01,-1.292953443472315000e-01
2.197916666666666430e+01,6.935423089103925909e-01
2.200000000000000000e+01,2.230759601782622559e-01
2.202083333333333215e+01,-5.087252435329900901e-01
2.204166666666666430e+01,1.588427155247421063e-02
2.206250000000000000e+01,8.292974141852327286e-01
2.208333333333333215e+01,3.595880710672341718e-01
2.210416666666666430e+01,-3.720731665781797926e-01
2.212500000000000000e+01,-2.690333952661056460e-01
2.214583333333333215e+01,5.557863119405105357e-01
2.216666666666666430e+01,8.866240587160639786e-02
2.218750000000000000e+01,-6.462991165464453402e-01
2.220833333333333215e+01,-1.270109858599059449e-01
2.222916666666666430e+01,7.022449801047054851e-01
2.225000000000000000e+01,2.399218070556786986e-01
2.227083333333333215e+01,-4.988895239381225810e-01
2.229166666666666430e+01,-1.227354454807312450e-01
2.231250000000000000e+01,3.458382202660243432e-01
2.233333333333333215e+01,-1.109347198689282221e-01
2.235416666666666430e+01,-8.204576736075488430e-01
2.237500000000000000e+01,-3.132783116849133798e-01
2.239583333333333215e+01,5.277726323327878166e-01
2.241666666666666430e+01,7.890338954867796850e-02
2.243750000000000000e+01,-6.718117103238111509e-01
2.245833333333333215e+01,-1.727672605703663433e-01
2.247916666666666430e+01,6.736639843200109556e-01
2.250000000000000000e+01,1.129112257813365661e+00
2.252083333333333215e+01,3.954905787522057237e-01
2.254166666666666430e+01,-3.642050576620319835e-01
2.256250000000000000e+01,4.273490506973121050e-01
2.258333333333333215e+01,4.155240918300138753e-01
2.260416666666666430e+01,-2.183053694187835347e-01
2.262500000000000000e+01,-3.082565453558276936e-01
2.264583333333333215e+01,4.300401310236147689e-01
2.266666666666666430e+01,-8.267417931058296254e-02
2.268750000000000000e+01,-7.731760600954125096e-01
2.270833333333333215e+01,-5.704611022219499561e-02
2.272916666666666430e+01,6.845597187326308841e-01
2.275000000000000000e+01,5.149270844944442427e-02
2.277083333333333215e+01,-6.288381805855974838e-01
2.279166666666666430e+01,-2.195546173880142948e-01
2.281250000000000000e+01,4.693148623779590523e-01
2.283333333333333215e+01,-1.835942864764881499e-01
2.285416666666666430e+01,-8.021957155037457987e-01
2.287500000000000000e+01,-4.206670600186490638e-02
2.289583333333333215e+01,6.956666374872052527e-01
2.291666666666666430e+01,1.175428226721952907e-03
2.293750000000000000e+01,-6.976172355678122994e-01
2.295833333333333215e+01,-7.591963071688079268e-03
2.297916666666666430e+01,4.635544283900940865e-01
2.300000000000000000e+01,-2.602992149932705779e-01
2.302083333333333215e+01,-9.865734539312365214e-01
2.304166666666666430e+01,-1.604914131283197709e-01
2.306250000000000000e+01,5.997567106480351518e-01
2.308333333333333215e+01,-1.436613706152416181e-01
2.310416666666666430e+01,-8.868066090289515868e-01
2.312500000000000000e+01,-4.624469378084222759e-02
2.314583333333333215e+01,5.782358653766783707e-01
2.316666666666666430e+01,-1.675613748955969429e-01
2.318750000000000000e+01,-4.669198511479369929e-01
2.320833333333333215e+01,2.898370017747817218e-01
2.322916666666666430e+01,7.964782760814721474e-01
2.325000000000000000e+01,5.578659105734432022e-02
2.327083333333333215e+01,-5.093251529358145957e-01
2.329166666666666430e+01,3.163459974370133043e-01
2.331250000000000000e+01,8.087663545891535799e-01
2.333333333333333215e+01,7.735727473505549234e-02
2.335416666666666430e+01,-4.783645838072888568e-01
2.337500000000000000e+01,2.924469803695532999e-01
2.339583333333333215e+01,6.947822152664863138e-01
2.341666666666666430e+01,-3.112698448384568217e-02
2.343750000000000000e+01,-5.806071509280443799e-01
2.345833333333333215e+01,2.145461205601600918e-01
2.347916666666666430e+01,5.700469014217127706e-01
2.350000000000000000e+01,-1.526781319111636392e-01
2.352083333333333215e+01,-6.997678717169044660e-01
2.354166666666666430e+01,-1.621843730290256635e-02
2.356250000000000000e+01,4.641249384792454080e-01
2.358333333333333215e+01,-1.972521729269449686e-01
2.360416666666666430e+01,-7.346065477157112111e-01
2.362500000000000000e+01,-1.979678590318106890e-02
2.364583333333333215e+01,4.537152918292835513e-01
2.366666666666666430e+01,-2.581718523239354690e-01
2.368750000000000000e+01,-7.916746726770489406e-01
2.370833333333333215e+01,9.123760214889475861e-03
2.372916666666666430e+01,4.757215529379837382e-01
2.375000000000000000e+01,-2.344279712076920152e-01
2.377083333333333215e+01,-7.421312711708194509e-01
2.379166666666666430e+01,1.021840114789395737e-01
2.381250000000000000e+01,9.337321334927562999e-01
2.383333333333333215e+01,2.505446381617525975e-01
2.385416666666666430e+01,-3.343270380968928479e-01
2.387500000000000000e+01,2.163486148264537057e-01
2.389583333333333215e+01,1.060222443363147971e+00
2.391666666666666430e+01,4.401771073876338258e-01
2.393750000000000000e+01,-3.222046368098562263e-01
2.395833333333333215e+01,2.138411288852982151e-01
2.397916666666666430e+01,4.237867077667188953e-01
2.400000000000000000e+01,-1.708853822088664542e-01
2.402083333333333215e+01,-7.617447924097552336e-01
2.404166666666666430e+01,-2.378664608865866115e-01
2.406250000000000000e+01,6.154103366103250705e-01
2.408333333333333215e+01,3.511325001349113739e-02
2.410416666666666430e+01,-7.159247494695086811e-01
2.412500000000000000e+01,-1.994936097462844393e-01
2.414583333333333215e+01,5.160497887544575057e-01
2.416666666666666430e+01,-5.365958724132099955e-02
2.418750000000000000e+01,-7.957004376953117353e-01
2.420833333333333215e+01,-2.995455579737831275e-01
2.422916666666666430e+01,5.288237892530891493e-01
2.425000000000000000e+01,-1.706194209900287195e-02
2.427083333333333215e+01,-7.374448042640509016e-01
2.429166666666666430e+01,-2.595375788263272754e-01
2.431250000000000000e+01,5.521913456521785335e-01
2.433333333333333215e+01,2.042078467709436407e-02
2.435416666666666430e+01,-4.444559475829378270e-01
2.437500000000000000e+01,2.322621532119703569e-02
2.439583333333333215e+01,8.269066025416543786e-01
2.441666666666666430e+01,3.020504624842885733e-01
2.443750000000000000e+01,-4.032512119900167891e-01
2.445833333333333215e+01,6.134589636044919525e-02
2.447916666666666430e+01,6.330781936404973331e-01
2.450000000000000000e+01,1.066377797723433440e-01
2.452083333333333215e+01,-6.042836041635595290e-01
2.454166666666666430e+01,-1.316320212295888359e-01
2.456250000000000000e+01,6.566662832591191323e-01
2.458333333333333215e+01,5.457177805264780412e-02
2.460416666666666430e+01,-6.683703435278356420e-01
2.462500000000000000e+01,-1.455556420998494471e-01
2.464583333333333215e+01,6.717195787568069898e-01
2.466666666666666430e+01,1.408747942636363326e-01
2.468750000000000000e+01,-5.804686236578671110e-01
2.470833333333333215e+01,-1.053183527784469081e-01
2.472916666666666430e+01,7.069122986687116361e-01
2.475000000000000000e+01,8.626362974945712969e-02
2.477083333333333215e+01,-6.430050549645887070e-01
2.479166666666666430e+01,-4.800809614124258717e-02
2.481250000000000000e+01,3.533571654959408170e-01
2.483333333333333215e+01,-2.615083524784910796e-01
2.485416666666666430e+01,-8.035297875227092046e-01
2.487500000000000000e+01,-2.177093430543353691e-01
2.489583333333333215e+01,6.059841131621588328e-01
2.491666666666666430e+01,-6.166318439513804317e-03
2.493750000000000000e+01,-7.345000777983401452e-01
2.495833333333333215e+01,-1.764895428634039309e-01
2.497916666666666430e+01,6.470631508278241739e-01
2.500000000000000000e+01,8.264425191569214901e-02
2.502083333333333215e+01,-6.459852856885563988e-01
2.504166666666666430e+01,-1.718258340131388062e-01
2.506250000000000000e+01,6.573793711803584960e-01
2.508333333333333215e+01,9.837183452716662113e-02
2.510416666666666430e+01,-6.344255332624649801e-01
2.512500000000000000e+01,-1.560600384438680654e-01
2.514583333333333215e+01,6.774951682818047827e-01
2.516666666666666430e+01,6.917076669761249019e-02
2.518750000000000000e+01,-5.584527544075607031e-01
2.520833333333333215e+01,-5.216430892945725373e-02
2.522916666666666430e+01,7.742172892740328827e-01
2.525000000000000000e+01,2.454431197235757423e-01
2.527083333333333215e+01,-4.796031861774812111e-01
2.529166666666666430e+01,-1.066494134441088593e-02
2.531250000000000000e+01,8.126620778050858140e-01
2.533333333333333215e+01,2.705437137215157550e-01
2.535416666666666430e+01,-4.559604308073004209e-01
2.537500000000000000e+01,1.593992321055817674e-02
2.539583333333333215e+01,8.203125334727280338e-01
2.541666666666666430e+01,2.157515004685877646e-01
2.543750000000000000e+01,-5.121604939371130483e-01
2.545833333333333215e+01,-1.086049972943976538e-01
2.547916666666666430e+01,3.730505486348297817e-01
2.550000000000000000e+01,-1.490684637564332893e-01
2.552083333333333215e+01,-7.759608846162764362e-01
2.554166666666666430e+01,-3.083267894692348632e-01
2.556250000000000000e+01,5.155938026819503195e-01
2.558333333333333215e+01,-8.196590960631171263e-02
2.560416666666666430e+01,-8.090594897580375422e-01
2.562500000000000000e+01,-5.837215684294938534e-02
2.564583333333333215e+01,7.137520900866173301e-01
2.566666666666666430e+01,-3.118730044451659134e-02
2.568750000000000000e+01,-7.737731525057514048e-01
2.570833333333333215e+01,5.938987678394147540e-02
2.572916666666666430e+01,8.837223495251682603e-01
2.575000000000000000e+01,1.412187262197895365e-01
2.577083333333333215e+01,-6.018224085168177862e-01
2.579166666666666430e+01,1.830953133639022234e-01
2.581250000000000000e+01,5.881616563361151684e-01
2.583333333333333215e+01,-1.521263366088538571e-01
2.585416666666666430e+01,-8.576709657382293184e-01
2.587500000000000000e+01,-3.065941238241176592e-02
2.589583333333333215e+01,7.870888209960866799e-01
2.591666666666666430e+01,5.111132327082903992e-02
2.593750000000000000e+01,-6.855576108131552493e-01
2.595833333333333215e+01,7.269100217138219078e-02
2.597916666666666430e+01,8.449703124684075917e-01
2.600000000000000000e+01,1.126779400110076712e-01
2.602083333333333215e+01,-6.175589953681210886e-01
2.604166666666666430e+01,1.592567052612087197e-02
2.606250000000000000e+01,4.678054838495547818e-01
2.608333333333333215e+01,-2.520921989947820796e-01
2.610416666666666430e+01,-9.022696654428443708e-01
2.612500000000000000e+01,-9.254058910084067557e-02
2.614583333333333215e+01,7.136284468308851103e-01
2.616666666666666430e+01,-5.404539633646537888e-03
2.618750000000000000e+01,-7.244451283162349764e-01
2.620833333333333215e+01,8.627857693979459897e-02
2.622916666666666430e+01,8.318566627645005429e-01
2.625000000000000000e+01,1.106428692758789356e-01
2.627083333333333215e+01,-6.107908085146943611e-01
2.629166666666666430e+01,2.000121670785066363e-01
2.631250000000000000e+01,5.907143863861931132e-01
2.633333333333333215e+01,-1.321821053798440115e-01
2.635416666666666430e+01,-8.560189249001345368e-01
2.637500000000000000e+01,-9.990576269968837186e-02
2.639583333333333215e+01,6.532204209550492857e-01
2.641666666666666430e+01,-7.005638838568328808e-02
2.643750000000000000e+01,-7.919068972862142175e-01
2.645833333333333215e+01,1.579663515827522957e-02
2.647916666666666430e+01,8.164265724765742416e-01
2.650000000000000000e+01,1.026389873689727839e-01
2.652083333333333215e+01,-6.106292711954734997e-01
2.654166666666666430e+01,1.905261441288170488e-01
2.656250000000000000e+01,8.269994206656028357e-01
2.658333333333333215e+01,1.145101292808262949e-01
2.660416666666666430e+01,-5.984889142253134731e-01
2.662500000000000000e+01,2.058007865914661949e-01
2.664583333333333215e+01,4.116537560985727984e-01
2.666666666666666430e+01,-3.008944097093509962e-01
2.668750000000000000e+01,-7.521584091844680797e-01
2.670833333333333215e+01,4.940596114702638930e-02
2.672916666666666430e+01,7.270910651825065463e-01
2.675000000000000000e+01,1.613421038692625098e-02
2.677083333333333215e+01,-6.678555474125712488e-01
2.679166666666666430e+01,1.284503168138107221e-01
2.681250000000000000e+01,7.130779786650500718e-01
2.683333333333333215e+01,2.872628693703721536e-03
2.685416666666666430e+01,-7.088731268542221020e-01
2.687500000000000000e+01,6.274800937898611375e-02
2.689583333333333215e+01,7.500373421427292131e-01
2.691666666666666430e+01,3.756342020176003937e-02
2.693750000000000000e+01,-6.475790585780516473e-01
2.695833333333333215e+01,4.661973131951149818e-02
2.697916666666666430e+01,4.114134700324009741e-01
2.700000000000000000e+01,-2.989791199991521653e-01
2.702083333333333215e+01,-7.733133568743676411e-01
2.704166666666666430e+01,2.263017905458844514e-02
2.706250000000000000e+01,6.914173922057884614e-01
2.708333333333333215e+01,-1.910874571127213484e-02
2.710416666666666430e+01,-6.695630008363555596e-01
2.712500000000000000e+01,1.277804870028343698e-01
2.714583333333333215e+01,6.312617956295505373e-01
2.716666666666666430e+01,-6.953896277531998460e-02
2.718750000000000000e+01,-6.370185977103344221e-01
2.720833333333333215e+01,1.507598994836502893e-01
2.722916666666666430e+01,6.509351157319694936e-01
2.725000000000000000e+01,-4.960315381141366942e-02
2.727083333333333215e+01,-6.220305147428375481e-01
2.729166666666666430e+01,1.338828079250912462e-01
2.731250000000000000e+01,6.417985266677771472e-01
2.733333333333333215e+01,-6.352868106561596062e-02
2.735416666666666430e+01,-6.444751270572697255e-01
2.737500000000000000e+01,5.818730199953303650e-02
2.739583333333333215e+01,5.725905569569387232e-01
2.741666666666666430e+01,-1.293089052446082521e-01
2.743750000000000000e+01,-7.081961740991351562e-01
2.745833333333333215e+01,7.768315065104397510e-02
2.747916666666666430e+01,5.848954408790223436e-01
2.750000000000000000e+01,-1.635269837497271006e-01
2.752083333333333215e+01,-7.638973173056424759e-01
2.754166666666666430e+01,-7.617242508717039784e-02
2.756250000000000000e+01,4.365127485415983277e-01
2.758333333333333215e+01,-2.120176470036533589e-01
2.760416666666666430e+01,-7.779752972330580274e-01
2.762500000000000000e+01,-9.956811929391912175e-02
2.764583333333333215e+01,3.964345952398969364e-01
2.766666666666666430e+01,7.928267269799892103e-02
2.768750000000000000e+01,-4.779162554820738928e-01
2.770833333333333215e+01,2.976621929480034456e-01
2.772916666666666430e+01,7.848808439799601633e-01
2.775000000000000000e+01,9.349210394493645548e-02
2.777083333333333215e+01,-4.646136794588480723e-01
2.779166666666666430e+01,3.207433631497542126e-01
2.781250000000000000e+01,8.144460153860075824e-01
2.783333333333333215e+01,1.087079134528805002e-01
2.785416666666666430e+01,-5.081415006442372428e-01
2.787500000000000000e+01,2.897612262440841802e-01
2.789583333333333215e+01,7.854649736016070527e-01
2.791666666666666430e+01,7.737860325766679481e-02
2.793750000000000000e+01,-4.901925815798962027e-01
2.795833333333333215e+01,2.924473369549234758e-01
2.797916666666666430e+01,2.551742955150620995e-01
2.800000000000000000e+01,-4.581077747818420587e-01
2.802083333333333215e+01,-3.869225877963156646e-01
2.804166666666666430e+01,3.187559158210195864e-01
2.806250000000000000e+01,-2.060010966397570753e-01
2.808333333333333215e+01,-7.291540137926009191e-01
2.810416666666666430e+01,-2.123895479382142959e-02
2.812500000000000000e+01,7.095002817956286290e-01
2.814583333333333215e+01,-9.001997860415666963e-02
2.816666666666666430e+01,-7.942015074192320112e-01
2.818750000000000000e+01,-8.442170850467151100e-02
2.820833333333333215e+01,7.024561135732425576e-01
2.822916666666666430e+01,-9.621656537131900722e-02
2.825000000000000000e+01,-7.596130649523047396e-01
2.827083333333333215e+01,-4.381537652226527579e-02
2.829166666666666430e+01,7.432338342038580237e-01
2.831250000000000000e+01,-6.194096057856593451e-02
2.833333333333333215e+01,-7.653619796602114667e-01
2.835416666666666430e+01,-5.985010488051320521e-02
2.837500000000000000e+01,7.367131512764490964e-01
2.839583333333333215e+01,-5.639433189031359261e-02
2.841666666666666430e+01,-4.336178809919749577e-01
2.843750000000000000e+01,2.596720656322091814e-01
2.845833333333333215e+01,9.743688482426393627e-01
2.847916666666666430e+01,1.913756408585819135e-01
2.850000000000000000e+01,-5.067368663973874643e-01
2.852083333333333215e+01,1.930060055437567146e-01
2.854166666666666430e+01,5.409291795441545370e-01
2.856250000000000000e+01,-2.566763970175616749e-01
2.858333333333333215e+01,-7.221549687211226143e-01
2.860416666666666430e+01,-1.500388952024719891e-02
2.862500000000000000e+01,7.667428624382484070e-01
2.864583333333333215e+01,-2.418702428057484255e-02
2.866666666666666430e+01,-7.211681531470719442e-01
2.868750000000000000e+01,-2.221674887571933876e-02
2.870833333333333215e+01,7.658174559388245539e-01
2.872916666666666430e+01,-2.229330877336130334e-02
2.875000000000000000e+01,-7.252982262391373114e-01
2.877083333333333215e+01,-3.505177224602940012e-02
2.879166666666666430e+01,6.853723273961001006e-01
2.881250000000000000e+01,-9.133383594612851097e-02
2.883333333333333215e+01,-7.894480810379728153e-01
2.885416666666666430e+01,-9.524604278675746771e-02
2.887500000000000000e+01,6.836466400481227002e-01
2.889583333333333215e+01,-1.086052178549271607e-01
2.891666666666666430e+01,-7.592424339115644294e-01
2.893750000000000000e+01,-5.763340726189009056e-02
2.895833333333333215e+01,6.710970135434883854e-01
2.897916666666666430e+01,-1.102310332883328636e-01
2.900000000000000000e+01,-6.835137494090960386e-01
2.902083333333333215e+01,1.058954226393457598e-02
2.904166666666666430e+01,7.876717367357246591e-01
2.906250000000000000e+01,9.554001125322009180e-04
2.908333333333333215e+01,-6.885857613767931706e-01
2.910416666666666430e+01,4.641316111758941876e-03
2.912500000000000000e+01,7.798084103572858750e-01
2.914583333333333215e+01,-6.319071426623412702e-04
2.916666666666666430e+01,-6.888202428972121094e-01
2.918750000000000000e+01,2.461174164412882615e-03
2.920833333333333215e+01,7.769106331404433963e-01
2.922916666666666430e+01,-5.717420462217265298e-03
2.925000000000000000e+01,-6.930969561189399553e-01
2.927083333333333215e+01,-4.595290759095732591e-03
2.929166666666666430e+01,7.680442696554190540e-01
2.931250000000000000e+01,-3.260533989698471968e-03
2.933333333333333215e+01,-6.434271625315367560e-01
2.935416666666666430e+01,4.223334342878626302e-02
2.937500000000000000e+01,8.163060730956681610e-01
2.939583333333333215e+01,3.902924157434944918e-02
2.941666666666666430e+01,-6.494617576182570851e-01
2.943750000000000000e+01,3.439847769557452528e-02
2.945833333333333215e+01,7.643210760411409677e-01
2.947916666666666430e+01,2.019769604431207455e-01
2.950000000000000000e+01,-4.859481579155177089e-01
2.952083333333333215e+01,8.232859637546632858e-02
2.954166666666666430e+01,8.774928285345025003e-01
2.956250000000000000e+01,2.829503426130938193e-01
2.958333333333333215e+01,-4.329332881260335997e-01
2.960416666666666430e+01,-1.162272947148818431e-01
2.962500000000000000e+01,5.151039640743289016e-01
2.964583333333333215e+01,8.721567840069610611e-03
2.966666666666666430e+01,-7.025233177621333924e-01
2.968750000000000000e+01,-1.311241864962938153e-01
2.970833333333333215e+01,6.644487117123840658e-01
2.972916666666666430e+01,1.519378154834653272e-01
2.975000000000000000e+01,-5.540893997177600561e-01
2.977083333333333215e+01,-4.030460168584155123e-01
2.979166666666666430e+01,3.884826289703858238e-01
2.981250000000000000e+01,-1.281308625185212380e-01
2.983333333333333215e+01,-8.311672296949921268e-01
2.985416666666666430e+01,-2.509555895672304082e-01
2.987500000000000000e+01,5.382333346624241788e-01
2.989583333333333215e+01,-3.269247514067041838e-03
2.991666666666666430e+01,-7.024343552009501002e-01
2.993750000000000000e+01,-1.174403344690104073e-01
2.995833333333333215e+01,6.633757210716083597e-01
2.997916666666666430e+01,1.355467532743586112e-01
3.000000000000000000e+01,-5.537897862599161503e-01
3.002083333333333215e+01,4.104061555446233966e-02
3.004166666666666430e+01,3.080485511276868094e-01
3.006250000000000000e+01,-2.288886345123314903e-01
3.008333333333333215e+01,-5.659564130721308484e-01
3.010416666666666430e+01,5.379458214473605004e-02
3.012500000000000000e+01,6.443578684802169221e-01
3.014583333333333215e+01,1.017732303792062976e-01
3.016666666666666430e+01,-5.760666304819489492e-01
3.018750000000000000e+01,2.716544513817457929e-02
3.020833333333333215e+01,7.072804157453598251e-01
3.022916666666666430e+01,1.662248882819066798e-01
3.025000000000000000e+01,-5.125163869301041508e-01
3.027083333333333215e+01,9.762324599886837428e-02
3.029166666666666430e+01,2.622106863557354672e-01
3.031250000000000000e+01,-2.743921388053190413e-01
3.033333333333333215e+01,-2.533539714575448465e-01
3.035416666666666430e+01,3.448003751761251623e-01
3.037500000000000000e+01,-1.846808853035595277e-01
3.039583333333333215e+01,-6.807690619794422027e-01
3.041666666666666430e+01,-8.837244501932860208e-02
3.043750000000000000e+01,5.395638027347742227e-01
3.045833333333333215e+01,1.954524704350041331e-02
3.047916666666666430e+01,-5.517126031387039609e-01
3.050000000000000000e+01,2.465873268207184610e-02
3.052083333333333215e+01,5.954222977048208021e-01
3.054166666666666430e+01,8.472052245721792274e-02
3.056250000000000000e+01,-4.267450005614502606e-01
3.058333333333333215e+01,1.483626234299048607e-01
3.060416666666666430e+01,7.519350195785617919e-01
3.062500000000000000e+01,2.417134608458875178e-01
3.064583333333333215e+01,-2.686603380792939588e-01
3.066666666666666430e+01,2.681207191923294930e-01
3.068750000000000000e+01,1.939906161285934738e-01
3.070833333333333215e+01,-3.076666157264756896e-01
3.072916666666666430e+01,-3.735873310061561120e-02
3.075000000000000000e+01,5.248461536005631922e-01
3.077083333333333215e+01,-1.958439731462655597e-01
3.079166666666666430e+01,-6.921646260049728605e-01
3.081250000000000000e+01,1.043623127553507668e-01
3.083333333333333215e+01,6.632534340571792919e-01
3.085416666666666430e+01,-5.766386632066333728e-02
3.087500000000000000e+01,-5.541517191707547862e-01
3.089583333333333215e+01,1.997808403966447599e-01
3.091666666666666430e+01,4.510448703403232007e-01
3.093750000000000000e+01,-2.634623527266051202e-01
3.095833333333333215e+01,-7.706492403050301254e-01
3.097916666666666430e+01,2.098632498338512398e-02
3.100000000000000000e+01,5.990132603995654836e-01
3.102083333333333215e+01,-1.024173345270704694e-01
3.104166666666666430e+01,-6.238977396343887705e-01
3.106250000000000000e+01,1.524645199078311086e-01
3.108333333333333215e+01,6.623091294727688760e-01
3.110416666666666430e+01,1.552990779069846061e-02
3.112500000000000000e+01,-5.117518028947621866e-01
3.114583333333333215e+01,1.724179227584397567e-01
3.116666666666666430e+01,3.673871862676572064e-01
3.118750000000000000e+01,-3.043110615586486212e-01
3.120833333333333215e+01,-8.272124629859656242e-01
3.122916666666666430e+01,-4.868251911661120035e-02
3.125000000000000000e+01,5.338145597845042056e-01
3.127083333333333215e+01,-1.666278833960322392e-01
3.129166666666666430e+01,-6.806764063185616331e-01
3.131250000000000000e+01,1.065256215410147478e-01
3.133333333333333215e+01,6.724353988695516149e-01
3.135416666666666430e+01,-2.889827503281228172e-02
3.137500000000000000e+01,-5.331112752449543857e-01
3.139583333333333215e+01,2.580398953774176718e-01
3.141666666666666430e+01,8.247176714906406803e-01
3.143750000000000000e+01,1.112703623616405346e-01
3.145833333333333215e+01,-3.907581394678176223e-01
3.147916666666666430e+01,2.643875325434614787e-01
3.150000000000000000e+01,2.756301921510410091e-01
3.152083333333333215e+01,-4.351802568851698694e-01
3.154166666666666430e+01,-2.619112023239372755e-01
3.156250000000000000e+01,5.248324332591020047e-01
3.158333333333333215e+01,-1.736210623675855380e-01
3.160416666666666430e+01,-8.404642024131964151e-01
3.162500000000000000e+01,-5.812068771621461960e-02
3.164583333333333215e+01,7.146527119404487705e-01
3.166666666666666430e+01,2.057602882402126410e-02
3.168750000000000000e+01,-6.743053953574453807e-01
3.170833333333333215e+01,1.081194258085937943e-01
3.172916666666666430e+01,8.863056393502282138e-01
3.175000000000000000e+01,1.868360486609794979e-01
3.177083333333333215e+01,-5.135101125751757589e-01
3.179166666666666430e+01,1.701312807297220842e-01
3.181250000000000000e+01,5.022785187551701558e-01
3.183333333333333215e+01,-1.930203361716014976e-01
3.185416666666666430e+01,-8.873643288202728296e-01
3.187500000000000000e+01,-1.102128042456018975e-01
3.189583333333333215e+01,6.623350815126360924e-01
3.191666666666666430e+01,-2.443583480596842050e-02
3.193750000000000000e+01,-7.105798253675441600e-01
3.195833333333333215e+01,6.042017755468762075e-02
3.197916666666666430e+01,8.225657626165665537e-01
3.200000000000000000e+01,1.365598239412099124e-01
3.202083333333332860e+01,-5.507338994109362007e-01
3.204166666666666430e+01,2.245371139306180375e-01
3.206250000000000000e+01,5.204547016895834100e-01
3.208333333333332860e+01,-1.679845777702863585e-01
3.210416666666666430e+01,-8.516112666333630621e-01
3.212500000000000000e+01,-8.101840413151034648e-02
3.214583333333332860e+01,6.840267205977994536e-01
3.216666666666666430e+01,9.102118092223498991e-04
3.218750000000000000e+01,-6.822336273070344070e-01
3.220833333333332860e+01,8.689525324724126087e-02
3.222916666666666430e+01,8.484664237048090696e-01
3.225000000000000000e+01,1.614216757971501104e-01
3.227083333333332860e+01,-5.271484302152976698e-01
3.229166666666666430e+01,1.871520123127241308e-01
3.231250000000000000e+01,3.353373285032351658e-01
3.233333333333332860e+01,-3.527938389153693066e-01
3.235416666666666430e+01,-4.347637320088294510e-01
3.237500000000000000e+01,3.344450524231196709e-01
3.239583333333332860e+01,-1.148123765460337259e-01
3.241666666666666430e+01,-5.751634548478186115e-01
3.243750000000000000e+01,3.287638309189412633e-02
3.245833333333332860e+01,7.938883032326586875e-01
3.247916666666666430e+01,2.452346192576905226e-01
3.250000000000000000e+01,-4.269524466787194550e-01
3.252083333333332860e+01,-1.724760319743426640e-01
3.254166666666666430e+01,5.067973504233115323e-01
3.256250000000000000e+01,-4.822955635146404518e-02
3.258333333333332860e+01,-7.147707137957026724e-01
3.260416666666666430e+01,-7.645188078866760328e-02
3.262500000000000000e+01,6.779463951780149156e-01
3.264583333333332860e+01,1.253094520702097148e-01
3.266666666666666430e+01,-5.524081125878816945e-01
3.268750000000000000e+01,5.627100025596888655e-02
3.270833333333332860e+01,5.383721768037011968e-01
3.272916666666666430e+01,-8.675851369991455231e-02
3.275000000000000000e+01,-7.717997283769709727e-01
3.277083333333332860e+01,-1.431152987813542610e-01
3.279166666666666430e+01,6.272112886750189631e-01
3.281250000000000000e+01,-1.119629347780584649e-02
3.283333333333332860e+01,-6.944002107976708915e-01
3.285416666666666430e+01,-5.174028631884303175e-02
3.287500000000000000e+01,7.173179290660240959e-01
3.289583333333332860e+01,-4.045499619743939124e-02
3.291666666666666430e+01,-7.066197343364089001e-01
3.293750000000000000e+01,-3.467210150837465865e-02
3.295833333333332860e+01,7.259849373706086517e-01
3.297916666666666430e+01,-2.854961581164619511e-02
3.300000000000000000e+01,-7.054341628052502866e-01
3.302083333333332860e+01,-3.804756339725165470e-02
3.304166666666666430e+01,7.248950592431921969e-01
3.306250000000000000e+01,-3.049144169933523663e-02
3.308333333333332860e+01,-7.096502044206803861e-01
3.310416666666666430e+01,-4.701345888186744815e-02
3.312500000000000000e+01,7.087425898558215032e-01
3.314583333333332860e+01,-3.793556661636601768e-02
3.316666666666666430e+01,-6.552344943139505329e-01
3.318750000000000000e+01,3.620820854603579164e-03
3.320833333333332860e+01,7.487522709045633107e-01
3.322916666666666430e+01,5.340172389057540325e-04
3.325000000000000000e+01,-6.504872044369791606e-01
3.327083333333332860e+01,1.011039414581668683e-02
3.329166666666666430e+01,7.626746548002081294e-01
3.331250000000000000e+01,1.829578314843710585e-02
3.333333333333332860e+01,-6.480438127068206544e-01
3.335416666666666430e+01,1.654228154836548392e-02
3.337500000000000000e+01,7.640447268510588419e-01
3.339583333333332860e+01,6.896873407041453907e-03
3.341666666666666430e+01,-6.300666736697482229e-01
3.343750000000000000e+01,3.953506409774040775e-02
3.345833333333332860e+01,7.803703339144365536e-01
3.347916666666666430e+01,2.250706274920807881e-02
3.350000000000000000e+01,-6.319988821036279791e-01
3.352083333333332860e+01,4.094273395466507814e-02
3.354166666666666430e+01,7.750345613081478513e-01
3.356250000000000000e+01,1.483225691336664820e-02
3.358333333333332860e+01,-6.311683573158729521e-01
3.360416666666666430e+01,4.354847447019147277e-02
3.362500000000000000e+01,7.769505232784803539e-01
3.364583333333332860e+01,1.773832046780252081e-02
3.366666666666666430e+01,-6.354006795647597627e-01
3.368750000000000000e+01,3.200302447298389308e-02
3.370833333333332860e+01,7.695322464483426161e-01
3.372916666666666430e+01,2.143473119815081374e-02
3.375000000000000000e+01,-6.363491639204416073e-01
3.377083333333332860e+01,2.330067396745155728e-02
3.379166666666666430e+01,7.665764137765990194e-01
3.381250000000000000e+01,2.201271173521091029e-02
3.383333333333332860e+01,-6.410955257064213653e-01
3.385416666666666430e+01,9.979091436119885694e-03
3.387500000000000000e+01,7.576857465208290954e-01
3.389583333333332860e+01,2.745263287005592079e-02
3.391666666666666430e+01,-6.407860100990778740e-01
3.393750000000000000e+01,1.220340780164336225e-03
3.395833333333332860e+01,3.697851160411489424e-01
3.397916666666666430e+01,-3.589719053939733895e-01
3.400000000000000000e+01,-1.009213468800337798e+00
3.402083333333332860e+01,-3.610950311505373711e-01
3.404166666666666430e+01,2.769379474549750197e-01
3.406250000000000000e+01,7.849124862281606219e-02
3.408333333333332860e+01,-5.687895321361280399e-01
3.410416666666666430e+01,8.311257977656755225e-02
3.412500000000000000e+01,6.592572609612282752e-01
3.414583333333332860e+01,-7.093389025729601727e-02
3.416666666666666430e+01,-7.165239824947186031e-01
3.418750000000000000e+01,-6.138552179444858869e-02
3.420833333333332860e+01,5.116026117165117792e-01
3.422916666666666430e+01,-1.248586535142336140e-01
3.425000000000000000e+01,-2.501923237489818153e-01
3.427083333333332860e+01,4.072819615289259287e-01
3.429166666666666430e+01,4.967893240135463073e-01
3.431250000000000000e+01,-2.387203057940289197e-01
3.433333333333332860e+01,-1.374042926298117140e-01
3.435416666666666430e+01,5.259857822079779810e-01
3.437500000000000000e+01,-1.090314249602300778e-01
3.439583333333332860e+01,-3.428189281957991219e-01
3.441666666666666430e+01,3.170491569690738753e-01
3.443750000000000000e+01,5.930072953268517022e-01
3.445833333333332860e+01,-1.404845990667705768e-01
3.447916666666666430e+01,-6.142071369043723417e-01
3.450000000000000000e+01,3.159728731215699638e-02
3.452083333333332860e+01,6.765342547017818564e-01
3.454166666666666430e+01,-4.566448330626945995e-02
3.456250000000000000e+01,-7.607535353786782917e-01
3.458333333333332860e+01,-1.207199533904957378e-01
3.460416666666666430e+01,5.197950364936745338e-01
3.462500000000000000e+01,-1.456290686708502369e-01
3.464583333333332860e+01,-3.130408930372937104e-01
3.466666666666666430e+01,3.302326891679139842e-01
3.468750000000000000e+01,4.171282280570058343e-01
3.470833333333332860e+01,-3.104482836944375546e-01
3.472916666666666430e+01,9.220395266269582057e-03
3.475000000000000000e+01,6.523544353628352166e-01
3.477083333333332860e+01,7.149732388498475366e-03
3.479166666666666430e+01,-7.155971939552031591e-01
3.481250000000000000e+01,8.257288266864337700e-03
3.483333333333332860e+01,6.527104018432106081e-01
3.485416666666666430e+01,1.129320499600164340e-02
3.487500000000000000e+01,-6.731344032417051482e-01
3.489583333333332860e+01,4.457925900366901950e-02
3.491666666666666430e+01,6.782373280264596405e-01
3.493750000000000000e+01,3.911788035747040815e-02
3.495833333333332860e+01,-6.707855267506982466e-01
3.497916666666666430e+01,5.700387189067984695e-02
3.500000000000000000e+01,6.860316325594233433e-01
3.502083333333332860e+01,4.308453506815740353e-02
3.504166666666666430e+01,-6.611108900011111178e-01
3.506250000000000000e+01,5.976718811941617027e-02
3.508333333333332860e+01,4.284601087146643894e-01
3.510416666666666430e+01,-2.126602949286525435e-01
3.512500000000000000e+01,-9.160306189356859363e-01
3.514583333333332860e+01,-1.877001743640918374e-01
3.516666666666666430e+01,4.437276498092355137e-01
3.518750000000000000e+01,-1.959445251560102963e-01
3.520833333333332860e+01,-7.100232651660612904e-01
3.522916666666666430e+01,6.996736324133751017e-03
3.525000000000000000e+01,6.421020119771764234e-01
3.527083333333332860e+01,1.661914023044799849e-02
3.529166666666666430e+01,-6.991095706938746934e-01
3.531250000000000000e+01,2.662802138702735633e-03
3.533333333333332860e+01,6.471579613760736205e-01
3.535416666666666430e+01,2.844629743475485251e-02
3.537500000000000000e+01,-6.700079821475165565e-01
3.539583333333332860e+01,2.550886214140357655e-02
3.541666666666666430e+01,6.666970629243514912e-01
3.543750000000000000e+01,4.819045225704053637e-02
3.545833333333332860e+01,-6.606296097739318141e-01
3.547916666666666430e+01,4.080868356571684674e-02
3.550000000000000000e+01,6.647798133476139348e-01
3.552083333333332860e+01,3.794901741146500251e-02
3.554166666666666430e+01,-5.198570406557656565e-01
3.556250000000000000e+01,1.961734179376901366e-01
3.558333333333332860e+01,8.288202432186615454e-01
3.560416666666666430e+01,1.957096087166271259e-01
3.562500000000000000e+01,-4.907390798759628803e-01
3.564583333333332860e+01,2.166075881227891575e-01
3.566666666666666430e+01,8.388430393619068504e-01
3.568750000000000000e+01,2.174724712933095716e-01
3.570833333333332860e+01,-4.856181117045481610e-01
3.572916666666666430e+01,6.544406867405705430e-02
3.575000000000000000e+01,3.469520940452701652e-01
3.577083333333332860e+01,-2.648291669197115339e-01
3.579166666666666430e+01,-8.438649894058732892e-01
3.581250000000000000e+01,-1.507956499067724110e-01
3.583333333333332860e+01,4.767917233423354939e-01
3.585416666666666430e+01,-1.316290174915416555e-01
3.587500000000000000e+01,-8.339615553626819056e-01
3.589583333333332860e+01,-1.473240290032886146e-01
3.591666666666666430e+01,4.766962272672538581e-01
3.593750000000000000e+01,-1.309645106884818611e-01
3.595833333333332860e+01,-5.996399563990512105e-01
3.597916666666666430e+01,9.233639784712940890e-02
3.600000000000000000e+01,7.124673427031693596e-01
3.602083333333332860e+01,1.016778907443323526e-01
3.604166666666666430e+01,-5.926550181832825892e-01
3.606250000000000000e+01,1.003423319122618007e-01
3.608333333333332860e+01,7.136792912223303142e-01
3.610416666666666430e+01,1.001782499616370031e-01
3.612500000000000000e+01,-5.871420380711692699e-01
3.614583333333332860e+01,1.072902587642712291e-01
3.616666666666666430e+01,7.145179918560650156e-01
3.618750000000000000e+01,9.872446357178209231e-02
3.620833333333332860e+01,-5.825942013128746488e-01
3.622916666666666430e+01,1.151320205145889286e-01
3.625000000000000000e+01,5.373737280762540536e-01
3.627083333333332860e+01,-8.002909741895626594e-02
3.629166666666666430e+01,-7.549366751887794935e-01
3.631250000000000000e+01,-5.787313089482179485e-02
3.633333333333332860e+01,5.388099111616958536e-01
3.635416666666666430e+01,-8.067556133982793642e-02
3.637500000000000000e+01,-7.506985918117805578e-01
3.639583333333332860e+01,-4.709891254955539397e-02
3.641666666666666430e+01,5.654704705761665062e-01
3.643750000000000000e+01,-5.351484109431114966e-02
3.645833333333332860e+01,-7.263923129828098180e-01
3.647916666666666430e+01,-3.788871909781840741e-02
3.650000000000000000e+01,5.663988475634615938e-01
3.652083333333332860e+01,-3.740069774853153894e-02
3.654166666666666430e+01,-7.164743220818020619e-01
3.656250000000000000e+01,-3.646969173601236069e-02
3.658333333333332860e+01,5.766477362326684064e-01
3.660416666666666430e+01,-1.757178289714833586e-02
3.662500000000000000e+01,-7.080013383606450494e-01
3.664583333333332860e+01,-3.712823361385803045e-02
3.666666666666666430e+01,5.790388208109977786e-01
3.668750000000000000e+01,-7.479928576209660118e-03
3.670833333333332860e+01,-4.369478710528384990e-01
3.672916666666666430e+01,2.291271002435746051e-01
3.675000000000000000e+01,8.859845918901962936e-01
3.677083333333332860e+01,2.915867490324626776e-01
3.679166666666666430e+01,-3.561181653320886209e-01
3.681250000000000000e+01,2.663025160481696796e-01
3.683333333333332860e+01,3.695411738821898218e-01
3.685416666666666430e+01,-2.329111783082274956e-01
3.687500000000000000e+01,-3.537249761185882191e-01
3.689583333333332860e+01,3.173584681159743459e-01
3.691666666666666430e+01,2.572701742411483139e-02
3.693750000000000000e+01,-5.776480439216630236e-01
3.695833333333332860e+01,1.016124315337824102e-01
3.697916666666666430e+01,7.729746131551822330e-01
3.700000000000000000e+01,1.639871968938863001e-01
3.702083333333332860e+01,-4.463085089811829609e-01
3.704166666666666430e+01,-1.814625437333639568e-01
3.706250000000000000e+01,4.966898657897558800e-01
3.708333333333332860e+01,-1.113987968356175001e-01
3.710416666666666430e+01,-7.193467990630895148e-01
3.712500000000000000e+01,-3.988774183019877517e-02
3.714583333333332860e+01,6.347423388891175744e-01
3.716666666666666430e+01,3.085090505623250268e-02
3.718750000000000000e+01,-5.732726850378694339e-01
3.720833333333332860e+01,7.636423042280446327e-02
3.722916666666666430e+01,-5.753119510601811815e-01
3.725000000000000000e+01,-1.278332579829026594e+00
3.727083333333332860e+01,-1.962868052520384321e+00
3.729166666666666430e+01,-1.336111074469580551e+00
3.731250000000000000e+01,-6.699672010954864643e-01
3.733333333333332860e+01,-4.387629364496989370e-02
3.735416666666666430e+01,3.074711243986458786e-01
3.737500000000000000e+01,-3.938547112330469391e-01
3.739583333333332860e+01,2.159974625007050064e-01
3.741666666666666430e+01,8.524425454731066054e-01
3.743750000000000000e+01,1.822263025118712187e-01
3.745833333333332860e+01,-4.669516196231789373e-01
3.747916666666666430e+01,2.527179764285106822e-01
3.750000000000000000e+01,8.907948896290089902e-01
3.752083333333332860e+01,3.430149313251117937e-01
3.754166666666666430e+01,1.610914927657880469e-01
3.756250000000000000e+01,8.261935314245263395e-01
3.758333333333332860e+01,7.858893350146951562e-01
3.760416666666666430e+01,1.046103889079433580e-01
3.762500000000000000e+01,4.954836326151338954e-01
3.764583333333332860e+01,9.091388765124780447e-01
3.766666666666666430e+01,2.485341354558920357e-01
3.768750000000000000e+01,-4.541602688839218582e-01
3.770833333333332860e+01,2.004259323272997717e-01
3.772916666666666430e+01,8.404429082480209257e-01
3.775000000000000000e+01,1.525432050523000127e-01
3.777083333333332860e+01,-5.260120731019600759e-01
3.779166666666666430e+01,1.153647852300210275e-01
3.781250000000000000e+01,7.765867611234154033e-01
3.783333333333332860e+01,5.723981881250644888e-02
3.785416666666666430e+01,-5.817167050726992361e-01
3.787500000000000000e+01,6.086135216205626475e-02
3.789583333333332860e+01,7.474439217076597197e-01
3.791666666666666430e+01,7.169183472111265165e-02
3.793750000000000000e+01,-5.417638827942360402e-01
3.795833333333332860e+01,1.255706288887129818e-01
3.797916666666666430e+01,4.571411771394134904e-01
3.800000000000000000e+01,-1.614147173982880545e-01
3.802083333333332860e+01,-8.054734453213041601e-01
3.804166666666666430e+01,-1.057483879522848336e-01
3.806250000000000000e+01,5.594373683725173407e-01
3.808333333333332860e+01,-6.677158456816004173e-02
3.810416666666666430e+01,-7.378921631844365114e-01
3.812500000000000000e+01,-3.120852885135996790e-02
3.814583333333332860e+01,6.080771131667837004e-01
3.816666666666666430e+01,-4.558279269613488283e-02
3.818750000000000000e+01,-6.930176042182465412e-01
3.820833333333332860e+01,-3.295443403607925537e-02
3.822916666666666430e+01,6.059090315547392969e-01
3.825000000000000000e+01,-8.283592828339500502e-02
3.827083333333332860e+01,-6.993868035780268499e-01
3.829166666666666430e+01,-7.624795124268890500e-02
3.831250000000000000e+01,5.756210520855057355e-01
3.833333333333332860e+01,-1.185021609966348810e-01
3.835416666666666430e+01,-7.657137805518430262e-01
3.837500000000000000e+01,-1.420571173863940384e-01
3.839583333333332860e+01,4.735777001212965742e-01
3.841666666666666430e+01,-2.090407175314706600e-01
3.843750000000000000e+01,-8.908441547523249238e-01
3.845833333333332860e+01,-2.366799421221109645e-01
3.847916666666666430e+01,3.674151363411141125e-01
3.850000000000000000e+01,3.114439154094796880e-01
3.852083333333332860e+01,-3.685179847736673175e-01
3.854166666666666430e+01,3.212794347625300695e-01
3.856250000000000000e+01,7.035712847314253837e-01
3.858333333333332860e+01,7.802172850952741878e-02
3.860416666666666430e+01,-5.768799457678979170e-01
3.862500000000000000e+01,1.244597000991631008e-01
3.864583333333332860e+01,7.684633894010985955e-01
3.866666666666666430e+01,1.345972790027414046e-01
3.868750000000000000e+01,-4.810814374198771337e-01
3.870833333333332860e+01,1.935721586619618961e-01
3.872916666666666430e+01,7.134324973525820734e-01
3.875000000000000000e+01,5.484226041600848145e-02
3.877083333333332860e+01,-5.524731641130981030e-01
3.879166666666666430e+01,1.035587932980216175e-01
3.881250000000000000e+01,5.552301371795986817e-01
3.883333333333332860e+01,-1.297858735509498929e-01
3.885416666666666430e+01,-7.593114919345783642e-01
3.887500000000000000e+01,-1.253260746698939831e-01
3.889583333333332860e+01,5.289312340023386572e-01
3.891666666666666430e+01,-1.756944343050818869e-01
3.893750000000000000e+01,-8.271947835149300321e-01
3.895833333333332860e+01,-1.950247565862441024e-01
3.897916666666666430e+01,4.138694994443641861e-01
3.900000000000000000e+01,-1.979578520582744028e-01
3.902083333333332860e+01,-3.430234531984725499e-01
3.904166666666666430e+01,3.159540776994567146e-01
3.906250000000000000e+01,4.322015376266289954e-01
3.908333333333332860e+01,-2.176431674014630002e-01
3.910416666666666430e+01,-2.660494373158614478e-01
3.912500000000000000e+01,4.194915646408660104e-01
3.914583333333332860e+01,1.333257114940229193e-01
3.916666666666666430e+01,-4.960634808622611525e-01
3.918750000000000000e+01,1.567261056416989762e-01
3.920833333333332860e+01,8.559654640861168451e-01
3.922916666666666430e+01,2.064612843142318577e-01
3.925000000000000000e+01,-4.208385293336659450e-01
3.927083333333332860e+01,1.639840365082727569e-01
3.929166666666666430e+01,3.171929035267059827e-01
3.931250000000000000e+01,-3.017195878010006105e-01
3.933333333333332860e+01,-4.249417706443486820e-01
3.935416666666666430e+01,2.737080944211597311e-01
3.937500000000000000e+01,8.575525815680022645e-02
3.939583333333332860e+01,-5.441613499089016370e-01
3.941666666666666430e+01,6.814953517592356458e-02
3.943750000000000000e+01,7.427539159642462252e-01
3.945833333333332860e+01,7.915641680642571121e-02
3.947916666666666430e+01,-5.802640165577664932e-01
3.950000000000000000e+01,5.671667672956184902e-02
3.952083333333332860e+01,4.628594443441604311e-01
3.954166666666666430e+01,-2.085642227747270261e-01
3.956250000000000000e+01,-9.060261490439965870e-01
3.958333333333332860e+01,-2.681338505213306522e-01
3.960416666666666430e+01,3.496597500072578524e-01
3.962500000000000000e+01,-5.206737721987250711e-02
3.964583333333332860e+01,-5.206571711183918261e-01
3.966666666666666430e+01,1.494059675713844682e-01
3.968750000000000000e+01,7.819132856371380225e-01
3.970833333333332860e+01,1.721927061767052347e-01
3.972916666666666430e+01,-4.991140617513972755e-01
3.975000000000000000e+01,1.873580302712545831e-01
3.977083333333332860e+01,6.419609020276194622e-01
3.979166666666666430e+01,2.138234326913995842e-02
3.981250000000000000e+01,-5.978829686833574408e-01
3.983333333333332860e+01,6.320753346732563283e-02
3.985416666666666430e+01,7.512540385184558467e-01
3.987500000000000000e+01,9.449479840061064673e-02
3.989583333333332860e+01,-5.188790229246850183e-01
3.991666666666666430e+01,8.084145794890087999e-02
3.993750000000000000e+01,2.923422452342432365e-01
3.995833333333332860e+01,-3.274348911439263210e-01
3.997916666666666430e+01,-6.186086147309134420e-01
4.000000000000000000e+01,8.193496254685611602e-02
4.002083333333332860e+01,6.403901792795335668e-01
4.004166666666666430e+01,1.588969188071248650e-02
4.006250000000000000e+01,-6.604121790783119561e-01
4.008333333333332860e+01,3.458583057825373452e-02
4.010416666666666430e+01,6.624175471979127927e-01
4.012500000000000000e+01,1.042487360821961473e-02
4.014583333333332860e+01,-6.815385367979792663e-01
4.016666666666666430e+01,-2.769341903694952367e-02
4.018750000000000000e+01,5.971696623085409605e-01
4.020833333333332860e+01,-1.030037426152665136e-01
4.022916666666666430e+01,-7.579358361027821456e-01
4.025000000000000000e+01,-1.314138889000710519e-01
4.027083333333332860e+01,5.237812287777604547e-01
4.029166666666666430e+01,-1.794790102769787954e-01
4.031250000000000000e+01,-8.334538765707037999e-01
4.033333333333332860e+01,-2.022682610128284930e-01
4.035416666666666430e+01,4.101523216291753648e-01
4.037500000000000000e+01,1.141465358472360803e-01
4.039583333333332860e+01,-5.472594330904860804e-01
4.041666666666666430e+01,1.090530361612236931e-01
4.043750000000000000e+01,7.185865315537817155e-01
4.045833333333332860e+01,7.163193484877905526e-02
4.047916666666666430e+01,-6.132817348322702200e-01
4.050000000000000000e+01,8.889439985104027886e-02
4.052083333333332860e+01,7.220842681029766563e-01
4.054166666666666430e+01,9.040240932244261729e-02
4.056250000000000000e+01,-5.631890584883243456e-01
4.058333333333332860e+01,1.438845454612597552e-01
4.060416666666666430e+01,8.059636435172583546e-01
4.062500000000000000e+01,1.666943882513304553e-01
4.064583333333332860e+01,-4.392336199348235160e-01
4.066666666666666430e+01,2.261748749010761839e-01
4.068750000000000000e+01,8.547017227271158646e-01
4.070833333333332860e+01,1.842413015035640200e-01
4.072916666666666430e+01,-4.336057901808748061e-01
4.075000000000000000e+01,-2.144234323917729168e-02
4.077083333333332860e+01,4.659494052378541085e-01
4.079166666666666430e+01,-2.405719816644451559e-01
4.081250000000000000e+01,-8.844121986102924105e-01
4.083333333333332860e+01,-2.483610406999250120e-01
4.085416666666666430e+01,3.784985044191179204e-01
4.087500000000000000e+01,-3.170988554794029746e-01
4.089583333333332860e+01,-3.794708198201734439e-01
4.091666666666666430e+01,2.737163718730473150e-01
4.093750000000000000e+01,2.199635246720233472e-01
4.095833333333332860e+01,-4.290981007454879315e-01
4.097916666666666430e+01,2.001071169196455835e-01
4.100000000000000000e+01,5.069781730748955662e-01
4.102083333333332860e+01,-1.733845163966103997e-01
4.104166666666666430e+01,-7.413833679266934595e-01
4.106250000000000000e+01,-9.090451621662942738e-02
4.108333333333332860e+01,6.070712943437892584e-01
4.110416666666666430e+01,-4.321330545955043290e-02
4.112500000000000000e+01,-6.757956317819013847e-01
4.114583333333332860e+01,2.951092036368499483e-02
4.116666666666666430e+01,6.855100541772247702e-01
4.118750000000000000e+01,5.350162063341448726e-02
4.120833333333332860e+01,-6.021311211060709212e-01
4.122916666666666430e+01,1.069964980909966223e-01
4.125000000000000000e+01,7.662714942807857810e-01
4.127083333333332860e+01,1.267474774109038915e-01
4.129166666666666430e+01,-4.755599105284459283e-01
4.131250000000000000e+01,1.885398344201233978e-01
4.133333333333332860e+01,7.318185746136089964e-01
4.135416666666666430e+01,6.389320511545054648e-02
4.137500000000000000e+01,-5.497470134108386475e-01
4.139583333333332860e+01,7.393040473199634366e-02
4.141666666666666430e+01,5.791230523274492059e-01
4.143750000000000000e+01,-9.031474793468327600e-02
4.145833333333332860e+01,-7.367925950090012943e-01
4.147916666666666430e+01,-9.986575669993924542e-02
4.150000000000000000e+01,5.299147922255106335e-01
4.152083333333332860e+01,-1.581661253834886482e-01
4.154166666666666430e+01,-8.421615617128125342e-01
4.156250000000000000e+01,-1.926725575703506499e-01
4.158333333333332860e+01,4.155383464440289831e-01
4.160416666666666430e+01,-2.381893487992017000e-01
4.162500000000000000e+01,-4.248447930344111945e-01
4.164583333333332860e+01,2.598026849702975705e-01
4.166666666666666430e+01,5.709412370163067241e-01
4.168750000000000000e+01,-5.308333870538238519e-02
4.170833333333332860e+01,-7.140789970100379636e-01
4.172916666666666430e+01,-3.658588781910909749e-02
4.175000000000000000e+01,6.158353456226393075e-01
4.177083333333332860e+01,-1.131182658196869251e-02
4.179166666666666430e+01,-6.277001708375603561e-01
4.181250000000000000e+01,4.936530655588683425e-02
4.183333333333332860e+01,7.407752234290353455e-01
4.185416666666666430e+01,9.079592857191959299e-02
4.187500000000000000e+01,-5.268529166600610658e-01
4.189583333333332860e+01,1.273873853283688518e-01
4.191666666666666430e+01,8.236759804073002789e-01
4.193750000000000000e+01,1.372285667706426293e-01
4.195833333333332860e+01,-4.928112355175228165e-01
4.197916666666666430e+01,1.381208496807485864e-01
4.200000000000000000e+01,7.039043155953743636e-01
4.202083333333332860e+01,3.344595006294731609e-02
4.204166666666666430e+01,-6.198563059371124950e-01
4.206250000000000000e+01,3.740239551034155174e-02
4.208333333333332860e+01,6.516839406868334406e-01
4.210416666666666430e+01,-2.084915186766622686e-03
4.212500000000000000e+01,-6.910663808119006379e-01
4.214583333333332860e+01,-3.261543881146458657e-02
4.216666666666666430e+01,6.021299133736796039e-01
4.218750000000000000e+01,-5.348439067343629949e-02
4.220833333333332860e+01,-7.315387155508130679e-01
4.222916666666666430e+01,-1.084631161357180601e-01
4.225000000000000000e+01,5.271700317365491939e-01
4.227083333333332860e+01,-1.742515960165428035e-01
4.229166666666666430e+01,-8.281132513981521726e-01
4.231250000000000000e+01,-2.038363242407768838e-01
4.233333333333332860e+01,4.502141303934027450e-01
4.235416666666666430e+01,-2.404053791294553377e-01
4.237500000000000000e+01,-6.680325937584911111e-01
4.239583333333332860e+01,-3.055638110475272784e-02
4.241666666666666430e+01,6.444716975424130689e-01
4.243750000000000000e+01,-1.570173660106227720e-03
4.245833333333332860e+01,-6.116167391703687395e-01
4.247916666666666430e+01,5.838835065659978008e-02
4.250000000000000000e+01,7.218575900690802349e-01
4.252083333333332860e+01,1.143758382398112755e-01
4.254166666666666430e+01,-5.233084462434329787e-01
4.256250000000000000e+01,1.675025787396943744e-01
4.258333333333332860e+01,8.124421472860470228e-01
4.260416666666666430e+01,1.935618649226591714e-01
4.262500000000000000e+01,-4.761206693740816509e-01
4.264583333333332860e+01,1.982766916508016952e-01
4.266666666666666430e+01,4.622988145888541345e-01
4.268750000000000000e+01,-1.789585770715306501e-01
4.270833333333332860e+01,-8.380159364172451442e-01
4.272916666666666430e+01,-2.057101511382413150e-01
4.275000000000000000e+01,4.037567937545075147e-01
4.277083333333332860e+01,-6.398477200719623892e-02
4.279166666666666430e+01,-3.975405136397185957e-01
4.281250000000000000e+01,2.078340061775657555e-01
4.283333333333332860e+01,7.854485754275511988e-01
4.285416666666666430e+01,9.828501135935052702e-02
4.287500000000000000e+01,-5.305946275552211322e-01
4.289583333333332860e+01,8.924190503747805869e-02
4.291666666666666430e+01,7.657511710977967789e-01
4.293750000000000000e+01,1.048485245384527254e-01
4.295833333333332860e+01,-4.971672107148122910e-01
4.297916666666666430e+01,1.484188812603017549e-01
4.300000000000000000e+01,2.676755875195704348e-01
4.302083333333332860e+01,-3.458117854508722666e-01
4.304166666666666430e+01,-4.642441129920354959e-01
4.306250000000000000e+01,2.127153190090524115e-01
4.308333333333332860e+01,1.270378515782030482e-01
4.310416666666666430e+01,-4.747739805098711852e-01
4.312500000000000000e+01,1.352450324872988829e-01
4.314583333333332860e+01,3.530842286949998354e-01
4.316666666666666430e+01,-3.340290199931714721e-01
4.318750000000000000e+01,-5.029158856025691682e-01
4.320833333333332860e+01,1.251542228700293913e-01
4.322916666666666430e+01,5.896686315695958136e-01
4.325000000000000000e+01,-9.940920555658325219e-02
4.327083333333332860e+01,-7.462338469480297443e-01
4.329166666666666430e+01,-1.097805394700928361e-01
4.331250000000000000e+01,4.975939357711434141e-01
4.333333333333332860e+01,-1.885323310190707979e-01
4.335416666666666430e+01,-5.399513325691661647e-01
4.337500000000000000e+01,1.164163800050245778e-01
4.339583333333332860e+01,7.142561364963312398e-01
4.341666666666666430e+01,6.548111912286216918e-02
4.343750000000000000e+01,-6.094678916830774673e-01
4.345833333333332860e+01,8.298310425671126533e-02
4.347916666666666430e+01,7.103815794516278315e-01
4.350000000000000000e+01,8.837014993692547671e-02
4.352083333333332860e+01,-5.638968299871323087e-01
4.354166666666666430e+01,1.345018720795231604e-01
4.356250000000000000e+01,7.889594500101071439e-01
4.358333333333332860e+01,1.501437611549152062e-01
4.360416666666666430e+01,-4.583399198788090656e-01
4.362500000000000000e+01,2.089553292657865546e-01
4.364583333333332860e+01,3.022822585716080090e-01
4.366666666666666430e+01,-3.625954923432690435e-01
4.368750000000000000e+01,-3.220264296628490008e-01
4.370833333333332860e+01,3.034750392116054574e-01
4.372916666666666430e+01,-1.737223461834588312e-01
4.375000000000000000e+01,-5.853487507951309343e-01
4.377083333333332860e+01,8.425309867716457290e-02
4.379166666666666430e+01,7.098818681417129461e-01
4.381250000000000000e+01,4.764122712118784575e-02
4.383333333333332860e+01,-6.493750086623093498e-01
4.385416666666666430e+01,-1.849687739206246073e-02
4.387500000000000000e+01,6.201926485200554007e-01
4.389583333333332860e+01,-8.199113063596502604e-02
4.391666666666666430e+01,-7.492184171348188482e-01
4.393750000000000000e+01,-1.226500034580949861e-01
4.395833333333332860e+01,5.388122620664262952e-01
4.397916666666666430e+01,-1.673104729661310519e-01
4.400000000000000000e+01,-7.321128990676848414e-01
4.402083333333332860e+01,-8.979783435077623444e-02
4.404166666666666430e+01,5.522557044959769401e-01
4.406250000000000000e+01,-1.156223833375061572e-01
4.408333333333332860e+01,-4.120480165553970786e-01
4.410416666666666430e+01,2.508600373091389724e-01
4.412500000000000000e+01,8.643559767298747420e-01
4.414583333333332860e+01,2.354910036924472705e-01
4.416666666666666430e+01,-4.338724031227344513e-01
4.418750000000000000e+01,2.666140391393545528e-01
4.420833333333332860e+01,4.676479182309908333e-01
4.422916666666666430e+01,-1.599468964034776730e-01
4.425000000000000000e+01,-7.407170060507598519e-01
4.427083333333332860e+01,-3.741723783901668154e-02
4.429166666666666430e+01,6.347656069027381998e-01
4.431250000000000000e+01,-1.323511864909304725e-02
4.433333333333332860e+01,-6.092194866899031114e-01
4.435416666666666430e+01,4.987616817751006071e-02
4.437500000000000000e+01,7.247103064604614175e-01
4.439583333333332860e+01,6.147634678688049248e-02
4.441666666666666430e+01,-5.503589320484221226e-01
4.443750000000000000e+01,7.141277198055720477e-02
4.445833333333332860e+01,7.198593641260685461e-01
4.447916666666666430e+01,1.880796369165607662e-02
4.450000000000000000e+01,-6.251845918165543914e-01
4.452083333333332860e+01,7.297147128436737296e-03
4.454166666666666430e+01,6.118415708458501134e-01
4.456250000000000000e+01,-5.584723429761595526e-02
4.458333333333332860e+01,-7.298063421124735273e-01
4.460416666666666430e+01,-7.262961987005195352e-02
4.462500000000000000e+01,5.292116457414934860e-01
4.464583333333332860e+01,-1.221103696778812753e-01
4.466666666666666430e+01,-7.986112365654454148e-01
4.468750000000000000e+01,-1.631585262836398598e-01
4.470833333333332860e+01,4.678490624750272220e-01
4.472916666666666430e+01,-2.172287778289274385e-01
4.475000000000000000e+01,-7.273970514045934310e-01
4.477083333333332860e+01,-1.151225633664492293e-01
4.479166666666666430e+01,5.469791999460438259e-01
4.481250000000000000e+01,-1.310569460475629888e-01
4.483333333333332860e+01,-4.045572569197890545e-01
4.485416666666666430e+01,2.289039541631190666e-01
4.487500000000000000e+01,9.124433697733965731e-01
4.489583333333332860e+01,2.658995967763641000e-01
4.491666666666666430e+01,-3.520068570786647477e-01
4.493750000000000000e+01,1.877324638772849830e-01
4.495833333333332860e+01,4.028236714459638712e-01
4.497916666666666430e+01,-2.107039102442134215e-01
4.500000000000000000e+01,-5.110030566445959987e-01
4.502083333333332860e+01,1.756996516547232878e-01
4.504166666666666430e+01,6.918737791152832495e-01
4.506250000000000000e+01,7.839310379978849108e-02
4.508333333333332860e+01,-5.550560139022926442e-01
4.510416666666666430e+01,1.078065711964463214e-01
4.512500000000000000e+01,5.503324539470393351e-01
4.514583333333332860e+01,-8.248229384273708664e-02
4.516666666666666430e+01,-7.106620748779641783e-01
4.518750000000000000e+01,-6.296133290024882867e-02
4.520833333333332860e+01,6.463213800947351650e-01
4.522916666666666430e+01,-1.963725941116317708e-02
4.525000000000000000e+01,-6.558467286554917619e-01
4.527083333333332860e+01,-3.224289645527243786e-02
4.529166666666666430e+01,6.336176061499745327e-01
4.531250000000000000e+01,-6.400056383370048008e-02
4.533333333333332860e+01,-7.260180007110221823e-01
4.535416666666666430e+01,-1.051376774775821532e-01
4.537500000000000000e+01,5.205896134202178116e-01
4.539583333333332860e+01,-1.475153317983328161e-01
4.541666666666666430e+01,-8.466088464206967812e-01
4.543750000000000000e+01,-2.065561477771957755e-01
4.545833333333332860e+01,4.200400912404045894e-01
4.547916666666666430e+01,-1.076155534739618308e-01
4.550000000000000000e+01,-4.005728361480498378e-01
4.552083333333332860e+01,2.686955657424147104e-01
4.554166666666666430e+01,7.402010631658406670e-01
4.556250000000000000e+01,1.028813266999342446e-01
4.558333333333332860e+01,-5.721269668374202588e-01
4.560416666666666430e+01,1.190992475145619123e-01
4.562500000000000000e+01,7.818434879908646717e-01
4.564583333333332860e+01,1.593265884459805770e-01
4.566666666666666430e+01,-4.614565533351722149e-01
4.568750000000000000e+01,2.015775332762227978e-01
4.570833333333332860e+01,4.500888313730225798e-01
4.572916666666666430e+01,-1.972884323974877230e-01
4.575000000000000000e+01,-7.318675935402435551e-01
4.577083333333332860e+01,-9.768481146007076954e-02
4.579166666666666430e+01,6.030282605276919838e-01
4.581250000000000000e+01,-8.511141958446161171e-02
4.583333333333332860e+01,-7.327145684050873076e-01
4.585416666666666430e+01,-1.108691397141280260e-01
4.587500000000000000e+01,5.458444286940665746e-01
4.589583333333332860e+01,-1.502278706758235771e-01
4.591666666666666430e+01,-4.861227243215968663e-01
4.593750000000000000e+01,1.419086235174168154e-01
4.595833333333332860e+01,7.609070472049802580e-01
4.597916666666666430e+01,1.073616489499964466e-01
4.600000000000000000e+01,-5.973775780299968030e-01
4.602083333333332860e+01,5.619852465572117151e-02
4.604166666666666430e+01,6.842562619890810716e-01
4.606250000000000000e+01,6.663404176626885889e-02
4.608333333333332860e+01,-6.220015411277047823e-01
4.610416666666666430e+01,5.909557829518696792e-02
4.612500000000000000e+01,7.076878680293976487e-01
4.614583333333332860e+01,1.005386443081557613e-01
4.616666666666666430e+01,-5.618920157725947329e-01
4.618750000000000000e+01,1.165740410890958034e-01
4.620833333333332860e+01,7.041093306985384270e-01
4.622916666666666430e+01,8.281439010961391678e-02
4.625000000000000000e+01,-5.398862190790747473e-01
4.627083333333332860e+01,1.120639484011121401e-01
4.629166666666666430e+01,2.208577938345980263e-01
4.631250000000000000e+01,-4.250556359607906565e-01
4.633333333333332860e+01,-3.438057367894832295e-01
4.635416666666666430e+01,2.734272619107991908e-01
4.637500000000000000e+01,-3.372229331075090597e-01
4.639583333333332860e+01,-4.809446451433319059e-01
4.641666666666666430e+01,1.756511891176804896e-01
4.643750000000000000e+01,3.467485153656245656e-01
4.645833333333332860e+01,-2.969007730626125330e-01
4.647916666666666430e+01,-4.355433915817493173e-01
4.650000000000000000e+01,1.806294032741319611e-01
4.652083333333332860e+01,5.163300258994976133e-01
4.654166666666666430e+01,-1.651441355471633121e-01
4.656250000000000000e+01,-7.626805305071727714e-01
4.658333333333332860e+01,-1.546853159998242688e-01
4.660416666666666430e+01,4.898961551326154185e-01
4.662500000000000000e+01,-6.875253491928125238e-02
4.664583333333332860e+01,-2.685485037193089952e-01
4.666666666666666430e+01,3.548284280407604241e-01
4.668750000000000000e+01,5.584260218952636912e-01
4.670833333333332860e+01,-9.630314377762630440e-02
4.672916666666666430e+01,-4.618170964462060546e-01
4.675000000000000000e+01,1.854885046637110568e-01
4.677083333333332860e+01,8.536515897848859780e-01
4.679166666666666430e+01,2.358054892927910207e-01
4.681250000000000000e+01,-3.904539060145448826e-01
4.683333333333332860e+01,2.135851398643386079e-01
4.685416666666666430e+01,2.853630675928516269e-01
4.687500000000000000e+01,-3.236633119078408116e-01
4.689583333333332860e+01,-2.922587253983271460e-01
4.691666666666666430e+01,3.939768423430138333e-01
4.693750000000000000e+01,-3.108155769955200931e-01
4.695833333333332860e+01,-4.832514473246008468e-01
4.697916666666666430e+01,1.527785374877199676e-01
4.700000000000000000e+01,5.830017920881681581e-01
4.702083333333332860e+01,-1.243333690069179931e-01
4.704166666666666430e+01,-7.704612880771203320e-01
4.706250000000000000e+01,-1.349489078541594445e-01
4.708333333333332860e+01,4.735812997786604805e-01
4.710416666666666430e+01,-2.090183082577707352e-01
4.712500000000000000e+01,-4.871516588790014146e-01
4.714583333333332860e+01,1.697226308295509967e-01
4.716666666666666430e+01,7.809891745684969244e-01
4.718750000000000000e+01,1.222957184261865282e-01
4.720833333333332860e+01,-5.720607881362442804e-01
4.722916666666666430e+01,9.274633622859540516e-02
4.725000000000000000e+01,7.214324439374909526e-01
4.727083333333332860e+01,5.424479367191650803e-02
4.729166666666666430e+01,-6.000037142856912142e-01
4.731250000000000000e+01,1.409169084109808401e-02
4.733333333333332860e+01,6.630757006548374521e-01
4.735416666666666430e+01,-2.151860712099676332e-02
4.737500000000000000e+01,-6.308152572057199592e-01
4.739583333333332860e+01,-8.866947129458679910e-03
4.741666666666666430e+01,6.707709099700206457e-01
4.743750000000000000e+01,1.809990965678884289e-02
4.745833333333332860e+01,-5.916801849176095418e-01
4.747916666666666430e+01,5.632166984125747122e-02
4.750000000000000000e+01,4.511723828251416601e-01
4.752083333333332860e+01,-1.660114512760426375e-01
4.754166666666666430e+01,-7.932852224416018228e-01
4.756250000000000000e+01,-1.014044250439147254e-01
4.758333333333332860e+01,5.515279497897962457e-01
4.760416666666666430e+01,-6.246717257136009949e-02
4.762500000000000000e+01,-7.090588697400661555e-01
4.764583333333332860e+01,-2.407925036410973885e-02
4.766666666666666430e+01,5.866386706176005550e-01
4.768750000000000000e+01,-3.303722389538819859e-02
4.770833333333332860e+01,-7.166541167350251040e-01
4.772916666666666430e+01,-6.407133132865783232e-02
4.775000000000000000e+01,5.525127032805718930e-01
4.777083333333332860e+01,-9.530442576883074723e-02
4.779166666666666430e+01,-7.203038753060501120e-01
4.781250000000000000e+01,-9.486709903899172291e-02
4.783333333333332860e+01,5.302419813590492081e-01
4.785416666666666430e+01,-5.245374582987405443e-02
4.787500000000000000e+01,-2.053476111781490088e-01
4.789583333333332860e+01,4.018121561608396508e-01
4.791666666666666430e+01,5.068380855035498067e-01
4.793750000000000000e+01,-1.750036598563322332e-01
4.795833333333332860e+01,-7.056343556742450396e-02
4.797916666666666430e+01,5.452781062694465053e-01
4.800000000000000000e+01,-8.146272079757990725e-02
4.802083333333332860e+01,-4.919681937606113498e-01
4.804166666666666430e+01,2.112379035732352417e-01
4.806250000000000000e+01,8.528205235355135194e-01
4.808333333333332860e+01,2.206061240037631432e-01
4.810416666666666430e+01,-3.925998133244831267e-01
4.812500000000000000e+01,9.208636822036181391e-02
4.814583333333332860e+01,4.258139389166399891e-01
4.816666666666666430e+01,-2.319553105023155481e-01
4.818750000000000000e+01,-8.281270246576164507e-01
4.820833333333332860e+01,-1.670157524999734411e-01
4.822916666666666430e+01,5.168306635226338486e-01
4.825000000000000000e+01,-1.597615701233235652e-01
4.827083333333332860e+01,-7.843405571672792398e-01
4.829166666666666430e+01,-1.428963530347910349e-01
4.831250000000000000e+01,5.115563262343324480e-01
4.833333333333332860e+01,-1.961944869017920867e-01
4.835416666666666430e+01,-3.279586168435830174e-01
4.837500000000000000e+01,3.063820526493830076e-01
4.839583333333332860e+01,5.339250442576939371e-01
4.841666666666666430e+01,-1.544380901839526588e-01
4.843750000000000000e+01,-5.242965572439922672e-01
4.845833333333332860e+01,1.338905865068875656e-01
4.847916666666666430e+01,7.287244654076709960e-01
4.850000000000000000e+01,7.374916100447798106e-02
4.852083333333332860e+01,-5.989514122144432573e-01
4.854166666666666430e+01,9.834669706810361678e-02
4.856250000000000000e+01,7.202233169331443419e-01
4.858333333333332860e+01,8.886497257855136001e-02
4.860416666666666430e+01,-5.643929643417999742e-01
4.862500000000000000e+01,1.123502114300602706e-01
4.864583333333332860e+01,7.594979835369199961e-01
4.866666666666666430e+01,1.060604941193164785e-01
4.868750000000000000e+01,-4.967645847516403146e-01
4.870833333333332860e+01,2.198427676810370268e-02
4.872916666666666430e+01,3.343268157298048826e-01
4.875000000000000000e+01,-3.278146674548814143e-01
4.877083333333332860e+01,-7.624785396044214680e-01
4.879166666666666430e+01,-1.168227562438180767e-01
4.881250000000000000e+01,5.553615507287246178e-01
4.883333333333332860e+01,-1.460298859706105623e-01
4.885416666666666430e+01,-7.731535240556833832e-01
4.887500000000000000e+01,-1.410279605197574671e-01
4.889583333333332860e+01,5.083517519939733109e-01
4.891666666666666430e+01,-1.853729694325559896e-01
4.893750000000000000e+01,-5.957390641594199066e-01
4.895833333333332860e+01,4.594457295546588993e-02
4.897916666666666430e+01,6.487107072627459337e-01
4.900000000000000000e+01,-2.334978471004839351e-02
4.902083333333332860e+01,-7.083502474780432046e-01
4.904166666666666430e+01,-4.507372252737193441e-02
4.906250000000000000e+01,5.662700825590635256e-01
4.908333333333332860e+01,-2.551780825143165621e-03
4.910416666666666430e+01,-3.149135417194435238e-01
4.912500000000000000e+01,3.910203851694409316e-01
4.914583333333332860e+01,7.722453099762162099e-01
4.916666666666666430e+01,1.401770707538927685e-01
4.918750000000000000e+01,-5.008975653762385294e-01
4.920833333333332860e+01,2.000495803974262354e-01
4.922916666666666430e+01,8.647503561127886096e-01
4.925000000000000000e+01,2.164644510439327485e-01
4.927083333333332860e+01,-3.812223428640404421e-01
4.929166666666666430e+01,-1.481743715502465419e-01
4.931250000000000000e+01,5.263239339271907902e-01
4.933333333333332860e+01,-1.481912697063619555e-01
4.935416666666666430e+01,-7.524786581326123880e-01
4.937500000000000000e+01,-1.298296134066040941e-01
4.939583333333332860e+01,5.260217921072800618e-01
4.941666666666666430e+01,-1.762842271001375249e-01
4.943750000000000000e+01,-8.154367478634344524e-01
4.945833333333332860e+01,-1.808914367108773180e-01
4.947916666666666430e+01,4.369175621674161736e-01
4.950000000000000000e+01,-2.367909038404947819e-01
4.952083333333332860e+01,-5.571595112230911528e-01
