0.000000000000000000e+00,2.879629248648888461e+04
2.083333333333333218e-02,3.314891903870286478e+04
4.166666666666666435e-02,4.106563339862394059e+04
6.250000000000000000e-02,3.943001803854887839e+04
8.333333333333332871e-02,3.455243131519637245e+04
1.041666666666666574e-01,3.949986710529893026e+04
1.250000000000000000e-01,4.115768019294624537e+04
1.458333333333333148e-01,3.920005112442847167e+04
1.666666666666666574e-01,3.757568409031179181e+04
1.875000000000000000e-01,3.977837667387050169e+04
2.083333333333333148e-01,3.956518830163234088e+04
2.291666666666666574e-01,3.901404102764954587e+04
2.500000000000000000e-01,3.803173182948325848e+04
2.708333333333333148e-01,4.024352589066654764e+04
2.916666666666666297e-01,3.948300611474465404e+04
3.125000000000000000e-01,3.846237856238647510e+04
3.333333333333333148e-01,3.560729051668748434e+04
3.541666666666666297e-01,3.868048259229407995e+04
3.750000000000000000e-01,4.368915588008901977e+04
3.958333333333333148e-01,3.752121131536443136e+04
4.166666666666666297e-01,3.296334649049315340e+04
4.375000000000000000e-01,4.128413966508855083e+04
4.583333333333333148e-01,4.446179881863931223e+04
4.791666666666666297e-01,3.438317805139088159e+04
5.000000000000000000e-01,3.250138135381662141e+04
5.208333333333332593e-01,4.385661245820717886e+04
5.416666666666666297e-01,4.129544639691610791e+04
5.625000000000000000e-01,3.222024759579332385e+04
5.833333333333332593e-01,3.578486239442110673e+04
6.041666666666666297e-01,4.502426390032135532e+04
6.250000000000000000e-01,3.986238291636987560e+04
6.458333333333332593e-01,3.302997296234257374e+04
6.666666666666666297e-01,3.860071533308002108e+04
6.875000000000000000e-01,4.256960414693319763e+04
7.083333333333332593e-01,3.862223685150305391e+04
7.291666666666666297e-01,3.558272369649601751e+04
7.500000000000000000e-01,3.862085593468030856e+04
7.708333333333332593e-01,3.934714451235665911e+04
7.916666666666666297e-01,3.984062933963617252e+04
8.125000000000000000e-01,3.862534776449690980e+04
8.333333333333332593e-01,3.655685602009362628e+04
8.541666666666666297e-01,3.864475192266959493e+04
8.750000000000000000e-01,4.222544356533684913e+04
8.958333333333332593e-01,3.854007361900692194e+04
9.166666666666666297e-01,3.376266602282128588e+04
9.375000000000000000e-01,4.022162289352217340e+04
9.583333333333332593e-01,4.502991880558642879e+04
9.791666666666666297e-01,3.562767714567398070e+04
1.000000000000000000e+00,3.223459958722275042e+04
1.020833333333333259e+00,4.309052065692249744e+04
1.041666666666666519e+00,4.397609327863245562e+04
1.062500000000000000e+00,3.221911352304910542e+04
1.083333333333333259e+00,3.438534537717740750e+04
1.104166666666666519e+00,4.501789181222383195e+04
1.125000000000000000e+00,4.083247417019907880e+04
1.145833333333333259e+00,3.222644896840756701e+04
1.166666666666666519e+00,3.917597198221321742e+04
1.187500000000000000e+00,4.344785472591821599e+04
1.208333333333333259e+00,3.927861820661275124e+04
1.229166666666666519e+00,3.542724754236701119e+04
1.250000000000000000e+00,4.018898596860171529e+04
1.270833333333333259e+00,4.073407496903921856e+04
1.291666666666666519e+00,3.899965084733199183e+04
1.312500000000000000e+00,3.868967448266383872e+04
1.333333333333333259e+00,3.718744828989300731e+04
1.354166666666666519e+00,3.866309615043712984e+04
1.375000000000000000e+00,4.170066727568116039e+04
1.395833333333333259e+00,3.865319828415763186e+04
1.416666666666666519e+00,3.426384210911299306e+04
1.437500000000000000e+00,3.961051353371530422e+04
1.458333333333333259e+00,4.470291014115147846e+04
1.479166666666666519e+00,3.578969406173811149e+04
1.500000000000000000e+00,3.223763318313400669e+04
1.520833333333333259e+00,4.288101873738814174e+04
1.541666666666666519e+00,4.370215210826191469e+04
1.562500000000000000e+00,3.222953839894029443e+04
1.583333333333333259e+00,3.436354700851565576e+04
1.604166666666666519e+00,4.463178308355381159e+04
1.625000000000000000e+00,4.081747649819841899e+04
1.645833333333333259e+00,3.224481194318551570e+04
1.666666666666666519e+00,3.759704645821795566e+04
1.687500000000000000e+00,4.398041915671030438e+04
1.708333333333333259e+00,3.863718961532423418e+04
1.729166666666666519e+00,3.450202072156516806e+04
1.750000000000000000e+00,3.869520336370159202e+04
1.770833333333333259e+00,4.145797794542959309e+04
1.791666666666666519e+00,3.863379052078782843e+04
1.812500000000000000e+00,3.805548436197339470e+04
1.833333333333333259e+00,3.925991176088709472e+04
1.854166666666666519e+00,3.863856382214488985e+04
1.875000000000000000e+00,4.083819099805098085e+04
1.895833333333333259e+00,3.864135615141234302e+04
1.916666666666666519e+00,3.491448284308356233e+04
1.937500000000000000e+00,3.863200297926410713e+04
1.958333333333333259e+00,4.426572079366508115e+04
1.979166666666666519e+00,3.720648859715939761e+04
2.000000000000000000e+00,3.221476130231742718e+04
2.020833333333333037e+00,4.060443017999440781e+04
2.041666666666666519e+00,4.370681779370079312e+04
2.062500000000000000e+00,3.538706333513975551e+04
2.083333333333333037e+00,3.307236475733090629e+04
2.104166666666666519e+00,4.337754173892740801e+04
2.125000000000000000e+00,4.345646988515040721e+04
2.145833333333333037e+00,3.223354096917713105e+04
2.166666666666666519e+00,3.438929284155808273e+04
2.187500000000000000e+00,4.504304102351261827e+04
2.208333333333333037e+00,4.136713580965004803e+04
2.229166666666666519e+00,3.224104004378758691e+04
2.250000000000000000e+00,3.748591763697274291e+04
2.270833333333333037e+00,4.380098864756284456e+04
2.291666666666666519e+00,3.786450094096022076e+04
2.312500000000000000e+00,3.473600209322874434e+04
2.333333333333333037e+00,3.893197522532127186e+04
2.354166666666666519e+00,4.099276006587238226e+04
2.375000000000000000e+00,3.876904980336181325e+04
2.395833333333333037e+00,3.856899495988481067e+04
2.416666666666666519e+00,3.835819632606969390e+04
2.437500000000000000e+00,3.865963425426305184e+04
2.458333333333333037e+00,3.919791310221216554e+04
2.479166666666666519e+00,3.866460903118652641e+04
2.500000000000000000e+00,3.822628725941387529e+04
2.520833333333333037e+00,3.892983396051036834e+04
2.541666666666666519e+00,4.168934066991159489e+04
2.562500000000000000e+00,3.669071096030317858e+04
2.583333333333333037e+00,3.565326125775188120e+04
2.604166666666666519e+00,4.158666381427846500e+04
2.625000000000000000e+00,4.183133779044113908e+04
2.645833333333333037e+00,3.391376792253488384e+04
2.666666666666666519e+00,4.185308813961718261e+04
2.687500000000000000e+00,4.750868161397840595e+04
2.708333333333333037e+00,3.949017876704392984e+04
2.729166666666666519e+00,3.333641834240060416e+04
2.750000000000000000e+00,4.129311798442217696e+04
2.770833333333333037e+00,4.422825912590912048e+04
2.791666666666666519e+00,3.332150708678671072e+04
2.812500000000000000e+00,3.470063315879067522e+04
2.833333333333333037e+00,4.515335116225847014e+04
2.854166666666666519e+00,4.262226332779145014e+04
2.875000000000000000e+00,3.228840988060823292e+04
2.895833333333333037e+00,3.566221800580994750e+04
2.916666666666666519e+00,4.490213300092423015e+04
2.937500000000000000e+00,3.646722626023478369e+04
2.958333333333333037e+00,3.360632635589235724e+04
2.979166666666666519e+00,4.235859025139333244e+04
3.000000000000000000e+00,4.244376877272139973e+04
3.020833333333333037e+00,3.225784928952732298e+04
3.041666666666666519e+00,3.711696421364526032e+04
3.062500000000000000e+00,4.499125505276512558e+04
3.083333333333333037e+00,3.802145986463518057e+04
3.104166666666666519e+00,3.381645296473307826e+04
3.125000000000000000e+00,3.915428727502914262e+04
3.145833333333333037e+00,4.239134727296285564e+04
3.166666666666666519e+00,3.864097951660389663e+04
3.187500000000000000e+00,3.601528647964456468e+04
3.208333333333333037e+00,3.997635481540486217e+04
3.229166666666666519e+00,3.906945726396327518e+04
3.250000000000000000e+00,3.882338659990124870e+04
3.270833333333333037e+00,3.881470423368483171e+04
3.291666666666666519e+00,3.923322699895152618e+04
3.312500000000000000e+00,3.866307508841222443e+04
3.333333333333333037e+00,3.762928975566800364e+04
3.354166666666666519e+00,3.992512630559734680e+04
3.375000000000000000e+00,3.816769769195681147e+04
3.395833333333333037e+00,3.871590655787547439e+04
3.416666666666666519e+00,3.866347920854328549e+04
3.437500000000000000e+00,3.818489296272905631e+04
3.458333333333333037e+00,3.866189051439814648e+04
3.479166666666666519e+00,3.964647040886673494e+04
3.500000000000000000e+00,3.884317946182634478e+04
3.520833333333333037e+00,3.615438421681776526e+04
3.541666666666666519e+00,3.998827747303104843e+04
3.562500000000000000e+00,4.183670272107399069e+04
3.583333333333333037e+00,3.614684246116616850e+04
3.604166666666666519e+00,3.667715576425427571e+04
3.625000000000000000e+00,4.220474499954335624e+04
3.645833333333333037e+00,4.076730511729102000e+04
3.666666666666666519e+00,3.290587884009434492e+04
3.687500000000000000e+00,3.715938976714867022e+04
3.708333333333333037e+00,4.354202903300670732e+04
3.729166666666666519e+00,3.964551058918613126e+04
3.750000000000000000e+00,3.400457828180000070e+04
3.770833333333333037e+00,3.877055128340339434e+04
3.791666666666666519e+00,4.185230987086650566e+04
3.812500000000000000e+00,3.729777499711031851e+04
3.833333333333333037e+00,3.648071088568088453e+04
3.854166666666666519e+00,4.183742694102098176e+04
3.875000000000000000e+00,3.958480197724352911e+04
3.895833333333333037e+00,3.541588731955917319e+04
3.916666666666666519e+00,3.887153241041712317e+04
3.937500000000000000e+00,4.183125649761383102e+04
3.958333333333333037e+00,3.612860208045908075e+04
3.979166666666666519e+00,3.676563605139801075e+04
4.000000000000000000e+00,4.184295378476628684e+04
4.020833333333333037e+00,3.952986533817410964e+04
4.041666666666666075e+00,3.545277926153405133e+04
4.062500000000000000e+00,3.904249197851052304e+04
4.083333333333333037e+00,4.185645232091754588e+04
4.104166666666666075e+00,3.652327653412310610e+04
4.125000000000000000e+00,3.675640311893576290e+04
4.145833333333333037e+00,4.184008681272920512e+04
4.166666666666666075e+00,3.948243307643328444e+04
4.187500000000000000e+00,3.642947533250574634e+04
4.208333333333333037e+00,3.904139171159422403e+04
4.229166666666666075e+00,4.143068835629507521e+04
4.250000000000000000e+00,3.636261100019681908e+04
4.270833333333333037e+00,3.566381115161949856e+04
4.291666666666666075e+00,4.184325048782537488e+04
4.312500000000000000e+00,3.950340623898534977e+04
4.333333333333333037e+00,3.545026719631254673e+04
4.354166666666666075e+00,3.926666905608116940e+04
4.375000000000000000e+00,4.184485937704865501e+04
4.395833333333333037e+00,3.613655961174151162e+04
4.416666666666666075e+00,3.683940420768861804e+04
4.437500000000000000e+00,4.225344478920672555e+04
4.458333333333333037e+00,3.960500437747508113e+04
4.479166666666666075e+00,3.672328656068662531e+04
4.500000000000000000e+00,3.869274651294740761e+04
4.520833333333333037e+00,4.093411657922934683e+04
4.541666666666666075e+00,3.705477818652932910e+04
4.562500000000000000e+00,3.684929223892404116e+04
4.583333333333333037e+00,4.184858210720993520e+04
4.604166666666666075e+00,3.955784347472526133e+04
4.625000000000000000e+00,3.434686897513638542e+04
4.645833333333333037e+00,3.904829905903730105e+04
4.666666666666666075e+00,4.185148020960917347e+04
4.687500000000000000e+00,3.628350145078414062e+04
4.708333333333333037e+00,3.682199614615089376e+04
4.729166666666666075e+00,4.184812360974079638e+04
4.750000000000000000e+00,3.940973020252334391e+04
4.770833333333333037e+00,3.543916515663352038e+04
4.791666666666666075e+00,3.926010061698727077e+04
4.812500000000000000e+00,4.184846951263007941e+04
4.833333333333333037e+00,3.593504869807166688e+04
4.854166666666666075e+00,3.701518588649778394e+04
4.875000000000000000e+00,4.184742021595253027e+04
4.895833333333333037e+00,3.933661398288093187e+04
4.916666666666666075e+00,3.544699965478429658e+04
4.937500000000000000e+00,3.943463244614618452e+04
4.958333333333333037e+00,4.181916180346153851e+04
4.979166666666666075e+00,3.558336405367260159e+04
5.000000000000000000e+00,3.731030657852864533e+04
5.020833333333333037e+00,4.182956424205221992e+04
5.041666666666666075e+00,3.926197266919752292e+04
5.062500000000000000e+00,3.543520235721326026e+04
5.083333333333333037e+00,3.946665102469023986e+04
5.104166666666666075e+00,4.177385874154024350e+04
5.125000000000000000e+00,3.647192760819580144e+04
5.145833333333333037e+00,3.683321279187619803e+04
5.166666666666666075e+00,4.184114749260075041e+04
5.187500000000000000e+00,3.927357471909570449e+04
5.208333333333333037e+00,3.545052800838941766e+04
5.229166666666666075e+00,3.954962857533685019e+04
5.250000000000000000e+00,4.175477240529530536e+04
5.270833333333333037e+00,3.550627889233082533e+04
5.291666666666666075e+00,3.741847327262705949e+04
5.312500000000000000e+00,4.183497666220045357e+04
5.333333333333333037e+00,3.919538989386988396e+04
5.354166666666666075e+00,3.491448184607850999e+04
5.375000000000000000e+00,3.951557029583225085e+04
5.395833333333333037e+00,4.003426972008346638e+04
5.416666666666666075e+00,3.477651324765479512e+04
5.437500000000000000e+00,3.649765234399111068e+04
5.458333333333333037e+00,4.144919187131914077e+04
5.479166666666666075e+00,3.892005405751543003e+04
5.500000000000000000e+00,3.549946241119362821e+04
5.520833333333333037e+00,4.013089452942797652e+04
5.541666666666666075e+00,4.134533868597157561e+04
5.562500000000000000e+00,3.368024564235378057e+04
5.583333333333333037e+00,3.783586097950885596e+04
5.604166666666666075e+00,4.503884169502362784e+04
5.625000000000000000e+00,3.831676225435436208e+04
5.645833333333333037e+00,3.224304208902026585e+04
5.666666666666666075e+00,4.106232825370069622e+04
5.687500000000000000e+00,4.304274102065902844e+04
5.708333333333333037e+00,3.526798280762351351e+04
5.729166666666666075e+00,3.494443079562067578e+04
5.750000000000000000e+00,4.185210074684526626e+04
5.770833333333333037e+00,4.048210338824160135e+04
5.791666666666666075e+00,3.475756316765790689e+04
5.812500000000000000e+00,4.010211973560060142e+04
5.833333333333333037e+00,4.011759579686349753e+04
5.854166666666666075e+00,3.753243581340593664e+04
5.875000000000000000e+00,3.851477347458947042e+04
5.895833333333333037e+00,4.020776124797287048e+04
5.916666666666666075e+00,3.705587495656228566e+04
5.937500000000000000e+00,3.751504098850741866e+04
5.958333333333333037e+00,4.184359505042260571e+04
5.979166666666666075e+00,3.931952162626611971e+04
6.000000000000000000e+00,3.508338543771102559e+04
6.020833333333333037e+00,3.948861457599062123e+04
6.041666666666666075e+00,4.173660259863523243e+04
6.062500000000000000e+00,3.599336421292314481e+04
6.083333333333333037e+00,3.745846591876796447e+04
6.104166666666666075e+00,4.184368559090750205e+04
6.125000000000000000e+00,3.831988323702483467e+04
6.145833333333333037e+00,3.545452192802193895e+04
6.166666666666666075e+00,3.967646352385265345e+04
6.187500000000000000e+00,4.169250454620773962e+04
6.208333333333333037e+00,3.541445077351212240e+04
6.229166666666666075e+00,3.749278714845537615e+04
6.250000000000000000e+00,4.246153924054539675e+04
6.270833333333333037e+00,3.910381261201601592e+04
6.291666666666666075e+00,3.544254116770190740e+04
6.312500000000000000e+00,3.968844077538453712e+04
6.333333333333333037e+00,4.159886331562000851e+04
6.354166666666666075e+00,3.579730297825257730e+04
6.375000000000000000e+00,3.689582438387016737e+04
6.395833333333333037e+00,4.184132999188957911e+04
6.416666666666666075e+00,3.887330677223807288e+04
6.437500000000000000e+00,3.544892720505144098e+04
6.458333333333333037e+00,4.028315108023326320e+04
6.479166666666666075e+00,4.119688499917156878e+04
6.500000000000000000e+00,3.541973726031316619e+04
6.520833333333333037e+00,3.779058690107132134e+04
6.541666666666666075e+00,4.183522390287409507e+04
6.562500000000000000e+00,3.854352482286348095e+04
6.583333333333333037e+00,3.573920143268896209e+04
6.604166666666666075e+00,4.079047640338320343e+04
6.625000000000000000e+00,4.082741220423492632e+04
6.645833333333333037e+00,3.514716215873198234e+04
6.666666666666666075e+00,3.763150640103551268e+04
6.687500000000000000e+00,4.184554963312465406e+04
6.708333333333333037e+00,3.942345137023844291e+04
6.729166666666666075e+00,3.525369257772043056e+04
6.750000000000000000e+00,4.095439055125378945e+04
6.770833333333333037e+00,3.828538200598739786e+04
6.791666666666666075e+00,3.540761612327084731e+04
6.812500000000000000e+00,4.098128662494818127e+04
6.833333333333333037e+00,4.182470688666608476e+04
6.854166666666666075e+00,3.472869710600066173e+04
6.875000000000000000e+00,3.544868825507040310e+04
6.895833333333333037e+00,4.477543835543044406e+04
6.916666666666666075e+00,4.042793201202224009e+04
6.937500000000000000e+00,3.222565822648283574e+04
6.958333333333333037e+00,3.700329453387213289e+04
6.979166666666666075e+00,4.436436623829285236e+04
7.000000000000000000e+00,3.958902500911031530e+04
7.020833333333333037e+00,3.224028191505184441e+04
7.041666666666666075e+00,3.703812663566158881e+04
7.062500000000000000e+00,4.432720044471107394e+04
7.083333333333333037e+00,4.002475273650804593e+04
7.104166666666666075e+00,3.224609073866054678e+04
7.125000000000000000e+00,3.827714557770271495e+04
7.145833333333333037e+00,4.505482346017281816e+04
7.166666666666666075e+00,3.845402915597733954e+04
7.187500000000000000e+00,3.224411085685436774e+04
7.208333333333333037e+00,4.077652392265800881e+04
7.229166666666666075e+00,4.398506928379498277e+04
7.250000000000000000e+00,3.543096145201347827e+04
7.270833333333333037e+00,3.448629504803047894e+04
7.291666666666666075e+00,4.182657307170230342e+04
7.312500000000000000e+00,4.165082491661379026e+04
7.333333333333333037e+00,3.419221367130384169e+04
7.354166666666666075e+00,3.746407706823016633e+04
7.375000000000000000e+00,4.219847107813043840e+04
7.395833333333333037e+00,3.863964787990903278e+04
7.416666666666666075e+00,3.875077182480977353e+04
7.437500000000000000e+00,3.998650554343003023e+04
7.458333333333333037e+00,3.890200738585518411e+04
7.479166666666666075e+00,3.898874843484805024e+04
7.500000000000000000e+00,4.117878235341134859e+04
7.520833333333333037e+00,3.761352845973784133e+04
7.541666666666666075e+00,3.551419900538737420e+04
7.562500000000000000e+00,4.091328064664141129e+04
7.583333333333333037e+00,4.186851812505717680e+04
7.604166666666666075e+00,3.617624607773667958e+04
7.625000000000000000e+00,3.546330980293278117e+04
7.645833333333333037e+00,4.402057188897871674e+04
7.666666666666666075e+00,4.059172229357837205e+04
7.687500000000000000e+00,3.225131730149684881e+04
7.708333333333333037e+00,3.814854052912905172e+04
7.729166666666666075e+00,4.504439080375585036e+04
7.750000000000000000e+00,3.765796087938692654e+04
7.770833333333333037e+00,3.256455899439904533e+04
7.791666666666666075e+00,4.123190649162203044e+04
7.812500000000000000e+00,4.192214006481914839e+04
7.833333333333333037e+00,3.479015767677390249e+04
7.854166666666666075e+00,3.538970664104651223e+04
7.875000000000000000e+00,4.185175839546306815e+04
7.895833333333333037e+00,4.000278091330358438e+04
7.916666666666666075e+00,3.639142088465064444e+04
7.937500000000000000e+00,4.015575844490853342e+04
7.958333333333333037e+00,3.941952866402732616e+04
7.979166666666666075e+00,3.697005456935426628e+04
8.000000000000000000e+00,3.916683810380358773e+04
8.020833333333332149e+00,4.184587049142621254e+04
8.041666666666666075e+00,3.534670701510879007e+04
8.062500000000000000e+00,3.689174289567446976e+04
8.083333333333332149e+00,4.183046793027915555e+04
8.104166666666666075e+00,3.958584708346543630e+04
8.125000000000000000e+00,3.596556908701718203e+04
8.145833333333332149e+00,3.879226100925032370e+04
8.166666666666666075e+00,4.045121798279028008e+04
8.187500000000000000e+00,3.612264134230146010e+04
8.208333333333332149e+00,3.601198456375263777e+04
8.229166666666666075e+00,4.149731695924292580e+04
8.250000000000000000e+00,3.920730683708642027e+04
8.270833333333332149e+00,3.530848171676261700e+04
8.291666666666666075e+00,3.978076806291298271e+04
8.312500000000000000e+00,4.178898547868271999e+04
8.333333333333332149e+00,3.564745234649244230e+04
8.354166666666666075e+00,3.720664447537127853e+04
8.375000000000000000e+00,4.078849011815631093e+04
8.395833333333332149e+00,3.928066727355139301e+04
8.416666666666666075e+00,3.598151942883162701e+04
8.437500000000000000e+00,3.928635128531098599e+04
8.458333333333332149e+00,4.184502709063133807e+04
8.479166666666666075e+00,3.602184175938396220e+04
8.500000000000000000e+00,3.517315385685858928e+04
8.520833333333332149e+00,4.183950460848562943e+04
8.541666666666666075e+00,4.146824715483560431e+04
8.562500000000000000e+00,3.545177120989750983e+04
8.583333333333332149e+00,3.620766193084845872e+04
8.604166666666666075e+00,4.154701827741244779e+04
8.625000000000000000e+00,3.897684276053466601e+04
8.645833333333332149e+00,3.841951928039207269e+04
8.666666666666666075e+00,3.864647578650859941e+04
8.687500000000000000e+00,3.854540678170014871e+04
8.708333333333332149e+00,3.864227574806560733e+04
8.729166666666666075e+00,4.053387118816023576e+04
8.750000000000000000e+00,3.829114607658611931e+04
8.770833333333332149e+00,3.622750030179697205e+04
8.791666666666666075e+00,4.087490789800775383e+04
8.812500000000000000e+00,4.183720464080973034e+04
8.833333333333332149e+00,3.524279090391036152e+04
8.854166666666666075e+00,3.543742867469284101e+04
8.875000000000000000e+00,4.405867194424280751e+04
8.895833333333332149e+00,4.059048761864184780e+04
8.916666666666666075e+00,3.222102141235754243e+04
8.937500000000000000e+00,3.656131618042344053e+04
8.958333333333332149e+00,4.573552065099839820e+04
8.979166666666666075e+00,3.820385185230765637e+04
9.000000000000000000e+00,3.282379389965781593e+04
9.020833333333332149e+00,4.186655078047431743e+04
9.041666666666666075e+00,4.335450468195573194e+04
9.062500000000000000e+00,3.550353341227985948e+04
9.083333333333332149e+00,3.550411237345929840e+04
9.104166666666666075e+00,4.187603390145622689e+04
9.125000000000000000e+00,3.870360324107234919e+04
9.145833333333332149e+00,3.606840690562054078e+04
9.166666666666666075e+00,4.033866533262662415e+04
9.187500000000000000e+00,3.939790687593963230e+04
9.208333333333332149e+00,3.615390031085308146e+04
9.229166666666666075e+00,4.000667233498881978e+04
9.250000000000000000e+00,4.136085342101915012e+04
9.270833333333332149e+00,3.543277223175845575e+04
9.291666666666666075e+00,3.770651589167497150e+04
9.312500000000000000e+00,4.184633619889730471e+04
9.333333333333332149e+00,3.879678612524314667e+04
9.354166666666666075e+00,3.544283103015496454e+04
9.375000000000000000e+00,4.129654061514389468e+04
9.395833333333332149e+00,4.113144288910461910e+04
9.416666666666666075e+00,3.543226504614178702e+04
9.437500000000000000e+00,3.778608460783264309e+04
9.458333333333332149e+00,4.141343329111421917e+04
9.479166666666666075e+00,3.856835110035500838e+04
9.500000000000000000e+00,3.445937998097665695e+04
9.520833333333332149e+00,4.068799538679640682e+04
9.541666666666666075e+00,4.089472172760599642e+04
9.562500000000000000e+00,3.543074723402605014e+04
9.583333333333332149e+00,3.787291621216919884e+04
9.604166666666666075e+00,4.183591790174772177e+04
9.625000000000000000e+00,3.841761756753181544e+04
9.645833333333332149e+00,3.543673386937727628e+04
9.666666666666666075e+00,4.248820895784368622e+04
9.687500000000000000e+00,4.095123743500530691e+04
9.708333333333332149e+00,3.348637143038683280e+04
9.729166666666666075e+00,3.749355861719884706e+04
9.750000000000000000e+00,4.495405218778809649e+04
9.770833333333332149e+00,3.855439355000420619e+04
9.791666666666666075e+00,3.227890750616228615e+04
9.812500000000000000e+00,4.062097457648405543e+04
9.833333333333332149e+00,4.361659243378704559e+04
9.854166666666666075e+00,3.518033748749809456e+04
9.875000000000000000e+00,3.468560749177137041e+04
9.895833333333332149e+00,4.184142596138144290e+04
9.916666666666666075e+00,4.299254436473066016e+04
9.937500000000000000e+00,3.544866774614457972e+04
9.958333333333332149e+00,3.470259679984136892e+04
9.979166666666666075e+00,4.183549303692509420e+04
1.000000000000000000e+01,4.160942136025526270e+04
1.002083333333333215e+01,3.482047308836709271e+04
1.004166666666666607e+01,3.823435046726591827e+04
1.006250000000000000e+01,4.103241248801206530e+04
1.008333333333333215e+01,3.847204010166267835e+04
1.010416666666666607e+01,3.770680651069161104e+04
1.012500000000000000e+01,3.866178651364191319e+04
1.014583333333333215e+01,3.994939917727588181e+04
1.016666666666666607e+01,3.865606308354744397e+04
1.018750000000000000e+01,3.904257322537395521e+04
1.020833333333333215e+01,3.753633433431349840e+04
1.022916666666666607e+01,3.864236579579675163e+04
1.025000000000000000e+01,4.037287721809533105e+04
1.027083333333333215e+01,3.864228865741245681e+04
1.029166666666666607e+01,3.548062117934986600e+04
1.031250000000000000e+01,3.864557571554130118e+04
1.033333333333333215e+01,4.311404953612167446e+04
1.035416666666666607e+01,3.812778839506095392e+04
1.037500000000000000e+01,3.222181582974231424e+04
1.039583333333333215e+01,4.044227125809127756e+04
1.041666666666666607e+01,4.470926549606653862e+04
1.043750000000000000e+01,3.594056907144289289e+04
1.045833333333333215e+01,3.223060255087114274e+04
1.047916666666666607e+01,4.233835126634966582e+04
1.050000000000000000e+01,4.490914914673061867e+04
1.052083333333333215e+01,3.248453092054704030e+04
1.054166666666666607e+01,3.374106882009917172e+04
1.056250000000000000e+01,4.491988954213975376e+04
1.058333333333333215e+01,3.970568727580906125e+04
1.060416666666666607e+01,3.225121349377177103e+04
1.062500000000000000e+01,3.946173251502652420e+04
1.064583333333333215e+01,4.505939252444708109e+04
1.066666666666666607e+01,3.261506712494830572e+04
1.068750000000000000e+01,3.536169655916066404e+04
1.070833333333333215e+01,4.505150086825960170e+04
1.072916666666666607e+01,4.262978558644246368e+04
1.075000000000000000e+01,3.223991747117809791e+04
1.077083333333333215e+01,3.546700496959862357e+04
1.079166666666666607e+01,4.485445228014420718e+04
1.081250000000000000e+01,3.720464065708139242e+04
1.083333333333333215e+01,3.327574871421270655e+04
1.085416666666666607e+01,4.144657552941625909e+04
1.087500000000000000e+01,4.270600852190099977e+04
1.089583333333333215e+01,3.509531723023024097e+04
1.091666666666666607e+01,3.549706336931123224e+04
1.093750000000000000e+01,4.474827114939571766e+04
1.095833333333333215e+01,4.033174767606821115e+04
1.097916666666666607e+01,3.382306129500057432e+04
1.100000000000000000e+01,3.903070975789987278e+04
1.102083333333333215e+01,4.290274146068425762e+04
1.104166666666666607e+01,3.879047458787513460e+04
1.106250000000000000e+01,3.556919450726950890e+04
1.108333333333333215e+01,3.869953712722931232e+04
1.110416666666666607e+01,3.954502073501874838e+04
1.112500000000000000e+01,3.975799739512627275e+04
1.114583333333333215e+01,3.864327415921847569e+04
1.116666666666666607e+01,3.769450687030686095e+04
1.118750000000000000e+01,3.865245602976199734e+04
1.120833333333333215e+01,4.037173454916009359e+04
1.122916666666666607e+01,3.865966246110756038e+04
1.125000000000000000e+01,3.627955028657773073e+04
1.127083333333333215e+01,3.859577894720069889e+04
1.129166666666666607e+01,4.185169344340589305e+04
1.131250000000000000e+01,3.758303818606541608e+04
1.133333333333333215e+01,3.599499545863629464e+04
1.135416666666666607e+01,4.033383068981212273e+04
1.137500000000000000e+01,4.185915577054373716e+04
1.139583333333333215e+01,3.596544964756293484e+04
1.141666666666666607e+01,3.585237117660966032e+04
1.143750000000000000e+01,4.184430165161630430e+04
1.145833333333333215e+01,3.947806318097580515e+04
1.147916666666666607e+01,3.620145009764737915e+04
1.150000000000000000e+01,3.943549868379774853e+04
1.152083333333333215e+01,4.184852297846462898e+04
1.154166666666666607e+01,3.592196089479183138e+04
1.156250000000000000e+01,3.713730476107443246e+04
1.158333333333333215e+01,4.184048442195235839e+04
1.160416666666666607e+01,3.918701291143869457e+04
1.162500000000000000e+01,3.553762372143795073e+04
1.164583333333333215e+01,3.959965095749672037e+04
1.166666666666666607e+01,4.171587404754204908e+04
1.168750000000000000e+01,3.559905004428011307e+04
1.170833333333333215e+01,3.716314318433106382e+04
1.172916666666666607e+01,4.135799997221936064e+04
1.175000000000000000e+01,3.887929299528910633e+04
1.177083333333333215e+01,3.395007408337313973e+04
1.179166666666666607e+01,3.963134414028406900e+04
1.181250000000000000e+01,4.138106622338959278e+04
1.183333333333333215e+01,3.589327500351265189e+04
1.185416666666666607e+01,3.777021381968978676e+04
1.187500000000000000e+01,4.183510883074577578e+04
1.189583333333333215e+01,3.845203827682050905e+04
1.191666666666666607e+01,3.634223746502034919e+04
1.193750000000000000e+01,4.085124265838385327e+04
1.195833333333333215e+01,4.080694444912916515e+04
1.197916666666666607e+01,3.543304895373281033e+04
1.200000000000000000e+01,3.790433560286604916e+04
1.202083333333333215e+01,4.183770885071580415e+04
1.204166666666666607e+01,3.825562767128381529e+04
1.206250000000000000e+01,3.554765900956584665e+04
1.208333333333333215e+01,4.086339652817052411e+04
1.210416666666666607e+01,4.026192087912226998e+04
1.212500000000000000e+01,3.686931067506407999e+04
1.214583333333333215e+01,3.830434015896644996e+04
1.216666666666666607e+01,4.006395120832739485e+04
1.218750000000000000e+01,3.747858523099097511e+04
1.220833333333333215e+01,3.825205513525816787e+04
1.222916666666666607e+01,4.168959662627492798e+04
1.225000000000000000e+01,3.643063739335542050e+04
1.227083333333333215e+01,3.543375414015659771e+04
1.229166666666666607e+01,4.170699067390897835e+04
1.231250000000000000e+01,4.184132447165496706e+04
1.233333333333333215e+01,3.376879881399213627e+04
1.235416666666666607e+01,3.610963153043387138e+04
1.237500000000000000e+01,4.502417104732633743e+04
1.239583333333333215e+01,3.962662823271869274e+04
1.241666666666666607e+01,3.222991604927380467e+04
1.243750000000000000e+01,3.853863269112857961e+04
1.245833333333333215e+01,4.487720365213262994e+04
1.247916666666666607e+01,3.687414673929852870e+04
1.250000000000000000e+01,3.313100369371207489e+04
1.252083333333333215e+01,4.077254093071247189e+04
1.254166666666666607e+01,4.185573861506221874e+04
1.256250000000000000e+01,3.502448144537593907e+04
1.258333333333333215e+01,3.589318757581848331e+04
1.260416666666666607e+01,4.147227661200182047e+04
1.262500000000000000e+01,3.868384182324948051e+04
1.264583333333333215e+01,3.727948647498762148e+04
1.266666666666666607e+01,3.858941295696079760e+04
1.268750000000000000e+01,3.894968693112945039e+04
1.270833333333333215e+01,3.862197489988485177e+04
1.272916666666666607e+01,3.964959995308110229e+04
1.275000000000000000e+01,3.840412731609417824e+04
1.277083333333333215e+01,3.541182645592520566e+04
1.279166666666666607e+01,4.054685506082756183e+04
1.281250000000000000e+01,4.182684187989190832e+04
1.283333333333333215e+01,3.654480233276987565e+04
1.285416666666666607e+01,3.543564154930825316e+04
1.287500000000000000e+01,4.299759731376708805e+04
1.289583333333333215e+01,4.135906109675860353e+04
1.291666666666666607e+01,3.222618938427212925e+04
1.293750000000000000e+01,3.665319222605832329e+04
1.295833333333333215e+01,4.504067313564990036e+04
1.297916666666666607e+01,3.834298792171962123e+04
1.300000000000000000e+01,3.223783091075625998e+04
1.302083333333333215e+01,4.098165604488948884e+04
1.304166666666666607e+01,4.374035687610947934e+04
1.306250000000000000e+01,3.542317977943201549e+04
1.308333333333333215e+01,3.472474109511543793e+04
1.310416666666666607e+01,4.183812260336683539e+04
1.312500000000000000e+01,4.113889666131788545e+04
1.314583333333333215e+01,3.544270086308542523e+04
1.316666666666666607e+01,3.846773293721467053e+04
1.318750000000000000e+01,4.000769122053995670e+04
1.320833333333333215e+01,3.862186547375816008e+04
1.322916666666666607e+01,3.865443242990864383e+04
1.325000000000000000e+01,3.913116576241531584e+04
1.327083333333333215e+01,3.777278791822046333e+04
1.329166666666666607e+01,3.894827323179313680e+04
1.331250000000000000e+01,4.114825359720911365e+04
1.333333333333333215e+01,3.639777407738709007e+04
1.335416666666666607e+01,3.528222649969501799e+04
1.337500000000000000e+01,4.166797442572003638e+04
1.339583333333333215e+01,4.177892158699646097e+04
1.341666666666666607e+01,3.364188573298900155e+04
1.343750000000000000e+01,3.579404513260997192e+04
1.345833333333333215e+01,4.434759147619668511e+04
1.347916666666666607e+01,3.955583681529766181e+04
1.350000000000000000e+01,3.222956170040077268e+04
1.352083333333333215e+01,3.877406465405915515e+04
1.354166666666666607e+01,4.503582491850820224e+04
1.356250000000000000e+01,3.640443749463248241e+04
1.358333333333333215e+01,3.342175591278538195e+04
1.360416666666666607e+01,4.182822191820184526e+04
1.362500000000000000e+01,4.243749163582760229e+04
1.364583333333333215e+01,3.542977792274211242e+04
1.366666666666666607e+01,3.630356707789249049e+04
1.368750000000000000e+01,4.177104274029563385e+04
1.370833333333333215e+01,3.805326191656726587e+04
1.372916666666666607e+01,3.708298219018318923e+04
1.375000000000000000e+01,3.979668402039178181e+04
1.377083333333333215e+01,3.924928106463172298e+04
1.379166666666666607e+01,3.833011353712416894e+04
1.381250000000000000e+01,3.937238318669603905e+04
1.383333333333333215e+01,3.853271432305832423e+04
1.385416666666666607e+01,3.562604259746284515e+04
1.387500000000000000e+01,4.048963416670948936e+04
1.389583333333333215e+01,4.183089907605265762e+04
1.391666666666666607e+01,3.698391957428889145e+04
1.393750000000000000e+01,3.544619397649135499e+04
1.395833333333333215e+01,4.187651156772817922e+04
1.397916666666666607e+01,4.154270244430821185e+04
1.400000000000000000e+01,3.231403058491588308e+04
1.402083333333333215e+01,3.741514699154455593e+04
1.404166666666666607e+01,4.503038300029147649e+04
1.406250000000000000e+01,3.879809605496987206e+04
1.408333333333333215e+01,3.223179449843605107e+04
1.410416666666666607e+01,4.019294112723149010e+04
1.412500000000000000e+01,4.335456358810025267e+04
1.414583333333333215e+01,3.479120275272153958e+04
1.416666666666666607e+01,3.446934566710926447e+04
1.418750000000000000e+01,4.185862248146338970e+04
1.420833333333333215e+01,4.192292470207566657e+04
1.422916666666666607e+01,3.671138543273067626e+04
1.425000000000000000e+01,3.673141445184344047e+04
1.427083333333333215e+01,4.134722871555445454e+04
1.429166666666666607e+01,3.870918779466067645e+04
1.431250000000000000e+01,3.762589437304362946e+04
1.433333333333333215e+01,3.864121042969387781e+04
1.435416666666666607e+01,3.961236408792682778e+04
1.437500000000000000e+01,3.863956683760385204e+04
1.439583333333333215e+01,4.031139291075400979e+04
1.441666666666666607e+01,3.786348334048605466e+04
1.443750000000000000e+01,3.658245195136650000e+04
1.445833333333333215e+01,4.133938273387574009e+04
1.447916666666666607e+01,4.126917592067105579e+04
1.450000000000000000e+01,3.435455772297240765e+04
1.452083333333333215e+01,3.545479611250971357e+04
1.454166666666666607e+01,4.370790261781620211e+04
1.456250000000000000e+01,3.977391171827662765e+04
1.458333333333333215e+01,3.320590266961399175e+04
1.460416666666666607e+01,3.844592072231303609e+04
1.462500000000000000e+01,4.387049165220182476e+04
1.464583333333333215e+01,3.713956338016129303e+04
1.466666666666666607e+01,3.334987628840075195e+04
1.468750000000000000e+01,4.183340364188325475e+04
1.470833333333333215e+01,4.235545096299539728e+04
1.472916666666666607e+01,3.542840801763566560e+04
1.475000000000000000e+01,3.628664672865139437e+04
1.477083333333333215e+01,4.156502576947291527e+04
1.479166666666666607e+01,3.874371762766030588e+04
1.481250000000000000e+01,3.752574006346613896e+04
1.483333333333333215e+01,3.987287228779913130e+04
1.485416666666666607e+01,4.012887806141164037e+04
1.487500000000000000e+01,3.744466105073760991e+04
1.489583333333333215e+01,4.011821709553124674e+04
1.491666666666666607e+01,4.157326294107914873e+04
1.493750000000000000e+01,3.561750699323610024e+04
1.495833333333333215e+01,3.786608836948293174e+04
1.497916666666666607e+01,4.191243199435016140e+04
1.500000000000000000e+01,3.870438039101223694e+04
1.502083333333333215e+01,3.430150406187387853e+04
1.504166666666666607e+01,4.053454599833360408e+04
1.506250000000000000e+01,4.140291036082759820e+04
1.508333333333333215e+01,3.544386576157929085e+04
1.510416666666666607e+01,3.919068339596747683e+04
1.512500000000000000e+01,4.184710210395861941e+04
1.514583333333333215e+01,3.737455863304423110e+04
1.516666666666666607e+01,3.545383394725771359e+04
1.518750000000000000e+01,4.195286260642125126e+04
1.520833333333333215e+01,4.065602056261350663e+04
1.522916666666666607e+01,3.540164580962998298e+04
1.525000000000000000e+01,3.788818029131607909e+04
1.527083333333333215e+01,4.180038071433961886e+04
1.529166666666666607e+01,3.803005270721576380e+04
1.531250000000000000e+01,3.445560491922165238e+04
1.533333333333333215e+01,4.119815226812846231e+04
1.535416666666666607e+01,4.084633606323671847e+04
1.537500000000000000e+01,3.543473488323616039e+04
1.539583333333333215e+01,3.785734150475112256e+04
1.541666666666666607e+01,4.183912126688937133e+04
1.543750000000000000e+01,3.847292542261466588e+04
1.545833333333333215e+01,3.544036580891510675e+04
1.547916666666666607e+01,4.132841119288840855e+04
1.550000000000000000e+01,4.064856096836539655e+04
1.552083333333333215e+01,3.542386085187167919e+04
1.554166666666666607e+01,3.804963347854377207e+04
1.556250000000000000e+01,4.183690306608096580e+04
1.558333333333333215e+01,3.794793948351788276e+04
1.560416666666666607e+01,3.561839943665436294e+04
1.562500000000000000e+01,4.176756046149128088e+04
1.564583333333333215e+01,3.988932807237796806e+04
1.566666666666666607e+01,3.671909534382698621e+04
1.568750000000000000e+01,3.930517762556531670e+04
1.570833333333333215e+01,4.303855629035707534e+04
1.572916666666666607e+01,3.769969401342299534e+04
1.575000000000000000e+01,3.622281944290175306e+04
1.577083333333333215e+01,4.266535784802859416e+04
1.579166666666666607e+01,3.970838171840995346e+04
1.581250000000000000e+01,3.438575275793390756e+04
1.583333333333333215e+01,3.904945964100788842e+04
1.585416666666666607e+01,4.101585609075128014e+04
1.587500000000000000e+01,3.581715120426710928e+04
1.589583333333333215e+01,3.951303768951803795e+04
1.591666666666666607e+01,4.186498418787030096e+04
1.593750000000000000e+01,3.605540690361387533e+04
1.595833333333333215e+01,3.512424693702605146e+04
1.597916666666666607e+01,4.147653172974691552e+04
1.600000000000000000e+01,4.186929290524827229e+04
1.602083333333333215e+01,3.297313443156266294e+04
1.604166666666666430e+01,3.655046959516600327e+04
1.606250000000000000e+01,4.504526431578536722e+04
1.608333333333333215e+01,3.999973889610596962e+04
1.610416666666666430e+01,3.223727033802519145e+04
1.612500000000000000e+01,3.841886048043527990e+04
1.614583333333333215e+01,4.504499933149779099e+04
1.616666666666666430e+01,3.804884563683094166e+04
1.618750000000000000e+01,3.227920190577030007e+04
1.620833333333333215e+01,4.150641879500605864e+04
1.622916666666666430e+01,4.340864941199395980e+04
1.625000000000000000e+01,3.518406593658445490e+04
1.627083333333333215e+01,3.466960855809202621e+04
1.629166666666666430e+01,4.183309724331516190e+04
1.631250000000000000e+01,4.134742174536390667e+04
1.633333333333333215e+01,3.444914808759743755e+04
1.635416666666666430e+01,3.811784381418934936e+04
1.637500000000000000e+01,4.050837377384112187e+04
1.639583333333333215e+01,3.863892587277448183e+04
1.641666666666666430e+01,3.517119549276987527e+04
1.643750000000000000e+01,3.704188561122845567e+04
1.645833333333333215e+01,3.702137085174566892e+04
1.647916666666666430e+01,3.815061044122488966e+04
1.650000000000000000e+01,4.087336337729948718e+04
1.652083333333333215e+01,3.943317681516161974e+04
1.654166666666666430e+01,3.529907377021752473e+04
1.656250000000000000e+01,4.072181760908983415e+04
1.658333333333333215e+01,4.179344606192490755e+04
1.660416666666666430e+01,3.433248748729961517e+04
1.662500000000000000e+01,3.594155182727538340e+04
1.664583333333333215e+01,4.445557561087172508e+04
1.666666666666666430e+01,3.930791575987352553e+04
1.668750000000000000e+01,3.223515803624468026e+04
1.670833333333333215e+01,3.958831456573635660e+04
1.672916666666666430e+01,4.439829499730695534e+04
1.675000000000000000e+01,3.541709669229931751e+04
1.677083333333333215e+01,3.430543918479928107e+04
1.679166666666666430e+01,4.183933572532877588e+04
1.681250000000000000e+01,4.212138386223921407e+04
1.683333333333333215e+01,3.543579447927889123e+04
1.685416666666666430e+01,3.666065034475456196e+04
1.687500000000000000e+01,4.132117133286195167e+04
1.689583333333333215e+01,3.798726815860216448e+04
1.691666666666666430e+01,3.774666678467605379e+04
1.693750000000000000e+01,3.900363500764189666e+04
1.695833333333333215e+01,3.797345838469354931e+04
1.697916666666666430e+01,3.877757898114679847e+04
1.700000000000000000e+01,4.159061454513061472e+04
1.702083333333333215e+01,3.715325602696845453e+04
1.704166666666666430e+01,3.556649497205985244e+04
1.706250000000000000e+01,4.130414283215394971e+04
1.708333333333333215e+01,4.183600277959115192e+04
1.710416666666666430e+01,3.490646407205842843e+04
1.712500000000000000e+01,3.639574993311682192e+04
1.714583333333333215e+01,4.489461499083509989e+04
1.716666666666666430e+01,3.855209561416976794e+04
1.718750000000000000e+01,3.509912521249266138e+04
1.720833333333333215e+01,4.262120480353546736e+04
1.722916666666666430e+01,4.328619363860073645e+04
1.725000000000000000e+01,3.368198517739143426e+04
1.727083333333333215e+01,3.662905629462692741e+04
1.729166666666666430e+01,4.516152849065086048e+04
1.731250000000000000e+01,3.928832131995556847e+04
1.733333333333333215e+01,3.229105474627967487e+04
1.735416666666666430e+01,3.834166157261217450e+04
1.737500000000000000e+01,4.506445765371645393e+04
1.739583333333333215e+01,3.743234840253343282e+04
1.741666666666666430e+01,3.256880334264535486e+04
1.743750000000000000e+01,4.182337491798320116e+04
1.745833333333333215e+01,4.192569715746837028e+04
1.747916666666666430e+01,3.465040122336120112e+04
1.750000000000000000e+01,3.496035925226889958e+04
1.752083333333333215e+01,4.187376157331060676e+04
1.754166666666666430e+01,4.101317688673149678e+04
1.756250000000000000e+01,3.601201877887390583e+04
1.758333333333333215e+01,3.923764363881778263e+04
1.760416666666666430e+01,4.116677386882545397e+04
1.762500000000000000e+01,3.850114357305514568e+04
1.764583333333333215e+01,3.773062271699793200e+04
1.766666666666666430e+01,3.864864908754394128e+04
1.768750000000000000e+01,3.799656479424531426e+04
1.770833333333333215e+01,3.866566349759627337e+04
1.772916666666666430e+01,4.151563642500265996e+04
1.775000000000000000e+01,3.703180625011322263e+04
1.777083333333333215e+01,3.542750165648767143e+04
1.779166666666666430e+01,4.054298268930642371e+04
1.781250000000000000e+01,4.183082852946954517e+04
1.783333333333333215e+01,3.538753593135923438e+04
1.785416666666666430e+01,3.666843422214432940e+04
1.787500000000000000e+01,4.324355854559570435e+04
1.789583333333333215e+01,4.024761677124072594e+04
1.791666666666666430e+01,3.550041441057711199e+04
1.793750000000000000e+01,3.604937939183102571e+04
1.795833333333333215e+01,4.189295796736470220e+04
1.797916666666666430e+01,3.944241331367472594e+04
1.800000000000000000e+01,3.564614016498846468e+04
1.802083333333333215e+01,4.025877274751016375e+04
1.804166666666666430e+01,4.033468066020496190e+04
1.806250000000000000e+01,3.601724703809969651e+04
1.808333333333333215e+01,3.840797929605066747e+04
1.810416666666666430e+01,4.186827961397603212e+04
1.812500000000000000e+01,3.665054708689741528e+04
1.814583333333333215e+01,3.650096177460645413e+04
1.816666666666666430e+01,4.186517355476167722e+04
1.818750000000000000e+01,3.872984481517134554e+04
1.820833333333333215e+01,3.545033252995910152e+04
1.822916666666666430e+01,4.088444276977535628e+04
1.825000000000000000e+01,4.073199908420698921e+04
1.827083333333333215e+01,3.445086396034953214e+04
1.829166666666666430e+01,3.773312225187770673e+04
1.831250000000000000e+01,4.185643877153466019e+04
1.833333333333333215e+01,3.880891880696953012e+04
1.835416666666666430e+01,3.576841525709706912e+04
1.837500000000000000e+01,4.148111247653081955e+04
1.839583333333333215e+01,4.108871969499227271e+04
1.841666666666666430e+01,3.449323190621077811e+04
1.843750000000000000e+01,3.790282225749905774e+04
1.845833333333333215e+01,4.189270092126636155e+04
1.847916666666666430e+01,3.828358406062787253e+04
1.850000000000000000e+01,3.543510253100012778e+04
1.852083333333333215e+01,4.148731299199599016e+04
1.854166666666666430e+01,4.030283732609696744e+04
1.856250000000000000e+01,3.542494810850542854e+04
1.858333333333333215e+01,3.793373764359330380e+04
1.860416666666666430e+01,4.183861565158891608e+04
1.862500000000000000e+01,3.836042622854092770e+04
1.864583333333333215e+01,3.674589514807411615e+04
1.866666666666666430e+01,4.099349550870826351e+04
1.868750000000000000e+01,4.077819418355501693e+04
1.870833333333333215e+01,3.543530504793175351e+04
1.872916666666666430e+01,3.763364511556731304e+04
1.875000000000000000e+01,4.183396636280119856e+04
1.877083333333333215e+01,3.866440560004494182e+04
1.879166666666666430e+01,3.459624016984434274e+04
1.881250000000000000e+01,4.009216067158750957e+04
1.883333333333333215e+01,4.157848745759738085e+04
1.885416666666666430e+01,3.543294198820557358e+04
1.887500000000000000e+01,3.665014804862854362e+04
1.889583333333333215e+01,4.117591899450126220e+04
1.891666666666666430e+01,3.830763707447463094e+04
1.893750000000000000e+01,3.518396777734514035e+04
1.895833333333333215e+01,4.103034441593217343e+04
1.897916666666666430e+01,4.086074727572550182e+04
1.900000000000000000e+01,3.536153836879687879e+04
1.902083333333333215e+01,3.784017217745386733e+04
1.904166666666666430e+01,4.143057440419655904e+04
1.906250000000000000e+01,3.839051050323902746e+04
1.908333333333333215e+01,3.469649656762380619e+04
1.910416666666666430e+01,4.095255181428833748e+04
1.912500000000000000e+01,4.071211838684641407e+04
1.914583333333333215e+01,3.543058190595885389e+04
1.916666666666666430e+01,3.840993257251565956e+04
1.918750000000000000e+01,4.183783959326477634e+04
1.920833333333333215e+01,3.816565232074198866e+04
1.922916666666666430e+01,3.556746106651295850e+04
1.925000000000000000e+01,4.043522556291324872e+04
1.927083333333333215e+01,4.013415205078982399e+04
1.929166666666666430e+01,3.717743618294393673e+04
1.931250000000000000e+01,3.844860838757195597e+04
1.933333333333333215e+01,3.947095509299510013e+04
1.935416666666666430e+01,3.745269999499448022e+04
1.937500000000000000e+01,3.925398733731338143e+04
1.939583333333333215e+01,4.183636950858509226e+04
1.941666666666666430e+01,3.650666474571218714e+04
1.943750000000000000e+01,3.543257009620528697e+04
1.945833333333333215e+01,4.202818837543950940e+04
1.947916666666666430e+01,4.183805127604892914e+04
1.950000000000000000e+01,3.397724799580408580e+04
1.952083333333333215e+01,3.681926226754447998e+04
1.954166666666666430e+01,4.503054877056004625e+04
1.956250000000000000e+01,3.894222080895359977e+04
1.958333333333333215e+01,3.224386368305319775e+04
1.960416666666666430e+01,3.937507212458707363e+04
1.962500000000000000e+01,4.411097724227252911e+04
1.964583333333333215e+01,3.255179995891248473e+04
1.966666666666666430e+01,3.465073257711213955e+04
1.968750000000000000e+01,4.518895818149397383e+04
1.970833333333333215e+01,4.162677105702149129e+04
1.972916666666666430e+01,3.230589055466969512e+04
1.975000000000000000e+01,3.743506035502738814e+04
1.977083333333333215e+01,4.419559069908500533e+04
1.979166666666666430e+01,3.865531678604897752e+04
1.981250000000000000e+01,3.480956297868097317e+04
1.983333333333333215e+01,3.864699525971058756e+04
1.985416666666666430e+01,4.355576290035371494e+04
1.987500000000000000e+01,3.863965327606724168e+04
1.989583333333333215e+01,3.334901997248350381e+04
1.991666666666666430e+01,3.863749002440130425e+04
1.993750000000000000e+01,4.393035821126852534e+04
1.995833333333333215e+01,3.862455109051901673e+04
1.997916666666666430e+01,3.274922753364448727e+04
2.000000000000000000e+01,3.930496354046482156e+04
2.002083333333333215e+01,4.494655922981222830e+04
2.004166666666666430e+01,3.860791432261614682e+04
2.006250000000000000e+01,3.221553586041651579e+04
2.008333333333333215e+01,3.861151150681592117e+04
2.010416666666666430e+01,4.443476447824035131e+04
2.012500000000000000e+01,3.743585636546689057e+04
2.014583333333333215e+01,3.225127370707206501e+04
2.016666666666666430e+01,3.924726209297304740e+04
2.018750000000000000e+01,4.499393843801982439e+04
2.020833333333333215e+01,3.858480377938787569e+04
2.022916666666666430e+01,3.218673197321715998e+04
2.025000000000000000e+01,3.858310812555369193e+04
2.027083333333333215e+01,4.484453139432742319e+04
2.029166666666666430e+01,3.730709232795414573e+04
2.031250000000000000e+01,3.071706052019014896e+04
2.033333333333333215e+01,3.670143768138607993e+04
2.035416666666666430e+01,3.976202237412332761e+04
2.037500000000000000e+01,3.699108093474926136e+04
2.039583333333333215e+01,3.463401327247523295e+04
2.041666666666666430e+01,3.817750155644834740e+04
2.043750000000000000e+01,4.099210526413788466e+04
2.045833333333333215e+01,3.842395910392699443e+04
2.047916666666666430e+01,3.464355833835506928e+04
2.050000000000000000e+01,3.920669017822876049e+04
2.052083333333333215e+01,4.190026865913935762e+04
2.054166666666666430e+01,3.859288996375555871e+04
2.056250000000000000e+01,3.564224875847563817e+04
2.058333333333333215e+01,3.860334864377716440e+04
2.060416666666666430e+01,4.064105828846224176e+04
2.062500000000000000e+01,3.862873683615457412e+04
2.064583333333333215e+01,3.846768706718135945e+04
2.066666666666666430e+01,3.861469052872508473e+04
2.068750000000000000e+01,3.689014658434811281e+04
2.070833333333333215e+01,3.937258425929244549e+04
2.072916666666666430e+01,4.181935893486182613e+04
2.075000000000000000e+01,3.627322148155230389e+04
2.077083333333333215e+01,3.607571574225159566e+04
2.079166666666666430e+01,4.138671613232590607e+04
2.081250000000000000e+01,4.184638011862363055e+04
2.083333333333333215e+01,3.321981091548196855e+04
2.085416666666666430e+01,3.662902952613143862e+04
2.087500000000000000e+01,4.652123515445890371e+04
2.089583333333333215e+01,4.063618462540469045e+04
2.091666666666666430e+01,3.333641188127222267e+04
2.093750000000000000e+01,4.254026358465968951e+04
2.095833333333333215e+01,4.474174995230089553e+04
2.097916666666666430e+01,3.377503120586385194e+04
2.100000000000000000e+01,3.437377247252562665e+04
2.102083333333333215e+01,4.516765171542660391e+04
2.104166666666666430e+01,4.242509643995901570e+04
2.106250000000000000e+01,3.230746726571669205e+04
2.108333333333333215e+01,3.578754541580859222e+04
2.110416666666666430e+01,4.507155721526101843e+04
2.112500000000000000e+01,3.938981752094058174e+04
2.114583333333333215e+01,3.312932342301448080e+04
2.116666666666666430e+01,3.864391976982367487e+04
2.118750000000000000e+01,4.341734332753343188e+04
2.120833333333333215e+01,3.862539962106379244e+04
2.122916666666666430e+01,3.385370169906052615e+04
2.125000000000000000e+01,3.863179775265669741e+04
2.127083333333333215e+01,4.269791107724876201e+04
2.129166666666666430e+01,3.862136357340596442e+04
2.131250000000000000e+01,3.528768660110812925e+04
2.133333333333333215e+01,3.885023045566918881e+04
2.135416666666666430e+01,3.993095427353400009e+04
2.137500000000000000e+01,3.939603326686593209e+04
2.139583333333333215e+01,3.861373477605264634e+04
2.141666666666666430e+01,3.718705696572508168e+04
2.143750000000000000e+01,3.862287339229484496e+04
2.145833333333333215e+01,4.175910970129076304e+04
2.147916666666666430e+01,3.862775583430682309e+04
2.150000000000000000e+01,3.346256549359644123e+04
2.152083333333333215e+01,4.140307605705377500e+04
2.154166666666666430e+01,4.501446008655118203e+04
2.156250000000000000e+01,3.752620279264709097e+04
2.158333333333333215e+01,3.399463417167718580e+04
2.160416666666666430e+01,4.136851561940771353e+04
2.162500000000000000e+01,4.360769528100467869e+04
2.164583333333333215e+01,3.505650952295295428e+04
2.166666666666666430e+01,3.466657769664411171e+04
2.168750000000000000e+01,4.445162106241806032e+04
2.170833333333333215e+01,4.031877537527286768e+04
2.172916666666666430e+01,3.225065994968551240e+04
2.175000000000000000e+01,3.806348323505814915e+04
2.177083333333333215e+01,4.504532216806044016e+04
2.179166666666666430e+01,3.778229408330624574e+04
2.181250000000000000e+01,3.245153562704607612e+04
2.183333333333333215e+01,4.172035954353413399e+04
2.185416666666666430e+01,4.261792902772474918e+04
2.187500000000000000e+01,3.542927393942889466e+04
2.189583333333333215e+01,3.508261438246256876e+04
2.191666666666666430e+01,4.184820473931745801e+04
2.193750000000000000e+01,4.063617620886533405e+04
2.195833333333333215e+01,3.586170242874500400e+04
2.197916666666666430e+01,3.966741544018137938e+04
2.200000000000000000e+01,3.958786858209784259e+04
2.202083333333333215e+01,3.809467423221594800e+04
2.204166666666666430e+01,3.877810804931369057e+04
2.206250000000000000e+01,3.864255453484113241e+04
2.208333333333333215e+01,3.607499492628958978e+04
2.210416666666666430e+01,4.006264166081715666e+04
2.212500000000000000e+01,4.183654199594818783e+04
2.214583333333333215e+01,3.616640761231449869e+04
2.216666666666666430e+01,3.615014714426305727e+04
2.218750000000000000e+01,4.222023366067380994e+04
2.220833333333333215e+01,4.184106691059511650e+04
2.222916666666666430e+01,3.284533386315155076e+04
2.225000000000000000e+01,3.667590991168271285e+04
2.227083333333333215e+01,4.373642333295336721e+04
2.229166666666666430e+01,3.945925742516858008e+04
2.231250000000000000e+01,3.351825117829337250e+04
2.233333333333333215e+01,4.259183088129325915e+04
2.235416666666666430e+01,4.423633166800119216e+04
2.237500000000000000e+01,3.503138975588615722e+04
2.239583333333333215e+01,3.752446502409947425e+04
2.241666666666666430e+01,4.452744499295832065e+04
2.243750000000000000e+01,3.963604650796721398e+04
2.245833333333333215e+01,3.238626579729104560e+04
2.247916666666666430e+01,3.841934021726736682e+04
2.250000000000000000e+01,4.479238917726355430e+04
2.252083333333333215e+01,3.758607051889120339e+04
2.254166666666666430e+01,3.257895568332604307e+04
2.256250000000000000e+01,4.168667057372967247e+04
2.258333333333333215e+01,4.257873530463594216e+04
2.260416666666666430e+01,3.460432276732585160e+04
2.262500000000000000e+01,3.533717630138564709e+04
2.264583333333333215e+01,4.195989984159481537e+04
2.266666666666666430e+01,4.002853224490441062e+04
2.268750000000000000e+01,3.636178607928746351e+04
2.270833333333333215e+01,3.863054518226262735e+04
2.272916666666666430e+01,3.991368493933213176e+04
2.275000000000000000e+01,3.864417813366299379e+04
2.277083333333333215e+01,3.902932416386499244e+04
2.279166666666666430e+01,3.863846740201651119e+04
2.281250000000000000e+01,3.612914265545071248e+04
2.283333333333333215e+01,3.996871974963015236e+04
2.285416666666666430e+01,4.241221963960273570e+04
2.287500000000000000e+01,3.757763469742368034e+04
2.289583333333333215e+01,3.545532850407696242e+04
2.291666666666666430e+01,4.264414072286619921e+04
2.293750000000000000e+01,4.155818640868643706e+04
2.295833333333333215e+01,3.259143822326853478e+04
2.297916666666666430e+01,3.742343163250798534e+04
2.300000000000000000e+01,4.358359728720351995e+04
2.302083333333333215e+01,3.772859639637998043e+04
2.304166666666666430e+01,3.361831749677299376e+04
2.306250000000000000e+01,4.045427730543912185e+04
2.308333333333333215e+01,4.229832524335919879e+04
2.310416666666666430e+01,3.370219780876008736e+04
2.312500000000000000e+01,3.844939272948737198e+04
2.314583333333333215e+01,4.119902860543614952e+04
2.316666666666666430e+01,3.544221581341273850e+04
2.318750000000000000e+01,3.519159216409047804e+04
2.320833333333333215e+01,4.250890103023748816e+04
2.322916666666666430e+01,4.157128293754977494e+04
2.325000000000000000e+01,3.252795797060305267e+04
2.327083333333333215e+01,3.577942287762693013e+04
2.329166666666666430e+01,4.502391594185768190e+04
2.331250000000000000e+01,3.889332004451278772e+04
2.333333333333333215e+01,3.223072116843738331e+04
2.335416666666666430e+01,4.011441456045666564e+04
2.337500000000000000e+01,4.393832824582445755e+04
2.339583333333333215e+01,3.428112584450448776e+04
2.341666666666666430e+01,3.495688466189354222e+04
2.343750000000000000e+01,4.324999256088587572e+04
2.345833333333333215e+01,4.044704051200493268e+04
2.347916666666666430e+01,3.380004152842999611e+04
2.350000000000000000e+01,3.864007308537548670e+04
2.352083333333333215e+01,4.258842172025435866e+04
2.354166666666666430e+01,3.865841625374908472e+04
2.356250000000000000e+01,3.569854726515506627e+04
2.358333333333333215e+01,3.864299049942278361e+04
2.360416666666666430e+01,3.923083497679140419e+04
2.362500000000000000e+01,3.992224212641399936e+04
2.364583333333333215e+01,3.940937993061785528e+04
2.366666666666666430e+01,3.756860282572632423e+04
2.368750000000000000e+01,3.865173083730606595e+04
2.370833333333333215e+01,4.221738768052243540e+04
2.372916666666666430e+01,3.852444971973376232e+04
2.375000000000000000e+01,3.279277999430108321e+04
2.377083333333333215e+01,4.016415120146750996e+04
2.379166666666666430e+01,4.503108979630966496e+04
2.381250000000000000e+01,3.559238506828295795e+04
2.383333333333333215e+01,3.224007613969586964e+04
2.385416666666666430e+01,4.316522962344830012e+04
2.387500000000000000e+01,4.417721819303346274e+04
2.389583333333333215e+01,3.291040955956507969e+04
2.391666666666666430e+01,3.542738738331987406e+04
2.393750000000000000e+01,4.530966671358066378e+04
2.395833333333333215e+01,4.078047854362033831e+04
2.397916666666666430e+01,3.235445574181367556e+04
2.400000000000000000e+01,3.756256452140307374e+04
2.402083333333333215e+01,4.379612531413447869e+04
2.404166666666666430e+01,3.817323930878329702e+04
2.406250000000000000e+01,3.482953543199851265e+04
2.408333333333333215e+01,3.864859707603544666e+04
2.410416666666666430e+01,4.082501207929507655e+04
2.412500000000000000e+01,3.885120813200117846e+04
2.414583333333333215e+01,3.905581169264474011e+04
2.416666666666666430e+01,3.811210828892466088e+04
2.418750000000000000e+01,3.864688605408900912e+04
2.420833333333333215e+01,4.157141248646216263e+04
2.422916666666666430e+01,3.864807134453473554e+04
2.425000000000000000e+01,3.378930721032775182e+04
2.427083333333333215e+01,3.914453604773639381e+04
2.429166666666666430e+01,4.443111027323687449e+04
2.431250000000000000e+01,3.662544037022468547e+04
2.433333333333333215e+01,3.223183740405796925e+04
2.435416666666666430e+01,4.103233353586487647e+04
2.437500000000000000e+01,4.503948487900420878e+04
2.439583333333333215e+01,3.488102153889682086e+04
2.441666666666666430e+01,3.223546945583203706e+04
2.443750000000000000e+01,4.424855447657405603e+04
2.445833333333333215e+01,4.211739455880294554e+04
2.447916666666666430e+01,3.224160663288824071e+04
2.450000000000000000e+01,3.463576255711293925e+04
2.452083333333333215e+01,4.504953317939184490e+04
2.454166666666666430e+01,4.114392288560316956e+04
2.456250000000000000e+01,3.224184614852235973e+04
2.458333333333333215e+01,3.821739631225808989e+04
2.460416666666666430e+01,4.338625825782711036e+04
2.462500000000000000e+01,3.862882273605742375e+04
2.464583333333333215e+01,3.482278289103864518e+04
2.466666666666666430e+01,3.934055859115658677e+04
2.468750000000000000e+01,4.041211733335769532e+04
2.470833333333333215e+01,3.775402271996538911e+04
2.472916666666666430e+01,3.615443622079633496e+04
2.475000000000000000e+01,3.769744226428434922e+04
2.477083333333333215e+01,3.841912287007538544e+04
2.479166666666666430e+01,4.077780939318757009e+04
2.481250000000000000e+01,3.855861901058227522e+04
2.483333333333333215e+01,3.618216447678367695e+04
2.485416666666666430e+01,3.861633063714330638e+04
2.487500000000000000e+01,4.442464611873430113e+04
2.489583333333333215e+01,3.705449601436360535e+04
2.491666666666666430e+01,3.223356816813974729e+04
2.493750000000000000e+01,4.095249476335739018e+04
2.495833333333333215e+01,4.432049176404593891e+04
2.497916666666666430e+01,3.503618998631070281e+04
2.500000000000000000e+01,3.224060700219057253e+04
2.502083333333333215e+01,4.319765523223284981e+04
2.504166666666666430e+01,4.336059954765604925e+04
2.506250000000000000e+01,3.223835195262870911e+04
2.508333333333333215e+01,3.451190267797747947e+04
2.510416666666666430e+01,4.504573811774513160e+04
2.512500000000000000e+01,4.127268017001584667e+04
2.514583333333333215e+01,3.223930125287850387e+04
2.516666666666666430e+01,3.806412023804541241e+04
2.518750000000000000e+01,4.336036235886573559e+04
2.520833333333333215e+01,3.757127285877698159e+04
2.522916666666666430e+01,3.485337713324994547e+04
2.525000000000000000e+01,3.979637151218271902e+04
2.527083333333333215e+01,4.089644886781008245e+04
2.529166666666666430e+01,3.862101997524173930e+04
2.531250000000000000e+01,3.858093075942207361e+04
2.533333333333333215e+01,3.812821070925386448e+04
2.535416666666666430e+01,3.864175251093068800e+04
2.537500000000000000e+01,3.980831142410409666e+04
2.539583333333333215e+01,3.865201405537549726e+04
2.541666666666666430e+01,3.722488039521296014e+04
2.543750000000000000e+01,3.822333538628667884e+04
2.545833333333333215e+01,4.183588486948017817e+04
2.547916666666666430e+01,3.747891968505962723e+04
2.550000000000000000e+01,3.582158611634493718e+04
2.552083333333333215e+01,3.530369542285932403e+04
2.554166666666666430e+01,3.974450420398788265e+04
2.556250000000000000e+01,3.578488696423763031e+04
2.558333333333333215e+01,3.563251570362570783e+04
2.560416666666666430e+01,4.137172387198374054e+04
2.562500000000000000e+01,3.919015326596701198e+04
2.564583333333333215e+01,3.528536304268123058e+04
2.566666666666666430e+01,3.976211073515534372e+04
2.568750000000000000e+01,4.241103333169256803e+04
2.570833333333333215e+01,3.713776846880309313e+04
2.572916666666666430e+01,3.609542742772716156e+04
2.575000000000000000e+01,4.183079485194430163e+04
2.577083333333333215e+01,4.034537259140003152e+04
2.579166666666666430e+01,3.543507985184123390e+04
2.581250000000000000e+01,3.558801896549462981e+04
2.583333333333333215e+01,4.179560535762830114e+04
2.585416666666666430e+01,4.180707917895120772e+04
2.587500000000000000e+01,3.542002387965507660e+04
2.589583333333333215e+01,3.562326667401288432e+04
2.591666666666666430e+01,4.177671306955411274e+04
2.593750000000000000e+01,4.179746130206505768e+04
2.595833333333333215e+01,3.659602415230293263e+04
2.597916666666666430e+01,3.641154036488358543e+04
2.600000000000000000e+01,4.224805531557802169e+04
2.602083333333333215e+01,4.209168718761952914e+04
2.604166666666666430e+01,3.558509454270340939e+04
2.606250000000000000e+01,3.566870995323569514e+04
2.608333333333333215e+01,4.184848239688227477e+04
2.610416666666666430e+01,4.184053075281645579e+04
2.612500000000000000e+01,3.522823285559831857e+04
2.614583333333333215e+01,3.568265344462634675e+04
2.616666666666666430e+01,4.179488691629438108e+04
2.618750000000000000e+01,4.180418274348393606e+04
2.620833333333333215e+01,3.540209337497864180e+04
2.622916666666666430e+01,3.544788079805087182e+04
2.625000000000000000e+01,4.163061130034625239e+04
2.627083333333333215e+01,4.179115359814617113e+04
2.629166666666666430e+01,3.538788228257696755e+04
2.631250000000000000e+01,3.583279385822531185e+04
2.633333333333333215e+01,4.076403304570226464e+04
2.635416666666666430e+01,4.178312232133208454e+04
2.637500000000000000e+01,3.563377948262290010e+04
2.639583333333333215e+01,3.566381576221335126e+04
2.641666666666666430e+01,4.301805483134970564e+04
2.643750000000000000e+01,4.179971565482142614e+04
2.645833333333333215e+01,3.372563800317599089e+04
2.647916666666666430e+01,3.540360377271188918e+04
2.650000000000000000e+01,4.468582886534857971e+04
2.652083333333333215e+01,4.092913462018227438e+04
2.654166666666666430e+01,3.237345585021762599e+04
2.656250000000000000e+01,3.584507487056522223e+04
2.658333333333333215e+01,4.497743119995010784e+04
2.660416666666666430e+01,4.177529392503530835e+04
2.662500000000000000e+01,3.217689456858874837e+04
2.664583333333333215e+01,3.537132506609198026e+04
2.666666666666666430e+01,4.496578362123121769e+04
2.668750000000000000e+01,4.176575598914964939e+04
2.670833333333333215e+01,3.216441155825094756e+04
2.672916666666666430e+01,3.403588710156176967e+04
2.675000000000000000e+01,4.497399801496531290e+04
2.677083333333333215e+01,3.709582775777677307e+04
2.679166666666666430e+01,2.930861055890217540e+04
2.681250000000000000e+01,3.383073395619694929e+04
2.683333333333333215e+01,4.271502447611014213e+04
2.685416666666666430e+01,4.108451577750957949e+04
2.687500000000000000e+01,3.251590564411437663e+04
2.689583333333333215e+01,3.511016979647732660e+04
2.691666666666666430e+01,4.448299873114760703e+04
2.693750000000000000e+01,4.165904913089168986e+04
2.695833333333333215e+01,3.209297545879230893e+04
2.697916666666666430e+01,3.532122140626599139e+04
2.700000000000000000e+01,4.427899349282504409e+04
2.702083333333333215e+01,4.175725247980292625e+04
2.704166666666666430e+01,3.215744551490961021e+04
2.706250000000000000e+01,3.536522940071957419e+04
2.708333333333333215e+01,4.498068696410739358e+04
2.710416666666666430e+01,4.066533512424558285e+04
2.712500000000000000e+01,3.219118888485521165e+04
2.714583333333333215e+01,3.647283369055353251e+04
2.716666666666666430e+01,4.501631704538927443e+04
2.718750000000000000e+01,4.135959887750217604e+04
2.720833333333333215e+01,3.220419366796632676e+04
2.722916666666666430e+01,3.484960232500837446e+04
2.725000000000000000e+01,4.428232700209059840e+04
2.727083333333333215e+01,4.182271451611349767e+04
2.729166666666666430e+01,3.221453159779435737e+04
2.731250000000000000e+01,3.541498981782699411e+04
2.733333333333333215e+01,4.501569458764183219e+04
2.735416666666666430e+01,4.181100535817393393e+04
2.737500000000000000e+01,3.220658638094129492e+04
2.739583333333333215e+01,3.667659738329888933e+04
2.741666666666666430e+01,4.500097624516879296e+04
2.743750000000000000e+01,4.035727590494538890e+04
2.745833333333333215e+01,3.871777300771234877e+04
2.747916666666666430e+01,3.782130869072305359e+04
2.750000000000000000e+01,4.656734365397525107e+04
2.752083333333333215e+01,4.227423023069630290e+04
2.754166666666666430e+01,3.367342393357326364e+04
2.756250000000000000e+01,3.933281173117701110e+04
2.758333333333333215e+01,4.314422724178524368e+04
2.760416666666666430e+01,3.883188528114627115e+04
2.762500000000000000e+01,3.554068305902524298e+04
2.764583333333333215e+01,3.720847862291339698e+04
2.766666666666666430e+01,4.185737069396293373e+04
2.768750000000000000e+01,4.065433934142931685e+04
2.770833333333333215e+01,3.596883831032468152e+04
2.772916666666666430e+01,3.747526603588797298e+04
2.775000000000000000e+01,4.181662479707941384e+04
2.777083333333333215e+01,3.883638694410520111e+04
2.779166666666666430e+01,3.541891864128818270e+04
2.781250000000000000e+01,3.860198416653571621e+04
2.783333333333333215e+01,4.178805279766870080e+04
2.785416666666666430e+01,3.858873515151175525e+04
2.787500000000000000e+01,3.538877555553538696e+04
2.789583333333333215e+01,3.857743111133611819e+04
2.791666666666666430e+01,4.176973316941931989e+04
2.793750000000000000e+01,3.944340634387657337e+04
2.795833333333333215e+01,3.596185918990992650e+04
2.797916666666666430e+01,4.400871283649423276e+04
2.800000000000000000e+01,4.524259333153539046e+04
2.802083333333333215e+01,4.078910893804612715e+04
2.804166666666666430e+01,3.678413614884033450e+04
2.806250000000000000e+01,3.949453590507793706e+04
2.808333333333333215e+01,4.235025073944190081e+04
2.810416666666666430e+01,3.895313816712922562e+04
2.812500000000000000e+01,3.565057061794926267e+04
2.814583333333333215e+01,3.816998973570980888e+04
2.816666666666666430e+01,4.189756345175065508e+04
2.818750000000000000e+01,3.892433478924385417e+04
2.820833333333333215e+01,3.671508320186210767e+04
2.822916666666666430e+01,3.864796199045728281e+04
2.825000000000000000e+01,4.037718371008688700e+04
2.827083333333333215e+01,3.867453427861227101e+04
2.829166666666666430e+01,3.814476411687467044e+04
2.831250000000000000e+01,3.843779340876810602e+04
2.833333333333333215e+01,3.958410053673242510e+04
2.835416666666666430e+01,3.870298972022902308e+04
2.837500000000000000e+01,3.861571655683754943e+04
2.839583333333333215e+01,3.860753509991770989e+04
2.841666666666666430e+01,3.860919063407772046e+04
2.843750000000000000e+01,3.912717922734149761e+04
2.845833333333333215e+01,3.860907172590197297e+04
2.847916666666666430e+01,3.859871712993555411e+04
2.850000000000000000e+01,3.938608611848408327e+04
2.852083333333333215e+01,3.876355436710136564e+04
2.854166666666666430e+01,3.861133980731424526e+04
2.856250000000000000e+01,3.799387935303738050e+04
2.858333333333333215e+01,3.835424669911263481e+04
2.860416666666666430e+01,3.949801407804267365e+04
2.862500000000000000e+01,3.847083905488719029e+04
2.864583333333333215e+01,3.691601584138899489e+04
2.866666666666666430e+01,3.856291208673307119e+04
2.868750000000000000e+01,4.177602307383040898e+04
2.870833333333333215e+01,3.808882702195752790e+04
2.872916666666666430e+01,3.539586420418765192e+04
2.875000000000000000e+01,3.859669636794266989e+04
2.877083333333333215e+01,4.179484535995586339e+04
2.879166666666666430e+01,3.859560565312915423e+04
2.881250000000000000e+01,3.504322436786026083e+04
2.883333333333333215e+01,4.001152576325318660e+04
2.885416666666666430e+01,4.180269359552978131e+04
2.887500000000000000e+01,3.755888862201171287e+04
2.889583333333333215e+01,3.541628516862840479e+04
2.891666666666666430e+01,3.979273512529407162e+04
2.893750000000000000e+01,4.180296847986403009e+04
2.895833333333333215e+01,3.841175223412802006e+04
2.897916666666666430e+01,3.446159711868587328e+04
2.900000000000000000e+01,3.860799164608815045e+04
2.902083333333333215e+01,4.246710211225344392e+04
2.904166666666666430e+01,3.861398704451558297e+04
2.906250000000000000e+01,3.540680505275436008e+04
2.908333333333333215e+01,3.859541994221019559e+04
2.910416666666666430e+01,4.179220745645099669e+04
2.912500000000000000e+01,3.859287242951937515e+04
2.914583333333333215e+01,3.538989113346824888e+04
2.916666666666666430e+01,3.943124276500420092e+04
2.918750000000000000e+01,4.179190063147370529e+04
2.920833333333333215e+01,3.858750867268459842e+04
2.922916666666666430e+01,3.538634632910509390e+04
2.925000000000000000e+01,3.858995836378788954e+04
2.927083333333333215e+01,4.245518775824733893e+04
2.929166666666666430e+01,3.859006715002880810e+04
2.931250000000000000e+01,3.539240177569618390e+04
2.933333333333333215e+01,4.012627552579984331e+04
2.935416666666666430e+01,3.901693905856557831e+04
2.937500000000000000e+01,3.491723982550205983e+04
2.939583333333333215e+01,3.338455682085084118e+04
2.941666666666666430e+01,4.113926211963222158e+04
2.943750000000000000e+01,4.138113052726167371e+04
2.945833333333333215e+01,3.513562332526675891e+04
2.947916666666666430e+01,3.539820467992113117e+04
2.950000000000000000e+01,4.169028076334683283e+04
2.952083333333333215e+01,4.172187981795713131e+04
2.954166666666666430e+01,3.534896711935520580e+04
2.956250000000000000e+01,3.574509941278134647e+04
2.958333333333333215e+01,4.178824011908975081e+04
2.960416666666666430e+01,4.102578049456128065e+04
2.962500000000000000e+01,3.539991437170628342e+04
2.964583333333333215e+01,3.571622550460148341e+04
2.966666666666666430e+01,4.179125187656404159e+04
2.968750000000000000e+01,4.178462287503900734e+04
2.970833333333333215e+01,3.538858023615833372e+04
2.972916666666666430e+01,3.709474492916919553e+04
2.975000000000000000e+01,4.180404881888596719e+04
2.977083333333333215e+01,4.130987095422835409e+04
2.979166666666666430e+01,3.540173336533441034e+04
2.981250000000000000e+01,3.539582529608285404e+04
2.983333333333333215e+01,4.178895962759336544e+04
2.985416666666666430e+01,4.178091469054771733e+04
2.987500000000000000e+01,3.437769719871420239e+04
2.989583333333333215e+01,3.640780568731853418e+04
2.991666666666666430e+01,4.179409563318818255e+04
2.993750000000000000e+01,4.178729658228091284e+04
2.995833333333333215e+01,3.539487582619947352e+04
2.997916666666666430e+01,3.573537900269780221e+04
3.000000000000000000e+01,4.179234147425706033e+04
3.002083333333333215e+01,4.178317912170611817e+04
3.004166666666666430e+01,3.514297914766929898e+04
3.006250000000000000e+01,3.426302187165754731e+04
3.008333333333333215e+01,4.155424506062895671e+04
3.010416666666666430e+01,4.377809390638471814e+04
3.012500000000000000e+01,3.431380787963225885e+04
3.014583333333333215e+01,3.232496284575155005e+04
3.016666666666666430e+01,4.256109078515041620e+04
3.018750000000000000e+01,4.495208970830516046e+04
3.020833333333333215e+01,3.452222801292122313e+04
3.022916666666666430e+01,3.217296059037468513e+04
3.025000000000000000e+01,4.177729282576162950e+04
3.027083333333333215e+01,4.498143716227227560e+04
3.029166666666666430e+01,3.538048288568624412e+04
3.031250000000000000e+01,3.217714325301377903e+04
3.033333333333333215e+01,4.177682600197150896e+04
3.035416666666666430e+01,4.487885653863183688e+04
3.037500000000000000e+01,3.397205263740841474e+04
3.039583333333333215e+01,3.218807164143400223e+04
3.041666666666666430e+01,4.309776492856944242e+04
3.043750000000000000e+01,4.489235020900712698e+04
3.045833333333333215e+01,3.323128488586559979e+04
3.047916666666666430e+01,3.219538459951282130e+04
3.050000000000000000e+01,4.499164556040333991e+04
3.052083333333333215e+01,4.414360179165968293e+04
3.054166666666666430e+01,3.219375492059132739e+04
3.056250000000000000e+01,3.218410264819879012e+04
3.058333333333333215e+01,4.437884832611642923e+04
3.060416666666666430e+01,4.430921041318253265e+04
3.062500000000000000e+01,3.218818364929006202e+04
3.064583333333333215e+01,3.218017763775608182e+04
3.066666666666666430e+01,4.498673155623616913e+04
3.068750000000000000e+01,4.318789021898533974e+04
3.070833333333333215e+01,3.219760202774476784e+04
3.072916666666666430e+01,3.336578846934751346e+04
3.075000000000000000e+01,4.499823777460183919e+04
3.077083333333333215e+01,4.334446681648091180e+04
3.079166666666666430e+01,3.219325356627136716e+04
3.081250000000000000e+01,3.444147910618354217e+04
3.083333333333333215e+01,4.499195756077091210e+04
3.085416666666666430e+01,4.178437355634463165e+04
3.087500000000000000e+01,3.217897884642262579e+04
3.089583333333333215e+01,3.453774019184798090e+04
3.091666666666666430e+01,4.445308958250746946e+04
3.093750000000000000e+01,4.146226871833897894e+04
3.095833333333333215e+01,3.198631914001940459e+04
3.097916666666666430e+01,3.525239939881534519e+04
3.100000000000000000e+01,4.490225944208916917e+04
3.102083333333333215e+01,4.127312432524139149e+04
3.104166666666666430e+01,3.216083401293664792e+04
3.106250000000000000e+01,3.489282721947485697e+04
3.108333333333333215e+01,4.388649503846689913e+04
3.110416666666666430e+01,4.179143040307739284e+04
3.112500000000000000e+01,3.254087216984176484e+04
3.114583333333333215e+01,3.539085098197276238e+04
3.116666666666666430e+01,4.498998657256851584e+04
3.118750000000000000e+01,4.178287608860075125e+04
3.120833333333333215e+01,3.217939580571268016e+04
3.122916666666666430e+01,3.572622396609961288e+04
3.125000000000000000e+01,4.384684480622615229e+04
3.127083333333333215e+01,4.179342140337220189e+04
3.129166666666666430e+01,3.326517812644010701e+04
3.131250000000000000e+01,3.540571134924027137e+04
3.133333333333333215e+01,4.355164157346577849e+04
3.135416666666666430e+01,4.179344932921748114e+04
3.137500000000000000e+01,3.369316837532808859e+04
3.139583333333333215e+01,3.545823597194915055e+04
3.141666666666666430e+01,4.211391979329469177e+04
3.143750000000000000e+01,4.223217281149092014e+04
3.145833333333333215e+01,3.539118616406484944e+04
3.147916666666666430e+01,3.572406061111185409e+04
3.150000000000000000e+01,4.178532520651739469e+04
3.152083333333333215e+01,4.177404282429974410e+04
3.154166666666666430e+01,3.653354252796598303e+04
3.156250000000000000e+01,3.402079541130588768e+04
3.158333333333333215e+01,4.178793827393579704e+04
3.160416666666666430e+01,4.291633258527956059e+04
3.162500000000000000e+01,3.539422511997587571e+04
3.164583333333333215e+01,3.407829003556077078e+04
3.166666666666666430e+01,4.102827418182250403e+04
3.168750000000000000e+01,4.131016296933207923e+04
3.170833333333333215e+01,3.511093419096127764e+04
3.172916666666666430e+01,3.546745503007229854e+04
3.175000000000000000e+01,4.168309064124117867e+04
3.177083333333333215e+01,4.171391207768703316e+04
3.179166666666666430e+01,3.535021898047809373e+04
3.181250000000000000e+01,3.630554958225343580e+04
3.183333333333333215e+01,4.177478201151090616e+04
3.185416666666666430e+01,4.177187549425431644e+04
3.187500000000000000e+01,3.538067800852302753e+04
3.189583333333333215e+01,3.571820515328142938e+04
3.191666666666666430e+01,4.178625960290594958e+04
3.193750000000000000e+01,4.177896660108314245e+04
3.195833333333333215e+01,3.538037489370763797e+04
3.197916666666666430e+01,3.464393358021194581e+04
3.200000000000000000e+01,4.178681422063647915e+04
3.202083333333332860e+01,4.194749327854088187e+04
3.204166666666666430e+01,3.538135740229559451e+04
3.206250000000000000e+01,3.679775341695801035e+04
3.208333333333332860e+01,4.179327258816093672e+04
3.210416666666666430e+01,4.178697315157768026e+04
3.212500000000000000e+01,3.538288744266260619e+04
3.214583333333332860e+01,3.537720302855643968e+04
3.216666666666666430e+01,4.178182003986530617e+04
3.218750000000000000e+01,4.178035576642774686e+04
3.220833333333332860e+01,3.537467215073449188e+04
3.222916666666666430e+01,3.538533367682254902e+04
3.225000000000000000e+01,4.178827956737058412e+04
3.227083333333332860e+01,4.178191314614594739e+04
3.229166666666666430e+01,3.534668041695182183e+04
3.231250000000000000e+01,3.379148803820370813e+04
3.233333333333332860e+01,4.178354277991700656e+04
3.235416666666666430e+01,4.395313870794786635e+04
3.237500000000000000e+01,3.907193103356594656e+04
3.239583333333332860e+01,3.760926888088584383e+04
3.241666666666666430e+01,4.329545105223986320e+04
3.243750000000000000e+01,4.343208151312226983e+04
3.245833333333332860e+01,3.600210407269840653e+04
3.247916666666666430e+01,3.323050178124396916e+04
3.250000000000000000e+01,4.203802723173493723e+04
3.252083333333332860e+01,4.514434731531879515e+04
3.254166666666666430e+01,3.548952097347880044e+04
3.256250000000000000e+01,3.225095048914572180e+04
3.258333333333332860e+01,4.182459657525105285e+04
3.260416666666666430e+01,4.303829504094699951e+04
3.262500000000000000e+01,3.542657333512323385e+04
3.264583333333332860e+01,3.229451009016518583e+04
3.266666666666666430e+01,4.257170668011542875e+04
3.268750000000000000e+01,4.502021199403919309e+04
3.270833333333332860e+01,3.480246608919822756e+04
3.272916666666666430e+01,3.219758996594668861e+04
3.275000000000000000e+01,4.179501808865755447e+04
3.277083333333332860e+01,4.462175069151462230e+04
3.279166666666666430e+01,3.540035438701690146e+04
3.281250000000000000e+01,3.218508910440347245e+04
3.283333333333332860e+01,4.178464907099142874e+04
3.285416666666666430e+01,4.499298592821325292e+04
3.287500000000000000e+01,3.406036778260682331e+04
3.289583333333332860e+01,3.218779583348628876e+04
3.291666666666666430e+01,4.301260002426325082e+04
3.293750000000000000e+01,4.500093689621709927e+04
3.295833333333332860e+01,3.388433097330632881e+04
3.297916666666666430e+01,3.219090938162467501e+04
3.300000000000000000e+01,4.363657176269317279e+04
3.302083333333332860e+01,4.228690990443071496e+04
3.304166666666666430e+01,3.412647574511036510e+04
3.306250000000000000e+01,3.351386562506260816e+04
3.308333333333332860e+01,4.216582782702083205e+04
3.310416666666666430e+01,4.491327209991196287e+04
3.312500000000000000e+01,3.390172413578908890e+04
3.314583333333332860e+01,3.216821866090203912e+04
3.316666666666666430e+01,4.372238594061481854e+04
3.318750000000000000e+01,4.498378391993878176e+04
3.320833333333332860e+01,3.219215062098935960e+04
3.322916666666666430e+01,3.236750027872061401e+04
3.325000000000000000e+01,4.498813708805589704e+04
3.327083333333332860e+01,4.459844848442650982e+04
3.329166666666666430e+01,3.220960240669402992e+04
3.331250000000000000e+01,3.220859378274617484e+04
3.333333333333332860e+01,4.481768051547846699e+04
3.335416666666666430e+01,4.344969238005897205e+04
3.337500000000000000e+01,3.221130906028269601e+04
3.339583333333332860e+01,3.367475524141780625e+04
3.341666666666666430e+01,4.500800087235881074e+04
3.343750000000000000e+01,4.113925657672545640e+04
3.345833333333332860e+01,3.292339827840850194e+04
3.347916666666666430e+01,3.540573466561841633e+04
3.350000000000000000e+01,4.455929787561205740e+04
3.352083333333332860e+01,4.179246412404108560e+04
3.354166666666666430e+01,3.218756818340999234e+04
3.356250000000000000e+01,3.538757435485618771e+04
3.358333333333332860e+01,4.388587538401038910e+04
3.360416666666666430e+01,4.178757832075983606e+04
3.362500000000000000e+01,3.218449786984664388e+04
3.364583333333332860e+01,3.538636148870171746e+04
3.366666666666666430e+01,4.498409846303966333e+04
3.368750000000000000e+01,4.177978122222147067e+04
3.370833333333332860e+01,3.217833419697624777e+04
3.372916666666666430e+01,3.537781404596634820e+04
3.375000000000000000e+01,4.497689634619498247e+04
3.377083333333332860e+01,4.177701967147673713e+04
3.379166666666666430e+01,3.115604146011438934e+04
3.381250000000000000e+01,3.516751808241668186e+04
3.383333333333332860e+01,4.379892336459061335e+04
3.385416666666666430e+01,4.144741534231046535e+04
3.387500000000000000e+01,3.203688990462704896e+04
3.389583333333332860e+01,3.529528952965430653e+04
3.391666666666666430e+01,4.492687646803254029e+04
3.393750000000000000e+01,4.174549036123155383e+04
3.395833333333332860e+01,3.215721573111751422e+04
3.397916666666666430e+01,3.536634643267878710e+04
3.400000000000000000e+01,4.363994110793053551e+04
3.402083333333332860e+01,4.104382918020412762e+04
3.404166666666666430e+01,3.339586040064460394e+04
3.406250000000000000e+01,3.539579454331796296e+04
3.408333333333332860e+01,4.293027716797044559e+04
3.410416666666666430e+01,4.180116712715498579e+04
3.412500000000000000e+01,3.566558039571656991e+04
3.414583333333332860e+01,3.572649272936461784e+04
3.416666666666666430e+01,4.180238661898145801e+04
3.418750000000000000e+01,4.047547918546153960e+04
3.420833333333332860e+01,3.539803947946261906e+04
3.422916666666666430e+01,3.799166803752584383e+04
3.425000000000000000e+01,4.179300755257373385e+04
3.427083333333332860e+01,3.873260175157475169e+04
3.429166666666666430e+01,3.538304295921483572e+04
3.431250000000000000e+01,3.868538213589801308e+04
3.433333333333332860e+01,4.178552900331965066e+04
3.435416666666666430e+01,3.897365315644095972e+04
3.437500000000000000e+01,3.715344199818586640e+04
3.439583333333332860e+01,3.858857195430080174e+04
3.441666666666666430e+01,3.920535377667153807e+04
3.443750000000000000e+01,3.928108326213218970e+04
3.445833333333332860e+01,3.859160627690583351e+04
3.447916666666666430e+01,3.858236227736688306e+04
3.450000000000000000e+01,3.879632443716091075e+04
3.452083333333332860e+01,3.948990917241651186e+04
3.454166666666666430e+01,3.860116884059664881e+04
3.456250000000000000e+01,3.760103676947355416e+04
3.458333333333332860e+01,4.067155155198511056e+04
3.460416666666666430e+01,3.992981550333483756e+04
3.462500000000000000e+01,3.539478280027575966e+04
3.464583333333332860e+01,3.630204082408994873e+04
3.466666666666666430e+01,4.179708947448916297e+04
3.468750000000000000e+01,4.180016399056943919e+04
3.470833333333332860e+01,3.539790822187597223e+04
3.472916666666666430e+01,3.539691045979328919e+04
3.475000000000000000e+01,4.057997162965783355e+04
3.477083333333332860e+01,4.092864892877063539e+04
3.479166666666666430e+01,3.552300555910508410e+04
3.481250000000000000e+01,3.548155651077739458e+04
3.483333333333332860e+01,4.180502482689936005e+04
3.485416666666666430e+01,4.180372933481936343e+04
3.487500000000000000e+01,3.540005056391614926e+04
3.489583333333332860e+01,3.596174300775965821e+04
3.491666666666666430e+01,4.180534045558968501e+04
3.493750000000000000e+01,4.180114070690779045e+04
3.495833333333332860e+01,3.593137138563467306e+04
3.497916666666666430e+01,3.539505695283726527e+04
3.500000000000000000e+01,4.178778912137360021e+04
3.502083333333332860e+01,4.178661755018169788e+04
3.504166666666666430e+01,3.538184111080713046e+04
3.506250000000000000e+01,3.554690632130108861e+04
3.508333333333332860e+01,4.263768202890556859e+04
3.510416666666666430e+01,4.178775583553189063e+04
3.512500000000000000e+01,3.538274515470008191e+04
3.514583333333332860e+01,3.554338102069965680e+04
3.516666666666666430e+01,4.178627313394085650e+04
3.518750000000000000e+01,4.178312277857942536e+04
3.520833333333332860e+01,3.453104428202245617e+04
3.522916666666666430e+01,3.552142412370539387e+04
3.525000000000000000e+01,4.178429351303036674e+04
3.527083333333332860e+01,4.178289040178179857e+04
3.529166666666666430e+01,3.511322909973491187e+04
3.531250000000000000e+01,3.273470750720004071e+04
3.533333333333332860e+01,4.172236081341289537e+04
3.535416666666666430e+01,4.496279056438297266e+04
3.537500000000000000e+01,3.537120149577003758e+04
3.539583333333332860e+01,3.402158892121717508e+04
3.541666666666666430e+01,4.179039346847549314e+04
3.543750000000000000e+01,4.244472968622254120e+04
3.545833333333332860e+01,3.597968105105224822e+04
3.547916666666666430e+01,3.539432622409149189e+04
3.550000000000000000e+01,4.178929001865225291e+04
3.552083333333332860e+01,4.179593307263009046e+04
3.554166666666666430e+01,3.539469818027094152e+04
3.556250000000000000e+01,3.587395663999168755e+04
3.558333333333332860e+01,4.179242407007255679e+04
3.560416666666666430e+01,4.179771618808338826e+04
3.562500000000000000e+01,3.533313122450478841e+04
3.564583333333332860e+01,3.538550491484423401e+04
3.566666666666666430e+01,4.177918930627022200e+04
3.568750000000000000e+01,4.178776362973744835e+04
3.570833333333332860e+01,3.504831446585737285e+04
3.572916666666666430e+01,3.555186995183600084e+04
3.575000000000000000e+01,4.094569126923273870e+04
3.577083333333332860e+01,4.179377425015618792e+04
3.579166666666666430e+01,3.538998959990492585e+04
3.581250000000000000e+01,3.554803133877544315e+04
3.583333333333332860e+01,4.178310360354965087e+04
3.585416666666666430e+01,4.178547832975535130e+04
3.587500000000000000e+01,3.563440053641230770e+04
3.589583333333332860e+01,3.563576540607539937e+04
3.591666666666666430e+01,4.178276101031192957e+04
3.593750000000000000e+01,4.178397223336552270e+04
3.595833333333332860e+01,3.538082238449170109e+04
3.597916666666666430e+01,3.546476973609506240e+04
3.600000000000000000e+01,4.224448567117945640e+04
3.602083333333332860e+01,4.178330417729741748e+04
3.604166666666666430e+01,3.847037664788780967e+04
3.606250000000000000e+01,3.373676283031295316e+04
3.608333333333332860e+01,3.860641541555021831e+04
3.610416666666666430e+01,4.337704715173262957e+04
3.612500000000000000e+01,3.859394277875865373e+04
3.614583333333332860e+01,3.232131892293213969e+04
3.616666666666666430e+01,3.926833613249004702e+04
3.618750000000000000e+01,4.499472809042729205e+04
3.620833333333332860e+01,3.858751011193179875e+04
3.622916666666666430e+01,3.219722244001120998e+04
3.625000000000000000e+01,3.859568299857965758e+04
3.627083333333332860e+01,4.475055289986324351e+04
3.629166666666666430e+01,3.774942169926277711e+04
3.631250000000000000e+01,3.219342141778624864e+04
3.633333333333332860e+01,3.858541586664941133e+04
3.635416666666666430e+01,4.496389184228274098e+04
3.637500000000000000e+01,3.774944633835794957e+04
3.639583333333332860e+01,3.218983607334587941e+04
3.641666666666666430e+01,3.858596505219127721e+04
3.643750000000000000e+01,4.460183322925066750e+04
3.645833333333332860e+01,3.860381948778051446e+04
3.647916666666666430e+01,3.219248627767523794e+04
3.650000000000000000e+01,3.959392941490732483e+04
3.652083333333332860e+01,4.499445336051901540e+04
3.654166666666666430e+01,3.834184534952917602e+04
3.656250000000000000e+01,3.218504014210028618e+04
3.658333333333332860e+01,3.857901733442358091e+04
3.660416666666666430e+01,4.486169284961996891e+04
3.662500000000000000e+01,3.858139628467190050e+04
3.664583333333332860e+01,3.217886001165743801e+04
3.666666666666666430e+01,3.857517880887912179e+04
3.668750000000000000e+01,4.468975409881117957e+04
3.670833333333332860e+01,3.858086688761102414e+04
3.672916666666666430e+01,3.217916004267145036e+04
3.675000000000000000e+01,3.905219851784041384e+04
3.677083333333332860e+01,4.436024820788486977e+04
3.679166666666666430e+01,3.825229725012298877e+04
3.681250000000000000e+01,3.216260567081421323e+04
3.683333333333332860e+01,3.964084320105385996e+04
3.685416666666666430e+01,4.462101215470431634e+04
3.687500000000000000e+01,3.836068549431078281e+04
3.689583333333332860e+01,3.218688729867641814e+04
3.691666666666666430e+01,3.859212533548445208e+04
3.693750000000000000e+01,4.400367476106548565e+04
3.695833333333332860e+01,3.707349513078817836e+04
3.697916666666666430e+01,3.220117508934071157e+04
3.700000000000000000e+01,3.944714115755157400e+04
3.702083333333332860e+01,4.464078406773194001e+04
3.704166666666666430e+01,3.814075951043570240e+04
3.706250000000000000e+01,3.219552445417451236e+04
3.708333333333332860e+01,3.858569463457390520e+04
3.710416666666666430e+01,4.499874408256028983e+04
3.712500000000000000e+01,3.859903704616278264e+04
3.714583333333332860e+01,3.218358879047386290e+04
3.716666666666666430e+01,3.857626494505046139e+04
3.718750000000000000e+01,4.477577708082449681e+04
3.720833333333332860e+01,3.860094154442711442e+04
3.722916666666666430e+01,3.218430603652893842e+04
3.725000000000000000e+01,3.857625910369935445e+04
3.727083333333332860e+01,4.489427464808074728e+04
3.729166666666666430e+01,3.859629012392640288e+04
3.731250000000000000e+01,3.218302255571139176e+04
3.733333333333332860e+01,3.857640415643189044e+04
3.735416666666666430e+01,4.467066320357009681e+04
3.737500000000000000e+01,3.859606359061391413e+04
3.739583333333332860e+01,3.218678155242978028e+04
3.741666666666666430e+01,3.858126017881315784e+04
3.743750000000000000e+01,4.498477768556312367e+04
3.745833333333332860e+01,3.858217693433917157e+04
3.747916666666666430e+01,3.235972657278016777e+04
3.750000000000000000e+01,4.268932530840339314e+04
3.752083333333332860e+01,4.249277164253948285e+04
3.754166666666666430e+01,3.202015842316098497e+04
3.756250000000000000e+01,3.497103643995468883e+04
3.758333333333332860e+01,4.426775276487030351e+04
3.760416666666666430e+01,4.176237148251821782e+04
3.762500000000000000e+01,3.217814928695539493e+04
3.764583333333332860e+01,3.537982739103524364e+04
3.766666666666666430e+01,4.497782141637642781e+04
3.768750000000000000e+01,4.178001482311580185e+04
3.770833333333332860e+01,3.218010771540469432e+04
3.772916666666666430e+01,3.442035096804393834e+04
3.775000000000000000e+01,4.452220815833321831e+04
3.777083333333332860e+01,4.090358769049969851e+04
3.779166666666666430e+01,3.218993913071858697e+04
3.781250000000000000e+01,3.625991298855475907e+04
3.783333333333332860e+01,4.500493177207441477e+04
3.785416666666666430e+01,4.166813355937843880e+04
3.787500000000000000e+01,3.217657689622603721e+04
3.789583333333332860e+01,3.450969879857502383e+04
3.791666666666666430e+01,4.499977213732695236e+04
3.793750000000000000e+01,4.128426897247148008e+04
3.795833333333332860e+01,3.218233878978629218e+04
3.797916666666666430e+01,3.538982063264433236e+04
3.800000000000000000e+01,4.499722300333609746e+04
3.802083333333332860e+01,4.178513195013242512e+04
3.804166666666666430e+01,3.217353251472873308e+04
3.806250000000000000e+01,3.537900432307570009e+04
3.808333333333332860e+01,4.402474960614059819e+04
3.810416666666666430e+01,4.177984882160258712e+04
3.812500000000000000e+01,3.255555726788729589e+04
3.814583333333332860e+01,3.635886782905735163e+04
3.816666666666666430e+01,4.498747158130675234e+04
3.818750000000000000e+01,4.147854144307506795e+04
3.820833333333332860e+01,3.231742956710884755e+04
3.822916666666666430e+01,3.537743928165864054e+04
3.825000000000000000e+01,4.272948143417918618e+04
3.827083333333332860e+01,4.568754080127402267e+04
3.829166666666666430e+01,3.988964363508795941e+04
3.831250000000000000e+01,3.395159230527629552e+04
3.833333333333332860e+01,3.922616853916381660e+04
3.835416666666666430e+01,4.493811690675060527e+04
3.837500000000000000e+01,3.880892447723769874e+04
3.839583333333332860e+01,3.233531057142867212e+04
3.841666666666666430e+01,4.192537646275782754e+04
3.843750000000000000e+01,4.506656468291635247e+04
3.845833333333332860e+01,3.503671187374430156e+04
3.847916666666666430e+01,3.225542895097670043e+04
3.850000000000000000e+01,4.183799264715384925e+04
3.852083333333332860e+01,4.501554322071850765e+04
3.854166666666666430e+01,3.493841644556829851e+04
3.856250000000000000e+01,3.299870100461266702e+04
3.858333333333332860e+01,4.182747612987175671e+04
3.860416666666666430e+01,4.501496150792562548e+04
3.862500000000000000e+01,3.441009294268758094e+04
3.864583333333332860e+01,3.223149338945219642e+04
3.866666666666666430e+01,4.149360471174879785e+04
3.868750000000000000e+01,4.419768687832065916e+04
3.870833333333332860e+01,3.540948673060737201e+04
3.872916666666666430e+01,3.220447424153576867e+04
3.875000000000000000e+01,4.065934755145422969e+04
3.877083333333332860e+01,4.109088981967839936e+04
3.879166666666666430e+01,3.498073571902268304e+04
3.881250000000000000e+01,3.652740869491185731e+04
3.883333333333332860e+01,4.164350203031390265e+04
3.885416666666666430e+01,4.065903031930617726e+04
3.887500000000000000e+01,3.534840328520013281e+04
3.889583333333332860e+01,3.671382073721606866e+04
3.891666666666666430e+01,4.236931032872199285e+04
3.893750000000000000e+01,4.187545421982055996e+04
3.895833333333332860e+01,3.539419347141150502e+04
3.897916666666666430e+01,3.555834699048710900e+04
3.900000000000000000e+01,4.180234398379261984e+04
3.902083333333332860e+01,4.179957694034396263e+04
3.904166666666666430e+01,3.539198203443083912e+04
3.906250000000000000e+01,3.419492311908603733e+04
3.908333333333332860e+01,4.180321269286811730e+04
3.910416666666666430e+01,4.288225069729100505e+04
3.912500000000000000e+01,3.602142861709871795e+04
3.914583333333332860e+01,3.444190765909789479e+04
3.916666666666666430e+01,4.180680138437606365e+04
3.918750000000000000e+01,4.316136531726531393e+04
3.920833333333332860e+01,3.540312906252227549e+04
3.922916666666666430e+01,3.281804018423036177e+04
3.925000000000000000e+01,4.179861263625880383e+04
3.927083333333332860e+01,4.498889688987990667e+04
3.929166666666666430e+01,3.538440369392826688e+04
3.931250000000000000e+01,3.218420704511246004e+04
3.933333333333332860e+01,4.178459426672106929e+04
3.935416666666666430e+01,4.413754036820589681e+04
3.937500000000000000e+01,3.401155029512863985e+04
3.939583333333332860e+01,3.218998933201683394e+04
3.941666666666666430e+01,4.275777677567861247e+04
3.943750000000000000e+01,4.463540777462240658e+04
3.945833333333332860e+01,3.516200098224664544e+04
3.947916666666666430e+01,3.401641522799335507e+04
3.950000000000000000e+01,4.176136054902500473e+04
3.952083333333332860e+01,4.359473262083472218e+04
3.954166666666666430e+01,3.514412761714131921e+04
3.956250000000000000e+01,3.220647801536408952e+04
3.958333333333332860e+01,4.180442838126396964e+04
3.960416666666666430e+01,4.499951231164724595e+04
3.962500000000000000e+01,3.346273159893795673e+04
3.964583333333332860e+01,3.219879004953197727e+04
3.966666666666666430e+01,4.319030098847358749e+04
3.968750000000000000e+01,4.463347616872127401e+04
3.970833333333332860e+01,3.220640414141676592e+04
3.972916666666666430e+01,3.219805729829800475e+04
3.975000000000000000e+01,4.501652450906729064e+04
3.977083333333332860e+01,4.424762053518799803e+04
3.979166666666666430e+01,3.220739540453874724e+04
3.981250000000000000e+01,3.219661167380020561e+04
3.983333333333332860e+01,4.501694873003955581e+04
3.985416666666666430e+01,4.381573873615921184e+04
3.987500000000000000e+01,3.220606864023322123e+04
3.989583333333332860e+01,3.238842094176361206e+04
3.991666666666666430e+01,4.500169724969326489e+04
3.993750000000000000e+01,4.357350516477732162e+04
3.995833333333332860e+01,3.220966667182594392e+04
3.997916666666666430e+01,3.370776813898994442e+04
4.000000000000000000e+01,4.501698950506234542e+04
4.002083333333332860e+01,4.254326214416485163e+04
4.004166666666666430e+01,3.220425671290842729e+04
4.006250000000000000e+01,3.616196382656214701e+04
4.008333333333332860e+01,4.530281974331405218e+04
4.010416666666666430e+01,4.273178523625196976e+04
4.012500000000000000e+01,3.233604456764089628e+04
4.014583333333332860e+01,3.548139756122947438e+04
4.016666666666666430e+01,4.504335087500675581e+04
4.018750000000000000e+01,4.183233020809734444e+04
4.020833333333332860e+01,3.222641059034021600e+04
4.022916666666666430e+01,3.334398217852023663e+04
4.025000000000000000e+01,4.500732902752486552e+04
4.027083333333332860e+01,4.270873494211395155e+04
4.029166666666666430e+01,3.220218924880489794e+04
4.031250000000000000e+01,3.539288359784703789e+04
4.033333333333332860e+01,4.320577021362453524e+04
4.035416666666666430e+01,4.168373683314316440e+04
4.037500000000000000e+01,3.219300956705335921e+04
4.039583333333332860e+01,3.539134076314590493e+04
4.041666666666666430e+01,4.499585310253223724e+04
4.043750000000000000e+01,4.179222221771368640e+04
4.045833333333332860e+01,3.218328953114520118e+04
4.047916666666666430e+01,3.538332570018094702e+04
4.050000000000000000e+01,4.498841818650198547e+04
4.052083333333332860e+01,4.178332323073277803e+04
4.054166666666666430e+01,3.217532412198655220e+04
4.056250000000000000e+01,3.420999376636518718e+04
4.058333333333332860e+01,4.499538642860392429e+04
4.060416666666666430e+01,4.178683642567884090e+04
4.062500000000000000e+01,3.218402868090464108e+04
4.064583333333332860e+01,3.539067262939250213e+04
4.066666666666666430e+01,4.498845313940972846e+04
4.068750000000000000e+01,4.177946117504881840e+04
4.070833333333332860e+01,3.218101651117285655e+04
4.072916666666666430e+01,3.646971091747262108e+04
4.075000000000000000e+01,4.499189486265982123e+04
4.077083333333332860e+01,4.097127528542808432e+04
4.079166666666666430e+01,3.219368210764926334e+04
4.081250000000000000e+01,3.407416530102888646e+04
4.083333333333332860e+01,4.291507125741559139e+04
4.085416666666666430e+01,3.696335532408300787e+04
4.087500000000000000e+01,3.139647435869857509e+04
4.089583333333332860e+01,3.808373645658980240e+04
4.091666666666666430e+01,4.466267842159119027e+04
4.093750000000000000e+01,3.837935771297422616e+04
4.095833333333332860e+01,3.204721462902126223e+04
4.097916666666666430e+01,3.774288746684476064e+04
4.100000000000000000e+01,4.468575936920268578e+04
4.102083333333332860e+01,3.849441737362551066e+04
4.104166666666666430e+01,3.215346004311406068e+04
4.106250000000000000e+01,3.857491004825636628e+04
4.108333333333332860e+01,4.448691767076038377e+04
4.110416666666666430e+01,3.806950060345418024e+04
4.112500000000000000e+01,3.218330657680994773e+04
4.114583333333332860e+01,3.859510359684452851e+04
4.116666666666666430e+01,4.499379534484217584e+04
4.118750000000000000e+01,3.858077285664650117e+04
4.120833333333332860e+01,3.217444990420945032e+04
4.122916666666666430e+01,3.858147814326217485e+04
4.125000000000000000e+01,4.497853960626593471e+04
4.127083333333332860e+01,3.834696256751280453e+04
4.129166666666666430e+01,3.326335462187137455e+04
4.131250000000000000e+01,3.858055095979281032e+04
4.133333333333332860e+01,4.448819279671958793e+04
4.135416666666666430e+01,3.895870882825173612e+04
4.137500000000000000e+01,3.312140433749958902e+04
4.139583333333332860e+01,3.858245274015163886e+04
4.141666666666666430e+01,4.402418605076074891e+04
4.143750000000000000e+01,3.823670496581593761e+04
4.145833333333332860e+01,3.238293884390095627e+04
4.147916666666666430e+01,3.858374171991412004e+04
4.150000000000000000e+01,4.828248026546950859e+04
4.152083333333332860e+01,4.052512916727206175e+04
4.154166666666666430e+01,3.395670278495580715e+04
4.156250000000000000e+01,3.941145373121728335e+04
4.158333333333332860e+01,4.549728634475330182e+04
4.160416666666666430e+01,3.846738781362510781e+04
4.162500000000000000e+01,3.240693674382034806e+04
4.164583333333332860e+01,3.871960741104897170e+04
4.166666666666666430e+01,4.492514762861530471e+04
4.168750000000000000e+01,3.863888363540150749e+04
4.170833333333332860e+01,3.221571919664712550e+04
4.172916666666666430e+01,3.839475773341183958e+04
4.175000000000000000e+01,4.410134189388522645e+04
4.177083333333332860e+01,3.840653387957944506e+04
4.179166666666666430e+01,3.229921246371862071e+04
4.181250000000000000e+01,3.860325351896384382e+04
4.183333333333332860e+01,4.498574104004467517e+04
4.185416666666666430e+01,3.846733766261004348e+04
4.187500000000000000e+01,3.281152382720931200e+04
4.189583333333332860e+01,3.859638337642783154e+04
4.191666666666666430e+01,4.422338940292074403e+04
4.193750000000000000e+01,3.841696976049777732e+04
4.195833333333332860e+01,3.218977032484172742e+04
4.197916666666666430e+01,3.859662245928516495e+04
4.200000000000000000e+01,4.499356560690794868e+04
4.202083333333332860e+01,3.829423710326528089e+04
4.204166666666666430e+01,3.327713543673689128e+04
4.206250000000000000e+01,3.859475658574967383e+04
4.208333333333332860e+01,4.456282973716731794e+04
4.210416666666666430e+01,3.858984371722080687e+04
4.212500000000000000e+01,3.218433143921134979e+04
4.214583333333332860e+01,3.858070180567092757e+04
4.216666666666666430e+01,4.497593379691662994e+04
4.218750000000000000e+01,3.814853156890792889e+04
4.220833333333332860e+01,3.278253877654258395e+04
4.222916666666666430e+01,3.858688369166146003e+04
4.225000000000000000e+01,4.498054569104815164e+04
4.227083333333332860e+01,3.803374833093034249e+04
4.229166666666666430e+01,3.184599674606628105e+04
4.231250000000000000e+01,3.836734254188081104e+04
4.233333333333332860e+01,4.484366853822698613e+04
4.235416666666666430e+01,3.826049565313866333e+04
4.237500000000000000e+01,3.214032319794126306e+04
4.239583333333332860e+01,3.855294803619389131e+04
4.241666666666666430e+01,4.411848247946509218e+04
4.243750000000000000e+01,3.856873834069394798e+04
4.245833333333332860e+01,3.218077116801676675e+04
4.247916666666666430e+01,3.858159129254394793e+04
4.250000000000000000e+01,4.497850754864671035e+04
4.252083333333332860e+01,3.813324374253967835e+04
4.254166666666666430e+01,3.248978252974150746e+04
4.256250000000000000e+01,3.858806751781515050e+04
4.258333333333332860e+01,4.497999285210945527e+04
4.260416666666666430e+01,3.858543420427454112e+04
4.262500000000000000e+01,3.218482642599794781e+04
4.264583333333332860e+01,3.857775877611932810e+04
4.266666666666666430e+01,4.497210841170730419e+04
4.268750000000000000e+01,3.837962299220354907e+04
4.270833333333332860e+01,3.259312846779896790e+04
4.272916666666666430e+01,3.858240193367223401e+04
4.275000000000000000e+01,4.497584873683139449e+04
4.277083333333332860e+01,3.846179447119533143e+04
4.279166666666666430e+01,3.218942332690659532e+04
4.281250000000000000e+01,3.858097358071815688e+04
4.283333333333332860e+01,4.497563662880885386e+04
4.285416666666666430e+01,3.828137749115677434e+04
4.287500000000000000e+01,3.218936705480672390e+04
4.289583333333332860e+01,3.858338233724874590e+04
4.291666666666666430e+01,4.497864409538545442e+04
4.293750000000000000e+01,3.858041857934372820e+04
4.295833333333332860e+01,3.217769601485476232e+04
4.297916666666666430e+01,3.857981336193801690e+04
4.300000000000000000e+01,4.497870192657098232e+04
4.302083333333332860e+01,3.808838824415684940e+04
4.304166666666666430e+01,3.217943983395250325e+04
4.306250000000000000e+01,3.815549748519979039e+04
4.308333333333332860e+01,4.470720712072341848e+04
4.310416666666666430e+01,3.944469343116476375e+04
4.312500000000000000e+01,3.210594729055633434e+04
4.314583333333332860e+01,3.853995149952852807e+04
4.316666666666666430e+01,4.250317120109248208e+04
4.318750000000000000e+01,3.848759581555045588e+04
4.320833333333332860e+01,3.470540268521526014e+04
4.322916666666666430e+01,3.779596940275825909e+04
4.325000000000000000e+01,4.180534322688880638e+04
4.327083333333332860e+01,3.862352744617314602e+04
4.329166666666666430e+01,3.671089643235232506e+04
4.331250000000000000e+01,3.860419902996683231e+04
4.333333333333332860e+01,4.164006688973330893e+04
4.335416666666666430e+01,3.883098851452307281e+04
4.337500000000000000e+01,3.539011918668208091e+04
4.339583333333332860e+01,3.858865382968899939e+04
4.341666666666666430e+01,4.178262109405871888e+04
4.343750000000000000e+01,3.857872394234622334e+04
4.345833333333332860e+01,3.539986727466156299e+04
4.347916666666666430e+01,3.857841920878946257e+04
4.350000000000000000e+01,4.177327467579380755e+04
4.352083333333332860e+01,4.003019608640561637e+04
4.354166666666666430e+01,3.538995569082706061e+04
4.356250000000000000e+01,3.858211811872056569e+04
4.358333333333332860e+01,4.159028259646047081e+04
4.360416666666666430e+01,3.897260915955715609e+04
4.362500000000000000e+01,3.538622587531854515e+04
4.364583333333332860e+01,3.857959135936683015e+04
4.366666666666666430e+01,4.178159837092640373e+04
4.368750000000000000e+01,3.858354280327057495e+04
4.370833333333332860e+01,3.537848311629299133e+04
4.372916666666666430e+01,3.727832541167392628e+04
4.375000000000000000e+01,4.096876191578202997e+04
4.377083333333332860e+01,3.807267766630872939e+04
4.379166666666666430e+01,3.667117357999825617e+04
4.381250000000000000e+01,3.839153668948681297e+04
4.383333333333332860e+01,3.974968270106572891e+04
4.385416666666666430e+01,3.837150432900484157e+04
4.387500000000000000e+01,3.854254376283314923e+04
4.389583333333332860e+01,3.855577436289287289e+04
4.391666666666666430e+01,3.856686464172842534e+04
4.393750000000000000e+01,3.833127967459836509e+04
4.395833333333332860e+01,3.857969025668934773e+04
4.397916666666666430e+01,3.857536408264886995e+04
4.400000000000000000e+01,3.993167957572984596e+04
4.402083333333332860e+01,3.851837844005676016e+04
4.404166666666666430e+01,3.858442024347546248e+04
4.406250000000000000e+01,3.857798538352679316e+04
4.408333333333332860e+01,3.860162935501253378e+04
4.410416666666666430e+01,3.987247543320335535e+04
4.412500000000000000e+01,3.859409172729256534e+04
4.414583333333332860e+01,3.659042336397992767e+04
4.416666666666666430e+01,3.859753082299880043e+04
4.418750000000000000e+01,4.178976204558867903e+04
4.420833333333332860e+01,3.858167644399592973e+04
4.422916666666666430e+01,3.538124249976029387e+04
4.425000000000000000e+01,3.858436875002087618e+04
4.427083333333332860e+01,4.178223628588519932e+04
4.429166666666666430e+01,3.857618827358867566e+04
4.431250000000000000e+01,3.537554305310298514e+04
4.433333333333332860e+01,3.866995619948229432e+04
4.435416666666666430e+01,4.177864470076038560e+04
4.437500000000000000e+01,3.857165138253859914e+04
4.439583333333332860e+01,3.604124314405173209e+04
4.441666666666666430e+01,3.903291158860726136e+04
4.443750000000000000e+01,4.178649990758454078e+04
4.445833333333332860e+01,3.858016880354336172e+04
4.447916666666666430e+01,3.538310141203800595e+04
4.450000000000000000e+01,3.858760972486212268e+04
4.452083333333332860e+01,4.178428817534598056e+04
4.454166666666666430e+01,3.701816729001434578e+04
4.456250000000000000e+01,3.570641195284342393e+04
4.458333333333332860e+01,4.150925273723858845e+04
4.460416666666666430e+01,4.192083142410598521e+04
4.462500000000000000e+01,3.547249478187668865e+04
4.464583333333332860e+01,3.572337731899638311e+04
4.466666666666666430e+01,4.182938397922916920e+04
4.468750000000000000e+01,4.312604633201414981e+04
4.470833333333332860e+01,3.541648495571200328e+04
4.472916666666666430e+01,3.540118580328398821e+04
4.475000000000000000e+01,4.179241377573530190e+04
4.477083333333332860e+01,4.179707294540735165e+04
4.479166666666666430e+01,3.539300153645663522e+04
4.481250000000000000e+01,3.584815836153933924e+04
4.483333333333332860e+01,4.179112067818466312e+04
4.485416666666666430e+01,4.179019773034595710e+04
4.487500000000000000e+01,3.538395569983119640e+04
4.489583333333332860e+01,3.538268321108929376e+04
4.491666666666666430e+01,4.262123056868479762e+04
4.493750000000000000e+01,4.178632276284753607e+04
4.495833333333332860e+01,3.538250988174310623e+04
4.497916666666666430e+01,3.571728958938076539e+04
4.500000000000000000e+01,4.066350128963424504e+04
4.502083333333332860e+01,4.179498410985741066e+04
4.504166666666666430e+01,3.540159056700173824e+04
4.506250000000000000e+01,3.540119779069186188e+04
4.508333333333332860e+01,4.150373649346810998e+04
4.510416666666666430e+01,4.178944837194114371e+04
4.512500000000000000e+01,3.538070322481483163e+04
4.514583333333332860e+01,3.559316036882297340e+04
4.516666666666666430e+01,4.235111248029673880e+04
4.518750000000000000e+01,4.178501742983000440e+04
4.520833333333332860e+01,3.537843823399149551e+04
4.522916666666666430e+01,3.868117052349456208e+04
4.525000000000000000e+01,4.451683881094603566e+04
4.527083333333332860e+01,4.201487845123009174e+04
4.529166666666666430e+01,3.663198485997996613e+04
4.531250000000000000e+01,3.749493569760709943e+04
4.533333333333332860e+01,4.225192958546178124e+04
4.535416666666666430e+01,4.384788784836786363e+04
4.537500000000000000e+01,3.558491419170974405e+04
4.539583333333332860e+01,3.504356685967201338e+04
4.541666666666666430e+01,4.185096970852684899e+04
4.543750000000000000e+01,4.184194760922976275e+04
4.545833333333332860e+01,3.542116402945420123e+04
4.547916666666666430e+01,3.557417357225231535e+04
4.550000000000000000e+01,4.297835238495704107e+04
4.552083333333332860e+01,4.181128010641477158e+04
4.554166666666666430e+01,3.489185794378695573e+04
4.556250000000000000e+01,3.554096780250986194e+04
4.558333333333332860e+01,4.180883235944872285e+04
4.560416666666666430e+01,4.180186341073231597e+04
4.562500000000000000e+01,3.539540593733244168e+04
4.564583333333332860e+01,3.578447346638002637e+04
4.566666666666666430e+01,4.180264851917487249e+04
4.568750000000000000e+01,4.179570868112146854e+04
4.570833333333332860e+01,3.538917663262570568e+04
4.572916666666666430e+01,3.539055254795858491e+04
4.575000000000000000e+01,4.163307590038463240e+04
4.577083333333332860e+01,4.178533313413296855e+04
4.579166666666666430e+01,3.501974068284541863e+04
4.581250000000000000e+01,3.582124714848995791e+04
4.583333333333332860e+01,4.142658832972223900e+04
4.585416666666666430e+01,3.656409305939636397e+04
4.587500000000000000e+01,3.380673838883598364e+04
4.589583333333332860e+01,3.763390553614152304e+04
4.591666666666666430e+01,4.120130147294112248e+04
4.593750000000000000e+01,3.956255452686324134e+04
4.595833333333332860e+01,3.516847108120882331e+04
4.597916666666666430e+01,3.777405900160990859e+04
4.600000000000000000e+01,4.171744118810512737e+04
4.602083333333332860e+01,3.899585690625585266e+04
4.604166666666666430e+01,3.654018993094172765e+04
4.606250000000000000e+01,3.857473630150472309e+04
4.608333333333332860e+01,4.264292963488279202e+04
4.610416666666666430e+01,3.859877244072940084e+04
4.612500000000000000e+01,3.539001258379191859e+04
4.614583333333332860e+01,3.858561841239780188e+04
4.616666666666666430e+01,4.179647462162205920e+04
4.618750000000000000e+01,3.860233180876779079e+04
4.620833333333332860e+01,3.539080743387420080e+04
4.622916666666666430e+01,3.858174853192612500e+04
4.625000000000000000e+01,4.178930424369248794e+04
4.627083333333332860e+01,3.983699504730015178e+04
4.629166666666666430e+01,3.540199099642044894e+04
4.631250000000000000e+01,3.859034299517566251e+04
4.633333333333332860e+01,4.179629111571254180e+04
4.635416666666666430e+01,3.860448763453934953e+04
4.637500000000000000e+01,3.539685566725632088e+04
4.639583333333332860e+01,3.858605960748287180e+04
4.641666666666666430e+01,4.178492655481402471e+04
4.643750000000000000e+01,3.858775780762705836e+04
4.645833333333332860e+01,3.538965413686260581e+04
4.647916666666666430e+01,3.735022390044976783e+04
4.650000000000000000e+01,4.178232705664638343e+04
4.652083333333332860e+01,3.969721041867606982e+04
4.654166666666666430e+01,3.671868422071319219e+04
4.656250000000000000e+01,2.439814068589284580e+04
4.658333333333332860e+01,3.486092578410716669e+04
4.660416666666666430e+01,3.878043509576364158e+04
4.662500000000000000e+01,3.282183837397522439e+04
4.664583333333332860e+01,3.264436789566365769e+04
4.666666666666666430e+01,4.204471024697375105e+04
4.668750000000000000e+01,4.091996314651234570e+04
4.670833333333332860e+01,3.476664409176065237e+04
4.672916666666666430e+01,4.214547384161826631e+04
4.675000000000000000e+01,4.402614118342575966e+04
4.677083333333332860e+01,3.579100556688519282e+04
4.679166666666666430e+01,3.547231176726197009e+04
4.681250000000000000e+01,4.199730728586798068e+04
4.683333333333332860e+01,4.006331083186942124e+04
4.685416666666666430e+01,3.605563096709651290e+04
4.687500000000000000e+01,3.868291131206566206e+04
4.689583333333332860e+01,3.962219128669748898e+04
4.691666666666666430e+01,3.867797774507596478e+04
4.693750000000000000e+01,3.986560938594571780e+04
4.695833333333332860e+01,3.867243531031212478e+04
4.697916666666666430e+01,3.664124070372722053e+04
4.700000000000000000e+01,3.977304880396692897e+04
4.702083333333332860e+01,4.184265504447846615e+04
4.704166666666666430e+01,3.586754021687503700e+04
4.706250000000000000e+01,3.543942830089099152e+04
4.708333333333332860e+01,4.292364102386580635e+04
4.710416666666666430e+01,4.139550673442940752e+04
4.712500000000000000e+01,3.237685411186083002e+04
4.714583333333332860e+01,3.846620965532582341e+04
4.716666666666666430e+01,4.417100813967168506e+04
4.718750000000000000e+01,3.812064323404064635e+04
4.720833333333332860e+01,3.223976870280203366e+04
4.722916666666666430e+01,4.052967801489379781e+04
4.725000000000000000e+01,4.411856947042704996e+04
4.727083333333332860e+01,3.485220695478562266e+04
4.729166666666666430e+01,3.438754444881802192e+04
4.731250000000000000e+01,4.182003441804782778e+04
4.733333333333332860e+01,4.186726081634967704e+04
4.735416666666666430e+01,3.526663745535480848e+04
4.737500000000000000e+01,3.824155992915223760e+04
4.739583333333332860e+01,4.359005776302421873e+04
4.741666666666666430e+01,3.671747159919579281e+04
4.743750000000000000e+01,3.847388919009074016e+04
4.745833333333332860e+01,4.242259922354846640e+04
4.747916666666666430e+01,3.946711658252281632e+04
4.750000000000000000e+01,3.568089667240650306e+04
4.752083333333332860e+01,3.995606469459603250e+04
4.754166666666666430e+01,4.159119289058331924e+04
4.756250000000000000e+01,3.648718551163985103e+04
4.758333333333332860e+01,3.784775898009537923e+04
4.760416666666666430e+01,4.308922794779294782e+04
4.762500000000000000e+01,3.828146800011066807e+04
4.764583333333332860e+01,3.320504427299954114e+04
4.766666666666666430e+01,4.132314971010534646e+04
4.768750000000000000e+01,4.358699116636851977e+04
4.770833333333332860e+01,3.454975955439553218e+04
4.772916666666666430e+01,3.445849031156006095e+04
4.775000000000000000e+01,4.181548526272352319e+04
4.777083333333332860e+01,4.167487159023561981e+04
4.779166666666666430e+01,3.541130190841654257e+04
4.781250000000000000e+01,3.746832509096813737e+04
4.783333333333332860e+01,4.066092771181083663e+04
4.785416666666666430e+01,3.860737056334735826e+04
4.787500000000000000e+01,3.775638893556204130e+04
4.789583333333332860e+01,3.861396274731720041e+04
4.791666666666666430e+01,3.759557427423847548e+04
4.793750000000000000e+01,3.899386311335820938e+04
4.795833333333332860e+01,4.181887230820962577e+04
4.797916666666666430e+01,3.640801220717112301e+04
4.800000000000000000e+01,3.542530568683984893e+04
4.802083333333332860e+01,4.176461027258337708e+04
4.804166666666666430e+01,4.184096630373557127e+04
4.806250000000000000e+01,3.385041917382727843e+04
4.808333333333332860e+01,3.738894025982273160e+04
4.810416666666666430e+01,4.503152949279089080e+04
4.812500000000000000e+01,3.820531972229305393e+04
4.814583333333332860e+01,3.889206248642296850e+04
4.816666666666666430e+01,4.341132713009519648e+04
4.818750000000000000e+01,4.312946405304524524e+04
4.820833333333332860e+01,3.455753957472306502e+04
4.822916666666666430e+01,3.547001510830067127e+04
4.825000000000000000e+01,4.499705277301526075e+04
4.827083333333332860e+01,4.048155429410657234e+04
4.829166666666666430e+01,3.244264073046714475e+04
4.831250000000000000e+01,3.682454733284490794e+04
4.833333333333332860e+01,4.450078259218961466e+04
4.835416666666666430e+01,3.869789276772105950e+04
4.837500000000000000e+01,3.451416133675840683e+04
4.839583333333332860e+01,3.866434689833508310e+04
4.841666666666666430e+01,4.119584388853676501e+04
4.843750000000000000e+01,3.785926271109362278e+04
4.845833333333332860e+01,3.779747990432428924e+04
4.847916666666666430e+01,3.840866416264939471e+04
4.850000000000000000e+01,3.868560806443644105e+04
4.852083333333332860e+01,4.119819795886509382e+04
4.854166666666666430e+01,3.866070120075985324e+04
4.856250000000000000e+01,3.502323704117683519e+04
4.858333333333332860e+01,3.888196865939175041e+04
4.860416666666666430e+01,4.498902960463774798e+04
4.862500000000000000e+01,3.862275584885705030e+04
4.864583333333332860e+01,3.227832795291775255e+04
