0.000000000000000000e+00,9.881379131174636762e-07
2.083333333333333218e-02,2.337842918986155995e-05
4.166666666666666435e-02,1.328304084069686312e-04
6.250000000000000000e-02,4.049864897975232066e-04
8.333333333333332871e-02,8.714173642414423278e-04
1.041666666666666574e-01,1.554861010188954545e-03
1.250000000000000000e-01,2.500981829485033388e-03
1.458333333333333148e-01,3.733793510576919727e-03
1.666666666666666574e-01,5.237399575552571969e-03
1.875000000000000000e-01,7.001237963191912078e-03
2.083333333333333148e-01,9.040758578982489857e-03
2.291666666666666574e-01,1.134957719183056837e-02
2.500000000000000000e-01,1.389567419871520770e-02
2.708333333333333148e-01,1.666752014782612451e-02
2.916666666666666297e-01,1.965977499391616257e-02
3.125000000000000000e-01,2.282163753003572243e-02
3.333333333333333148e-01,2.609676527641630744e-02
3.541666666666666297e-01,2.947875450055108953e-02
3.750000000000000000e-01,3.297039331168848814e-02
3.958333333333333148e-01,3.652769739960868428e-02
4.166666666666666297e-01,4.009919609037695953e-02
4.375000000000000000e-01,4.368149896541762695e-02
4.583333333333333148e-01,4.727891341700176525e-02
4.791666666666666297e-01,5.085309825584558713e-02
5.000000000000000000e-01,5.436315856382341327e-02
5.208333333333332593e-01,5.781474995082806767e-02
5.416666666666666297e-01,6.122006627747833551e-02
5.625000000000000000e-01,6.455935245616362117e-02
5.833333333333332593e-01,6.782497671890533320e-02
6.041666666666666297e-01,7.105041492485456023e-02
6.250000000000000000e-01,7.426622506666086254e-02
6.458333333333332593e-01,7.745332347559942543e-02
6.666666666666666297e-01,8.058489791188172546e-02
6.875000000000000000e-01,8.368234064650093007e-02
7.083333333333332593e-01,8.677617051890322564e-02
7.291666666666666297e-01,8.985037045080904172e-02
7.500000000000000000e-01,9.288315133264403445e-02
7.708333333333332593e-01,9.590246700371866939e-02
7.916666666666666297e-01,9.894705984317213321e-02
8.125000000000000000e-01,1.020102309575939420e-01
8.333333333333332593e-01,1.050798217220373226e-01
8.541666666666666297e-01,1.081871717924891285e-01
8.750000000000000000e-01,1.113648077442101203e-01
8.958333333333332593e-01,1.145980193781346440e-01
9.166666666666666297e-01,1.178653543757098715e-01
9.375000000000000000e-01,1.211896811318948636e-01
9.583333333333332593e-01,1.245958310191446899e-01
9.791666666666666297e-01,1.280592170047711587e-01
1.000000000000000000e+00,1.315458207453791550e-01
1.020833333333333259e+00,1.350678839415783428e-01
1.041666666666666519e+00,1.386429415680612565e-01
1.062500000000000000e+00,1.422387238905850060e-01
1.083333333333333259e+00,1.458124435794929952e-01
1.104166666666666519e+00,1.493669007320699849e-01
1.125000000000000000e+00,1.529108912684203070e-01
1.145833333333333259e+00,1.564113682066951838e-01
1.166666666666666519e+00,1.598334158830238272e-01
1.187500000000000000e+00,1.631949644757239026e-01
1.208333333333333259e+00,1.665415666764131497e-01
1.229166666666666519e+00,1.698902274497176568e-01
1.250000000000000000e+00,1.732524173833522585e-01
1.270833333333333259e+00,1.766702898320119952e-01
1.291666666666666519e+00,1.801721612310918930e-01
1.312500000000000000e+00,1.837386782996562329e-01
1.333333333333333259e+00,1.873470301788844605e-01
1.354166666666666519e+00,1.910253313157915245e-01
1.375000000000000000e+00,1.948112641615588059e-01
1.395833333333333259e+00,1.986965210384011027e-01
1.416666666666666519e+00,2.026659844390940879e-01
1.437500000000000000e+00,2.067422830974071646e-01
1.458333333333333259e+00,2.109419418590476880e-01
1.479166666666666519e+00,2.152314474061350902e-01
1.500000000000000000e+00,2.195683846659268190e-01
1.520833333333333259e+00,2.239569508766187655e-01
1.541666666666666519e+00,2.284068441964502427e-01
1.562500000000000000e+00,2.328795109418918818e-01
1.583333333333333259e+00,2.373280257080108702e-01
1.604166666666666519e+00,2.417517606629599747e-01
1.625000000000000000e+00,2.461622208854119809e-01
1.645833333333333259e+00,2.505412506406213269e-01
1.666666666666666519e+00,2.548781367383983754e-01
1.687500000000000000e+00,2.592070678327804689e-01
1.708333333333333259e+00,2.635649619620417661e-01
1.729166666666666519e+00,2.679403877578387383e-01
1.750000000000000000e+00,2.723155368226528594e-01
1.770833333333333259e+00,2.767209200689451087e-01
1.791666666666666519e+00,2.811958787078494004e-01
1.812500000000000000e+00,2.857328629090597483e-01
1.833333333333333259e+00,2.903111334670092636e-01
1.854166666666666519e+00,2.949400378366691666e-01
1.875000000000000000e+00,2.996242592070790800e-01
1.895833333333333259e+00,3.043228346102197501e-01
1.916666666666666519e+00,3.089914915550273089e-01
1.937500000000000000e+00,3.136359093569759393e-01
1.958333333333333259e+00,3.182707492805924021e-01
1.979166666666666519e+00,3.228632267184455840e-01
2.000000000000000000e+00,3.273721688018114695e-01
2.020833333333333037e+00,3.318042672798358073e-01
2.041666666666666519e+00,3.361762057804210668e-01
2.062500000000000000e+00,3.404754796591448751e-01
2.083333333333333037e+00,3.447002143048737421e-01
2.104166666666666519e+00,3.488848573275179499e-01
2.125000000000000000e+00,3.530537910335544982e-01
2.145833333333333037e+00,3.571851134459293475e-01
2.166666666666666519e+00,3.612538636387054858e-01
2.187500000000000000e+00,3.652816236328271238e-01
2.208333333333333037e+00,3.692956014332581804e-01
2.229166666666666519e+00,3.732759824686442962e-01
2.250000000000000000e+00,3.771976404140119365e-01
2.270833333333333037e+00,3.810833417608742724e-01
2.291666666666666519e+00,3.849637310317068906e-01
2.312500000000000000e+00,3.888209642471588401e-01
2.333333333333333037e+00,3.926298412465045184e-01
2.354166666666666519e+00,3.964143923336451714e-01
2.375000000000000000e+00,4.002086060682017443e-01
2.395833333333333037e+00,4.040002599379993176e-01
2.416666666666666519e+00,4.077723697691258975e-01
2.437500000000000000e+00,4.115582658054803278e-01
2.458333333333333037e+00,4.154006544331105277e-01
2.479166666666666519e+00,4.192956267051620722e-01
2.500000000000000000e+00,4.232321676936616206e-01
2.520833333333333037e+00,4.272410657336717654e-01
2.541666666666666519e+00,4.313518712515070908e-01
2.562500000000000000e+00,4.355471943233940046e-01
2.583333333333333037e+00,4.398039814382316837e-01
2.604166666666666519e+00,4.441467416498283138e-01
2.625000000000000000e+00,4.486063465652323501e-01
2.645833333333333037e+00,4.531662388079646941e-01
2.666666666666666519e+00,4.578089949221147426e-01
2.687500000000000000e+00,4.625431210331234499e-01
2.708333333333333037e+00,4.673552085458362315e-01
2.729166666666666519e+00,4.722002903139954633e-01
2.750000000000000000e+00,4.770532328446082659e-01
2.770833333333333037e+00,4.819197372239261146e-01
2.791666666666666519e+00,4.867884937827426928e-01
2.812500000000000000e+00,4.916337127258134099e-01
2.833333333333333037e+00,4.964660127218570862e-01
2.854166666666666519e+00,5.013004718515287061e-01
2.875000000000000000e+00,5.061014111231496582e-01
2.895833333333333037e+00,5.108235031033399043e-01
2.916666666666666519e+00,5.154680895966192722e-01
2.937500000000000000e+00,5.200447118799078616e-01
2.958333333333333037e+00,5.245364812012484057e-01
2.979166666666666519e+00,5.289449293249314232e-01
3.000000000000000000e+00,5.332928523723439174e-01
3.020833333333333037e+00,5.375764461842940101e-01
3.041666666666666519e+00,5.417851152769608269e-01
3.062500000000000000e+00,5.459547319305475543e-01
3.083333333333333037e+00,5.501274710173114091e-01
3.104166666666666519e+00,5.542958173367605879e-01
3.125000000000000000e+00,5.584442273043519478e-01
3.145833333333333037e+00,5.626056186789353264e-01
3.166666666666666519e+00,5.668219055331017442e-01
3.187500000000000000e+00,5.710877546332733257e-01
3.208333333333333037e+00,5.753892764383115033e-01
3.229166666666666519e+00,5.797410894819917671e-01
3.250000000000000000e+00,5.841448917178492239e-01
3.270833333333333037e+00,5.885718111849221890e-01
3.291666666666666519e+00,5.930083918349166039e-01
3.312500000000000000e+00,5.974673263322751726e-01
3.333333333333333037e+00,6.019401645896490516e-01
3.354166666666666519e+00,6.064131580899189133e-01
3.375000000000000000e+00,6.109026672363796484e-01
3.395833333333333037e+00,6.154124216500177491e-01
3.416666666666666519e+00,6.199147349306995958e-01
3.437500000000000000e+00,6.243981076029313515e-01
3.458333333333333037e+00,6.288795568313843010e-01
3.479166666666666519e+00,6.333573026313772392e-01
3.500000000000000000e+00,6.378163793086163436e-01
3.520833333333333037e+00,6.422764009251613615e-01
3.541666666666666519e+00,6.467603452898644800e-01
3.562500000000000000e+00,6.512415137844277391e-01
3.583333333333333037e+00,6.556851094449633877e-01
3.604166666666666519e+00,6.601035521733134015e-01
3.625000000000000000e+00,6.645166180445531978e-01
3.645833333333333037e+00,6.688948595188459745e-01
3.666666666666666519e+00,6.732004642703861563e-01
3.687500000000000000e+00,6.774424298684766921e-01
3.708333333333333037e+00,6.816368641495941239e-01
3.729166666666666519e+00,6.857716516095750947e-01
3.750000000000000000e+00,6.898510395775142579e-01
3.770833333333333037e+00,6.939027411852068949e-01
3.791666666666666519e+00,6.979304194451969590e-01
3.812500000000000000e+00,7.019307921707668152e-01
3.833333333333333037e+00,7.059400315615069754e-01
3.854166666666666519e+00,7.099914963179917438e-01
3.875000000000000000e+00,7.140686789347968633e-01
3.895833333333333037e+00,7.181486592328613083e-01
3.916666666666666519e+00,7.222586070779054568e-01
3.937500000000000000e+00,7.264357574304949328e-01
3.958333333333333037e+00,7.306701667961343905e-01
3.979166666666666519e+00,7.349455967354120434e-01
4.000000000000000000e+00,7.392823993237198632e-01
4.020833333333333037e+00,7.436931308953302899e-01
4.041666666666666075e+00,7.481419754176640291e-01
4.062500000000000000e+00,7.525877031481511548e-01
4.083333333333333037e+00,7.570397144507591269e-01
4.104166666666666075e+00,7.615165575187016200e-01
4.125000000000000000e+00,7.659887265854308236e-01
4.145833333333333037e+00,7.704185810286288127e-01
4.166666666666666075e+00,7.748169533021848077e-01
4.187500000000000000e+00,7.792013225171173785e-01
4.208333333333333037e+00,7.835428851784154158e-01
4.229166666666666075e+00,7.878077014101331210e-01
4.250000000000000000e+00,7.920098546880351975e-01
4.270833333333333037e+00,7.961695441242166993e-01
4.291666666666666075e+00,8.002700305107558476e-01
4.312500000000000000e+00,8.043024650310722778e-01
4.333333333333333037e+00,8.083066221942771801e-01
4.354166666666666075e+00,8.123278285838054780e-01
4.375000000000000000e+00,8.163606792756126218e-01
4.395833333333333037e+00,8.203905772453741196e-01
4.416666666666666075e+00,8.244513379921769580e-01
4.437500000000000000e+00,8.285852824819849305e-01
4.458333333333333037e+00,8.327857794069354336e-01
4.479166666666666075e+00,8.370381093300739428e-01
4.500000000000000000e+00,8.413584651836847339e-01
4.520833333333333037e+00,8.457501565479361716e-01
4.541666666666666075e+00,8.501802628293371189e-01
4.562500000000000000e+00,8.546271009529537999e-01
4.583333333333333037e+00,8.591123860582969840e-01
4.604166666666666075e+00,8.636561219264088374e-01
4.625000000000000000e+00,8.682301337237299244e-01
4.645833333333333037e+00,8.727994191610267682e-01
4.666666666666666075e+00,8.773784202644816510e-01
4.687500000000000000e+00,8.819905941564313290e-01
4.708333333333333037e+00,8.866109762462973665e-01
4.729166666666666075e+00,8.912062266640681241e-01
4.750000000000000000e+00,8.957915208059713530e-01
4.770833333333333037e+00,9.003884780406044008e-01
4.791666666666666075e+00,9.049682940612255866e-01
4.812500000000000000e+00,9.094918353775580666e-01
4.833333333333333037e+00,9.139670895338573020e-01
4.854166666666666075e+00,9.184078346623817390e-01
4.875000000000000000e+00,9.227901916106090452e-01
4.895833333333333037e+00,9.270977647220763895e-01
4.916666666666666075e+00,9.313629769647947532e-01
4.937500000000000000e+00,9.356239608711881539e-01
4.958333333333333037e+00,9.398681067716804227e-01
4.979166666666666075e+00,9.440738442691712917e-01
5.000000000000000000e+00,9.482685562292955117e-01
5.020833333333333037e+00,9.524886663667281317e-01
5.041666666666666075e+00,9.567222634332068765e-01
5.062500000000000000e+00,9.609511348722811208e-01
5.083333333333333037e+00,9.652076835043851277e-01
5.104166666666666075e+00,9.695347373313960571e-01
5.125000000000000000e+00,9.739273156258083652e-01
5.145833333333333037e+00,9.783636981543494260e-01
5.166666666666666075e+00,9.828541368610504980e-01
5.187500000000000000e+00,9.874105599271247868e-01
5.208333333333333037e+00,9.919971274652950033e-01
5.229166666666666075e+00,9.965722502803274763e-01
5.250000000000000000e+00,1.001145152883444078e+00
5.270833333333333037e+00,1.005733961561012801e+00
5.291666666666666075e+00,1.010307687224441420e+00
5.312500000000000000e+00,1.014826128285464923e+00
5.333333333333333037e+00,1.019297549259807090e+00
5.354166666666666075e+00,1.023736916255991947e+00
5.375000000000000000e+00,1.028116136979380535e+00
5.395833333333333037e+00,1.032409355152074770e+00
5.416666666666666075e+00,1.036635304956800896e+00
5.437500000000000000e+00,1.040815249143733467e+00
5.458333333333333037e+00,1.044920870023810622e+00
5.479166666666666075e+00,1.048913733877241627e+00
5.500000000000000000e+00,1.052801852429340546e+00
5.520833333333333037e+00,1.056600890635755130e+00
5.541666666666666075e+00,1.060294442697156336e+00
5.562500000000000000e+00,1.063879788964467998e+00
5.583333333333333037e+00,1.067394666798775926e+00
5.604166666666666075e+00,1.070871298672762650e+00
5.625000000000000000e+00,1.074290132912875118e+00
5.645833333333333037e+00,1.077622741030635600e+00
5.666666666666666075e+00,1.080888160509403395e+00
5.687500000000000000e+00,1.084112564025648151e+00
5.708333333333333037e+00,1.087282539050208108e+00
5.729166666666666075e+00,1.090389295585904916e+00
5.750000000000000000e+00,1.093475524035287139e+00
5.770833333333333037e+00,1.096592311042501988e+00
5.791666666666666075e+00,1.099744098396511660e+00
5.812500000000000000e+00,1.102928077604840906e+00
5.833333333333333037e+00,1.106170310228161036e+00
5.854166666666666075e+00,1.109480208399558077e+00
5.875000000000000000e+00,1.112834221036266280e+00
5.895833333333333037e+00,1.116222980287975730e+00
5.916666666666666075e+00,1.119666713458548735e+00
5.937500000000000000e+00,1.123166568920906716e+00
5.958333333333333037e+00,1.126701209937923887e+00
5.979166666666666075e+00,1.130275542616947737e+00
6.000000000000000000e+00,1.133898853051949596e+00
6.020833333333333037e+00,1.137534913495190203e+00
6.041666666666666075e+00,1.141143691489580503e+00
6.062500000000000000e+00,1.144733173283607019e+00
6.083333333333333037e+00,1.148317273815391726e+00
6.104166666666666075e+00,1.151871625369973007e+00
6.125000000000000000e+00,1.155378325015616658e+00
6.145833333333333037e+00,1.158868368119549741e+00
6.166666666666666075e+00,1.162378428232148320e+00
6.187500000000000000e+00,1.165894235859836536e+00
6.208333333333333037e+00,1.169392709395182139e+00
6.229166666666666075e+00,1.172900163132240436e+00
6.250000000000000000e+00,1.176452199444864011e+00
6.270833333333333037e+00,1.180035520678977656e+00
6.291666666666666075e+00,1.183630085661883991e+00
6.312500000000000000e+00,1.187266621455775661e+00
6.333333333333333037e+00,1.190986405457385544e+00
6.354166666666666075e+00,1.194782551845044338e+00
6.375000000000000000e+00,1.198629470999598601e+00
6.395833333333333037e+00,1.202535820207637496e+00
6.416666666666666075e+00,1.206517330933292609e+00
6.437500000000000000e+00,1.210542188801431607e+00
6.458333333333333037e+00,1.214572497379160732e+00
6.479166666666666075e+00,1.218621042961756107e+00
6.500000000000000000e+00,1.222708914124478019e+00
6.520833333333333037e+00,1.226807371106198641e+00
6.541666666666666075e+00,1.230878166454707712e+00
6.562500000000000000e+00,1.234931452721559353e+00
6.583333333333333037e+00,1.238983456500238667e+00
6.604166666666666075e+00,1.242999278781539152e+00
6.625000000000000000e+00,1.246933486294517390e+00
6.645833333333333037e+00,1.250788052841766529e+00
6.666666666666666075e+00,1.254575532551071015e+00
6.687500000000000000e+00,1.258280745156955316e+00
6.708333333333333037e+00,1.261902387895686317e+00
6.729166666666666075e+00,1.265470165121301171e+00
6.750000000000000000e+00,1.268995568056197731e+00
6.770833333333333037e+00,1.272437627368845137e+00
6.791666666666666075e+00,1.275748090001355139e+00
6.812500000000000000e+00,1.278930102087885157e+00
6.833333333333333037e+00,1.281997580310844098e+00
6.854166666666666075e+00,1.284918084605811028e+00
6.875000000000000000e+00,1.287651633944286056e+00
6.895833333333333037e+00,1.290208017926288475e+00
6.916666666666666075e+00,1.292606773968018041e+00
6.937500000000000000e+00,1.294817716409802033e+00
6.958333333333333037e+00,1.296801683352236889e+00
6.979166666666666075e+00,1.298567157498048408e+00
7.000000000000000000e+00,1.300141294055346952e+00
7.020833333333333037e+00,1.301523321554293622e+00
7.041666666666666075e+00,1.302716535905501294e+00
7.062500000000000000e+00,1.303772767882725336e+00
7.083333333333333037e+00,1.304752277639036340e+00
7.104166666666666075e+00,1.305666002846007645e+00
7.125000000000000000e+00,1.306514933670069434e+00
7.145833333333333037e+00,1.307339296846810939e+00
7.166666666666666075e+00,1.308177164759671385e+00
7.187500000000000000e+00,1.309015064928543248e+00
7.208333333333333037e+00,1.309828918777371731e+00
7.229166666666666075e+00,1.310640210154775165e+00
7.250000000000000000e+00,1.311476732521862809e+00
7.270833333333333037e+00,1.312314821527442943e+00
7.291666666666666075e+00,1.313119632139269077e+00
7.312500000000000000e+00,1.313902680432479819e+00
7.333333333333333037e+00,1.314684125256902814e+00
7.354166666666666075e+00,1.315453262933188538e+00
7.375000000000000000e+00,1.316211572205886693e+00
7.395833333333333037e+00,1.316989997821289116e+00
7.416666666666666075e+00,1.317802822616834568e+00
7.437500000000000000e+00,1.318618588164322869e+00
7.458333333333333037e+00,1.319405748813315737e+00
7.479166666666666075e+00,1.320185982729382257e+00
7.500000000000000000e+00,1.320991682750735308e+00
7.520833333333333037e+00,1.321808961657196635e+00
7.541666666666666075e+00,1.322617595897387810e+00
7.562500000000000000e+00,1.323448957303005935e+00
7.583333333333333037e+00,1.324345696433626207e+00
7.604166666666666075e+00,1.325303193857924056e+00
7.625000000000000000e+00,1.326297408244195841e+00
7.645833333333333037e+00,1.327338656657431226e+00
7.666666666666666075e+00,1.328445203451497303e+00
7.687500000000000000e+00,1.329586630868094588e+00
7.708333333333333037e+00,1.330723103676743735e+00
7.729166666666666075e+00,1.331861786949834148e+00
7.750000000000000000e+00,1.333017300443728237e+00
7.770833333333333037e+00,1.334153304391027639e+00
7.791666666666666075e+00,1.335222530600449486e+00
7.812500000000000000e+00,1.336224067119234915e+00
7.833333333333333037e+00,1.337171303772483055e+00
7.854166666666666075e+00,1.338045781686631130e+00
7.875000000000000000e+00,1.338831224171599832e+00
7.895833333333333037e+00,1.339559558252389593e+00
7.916666666666666075e+00,1.340270685496256942e+00
7.937500000000000000e+00,1.340955753578984444e+00
7.958333333333333037e+00,1.341596468208440029e+00
7.979166666666666075e+00,1.342223138960521700e+00
8.000000000000000000e+00,1.342873874692788183e+00
8.020833333333332149e+00,1.343537797563830960e+00
8.041666666666666075e+00,1.344195019219696086e+00
8.062500000000000000e+00,1.344873895031482247e+00
8.083333333333332149e+00,1.345610575303248568e+00
8.104166666666666075e+00,1.346391948034481478e+00
8.125000000000000000e+00,1.347198011733471423e+00
8.145833333333332149e+00,1.348051780043100001e+00
8.166666666666666075e+00,1.348974406524908298e+00
8.187500000000000000e+00,1.349941119571375081e+00
8.208333333333332149e+00,1.350923406326346665e+00
8.229166666666666075e+00,1.351939048201397764e+00
8.250000000000000000e+00,1.353011959698684485e+00
8.270833333333332149e+00,1.354118976520091389e+00
8.291666666666666075e+00,1.355230584809929528e+00
8.312500000000000000e+00,1.356360201580645519e+00
8.333333333333332149e+00,1.357520211689837053e+00
8.354166666666666075e+00,1.358672583145126733e+00
8.375000000000000000e+00,1.359770345040703043e+00
8.395833333333332149e+00,1.360816021480063087e+00
8.416666666666666075e+00,1.361819537094257848e+00
8.437500000000000000e+00,1.362745271813624592e+00
8.458333333333332149e+00,1.363553697814906318e+00
8.479166666666666075e+00,1.364253750604856874e+00
8.500000000000000000e+00,1.364860910107340120e+00
8.520833333333332149e+00,1.365363130214567011e+00
8.541666666666666075e+00,1.365767546076408934e+00
8.562500000000000000e+00,1.366100181416734394e+00
8.583333333333332149e+00,1.366355923748210355e+00
8.604166666666666075e+00,1.366521091991410586e+00
8.625000000000000000e+00,1.366629395955950788e+00
8.645833333333332149e+00,1.366723430451239896e+00
8.666666666666666075e+00,1.366798873477339749e+00
8.687500000000000000e+00,1.366844307949987236e+00
8.708333333333332149e+00,1.366898687333665041e+00
8.729166666666666075e+00,1.367011535386125631e+00
8.750000000000000000e+00,1.367186300167878787e+00
8.770833333333332149e+00,1.367411721399503399e+00
8.791666666666666075e+00,1.367706575821682646e+00
8.812500000000000000e+00,1.368085503936331770e+00
8.833333333333332149e+00,1.368515317861173752e+00
8.854166666666666075e+00,1.368955612604647154e+00
8.875000000000000000e+00,1.369415958631860608e+00
8.895833333333332149e+00,1.369915845872592186e+00
8.916666666666666075e+00,1.370426054192706911e+00
8.937500000000000000e+00,1.370907775581023280e+00
8.958333333333332149e+00,1.371368118571271610e+00
8.979166666666666075e+00,1.371820901118073754e+00
9.000000000000000000e+00,1.372228207117501375e+00
9.020833333333332149e+00,1.372541157002586498e+00
9.041666666666666075e+00,1.372757154740353647e+00
9.062500000000000000e+00,1.372879943821853521e+00
9.083333333333332149e+00,1.372862512791529488e+00
9.104166666666666075e+00,1.372646514267508833e+00
9.125000000000000000e+00,1.372222968790046682e+00
9.145833333333332149e+00,1.371623299098729376e+00
9.166666666666666075e+00,1.370869201302144180e+00
9.187500000000000000e+00,1.369947972280089576e+00
9.208333333333332149e+00,1.368860464340533989e+00
9.229166666666666075e+00,1.367650776511925459e+00
9.250000000000000000e+00,1.366360533669097599e+00
9.270833333333332149e+00,1.364982309567997154e+00
9.291666666666666075e+00,1.363504196180747030e+00
9.312500000000000000e+00,1.361966271352268443e+00
9.333333333333332149e+00,1.360418853596052191e+00
9.354166666666666075e+00,1.358864299611363124e+00
9.375000000000000000e+00,1.357297812111666113e+00
9.395833333333332149e+00,1.355751737873981178e+00
9.416666666666666075e+00,1.354249271440594926e+00
9.437500000000000000e+00,1.352761428192799764e+00
9.458333333333332149e+00,1.351249789214969299e+00
9.479166666666666075e+00,1.349724871833707596e+00
9.500000000000000000e+00,1.348204316417872750e+00
9.520833333333332149e+00,1.346668516165602680e+00
9.541666666666666075e+00,1.345104944402876423e+00
9.562500000000000000e+00,1.343550443545946216e+00
9.583333333333332149e+00,1.342046781158034108e+00
9.604166666666666075e+00,1.340583465012528119e+00
9.625000000000000000e+00,1.339139698676610424e+00
9.645833333333332149e+00,1.337742969935121984e+00
9.666666666666666075e+00,1.336427191218200639e+00
9.687500000000000000e+00,1.335175562710184449e+00
9.708333333333332149e+00,1.333962875170143114e+00
9.729166666666666075e+00,1.332811949283803976e+00
9.750000000000000000e+00,1.331757385182056996e+00
9.770833333333332149e+00,1.330792031721858892e+00
9.791666666666666075e+00,1.329904705133412079e+00
9.812500000000000000e+00,1.329131954466770793e+00
9.833333333333332149e+00,1.328516002852101030e+00
9.854166666666666075e+00,1.328050624540016100e+00
9.875000000000000000e+00,1.327722226687161777e+00
9.895833333333332149e+00,1.327557157634684515e+00
9.916666666666666075e+00,1.327576095065339912e+00
9.937500000000000000e+00,1.327751230677260974e+00
9.958333333333332149e+00,1.328049233114405814e+00
9.979166666666666075e+00,1.328487506215505043e+00
1.000000000000000000e+01,1.329091061438153920e+00
1.002083333333333215e+01,1.329838152781003924e+00
1.004166666666666607e+01,1.330696791666190482e+00
1.006250000000000000e+01,1.331667069147920879e+00
1.008333333333333215e+01,1.332740812530873065e+00
1.010416666666666607e+01,1.333864770564535895e+00
1.012500000000000000e+01,1.334984881260222078e+00
1.014583333333333215e+01,1.336098562493496678e+00
1.016666666666666607e+01,1.337212293409147934e+00
1.018750000000000000e+01,1.338286104792737019e+00
1.020833333333333215e+01,1.339274807501435571e+00
1.022916666666666607e+01,1.340182449805399356e+00
1.025000000000000000e+01,1.341023894482185064e+00
1.027083333333333215e+01,1.341773875414380202e+00
1.029166666666666607e+01,1.342408467376144054e+00
1.031250000000000000e+01,1.342953393012793262e+00
1.033333333333333215e+01,1.343443575726479766e+00
1.035416666666666607e+01,1.343867735696915755e+00
1.037500000000000000e+01,1.344207396319535563e+00
1.039583333333333215e+01,1.344491555968643670e+00
1.041666666666666607e+01,1.344755531843220719e+00
1.043750000000000000e+01,1.344986533193484268e+00
1.045833333333333215e+01,1.345162592381600186e+00
1.047916666666666607e+01,1.345307788006352645e+00
1.050000000000000000e+01,1.345451662204993015e+00
1.052083333333333215e+01,1.345574322139675649e+00
1.054166666666666607e+01,1.345645177216409971e+00
1.056250000000000000e+01,1.345678392522490441e+00
1.058333333333333215e+01,1.345694479452847592e+00
1.060416666666666607e+01,1.345684852555444344e+00
1.062500000000000000e+01,1.345655555397556657e+00
1.064583333333333215e+01,1.345635535991143383e+00
1.066666666666666607e+01,1.345630528541081672e+00
1.068750000000000000e+01,1.345637889989111047e+00
1.070833333333333215e+01,1.345688639499651451e+00
1.072916666666666607e+01,1.345804262282275454e+00
1.075000000000000000e+01,1.345955101633090845e+00
1.077083333333333215e+01,1.346101801526522701e+00
1.079166666666666607e+01,1.346250802140916525e+00
1.081250000000000000e+01,1.346417384010021312e+00
1.083333333333333215e+01,1.346587267531376586e+00
1.085416666666666607e+01,1.346758357751406843e+00
1.087500000000000000e+01,1.346957748389818521e+00
1.089583333333333215e+01,1.347196950123478176e+00
1.091666666666666607e+01,1.347459899692850183e+00
1.093750000000000000e+01,1.347749164152412860e+00
1.095833333333333215e+01,1.348075670250979963e+00
1.097916666666666607e+01,1.348405502645613430e+00
1.100000000000000000e+01,1.348696840482707104e+00
1.102083333333333215e+01,1.348957338906822567e+00
1.104166666666666607e+01,1.349203852519431202e+00
1.106250000000000000e+01,1.349406627161703565e+00
1.108333333333333215e+01,1.349530058916946773e+00
1.110416666666666607e+01,1.349588070144816410e+00
1.112500000000000000e+01,1.349605312715809635e+00
1.114583333333333215e+01,1.349561166372654775e+00
1.116666666666666607e+01,1.349430381677331647e+00
1.118750000000000000e+01,1.349237395112696580e+00
1.120833333333333215e+01,1.349016542295504939e+00
1.122916666666666607e+01,1.348755972883736609e+00
1.125000000000000000e+01,1.348437299014677127e+00
1.127083333333333215e+01,1.348093437341681300e+00
1.129166666666666607e+01,1.347767484745517441e+00
1.131250000000000000e+01,1.347455384015731283e+00
1.133333333333333215e+01,1.347145971375695694e+00
1.135416666666666607e+01,1.346870754978168883e+00
1.137500000000000000e+01,1.346661703874168170e+00
1.139583333333333215e+01,1.346502120961575510e+00
1.141666666666666607e+01,1.346369544161248211e+00
1.143750000000000000e+01,1.346292597239521438e+00
1.145833333333333215e+01,1.346309587902554394e+00
1.147916666666666607e+01,1.346410802593509537e+00
1.150000000000000000e+01,1.346569311254843360e+00
1.152083333333333215e+01,1.346791794447403490e+00
1.154166666666666607e+01,1.347087728942973461e+00
1.156250000000000000e+01,1.347416674637545553e+00
1.158333333333333215e+01,1.347729434595074327e+00
1.160416666666666607e+01,1.348025879132955573e+00
1.162500000000000000e+01,1.348312810267112249e+00
1.164583333333333215e+01,1.348555033361241273e+00
1.166666666666666607e+01,1.348718412994241111e+00
1.168750000000000000e+01,1.348817739589613707e+00
1.170833333333333215e+01,1.348872719400347808e+00
1.172916666666666607e+01,1.348853896825485954e+00
1.175000000000000000e+01,1.348724276328047145e+00
1.177083333333333215e+01,1.348494288633181215e+00
1.179166666666666607e+01,1.348199638749990825e+00
1.181250000000000000e+01,1.347849340849222477e+00
1.183333333333333215e+01,1.347446053487078688e+00
1.185416666666666607e+01,1.347036630720168437e+00
1.187500000000000000e+01,1.346670244351497736e+00
1.189583333333333215e+01,1.346346438230315190e+00
1.191666666666666607e+01,1.346058014345556941e+00
1.193750000000000000e+01,1.345836256026133437e+00
1.195833333333333215e+01,1.345706675809259290e+00
1.197916666666666607e+01,1.345645594080706609e+00
1.200000000000000000e+01,1.345624100705188342e+00
1.202083333333333215e+01,1.345665840064882213e+00
1.204166666666666607e+01,1.345804471277498138e+00
1.206250000000000000e+01,1.346025428455209338e+00
1.208333333333333215e+01,1.346306613687132669e+00
1.210416666666666607e+01,1.346663823681244265e+00
1.212500000000000000e+01,1.347104645486731256e+00
1.214583333333333215e+01,1.347586021584529892e+00
1.216666666666666607e+01,1.348057531346221749e+00
1.218750000000000000e+01,1.348518436139313215e+00
1.220833333333333215e+01,1.348975630254467539e+00
1.222916666666666607e+01,1.349400083452618970e+00
1.225000000000000000e+01,1.349772168576448106e+00
1.227083333333333215e+01,1.350121379497709828e+00
1.229166666666666607e+01,1.350482339360382866e+00
1.231250000000000000e+01,1.350838836614378424e+00
1.233333333333333215e+01,1.351166509142215810e+00
1.235416666666666607e+01,1.351487136688826141e+00
1.237500000000000000e+01,1.351826524276719788e+00
1.239583333333333215e+01,1.352158462242399661e+00
1.241666666666666607e+01,1.352447906409341316e+00
1.243750000000000000e+01,1.352706558194116671e+00
1.245833333333333215e+01,1.352950820726721126e+00
1.247916666666666607e+01,1.353149016970394136e+00
1.250000000000000000e+01,1.353265041287571302e+00
1.252083333333333215e+01,1.353313252157404722e+00
1.254166666666666607e+01,1.353314240032661653e+00
1.256250000000000000e+01,1.353241838916916739e+00
1.258333333333333215e+01,1.353065269471227294e+00
1.260416666666666607e+01,1.352804062539575192e+00
1.262500000000000000e+01,1.352486409802556855e+00
1.264583333333333215e+01,1.352095494625772609e+00
1.266666666666666607e+01,1.351610349397018851e+00
1.268750000000000000e+01,1.351061339824970675e+00
1.270833333333333215e+01,1.350487174955905978e+00
1.272916666666666607e+01,1.349879545907357370e+00
1.275000000000000000e+01,1.349224943509977903e+00
1.277083333333333215e+01,1.348559432774130151e+00
1.279166666666666607e+01,1.347925492951413284e+00
1.281250000000000000e+01,1.347315420446234091e+00
1.283333333333333215e+01,1.346713319817550714e+00
1.285416666666666607e+01,1.346139703523201003e+00
1.287500000000000000e+01,1.345606459472363126e+00
1.289583333333333215e+01,1.345072590744152974e+00
1.291666666666666607e+01,1.344488512573043248e+00
1.293750000000000000e+01,1.343851541501040581e+00
1.295833333333333215e+01,1.343178021256216326e+00
1.297916666666666607e+01,1.342452322134454867e+00
1.300000000000000000e+01,1.341652740755207907e+00
1.302083333333333215e+01,1.340805147132021480e+00
1.304166666666666607e+01,1.339941219519079407e+00
1.306250000000000000e+01,1.339044179887777020e+00
1.308333333333333215e+01,1.338091651611402089e+00
1.310416666666666607e+01,1.337111664220467899e+00
1.312500000000000000e+01,1.336140017311257644e+00
1.314583333333333215e+01,1.335165929647812444e+00
1.316666666666666607e+01,1.334174418788623528e+00
1.318750000000000000e+01,1.333202766929412197e+00
1.320833333333333215e+01,1.332297196524725891e+00
1.322916666666666607e+01,1.331456745817597209e+00
1.325000000000000000e+01,1.330666290600077684e+00
1.327083333333333215e+01,1.329942168709399519e+00
1.329166666666666607e+01,1.329298153254695247e+00
1.331250000000000000e+01,1.328698781151142594e+00
1.333333333333333215e+01,1.328102527528037813e+00
1.335416666666666607e+01,1.327515132092785599e+00
1.337500000000000000e+01,1.326947554991057654e+00
1.339583333333333215e+01,1.326360213758824180e+00
1.341666666666666607e+01,1.325705423045267617e+00
1.343750000000000000e+01,1.324982037935222179e+00
1.345833333333333215e+01,1.324202378724670393e+00
1.347916666666666607e+01,1.323348145558436384e+00
1.350000000000000000e+01,1.322405586515061682e+00
1.352083333333333215e+01,1.321409019858886813e+00
1.354166666666666607e+01,1.320397459401315032e+00
1.356250000000000000e+01,1.319359601091815826e+00
1.358333333333333215e+01,1.318276958883134897e+00
1.360416666666666607e+01,1.317180214315210041e+00
1.362500000000000000e+01,1.316107124203526491e+00
1.364583333333333215e+01,1.315048224669293608e+00
1.366666666666666607e+01,1.313988720865769233e+00
1.368750000000000000e+01,1.312961252540494783e+00
1.370833333333333215e+01,1.312002200337057278e+00
1.372916666666666607e+01,1.311100595094587318e+00
1.375000000000000000e+01,1.310239237602159879e+00
1.377083333333333215e+01,1.309434768279333250e+00
1.379166666666666607e+01,1.308691339564320044e+00
1.381250000000000000e+01,1.307968590019136679e+00
1.383333333333333215e+01,1.307226863826562280e+00
1.385416666666666607e+01,1.306477076210259547e+00
1.387500000000000000e+01,1.305737015484309316e+00
1.389583333333333215e+01,1.304974395476154569e+00
1.391666666666666607e+01,1.304149550065850427e+00
1.393750000000000000e+01,1.303270131636396822e+00
1.395833333333333215e+01,1.302350117479797342e+00
1.397916666666666607e+01,1.301367446524109184e+00
1.400000000000000000e+01,1.300310430459775901e+00
1.402083333333333215e+01,1.299215170660906082e+00
1.404166666666666607e+01,1.298121626908878889e+00
1.406250000000000000e+01,1.297018592273570636e+00
1.408333333333333215e+01,1.295886415590064900e+00
1.410416666666666607e+01,1.294752575932271998e+00
1.412500000000000000e+01,1.293650542546553428e+00
1.414583333333333215e+01,1.292573835109725566e+00
1.416666666666666607e+01,1.291520571630703884e+00
1.418750000000000000e+01,1.290539487663197482e+00
1.420833333333333215e+01,1.289686338973990987e+00
1.422916666666666607e+01,1.288969062372652852e+00
1.425000000000000000e+01,1.288372319689300660e+00
1.427083333333333215e+01,1.287908924350616102e+00
1.429166666666666607e+01,1.287597926128952297e+00
1.431250000000000000e+01,1.287412333380794971e+00
1.433333333333333215e+01,1.287321464107883395e+00
1.435416666666666607e+01,1.287345385209097692e+00
1.437500000000000000e+01,1.287513254770516591e+00
1.439583333333333215e+01,1.287807002333303030e+00
1.441666666666666607e+01,1.288195314475472086e+00
1.443750000000000000e+01,1.288679483537337855e+00
1.445833333333333215e+01,1.289257924479974893e+00
1.447916666666666607e+01,1.289879626507902000e+00
1.450000000000000000e+01,1.290486385195372510e+00
1.452083333333333215e+01,1.291066940210212843e+00
1.454166666666666607e+01,1.291619472608809494e+00
1.456250000000000000e+01,1.292114797505759860e+00
1.458333333333333215e+01,1.292538927133114912e+00
1.460416666666666607e+01,1.292912808685181103e+00
1.462500000000000000e+01,1.293244834837064206e+00
1.464583333333333215e+01,1.293508187312786273e+00
1.466666666666666607e+01,1.293689890857523839e+00
1.468750000000000000e+01,1.293822970845469600e+00
1.470833333333333215e+01,1.293941154898606394e+00
1.472916666666666607e+01,1.294030213312444832e+00
1.475000000000000000e+01,1.294071070558717285e+00
1.477083333333333215e+01,1.294095883406940040e+00
1.479166666666666607e+01,1.294145341223411405e+00
1.481250000000000000e+01,1.294214259417805213e+00
1.483333333333333215e+01,1.294290437596311794e+00
1.485416666666666607e+01,1.294392790106694946e+00
1.487500000000000000e+01,1.294525702482239637e+00
1.489583333333333215e+01,1.294671426253806157e+00
1.491666666666666607e+01,1.294841768146117955e+00
1.493750000000000000e+01,1.295054726534594192e+00
1.495833333333333215e+01,1.295277509325655441e+00
1.497916666666666607e+01,1.295467797292790602e+00
1.500000000000000000e+01,1.295632463782105726e+00
1.502083333333333215e+01,1.295785569713298058e+00
1.504166666666666607e+01,1.295906478540292062e+00
1.506250000000000000e+01,1.295984807949295714e+00
1.508333333333333215e+01,1.296054768948585068e+00
1.510416666666666607e+01,1.296148849016176108e+00
1.512500000000000000e+01,1.296247129766102235e+00
1.514583333333333215e+01,1.296320665748746270e+00
1.516666666666666607e+01,1.296388336252261686e+00
1.518750000000000000e+01,1.296474824332628506e+00
1.520833333333333215e+01,1.296553626547161997e+00
1.522916666666666607e+01,1.296590343027851144e+00
1.525000000000000000e+01,1.296601194518463673e+00
1.527083333333333215e+01,1.296612106555875998e+00
1.529166666666666607e+01,1.296600882210592554e+00
1.531250000000000000e+01,1.296539687021465159e+00
1.533333333333333215e+01,1.296451369888491190e+00
1.535416666666666607e+01,1.296368355686120521e+00
1.537500000000000000e+01,1.296275294063222283e+00
1.539583333333333215e+01,1.296151773334882407e+00
1.541666666666666607e+01,1.296029867787755974e+00
1.543750000000000000e+01,1.295951724211313216e+00
1.545833333333333215e+01,1.295911168319194839e+00
1.547916666666666607e+01,1.295895149399906909e+00
1.550000000000000000e+01,1.295936495990605231e+00
1.552083333333333215e+01,1.296069498267079290e+00
1.554166666666666607e+01,1.296276738270482731e+00
1.556250000000000000e+01,1.296531208895209231e+00
1.558333333333333215e+01,1.296854561653345339e+00
1.560416666666666607e+01,1.297274328690961154e+00
1.562500000000000000e+01,1.297765706227610005e+00
1.564583333333333215e+01,1.298292209971121380e+00
1.566666666666666607e+01,1.298866743736823981e+00
1.568750000000000000e+01,1.299506254610222289e+00
1.570833333333333215e+01,1.300171415694397092e+00
1.572916666666666607e+01,1.300803365279423751e+00
1.575000000000000000e+01,1.301381209008404261e+00
1.577083333333333215e+01,1.301890994520883638e+00
1.579166666666666607e+01,1.302274919709021983e+00
1.581250000000000000e+01,1.302476297562170648e+00
1.583333333333333215e+01,1.302489796719524362e+00
1.585416666666666607e+01,1.302320345465255214e+00
1.587500000000000000e+01,1.301948130413981275e+00
1.589583333333333215e+01,1.301376067874584930e+00
1.591666666666666607e+01,1.300628862775447869e+00
1.593750000000000000e+01,1.299703114867140297e+00
1.595833333333333215e+01,1.298589657616804560e+00
1.597916666666666607e+01,1.297329339487689914e+00
1.600000000000000000e+01,1.295973050697489359e+00
1.602083333333333215e+01,1.294524225293880670e+00
1.604166666666666430e+01,1.292977785654514156e+00
1.606250000000000000e+01,1.291376424035317827e+00
1.608333333333333215e+01,1.289771774862253473e+00
1.610416666666666430e+01,1.288165864518054926e+00
1.612500000000000000e+01,1.286549957453307691e+00
1.614583333333333215e+01,1.284954589600782127e+00
1.616666666666666430e+01,1.283408834595939352e+00
1.618750000000000000e+01,1.281890244838602699e+00
1.620833333333333215e+01,1.280364894261293962e+00
1.622916666666666430e+01,1.278844005663357430e+00
1.625000000000000000e+01,1.277345897640626671e+00
1.627083333333333215e+01,1.275841491695149932e+00
1.629166666666666430e+01,1.274294485575741653e+00
1.631250000000000000e+01,1.272715427172756542e+00
1.633333333333333215e+01,1.271123468521651034e+00
1.635416666666666430e+01,1.269502679535321921e+00
1.637500000000000000e+01,1.267845234601071347e+00
1.639583333333333215e+01,1.266190252236693459e+00
1.641666666666666430e+01,1.264579145183753361e+00
1.643750000000000000e+01,1.263013462401549214e+00
1.645833333333333215e+01,1.261494307566520146e+00
1.647916666666666430e+01,1.260070936917885964e+00
1.650000000000000000e+01,1.258803907723406112e+00
1.652083333333333215e+01,1.257707553486736796e+00
1.654166666666666430e+01,1.256761175988898804e+00
1.656250000000000000e+01,1.255958434465355600e+00
1.658333333333333215e+01,1.255308787272035431e+00
1.660416666666666430e+01,1.254785245649359560e+00
1.662500000000000000e+01,1.254353718891997538e+00
1.664583333333333215e+01,1.254029257262354369e+00
1.666666666666666430e+01,1.253836354675325060e+00
1.668750000000000000e+01,1.253750340199887292e+00
1.670833333333333215e+01,1.253735661128087431e+00
1.672916666666666430e+01,1.253802878150286793e+00
1.675000000000000000e+01,1.253970060469298708e+00
1.677083333333333215e+01,1.254203536100098715e+00
1.679166666666666430e+01,1.254457826191558212e+00
1.681250000000000000e+01,1.254733430476004274e+00
1.683333333333333215e+01,1.255038400911829610e+00
1.685416666666666430e+01,1.255330677328888145e+00
1.687500000000000000e+01,1.255557323720903895e+00
1.689583333333333215e+01,1.255713751560284974e+00
1.691666666666666430e+01,1.255814814574634175e+00
1.693750000000000000e+01,1.255842563791533806e+00
1.695833333333333215e+01,1.255775138900858234e+00
1.697916666666666430e+01,1.255641294213220682e+00
1.700000000000000000e+01,1.255481302520123021e+00
1.702083333333333215e+01,1.255290355138640068e+00
1.704166666666666430e+01,1.255056464728056209e+00
1.706250000000000000e+01,1.254816504555943846e+00
1.708333333333333215e+01,1.254616504275646971e+00
1.710416666666666430e+01,1.254455380121326291e+00
1.712500000000000000e+01,1.254317632236093161e+00
1.714583333333333215e+01,1.254219659835415612e+00
1.716666666666666430e+01,1.254179270837345150e+00
1.718750000000000000e+01,1.254208260972784705e+00
1.720833333333333215e+01,1.254339601654117065e+00
1.722916666666666430e+01,1.254583747344908851e+00
1.725000000000000000e+01,1.254932202653504358e+00
1.727083333333333215e+01,1.255405891472050284e+00
1.729166666666666430e+01,1.256028058867628916e+00
1.731250000000000000e+01,1.256769541747674968e+00
1.733333333333333215e+01,1.257592873657461086e+00
1.735416666666666430e+01,1.258507158834184958e+00
1.737500000000000000e+01,1.259525986093023242e+00
1.739583333333333215e+01,1.260612163527206731e+00
1.741666666666666430e+01,1.261721137369707701e+00
1.743750000000000000e+01,1.262856828386799801e+00
1.745833333333333215e+01,1.264030054220165455e+00
1.747916666666666430e+01,1.265215905189199797e+00
1.750000000000000000e+01,1.266398051531285818e+00
1.752083333333333215e+01,1.267610497039646900e+00
1.754166666666666430e+01,1.268893890355968335e+00
1.756250000000000000e+01,1.270242086403450488e+00
1.758333333333333215e+01,1.271636984449856067e+00
1.760416666666666430e+01,1.273091160868569549e+00
1.762500000000000000e+01,1.274610335430393704e+00
1.764583333333333215e+01,1.276154379266739802e+00
1.766666666666666430e+01,1.277681579314914551e+00
1.768750000000000000e+01,1.279201406131651675e+00
1.770833333333333215e+01,1.280731107379905032e+00
1.772916666666666430e+01,1.282240113179777152e+00
1.775000000000000000e+01,1.283691992158344508e+00
1.777083333333333215e+01,1.285098135357192639e+00
1.779166666666666430e+01,1.286475782319385530e+00
1.781250000000000000e+01,1.287796727543191855e+00
1.783333333333333215e+01,1.289031697902272455e+00
1.785416666666666430e+01,1.290198986279421201e+00
1.787500000000000000e+01,1.291323267478962533e+00
1.789583333333333215e+01,1.292383704613630391e+00
1.791666666666666430e+01,1.293353058194602667e+00
1.793750000000000000e+01,1.294205265489802192e+00
1.795833333333333215e+01,1.294887709202597215e+00
1.797916666666666430e+01,1.295370249031296384e+00
1.800000000000000000e+01,1.295658925266621964e+00
1.802083333333333215e+01,1.295749378680544739e+00
1.804166666666666430e+01,1.295619922396540113e+00
1.806250000000000000e+01,1.295282045280026884e+00
1.808333333333333215e+01,1.294753401753177879e+00
1.810416666666666430e+01,1.294012739270520518e+00
1.812500000000000000e+01,1.293045897864808058e+00
1.814583333333333215e+01,1.291889003776310663e+00
1.816666666666666430e+01,1.290585120305715705e+00
1.818750000000000000e+01,1.289128157101425920e+00
1.820833333333333215e+01,1.287505308867014309e+00
1.822916666666666430e+01,1.285755674903906964e+00
1.825000000000000000e+01,1.283929685961814560e+00
1.827083333333333215e+01,1.282029809050863056e+00
1.829166666666666430e+01,1.280052112581194779e+00
1.831250000000000000e+01,1.278043373170788755e+00
1.833333333333333215e+01,1.276060296838848140e+00
1.835416666666666430e+01,1.274111196393675538e+00
1.837500000000000000e+01,1.272192453472897444e+00
1.839583333333333215e+01,1.270329433217946891e+00
1.841666666666666430e+01,1.268535356966884020e+00
1.843750000000000000e+01,1.266784610049783488e+00
1.845833333333333215e+01,1.265059445199775645e+00
1.847916666666666430e+01,1.263392026020161873e+00
1.850000000000000000e+01,1.261819776419970784e+00
1.852083333333333215e+01,1.260327756795949217e+00
1.854166666666666430e+01,1.258889320300547343e+00
1.856250000000000000e+01,1.257525568878039568e+00
1.858333333333333215e+01,1.256262810672555963e+00
1.860416666666666430e+01,1.255075043140446933e+00
1.862500000000000000e+01,1.253925937264432910e+00
1.864583333333333215e+01,1.252827844650638234e+00
1.866666666666666430e+01,1.251801578436536611e+00
1.868750000000000000e+01,1.250819245563717708e+00
1.870833333333333215e+01,1.249845504609066404e+00
1.872916666666666430e+01,1.248895483526607730e+00
1.875000000000000000e+01,1.247994039213496054e+00
1.877083333333333215e+01,1.247117136199286103e+00
1.879166666666666430e+01,1.246234129428853699e+00
1.881250000000000000e+01,1.245362758159090921e+00
1.883333333333333215e+01,1.244527368545655710e+00
1.885416666666666430e+01,1.243703969247724750e+00
1.887500000000000000e+01,1.242864189081887893e+00
1.889583333333333215e+01,1.242030954618133620e+00
1.891666666666666430e+01,1.241237012204003065e+00
1.893750000000000000e+01,1.240468369705481910e+00
1.895833333333333215e+01,1.239704167985064220e+00
1.897916666666666430e+01,1.238965027753979431e+00
1.900000000000000000e+01,1.238268081750374616e+00
1.902083333333333215e+01,1.237578655084026868e+00
1.904166666666666430e+01,1.236852441267756175e+00
1.906250000000000000e+01,1.236094291570857928e+00
1.908333333333333215e+01,1.235315853759096472e+00
1.910416666666666430e+01,1.234487384943870003e+00
1.912500000000000000e+01,1.233581491387075735e+00
1.914583333333333215e+01,1.232619940341843856e+00
1.916666666666666430e+01,1.231629873547148923e+00
1.918750000000000000e+01,1.230585889633037722e+00
1.920833333333333215e+01,1.229452940290214791e+00
1.922916666666666430e+01,1.228244613762903503e+00
1.925000000000000000e+01,1.226982868044080632e+00
1.927083333333333215e+01,1.225658816075210655e+00
1.929166666666666430e+01,1.224279127517492682e+00
1.931250000000000000e+01,1.222878655465637232e+00
1.933333333333333215e+01,1.221472000464555174e+00
1.935416666666666430e+01,1.220056430221976296e+00
1.937500000000000000e+01,1.218661336427065311e+00
1.939583333333333215e+01,1.217321743159794467e+00
1.941666666666666430e+01,1.216026753845385722e+00
1.943750000000000000e+01,1.214758435380472568e+00
1.945833333333333215e+01,1.213549338978821890e+00
1.947916666666666430e+01,1.212443623707273987e+00
1.950000000000000000e+01,1.211437705475937543e+00
1.952083333333333215e+01,1.210506224317080548e+00
1.954166666666666430e+01,1.209655965854328441e+00
1.956250000000000000e+01,1.208900839424937423e+00
1.958333333333333215e+01,1.208204877204365646e+00
1.960416666666666430e+01,1.207520976869327134e+00
1.962500000000000000e+01,1.206847850828481228e+00
1.964583333333333215e+01,1.206194469055091423e+00
1.966666666666666430e+01,1.205565800011938915e+00
1.968750000000000000e+01,1.205011800090782348e+00
1.970833333333333215e+01,1.204587321840705716e+00
1.972916666666666430e+01,1.204298528683857894e+00
1.975000000000000000e+01,1.204142492483679439e+00
1.977083333333333215e+01,1.204162404437595590e+00
1.979166666666666430e+01,1.204409335949917281e+00
1.981250000000000000e+01,1.204885940811345701e+00
1.983333333333333215e+01,1.205572049698463433e+00
1.985416666666666430e+01,1.206473733311621555e+00
1.987500000000000000e+01,1.207603633522944087e+00
1.989583333333333215e+01,1.208928083536439768e+00
1.991666666666666430e+01,1.210406912496545528e+00
1.993750000000000000e+01,1.212047276745730651e+00
1.995833333333333215e+01,1.213865009161081421e+00
1.997916666666666430e+01,1.215829535779238579e+00
2.000000000000000000e+01,1.217902744673633242e+00
2.002083333333333215e+01,1.220083736852191070e+00
2.004166666666666430e+01,1.222367052669709242e+00
2.006250000000000000e+01,1.224698910765785298e+00
2.008333333333333215e+01,1.227018384910288251e+00
2.010416666666666430e+01,1.229311793716594492e+00
2.012500000000000000e+01,1.231574773072006579e+00
2.014583333333333215e+01,1.233773264729748798e+00
2.016666666666666430e+01,1.235887206739728850e+00
2.018750000000000000e+01,1.237936513986614973e+00
2.020833333333333215e+01,1.239937051312818062e+00
2.022916666666666430e+01,1.241856120376000794e+00
2.025000000000000000e+01,1.243653834094059940e+00
2.027083333333333215e+01,1.245337554409716940e+00
2.029166666666666430e+01,1.246923810790398157e+00
2.031250000000000000e+01,1.248409452092653416e+00
2.033333333333333215e+01,1.249758379967848665e+00
2.035416666666666430e+01,1.250918340370074322e+00
2.037500000000000000e+01,1.251880554119121802e+00
2.039583333333333215e+01,1.252645644075195186e+00
2.041666666666666430e+01,1.253175350757002926e+00
2.043750000000000000e+01,1.253432076905682147e+00
2.045833333333333215e+01,1.253427521551371715e+00
2.047916666666666430e+01,1.253184234482113801e+00
2.050000000000000000e+01,1.252697231348004037e+00
2.052083333333333215e+01,1.251976785624808075e+00
2.054166666666666430e+01,1.251067581697090869e+00
2.056250000000000000e+01,1.250003970344772508e+00
2.058333333333333215e+01,1.248786462318663970e+00
2.060416666666666430e+01,1.247426817321846348e+00
2.062500000000000000e+01,1.245975038849886474e+00
2.064583333333333215e+01,1.244474430532089393e+00
2.066666666666666430e+01,1.242919859954841888e+00
2.068750000000000000e+01,1.241298962878278678e+00
2.070833333333333215e+01,1.239650427523212750e+00
2.072916666666666430e+01,1.238024014334454748e+00
2.075000000000000000e+01,1.236423808841153438e+00
2.077083333333333215e+01,1.234846749001595301e+00
2.079166666666666430e+01,1.233330670422733144e+00
2.081250000000000000e+01,1.231912094943317104e+00
2.083333333333333215e+01,1.230578853557715124e+00
2.085416666666666430e+01,1.229310656230833354e+00
2.087500000000000000e+01,1.228143120845946124e+00
2.089583333333333215e+01,1.227135638028022502e+00
2.091666666666666430e+01,1.226311390704177162e+00
2.093750000000000000e+01,1.225683071203486074e+00
2.095833333333333215e+01,1.225286715774588586e+00
2.097916666666666430e+01,1.225136256657093803e+00
2.100000000000000000e+01,1.225219082254208391e+00
2.102083333333333215e+01,1.225545808808359283e+00
2.104166666666666430e+01,1.226129461024424216e+00
2.106250000000000000e+01,1.226934018908241608e+00
2.108333333333333215e+01,1.227913781765216594e+00
2.110416666666666430e+01,1.229069367643676358e+00
2.112500000000000000e+01,1.230407671007422987e+00
2.114583333333333215e+01,1.231887276182709767e+00
2.116666666666666430e+01,1.233459820009238150e+00
2.118750000000000000e+01,1.235124652598798445e+00
2.120833333333333215e+01,1.236890105911273130e+00
2.122916666666666430e+01,1.238717789275751269e+00
2.125000000000000000e+01,1.240562935659762056e+00
2.127083333333333215e+01,1.242429165371620403e+00
2.129166666666666430e+01,1.244329302770578183e+00
2.131250000000000000e+01,1.246229936378171255e+00
2.133333333333333215e+01,1.248091831350091052e+00
2.135416666666666430e+01,1.249924898311312482e+00
2.137500000000000000e+01,1.251749331442226332e+00
2.139583333333333215e+01,1.253540139828838385e+00
2.141666666666666430e+01,1.255267869296870620e+00
2.143750000000000000e+01,1.256952786807666422e+00
2.145833333333333215e+01,1.258624960743836008e+00
2.147916666666666430e+01,1.260268871462158824e+00
2.150000000000000000e+01,1.261863093454153706e+00
2.152083333333333215e+01,1.263434028512862239e+00
2.154166666666666430e+01,1.265016291212207156e+00
2.156250000000000000e+01,1.266594008477640809e+00
2.158333333333333215e+01,1.268143034827048821e+00
2.160416666666666430e+01,1.269689320981472802e+00
2.162500000000000000e+01,1.271266877106988158e+00
2.164583333333333215e+01,1.272861174713965760e+00
2.166666666666666430e+01,1.274449256310859369e+00
2.168750000000000000e+01,1.276057071240301655e+00
2.170833333333333215e+01,1.277718708520594104e+00
2.172916666666666430e+01,1.279418977694876780e+00
2.175000000000000000e+01,1.281133163831795541e+00
2.177083333333333215e+01,1.282883518611243057e+00
2.179166666666666430e+01,1.284699549060540402e+00
2.181250000000000000e+01,1.286560053849370888e+00
2.183333333333333215e+01,1.288432926311265492e+00
2.185416666666666430e+01,1.290331218769285693e+00
2.187500000000000000e+01,1.292274418073635855e+00
2.189583333333333215e+01,1.294231154094214631e+00
2.191666666666666430e+01,1.296159099730345821e+00
2.193750000000000000e+01,1.298062616747307496e+00
2.195833333333333215e+01,1.299953684768111462e+00
2.197916666666666430e+01,1.301795070387787412e+00
2.200000000000000000e+01,1.303540227249265993e+00
2.202083333333333215e+01,1.305191956270426612e+00
2.204166666666666430e+01,1.306771122077769354e+00
2.206250000000000000e+01,1.308264259277787334e+00
2.208333333333333215e+01,1.309654983908558279e+00
2.210416666666666430e+01,1.310978893619890506e+00
2.212500000000000000e+01,1.312282646409795861e+00
2.214583333333333215e+01,1.313567165620733501e+00
2.216666666666666430e+01,1.314826128512365022e+00
2.218750000000000000e+01,1.316093136381014217e+00
2.220833333333333215e+01,1.317399111292548497e+00
2.222916666666666430e+01,1.318726334027981340e+00
2.225000000000000000e+01,1.320048824399832510e+00
2.227083333333333215e+01,1.321388521808469330e+00
2.229166666666666430e+01,1.322776110521026949e+00
2.231250000000000000e+01,1.324193501493915015e+00
2.233333333333333215e+01,1.325613368637537093e+00
2.235416666666666430e+01,1.327039315787859497e+00
2.237500000000000000e+01,1.328461198944375976e+00
2.239583333333333215e+01,1.329841010597691886e+00
2.241666666666666430e+01,1.331163034868508621e+00
2.243750000000000000e+01,1.332430630554140238e+00
2.245833333333333215e+01,1.333616965983063229e+00
2.247916666666666430e+01,1.334692394973486573e+00
2.250000000000000000e+01,1.335674686921991539e+00
2.252083333333333215e+01,1.336589111342360914e+00
2.254166666666666430e+01,1.337410003144290593e+00
2.256250000000000000e+01,1.338100623834801439e+00
2.258333333333333215e+01,1.338670361817633658e+00
2.260416666666666430e+01,1.339142103660041938e+00
2.262500000000000000e+01,1.339508876742150356e+00
2.264583333333333215e+01,1.339769104667701827e+00
2.266666666666666430e+01,1.339968116083713356e+00
2.268750000000000000e+01,1.340156996405215573e+00
2.270833333333333215e+01,1.340337860510662393e+00
2.272916666666666430e+01,1.340503778225818898e+00
2.275000000000000000e+01,1.340689829016008749e+00
2.277083333333333215e+01,1.340931042860801226e+00
2.279166666666666430e+01,1.341214977952782217e+00
2.281250000000000000e+01,1.341522350516586526e+00
2.283333333333333215e+01,1.341885463642568332e+00
2.285416666666666430e+01,1.342347954024563528e+00
2.287500000000000000e+01,1.342905952768528977e+00
2.289583333333333215e+01,1.343530436635220759e+00
2.291666666666666430e+01,1.344219624230410970e+00
2.293750000000000000e+01,1.344979745602547183e+00
2.295833333333333215e+01,1.345769557206449418e+00
2.297916666666666430e+01,1.346539127959714310e+00
2.300000000000000000e+01,1.347286225256777215e+00
2.302083333333333215e+01,1.348018412461217341e+00
2.304166666666666430e+01,1.348709203760953379e+00
2.306250000000000000e+01,1.349342312417914469e+00
2.308333333333333215e+01,1.349948471521048354e+00
2.310416666666666430e+01,1.350561727248005939e+00
2.312500000000000000e+01,1.351165563525392521e+00
2.314583333333333215e+01,1.351705108774379438e+00
2.316666666666666430e+01,1.352137274348556684e+00
2.318750000000000000e+01,1.352466650692152994e+00
2.320833333333333215e+01,1.352703245444716096e+00
2.322916666666666430e+01,1.352806369269542897e+00
2.325000000000000000e+01,1.352726549198000949e+00
2.327083333333333215e+01,1.352461430912944351e+00
2.329166666666666430e+01,1.352030719647700385e+00
2.331250000000000000e+01,1.351426433948987427e+00
2.333333333333333215e+01,1.350634105064370205e+00
2.335416666666666430e+01,1.349686445851306704e+00
2.337500000000000000e+01,1.348621869455038702e+00
2.339583333333333215e+01,1.347429527390319404e+00
2.341666666666666430e+01,1.346091301362591475e+00
2.343750000000000000e+01,1.344637304070005035e+00
2.345833333333333215e+01,1.343104954821902064e+00
2.347916666666666430e+01,1.341486644177367182e+00
2.350000000000000000e+01,1.339770647967301054e+00
2.352083333333333215e+01,1.337994734954292442e+00
2.354166666666666430e+01,1.336205799361072311e+00
2.356250000000000000e+01,1.334404412078154190e+00
2.358333333333333215e+01,1.332585443097337619e+00
2.360416666666666430e+01,1.330793192367647482e+00
2.362500000000000000e+01,1.329082621563465016e+00
2.364583333333333215e+01,1.327462981360928884e+00
2.366666666666666430e+01,1.325926381756782790e+00
2.368750000000000000e+01,1.324492778440055085e+00
2.370833333333333215e+01,1.323180068489508088e+00
2.372916666666666430e+01,1.321959366864705610e+00
2.375000000000000000e+01,1.320795477883220048e+00
2.377083333333333215e+01,1.319700987327480535e+00
2.379166666666666430e+01,1.318695647262254411e+00
2.381250000000000000e+01,1.317750876879242972e+00
2.383333333333333215e+01,1.316828684665562799e+00
2.385416666666666430e+01,1.315936945446563255e+00
2.387500000000000000e+01,1.315089745489104400e+00
2.389583333333333215e+01,1.314249908623196239e+00
2.391666666666666430e+01,1.313369611711812768e+00
2.393750000000000000e+01,1.312448279098332504e+00
2.395833333333333215e+01,1.311492301665765359e+00
2.397916666666666430e+01,1.310472970758326028e+00
2.400000000000000000e+01,1.309371120217588835e+00
2.402083333333333215e+01,1.308216644342868884e+00
2.404166666666666430e+01,1.307047124550831274e+00
2.406250000000000000e+01,1.305852444429792092e+00
2.408333333333333215e+01,1.304615527046568690e+00
2.410416666666666430e+01,1.303368155339634793e+00
2.412500000000000000e+01,1.302152236767741833e+00
2.414583333333333215e+01,1.300963732744578660e+00
2.416666666666666430e+01,1.299785060533431347e+00
2.418750000000000000e+01,1.298628542858899504e+00
2.420833333333333215e+01,1.297503015767165646e+00
2.422916666666666430e+01,1.296370339204876876e+00
2.425000000000000000e+01,1.295186622746956617e+00
2.427083333333333215e+01,1.293956641414106379e+00
2.429166666666666430e+01,1.292693636576802918e+00
2.431250000000000000e+01,1.291372039996400822e+00
2.433333333333333215e+01,1.289968141759691989e+00
2.435416666666666430e+01,1.288506166280163123e+00
2.437500000000000000e+01,1.287016406455769646e+00
2.439583333333333215e+01,1.285480255981712006e+00
2.441666666666666430e+01,1.283869110196424135e+00
2.443750000000000000e+01,1.282200062726162715e+00
2.445833333333333215e+01,1.280495838983274792e+00
2.447916666666666430e+01,1.278742521716347724e+00
2.450000000000000000e+01,1.276933110114140790e+00
2.452083333333333215e+01,1.275107878522742322e+00
2.454166666666666430e+01,1.273312526387904597e+00
2.456250000000000000e+01,1.271543524330580821e+00
2.458333333333333215e+01,1.269788527154973368e+00
2.460416666666666430e+01,1.268082400323248038e+00
2.462500000000000000e+01,1.266468652033094555e+00
2.464583333333333215e+01,1.264943184907877827e+00
2.466666666666666430e+01,1.263488962508525271e+00
2.468750000000000000e+01,1.262116747151194707e+00
2.470833333333333215e+01,1.260835637571170897e+00
2.472916666666666430e+01,1.259611530152881187e+00
2.475000000000000000e+01,1.258404449031377936e+00
2.477083333333333215e+01,1.257222947269937441e+00
2.479166666666666430e+01,1.256086063503154326e+00
2.481250000000000000e+01,1.254967777267766982e+00
2.483333333333333215e+01,1.253836213590371784e+00
2.485416666666666430e+01,1.252703848612437776e+00
2.487500000000000000e+01,1.251585933510373394e+00
2.489583333333333215e+01,1.250449939081776041e+00
2.491666666666666430e+01,1.249254841200050148e+00
2.493750000000000000e+01,1.248006777904428377e+00
2.495833333333333215e+01,1.246718133159236741e+00
2.497916666666666430e+01,1.245352851473555011e+00
2.500000000000000000e+01,1.243865468094948135e+00
2.502083333333333215e+01,1.242257369039293069e+00
2.504166666666666430e+01,1.240545604364382548e+00
2.506250000000000000e+01,1.238718873180288504e+00
2.508333333333333215e+01,1.236768860133009573e+00
2.510416666666666430e+01,1.234733841277283917e+00
2.512500000000000000e+01,1.232657641975849927e+00
2.514583333333333215e+01,1.230534493367880566e+00
2.516666666666666430e+01,1.228349719577730426e+00
2.518750000000000000e+01,1.226136143932672340e+00
2.520833333333333215e+01,1.223934864762912467e+00
2.522916666666666430e+01,1.221738650283317407e+00
2.525000000000000000e+01,1.219532561648564606e+00
2.527083333333333215e+01,1.217349909743091541e+00
2.529166666666666430e+01,1.215233193213914875e+00
2.531250000000000000e+01,1.213178641604394370e+00
2.533333333333333215e+01,1.211173885953278129e+00
2.535416666666666430e+01,1.209232902842576785e+00
2.537500000000000000e+01,1.207354142720401757e+00
2.539583333333333215e+01,1.205511801243942083e+00
2.541666666666666430e+01,1.203702107134283494e+00
2.543750000000000000e+01,1.201927496600528222e+00
2.545833333333333215e+01,1.200157631431410410e+00
2.547916666666666430e+01,1.198373790049772847e+00
2.550000000000000000e+01,1.196599369187961504e+00
2.552083333333333215e+01,1.194855128038839087e+00
2.554166666666666430e+01,1.193156776003756026e+00
2.556250000000000000e+01,1.191564791755056030e+00
2.558333333333333215e+01,1.190145593736094076e+00
2.560416666666666430e+01,1.188917050511006046e+00
2.562500000000000000e+01,1.187885336723037089e+00
2.564583333333333215e+01,1.187102959957604842e+00
2.566666666666666430e+01,1.186627042791591036e+00
2.568750000000000000e+01,1.186464003502166964e+00
2.570833333333333215e+01,1.186601169018231872e+00
2.572916666666666430e+01,1.187052884592759927e+00
2.575000000000000000e+01,1.187828479722111918e+00
2.577083333333333215e+01,1.188886421804792759e+00
2.579166666666666430e+01,1.190178644211392189e+00
2.581250000000000000e+01,1.191707042647390136e+00
2.583333333333333215e+01,1.193481871235307024e+00
2.585416666666666430e+01,1.195464201094718737e+00
2.587500000000000000e+01,1.197607507161446705e+00
2.589583333333333215e+01,1.199914426206438955e+00
2.591666666666666430e+01,1.202395897729940044e+00
2.593750000000000000e+01,1.205013431600434393e+00
2.595833333333333215e+01,1.207723252399306890e+00
2.597916666666666430e+01,1.210530414487922535e+00
2.600000000000000000e+01,1.213447012843083872e+00
2.602083333333333215e+01,1.216434472775169029e+00
2.604166666666666430e+01,1.219446965676886485e+00
2.606250000000000000e+01,1.222489485910121187e+00
2.608333333333333215e+01,1.225575703594229848e+00
2.610416666666666430e+01,1.228669121324149405e+00
2.612500000000000000e+01,1.231725617032988884e+00
2.614583333333333215e+01,1.234751055893743121e+00
2.616666666666666430e+01,1.237759531571954508e+00
2.618750000000000000e+01,1.240714850556491333e+00
2.620833333333333215e+01,1.243573202328192240e+00
2.622916666666666430e+01,1.246341136477462141e+00
2.625000000000000000e+01,1.249033810815514345e+00
2.627083333333333215e+01,1.251618184258723732e+00
2.629166666666666430e+01,1.254056403344808279e+00
2.631250000000000000e+01,1.256361405908472229e+00
2.633333333333333215e+01,1.258555604342433742e+00
2.635416666666666430e+01,1.260626158703578081e+00
2.637500000000000000e+01,1.262571487886752886e+00
2.639583333333333215e+01,1.264438994489394341e+00
2.641666666666666430e+01,1.266280314139104579e+00
2.643750000000000000e+01,1.268096072156746024e+00
2.645833333333333215e+01,1.269878459194746512e+00
2.647916666666666430e+01,1.271667051498492906e+00
2.650000000000000000e+01,1.273506552241630896e+00
2.652083333333333215e+01,1.275389794776992769e+00
2.654166666666666430e+01,1.277300483982342527e+00
2.656250000000000000e+01,1.279265074514414735e+00
2.658333333333333215e+01,1.281309740566517696e+00
2.660416666666666430e+01,1.283408558377748587e+00
2.662500000000000000e+01,1.285526461832078748e+00
2.664583333333333215e+01,1.287673455995007821e+00
2.666666666666666430e+01,1.289861893418750016e+00
2.668750000000000000e+01,1.292051691631599830e+00
2.670833333333333215e+01,1.294193673736417249e+00
2.672916666666666430e+01,1.296284933461397948e+00
2.675000000000000000e+01,1.298344410315073638e+00
2.677083333333333215e+01,1.300367638005546445e+00
2.679166666666666430e+01,1.302339499852895877e+00
2.681250000000000000e+01,1.304279185627607474e+00
2.683333333333333215e+01,1.306209999729174509e+00
2.685416666666666430e+01,1.308123438552898810e+00
2.687500000000000000e+01,1.310022302557676932e+00
2.689583333333333215e+01,1.311944462062144767e+00
2.691666666666666430e+01,1.313916275667183164e+00
2.693750000000000000e+01,1.315915252640536659e+00
2.695833333333333215e+01,1.317915601918853374e+00
2.697916666666666430e+01,1.319936995772786670e+00
2.700000000000000000e+01,1.322001953673743513e+00
2.702083333333333215e+01,1.324090309476715133e+00
2.704166666666666430e+01,1.326184881576605079e+00
2.706250000000000000e+01,1.328314870817871141e+00
2.708333333333333215e+01,1.330511851194255080e+00
2.710416666666666430e+01,1.332754806414407023e+00
2.712500000000000000e+01,1.335013771535209282e+00
2.714583333333333215e+01,1.337304757217554929e+00
2.716666666666666430e+01,1.339647863885456092e+00
2.718750000000000000e+01,1.342012271530047096e+00
2.720833333333333215e+01,1.344358076669116997e+00
2.722916666666666430e+01,1.346691406424464388e+00
2.725000000000000000e+01,1.349029879245317920e+00
2.727083333333333215e+01,1.351359431456913063e+00
2.729166666666666430e+01,1.353671178311986800e+00
2.731250000000000000e+01,1.356003113350004785e+00
2.733333333333333215e+01,1.358395917857918356e+00
2.735416666666666430e+01,1.360837372584781990e+00
2.737500000000000000e+01,1.363305568182194838e+00
2.739583333333333215e+01,1.365824037187867601e+00
2.741666666666666430e+01,1.368420905405738575e+00
2.743750000000000000e+01,1.371073952736885149e+00
2.745833333333333215e+01,1.373755011312971286e+00
2.747916666666666430e+01,1.376488245417678336e+00
2.750000000000000000e+01,1.379330221365346221e+00
2.752083333333333215e+01,1.382311868456846948e+00
2.754166666666666430e+01,1.385432203908683935e+00
2.756250000000000000e+01,1.388708835738476699e+00
2.758333333333333215e+01,1.392165155202603977e+00
2.760416666666666430e+01,1.395781721585588775e+00
2.762500000000000000e+01,1.399536980196917746e+00
2.764583333333333215e+01,1.403461813205477249e+00
2.766666666666666430e+01,1.407598178895296037e+00
2.768750000000000000e+01,1.411939754826401883e+00
2.770833333333333215e+01,1.416459707915164623e+00
2.772916666666666430e+01,1.421157683845499564e+00
2.775000000000000000e+01,1.426032919961184087e+00
2.777083333333333215e+01,1.431036958421831873e+00
2.779166666666666430e+01,1.436115267828608655e+00
2.781250000000000000e+01,1.441265634769602899e+00
2.783333333333333215e+01,1.446498656996397569e+00
2.785416666666666430e+01,1.451780101391950017e+00
2.787500000000000000e+01,1.457069879002077295e+00
2.789583333333333215e+01,1.462380198366565409e+00
2.791666666666666430e+01,1.467736118187979999e+00
2.793750000000000000e+01,1.473117830407606466e+00
2.795833333333333215e+01,1.478498723687459604e+00
2.797916666666666430e+01,1.483898808184146878e+00
2.800000000000000000e+01,1.489336497233812784e+00
2.802083333333333215e+01,1.494772595141410809e+00
2.804166666666666430e+01,1.500162677166304581e+00
2.806250000000000000e+01,1.505520067335222478e+00
2.808333333333333215e+01,1.510871830967399632e+00
2.810416666666666430e+01,1.516198633431868226e+00
2.812500000000000000e+01,1.521474579672862149e+00
2.814583333333333215e+01,1.526725972867456260e+00
2.816666666666666430e+01,1.531991019186724312e+00
2.818750000000000000e+01,1.537261310413559734e+00
2.820833333333333215e+01,1.542516805246583855e+00
2.822916666666666430e+01,1.547766300670668782e+00
2.825000000000000000e+01,1.553009486578643683e+00
2.827083333333333215e+01,1.558220165709340854e+00
2.829166666666666430e+01,1.563390047924589910e+00
2.831250000000000000e+01,1.568525933064383038e+00
2.833333333333333215e+01,1.573603328272552559e+00
2.835416666666666430e+01,1.578597897790052995e+00
2.837500000000000000e+01,1.583535052907928176e+00
2.839583333333333215e+01,1.588451096375020688e+00
2.841666666666666430e+01,1.593339216013092807e+00
2.843750000000000000e+01,1.598188104240877427e+00
2.845833333333333215e+01,1.603025896047418186e+00
2.847916666666666430e+01,1.607878957456793989e+00
2.850000000000000000e+01,1.612729035746394146e+00
2.852083333333333215e+01,1.617553715792793501e+00
2.854166666666666430e+01,1.622380052317533350e+00
2.856250000000000000e+01,1.627245065897151344e+00
2.858333333333333215e+01,1.632143137848537151e+00
2.860416666666666430e+01,1.637062391173419451e+00
2.862500000000000000e+01,1.642016605071662694e+00
2.864583333333333215e+01,1.647004677206323375e+00
2.866666666666666430e+01,1.652002920896338489e+00
2.868750000000000000e+01,1.657010679882812587e+00
2.870833333333333215e+01,1.662033902855332146e+00
2.872916666666666430e+01,1.667040667440984780e+00
2.875000000000000000e+01,1.672005748852232410e+00
2.877083333333333215e+01,1.676957662500904833e+00
2.879166666666666430e+01,1.681934303458629598e+00
2.881250000000000000e+01,1.686928197867572310e+00
2.883333333333333215e+01,1.691927129389511064e+00
2.885416666666666430e+01,1.696949507162284210e+00
2.887500000000000000e+01,1.701997888175814877e+00
2.889583333333333215e+01,1.707042361957515242e+00
2.891666666666666430e+01,1.712068912431850665e+00
2.893750000000000000e+01,1.717100773171123862e+00
2.895833333333333215e+01,1.722148739216206037e+00
2.897916666666666430e+01,1.727177693628916266e+00
2.900000000000000000e+01,1.732150866531320332e+00
2.902083333333333215e+01,1.737082445887586868e+00
2.904166666666666430e+01,1.741995666072770454e+00
2.906250000000000000e+01,1.746868568679697864e+00
2.908333333333333215e+01,1.751676705979333448e+00
2.910416666666666430e+01,1.756448145555494333e+00
2.912500000000000000e+01,1.761220313456558495e+00
2.914583333333333215e+01,1.765985558537446654e+00
2.916666666666666430e+01,1.770732964969905954e+00
2.918750000000000000e+01,1.775491656786818417e+00
2.920833333333333215e+01,1.780284565528067908e+00
2.922916666666666430e+01,1.785087854657209316e+00
2.925000000000000000e+01,1.789875185723978523e+00
2.927083333333333215e+01,1.794672730409646810e+00
2.929166666666666430e+01,1.799515846957680854e+00
2.931250000000000000e+01,1.804394349109661677e+00
2.933333333333333215e+01,1.809294150302508397e+00
2.935416666666666430e+01,1.814228776121251885e+00
2.937500000000000000e+01,1.819198299567261090e+00
2.939583333333333215e+01,1.824187286091957683e+00
2.941666666666666430e+01,1.829207489172477663e+00
2.943750000000000000e+01,1.834277905647379470e+00
2.945833333333333215e+01,1.839371652492563403e+00
2.947916666666666430e+01,1.844457466858442141e+00
2.950000000000000000e+01,1.849557472801425240e+00
2.952083333333333215e+01,1.854705672687726459e+00
2.954166666666666430e+01,1.859889255137383124e+00
2.956250000000000000e+01,1.865089791803049124e+00
2.958333333333333215e+01,1.870323668464052957e+00
2.960416666666666430e+01,1.875595497834801062e+00
2.962500000000000000e+01,1.880871349912410340e+00
2.964583333333333215e+01,1.886126970883689191e+00
2.966666666666666430e+01,1.891389255041973305e+00
2.968750000000000000e+01,1.896690997474919982e+00
2.970833333333333215e+01,1.902017063793370211e+00
2.972916666666666430e+01,1.907346953374537968e+00
2.975000000000000000e+01,1.912696825362967035e+00
2.977083333333333215e+01,1.918072823692889894e+00
2.979166666666666430e+01,1.923438391110332102e+00
2.981250000000000000e+01,1.928761582139713493e+00
2.983333333333333215e+01,1.934066085593108220e+00
2.985416666666666430e+01,1.939387789047055222e+00
2.987500000000000000e+01,1.944715082099816472e+00
2.989583333333333215e+01,1.950029358625865017e+00
2.991666666666666430e+01,1.955349599917795000e+00
2.993750000000000000e+01,1.960687739256040452e+00
2.995833333333333215e+01,1.966006206580649618e+00
2.997916666666666430e+01,1.971263217789245070e+00
3.000000000000000000e+01,1.976471679649886903e+00
3.002083333333333215e+01,1.981656427414532518e+00
3.004166666666666430e+01,1.986794636562969174e+00
3.006250000000000000e+01,1.991858577638556671e+00
3.008333333333333215e+01,1.996873330033861471e+00
3.010416666666666430e+01,2.001873053806418223e+00
3.012500000000000000e+01,2.006844446663007098e+00
3.014583333333333215e+01,2.011767835163522644e+00
3.016666666666666430e+01,2.016670836011646539e+00
3.018750000000000000e+01,2.021585806146435793e+00
3.020833333333333215e+01,2.026496723634001018e+00
3.022916666666666430e+01,2.031381182814151476e+00
3.025000000000000000e+01,2.036264403183627891e+00
3.027083333333333215e+01,2.041176343780858105e+00
3.029166666666666430e+01,2.046098531710752955e+00
3.031250000000000000e+01,2.051007634044713424e+00
3.033333333333333215e+01,2.055929839394721181e+00
3.035416666666666430e+01,2.060896530317867903e+00
3.037500000000000000e+01,2.065890498019612664e+00
3.039583333333333215e+01,2.070887152401004183e+00
3.041666666666666430e+01,2.075908352552915836e+00
3.043750000000000000e+01,2.080980513269798937e+00
3.045833333333333215e+01,2.086081261461625758e+00
3.047916666666666430e+01,2.091179488328895442e+00
3.050000000000000000e+01,2.096289086375156430e+00
3.052083333333333215e+01,2.101428107639911502e+00
3.054166666666666430e+01,2.106565336164062163e+00
3.056250000000000000e+01,2.111658818935432613e+00
3.058333333333333215e+01,2.116710155509200497e+00
3.060416666666666430e+01,2.121734349626101412e+00
3.062500000000000000e+01,2.126718017995500087e+00
3.064583333333333215e+01,2.131650476701026253e+00
3.066666666666666430e+01,2.136565467111874117e+00
3.068750000000000000e+01,2.141500666412981868e+00
3.070833333333333215e+01,2.146444320420826113e+00
3.072916666666666430e+01,2.151374379860111485e+00
3.075000000000000000e+01,2.156313775736557581e+00
3.077083333333333215e+01,2.161291459038343188e+00
3.079166666666666430e+01,2.166287182493614960e+00
3.081250000000000000e+01,2.171270553242095946e+00
3.083333333333333215e+01,2.176257800877894777e+00
3.085416666666666430e+01,2.181273529494410557e+00
3.087500000000000000e+01,2.186293696184155699e+00
3.089583333333333215e+01,2.191285166145596097e+00
3.091666666666666430e+01,2.196261757690268990e+00
3.093750000000000000e+01,2.201246842447330376e+00
3.095833333333333215e+01,2.206216448330812874e+00
3.097916666666666430e+01,2.211136936442962941e+00
3.100000000000000000e+01,2.216022298568681048e+00
3.102083333333333215e+01,2.220897140827163607e+00
3.104166666666666430e+01,2.225744604752722733e+00
3.106250000000000000e+01,2.230546541371098979e+00
3.108333333333333215e+01,2.235333053331497677e+00
3.110416666666666430e+01,2.240143777316280893e+00
3.112500000000000000e+01,2.244970211332925736e+00
3.114583333333333215e+01,2.249795049275445713e+00
3.116666666666666430e+01,2.254649680950472135e+00
3.118750000000000000e+01,2.259575477627625784e+00
3.120833333333333215e+01,2.264565277975902013e+00
3.122916666666666430e+01,2.269601611036523359e+00
3.125000000000000000e+01,2.274704645485705612e+00
3.127083333333333215e+01,2.279891815221847473e+00
3.129166666666666430e+01,2.285131166093674171e+00
3.131250000000000000e+01,2.290383151397484163e+00
3.133333333333333215e+01,2.295658357230002444e+00
3.135416666666666430e+01,2.300978053670814205e+00
3.137500000000000000e+01,2.306315684489502527e+00
3.139583333333333215e+01,2.311637632865375824e+00
3.141666666666666430e+01,2.316961284008899113e+00
3.143750000000000000e+01,2.322315157651553719e+00
3.145833333333333215e+01,2.327680359928642861e+00
3.147916666666666430e+01,2.333033628880224253e+00
3.150000000000000000e+01,2.338405977308174677e+00
3.152083333333333215e+01,2.343840149920653815e+00
3.154166666666666430e+01,2.349330398757553340e+00
3.156250000000000000e+01,2.354849313851747894e+00
3.158333333333333215e+01,2.360400542316566597e+00
3.160416666666666430e+01,2.365994524539770882e+00
3.162500000000000000e+01,2.371593907419577985e+00
3.164583333333333215e+01,2.377156811004926151e+00
3.166666666666666430e+01,2.382693950677294392e+00
3.168750000000000000e+01,2.388224973773977577e+00
3.170833333333333215e+01,2.393722777401195323e+00
3.172916666666666430e+01,2.399156233376570579e+00
3.175000000000000000e+01,2.404548322795958981e+00
3.177083333333333215e+01,2.409933707843423534e+00
3.179166666666666430e+01,2.415299561950985829e+00
3.181250000000000000e+01,2.420628103486513805e+00
3.183333333333333215e+01,2.425943634895437295e+00
3.185416666666666430e+01,2.431266405470408287e+00
3.187500000000000000e+01,2.436567103123129741e+00
3.189583333333333215e+01,2.441812054719350478e+00
3.191666666666666430e+01,2.447022662035308382e+00
3.193750000000000000e+01,2.452232409240053812e+00
3.195833333333333215e+01,2.457426765821991488e+00
3.197916666666666430e+01,2.462586290576593839e+00
3.200000000000000000e+01,2.467740670227047683e+00
3.202083333333332860e+01,2.472923994875547482e+00
3.204166666666666430e+01,2.478121470452820052e+00
3.206250000000000000e+01,2.483313051560803508e+00
3.208333333333332860e+01,2.488518071860270631e+00
3.210416666666666430e+01,2.493747928290168669e+00
3.212500000000000000e+01,2.498963631736939028e+00
3.214583333333332860e+01,2.504121759283022719e+00
3.216666666666666430e+01,2.509234517092036487e+00
3.218750000000000000e+01,2.514326596106748468e+00
3.220833333333332860e+01,2.519374445580831789e+00
3.222916666666666430e+01,2.524349866037354673e+00
3.225000000000000000e+01,2.529279543035730882e+00
3.227083333333332860e+01,2.534201673598304172e+00
3.229166666666666430e+01,2.539105928928266476e+00
3.231250000000000000e+01,2.543976931033011368e+00
3.233333333333332860e+01,2.548849654613775773e+00
3.235416666666666430e+01,2.553764487028873376e+00
3.237500000000000000e+01,2.558715962785799380e+00
3.239583333333332860e+01,2.563692651448135074e+00
3.241666666666666430e+01,2.568718850465629089e+00
3.243750000000000000e+01,2.573801958792189648e+00
3.245833333333332860e+01,2.578910031560571969e+00
3.247916666666666430e+01,2.584024450242984106e+00
3.250000000000000000e+01,2.589169775125288453e+00
3.252083333333332860e+01,2.594362341397391969e+00
3.254166666666666430e+01,2.599568207784372920e+00
3.256250000000000000e+01,2.604749877261311131e+00
3.258333333333332860e+01,2.609919963156736245e+00
3.260416666666666430e+01,2.615095308884516800e+00
3.262500000000000000e+01,2.620246119775371696e+00
3.264583333333332860e+01,2.625341822114913182e+00
3.266666666666666430e+01,2.630402041921865663e+00
3.268750000000000000e+01,2.635450172931209867e+00
3.270833333333332860e+01,2.640461391004748304e+00
3.272916666666666430e+01,2.645406401007965869e+00
3.275000000000000000e+01,2.650304051504612346e+00
3.277083333333332860e+01,2.655176763436974063e+00
3.279166666666666430e+01,2.660004024050333538e+00
3.281250000000000000e+01,2.664769288484020837e+00
3.283333333333332860e+01,2.669506566103108547e+00
3.285416666666666430e+01,2.674253303593144171e+00
3.287500000000000000e+01,2.678998256794252519e+00
3.289583333333332860e+01,2.683724203208031955e+00
3.291666666666666430e+01,2.688459946588801053e+00
3.293750000000000000e+01,2.693237576631876795e+00
3.295833333333332860e+01,2.698041179638451581e+00
3.297916666666666430e+01,2.702848479114528413e+00
3.300000000000000000e+01,2.707682761780363379e+00
3.302083333333332860e+01,2.712570085415435983e+00
3.304166666666666430e+01,2.717489222776815261e+00
3.306250000000000000e+01,2.722413758075748369e+00
3.308333333333332860e+01,2.727366844693046133e+00
3.310416666666666430e+01,2.732379036233886449e+00
3.312500000000000000e+01,2.737433157052632016e+00
3.314583333333332860e+01,2.742505627703781368e+00
3.316666666666666430e+01,2.747618542354788307e+00
3.318750000000000000e+01,2.752797890744271392e+00
3.320833333333332860e+01,2.758021797108329842e+00
3.322916666666666430e+01,2.763257895686821897e+00
3.325000000000000000e+01,2.768515285690111405e+00
3.327083333333332860e+01,2.773807267638657592e+00
3.329166666666666430e+01,2.779099908466335922e+00
3.331250000000000000e+01,2.784348807505844903e+00
3.333333333333332860e+01,2.789551105868391279e+00
3.335416666666666430e+01,2.794711916045339972e+00
3.337500000000000000e+01,2.799814622765489425e+00
3.339583333333332860e+01,2.804859219438033957e+00
3.341666666666666430e+01,2.809868404688373733e+00
3.343750000000000000e+01,2.814844368489620940e+00
3.345833333333332860e+01,2.819783433439785103e+00
3.347916666666666430e+01,2.824714775474058026e+00
3.350000000000000000e+01,2.829654922628616287e+00
3.352083333333332860e+01,2.834572549268967734e+00
3.354166666666666430e+01,2.839437007769177068e+00
3.356250000000000000e+01,2.844263883021404649e+00
3.358333333333332860e+01,2.849070267097682851e+00
3.360416666666666430e+01,2.853836538689008773e+00
3.362500000000000000e+01,2.858555821050274393e+00
3.364583333333332860e+01,2.863268792388701023e+00
3.366666666666666430e+01,2.868016662586848398e+00
3.368750000000000000e+01,2.872787739145313601e+00
3.370833333333332860e+01,2.877562825360072463e+00
3.372916666666666430e+01,2.882368071480917671e+00
3.375000000000000000e+01,2.887230262320997110e+00
3.377083333333332860e+01,2.892123362934902797e+00
3.379166666666666430e+01,2.897013815359564592e+00
3.381250000000000000e+01,2.901912676142746950e+00
3.383333333333332860e+01,2.906833237336292619e+00
3.385416666666666430e+01,2.911749739071826770e+00
3.387500000000000000e+01,2.916643084890481852e+00
3.389583333333332860e+01,2.921540449265116024e+00
3.391666666666666430e+01,2.926469897411818177e+00
3.393750000000000000e+01,2.931407054601111284e+00
3.395833333333332860e+01,2.936319759533981610e+00
3.397916666666666430e+01,2.941220928466109719e+00
3.400000000000000000e+01,2.946125592960779915e+00
3.402083333333332860e+01,2.951015748154796725e+00
3.404166666666666430e+01,2.955888886375096281e+00
3.406250000000000000e+01,2.960772583672528047e+00
3.408333333333332860e+01,2.965674767239395937e+00
3.410416666666666430e+01,2.970578179460646506e+00
3.412500000000000000e+01,2.975492940484406379e+00
3.414583333333332860e+01,2.980433089199357344e+00
3.416666666666666430e+01,2.985374275307548064e+00
3.418750000000000000e+01,2.990300638188478466e+00
3.420833333333332860e+01,2.995246520596756223e+00
3.422916666666666430e+01,3.000250759265288725e+00
3.425000000000000000e+01,3.005301440763925136e+00
3.427083333333332860e+01,3.010380675356595592e+00
3.429166666666666430e+01,3.015516757323121855e+00
3.431250000000000000e+01,3.020739480798031007e+00
3.433333333333332860e+01,3.026028618497756284e+00
3.435416666666666430e+01,3.031359006128739431e+00
3.437500000000000000e+01,3.036748453020081673e+00
3.439583333333332860e+01,3.042215325776930435e+00
3.441666666666666430e+01,3.047731953690122619e+00
3.443750000000000000e+01,3.053266517477177366e+00
3.445833333333332860e+01,3.058835642399878818e+00
3.447916666666666430e+01,3.064466682627139615e+00
3.450000000000000000e+01,3.070145056902378045e+00
3.452083333333332860e+01,3.075848576638010368e+00
3.454166666666666430e+01,3.081582304069401701e+00
3.456250000000000000e+01,3.087340651117760792e+00
3.458333333333332860e+01,3.093088545010387769e+00
3.460416666666666430e+01,3.098804994915826061e+00
3.462500000000000000e+01,3.104499199980362167e+00
3.464583333333332860e+01,3.110161329656157658e+00
3.466666666666666430e+01,3.115763067489276228e+00
3.468750000000000000e+01,3.121311452086453109e+00
3.470833333333332860e+01,3.126819681474115153e+00
3.472916666666666430e+01,3.132248903709265786e+00
3.475000000000000000e+01,3.137551719314187970e+00
3.477083333333332860e+01,3.142733517770202489e+00
3.479166666666666430e+01,3.147820148252411077e+00
3.481250000000000000e+01,3.152801987050270149e+00
3.483333333333332860e+01,3.157662589367494110e+00
3.485416666666666430e+01,3.162437441457165654e+00
3.487500000000000000e+01,3.167170016587436354e+00
3.489583333333332860e+01,3.171851774025949311e+00
3.491666666666666430e+01,3.176464955604696438e+00
3.493750000000000000e+01,3.181043681030232495e+00
3.495833333333332860e+01,3.185630169461165728e+00
3.497916666666666430e+01,3.190215648098054579e+00
3.500000000000000000e+01,3.194783938956244906e+00
3.502083333333332860e+01,3.199371458092412190e+00
3.504166666666666430e+01,3.204022616107542909e+00
3.506250000000000000e+01,3.208729468385795425e+00
3.508333333333332860e+01,3.213474426783125004e+00
3.510416666666666430e+01,3.218279917948883462e+00
3.512500000000000000e+01,3.223160763577116228e+00
3.514583333333332860e+01,3.228077618955735861e+00
3.516666666666666430e+01,3.232982321114218571e+00
3.518750000000000000e+01,3.237879436774605324e+00
3.520833333333332860e+01,3.242782389143296751e+00
3.522916666666666430e+01,3.247664570637427417e+00
3.525000000000000000e+01,3.252506198475425325e+00
3.527083333333332860e+01,3.257342003596751745e+00
3.529166666666666430e+01,3.262214505637031525e+00
3.531250000000000000e+01,3.267113516877899748e+00
3.533333333333332860e+01,3.272014205542244980e+00
3.535416666666666430e+01,3.276936217815557217e+00
3.537500000000000000e+01,3.281908166710302943e+00
3.539583333333332860e+01,3.286908085464855134e+00
3.541666666666666430e+01,3.291902405162698830e+00
3.543750000000000000e+01,3.296906707576275242e+00
3.545833333333332860e+01,3.301944752891172730e+00
3.547916666666666430e+01,3.306989320250520947e+00
3.550000000000000000e+01,3.312006085464086258e+00
3.552083333333332860e+01,3.317014370356812236e+00
3.554166666666666430e+01,3.322041678260424735e+00
3.556250000000000000e+01,3.327062229216279032e+00
3.558333333333332860e+01,3.332041142114040788e+00
3.560416666666666430e+01,3.336996866811078100e+00
3.562500000000000000e+01,3.341956032961858281e+00
3.564583333333332860e+01,3.346892782839656633e+00
3.566666666666666430e+01,3.351773542026121877e+00
3.568750000000000000e+01,3.356618506603668894e+00
3.570833333333332860e+01,3.361456349531317223e+00
3.572916666666666430e+01,3.366267310707238281e+00
3.575000000000000000e+01,3.371028890958849722e+00
3.577083333333332860e+01,3.375772262311331318e+00
3.579166666666666430e+01,3.380536104738643299e+00
3.581250000000000000e+01,3.385305772640859079e+00
3.583333333333332860e+01,3.390057529989348062e+00
3.585416666666666430e+01,3.394821009505417209e+00
3.587500000000000000e+01,3.399634071029926208e+00
3.589583333333332860e+01,3.404481804038646420e+00
3.591666666666666430e+01,3.409340966382305549e+00
3.593750000000000000e+01,3.414241975454918698e+00
3.595833333333332860e+01,3.419223440054743435e+00
3.597916666666666430e+01,3.424270375112755449e+00
3.600000000000000000e+01,3.429358333699468631e+00
3.602083333333332860e+01,3.434509892538406106e+00
3.604166666666666430e+01,3.439747736236498099e+00
3.606250000000000000e+01,3.445047503750179541e+00
3.608333333333332860e+01,3.450381873694674084e+00
3.610416666666666430e+01,3.455771473327696519e+00
3.612500000000000000e+01,3.461243246060978773e+00
3.614583333333332860e+01,3.466779402385058884e+00
3.616666666666666430e+01,3.472353158927103056e+00
3.618750000000000000e+01,3.477970097013046491e+00
3.620833333333332860e+01,3.483632721277333921e+00
3.622916666666666430e+01,3.489299805078393657e+00
3.625000000000000000e+01,3.494923685186953843e+00
3.627083333333332860e+01,3.500499490822526649e+00
3.629166666666666430e+01,3.506030429729959597e+00
3.631250000000000000e+01,3.511489468161546945e+00
3.633333333333332860e+01,3.516858697017606783e+00
3.635416666666666430e+01,3.522164667032002594e+00
3.637500000000000000e+01,3.527441000793838821e+00
3.639583333333332860e+01,3.532676362105951817e+00
3.641666666666666430e+01,3.537850148649667403e+00
3.643750000000000000e+01,3.542984057087113392e+00
3.645833333333332860e+01,3.548107226022868321e+00
3.647916666666666430e+01,3.553206290602055173e+00
3.650000000000000000e+01,3.558261365078396743e+00
3.652083333333332860e+01,3.563295986833590057e+00
3.654166666666666430e+01,3.568341779991810458e+00
3.656250000000000000e+01,3.573386685313188149e+00
3.658333333333332860e+01,3.578411282535595817e+00
3.660416666666666430e+01,3.583439122829950474e+00
3.662500000000000000e+01,3.588501058790003917e+00
3.664583333333332860e+01,3.593584770533827744e+00
3.666666666666666430e+01,3.598671312869180294e+00
3.668750000000000000e+01,3.603784964626113752e+00
3.670833333333332860e+01,3.608957423339010262e+00
3.672916666666666430e+01,3.614177102352770454e+00
3.675000000000000000e+01,3.619425346901483653e+00
3.677083333333332860e+01,3.624719294434652461e+00
3.679166666666666430e+01,3.630075296849927025e+00
3.681250000000000000e+01,3.635466525030446761e+00
3.683333333333332860e+01,3.640858206084976345e+00
3.685416666666666430e+01,3.646248405265916315e+00
3.687500000000000000e+01,3.651630579501154994e+00
3.689583333333332860e+01,3.656955917834683767e+00
3.691666666666666430e+01,3.662172661252885320e+00
3.693750000000000000e+01,3.667273960755326190e+00
3.695833333333332860e+01,3.672266719422556669e+00
3.697916666666666430e+01,3.677128510326983957e+00
3.700000000000000000e+01,3.681840093412837245e+00
3.702083333333332860e+01,3.686427142295574555e+00
3.704166666666666430e+01,3.690923256753052772e+00
3.706250000000000000e+01,3.695317345910964058e+00
3.708333333333332860e+01,3.699590320164925838e+00
3.710416666666666430e+01,3.703766503551678024e+00
3.712500000000000000e+01,3.707877586829337879e+00
3.714583333333332860e+01,3.711911583112960322e+00
3.716666666666666430e+01,3.715849782604762286e+00
3.718750000000000000e+01,3.719717100576722668e+00
3.720833333333332860e+01,3.723545921651120416e+00
3.722916666666666430e+01,3.727324927424903844e+00
3.725000000000000000e+01,3.731036076673030610e+00
3.727083333333332860e+01,3.734705082855229730e+00
3.729166666666666430e+01,3.738365117186406739e+00
3.731250000000000000e+01,3.742005447152295883e+00
3.733333333333332860e+01,3.745608573233598637e+00
3.735416666666666430e+01,3.749200940125978043e+00
3.737500000000000000e+01,3.752816577130473341e+00
3.739583333333332860e+01,3.756445526787551170e+00
3.741666666666666430e+01,3.760071044562646403e+00
3.743750000000000000e+01,3.763720452500952884e+00
3.745833333333332860e+01,3.767428524151205327e+00
3.747916666666666430e+01,3.771185825299696592e+00
3.750000000000000000e+01,3.774974741004239576e+00
3.752083333333332860e+01,3.778800612259465286e+00
3.754166666666666430e+01,3.782650701131197835e+00
3.756250000000000000e+01,3.786503752679884816e+00
3.758333333333332860e+01,3.790376886267126100e+00
3.760416666666666430e+01,3.794288080819923081e+00
3.762500000000000000e+01,3.798206027943942242e+00
3.764583333333332860e+01,3.802087858800704989e+00
3.766666666666666430e+01,3.805938472459082789e+00
3.768750000000000000e+01,3.809775176099816196e+00
3.770833333333332860e+01,3.813567469292006518e+00
3.772916666666666430e+01,3.817273003508286244e+00
3.775000000000000000e+01,3.820895380322628654e+00
3.777083333333332860e+01,3.824454034831332283e+00
3.779166666666666430e+01,3.827939895024659034e+00
3.781250000000000000e+01,3.831348545675015149e+00
3.783333333333332860e+01,3.834712171478849907e+00
3.785416666666666430e+01,3.838059389324850468e+00
3.787500000000000000e+01,3.841371059687143319e+00
3.789583333333332860e+01,3.844618377026224110e+00
3.791666666666666430e+01,3.847818451202566159e+00
3.793750000000000000e+01,3.850998806910276517e+00
3.795833333333332860e+01,3.854146358923303595e+00
3.797916666666666430e+01,3.857245624533006456e+00
3.800000000000000000e+01,3.860329742546113163e+00
3.802083333333332860e+01,3.863444235160257811e+00
3.804166666666666430e+01,3.866586833021589342e+00
3.806250000000000000e+01,3.869743406472842207e+00
3.808333333333332860e+01,3.872947355074054521e+00
3.810416666666666430e+01,3.876244164033889383e+00
3.812500000000000000e+01,3.879630808191444569e+00
3.814583333333332860e+01,3.883088325481209413e+00
3.816666666666666430e+01,3.886628005905305994e+00
3.818750000000000000e+01,3.890257054540759540e+00
3.820833333333332860e+01,3.893937692599028555e+00
3.822916666666666430e+01,3.897626058550192951e+00
3.825000000000000000e+01,3.901330642129622106e+00
3.827083333333332860e+01,3.905105113214818680e+00
3.829166666666666430e+01,3.908988196200451792e+00
3.831250000000000000e+01,3.912968121647732556e+00
3.833333333333332860e+01,3.917028781941029436e+00
3.835416666666666430e+01,3.921202242952632311e+00
3.837500000000000000e+01,3.925528760529453987e+00
3.839583333333332860e+01,3.930004480629452956e+00
3.841666666666666430e+01,3.934616979772096013e+00
3.843750000000000000e+01,3.939368803667010699e+00
3.845833333333332860e+01,3.944235827421277651e+00
3.847916666666666430e+01,3.949191891701214985e+00
3.850000000000000000e+01,3.954259641161869343e+00
3.852083333333332860e+01,3.959465396086247146e+00
3.854166666666666430e+01,3.964786812425300067e+00
3.856250000000000000e+01,3.970196306688252186e+00
3.858333333333332860e+01,3.975703547624874101e+00
3.860416666666666430e+01,3.981307768032077199e+00
3.862500000000000000e+01,3.986957962810855349e+00
3.864583333333332860e+01,3.992597445619420427e+00
3.866666666666666430e+01,3.998216968452690256e+00
3.868750000000000000e+01,4.003816222791272139e+00
3.870833333333332860e+01,4.009364214615246169e+00
3.872916666666666430e+01,4.014842127427482588e+00
3.875000000000000000e+01,4.020283077612736733e+00
3.877083333333332860e+01,4.025723474919121969e+00
3.879166666666666430e+01,4.031151665070241030e+00
3.881250000000000000e+01,4.036551117128099442e+00
3.883333333333332860e+01,4.041940621630551789e+00
3.885416666666666430e+01,4.047326496797786888e+00
3.887500000000000000e+01,4.052678732510081261e+00
3.889583333333332860e+01,4.057981119442887419e+00
3.891666666666666430e+01,4.063257696729944968e+00
3.893750000000000000e+01,4.068522397860607320e+00
3.895833333333332860e+01,4.073742341212658324e+00
3.897916666666666430e+01,4.078885637879238857e+00
3.900000000000000000e+01,4.083977660518101516e+00
3.902083333333332860e+01,4.089056478051734445e+00
3.904166666666666430e+01,4.094110854205501582e+00
3.906250000000000000e+01,4.099124509682497752e+00
3.908333333333332860e+01,4.104134768937388600e+00
3.910416666666666430e+01,4.109187438975070883e+00
3.912500000000000000e+01,4.114278576527757636e+00
3.914583333333332860e+01,4.119390409586971558e+00
3.916666666666666430e+01,4.124539306525584870e+00
3.918750000000000000e+01,4.129738728787298641e+00
3.920833333333332860e+01,4.134951994163778899e+00
3.922916666666666430e+01,4.140138412740943963e+00
3.925000000000000000e+01,4.145308192916199452e+00
3.927083333333332860e+01,4.150476050265397454e+00
3.929166666666666430e+01,4.155608384717538684e+00
3.931250000000000000e+01,4.160668976569933619e+00
3.933333333333332860e+01,4.165671552703476443e+00
3.935416666666666430e+01,4.170633828738471216e+00
3.937500000000000000e+01,4.175537189973727692e+00
3.939583333333332860e+01,4.180372499709906542e+00
3.941666666666666430e+01,4.185178014789903145e+00
3.943750000000000000e+01,4.189994718562147114e+00
3.945833333333332860e+01,4.194816189608375545e+00
3.947916666666666430e+01,4.199632932103154914e+00
3.950000000000000000e+01,4.204475167484216236e+00
3.952083333333332860e+01,4.209364290410854359e+00
3.954166666666666430e+01,4.214270897382701442e+00
3.956250000000000000e+01,4.219160865855604570e+00
3.958333333333332860e+01,4.224049122185387972e+00
3.960416666666666430e+01,4.228953714900780980e+00
3.962500000000000000e+01,4.233843912073446347e+00
3.964583333333332860e+01,4.238681762594866065e+00
3.966666666666666430e+01,4.243473939156048758e+00
3.968750000000000000e+01,4.248239403825473381e+00
3.970833333333332860e+01,4.252966227063312843e+00
3.972916666666666430e+01,4.257640590462493435e+00
3.975000000000000000e+01,4.262289731386676550e+00
3.977083333333332860e+01,4.266944248469895840e+00
3.979166666666666430e+01,4.271587876102486803e+00
3.981250000000000000e+01,4.276193915612499730e+00
3.983333333333332860e+01,4.280776093511200031e+00
3.985416666666666430e+01,4.285352417105956491e+00
3.987500000000000000e+01,4.289909842630760473e+00
3.989583333333332860e+01,4.294444631484122255e+00
3.991666666666666430e+01,4.298992873981436702e+00
3.993750000000000000e+01,4.303590375809802637e+00
3.995833333333332860e+01,4.308224978358870416e+00
3.997916666666666430e+01,4.312873892846893931e+00
4.000000000000000000e+01,4.317558386368924417e+00
4.002083333333332860e+01,4.322307287861957725e+00
4.004166666666666430e+01,4.327101622362452105e+00
4.006250000000000000e+01,4.331911388039684674e+00
4.008333333333332860e+01,4.336750882669196727e+00
4.010416666666666430e+01,4.341642081122424557e+00
4.012500000000000000e+01,4.346558437315083623e+00
4.014583333333332860e+01,4.351461858462972287e+00
4.016666666666666430e+01,4.356362413992938443e+00
4.018750000000000000e+01,4.361283096651462188e+00
4.020833333333332860e+01,4.366198852117075369e+00
4.022916666666666430e+01,4.371072173274260564e+00
4.025000000000000000e+01,4.375908939855581714e+00
4.027083333333332860e+01,4.380721908959148259e+00
4.029166666666666430e+01,4.385475944481552979e+00
4.031250000000000000e+01,4.390125076427532136e+00
4.033333333333332860e+01,4.394671904957505149e+00
4.035416666666666430e+01,4.399140913798606611e+00
4.037500000000000000e+01,4.403522444822620230e+00
4.039583333333332860e+01,4.407799122894394017e+00
4.041666666666666430e+01,4.412001542693689160e+00
4.043750000000000000e+01,4.416172210196797288e+00
4.045833333333332860e+01,4.420305666529947608e+00
4.047916666666666430e+01,4.424385085781842086e+00
4.050000000000000000e+01,4.428441382583751640e+00
4.052083333333332860e+01,4.432517475110661742e+00
4.054166666666666430e+01,4.436608278269444483e+00
4.056250000000000000e+01,4.440697083292196368e+00
4.058333333333332860e+01,4.444812549089840914e+00
4.060416666666666430e+01,4.448992146361330668e+00
4.062500000000000000e+01,4.453225069428033756e+00
4.064583333333332860e+01,4.457489502148412441e+00
4.066666666666666430e+01,4.461811396801481422e+00
4.068750000000000000e+01,4.466228386439534681e+00
4.070833333333332860e+01,4.470730133044144239e+00
4.072916666666666430e+01,4.475294185087961729e+00
4.075000000000000000e+01,4.479929922995453673e+00
4.077083333333332860e+01,4.484639217369210229e+00
4.079166666666666430e+01,4.489385750908104100e+00
4.081250000000000000e+01,4.494134970322849476e+00
4.083333333333332860e+01,4.498872823132769483e+00
4.085416666666666430e+01,4.503564190597173500e+00
4.087500000000000000e+01,4.508168102063249805e+00
4.089583333333332860e+01,4.512685666512404659e+00
4.091666666666666430e+01,4.517124889917383257e+00
4.093750000000000000e+01,4.521450144375908309e+00
4.095833333333332860e+01,4.525618422555080400e+00
4.097916666666666430e+01,4.529631970632484794e+00
4.100000000000000000e+01,4.533511207312189484e+00
4.102083333333332860e+01,4.537249428513279170e+00
4.104166666666666430e+01,4.540838425077747154e+00
4.106250000000000000e+01,4.544315410552142609e+00
4.108333333333332860e+01,4.547724525455875799e+00
4.110416666666666430e+01,4.551064692376827203e+00
4.112500000000000000e+01,4.554326854067276109e+00
4.114583333333332860e+01,4.557547215276656516e+00
4.116666666666666430e+01,4.560768857828346512e+00
4.118750000000000000e+01,4.563989283095132521e+00
4.120833333333332860e+01,4.567198333412979316e+00
4.122916666666666430e+01,4.570431437381068385e+00
4.125000000000000000e+01,4.573730914225053290e+00
4.127083333333332860e+01,4.577093447296690876e+00
4.129166666666666430e+01,4.580507021760874764e+00
4.131250000000000000e+01,4.583989222685737275e+00
4.133333333333332860e+01,4.587544836277155369e+00
4.135416666666666430e+01,4.591137946634741951e+00
4.137500000000000000e+01,4.594734068950635297e+00
4.139583333333332860e+01,4.598347041831517323e+00
4.141666666666666430e+01,4.601999781311346460e+00
4.143750000000000000e+01,4.605670085695091842e+00
4.145833333333332860e+01,4.609327991845739270e+00
4.147916666666666430e+01,4.612989577678757058e+00
4.150000000000000000e+01,4.616680695070434659e+00
4.152083333333332860e+01,4.620376347078895662e+00
4.154166666666666430e+01,4.624041817978440605e+00
4.156250000000000000e+01,4.627693895511025168e+00
4.158333333333332860e+01,4.631357619836132145e+00
4.160416666666666430e+01,4.635010560480916197e+00
4.162500000000000000e+01,4.638622199801268664e+00
4.164583333333332860e+01,4.642208479772363283e+00
4.166666666666666430e+01,4.645792452419461149e+00
4.168750000000000000e+01,4.649351022850538584e+00
4.170833333333332860e+01,4.652853336888755464e+00
4.172916666666666430e+01,4.656314705652491170e+00
4.175000000000000000e+01,4.659757210075258449e+00
4.177083333333332860e+01,4.663156463774225990e+00
4.179166666666666430e+01,4.666480454127651889e+00
4.181250000000000000e+01,4.669744060844148947e+00
4.183333333333332860e+01,4.672969500582163427e+00
4.185416666666666430e+01,4.676132551358378464e+00
4.187500000000000000e+01,4.679201515165251735e+00
4.189583333333332860e+01,4.682192397179943733e+00
4.191666666666666430e+01,4.685130227140866133e+00
4.193750000000000000e+01,4.688004890298336669e+00
4.195833333333332860e+01,4.690812485749147775e+00
4.197916666666666430e+01,4.693597361052223249e+00
4.200000000000000000e+01,4.696410969854280637e+00
4.202083333333332860e+01,4.699257856832165459e+00
4.204166666666666430e+01,4.702133552859647736e+00
4.206250000000000000e+01,4.705064359728940104e+00
4.208333333333332860e+01,4.708063910236210958e+00
4.210416666666666430e+01,4.711102987215115334e+00
4.212500000000000000e+01,4.714152352430360793e+00
4.214583333333332860e+01,4.717230747959413328e+00
4.216666666666666430e+01,4.720364128210213117e+00
4.218750000000000000e+01,4.723531365420144290e+00
4.220833333333332860e+01,4.726703307817119892e+00
4.222916666666666430e+01,4.729898597481660971e+00
4.225000000000000000e+01,4.733144062575701305e+00
4.227083333333332860e+01,4.736419457306451086e+00
4.229166666666666430e+01,4.739696802735123171e+00
4.231250000000000000e+01,4.742994423577537866e+00
4.233333333333332860e+01,4.746337778385729678e+00
4.235416666666666430e+01,4.749705781118927383e+00
4.237500000000000000e+01,4.753069257122380264e+00
4.239583333333332860e+01,4.756445863999132051e+00
4.241666666666666430e+01,4.759860497039746008e+00
4.243750000000000000e+01,4.763291406029352970e+00
4.245833333333332860e+01,4.766709452777484479e+00
4.247916666666666430e+01,4.770133236575014202e+00
4.250000000000000000e+01,4.773588645431314781e+00
4.252083333333332860e+01,4.777053926193598699e+00
4.254166666666666430e+01,4.780499205766201243e+00
4.256250000000000000e+01,4.783942587889328024e+00
4.258333333333332860e+01,4.787409871555858842e+00
4.260416666666666430e+01,4.790879280850282917e+00
4.262500000000000000e+01,4.794321061029060971e+00
4.264583333333332860e+01,4.797753247898248752e+00
4.266666666666666430e+01,4.801201185347252043e+00
4.268750000000000000e+01,4.804642535603496079e+00
4.270833333333332860e+01,4.808046896963483974e+00
4.272916666666666430e+01,4.811432104134649279e+00
4.275000000000000000e+01,4.814823904746019956e+00
4.277083333333332860e+01,4.818200438322117307e+00
4.279166666666666430e+01,4.821531717202100609e+00
4.281250000000000000e+01,4.824835581845567489e+00
4.283333333333332860e+01,4.828137238451666313e+00
4.285416666666666430e+01,4.831414050564344365e+00
4.287500000000000000e+01,4.834635134780358889e+00
4.289583333333332860e+01,4.837817521004153853e+00
4.291666666666666430e+01,4.840985627889392795e+00
4.293750000000000000e+01,4.844115895303900743e+00
4.295833333333332860e+01,4.847176660936386661e+00
4.297916666666666430e+01,4.850184442849392319e+00
4.300000000000000000e+01,4.853163179088232582e+00
4.302083333333332860e+01,4.856088671457072792e+00
4.304166666666666430e+01,4.858928307979583749e+00
4.306250000000000000e+01,4.861698147464363906e+00
4.308333333333332860e+01,4.864421348920472177e+00
4.310416666666666430e+01,4.867072245425142718e+00
4.312500000000000000e+01,4.869602158862514685e+00
4.314583333333332860e+01,4.871991852002693690e+00
4.316666666666666430e+01,4.874229342304418289e+00
4.318750000000000000e+01,4.876281232495364826e+00
4.320833333333332860e+01,4.878137724532325414e+00
4.322916666666666430e+01,4.879805239809518191e+00
4.325000000000000000e+01,4.881265707801981435e+00
4.327083333333332860e+01,4.882509362969348565e+00
4.329166666666666430e+01,4.883576482586937217e+00
4.331250000000000000e+01,4.884516512313624048e+00
4.333333333333332860e+01,4.885331357740556157e+00
4.335416666666666430e+01,4.886015222798916646e+00
4.337500000000000000e+01,4.886607034095511004e+00
4.339583333333332860e+01,4.887149340515875018e+00
4.341666666666666430e+01,4.887635271543104842e+00
4.343750000000000000e+01,4.888049815559492473e+00
4.345833333333332860e+01,4.888426160466548431e+00
4.347916666666666430e+01,4.888805959807329238e+00
4.350000000000000000e+01,4.889181996639445416e+00
4.352083333333332860e+01,4.889538548213762326e+00
4.354166666666666430e+01,4.889906485518022095e+00
4.356250000000000000e+01,4.890323025712235427e+00
4.358333333333332860e+01,4.890776354329068987e+00
4.360416666666666430e+01,4.891246510207317044e+00
4.362500000000000000e+01,4.891756274183895137e+00
4.364583333333332860e+01,4.892329728402959432e+00
4.366666666666666430e+01,4.892941373802588423e+00
4.368750000000000000e+01,4.893557416336763666e+00
4.370833333333332860e+01,4.894192265724485402e+00
4.372916666666666430e+01,4.894867830844774836e+00
4.375000000000000000e+01,4.895559509961571187e+00
4.377083333333332860e+01,4.896235151439328526e+00
4.379166666666666430e+01,4.896908878292426159e+00
4.381250000000000000e+01,4.897604489764047386e+00
4.383333333333332860e+01,4.898299129663653773e+00
4.385416666666666430e+01,4.898963948056988649e+00
4.387500000000000000e+01,4.899620902395648514e+00
4.389583333333332860e+01,4.900303195814806223e+00
4.391666666666666430e+01,4.900997979163297380e+00
4.393750000000000000e+01,4.901688291015214638e+00
4.395833333333332860e+01,4.902410254436921022e+00
4.397916666666666430e+01,4.903211535278508393e+00
4.400000000000000000e+01,4.904092261274441533e+00
4.402083333333332860e+01,4.905028363647218725e+00
4.404166666666666430e+01,4.906024112610701593e+00
4.406250000000000000e+01,4.907092939423527866e+00
4.408333333333332860e+01,4.908201916718034852e+00
4.410416666666666430e+01,4.909313604398886532e+00
4.412500000000000000e+01,4.910442025309588843e+00
4.414583333333332860e+01,4.911610112007750217e+00
4.416666666666666430e+01,4.912793193068634601e+00
4.418750000000000000e+01,4.913960955008810139e+00
4.420833333333332860e+01,4.915132441840559530e+00
4.422916666666666430e+01,4.916332890849787418e+00
4.425000000000000000e+01,4.917539170516181279e+00
4.427083333333332860e+01,4.918721923514871364e+00
4.429166666666666430e+01,4.919901101815104205e+00
4.431250000000000000e+01,4.921103030135731693e+00
4.433333333333332860e+01,4.922305654833411204e+00
4.435416666666666430e+01,4.923480386371448247e+00
4.437500000000000000e+01,4.924647784899600644e+00
4.439583333333332860e+01,4.925834927033053923e+00
4.441666666666666430e+01,4.927020794957161165e+00
4.443750000000000000e+01,4.928177789654052177e+00
4.445833333333332860e+01,4.929326870128249105e+00
4.447916666666666430e+01,4.930495131302164324e+00
4.450000000000000000e+01,4.931661311283107807e+00
4.452083333333332860e+01,4.932797874671823735e+00
4.454166666666666430e+01,4.933928257476927648e+00
4.456250000000000000e+01,4.935110309829163988e+00
4.458333333333332860e+01,4.936384944332412594e+00
4.460416666666666430e+01,4.937749321432495897e+00
4.462500000000000000e+01,4.939202277598278457e+00
4.464583333333332860e+01,4.940791234288599121e+00
4.466666666666666430e+01,4.942571703908141600e+00
4.468750000000000000e+01,4.944550246452207531e+00
4.470833333333332860e+01,4.946706879029670212e+00
4.472916666666666430e+01,4.949045041430149894e+00
4.475000000000000000e+01,4.951573499657294875e+00
4.477083333333332860e+01,4.954253273086638210e+00
4.479166666666666430e+01,4.957038087481681288e+00
4.481250000000000000e+01,4.959929497345249239e+00
4.483333333333332860e+01,4.962937462800866228e+00
4.485416666666666430e+01,4.966024152738469866e+00
4.487500000000000000e+01,4.969144415102652701e+00
4.489583333333332860e+01,4.972301165446957327e+00
4.491666666666666430e+01,4.975505348155870422e+00
4.493750000000000000e+01,4.978718990134022526e+00
4.495833333333332860e+01,4.981895670306656143e+00
4.497916666666666430e+01,4.985036680797787945e+00
4.500000000000000000e+01,4.988152633131893054e+00
4.502083333333332860e+01,4.991223069511984356e+00
4.504166666666666430e+01,4.994240314733108477e+00
4.506250000000000000e+01,4.997232913473902194e+00
4.508333333333332860e+01,5.000220270939294664e+00
4.510416666666666430e+01,5.003176536956638110e+00
4.512500000000000000e+01,5.006074920899914460e+00
4.514583333333332860e+01,5.008937728052840654e+00
4.516666666666666430e+01,5.011795401575053432e+00
4.518750000000000000e+01,5.014629391441149941e+00
4.520833333333332860e+01,5.017413060101353572e+00
4.522916666666666430e+01,5.020167537717732387e+00
4.525000000000000000e+01,5.022940919201129617e+00
4.527083333333332860e+01,5.025746502843661645e+00
4.529166666666666430e+01,5.028591212237154551e+00
4.531250000000000000e+01,5.031533347762016994e+00
4.533333333333332860e+01,5.034637572689795171e+00
4.535416666666666430e+01,5.037916756479161151e+00
4.537500000000000000e+01,5.041350019311080288e+00
4.539583333333332860e+01,5.044933747864488893e+00
4.541666666666666430e+01,5.048676228983477010e+00
4.543750000000000000e+01,5.052545462522116004e+00
4.545833333333332860e+01,5.056503241789026326e+00
4.547916666666666430e+01,5.060560668466676404e+00
4.550000000000000000e+01,5.064737140191985176e+00
4.552083333333332860e+01,5.069002139374836347e+00
4.554166666666666430e+01,5.073316513792664573e+00
4.556250000000000000e+01,5.077689361429362336e+00
4.558333333333332860e+01,5.082137507167804102e+00
4.560416666666666430e+01,5.086628489915445250e+00
4.562500000000000000e+01,5.091122294776716295e+00
4.564583333333332860e+01,5.095628215913276193e+00
4.566666666666666430e+01,5.100164131125653810e+00
4.568750000000000000e+01,5.104698669944541578e+00
4.570833333333332860e+01,5.109192893317680451e+00
4.572916666666666430e+01,5.113657250651271191e+00
4.575000000000000000e+01,5.118110706033825785e+00
4.577083333333332860e+01,5.122524967045543498e+00
4.579166666666666430e+01,5.126866975434243301e+00
4.581250000000000000e+01,5.131153092292597862e+00
4.583333333333332860e+01,5.135407961910126495e+00
4.585416666666666430e+01,5.139615079095317007e+00
4.587500000000000000e+01,5.143755747574983772e+00
4.589583333333332860e+01,5.147857560016601219e+00
4.591666666666666430e+01,5.151960976345050902e+00
4.593750000000000000e+01,5.156063737237248645e+00
4.595833333333332860e+01,5.160157694722878219e+00
4.597916666666666430e+01,5.164285321063923462e+00
4.600000000000000000e+01,5.168500637251102425e+00
4.602083333333332860e+01,5.172811679689472975e+00
4.604166666666666430e+01,5.177214015473500908e+00
4.606250000000000000e+01,5.181730887795024998e+00
4.608333333333332860e+01,5.186375349761942921e+00
4.610416666666666430e+01,5.191112960346322858e+00
4.612500000000000000e+01,5.195903079207348618e+00
4.614583333333332860e+01,5.200756882135152637e+00
4.616666666666666430e+01,5.205698208150327133e+00
4.618750000000000000e+01,5.210706434009727772e+00
4.620833333333332860e+01,5.215755207672265747e+00
4.622916666666666430e+01,5.220870058424543991e+00
4.625000000000000000e+01,5.226089165849657547e+00
4.627083333333332860e+01,5.231405116474026507e+00
4.629166666666666430e+01,5.236786546465375558e+00
4.631250000000000000e+01,5.242231084816872055e+00
4.633333333333332860e+01,5.247746629033430033e+00
4.635416666666666430e+01,5.253296721277154191e+00
4.637500000000000000e+01,5.258839121435625152e+00
4.639583333333332860e+01,5.264383494598600777e+00
4.641666666666666430e+01,5.269952356016513129e+00
4.643750000000000000e+01,5.275523840961489519e+00
4.645833333333332860e+01,5.281070161328081269e+00
4.647916666666666430e+01,5.286615210800550635e+00
4.650000000000000000e+01,5.292194046435356292e+00
4.652083333333332860e+01,5.297794665059282870e+00
4.654166666666666430e+01,5.303395077924555778e+00
4.656250000000000000e+01,5.308998837244469193e+00
4.658333333333332860e+01,5.314603288042279772e+00
4.660416666666666430e+01,5.320169829443056386e+00
4.662500000000000000e+01,5.325621753003165537e+00
4.664583333333332860e+01,5.330887801459683217e+00
4.666666666666666430e+01,5.335942202152274660e+00
4.668750000000000000e+01,5.340752396192657514e+00
4.670833333333332860e+01,5.345299133286469662e+00
4.672916666666666430e+01,5.349629670598861075e+00
4.675000000000000000e+01,5.353796257460563091e+00
4.677083333333332860e+01,5.357798991913233166e+00
4.679166666666666430e+01,5.361631905990357438e+00
4.681250000000000000e+01,5.365339725800118309e+00
4.683333333333332860e+01,5.368974880385418480e+00
4.685416666666666430e+01,5.372543167339748571e+00
4.687500000000000000e+01,5.376045908969506293e+00
4.689583333333332860e+01,5.379536102418174259e+00
4.691666666666666430e+01,5.383075189578539366e+00
4.693750000000000000e+01,5.386676401479197906e+00
4.695833333333332860e+01,5.390330732393652902e+00
4.697916666666666430e+01,5.394057108438287784e+00
4.700000000000000000e+01,5.397878913342757379e+00
4.702083333333332860e+01,5.401770541473505993e+00
4.704166666666666430e+01,5.405699439665903938e+00
4.706250000000000000e+01,5.409680387690774417e+00
4.708333333333332860e+01,5.413732730875914889e+00
4.710416666666666430e+01,5.417824444677175499e+00
4.712500000000000000e+01,5.421915155968852318e+00
4.714583333333332860e+01,5.426010463025809472e+00
4.716666666666666430e+01,5.430121520809742641e+00
4.718750000000000000e+01,5.434221943814670830e+00
4.720833333333332860e+01,5.438292847405003627e+00
4.722916666666666430e+01,5.442364106707143101e+00
4.725000000000000000e+01,5.446471022180024768e+00
4.727083333333332860e+01,5.450600031650643551e+00
4.729166666666666430e+01,5.454730861112415674e+00
4.731250000000000000e+01,5.458892688494043632e+00
4.733333333333332860e+01,5.463121835728884435e+00
4.735416666666666430e+01,5.467407838880483872e+00
4.737500000000000000e+01,5.471734377952854445e+00
4.739583333333332860e+01,5.476120840940533974e+00
4.741666666666666430e+01,5.480569321303696562e+00
4.743750000000000000e+01,5.485061374400490131e+00
4.745833333333332860e+01,5.489614903098066101e+00
4.747916666666666430e+01,5.494256249558167937e+00
4.750000000000000000e+01,5.498962893507134631e+00
4.752083333333332860e+01,5.503706463441117691e+00
4.754166666666666430e+01,5.508510719137776235e+00
4.756250000000000000e+01,5.513408322199011558e+00
4.758333333333332860e+01,5.518382814999916341e+00
4.760416666666666430e+01,5.523408719178255488e+00
4.762500000000000000e+01,5.528491095581816062e+00
4.764583333333332860e+01,5.533620039487863629e+00
4.766666666666666430e+01,5.538763876207109860e+00
4.768750000000000000e+01,5.543918248710894225e+00
4.770833333333332860e+01,5.549084584038330270e+00
4.772916666666666430e+01,5.554225977152549731e+00
4.775000000000000000e+01,5.559309622088674629e+00
4.777083333333332860e+01,5.564350692105731078e+00
4.779166666666666430e+01,5.569371911918012508e+00
4.781250000000000000e+01,5.574346149121226723e+00
4.783333333333332860e+01,5.579235981458057658e+00
4.785416666666666430e+01,5.584052292128532713e+00
4.787500000000000000e+01,5.588816269376741808e+00
4.789583333333332860e+01,5.593506476679836581e+00
4.791666666666666430e+01,5.598098899649563975e+00
4.793750000000000000e+01,5.602620695268225148e+00
4.795833333333332860e+01,5.607110572415866301e+00
4.797916666666666430e+01,5.611562184620415117e+00
4.800000000000000000e+01,5.615962059651167237e+00
4.802083333333332860e+01,5.620347399908708574e+00
4.804166666666666430e+01,5.624766814891280831e+00
4.806250000000000000e+01,5.629221945599235610e+00
4.808333333333332860e+01,5.633703131172177692e+00
4.810416666666666430e+01,5.638230010287464289e+00
4.812500000000000000e+01,5.642810652929955317e+00
4.814583333333332860e+01,5.647419244684730444e+00
4.816666666666666430e+01,5.652042257230748490e+00
4.818750000000000000e+01,5.656700265434711383e+00
4.820833333333332860e+01,5.661394103745529094e+00
4.822916666666666430e+01,5.666096509436193251e+00
4.825000000000000000e+01,5.670802186493528296e+00
4.827083333333332860e+01,5.675516913639192751e+00
4.829166666666666430e+01,5.680213621244491584e+00
4.831250000000000000e+01,5.684867190735529263e+00
4.833333333333332860e+01,5.689499708565396219e+00
4.835416666666666430e+01,5.694140278523128984e+00
4.837500000000000000e+01,5.698771038617429063e+00
4.839583333333332860e+01,5.703367906345657268e+00
4.841666666666666430e+01,5.707954912279569193e+00
4.843750000000000000e+01,5.712565490186242378e+00
4.845833333333332860e+01,5.717186622507963278e+00
4.847916666666666430e+01,5.721798634454497545e+00
4.850000000000000000e+01,5.726426428138927882e+00
4.852083333333332860e+01,5.731099375588368794e+00
4.854166666666666430e+01,5.735801307617569122e+00
4.856250000000000000e+01,5.740509811620998271e+00
4.858333333333332860e+01,5.745242567373574083e+00
4.860416666666666430e+01,5.750015162473442132e+00
4.862500000000000000e+01,5.754794875323397285e+00
4.864583333333332860e+01,5.759540782266165060e+00
