0.000000000000000000e+00,6.940356143131739923e-03
2.083333333333333218e-02,2.617725818167835825e-02
4.166666666666666435e-02,4.260617427134560237e-02
6.250000000000000000e-02,4.584182375266567661e-02
8.333333333333332871e-02,5.172934304895417112e-02
1.041666666666666574e-01,6.908331033927735121e-02
1.250000000000000000e-01,8.241003624581794140e-02
1.458333333333333148e-01,8.163674471061363458e-02
1.666666666666666574e-01,7.545010296175815034e-02
1.875000000000000000e-01,7.770573626958683644e-02
2.083333333333333148e-01,7.690636083522475741e-02
2.291666666666666574e-01,6.235859053370317734e-02
2.500000000000000000e-01,5.061312503736743046e-02
2.708333333333333148e-01,5.240302649770491733e-02
2.916666666666666297e-01,5.124423330718622105e-02
3.125000000000000000e-01,3.685779196045392558e-02
3.333333333333333148e-01,2.560201443094114668e-02
3.541666666666666297e-01,2.806774460246217254e-02
3.750000000000000000e-01,2.846635912904865381e-02
3.958333333333333148e-01,1.564418109328297515e-02
4.166666666666666297e-01,5.866317846986704096e-03
4.375000000000000000e-01,9.704279913137723104e-03
4.583333333333333148e-01,1.107109976798593617e-02
4.791666666666666297e-01,-1.407481939493841153e-03
5.000000000000000000e-01,-1.133830312145451581e-02
5.208333333333332593e-01,-8.021574956611541782e-03
5.416666666666666297e-01,-7.755657415614161145e-03
5.625000000000000000e-01,-1.900445209367951360e-02
5.833333333333332593e-01,-2.651926037868695268e-02
6.041666666666666297e-01,-2.109364083513367433e-02
6.250000000000000000e-01,-1.902062681476454978e-02
6.458333333333332593e-01,-2.439915295821555585e-02
6.666666666666666297e-01,-2.350880782445419898e-02
6.875000000000000000e-01,-1.222662941987819919e-02
7.083333333333332593e-01,-5.835581128273628973e-03
7.291666666666666297e-01,-1.304630056072724267e-02
7.500000000000000000e-01,-1.785769037756167882e-02
7.708333333333332593e-01,-8.757449761415776399e-03
7.916666666666666297e-01,-2.547316538097486264e-03
8.125000000000000000e-01,-1.035118690073353644e-02
8.333333333333332593e-01,-1.524304522667745826e-02
8.541666666666666297e-01,-5.762548344115665799e-03
8.750000000000000000e-01,1.284944948303929409e-03
8.958333333333332593e-01,-4.823740195823744345e-03
9.166666666666666297e-01,-7.952705815623708346e-03
9.375000000000000000e-01,2.659493160373131628e-03
9.583333333333332593e-01,1.048342312738839537e-02
9.791666666666666297e-01,4.756600929623145541e-03
1.000000000000000000e+00,1.260894435432820693e-03
1.020833333333333259e+00,1.089680087704411604e-02
1.041666666666666519e+00,1.754002320567621051e-02
1.062500000000000000e+00,1.007294607782252376e-02
1.083333333333333259e+00,4.637377406180805822e-03
1.104166666666666519e+00,1.212884573759280722e-02
1.125000000000000000e+00,1.655908482147466776e-02
1.145833333333333259e+00,6.661745479006423235e-03
1.166666666666666519e+00,-1.003246526356632064e-03
1.187500000000000000e+00,4.477950020932310211e-03
1.208333333333333259e+00,7.046522620906731788e-03
1.229166666666666519e+00,-4.553138392521222967e-03
1.250000000000000000e+00,-1.334435739786520025e-02
1.270833333333333259e+00,-8.399073644291158575e-03
1.291666666666666519e+00,-6.009842719402585728e-03
1.312500000000000000e+00,-1.680946406556377282e-02
1.333333333333333259e+00,-2.439864956720872585e-02
1.354166666666666519e+00,-1.808862396742202255e-02
1.375000000000000000e+00,-1.420512168842560409e-02
1.395833333333333259e+00,-1.986390425251272421e-02
1.416666666666666519e+00,-2.003007532331925120e-02
1.437500000000000000e+00,-5.976578068008306203e-03
1.458333333333333259e+00,5.660561577842680540e-03
1.479166666666666519e+00,4.151522589955400876e-03
1.500000000000000000e+00,2.294139473114902017e-03
1.520833333333333259e+00,1.049676075219524787e-02
1.541666666666666519e+00,1.469558176148233128e-02
1.562500000000000000e+00,5.122095869607726226e-03
1.583333333333333259e+00,-1.963956593945941683e-03
1.604166666666666519e+00,4.314627785690938223e-03
1.625000000000000000e+00,7.377324042423299456e-03
1.645833333333333259e+00,-3.740408635609023067e-03
1.666666666666666519e+00,-1.247493534224077515e-02
1.687500000000000000e+00,-8.338547632786085656e-03
1.708333333333333259e+00,-4.741412413000671393e-03
1.729166666666666519e+00,-1.035364006380908031e-02
1.750000000000000000e+00,-1.131325925675204756e-02
1.770833333333333259e+00,9.432657997839730872e-04
1.791666666666666519e+00,1.060224480865020781e-02
1.812500000000000000e+00,6.475159504511325374e-03
1.833333333333333259e+00,5.430912719828427312e-03
1.854166666666666519e+00,1.194840554422437785e-02
1.875000000000000000e+00,1.158901160630185223e-02
1.895833333333333259e+00,2.868521922372204401e-03
1.916666666666666519e+00,6.621659436952624916e-04
1.937500000000000000e+00,8.889177584661279302e-03
1.958333333333333259e+00,1.212826916382167899e-02
1.979166666666666519e+00,2.430211219041930690e-03
2.000000000000000000e+00,-4.277656600817284285e-03
2.020833333333333037e+00,2.946540229451190349e-03
2.041666666666666519e+00,7.650469516477506615e-03
2.062500000000000000e+00,-1.112904179417421521e-03
2.083333333333333037e+00,-7.433163132026173424e-03
2.104166666666666519e+00,-3.958930109074614294e-04
2.125000000000000000e+00,3.590467048509481986e-03
2.145833333333333037e+00,-6.457417442209860761e-03
2.166666666666666519e+00,-1.435359729199381720e-02
2.187500000000000000e+00,-9.374650424967111845e-03
2.208333333333333037e+00,-7.509782626861441664e-03
2.229166666666666519e+00,-1.386604164605124284e-02
2.250000000000000000e+00,-1.390629696921875762e-02
2.270833333333333037e+00,-2.733122734505431459e-03
2.291666666666666519e+00,4.256282158652612002e-03
2.312500000000000000e+00,-2.909207186766673767e-03
2.333333333333333037e+00,-7.452513830736366869e-03
2.354166666666666519e+00,1.615220808355836155e-03
2.375000000000000000e+00,8.183751296234607550e-03
2.395833333333333037e+00,1.307097142236513486e-03
2.416666666666666519e+00,-2.473472870504533471e-03
2.437500000000000000e+00,7.742805882020056991e-03
2.458333333333333037e+00,1.576080166853667877e-02
2.479166666666666519e+00,1.088945481128841992e-02
2.500000000000000000e+00,9.151489675681698591e-03
2.520833333333333037e+00,1.566005258718318818e-02
2.541666666666666519e+00,1.594824343807303008e-02
2.562500000000000000e+00,4.665549640868224546e-03
2.583333333333333037e+00,-2.421909083968646573e-03
2.604166666666666519e+00,5.074181793630287013e-03
2.625000000000000000e+00,1.619272492603689162e-02
2.645833333333333037e+00,1.770890304260859180e-02
2.666666666666666519e+00,2.097738375005360478e-02
2.687500000000000000e+00,3.023057800679392060e-02
2.708333333333333037e+00,3.169326858281274611e-02
2.729166666666666519e+00,2.640231537007972293e-02
2.750000000000000000e+00,2.851809662320852617e-02
2.770833333333333037e+00,3.115009768091110340e-02
2.791666666666666519e+00,2.195290492792757731e-02
2.812500000000000000e+00,1.490415577680045782e-02
2.833333333333333037e+00,2.122389705081193997e-02
2.854166666666666519e+00,2.407823922350565277e-02
2.875000000000000000e+00,1.300480898202756828e-02
2.895833333333333037e+00,4.400546515521498725e-03
2.916666666666666519e+00,9.442533990030801613e-03
2.937500000000000000e+00,1.165244815151180932e-02
2.958333333333333037e+00,1.664943485872146011e-03
2.979166666666666519e+00,-4.565256548922512654e-03
3.000000000000000000e+00,3.120461842293868488e-03
3.020833333333333037e+00,8.570218058400060068e-03
3.041666666666666519e+00,9.666576976559901595e-04
3.062500000000000000e+00,-3.153149138689977527e-03
3.083333333333333037e+00,6.781769614631328463e-03
3.104166666666666519e+00,1.451705883811055427e-02
3.125000000000000000e+00,8.901243687302228674e-03
3.145833333333333037e+00,6.576275147906141677e-03
3.166666666666666519e+00,1.339614969921367436e-02
3.187500000000000000e+00,1.448726357083479806e-02
3.208333333333333037e+00,2.053773411980798925e-03
3.229166666666666519e+00,-7.607601638510624875e-03
3.250000000000000000e+00,-4.117162767486779590e-03
3.270833333333333037e+00,-3.800489856603694004e-03
3.291666666666666519e+00,-9.525783496596084907e-03
3.312500000000000000e+00,-8.013660085112509629e-03
3.333333333333333037e+00,-2.358656378201952602e-03
3.354166666666666519e+00,-5.947705174374403117e-03
3.375000000000000000e+00,-7.112421284598427138e-03
3.395833333333333037e+00,3.205163388378838660e-03
3.416666666666666519e+00,9.609463157109546239e-03
3.437500000000000000e+00,2.089798656834817789e-03
3.458333333333333037e+00,-2.637988126595936390e-03
3.479166666666666519e+00,6.366915209886280132e-03
3.500000000000000000e+00,1.288894029732904137e-02
3.520833333333333037e+00,6.011733479061170948e-03
3.541666666666666519e+00,2.250068772518369620e-03
3.562500000000000000e+00,1.256975084590526183e-02
3.583333333333333037e+00,2.050646769506395475e-02
3.604166666666666519e+00,1.558536513708263724e-02
3.625000000000000000e+00,1.013051810968607948e-02
3.645833333333333037e+00,1.508848010017030915e-02
3.666666666666666519e+00,1.667717392322707812e-02
3.687500000000000000e+00,5.031096390444050014e-03
3.708333333333333037e+00,-3.974150186956975153e-03
3.729166666666666519e+00,6.376648924113778941e-04
3.750000000000000000e+00,2.489785067043669663e-03
3.770833333333333037e+00,-9.366121817247765810e-03
3.791666666666666519e+00,-1.867587539213569348e-02
3.812500000000000000e+00,-1.474756929442596308e-02
3.833333333333333037e+00,-1.370309937035403720e-02
3.854166666666666519e+00,-1.883386120935321567e-02
3.875000000000000000e+00,-1.635959257832599045e-02
3.895833333333333037e+00,-9.987129297540172160e-03
3.916666666666666519e+00,-1.271620320664742197e-02
3.937500000000000000e+00,-1.312471887030394573e-02
3.958333333333333037e+00,-8.388009904928127747e-04
3.979166666666666519e+00,7.882516592920250226e-03
4.000000000000000000e+00,3.256760968545578411e-03
4.020833333333333037e+00,1.620053847429909436e-03
4.041666666666666075e+00,1.383410083498123021e-02
4.062500000000000000e+00,2.367856546421936992e-02
4.083333333333333037e+00,2.035863373681376376e-02
4.104166666666666075e+00,1.626665162891560365e-02
4.125000000000000000e+00,2.167733463980929878e-02
4.145833333333333037e+00,2.371538331967875876e-02
4.166666666666666075e+00,1.243496934162175577e-02
4.187500000000000000e+00,4.325637492031769726e-03
4.208333333333333037e+00,9.926095144793862027e-03
4.229166666666666075e+00,1.293125220312648337e-02
4.250000000000000000e+00,2.297059079249551966e-03
4.270833333333333037e+00,-5.490265464332616009e-03
4.291666666666666075e+00,-1.357148355800473147e-04
4.312500000000000000e+00,2.048383735468132551e-03
4.333333333333333037e+00,-9.633436510433085118e-03
4.354166666666666075e+00,-1.926838242307021831e-02
4.375000000000000000e+00,-1.592745128327311549e-02
4.395833333333333037e+00,-1.057808819887165117e-02
4.416666666666666075e+00,-1.562618898383193178e-02
4.437500000000000000e+00,-1.852820598918996156e-02
4.458333333333333037e+00,-8.111539811207003556e-03
4.479166666666666075e+00,-1.000764495438341735e-03
4.500000000000000000e+00,-7.817764207031008272e-03
4.520833333333333037e+00,-1.210131685262243358e-02
4.541666666666666075e+00,-3.222642309909901949e-03
4.562500000000000000e+00,2.621938338788858819e-03
4.583333333333333037e+00,-5.632141984489560417e-03
4.604166666666666075e+00,-1.134973556522405648e-02
4.625000000000000000e+00,-3.905606772559003150e-03
4.645833333333333037e+00,8.768834899634535577e-04
4.666666666666666075e+00,-5.329814440289145847e-03
4.687500000000000000e+00,-6.688115812771804405e-03
4.708333333333333037e+00,5.842340569475191515e-03
4.729166666666666075e+00,1.592950465182778330e-02
4.750000000000000000e+00,1.277122636483492800e-02
4.770833333333333037e+00,1.291147200168361701e-02
4.791666666666666075e+00,1.962101984759473394e-02
4.812500000000000000e+00,1.881284492935393626e-02
4.833333333333333037e+00,1.210950570821919293e-02
4.854166666666666075e+00,1.321136238815621283e-02
4.875000000000000000e+00,1.476755751504967712e-02
4.895833333333333037e+00,5.041476891115426705e-03
4.916666666666666075e+00,-1.406176003861358149e-03
4.937500000000000000e+00,5.624166964817284113e-03
4.958333333333333037e+00,9.877531853162632713e-03
4.979166666666666075e+00,4.303689327578508672e-04
5.000000000000000000e+00,-6.448441840453755271e-03
5.020833333333333037e+00,7.408503522205721087e-05
5.041666666666666075e+00,3.435598243337490126e-03
5.062500000000000000e+00,-7.402776379242321375e-03
5.083333333333333037e+00,-1.619893734062615928e-02
5.104166666666666075e+00,-1.173153977944627058e-02
5.125000000000000000e+00,-7.711678237438344616e-03
5.145833333333333037e+00,-1.239249074505035034e-02
5.166666666666666075e+00,-1.248310480393114916e-02
5.187500000000000000e+00,1.002063900020846348e-03
5.208333333333333037e+00,1.150279015277608924e-02
5.229166666666666075e+00,8.693893669795145843e-03
5.250000000000000000e+00,8.122216529176780331e-03
5.270833333333333037e+00,1.445489621029651811e-02
5.291666666666666075e+00,1.418758068614107970e-02
5.312500000000000000e+00,6.819821491157649490e-03
5.333333333333333037e+00,6.877708138368574149e-03
5.354166666666666075e+00,1.149242701894947691e-02
5.375000000000000000e+00,7.693798069059933076e-03
5.395833333333333037e+00,7.057694067755760844e-03
5.416666666666666075e+00,1.667129307090794293e-02
5.437500000000000000e+00,2.129386196154007399e-02
5.458333333333333037e+00,1.247506749331800911e-02
5.479166666666666075e+00,7.255434912465916902e-03
5.500000000000000000e+00,1.631886961687851675e-02
5.520833333333333037e+00,2.290771496578790020e-02
5.541666666666666075e+00,1.595516236283715805e-02
5.562500000000000000e+00,1.262367532056797408e-02
5.583333333333333037e+00,1.798118753586853621e-02
5.604166666666666075e+00,1.699029061668663049e-02
5.625000000000000000e+00,4.791527287684965546e-03
5.645833333333333037e+00,-3.095304170171452127e-03
5.666666666666666075e+00,1.920136298691901963e-03
5.687500000000000000e+00,3.602346119202379932e-03
5.708333333333333037e+00,-8.536364354041472632e-03
5.729166666666666075e+00,-1.872644942612750399e-02
5.750000000000000000e+00,-1.585853307136317683e-02
5.770833333333333037e+00,-1.049480811727675385e-02
5.791666666666666075e+00,-1.518805895613732984e-02
5.812500000000000000e+00,-1.760424481065971103e-02
5.833333333333333037e+00,-6.452600205894815262e-03
5.854166666666666075e+00,1.779009392770739776e-03
5.875000000000000000e+00,-3.357490712799472959e-03
5.895833333333333037e+00,-5.544135658719567990e-03
5.916666666666666075e+00,6.186636116668736869e-03
5.937500000000000000e+00,1.555203575395566751e-02
5.958333333333333037e+00,1.183212973125835794e-02
5.979166666666666075e+00,1.022483197822389965e-02
6.000000000000000000e+00,1.530103894976679590e-02
6.020833333333333037e+00,1.396047774280881164e-02
6.041666666666666075e+00,5.870084365219810363e-03
6.062500000000000000e+00,5.429953197743125209e-03
6.083333333333333037e+00,9.038217474221428918e-03
6.104166666666666075e+00,3.757659835109833282e-03
6.125000000000000000e+00,1.296089003052977844e-03
6.145833333333333037e+00,8.244906715234720171e-03
6.166666666666666075e+00,1.017396464705380699e-02
6.187500000000000000e+00,-1.091267475588894803e-03
6.208333333333333037e+00,-9.265796337470301458e-03
6.229166666666666075e+00,-3.698751951882583728e-03
6.250000000000000000e+00,-1.255576715318071216e-04
6.270833333333333037e+00,-1.011031166155095321e-02
6.291666666666666075e+00,-1.750321013336542803e-02
6.312500000000000000e+00,-1.135240784750815753e-02
6.333333333333333037e+00,-7.689812823513038874e-03
6.354166666666666075e+00,-1.812487387597875449e-02
6.375000000000000000e+00,-2.628082476861785463e-02
6.395833333333333037e+00,-2.091989629730513917e-02
6.416666666666666075e+00,-1.825393499233194522e-02
6.437500000000000000e+00,-2.267200824997522152e-02
6.458333333333333037e+00,-2.012159825151945899e-02
6.479166666666666075e+00,-9.687629999559519908e-03
6.500000000000000000e+00,-6.353699553938978867e-03
6.520833333333333037e+00,-1.201065698866159506e-02
6.541666666666666075e+00,-1.186478535666046774e-02
6.562500000000000000e+00,1.443992376593604236e-03
6.583333333333333037e+00,1.133228083032377168e-02
6.604166666666666075e+00,7.200475675064075404e-03
6.625000000000000000e+00,5.336165337816297857e-03
6.645833333333333037e+00,1.450929562797674370e-02
6.666666666666666075e+00,1.925391362063305287e-02
6.687500000000000000e+00,9.652790155967918770e-03
6.708333333333333037e+00,2.239835589141214896e-03
6.729166666666666075e+00,7.973524074241230414e-03
6.750000000000000000e+00,1.079089107186901805e-02
6.770833333333333037e+00,-4.520656017745180500e-04
6.791666666666666075e+00,-8.953241255975958116e-03
6.812500000000000000e+00,-3.871649674918129207e-03
6.833333333333333037e+00,-1.413983580273458791e-03
6.854166666666666075e+00,-8.539416761437598063e-03
6.875000000000000000e+00,-9.797915183309028470e-03
6.895833333333333037e+00,2.986217911336452261e-03
6.916666666666666075e+00,1.336913534817516305e-02
6.937500000000000000e+00,1.084529721652809781e-02
6.958333333333333037e+00,7.380536835536248737e-03
6.979166666666666075e+00,1.404414510116995876e-02
7.000000000000000000e+00,1.747020351598272889e-02
7.020833333333333037e+00,7.859154386845359705e-03
7.041666666666666075e+00,1.177693062509612342e-03
7.062500000000000000e+00,8.543871045034154982e-03
7.083333333333333037e+00,1.301271233929228964e-02
7.104166666666666075e+00,3.634714849943450517e-03
7.125000000000000000e+00,-3.180376391064082542e-03
7.145833333333333037e+00,3.482808163268173718e-03
7.166666666666666075e+00,6.743461964612917393e-03
7.187500000000000000e+00,-4.185898107431440009e-03
7.208333333333333037e+00,-1.266047300062255951e-02
7.229166666666666075e+00,-8.295301381794796883e-03
7.250000000000000000e+00,-7.101104018328948178e-03
7.270833333333333037e+00,-1.376280003296636786e-02
7.291666666666666075e+00,-1.377983773632401703e-02
7.312500000000000000e+00,-3.953890289437986434e-03
7.333333333333333037e+00,1.040491344863399281e-03
7.354166666666666075e+00,-7.432582047378263716e-03
7.375000000000000000e+00,-1.289014265450600522e-02
7.395833333333333037e+00,-4.508414109100410648e-03
7.416666666666666075e+00,1.598095657781524459e-03
7.437500000000000000e+00,-5.389927442228105783e-03
7.458333333333333037e+00,-9.212881893861853480e-03
7.479166666666666075e+00,1.359936044976509020e-03
7.500000000000000000e+00,9.723972443032481358e-03
7.520833333333333037e+00,5.044375385388809654e-03
7.541666666666666075e+00,3.405452490122899949e-03
7.562500000000000000e+00,1.331905660196300301e-02
7.583333333333333037e+00,1.894588490082705148e-02
7.604166666666666075e+00,1.122872111417887869e-02
7.625000000000000000e+00,6.133834635658533090e-03
7.645833333333333037e+00,1.462268951364980446e-02
7.666666666666666075e+00,2.023795291181448505e-02
7.687500000000000000e+00,1.222624140834727147e-02
7.708333333333333037e+00,2.841303221090761468e-03
7.729166666666666075e+00,3.884365392362160857e-03
7.750000000000000000e+00,1.589897882629001842e-03
7.770833333333333037e+00,-1.336010670044576916e-02
7.791666666666666075e+00,-2.479116332494733094e-02
7.812500000000000000e+00,-2.334467982461876576e-02
7.833333333333333037e+00,-2.124155862138268902e-02
7.854166666666666075e+00,-2.794062129093169422e-02
7.875000000000000000e+00,-3.014233046386258566e-02
7.895833333333333037e+00,-1.874846477678886875e-02
7.916666666666666075e+00,-9.671272997432424703e-03
7.937500000000000000e+00,-1.386154395408002900e-02
7.958333333333333037e+00,-1.496837180866294678e-02
7.979166666666666075e+00,-3.154564535121007728e-03
8.000000000000000000e+00,5.587797302559721450e-03
8.020833333333332149e+00,1.487803482099135351e-03
8.041666666666666075e+00,5.768653186176083986e-04
8.062500000000000000e+00,7.257315112314029898e-03
8.083333333333332149e+00,7.109592587748362648e-03
8.104166666666666075e+00,-8.164021993089563096e-04
8.125000000000000000e+00,-2.536261281356515934e-03
8.145833333333332149e+00,5.460295153957298725e-03
8.166666666666666075e+00,7.922294493600167548e-03
8.187500000000000000e+00,-3.378658453567287123e-03
8.208333333333332149e+00,-1.227492315469848327e-02
8.229166666666666075e+00,-7.874810293629359859e-03
8.250000000000000000e+00,-6.322166165179506081e-03
8.270833333333332149e+00,-1.193072062161077036e-02
8.291666666666666075e+00,-1.041575746008215758e-02
8.312500000000000000e+00,-2.543783652453636239e-03
8.333333333333332149e+00,-2.152030000831208021e-03
8.354166666666666075e+00,-5.420987566728332173e-03
8.375000000000000000e+00,5.357067772196157573e-04
8.395833333333332149e+00,3.313331526772492035e-03
8.416666666666666075e+00,-5.316670078730153376e-03
8.437500000000000000e+00,-9.729700457036081704e-03
8.458333333333332149e+00,-1.236351123288549408e-03
8.479166666666666075e+00,4.104375677072781038e-03
8.500000000000000000e+00,-4.629525685325737785e-03
8.520833333333332149e+00,-1.082174039242844027e-02
8.541666666666666075e+00,-3.788891133378550352e-03
8.562500000000000000e+00,5.846847376198913019e-04
8.583333333333332149e+00,-6.183999431739924113e-03
8.604166666666666075e+00,-8.137658552871483708e-03
8.625000000000000000e+00,3.852478794009986558e-03
8.645833333333332149e+00,1.340461982996740513e-02
8.666666666666666075e+00,9.776054827287191176e-03
8.687500000000000000e+00,9.419106697962262645e-03
8.708333333333332149e+00,1.764838942944388714e-02
8.729166666666666075e+00,1.971772335944953908e-02
8.750000000000000000e+00,8.775443799283017335e-03
8.770833333333332149e+00,8.646619095623252725e-04
8.791666666666666075e+00,7.091451924906970808e-03
8.812500000000000000e+00,1.067149653124119246e-02
8.833333333333332149e+00,7.428604222358524281e-04
8.854166666666666075e+00,-6.603597223552603625e-03
8.875000000000000000e+00,-4.332034843350662540e-04
8.895833333333332149e+00,2.741094246112371711e-03
8.916666666666666075e+00,6.748992235263631158e-03
8.937500000000000000e+00,1.801546618558087093e-02
8.958333333333332149e+00,2.273573907707007041e-02
8.979166666666666075e+00,1.612613646269594678e-02
9.000000000000000000e+00,1.323892123922880415e-02
9.020833333333332149e+00,2.331203083158422951e-02
9.041666666666666075e+00,3.032847626261150203e-02
9.062500000000000000e+00,2.370970132500250377e-02
9.083333333333332149e+00,1.917533706414479081e-02
9.104166666666666075e+00,2.837810208701155648e-02
9.125000000000000000e+00,3.527765336188558309e-02
9.145833333333332149e+00,2.853519128154863305e-02
9.166666666666666075e+00,2.381006000496021721e-02
9.187500000000000000e+00,3.053165129775391867e-02
9.208333333333332149e+00,3.340273488324194129e-02
9.229166666666666075e+00,2.265533809695295664e-02
9.250000000000000000e+00,1.378991952411819447e-02
9.270833333333332149e+00,1.855661178080226029e-02
9.291666666666666075e+00,2.083341118690143143e-02
9.312500000000000000e+00,9.177260408340199779e-03
9.333333333333332149e+00,-5.036786485981820235e-04
9.354166666666666075e+00,3.272590588735981541e-03
9.375000000000000000e+00,4.116608053435453010e-03
9.395833333333332149e+00,-8.968410376364067960e-03
9.416666666666666075e+00,-1.976804423341436273e-02
9.437500000000000000e+00,-1.729911108609840861e-02
9.458333333333332149e+00,-1.461693206059457191e-02
9.479166666666666075e+00,-2.101290340152015337e-02
9.500000000000000000e+00,-2.317473830041069313e-02
9.520833333333332149e+00,-1.250052781822509271e-02
9.541666666666666075e+00,-5.556934888709615800e-03
9.562500000000000000e+00,-1.296795544432589355e-02
9.583333333333332149e+00,-1.785577214874568136e-02
9.604166666666666075e+00,-9.856863047019369731e-03
9.625000000000000000e+00,-5.585395879443012281e-03
9.645833333333332149e+00,-1.439589392200178730e-02
9.666666666666666075e+00,-1.998117880594880991e-02
9.687500000000000000e+00,-1.283407054846993738e-02
9.708333333333332149e+00,-9.554488919246133943e-03
9.729166666666666075e+00,-1.250606540918765622e-02
9.750000000000000000e+00,-7.750032249587079751e-03
9.770833333333332149e+00,-1.374555062078083737e-03
9.791666666666666075e+00,-6.087961616427016442e-03
9.812500000000000000e+00,-8.820180749305038537e-03
9.833333333333332149e+00,1.530183287166617155e-03
9.854166666666666075e+00,8.281919456541936633e-03
9.875000000000000000e+00,8.340043776505146533e-04
9.895833333333332149e+00,-4.385278584622671720e-03
9.916666666666666075e+00,3.559859344043893054e-03
9.937500000000000000e+00,8.082854363500344835e-03
9.958333333333332149e+00,-2.537207054007948812e-04
9.979166666666666075e+00,-5.665292414916523606e-03
1.000000000000000000e+01,1.821198753502301787e-03
1.002083333333333215e+01,5.814157981556834429e-03
1.004166666666666607e+01,-3.380078570329985289e-04
1.006250000000000000e+01,-1.735459233882031757e-03
1.008333333333333215e+01,1.003987624832547443e-02
1.010416666666666607e+01,1.854105871596147329e-02
1.012500000000000000e+01,1.331924520620801460e-02
1.014583333333333215e+01,1.037263669442238523e-02
1.016666666666666607e+01,2.092940577617064327e-02
1.018750000000000000e+01,2.874931252070467638e-02
1.020833333333333215e+01,2.338322776963779395e-02
1.022916666666666607e+01,1.979387613080321046e-02
1.025000000000000000e+01,2.432908616827741954e-02
1.027083333333333215e+01,2.275520228329605543e-02
1.029166666666666607e+01,1.099059347713804251e-02
1.031250000000000000e+01,3.806103690958074961e-03
1.033333333333333215e+01,1.020572213589774485e-02
1.035416666666666607e+01,1.379486676942235507e-02
1.037500000000000000e+01,4.125641401060078581e-03
1.039583333333333215e+01,-2.949530911380816422e-03
1.041666666666666607e+01,3.001461147464899205e-03
1.043750000000000000e+01,5.634992305101682759e-03
1.045833333333333215e+01,-5.829466852789062618e-03
1.047916666666666607e+01,-1.541095139172933906e-02
1.050000000000000000e+01,-1.235732755465973609e-02
1.052083333333333215e+01,-6.995672615630256497e-03
1.054166666666666607e+01,-1.159312418846035128e-02
1.056250000000000000e+01,-1.409589913152517644e-02
1.058333333333333215e+01,-3.859074879876405774e-03
1.060416666666666607e+01,3.016969849859719912e-03
1.062500000000000000e+01,-4.109280654233038281e-03
1.064583333333333215e+01,-9.378651367098657030e-03
1.066666666666666607e+01,-2.056694014845001500e-03
1.068750000000000000e+01,1.771660707183598778e-03
1.070833333333333215e+01,-5.474103451703586122e-03
1.072916666666666607e+01,-8.753510368461028118e-03
1.075000000000000000e+01,6.617891920010929513e-04
1.077083333333333215e+01,6.567015122644959992e-03
1.079166666666666607e+01,-1.666968129951501608e-03
1.081250000000000000e+01,-8.017106949899183155e-03
1.083333333333333215e+01,-1.677522066876828161e-03
1.085416666666666607e+01,1.150915980196779830e-03
1.087500000000000000e+01,-3.293687714790584798e-03
1.089583333333333215e+01,-1.194131333705588304e-03
1.091666666666666607e+01,7.336288281973903265e-03
1.093750000000000000e+01,8.087446959751554143e-03
1.095833333333333215e+01,4.311935082289867875e-03
1.097916666666666607e+01,9.076960454450770654e-03
1.100000000000000000e+01,1.076788614018398156e-02
1.102083333333333215e+01,3.532318432482225816e-03
1.104166666666666607e+01,1.950629669364086893e-03
1.106250000000000000e+01,1.285085093340253108e-02
1.108333333333333215e+01,1.998592764141486275e-02
1.110416666666666607e+01,1.270690257738994744e-02
1.112500000000000000e+01,7.489845941245866154e-03
1.114583333333333215e+01,1.504018554096917676e-02
1.116666666666666607e+01,1.897667445858513754e-02
1.118750000000000000e+01,8.542596603221050758e-03
1.120833333333333215e+01,3.268128254796802174e-04
1.122916666666666607e+01,5.684122724394838171e-03
1.125000000000000000e+01,7.993949569884653550e-03
1.127083333333333215e+01,-3.228288624926771086e-03
1.129166666666666607e+01,-1.209662136880059607e-02
1.131250000000000000e+01,-7.295895891890288344e-03
1.133333333333333215e+01,-5.088591728911922955e-03
1.135416666666666607e+01,-1.373263347078480107e-02
1.137500000000000000e+01,-1.851423112447986644e-02
1.139583333333333215e+01,-9.580973408702517582e-03
1.141666666666666607e+01,-3.089018161922723292e-03
1.143750000000000000e+01,-1.017756218674603814e-02
1.145833333333333215e+01,-1.525845137152392894e-02
1.147916666666666607e+01,-6.566407231547966364e-03
1.150000000000000000e+01,-2.910601654515630895e-04
1.152083333333333215e+01,-7.569591373531904706e-03
1.154166666666666607e+01,-1.274255256090041540e-02
1.156250000000000000e+01,-4.196484194574170469e-03
1.158333333333333215e+01,1.736703299346552785e-03
1.160416666666666607e+01,-5.869510784040436399e-03
1.162500000000000000e+01,-1.115424336672615584e-02
1.164583333333333215e+01,-2.681811670541514765e-03
1.166666666666666607e+01,3.012666585510058188e-03
1.168750000000000000e+01,-4.746244996895261810e-03
1.170833333333333215e+01,-9.905081282950835980e-03
1.172916666666666607e+01,-1.366254479155915589e-03
1.175000000000000000e+01,4.066975924675080012e-03
1.177083333333333215e+01,-3.254256494030878348e-03
1.179166666666666607e+01,-7.267363721081122538e-03
1.181250000000000000e+01,2.351244599519829344e-03
1.183333333333333215e+01,8.785769047557803746e-03
1.185416666666666607e+01,1.618901842078060774e-03
1.187500000000000000e+01,-2.760604366324328780e-03
1.189583333333333215e+01,6.181150156795832233e-03
1.191666666666666607e+01,1.166348694253554336e-02
1.193750000000000000e+01,3.430513243332889914e-03
1.195833333333333215e+01,-2.159828206149269885e-03
1.197916666666666607e+01,5.820141785274633543e-03
1.200000000000000000e+01,1.073174257063569739e-02
1.202083333333333215e+01,2.308382705472610333e-03
1.204166666666666607e+01,-3.473730771452691185e-03
1.206250000000000000e+01,4.159133389654737049e-03
1.208333333333333215e+01,8.669377970938748484e-03
1.210416666666666607e+01,7.937753305542232440e-04
1.212500000000000000e+01,-3.709284595179937211e-03
1.214583333333333215e+01,5.487663891693366110e-03
1.216666666666666607e+01,1.172127520891442023e-02
1.218750000000000000e+01,4.507356909844511053e-03
1.220833333333333215e+01,-1.114422933271565176e-04
1.222916666666666607e+01,8.985089234859012369e-03
1.225000000000000000e+01,1.515790436347599565e-02
1.227083333333333215e+01,7.847061068605642661e-03
1.229166666666666607e+01,3.051517207376798144e-03
1.231250000000000000e+01,1.195632920951665568e-02
1.233333333333333215e+01,1.804643182411435828e-02
1.235416666666666607e+01,1.067453574453290990e-02
1.237500000000000000e+01,5.769631703087611460e-03
1.239583333333333215e+01,1.454413590603237730e-02
1.241666666666666607e+01,2.044788262176002597e-02
1.243750000000000000e+01,1.285339783515324942e-02
1.245833333333333215e+01,7.748851448657992878e-03
1.247916666666666607e+01,1.637625396843218201e-02
1.250000000000000000e+01,2.215510449385324140e-02
1.252083333333333215e+01,1.447414634113363720e-02
1.254166666666666607e+01,9.345830127103119112e-03
1.256250000000000000e+01,1.578757560917468453e-02
1.258333333333333215e+01,1.785454188517408142e-02
1.260416666666666607e+01,6.450786576775842385e-03
1.262500000000000000e+01,-2.340374731703467881e-03
1.264583333333333215e+01,2.582065236653126056e-03
1.266666666666666607e+01,4.591306314193224249e-03
1.268750000000000000e+01,-6.803930971490761669e-03
1.270833333333333215e+01,-1.553081094369018582e-02
1.272916666666666607e+01,-1.055581300193909541e-02
1.275000000000000000e+01,-8.629855904771629657e-03
1.277083333333333215e+01,-1.705628187560005379e-02
1.279166666666666607e+01,-2.072150502082903412e-02
1.281250000000000000e+01,-1.070243348198909525e-02
1.283333333333333215e+01,-3.605833502240226533e-03
1.285416666666666607e+01,-9.749268724873434017e-03
1.287500000000000000e+01,-1.315839138182007574e-02
1.289583333333333215e+01,-2.967194923200201003e-03
1.291666666666666607e+01,4.151898024835187946e-03
1.293750000000000000e+01,-2.113022705439404365e-03
1.295833333333333215e+01,-5.626502307469533580e-03
1.297916666666666607e+01,4.520359038995946932e-03
1.300000000000000000e+01,1.152880359820522040e-02
1.302083333333333215e+01,5.094809107393372463e-03
1.304166666666666607e+01,1.416162759492769780e-03
1.306250000000000000e+01,1.140656648797813352e-02
1.308333333333333215e+01,1.835867104380834933e-02
1.310416666666666607e+01,1.176936303155232295e-02
1.312500000000000000e+01,7.797261207958687372e-03
1.314583333333333215e+01,1.520434987647478753e-02
1.316666666666666607e+01,1.811010826597578283e-02
1.318750000000000000e+01,7.525436669953340998e-03
1.320833333333333215e+01,-6.160391101145294484e-04
1.322916666666666607e+01,4.907404733125048275e-03
1.325000000000000000e+01,7.686595022270694896e-03
1.327083333333333215e+01,-3.061357031272928051e-03
1.329166666666666607e+01,-1.155190908658555553e-02
1.331250000000000000e+01,-6.297323758964901846e-03
1.333333333333333215e+01,-3.606274575870533575e-03
1.335416666666666607e+01,-1.401336244599591871e-02
1.337500000000000000e+01,-2.194429388834503655e-02
1.339583333333333215e+01,-1.625963783193365778e-02
1.341666666666666607e+01,-1.306537047224589666e-02
1.343750000000000000e+01,-1.722797731078574632e-02
1.345833333333333215e+01,-1.502152744654287365e-02
1.347916666666666607e+01,-4.377476651988236774e-03
1.350000000000000000e+01,-1.423004328811386388e-04
1.352083333333333215e+01,-7.766978136114308096e-03
1.354166666666666607e+01,-1.165596101918865007e-02
1.356250000000000000e+01,-1.858072300319518928e-03
1.358333333333333215e+01,4.872541841400975134e-03
1.360416666666666607e+01,-1.812969291427970727e-03
1.362500000000000000e+01,-5.438482414141557544e-03
1.364583333333333215e+01,4.940112846348412336e-03
1.366666666666666607e+01,1.210786355199284028e-02
1.368750000000000000e+01,5.708210830027857230e-03
1.370833333333333215e+01,2.163123325184741416e-03
1.372916666666666607e+01,1.231408816536574621e-02
1.375000000000000000e+01,1.931452878187841019e-02
1.377083333333333215e+01,1.278760651974800849e-02
1.379166666666666607e+01,9.043302123216046332e-03
1.381250000000000000e+01,1.879236688813117062e-02
1.383333333333333215e+01,2.527909366466279256e-02
1.385416666666666607e+01,1.830083309346541148e-02
1.387500000000000000e+01,1.395242643499097074e-02
1.389583333333333215e+01,1.917160077663056933e-02
1.391666666666666607e+01,1.879520377086172506e-02
1.393750000000000000e+01,4.942202756013067827e-03
1.395833333333333215e+01,-6.517618684918656709e-03
1.397916666666666607e+01,-4.452848190341044711e-03
1.400000000000000000e+01,-4.369923656200943793e-03
1.402083333333333215e+01,-1.122963878177883103e-02
1.404166666666666607e+01,-1.168677292095817062e-02
1.406250000000000000e+01,-3.676365353964760295e-03
1.408333333333333215e+01,-2.041734314042063965e-03
1.410416666666666607e+01,-1.078926206425011303e-02
1.412500000000000000e+01,-1.488956771248845824e-02
1.414583333333333215e+01,-5.326100357886867122e-03
1.416666666666666607e+01,1.314436897678075093e-03
1.418750000000000000e+01,-5.546815629834864030e-03
1.420833333333333215e+01,-9.977593423560152108e-03
1.422916666666666607e+01,-7.555942133655730968e-04
1.425000000000000000e+01,5.689422434447013489e-03
1.427083333333333215e+01,-1.353110113083113436e-03
1.429166666666666607e+01,-6.001866340332317681e-03
1.431250000000000000e+01,3.103505693511245285e-03
1.433333333333333215e+01,9.434430522934418584e-03
1.435416666666666607e+01,2.255919442980115590e-03
1.437500000000000000e+01,-2.510167995947654423e-03
1.439583333333333215e+01,6.473770282308932526e-03
1.441666666666666607e+01,1.273830348363767621e-02
1.443750000000000000e+01,5.552569046166491024e-03
1.445833333333333215e+01,7.946421831409601058e-04
1.447916666666666607e+01,9.776414567056327873e-03
1.450000000000000000e+01,1.596469551479282392e-02
1.452083333333333215e+01,8.649408003834483868e-03
1.454166666666666607e+01,3.754744610651253051e-03
1.456250000000000000e+01,1.248396674660012112e-02
1.458333333333333215e+01,1.835868260690432310e-02
1.460416666666666607e+01,1.076518006382074302e-02
1.462500000000000000e+01,5.715707633874194012e-03
1.464583333333333215e+01,1.311333067441316537e-02
1.466666666666666607e+01,1.665427744512919597e-02
1.468750000000000000e+01,6.739082338484130019e-03
1.470833333333333215e+01,-4.314094781533323606e-04
1.472916666666666607e+01,6.068357130452832482e-03
1.475000000000000000e+01,9.467085268181388638e-03
1.477083333333333215e+01,-7.181534301209093960e-04
1.479166666666666607e+01,-8.168019299743133413e-03
1.481250000000000000e+01,-1.945597188461204189e-03
1.483333333333333215e+01,1.136868894930460764e-03
1.485416666666666607e+01,-9.235165809973142417e-03
1.487500000000000000e+01,-1.696910355938237303e-02
1.489583333333333215e+01,-1.108646697075335412e-02
1.491666666666666607e+01,-8.132900027766351916e-03
1.493750000000000000e+01,-1.770287380361523430e-02
1.495833333333333215e+01,-2.415762200931620765e-02
1.497916666666666607e+01,-1.686852084899194415e-02
1.500000000000000000e+01,-1.239526644316872421e-02
1.502083333333333215e+01,-1.864910689986695042e-02
1.504166666666666607e+01,-2.064788806623601980e-02
1.506250000000000000e+01,-8.894030372538051440e-03
1.508333333333333215e+01,1.596734162276587177e-04
1.510416666666666607e+01,-4.278348050040524202e-03
1.512500000000000000e+01,-6.373871854818470920e-03
1.514583333333333215e+01,4.992608788463093368e-03
1.516666666666666607e+01,1.340496492998770502e-02
1.518750000000000000e+01,8.096092248642447822e-03
1.520833333333333215e+01,5.081442795346522399e-03
1.522916666666666607e+01,1.544222310309645296e-02
1.525000000000000000e+01,2.267937292381673464e-02
1.527083333333333215e+01,1.645950511287568030e-02
1.529166666666666607e+01,1.302492848755069932e-02
1.531250000000000000e+01,1.810327643634130831e-02
1.533333333333333215e+01,1.641677925397869511e-02
1.535416666666666607e+01,4.848069062220409370e-03
1.537500000000000000e+01,-1.346233955616356077e-03
1.539583333333333215e+01,5.483419212522019741e-03
1.541666666666666607e+01,8.626994447193399307e-03
1.543750000000000000e+01,-2.509384069903549449e-03
1.545833333333333215e+01,-1.126905812866584554e-02
1.547916666666666607e+01,-7.294867582080866164e-03
1.550000000000000000e+01,-7.032317741429279685e-03
1.552083333333333215e+01,-1.362700806861075892e-02
1.554166666666666607e+01,-1.310962809984426991e-02
1.556250000000000000e+01,-5.699088972539904235e-03
1.558333333333333215e+01,-5.680124253097705057e-03
1.560416666666666607e+01,-9.992164470238068530e-03
1.562500000000000000e+01,-5.679620441056510566e-03
1.564583333333333215e+01,-4.250886727004941218e-03
1.566666666666666607e+01,-9.075392621541477842e-03
1.568750000000000000e+01,-7.003825043961112509e-03
1.570833333333333215e+01,-7.244863240454817339e-04
1.572916666666666607e+01,-3.603265633671894931e-03
1.575000000000000000e+01,-4.324948391126515190e-03
1.577083333333333215e+01,5.872714530141416242e-03
1.579166666666666607e+01,1.121800298390410698e-02
1.581250000000000000e+01,2.176633906960035152e-03
1.583333333333333215e+01,-4.731920583331972706e-03
1.585416666666666607e+01,1.123885290419084429e-03
1.587500000000000000e+01,3.383564486951233605e-03
1.589583333333333215e+01,-4.784199118895667013e-03
1.591666666666666607e+01,-8.206619960636868730e-03
1.593750000000000000e+01,1.135424488774582985e-03
1.595833333333333215e+01,7.035460529590699744e-03
1.597916666666666607e+01,-1.369242987542732817e-03
1.600000000000000000e+01,-7.758517016991922990e-03
1.602083333333333215e+01,-1.346943222046993391e-03
1.604166666666666430e+01,1.703802230558289178e-03
1.606250000000000000e+01,-4.987166736171260578e-03
1.608333333333333215e+01,-6.477177229506512514e-03
1.610416666666666430e+01,5.070098222323056979e-03
1.612500000000000000e+01,1.339997699223875044e-02
1.614583333333333215e+01,7.341507499905870759e-03
1.616666666666666430e+01,3.191844659079235303e-03
1.618750000000000000e+01,1.184088839730682192e-02
1.620833333333333215e+01,1.703449628906027191e-02
1.622916666666666430e+01,7.814533062154842280e-03
1.625000000000000000e+01,6.362540018753525721e-04
1.627083333333333215e+01,6.235295956408822005e-03
1.629166666666666430e+01,8.275966420779701932e-03
1.631250000000000000e+01,-2.032247879715929489e-03
1.633333333333333215e+01,-8.839688778432041108e-03
1.635416666666666430e+01,-2.890923965220661314e-03
1.637500000000000000e+01,-3.672936731124220103e-04
1.639583333333333215e+01,-7.491878722465016190e-03
1.641666666666666430e+01,-9.476209036904513494e-03
1.643750000000000000e+01,1.323654854643425971e-03
1.645833333333333215e+01,8.691425847399656540e-03
1.647916666666666430e+01,1.611797020536723246e-03
1.650000000000000000e+01,-3.356902353519122112e-03
1.652083333333333215e+01,4.717001422555457818e-03
1.654166666666666430e+01,9.515346408592315411e-03
1.656250000000000000e+01,-1.072266924986865880e-04
1.658333333333333215e+01,-7.807333810807392215e-03
1.660416666666666430e+01,-2.707264387174766664e-03
1.662500000000000000e+01,-1.013135043707025923e-03
1.664583333333333215e+01,-5.913609715184681669e-03
1.666666666666666430e+01,-3.600696019895650683e-03
1.668750000000000000e+01,2.874156117701276349e-03
1.670833333333333215e+01,1.953554999184299785e-04
1.672916666666666430e+01,-4.507126577947564126e-04
1.675000000000000000e+01,9.552172816719493517e-03
1.677083333333333215e+01,1.445321461089637757e-02
1.679166666666666430e+01,5.008310019287402597e-03
1.681250000000000000e+01,-2.427619574871254984e-03
1.683333333333333215e+01,3.116818879515000692e-03
1.685416666666666430e+01,5.083437066319871148e-03
1.687500000000000000e+01,-1.354802242071889880e-03
1.689583333333333215e+01,-1.763808374377895177e-03
1.691666666666666430e+01,8.836362590691570693e-03
1.693750000000000000e+01,1.441548710031552785e-02
1.695833333333333215e+01,5.682695321651423138e-03
1.697916666666666430e+01,-7.618847488252892099e-04
1.700000000000000000e+01,5.998242895301107540e-03
1.702083333333333215e+01,9.152031491684810630e-03
1.704166666666666430e+01,-2.182662651520838725e-03
1.706250000000000000e+01,-1.148324183417472749e-02
1.708333333333333215e+01,-7.717506052297924517e-03
1.710416666666666430e+01,-2.270537271461507342e-03
1.712500000000000000e+01,-7.838656407430170600e-03
1.714583333333333215e+01,-1.142709408086167375e-02
1.716666666666666430e+01,-1.910935303434299929e-03
1.718750000000000000e+01,4.267703144320471667e-03
1.720833333333333215e+01,-3.940955464714167647e-03
1.722916666666666430e+01,-1.014460877876094055e-02
1.725000000000000000e+01,-3.307103355048784683e-03
1.727083333333333215e+01,-4.001023360500731164e-05
1.729166666666666430e+01,-4.553286244227123906e-03
1.731250000000000000e+01,-2.694458831510300554e-03
1.733333333333333215e+01,7.358999491220768671e-03
1.735416666666666430e+01,1.070016511766097578e-02
1.737500000000000000e+01,2.629348297894000368e-03
1.739583333333333215e+01,-1.519088662050146511e-03
1.741666666666666430e+01,7.170066263242482613e-03
1.743750000000000000e+01,1.233556090228086349e-02
1.745833333333333215e+01,3.337625416544414293e-03
1.747916666666666430e+01,-3.739408656201316863e-03
1.750000000000000000e+01,1.868002512067589403e-03
1.752083333333333215e+01,3.973956826165287066e-03
1.754166666666666430e+01,-1.036919325620327872e-03
1.756250000000000000e+01,5.220830463575316461e-04
1.758333333333333215e+01,8.216143985340235156e-03
1.760416666666666430e+01,8.008831208425068113e-03
1.762500000000000000e+01,4.577523559929113500e-03
1.764583333333333215e+01,1.039826083794970386e-02
1.766666666666666430e+01,1.296656327084562410e-02
1.768750000000000000e+01,1.550895591098148127e-03
1.770833333333333215e+01,-7.687537835370675775e-03
1.772916666666666430e+01,-4.302649574945881239e-03
1.775000000000000000e+01,-8.151968266427110079e-04
1.777083333333333215e+01,-6.741085693043131523e-03
1.779166666666666430e+01,-8.845823824445145020e-03
1.781250000000000000e+01,1.760209618617430711e-03
1.783333333333333215e+01,8.598259829500366422e-03
1.785416666666666430e+01,1.089874918494112589e-03
1.787500000000000000e+01,-4.097183784793915519e-03
1.789583333333333215e+01,3.431107424967269788e-03
1.791666666666666430e+01,7.116462002300639328e-03
1.793750000000000000e+01,-3.528197369007063898e-03
1.795833333333333215e+01,-1.177155233539763264e-02
1.797916666666666430e+01,-7.309553588106432361e-03
1.800000000000000000e+01,-2.768057941065052690e-03
1.802083333333333215e+01,-7.626696971367781866e-03
1.804166666666666430e+01,-8.530622227869162633e-03
1.806250000000000000e+01,3.424681142415475412e-03
1.808333333333333215e+01,1.175075837705927100e-02
1.810416666666666430e+01,5.670448647461947579e-03
1.812500000000000000e+01,1.633858623168105845e-03
1.814583333333333215e+01,1.038890444538379670e-02
1.816666666666666430e+01,1.571816381838146356e-02
1.818750000000000000e+01,6.608434110228694931e-03
1.820833333333333215e+01,-6.495933559020890084e-04
1.822916666666666430e+01,4.926559238450648609e-03
1.825000000000000000e+01,7.286260855308219347e-03
1.827083333333333215e+01,-2.233467738861739417e-03
1.829166666666666430e+01,-7.953315875445881450e-03
1.831250000000000000e+01,-5.378987123869272049e-04
1.833333333333333215e+01,4.131050922039070789e-03
1.835416666666666430e+01,-5.298006561240405782e-03
1.837500000000000000e+01,-1.203327877262374765e-02
1.839583333333333215e+01,-4.990230367049711818e-03
1.841666666666666430e+01,-2.439807796801496040e-04
1.843750000000000000e+01,-7.685350960597045131e-03
1.845833333333333215e+01,-1.122574050453962330e-02
1.847916666666666430e+01,2.537195633496532369e-04
1.850000000000000000e+01,9.582204532476804384e-03
1.852083333333333215e+01,5.344482468589221470e-03
1.854166666666666430e+01,4.298602341471508513e-03
1.856250000000000000e+01,1.694535235837807061e-02
1.858333333333333215e+01,2.716809441879055459e-02
1.860416666666666430e+01,2.447628749839393311e-02
1.862500000000000000e+01,1.836044568332532295e-02
1.864583333333333215e+01,2.225212842085752540e-02
1.866666666666666430e+01,2.431946619814340238e-02
1.868750000000000000e+01,1.355322398634564197e-02
1.870833333333333215e+01,6.098263259637130840e-03
1.872916666666666430e+01,1.309956102387048807e-02
1.875000000000000000e+01,1.827535204960087020e-02
1.877083333333333215e+01,1.062758097993587135e-02
1.879166666666666430e+01,6.283594548209271366e-03
1.881250000000000000e+01,1.262817491445275206e-02
1.883333333333333215e+01,1.464519297361299016e-02
1.885416666666666430e+01,3.843012263818726230e-03
1.887500000000000000e+01,-3.645884772809453427e-03
1.889583333333333215e+01,3.319277903618048260e-03
1.891666666666666430e+01,8.451671813072856448e-03
1.893750000000000000e+01,7.621445879741487253e-04
1.895833333333333215e+01,-3.613887247742757387e-03
1.897916666666666430e+01,4.450480101889301397e-03
1.900000000000000000e+01,9.338680091884698012e-03
1.902083333333333215e+01,1.405292135853687284e-03
1.904166666666666430e+01,-3.208591976570088038e-03
1.906250000000000000e+01,4.733414180534180511e-03
1.908333333333333215e+01,9.568473966150273582e-03
1.910416666666666430e+01,1.582922433147137794e-03
1.912500000000000000e+01,-3.072939531484487289e-03
1.914583333333333215e+01,2.071698082080473350e-03
1.916666666666666430e+01,2.334594393520946030e-03
1.918750000000000000e+01,-1.068699545107891502e-02
1.920833333333333215e+01,-2.100072779825044519e-02
1.922916666666666430e+01,-1.861768951302692279e-02
1.925000000000000000e+01,-1.600263807438125074e-02
1.927083333333333215e+01,-2.141956349475086785e-02
1.929166666666666430e+01,-2.196309591793318278e-02
1.931250000000000000e+01,-1.078071524107152707e-02
1.933333333333333215e+01,-3.738872719884533784e-03
1.935416666666666430e+01,-1.050227110836557745e-02
1.937500000000000000e+01,-1.456709857742528695e-02
1.939583333333333215e+01,-5.831527587031111633e-03
1.941666666666666430e+01,3.776731520177864076e-04
1.943750000000000000e+01,-6.579721220968761698e-03
1.945833333333333215e+01,-1.071416914156974980e-02
1.947916666666666430e+01,-1.176393207100189181e-03
1.950000000000000000e+01,6.181557706898131895e-03
1.952083333333333215e+01,4.352175832046938520e-04
1.954166666666666430e+01,-2.204729550890811157e-03
1.956250000000000000e+01,9.470521089517389135e-03
1.958333333333333215e+01,1.881485429030650344e-02
1.960416666666666430e+01,1.524148580343727584e-02
1.962500000000000000e+01,1.161540656860248974e-02
1.964583333333333215e+01,1.735118445434492493e-02
1.966666666666666430e+01,1.881000510977671319e-02
1.968750000000000000e+01,7.117515594527911750e-03
1.970833333333333215e+01,-2.097781565509432202e-03
1.972916666666666430e+01,1.981050971295862141e-03
1.975000000000000000e+01,3.101716969270074380e-03
1.977083333333333215e+01,-6.810475161636393368e-03
1.979166666666666430e+01,-1.263499672611834677e-02
1.981250000000000000e+01,-5.455067521354330443e-03
1.983333333333333215e+01,-1.481131304815745675e-03
1.985416666666666430e+01,-1.145994412735191516e-02
1.987500000000000000e+01,-1.912875166129763410e-02
1.989583333333333215e+01,-1.318762018842059569e-02
1.991666666666666430e+01,-9.658279534774364197e-03
1.993750000000000000e+01,-1.499422621950367331e-02
1.995833333333333215e+01,-1.443625386336973120e-02
1.997916666666666430e+01,-1.155251410273086922e-03
2.000000000000000000e+01,9.015948365297630010e-03
2.002083333333333215e+01,5.788682913716277842e-03
2.004166666666666430e+01,6.061069781756533298e-03
2.006250000000000000e+01,1.228433684407839559e-02
2.008333333333333215e+01,1.064327410448844859e-02
2.010416666666666430e+01,5.774345499222001583e-03
2.012500000000000000e+01,1.096003883422787609e-02
2.014583333333333215e+01,1.323778381981995274e-02
2.016666666666666430e+01,1.612342054317421336e-03
2.018750000000000000e+01,-7.432919973183477018e-03
2.020833333333333215e+01,-3.138933486879899246e-03
2.022916666666666430e+01,-2.269717683344535993e-03
2.025000000000000000e+01,-8.038921820627856554e-03
2.027083333333333215e+01,-6.255176768087193119e-03
2.029166666666666430e+01,-3.510122201411229885e-04
2.031250000000000000e+01,-3.427109132641212048e-03
2.033333333333333215e+01,-4.147638291169093543e-03
2.035416666666666430e+01,5.980096635924469183e-03
2.037500000000000000e+01,1.132803129885620944e-02
2.039583333333333215e+01,3.221357429751621222e-03
2.041666666666666430e+01,-2.063306238527848942e-03
2.043750000000000000e+01,6.681550808192966186e-03
2.045833333333333215e+01,1.310550036821194440e-02
2.047916666666666430e+01,6.178846621306060410e-03
2.050000000000000000e+01,2.476849887271555858e-03
2.052083333333333215e+01,1.283199946426773382e-02
2.054166666666666430e+01,2.085827676491689917e-02
2.056250000000000000e+01,1.542668052619541180e-02
2.058333333333333215e+01,1.166718360386704428e-02
2.060416666666666430e+01,1.658105001529404376e-02
2.062500000000000000e+01,1.598654798202253646e-02
2.064583333333333215e+01,2.614384641194996382e-03
2.066666666666666430e+01,-7.035256065671243765e-03
2.068750000000000000e+01,-3.474988740752377441e-03
2.070833333333333215e+01,-3.151892404433107985e-03
2.072916666666666430e+01,-1.103819236858969398e-02
2.075000000000000000e+01,-1.304244815873899059e-02
2.077083333333333215e+01,-2.747106162158257335e-03
2.079166666666666430e+01,4.003391693229148805e-03
2.081250000000000000e+01,-2.946284261544902024e-03
2.083333333333333215e+01,-7.891580747915108787e-03
2.085416666666666430e+01,3.466743200012527585e-04
2.087500000000000000e+01,5.503015376983166895e-03
2.089583333333333215e+01,-2.977540250907424486e-03
2.091666666666666430e+01,-8.960816430617199804e-03
2.093750000000000000e+01,-1.140285718734622162e-03
2.095833333333333215e+01,4.041707186464599255e-03
2.097916666666666430e+01,-4.232268175743840455e-03
2.100000000000000000e+01,-9.600125960437235970e-03
2.102083333333333215e+01,-1.038680018618106131e-03
2.104166666666666430e+01,5.312103572517011540e-03
2.106250000000000000e+01,-1.420900765070706988e-03
2.108333333333333215e+01,-4.758368379290144230e-03
2.110416666666666430e+01,5.817580326756644458e-03
2.112500000000000000e+01,1.414188450849637735e-02
2.114583333333333215e+01,9.152607738324712236e-03
2.116666666666666430e+01,7.351901819914314490e-03
2.118750000000000000e+01,1.283578344723463119e-02
2.120833333333333215e+01,1.149096700177269607e-02
2.122916666666666430e+01,2.667673049107092270e-03
2.125000000000000000e+01,6.523427495575476317e-04
2.127083333333333215e+01,6.925095422646631270e-03
2.129166666666666430e+01,6.823150662622019802e-03
2.131250000000000000e+01,-3.922316073131610487e-03
2.133333333333333215e+01,-9.964491177127473079e-03
2.135416666666666430e+01,-2.247129450292783149e-03
2.137500000000000000e+01,2.122596213922119633e-03
2.139583333333333215e+01,-7.864756733293858451e-03
2.141666666666666430e+01,-1.561510391732953522e-02
2.143750000000000000e+01,-9.874364962590061537e-03
2.145833333333333215e+01,-7.274287432176918325e-03
2.147916666666666430e+01,-1.364907404525066495e-02
2.150000000000000000e+01,-1.417798335975099799e-02
2.152083333333333215e+01,-1.213143891260929719e-03
2.154166666666666430e+01,8.919489441410006700e-03
2.156250000000000000e+01,6.018122037180787844e-03
2.158333333333333215e+01,5.115665488191901110e-03
2.160416666666666430e+01,1.120334074345551677e-02
2.162500000000000000e+01,1.133197481606895360e-02
2.164583333333333215e+01,3.077130435101328634e-03
2.166666666666666430e+01,1.207718259780340021e-03
2.168750000000000000e+01,9.538572176783180478e-03
2.170833333333333215e+01,1.315721964128373916e-02
2.172916666666666430e+01,3.191641855412979435e-03
2.175000000000000000e+01,-3.885890328574388101e-03
2.177083333333333215e+01,2.389749989841594147e-03
2.179166666666666430e+01,5.693522868089537226e-03
2.181250000000000000e+01,-4.899742868364385072e-03
2.183333333333333215e+01,-1.312528033080363060e-02
2.185416666666666430e+01,-8.330513952773567835e-03
2.187500000000000000e+01,-6.991624008574235175e-03
2.189583333333333215e+01,-1.140960247431093560e-02
2.191666666666666430e+01,-8.291022298481940875e-03
2.193750000000000000e+01,-2.809749124185144647e-03
2.195833333333333215e+01,-7.786825882280108170e-03
2.197916666666666430e+01,-1.071733803247657511e-02
2.200000000000000000e+01,-1.052856020854900506e-03
2.202083333333333215e+01,5.918920557587486857e-03
2.204166666666666430e+01,-5.649909088011745295e-04
2.206250000000000000e+01,-3.960507331541926121e-03
2.208333333333333215e+01,6.506492859564326839e-03
2.210416666666666430e+01,1.440193330788500266e-02
2.212500000000000000e+01,8.965451707466964501e-03
2.214583333333333215e+01,6.936599109286058391e-03
2.216666666666666430e+01,1.842948835063629512e-02
2.218750000000000000e+01,2.691523878904133679e-02
2.220833333333333215e+01,2.257910789967262910e-02
2.222916666666666430e+01,1.778923097156159122e-02
2.225000000000000000e+01,2.269870720214983012e-02
2.227083333333333215e+01,2.361362311507749639e-02
2.229166666666666430e+01,1.095261242636402614e-02
2.231250000000000000e+01,7.055158300899418622e-04
2.233333333333333215e+01,3.836809452713833488e-03
2.235416666666666430e+01,4.052272346149875248e-03
2.237500000000000000e+01,-6.261436275255972093e-03
2.239583333333333215e+01,-1.205457501324251092e-02
2.241666666666666430e+01,-4.961979521900713661e-03
2.243750000000000000e+01,-1.049328900875572904e-03
2.245833333333333215e+01,-1.142699934888431398e-02
2.247916666666666430e+01,-1.946163045099807282e-02
2.250000000000000000e+01,-1.432230004544476736e-02
2.252083333333333215e+01,-1.066657180594134113e-02
2.254166666666666430e+01,-1.553747352725041650e-02
2.256250000000000000e+01,-1.457427961003946761e-02
2.258333333333333215e+01,-2.131512155478488060e-03
2.260416666666666430e+01,6.482539253941389454e-03
2.262500000000000000e+01,1.754689692637291087e-03
2.264583333333333215e+01,2.602502500098726848e-05
2.266666666666666430e+01,1.208358706393771603e-02
2.268750000000000000e+01,2.190500221625562433e-02
2.270833333333333215e+01,1.881532839684932693e-02
2.272916666666666430e+01,1.336933702754691117e-02
2.275000000000000000e+01,1.600667683981729650e-02
2.277083333333333215e+01,1.500957200975442524e-02
2.279166666666666430e+01,1.872509608073142035e-03
2.281250000000000000e+01,-7.898293267034891402e-03
2.283333333333333215e+01,-4.251933555611643774e-03
2.285416666666666430e+01,-3.658820123392091811e-03
2.287500000000000000e+01,-1.358397873655120026e-02
2.289583333333333215e+01,-1.878792460194720487e-02
2.291666666666666430e+01,-1.045716338002956186e-02
2.293750000000000000e+01,-5.171860888404150938e-03
2.295833333333333215e+01,-1.360928023024770596e-02
2.297916666666666430e+01,-1.887730427723884746e-02
2.300000000000000000e+01,-1.020739576124380342e-02
2.302083333333333215e+01,-4.395398519789578580e-03
2.304166666666666430e+01,-1.153015089307025086e-02
2.306250000000000000e+01,-1.545109779649889853e-02
2.308333333333333215e+01,-5.504314306657257481e-03
2.310416666666666430e+01,2.353334011340319637e-03
2.312500000000000000e+01,-2.789386412916493568e-03
2.314583333333333215e+01,-4.537447546563827191e-03
2.316666666666666430e+01,7.710172626655300947e-03
2.318750000000000000e+01,1.774630859923080270e-02
2.320833333333333215e+01,1.439539304364133646e-02
2.322916666666666430e+01,1.162241300723295366e-02
2.325000000000000000e+01,1.705680749694634887e-02
2.327083333333333215e+01,1.731797633186698410e-02
2.329166666666666430e+01,5.658695435698183306e-03
2.331250000000000000e+01,-2.173218033401769830e-03
2.333333333333333215e+01,3.180850850984660166e-03
2.335416666666666430e+01,5.368177629629425872e-03
2.337500000000000000e+01,-5.827761586982944768e-03
2.339583333333333215e+01,-1.454140822586790643e-02
2.341666666666666430e+01,-9.343967706431732453e-03
2.343750000000000000e+01,-6.037972680502278616e-03
2.345833333333333215e+01,-1.065772433480240318e-02
2.347916666666666430e+01,-9.298920198265650874e-03
2.350000000000000000e+01,2.115344572624030996e-03
2.352083333333333215e+01,8.080945319403239069e-03
2.354166666666666430e+01,2.193708848866146480e-04
2.356250000000000000e+01,-5.001921176561016126e-03
2.358333333333333215e+01,3.471498754702280649e-03
2.360416666666666430e+01,9.349110032578314064e-03
2.362500000000000000e+01,1.881839505302031288e-03
2.364583333333333215e+01,-2.394021564075036329e-03
2.366666666666666430e+01,7.568365327569877982e-03
2.368750000000000000e+01,1.548324844417507326e-02
2.370833333333333215e+01,1.009614522460207386e-02
2.372916666666666430e+01,8.172254734239358873e-03
2.375000000000000000e+01,1.710373128112879781e-02
2.377083333333333215e+01,2.145679805672107490e-02
2.379166666666666430e+01,1.223584311626965855e-02
2.381250000000000000e+01,6.004146665893315450e-03
2.383333333333333215e+01,1.302077561902295622e-02
2.385416666666666430e+01,1.693895859352690519e-02
2.387500000000000000e+01,7.010916407146166457e-03
2.389583333333333215e+01,-7.415516455589923461e-04
2.391666666666666430e+01,4.560215128113151439e-03
2.393750000000000000e+01,6.507887557730412595e-03
2.395833333333333215e+01,-5.454266308190926053e-03
2.397916666666666430e+01,-1.512204271373343741e-02
2.400000000000000000e+01,-1.143118670559684774e-02
2.402083333333333215e+01,-8.533838843329503640e-03
2.404166666666666430e+01,-1.370580314049876097e-02
2.406250000000000000e+01,-1.353353375630881976e-02
2.408333333333333215e+01,-2.509104848250362594e-04
2.410416666666666430e+01,1.014882477323761009e-02
2.412500000000000000e+01,7.566640670059940170e-03
2.414583333333333215e+01,6.886463784072959123e-03
2.416666666666666430e+01,1.344425307767190512e-02
2.418750000000000000e+01,1.393269140574031686e-02
2.420833333333333215e+01,4.991636019222040442e-03
2.422916666666666430e+01,1.708439232488756510e-03
2.425000000000000000e+01,1.237977281339223620e-02
2.427083333333333215e+01,2.067636513834144457e-02
2.429166666666666430e+01,1.551462912760063692e-02
2.431250000000000000e+01,1.180193418568069308e-02
2.433333333333333215e+01,1.544792887770670559e-02
2.435416666666666430e+01,1.295241909835561506e-02
2.437500000000000000e+01,3.345014015487597636e-03
2.439583333333333215e+01,8.002230627952885804e-04
2.441666666666666430e+01,5.523716180453721106e-03
2.443750000000000000e+01,3.132567549341640483e-03
2.445833333333333215e+01,-4.131524893533846873e-03
2.447916666666666430e+01,-3.419009718227478557e-03
2.450000000000000000e+01,-1.884224225130503531e-03
2.452083333333333215e+01,-9.968646957226191818e-03
2.454166666666666430e+01,-1.436283612057451080e-02
2.456250000000000000e+01,-5.665709544936540012e-03
2.458333333333333215e+01,2.996319738290886218e-04
2.460416666666666430e+01,-7.449888911496099081e-03
2.462500000000000000e+01,-1.219971278183826571e-02
2.464583333333333215e+01,-3.087284644766421712e-03
2.466666666666666430e+01,3.512481449337057603e-03
2.468750000000000000e+01,-3.292437736797823762e-03
2.470833333333333215e+01,-6.714331310442884539e-03
2.472916666666666430e+01,4.147906127034411451e-03
2.475000000000000000e+01,1.254657234390615418e-02
2.477083333333333215e+01,7.977228589599998435e-03
2.479166666666666430e+01,6.551144836387916455e-03
2.481250000000000000e+01,1.191594131327314635e-02
2.483333333333333215e+01,9.946574936079507004e-03
2.485416666666666430e+01,-6.081592039484095061e-03
2.487500000000000000e+01,-1.999303766340501318e-02
2.489583333333333215e+01,-2.040413350117064456e-02
2.491666666666666430e+01,-1.981296381195129727e-02
2.493750000000000000e+01,-2.835198088211030726e-02
2.495833333333333215e+01,-3.183240740671570285e-02
2.497916666666666430e+01,-2.109527781924309259e-02
2.500000000000000000e+01,-1.329152559170018733e-02
2.502083333333333215e+01,-1.859692057249964434e-02
2.504166666666666430e+01,-2.109021815784603571e-02
2.506250000000000000e+01,-1.074032988495868257e-02
2.508333333333333215e+01,-3.451059143912420420e-03
2.510416666666666430e+01,-9.522198487501484440e-03
2.512500000000000000e+01,-1.359994204663035437e-02
2.514583333333333215e+01,-4.604950917065913675e-03
2.516666666666666430e+01,1.693576744302780239e-03
2.518750000000000000e+01,-5.757867249505212344e-03
2.520833333333333215e+01,-1.108859147140563682e-02
2.522916666666666430e+01,-3.469928004133586430e-03
2.525000000000000000e+01,9.385631973388303953e-04
2.527083333333333215e+01,-8.940934081733865543e-03
2.529166666666666430e+01,-1.644773792663734718e-02
2.531250000000000000e+01,-1.097101093266658785e-02
2.533333333333333215e+01,-8.355496857834019547e-03
2.535416666666666430e+01,-1.254972085998178055e-02
2.537500000000000000e+01,-9.410885309338147889e-03
2.539583333333333215e+01,-1.738897998875048746e-03
2.541666666666666430e+01,-2.408108840962336177e-03
2.543750000000000000e+01,-1.570001929136850827e-02
2.545833333333333215e+01,-2.979794122011854632e-02
2.547916666666666430e+01,-3.300043291996922201e-02
2.550000000000000000e+01,-3.854475946048427359e-02
2.552083333333333215e+01,-5.007249423973829383e-02
2.554166666666666430e+01,-5.383915775368192103e-02
2.556250000000000000e+01,-4.749852293696340405e-02
2.558333333333333215e+01,-4.632930610796266724e-02
2.560416666666666430e+01,-5.559370438181447660e-02
2.562500000000000000e+01,-6.051189980750387026e-02
2.564583333333333215e+01,-5.209110172013161483e-02
2.566666666666666430e+01,-4.644630791486738242e-02
2.568750000000000000e+01,-5.198709911118846311e-02
2.570833333333333215e+01,-5.387345364846667789e-02
2.572916666666666430e+01,-4.266674518023873958e-02
2.575000000000000000e+01,-3.435188115144488519e-02
2.577083333333333215e+01,-3.832554227649001555e-02
2.579166666666666430e+01,-3.911920336110173702e-02
2.581250000000000000e+01,-2.696646242688898951e-02
2.583333333333333215e+01,-1.786957097047744275e-02
2.585416666666666430e+01,-2.098699279430752893e-02
2.587500000000000000e+01,-2.056857909638763054e-02
2.589583333333333215e+01,-6.391682126259780501e-03
2.591666666666666430e+01,4.786237425772367493e-03
2.593750000000000000e+01,1.192596715177676606e-03
2.595833333333333215e+01,1.285182300152570769e-04
2.597916666666666430e+01,1.232687935773330544e-02
2.600000000000000000e+01,2.179630572580213907e-02
2.602083333333333215e+01,1.769068812112168515e-02
2.604166666666666430e+01,1.578032677165701336e-02
2.606250000000000000e+01,2.078071631446363685e-02
2.608333333333333215e+01,1.917360551313787922e-02
2.610416666666666430e+01,1.034871798892705690e-02
2.612500000000000000e+01,8.756042019145380065e-03
2.614583333333333215e+01,1.338414548371397693e-02
2.616666666666666430e+01,1.027120849513115698e-02
2.618750000000000000e+01,4.321329778065083338e-03
2.620833333333333215e+01,8.209436159096453536e-03
2.622916666666666430e+01,9.784120706208595392e-03
2.625000000000000000e+01,-2.028776965829435456e-03
2.627083333333333215e+01,-1.071388016871262228e-02
2.629166666666666430e+01,-5.949337446390018554e-03
2.631250000000000000e+01,-4.078312459889000749e-03
2.633333333333333215e+01,-1.403759070950130923e-02
2.635416666666666430e+01,-2.018497557960189509e-02
2.637500000000000000e+01,-1.319530205487001728e-02
2.639583333333333215e+01,-9.544347194020282379e-03
2.641666666666666430e+01,-1.744895984359566901e-02
2.643750000000000000e+01,-2.164162189796550034e-02
2.645833333333333215e+01,-1.264405376432482103e-02
2.647916666666666430e+01,-7.009509383486698698e-03
2.650000000000000000e+01,-1.497469642585950306e-02
2.652083333333333215e+01,-2.034315037035937593e-02
2.654166666666666430e+01,-1.213176645586607795e-02
2.656250000000000000e+01,9.429511538125698311e-03
2.658333333333333215e+01,2.859229780181405528e-02
2.660416666666666430e+01,3.450633292822434528e-02
2.662500000000000000e+01,4.332403977951338608e-02
2.664583333333333215e+01,6.131829992169759991e-02
2.666666666666666430e+01,7.413391457689198771e-02
2.668750000000000000e+01,7.400350755000927039e-02
2.670833333333333215e+01,7.413789904628842464e-02
2.672916666666666430e+01,7.972450845514292284e-02
2.675000000000000000e+01,7.844998209369508091e-02
2.677083333333333215e+01,6.702738357807783154e-02
2.679166666666666430e+01,6.052550091422671807e-02
2.681250000000000000e+01,6.695328463167238287e-02
2.683333333333333215e+01,6.996534340084048509e-02
2.685416666666666430e+01,5.940226029611839903e-02
2.687500000000000000e+01,4.979972612099835966e-02
2.689583333333333215e+01,4.896551712015590613e-02
2.691666666666666430e+01,4.249968544535579623e-02
2.693750000000000000e+01,2.409869819186469947e-02
2.695833333333333215e+01,9.376087264556853818e-03
2.697916666666666430e+01,7.661313901941077704e-03
2.700000000000000000e+01,2.820269499205592476e-03
2.702083333333333215e+01,-8.738853234330767883e-03
2.704166666666666430e+01,-1.295542894918571240e-02
2.706250000000000000e+01,-8.282062464329180765e-03
2.708333333333333215e+01,-9.423155256665123949e-03
2.710416666666666430e+01,-2.064403321331540267e-02
2.712500000000000000e+01,-2.645360150048315165e-02
2.714583333333333215e+01,-1.889721678408332051e-02
2.716666666666666430e+01,-1.390106951203349747e-02
2.718750000000000000e+01,-2.228503182532698759e-02
2.720833333333333215e+01,-2.754464417833329959e-02
2.722916666666666430e+01,-1.885599666279782691e-02
2.725000000000000000e+01,-1.251616153957779178e-02
2.727083333333333215e+01,-1.911252744247575810e-02
2.729166666666666430e+01,-2.239177231682910538e-02
2.731250000000000000e+01,-1.144122307502540986e-02
2.733333333333333215e+01,-2.921221127905690267e-03
2.735416666666666430e+01,-7.350607650817155697e-03
2.737500000000000000e+01,-8.782740247068430636e-03
2.739583333333333215e+01,-9.631738607812954196e-04
2.741666666666666430e+01,9.647626009038214696e-04
2.743750000000000000e+01,-1.028487017404339232e-02
2.745833333333333215e+01,-1.889726277125177226e-02
2.747916666666666430e+01,-1.419074100166056382e-02
2.750000000000000000e+01,-1.170924976006776363e-02
2.752083333333333215e+01,-1.652441800690614138e-02
2.754166666666666430e+01,-1.498085956200210719e-02
2.756250000000000000e+01,-5.565274921600295473e-03
2.758333333333333215e+01,-2.613450916281561710e-03
2.760416666666666430e+01,-9.129836666348275717e-03
2.762500000000000000e+01,-1.014763639424381796e-02
2.764583333333333215e+01,1.906495945015234924e-03
2.766666666666666430e+01,1.107511434117310588e-02
2.768750000000000000e+01,6.350749370191584135e-03
2.770833333333333215e+01,4.421181031355832583e-03
2.772916666666666430e+01,1.450457073934213054e-02
2.775000000000000000e+01,2.101267890417409662e-02
2.777083333333333215e+01,1.417983377709355203e-02
2.779166666666666430e+01,1.049858865983591648e-02
2.781250000000000000e+01,1.870791881023175715e-02
2.783333333333333215e+01,2.320222888953526671e-02
2.785416666666666430e+01,1.476393024112337624e-02
2.787500000000000000e+01,9.410078071770572664e-03
2.789583333333333215e+01,1.697915042663622476e-02
2.791666666666666430e+01,2.125868988335296444e-02
2.793750000000000000e+01,1.205018074122393180e-02
2.795833333333333215e+01,-1.040506952330362556e-02
2.797916666666666430e+01,-2.966965125441587553e-02
2.800000000000000000e+01,-3.447263059129757751e-02
2.802083333333333215e+01,-4.133762764865719225e-02
2.804166666666666430e+01,-5.643929924555654565e-02
2.806250000000000000e+01,-6.527749535521597257e-02
2.808333333333333215e+01,-5.974477106266647825e-02
2.810416666666666430e+01,-5.638937652232645092e-02
2.812500000000000000e+01,-6.626957290621869612e-02
2.814583333333333215e+01,-7.328978710801031804e-02
2.816666666666666430e+01,-6.595383574067632815e-02
2.818750000000000000e+01,-6.101612037911794545e-02
2.820833333333333215e+01,-6.277466341050544352e-02
2.822916666666666430e+01,-5.659576730920821974e-02
2.825000000000000000e+01,-4.385051406109215927e-02
2.827083333333333215e+01,-3.849204447378474364e-02
2.829166666666666430e+01,-3.692288785849246607e-02
2.831250000000000000e+01,-2.557220713069371237e-02
2.833333333333333215e+01,-1.692357773336617896e-02
2.835416666666666430e+01,-2.182599039260893839e-02
2.837500000000000000e+01,-2.422081205184475547e-02
2.839583333333333215e+01,-1.320118841716108431e-02
2.841666666666666430e+01,-5.247484812169535794e-03
2.843750000000000000e+01,-9.356607955558040104e-03
2.845833333333333215e+01,-1.001214548367714528e-02
2.847916666666666430e+01,2.270027183463138327e-03
2.850000000000000000e+01,1.139971237686269144e-02
2.852083333333333215e+01,6.156088217385892805e-03
2.854166666666666430e+01,3.055031204801755135e-03
2.856250000000000000e+01,1.315708985517479411e-02
2.858333333333333215e+01,2.027672045787059368e-02
2.860416666666666430e+01,1.305363267283731095e-02
2.862500000000000000e+01,8.233066599440693953e-03
2.864583333333333215e+01,1.639219416636691906e-02
2.866666666666666430e+01,2.128838960297252045e-02
2.868750000000000000e+01,1.231691213426693368e-02
2.870833333333333215e+01,5.682479485561861381e-03
2.872916666666666430e+01,1.240152222425991609e-02
2.875000000000000000e+01,1.587702659223758778e-02
2.877083333333333215e+01,5.579541988402584099e-03
2.879166666666666430e+01,-2.469691846407751600e-03
2.881250000000000000e+01,3.256416780120422079e-03
2.883333333333333215e+01,6.465829335779273504e-03
2.885416666666666430e+01,-3.698638031931200058e-03
2.887500000000000000e+01,-1.105478540055154432e-02
2.889583333333333215e+01,-4.337231090875688470e-03
2.891666666666666430e+01,9.788615104017300817e-05
2.893750000000000000e+01,-8.789724536230164934e-03
2.895833333333333215e+01,-1.441636677191274890e-02
2.897916666666666430e+01,-5.930579874698668590e-03
2.900000000000000000e+01,3.246942485974645457e-04
2.902083333333333215e+01,-6.728329710663977226e-03
2.904166666666666430e+01,-1.039612823742398946e-02
2.906250000000000000e+01,-1.108889577162016369e-03
2.908333333333333215e+01,5.277865834481055077e-03
2.910416666666666430e+01,-1.982372412156010316e-03
2.912500000000000000e+01,-6.563789836225863289e-03
2.914583333333333215e+01,2.162309253278061564e-03
2.916666666666666430e+01,8.045912440374508243e-03
2.918750000000000000e+01,2.031525327325478904e-04
2.920833333333333215e+01,-5.081946858251897882e-03
2.922916666666666430e+01,3.197668454359007748e-03
2.925000000000000000e+01,8.386795967850540004e-03
2.927083333333333215e+01,-4.473979303728861396e-04
2.929166666666666430e+01,-7.106264475615380570e-03
2.931250000000000000e+01,-5.231394605254355420e-04
2.933333333333333215e+01,2.701001949852380960e-03
2.935416666666666430e+01,-7.952888661949751928e-03
2.937500000000000000e+01,-1.642469893432844247e-02
2.939583333333333215e+01,-1.143198018294163884e-02
2.941666666666666430e+01,-9.231261395549751961e-03
2.943750000000000000e+01,-1.752683238027009580e-02
2.945833333333333215e+01,-2.104075423159635500e-02
2.947916666666666430e+01,-1.057670884536963084e-02
2.950000000000000000e+01,-2.417708257163865039e-03
2.952083333333333215e+01,-7.445027343284991474e-03
2.954166666666666430e+01,-8.986199610100170307e-03
2.956250000000000000e+01,2.872412052255869305e-03
2.958333333333333215e+01,1.200304794524626947e-02
2.960416666666666430e+01,7.799349783537563516e-03
2.962500000000000000e+01,6.303973829835945661e-03
2.964583333333333215e+01,1.100905420662195988e-02
2.966666666666666430e+01,8.394727982924655996e-03
2.968750000000000000e+01,2.160571379629867058e-03
2.970833333333333215e+01,5.402410019765709753e-03
2.972916666666666430e+01,5.528842936547772452e-03
2.975000000000000000e+01,-4.925751384112567188e-03
2.977083333333333215e+01,-1.071800666772360425e-02
2.979166666666666430e+01,-3.384902660997762130e-03
2.981250000000000000e+01,6.663357239940697696e-04
2.983333333333333215e+01,-9.580173812018527926e-03
2.985416666666666430e+01,-1.744453163147925701e-02
2.987500000000000000e+01,-1.231662406005563232e-02
2.989583333333333215e+01,-1.019517327975321720e-02
2.991666666666666430e+01,-1.529153863676740999e-02
2.993750000000000000e+01,-1.308065241736958845e-02
2.995833333333333215e+01,-4.558930310408926961e-03
2.997916666666666430e+01,-3.408412965516919874e-03
3.000000000000000000e+01,-6.626503580308329769e-03
3.002083333333333215e+01,-7.070025639391105563e-04
3.004166666666666430e+01,2.839213150678893127e-03
3.006250000000000000e+01,-5.228015939268407762e-03
3.008333333333333215e+01,-8.768384635984045536e-03
3.010416666666666430e+01,1.858072634301822547e-03
3.012500000000000000e+01,1.023539749630844771e-02
3.014583333333333215e+01,5.607220286415240916e-03
3.016666666666666430e+01,4.422069736154859987e-03
3.018750000000000000e+01,1.509248353100735469e-02
3.020833333333333215e+01,2.213296507846955127e-02
3.022916666666666430e+01,1.561526055599639536e-02
3.025000000000000000e+01,1.188029128355745298e-02
3.027083333333333215e+01,1.994392829279354601e-02
3.029166666666666430e+01,2.402414384962048982e-02
3.031250000000000000e+01,1.416823068464930120e-02
3.033333333333333215e+01,6.535179208621620314e-03
3.035416666666666430e+01,1.199764308719214988e-02
3.037500000000000000e+01,1.396647774312284943e-02
3.039583333333333215e+01,1.858454351521057323e-03
3.041666666666666430e+01,-8.004854382501308888e-03
3.043750000000000000e+01,-4.469158379473278306e-03
3.045833333333333215e+01,-4.098918548004128193e-03
3.047916666666666430e+01,-1.187391101923555327e-02
3.050000000000000000e+01,-1.327031211128420173e-02
3.052083333333333215e+01,-3.398073824800905678e-03
3.054166666666666430e+01,2.206655285069183178e-03
3.056250000000000000e+01,-5.313362827053473743e-03
3.058333333333333215e+01,-9.619336784745821309e-03
3.060416666666666430e+01,1.111829140092514300e-04
3.062500000000000000e+01,7.858579280785460072e-03
3.064583333333333215e+01,2.406489279023920225e-03
3.066666666666666430e+01,1.745005619993607988e-05
3.068750000000000000e+01,7.215729677911043860e-03
3.070833333333333215e+01,9.301061357751579453e-03
3.072916666666666430e+01,-2.164013662907656940e-03
3.075000000000000000e+01,-1.067167670800307430e-02
3.077083333333333215e+01,-5.790393130537582062e-03
3.079166666666666430e+01,-3.821811333114768453e-03
3.081250000000000000e+01,-1.312223203789517414e-02
3.083333333333333215e+01,-1.829710127739684472e-02
3.085416666666666430e+01,-1.024422718934262996e-02
3.087500000000000000e+01,-5.538962636469298845e-03
3.089583333333333215e+01,-1.486772207261640583e-02
3.091666666666666430e+01,-2.193947625744049196e-02
3.093750000000000000e+01,-1.570752774649260969e-02
3.095833333333333215e+01,-1.353194055368379424e-02
3.097916666666666430e+01,-2.285814759085295911e-02
3.100000000000000000e+01,-2.765105422283965775e-02
3.102083333333333215e+01,-1.834630818071660702e-02
3.104166666666666430e+01,-1.175301853194878239e-02
3.106250000000000000e+01,-1.862515857066651334e-02
3.108333333333333215e+01,-2.264804823449302271e-02
3.110416666666666430e+01,-1.272478380924334934e-02
3.112500000000000000e+01,-5.323776961461612264e-03
3.114583333333333215e+01,-1.118795769970897316e-02
3.116666666666666430e+01,-1.392991022260709789e-02
3.118750000000000000e+01,-2.529439405909745565e-03
3.120833333333333215e+01,6.857759372299172991e-03
3.122916666666666430e+01,3.008146555358640322e-03
3.125000000000000000e+01,2.542394086714455399e-03
3.127083333333333215e+01,1.259196768998283207e-02
3.129166666666666430e+01,1.794882809933913068e-02
3.131250000000000000e+01,9.917914502393579759e-03
3.133333333333333215e+01,5.086999794353438097e-03
3.135416666666666430e+01,1.393646798786313604e-02
3.137500000000000000e+01,1.998968677826527818e-02
3.139583333333333215e+01,1.219701471343829884e-02
3.141666666666666430e+01,6.816040524743743889e-03
3.143750000000000000e+01,1.462138328334464457e-02
3.145833333333333215e+01,1.899169908884339869e-02
3.147916666666666430e+01,9.394027451977949097e-03
3.150000000000000000e+01,2.113521428126520496e-03
3.152083333333333215e+01,8.205135387955232729e-03
3.154166666666666430e+01,1.099986175382214153e-02
3.156250000000000000e+01,-1.825917961293769827e-04
3.158333333333333215e+01,-9.016907304596755157e-03
3.160416666666666430e+01,-4.980433979257489589e-03
3.162500000000000000e+01,3.619478148913356664e-03
3.164583333333333215e+01,3.490498512208854622e-03
3.166666666666666430e+01,4.121704928452538282e-03
3.168750000000000000e+01,1.251883029260120010e-02
3.170833333333333215e+01,1.540144879473975131e-02
3.172916666666666430e+01,6.301579927043650040e-03
3.175000000000000000e+01,1.317400051531657451e-03
3.177083333333333215e+01,1.008878565639738552e-02
3.179166666666666430e+01,1.640775754890460778e-02
3.181250000000000000e+01,9.374572349263336421e-03
3.183333333333333215e+01,5.603968362518180375e-03
3.185416666666666430e+01,1.604035493066910054e-02
3.187500000000000000e+01,2.413269347403470752e-02
3.189583333333333215e+01,1.933557884356265980e-02
3.191666666666666430e+01,1.522118070931369541e-02
3.193750000000000000e+01,1.993266785959606560e-02
3.195833333333333215e+01,1.967469015040343785e-02
3.197916666666666430e+01,6.157920251919199797e-03
3.200000000000000000e+01,-4.677498473948550096e-03
3.202083333333332860e+01,-1.830788521733951258e-03
3.204166666666666430e+01,-1.773919792248343855e-03
3.206250000000000000e+01,-1.002263306358549926e-02
3.208333333333332860e+01,-1.191789621228072499e-02
3.210416666666666430e+01,-2.230899149146130071e-03
3.212500000000000000e+01,3.106295457190540003e-03
3.214583333333332860e+01,-5.743649082011935414e-03
3.216666666666666430e+01,-1.223899244652439273e-02
3.218750000000000000e+01,-5.767920782121595084e-03
3.220833333333332860e+01,-2.369971507117297604e-03
3.222916666666666430e+01,-1.313633091413724321e-02
3.225000000000000000e+01,-2.146633454467603008e-02
3.227083333333332860e+01,-1.648203023704531214e-02
3.229166666666666430e+01,-1.126572162217079343e-02
3.231250000000000000e+01,-1.619688844649928502e-02
3.233333333333332860e+01,-1.704707022397557864e-02
3.235416666666666430e+01,-3.929748124230374520e-03
3.237500000000000000e+01,7.009589915591504621e-03
3.239583333333332860e+01,5.123333685694162788e-03
3.241666666666666430e+01,6.441026722779076043e-03
3.243750000000000000e+01,2.182837976129145194e-02
3.245833333333332860e+01,3.475541971116506701e-02
3.247916666666666430e+01,3.465588727472228292e-02
3.250000000000000000e+01,3.131626560246072999e-02
3.252083333333332860e+01,3.781564237208052265e-02
3.254166666666666430e+01,4.165415636172895009e-02
3.256250000000000000e+01,3.184879833250498643e-02
3.258333333333332860e+01,2.451274419115223591e-02
3.260416666666666430e+01,3.051441585189733005e-02
3.262500000000000000e+01,3.332339476136142453e-02
3.264583333333332860e+01,2.190699732513666856e-02
3.266666666666666430e+01,1.273225631338536883e-02
3.268750000000000000e+01,1.650487322034908597e-02
3.270833333333332860e+01,1.719230366442782432e-02
3.272916666666666430e+01,3.628770936947631805e-03
3.275000000000000000e+01,-7.547370892620607064e-03
3.277083333333332860e+01,-5.495286436468514377e-03
3.279166666666666430e+01,-4.276418787127100191e-03
3.281250000000000000e+01,-1.161048589126594324e-02
3.283333333333332860e+01,-1.357620176741083755e-02
3.285416666666666430e+01,-2.227450393875447191e-03
3.287500000000000000e+01,6.499167627608871262e-03
3.289583333333332860e+01,1.975485480593380111e-03
3.291666666666666430e+01,6.062838071354671819e-04
3.293750000000000000e+01,6.773641600083458135e-03
3.295833333333332860e+01,6.269473636021223768e-03
3.297916666666666430e+01,-2.336264452005948084e-03
3.300000000000000000e+01,-4.613102561539081728e-03
3.302083333333332860e+01,3.938770984318770881e-03
3.304166666666666430e+01,7.835293574407049821e-03
3.306250000000000000e+01,-1.495678590288344314e-03
3.308333333333332860e+01,-8.037219129459144754e-03
3.310416666666666430e+01,-5.933898443097694987e-04
3.312500000000000000e+01,4.210012883773157910e-03
3.314583333333332860e+01,-4.647690163761272232e-03
3.316666666666666430e+01,-1.084620195783487541e-02
3.318750000000000000e+01,-3.403197407788037445e-03
3.320833333333332860e+01,8.071138048277525477e-04
3.322916666666666430e+01,-8.265077131071578084e-03
3.325000000000000000e+01,-1.428240206411261759e-02
3.327083333333332860e+01,-7.369613283659020436e-03
3.329166666666666430e+01,-3.663210690271070415e-03
3.331250000000000000e+01,-8.100958369978124643e-03
3.333333333333332860e+01,-6.034015887704271414e-03
3.335416666666666430e+01,4.521186221107387562e-03
3.337500000000000000e+01,9.340564186840795424e-03
3.339583333333332860e+01,5.855540116853913271e-04
3.341666666666666430e+01,-5.202135928405881779e-03
3.343750000000000000e+01,2.768063223661003640e-03
3.345833333333332860e+01,8.330855374427579077e-03
3.347916666666666430e+01,5.703124654775996180e-04
3.350000000000000000e+01,-3.935714466029091065e-03
3.352083333333332860e+01,5.772485910982321639e-03
3.354166666666666430e+01,1.304900768690461094e-02
3.356250000000000000e+01,7.343283764077431462e-03
3.358333333333332860e+01,4.774701862672663458e-03
3.360416666666666430e+01,1.616396595145050061e-02
3.362500000000000000e+01,2.490762140025983007e-02
3.364583333333332860e+01,2.047052538634160090e-02
3.366666666666666430e+01,1.744431162217590509e-02
3.368750000000000000e+01,2.257635150251175588e-02
3.370833333333332860e+01,2.182805915440017702e-02
3.372916666666666430e+01,9.744066790339525608e-03
3.375000000000000000e+01,1.661833242706357329e-03
3.377083333333332860e+01,6.595612058629254926e-03
3.379166666666666430e+01,8.235176038192154602e-03
3.381250000000000000e+01,-4.396399282931521581e-03
3.383333333333332860e+01,-1.461759598032167859e-02
3.385416666666666430e+01,-1.187363571068274573e-02
3.387500000000000000e+01,-7.519566679006101442e-03
3.389583333333332860e+01,-1.401836555539514272e-02
3.391666666666666430e+01,-1.772119870090576449e-02
3.393750000000000000e+01,-7.857354125780117646e-03
3.395833333333332860e+01,1.475356096993901862e-02
3.397916666666666430e+01,3.416491802535689265e-02
3.400000000000000000e+01,3.973303016713419789e-02
3.402083333333332860e+01,4.704006259124734329e-02
3.404166666666666430e+01,5.705468743931594450e-02
3.406250000000000000e+01,5.749457940386699245e-02
3.408333333333332860e+01,5.878312568312467346e-02
3.410416666666666430e+01,6.442735437574954871e-02
3.412500000000000000e+01,6.190124421605876920e-02
3.414583333333332860e+01,5.668254313557737761e-02
3.416666666666666430e+01,6.152843271019912269e-02
3.418750000000000000e+01,6.285554614733290801e-02
3.420833333333332860e+01,5.064266535734652380e-02
3.422916666666666430e+01,4.153562183047857653e-02
3.425000000000000000e+01,4.608398498841363017e-02
3.427083333333332860e+01,4.838148133977247106e-02
3.429166666666666430e+01,3.783616919830075365e-02
3.431250000000000000e+01,3.057343482041505536e-02
3.433333333333332860e+01,3.026721037421300706e-02
3.435416666666666430e+01,2.326756834899541826e-02
3.437500000000000000e+01,1.121953872374442836e-02
3.439583333333332860e+01,7.812904535682122648e-03
3.441666666666666430e+01,4.870718099638668419e-03
3.443750000000000000e+01,-6.779052087142888212e-03
3.445833333333332860e+01,-1.417729799062847698e-02
3.447916666666666430e+01,-8.861791233778898089e-03
3.450000000000000000e+01,-6.782681468069920103e-03
3.452083333333332860e+01,-1.632077630277934885e-02
3.454166666666666430e+01,-2.269565906011217216e-02
3.456250000000000000e+01,-1.589332889738814120e-02
3.458333333333332860e+01,-1.170071819972401221e-02
3.460416666666666430e+01,-1.906758169399357106e-02
3.462500000000000000e+01,-2.276237677544800525e-02
3.464583333333332860e+01,-1.300965333931593075e-02
3.466666666666666430e+01,-5.926342286939858400e-03
3.468750000000000000e+01,-1.331996081175469866e-02
3.470833333333332860e+01,-1.872539783343874290e-02
3.472916666666666430e+01,-1.083092583483365873e-02
3.475000000000000000e+01,-5.786582206067792354e-03
3.477083333333332860e+01,-1.013716689135019805e-02
3.479166666666666430e+01,-8.806393080111253602e-03
3.481250000000000000e+01,5.869470672403722875e-03
3.483333333333332860e+01,1.776186487930180719e-02
3.485416666666666430e+01,1.570418567924464215e-02
3.487500000000000000e+01,1.503784693902828450e-02
3.489583333333332860e+01,2.184561760081879869e-02
3.491666666666666430e+01,2.263230014141060648e-02
3.493750000000000000e+01,1.274214467092053826e-02
3.495833333333332860e+01,7.755373356250888466e-03
3.497916666666666430e+01,1.702327150425886337e-02
3.500000000000000000e+01,2.406263461287119071e-02
3.502083333333332860e+01,1.800160506820915399e-02
3.504166666666666430e+01,1.495397326303522963e-02
3.506250000000000000e+01,1.945536466345833618e-02
3.508333333333332860e+01,1.721538663144901379e-02
3.510416666666666430e+01,9.611462523146080796e-04
3.512500000000000000e+01,-1.295359621934353764e-02
3.514583333333332860e+01,-1.323218814757483146e-02
3.516666666666666430e+01,-1.573404693360638817e-02
3.518750000000000000e+01,-2.369581647400944083e-02
3.520833333333332860e+01,-2.364327392743129433e-02
3.522916666666666430e+01,-1.965036929535627502e-02
3.525000000000000000e+01,-2.587890523124022554e-02
3.527083333333332860e+01,-2.994081331978178107e-02
3.529166666666666430e+01,-2.032402894972866123e-02
3.531250000000000000e+01,-1.344615254703036486e-02
3.533333333333332860e+01,-2.081903165329930874e-02
3.535416666666666430e+01,-2.505354069787035440e-02
3.537500000000000000e+01,-1.518425537352268047e-02
3.539583333333332860e+01,-7.970435224673791397e-03
3.541666666666666430e+01,-1.419351105925796552e-02
3.543750000000000000e+01,-1.715232835267047062e-02
3.545833333333332860e+01,-5.987263327853913769e-03
3.547916666666666430e+01,2.717317797476397762e-03
3.550000000000000000e+01,-1.491349461877798698e-03
3.552083333333332860e+01,-2.623780782264038304e-03
3.554166666666666430e+01,9.597381482397389710e-03
3.556250000000000000e+01,1.883098075457331419e-02
3.558333333333332860e+01,1.466148294592136206e-02
3.560416666666666430e+01,1.272588593655119699e-02
3.562500000000000000e+01,1.806051906147356292e-02
3.564583333333332860e+01,1.642990894274344235e-02
3.566666666666666430e+01,7.674546945620870642e-03
3.568750000000000000e+01,5.872003167177174653e-03
3.570833333333332860e+01,1.063464841603469629e-02
3.572916666666666430e+01,7.750636850616781856e-03
3.575000000000000000e+01,1.717818770629672351e-03
3.577083333333332860e+01,6.383630487489384310e-03
3.579166666666666430e+01,7.658169466219023717e-03
3.581250000000000000e+01,-5.266236058704719565e-03
3.583333333333332860e+01,-1.548160931093920355e-02
3.585416666666666430e+01,-1.169052638022493457e-02
3.587500000000000000e+01,-8.670344807551766744e-03
3.589583333333332860e+01,-1.441081328301681286e-02
3.591666666666666430e+01,-1.497166040871747601e-02
3.593750000000000000e+01,-2.223789423149872234e-03
3.595833333333332860e+01,7.743694567844221915e-03
3.597916666666666430e+01,4.486734698630647292e-03
3.600000000000000000e+01,3.932441226716413066e-03
3.602083333333332860e+01,9.529273763836025243e-03
3.604166666666666430e+01,7.855264376590563244e-03
3.606250000000000000e+01,2.212118207081308161e-03
3.608333333333332860e+01,6.336372610035350197e-03
3.610416666666666430e+01,8.105623297068492369e-03
3.612500000000000000e+01,-3.550567730932046358e-03
3.614583333333332860e+01,-1.248778530243607569e-02
3.616666666666666430e+01,-7.528695940999943076e-03
3.618750000000000000e+01,-5.658357040985675067e-03
3.620833333333332860e+01,-1.190732193530812284e-02
3.622916666666666430e+01,-1.170548778499800636e-02
3.625000000000000000e+01,-1.067929504895457921e-03
3.627083333333332860e+01,4.446298990565570979e-03
3.629166666666666430e+01,-4.143932927752804612e-03
3.631250000000000000e+01,-1.027674141715168021e-02
3.633333333333332860e+01,-3.407470341274175269e-03
3.635416666666666430e+01,3.662081868769191868e-04
3.637500000000000000e+01,-7.474715825387345108e-03
3.639583333333332860e+01,-1.122001503600121748e-02
3.641666666666666430e+01,-1.158360248744212846e-02
3.643750000000000000e+01,-2.229577343666112182e-02
3.645833333333332860e+01,-3.066594024408823144e-02
3.647916666666666430e+01,-2.564296152504629694e-02
3.650000000000000000e+01,-2.361134877199240825e-02
3.652083333333332860e+01,-3.517880496184319639e-02
3.654166666666666430e+01,-4.400533317701088576e-02
3.656250000000000000e+01,-3.950252595460692490e-02
3.658333333333332860e+01,-3.253109900092232554e-02
3.660416666666666430e+01,-3.574153294037254319e-02
3.662500000000000000e+01,-3.684760040197172098e-02
3.664583333333332860e+01,-2.477923646829755661e-02
3.666666666666666430e+01,-1.605969754921877241e-02
3.668750000000000000e+01,-2.126089210686918710e-02
3.670833333333332860e+01,-2.416441119750828773e-02
3.672916666666666430e+01,-1.348813673832516269e-02
3.675000000000000000e+01,-5.701371306941034438e-03
3.677083333333332860e+01,-1.128723838843426544e-02
3.679166666666666430e+01,-1.395096828112819300e-02
3.681250000000000000e+01,-2.663894957599440266e-03
3.683333333333332860e+01,6.279181373663012856e-03
3.685416666666666430e+01,2.067140736784632300e-03
3.687500000000000000e+01,1.300149204685888257e-03
3.689583333333332860e+01,1.468726180762193467e-02
3.691666666666666430e+01,2.591276635764481681e-02
3.693750000000000000e+01,2.380767663897101830e-02
3.695833333333332860e+01,2.163129949559612630e-02
3.697916666666666430e+01,2.764324616597358189e-02
3.700000000000000000e+01,2.890707893080337459e-02
3.702083333333332860e+01,1.649188326739826210e-02
3.704166666666666430e+01,-6.558120077841489946e-03
3.706250000000000000e+01,-2.573162141638002387e-02
3.708333333333332860e+01,-3.226425026916311667e-02
3.710416666666666430e+01,-3.191290656772093060e-02
3.712500000000000000e+01,-3.825658617410163109e-02
3.714583333333332860e+01,-4.298703858868538341e-02
3.716666666666666430e+01,-3.569419033713893546e-02
3.718750000000000000e+01,-3.158838669803022692e-02
3.720833333333332860e+01,-4.094020872635698027e-02
3.722916666666666430e+01,-4.755838024363059219e-02
3.725000000000000000e+01,-4.001911453222707638e-02
3.727083333333332860e+01,-3.471548812081694246e-02
3.729166666666666430e+01,-4.287480507563326548e-02
3.731250000000000000e+01,-4.747512640756864494e-02
3.733333333333332860e+01,-3.784299298924097971e-02
3.735416666666666430e+01,-3.063424227402322675e-02
3.737500000000000000e+01,-3.482546165591265952e-02
3.739583333333332860e+01,-3.425706697239178783e-02
3.741666666666666430e+01,-1.986350800042472817e-02
3.743750000000000000e+01,-8.034369198080688543e-03
3.745833333333332860e+01,-9.966664290608426291e-03
3.747916666666666430e+01,-9.318765267293022472e-03
3.750000000000000000e+01,4.546580558855243051e-03
3.752083333333332860e+01,1.530203203795989578e-02
3.754166666666666430e+01,1.183098449338576205e-02
3.756250000000000000e+01,1.037350987221089330e-02
3.758333333333332860e+01,2.223100145238649308e-02
3.760416666666666430e+01,3.084863158994427881e-02
3.762500000000000000e+01,2.541900436935702612e-02
3.764583333333332860e+01,2.232449247891935690e-02
3.766666666666666430e+01,2.780507386902647537e-02
3.768750000000000000e+01,2.665228884566903447e-02
3.770833333333332860e+01,1.430236467489915189e-02
3.772916666666666430e+01,6.374372011199919141e-03
3.775000000000000000e+01,1.223346753215352398e-02
3.777083333333332860e+01,1.550087845475194882e-02
3.779166666666666430e+01,5.619490832562119495e-03
3.781250000000000000e+01,-1.070594214838834239e-03
3.783333333333332860e+01,6.283070005601540907e-03
3.785416666666666430e+01,1.167185867228715847e-02
3.787500000000000000e+01,3.902637700436967141e-03
3.789583333333332860e+01,-4.553537688439999965e-04
3.791666666666666430e+01,7.067664600933631393e-03
3.793750000000000000e+01,1.081871037664712022e-02
3.795833333333332860e+01,1.086878200319078055e-03
3.797916666666666430e+01,-5.549335195823136210e-03
3.800000000000000000e+01,1.217488918565214637e-03
3.802083333333332860e+01,5.034981072943111625e-03
3.804166666666666430e+01,-5.086772237598920395e-03
3.806250000000000000e+01,-1.285963705166097426e-02
3.808333333333332860e+01,-7.478158270582990416e-03
3.810416666666666430e+01,-5.518190748176210296e-03
3.812500000000000000e+01,-1.747728062609646763e-02
3.814583333333332860e+01,-2.715860353411465172e-02
3.816666666666666430e+01,-2.350227372059001535e-02
3.818750000000000000e+01,-1.812903459465132691e-02
3.820833333333332860e+01,-2.347966084849960680e-02
3.822916666666666430e+01,-2.640885919216874600e-02
3.825000000000000000e+01,-1.630953593808624758e-02
3.827083333333332860e+01,-9.337570360071956524e-03
3.829166666666666430e+01,-1.661421508376013587e-02
3.831250000000000000e+01,-2.161386078131034838e-02
3.833333333333332860e+01,-1.354621734703070901e-02
3.835416666666666430e+01,-8.567033084580760738e-03
3.837500000000000000e+01,-1.788707027357940710e-02
3.839583333333332860e+01,-2.451154253456899745e-02
3.841666666666666430e+01,-1.747120998543603282e-02
3.843750000000000000e+01,-1.299726961971399072e-02
3.845833333333332860e+01,-2.207649421604917020e-02
3.847916666666666430e+01,-2.818353680995591345e-02
3.850000000000000000e+01,-2.039918994743467398e-02
3.852083333333332860e+01,-1.500067593228257903e-02
3.854166666666666430e+01,-2.253984507846054988e-02
3.856250000000000000e+01,-2.687573460740463882e-02
3.858333333333332860e+01,-1.688677581193612220e-02
3.860416666666666430e+01,-9.222575226107077723e-03
3.862500000000000000e+01,-1.477046358201723579e-02
3.864583333333332860e+01,-1.735709276848205682e-02
3.866666666666666430e+01,-5.782954881272916493e-03
3.868750000000000000e+01,3.060454265972148164e-03
3.870833333333332860e+01,-1.712261216079262200e-03
3.872916666666666430e+01,-3.924917267166796488e-03
3.875000000000000000e+01,7.375317747725585599e-03
3.877083333333332860e+01,1.569956559061320284e-02
3.879166666666666430e+01,1.013483341596978400e-02
3.881250000000000000e+01,7.027461858729054482e-03
3.883333333333332860e+01,1.661150960935759910e-02
3.885416666666666430e+01,2.278167267810595961e-02
3.887500000000000000e+01,1.466615461767655816e-02
3.889583333333332860e+01,8.843112779502095011e-03
3.891666666666666430e+01,1.614689230482881793e-02
3.893750000000000000e+01,2.054554948715685975e-02
3.895833333333332860e+01,1.085563191206222883e-02
3.897916666666666430e+01,3.844759657198116350e-03
3.900000000000000000e+01,1.045990351463233631e-02
3.902083333333332860e+01,1.438853399677877606e-02
3.904166666666666430e+01,4.731684695253984482e-03
3.906250000000000000e+01,-1.750737796629077631e-03
3.908333333333332860e+01,5.824572194928722552e-03
3.910416666666666430e+01,1.128294657820764352e-02
3.912500000000000000e+01,4.144709031725386100e-03
3.914583333333332860e+01,-2.240767028892960786e-03
3.916666666666666430e+01,1.433388750723519007e-03
3.918750000000000000e+01,1.127860333103861395e-03
3.920833333333332860e+01,-1.214519487841594567e-02
3.922916666666666430e+01,-2.249437109961539144e-02
3.925000000000000000e+01,-1.893392780581639942e-02
3.927083333333332860e+01,-1.825252027280821823e-02
3.929166666666666430e+01,-2.664608712605476964e-02
3.931250000000000000e+01,-2.946205544670998933e-02
3.933333333333332860e+01,-1.885794598230675773e-02
3.935416666666666430e+01,-1.114115029168576132e-02
3.937500000000000000e+01,-1.731730944965556226e-02
3.939583333333332860e+01,-2.089711207163137338e-02
3.941666666666666430e+01,-1.148708390335155538e-02
3.943750000000000000e+01,-5.284183489887509487e-03
3.945833333333332860e+01,-1.315292329310647178e-02
3.947916666666666430e+01,-1.846277185453307906e-02
3.950000000000000000e+01,-1.068788949348230440e-02
3.952083333333332860e+01,-5.524723354423216951e-03
3.954166666666666430e+01,-1.384324842102647134e-02
3.956250000000000000e+01,-1.916813932701007250e-02
3.958333333333332860e+01,-1.069084917838658208e-02
3.960416666666666430e+01,-4.611408818086068506e-03
3.962500000000000000e+01,-1.178345427326822105e-02
3.964583333333332860e+01,-1.595581141908732417e-02
3.966666666666666430e+01,-6.032709327853027527e-03
3.968750000000000000e+01,1.469759381392214421e-03
3.970833333333332860e+01,-4.019383730525950132e-03
3.972916666666666430e+01,-6.385868091751216273e-03
3.975000000000000000e+01,5.365066812714258671e-03
3.977083333333332860e+01,1.452649963231995162e-02
3.979166666666666430e+01,1.037411412139923293e-02
3.981250000000000000e+01,8.800049395587063866e-03
3.983333333333332860e+01,2.016788581060252258e-02
3.985416666666666430e+01,2.834111930431021734e-02
3.987500000000000000e+01,2.274783661879195909e-02
3.989583333333332860e+01,4.209875326157786618e-03
3.991666666666666430e+01,-1.136378054720998954e-02
3.993750000000000000e+01,-1.329664501541145440e-02
3.995833333333332860e+01,-1.798013288406339130e-02
3.997916666666666430e+01,-3.253000768597968939e-02
4.000000000000000000e+01,-4.232755347093723752e-02
4.002083333333332860e+01,-3.889080756443623332e-02
4.004166666666666430e+01,-3.850208541245198068e-02
4.006250000000000000e+01,-4.709487851291434962e-02
4.008333333333332860e+01,-5.008473197678046246e-02
4.010416666666666430e+01,-4.017216369186678293e-02
4.012500000000000000e+01,-3.338072741145012290e-02
4.014583333333332860e+01,-4.080668819163093403e-02
4.016666666666666430e+01,-4.585978569130102350e-02
4.018750000000000000e+01,-3.776604988355855563e-02
4.020833333333332860e+01,-3.110470663468938024e-02
4.022916666666666430e+01,-3.303707563786097146e-02
4.025000000000000000e+01,-2.905473852053029951e-02
4.027083333333332860e+01,-1.380584171113977653e-02
4.029166666666666430e+01,-2.850824544590121763e-03
4.031250000000000000e+01,-5.340820354726454403e-03
4.033333333333332860e+01,-4.462022017575782359e-03
4.035416666666666430e+01,9.498592907788714138e-03
4.037500000000000000e+01,2.029691558009122029e-02
4.039583333333332860e+01,1.818645160321349236e-02
4.041666666666666430e+01,1.580840167714979774e-02
4.043750000000000000e+01,2.258144849669276380e-02
4.045833333333332860e+01,2.508066295869500195e-02
4.047916666666666430e+01,1.428637189769727499e-02
4.050000000000000000e+01,6.348683876940999782e-03
4.052083333333332860e+01,1.215512766542903647e-02
4.054166666666666430e+01,1.498603328526387606e-02
4.056250000000000000e+01,4.110493560383336742e-03
4.058333333333332860e+01,-4.286703511674020209e-03
4.060416666666666430e+01,-2.270501568090001979e-03
4.062500000000000000e+01,-5.234457971932165478e-03
4.064583333333332860e+01,-2.120825800787912163e-02
4.066666666666666430e+01,-3.409914076149171691e-02
4.068750000000000000e+01,-3.286694355944604767e-02
4.070833333333332860e+01,-3.087151267048273209e-02
4.072916666666666430e+01,-3.819602209854985192e-02
4.075000000000000000e+01,-4.085268040677560164e-02
4.077083333333332860e+01,-2.896322095186751322e-02
4.079166666666666430e+01,-1.927354016350628016e-02
4.081250000000000000e+01,-2.317253827266875857e-02
4.083333333333332860e+01,-2.397050125534456316e-02
4.085416666666666430e+01,-1.170689979183111781e-02
4.087500000000000000e+01,-2.866400573231656871e-03
4.089583333333332860e+01,-7.876979925704089003e-03
4.091666666666666430e+01,-9.943918578174459205e-03
4.093750000000000000e+01,7.868357404076074552e-04
4.095833333333332860e+01,8.101868469022482228e-03
4.097916666666666430e+01,1.547636231045741804e-03
4.100000000000000000e+01,-2.925420138320410438e-03
4.102083333333332860e+01,5.597093397030446747e-03
4.104166666666666430e+01,1.071260178793906684e-02
4.106250000000000000e+01,1.806659496701612739e-03
4.108333333333332860e+01,-4.889863255082354046e-03
4.110416666666666430e+01,1.791472173624352859e-03
4.112500000000000000e+01,5.210480798269297859e-03
4.114583333333332860e+01,-5.082800734521716185e-03
4.116666666666666430e+01,-1.263207162938625658e-02
4.118750000000000000e+01,-6.674146574613228251e-03
4.120833333333332860e+01,-3.488691658854750632e-03
4.122916666666666430e+01,-1.240019564564853391e-02
4.125000000000000000e+01,-1.740937643089320377e-02
4.127083333333332860e+01,-8.156945113467133773e-03
4.129166666666666430e+01,-8.024011151633280966e-04
4.131250000000000000e+01,-6.725533921364460974e-03
4.133333333333332860e+01,-9.418097710604374229e-03
4.135416666666666430e+01,1.864538866279333426e-03
4.137500000000000000e+01,1.103565924695341233e-02
4.139583333333332860e+01,6.772198841955415216e-03
4.141666666666666430e+01,5.537070488993500912e-03
4.143750000000000000e+01,1.692425618833816314e-02
4.145833333333332860e+01,2.492889430048612562e-02
4.147916666666666430e+01,1.893875618874699823e-02
4.150000000000000000e+01,1.533317146877029996e-02
4.152083333333332860e+01,2.250986575127914696e-02
4.154166666666666430e+01,2.490167941430290743e-02
4.156250000000000000e+01,1.316845371423228973e-02
4.158333333333332860e+01,3.614797918450539035e-03
4.160416666666666430e+01,7.383677257540530517e-03
4.162500000000000000e+01,7.691865373656683706e-03
4.164583333333332860e+01,-4.155610764506393641e-03
4.166666666666666430e+01,-1.243670945194288134e-02
4.168750000000000000e+01,-7.182785337136441718e-03
4.170833333333332860e+01,-4.927494301503005866e-03
4.172916666666666430e+01,-1.378660219066177653e-02
4.175000000000000000e+01,-1.818755597191054965e-02
4.177083333333332860e+01,-8.624863732019941165e-03
4.179166666666666430e+01,-1.388793404087290901e-03
4.181250000000000000e+01,-7.323154998433884302e-03
4.183333333333332860e+01,-9.782682516524006736e-03
4.185416666666666430e+01,1.824043584156604617e-03
4.187500000000000000e+01,1.117115763480054647e-02
4.189583333333332860e+01,7.213690050118986251e-03
4.191666666666666430e+01,5.359741676645540277e-03
4.193750000000000000e+01,1.031791319990747226e-02
4.195833333333332860e+01,8.732358656638223790e-03
4.197916666666666430e+01,6.916332183877460212e-04
4.200000000000000000e+01,1.903608466082454091e-04
4.202083333333332860e+01,4.775382687856086217e-03
4.204166666666666430e+01,1.030301993651972512e-03
4.206250000000000000e+01,-1.119933282751334538e-03
4.208333333333332860e+01,5.274547706777168998e-03
4.210416666666666430e+01,5.942777630631159921e-03
4.212500000000000000e+01,-4.992264810203487363e-03
4.214583333333332860e+01,-1.190122928786007707e-02
4.216666666666666430e+01,-5.751445988848765886e-03
4.218750000000000000e+01,-2.555016594693706837e-03
4.220833333333332860e+01,-1.302573852185527625e-02
4.222916666666666430e+01,-2.048768219378120994e-02
4.225000000000000000e+01,-1.432312694607684560e-02
4.227083333333332860e+01,-1.076292809116256681e-02
4.229166666666666430e+01,-1.562405767173430556e-02
4.231250000000000000e+01,-1.383384663930611706e-02
4.233333333333332860e+01,-2.295443758397371688e-03
4.235416666666666430e+01,3.938671758662679913e-03
4.237500000000000000e+01,-2.708510664373556080e-03
4.239583333333332860e+01,-6.016180100456423874e-03
4.241666666666666430e+01,4.816676188023200078e-03
4.243750000000000000e+01,1.317195758334571178e-02
4.245833333333332860e+01,8.544414459723878932e-03
4.247916666666666430e+01,6.820943289975474506e-03
4.250000000000000000e+01,1.479885702189367644e-02
4.252083333333332860e+01,1.710502993106777225e-02
4.254166666666666430e+01,5.634863682471781716e-03
4.256250000000000000e+01,-3.367857382551305446e-03
4.258333333333332860e+01,1.021282662995347951e-03
4.260416666666666430e+01,2.429384760090832866e-03
4.262500000000000000e+01,-6.979953394534194056e-03
4.264583333333332860e+01,-1.172717597218956784e-02
4.266666666666666430e+01,-3.501834216350555203e-03
4.268750000000000000e+01,1.511739077159475865e-03
4.270833333333332860e+01,-7.546043678620227395e-03
4.272916666666666430e+01,-1.402741603598612295e-02
4.275000000000000000e+01,-7.412628185528028803e-03
4.277083333333332860e+01,-3.369751176421484015e-03
4.279166666666666430e+01,-1.173687511997575060e-02
4.281250000000000000e+01,-1.735775355623921448e-02
4.283333333333332860e+01,-1.005800544761454793e-02
4.285416666666666430e+01,-5.879284324204646014e-03
4.287500000000000000e+01,-1.526788841222055659e-02
4.289583333333332860e+01,-2.255781349178893197e-02
4.291666666666666430e+01,-1.611888436557580920e-02
4.293750000000000000e+01,-1.211884631601508992e-02
4.295833333333332860e+01,-2.051840777290895798e-02
4.297916666666666430e+01,-2.555948007152036502e-02
4.300000000000000000e+01,-1.652665626777137520e-02
4.302083333333332860e+01,-9.802745987928901741e-03
4.304166666666666430e+01,-1.646579653636176879e-02
4.306250000000000000e+01,-2.000304190406794469e-02
4.308333333333332860e+01,-9.396293430703668917e-03
4.310416666666666430e+01,-9.970936271806530096e-04
4.312500000000000000e+01,-5.952580744541251419e-03
4.314583333333332860e+01,-7.431954892246846016e-03
4.316666666666666430e+01,5.064773955401826074e-03
4.318750000000000000e+01,1.514207780987199964e-02
4.320833333333332860e+01,1.162351836332633712e-02
4.322916666666666430e+01,1.103319665139454626e-02
4.325000000000000000e+01,1.646816285020819351e-02
4.327083333333332860e+01,1.402808947971247860e-02
4.329166666666666430e+01,8.613198849980048880e-03
4.331250000000000000e+01,1.277913401607482825e-02
4.333333333333332860e+01,1.374072780614978874e-02
4.335416666666666430e+01,1.103901567322836943e-03
4.337500000000000000e+01,-8.745267138582918723e-03
4.339583333333332860e+01,-5.548430913173732840e-03
4.341666666666666430e+01,-3.382674281796576969e-03
4.343750000000000000e+01,-1.007605022146106782e-02
4.345833333333332860e+01,-1.140212655611427990e-02
4.347916666666666430e+01,8.273470932784669600e-04
4.350000000000000000e+01,1.033139402556528842e-02
4.352083333333332860e+01,5.557367364849799367e-03
4.354166666666666430e+01,3.567272589493325485e-03
4.356250000000000000e+01,1.566728081916306595e-02
4.358333333333332860e+01,2.415664294768438136e-02
4.360416666666666430e+01,1.860518693225474487e-02
4.362500000000000000e+01,1.590536889936961309e-02
4.364583333333332860e+01,1.991437525704042519e-02
4.366666666666666430e+01,1.662492546217345102e-02
4.368750000000000000e+01,8.802946329753419744e-03
4.370833333333332860e+01,9.674939623130434860e-03
4.372916666666666430e+01,7.528297597913376563e-03
4.375000000000000000e+01,-2.130300795127718940e-04
4.377083333333332860e+01,1.919951700052604734e-04
4.379166666666666430e+01,1.653876561629888517e-03
4.381250000000000000e+01,-7.449389005148643501e-03
4.383333333333332860e+01,-1.300680252393212472e-02
4.385416666666666430e+01,-4.208966829734911604e-03
4.387500000000000000e+01,2.219489051358380059e-03
4.389583333333332860e+01,-4.333790409788296737e-03
4.391666666666666430e+01,-7.843823188074897437e-03
4.393750000000000000e+01,2.738551857535151488e-03
4.395833333333332860e+01,1.060834505324825643e-02
4.397916666666666430e+01,4.916841624497871738e-03
4.400000000000000000e+01,1.797195823378140971e-03
4.402083333333332860e+01,6.881782992941048310e-03
4.404166666666666430e+01,5.531246947232218956e-03
4.406250000000000000e+01,-5.075575065161653555e-03
4.408333333333332860e+01,-9.870841659232704873e-03
4.410416666666666430e+01,-1.531378501620006289e-03
4.412500000000000000e+01,3.623186235297063112e-03
4.414583333333332860e+01,-5.264203179918946346e-03
4.416666666666666430e+01,-1.163251703034658656e-02
4.418750000000000000e+01,-4.951010986024206341e-03
4.420833333333332860e+01,-1.310585355441741756e-03
4.422916666666666430e+01,-1.161323982613486801e-02
4.425000000000000000e+01,-1.950560031138921444e-02
4.427083333333332860e+01,-1.423224648695691971e-02
4.429166666666666430e+01,-1.060552723358105034e-02
4.431250000000000000e+01,-1.535762168238231570e-02
4.433333333333332860e+01,-1.392044962325005714e-02
4.435416666666666430e+01,-2.453853867662489797e-03
4.437500000000000000e+01,3.870785458088966784e-03
4.439583333333332860e+01,-2.612070093364492109e-03
4.441666666666666430e+01,-5.805693712151839027e-03
4.443750000000000000e+01,5.064224654002476289e-03
4.445833333333332860e+01,1.336786765157640423e-02
4.447916666666666430e+01,8.621138579581107478e-03
4.450000000000000000e+01,6.498798850693106310e-03
4.452083333333332860e+01,1.435850210381284936e-02
4.454166666666666430e+01,1.687637943440646604e-02
4.456250000000000000e+01,5.580863936267464742e-03
4.458333333333332860e+01,-3.281531103929558827e-03
4.460416666666666430e+01,1.174783378449242638e-03
4.462500000000000000e+01,2.317740029442144460e-03
4.464583333333332860e+01,-7.194741624434937942e-03
4.466666666666666430e+01,-1.190958086515093821e-02
4.468750000000000000e+01,-3.695425087335733275e-03
4.470833333333332860e+01,1.389183233732526820e-03
4.472916666666666430e+01,-7.658311076089088267e-03
4.475000000000000000e+01,-1.413034090750209769e-02
4.477083333333332860e+01,-7.257024769369909735e-03
4.479166666666666430e+01,-2.998684056609432144e-03
4.481250000000000000e+01,-1.186845821695737234e-02
4.483333333333332860e+01,-1.730563963951269393e-02
4.485416666666666430e+01,-8.757519381793558641e-03
4.487500000000000000e+01,-2.631965886523982261e-03
4.489583333333332860e+01,-9.487895379011504135e-03
4.491666666666666430e+01,-1.302223581147880956e-02
4.493750000000000000e+01,-2.301264056224557909e-03
4.495833333333332860e+01,6.021188618623811266e-03
4.497916666666666430e+01,1.324183147658307934e-03
4.500000000000000000e+01,-2.292807754969036185e-04
4.502083333333332860e+01,1.224830948724286127e-02
4.504166666666666430e+01,2.168340281032774680e-02
4.506250000000000000e+01,1.721915781183914335e-02
4.508333333333332860e+01,1.371258127784467061e-02
4.510416666666666430e+01,1.904671744571409184e-02
4.512500000000000000e+01,1.866310757528458902e-02
4.514583333333332860e+01,5.447055061898400594e-03
4.516666666666666430e+01,-4.518653103900989454e-03
4.518750000000000000e+01,-1.603371771432799504e-03
4.520833333333332860e+01,-1.842571511409414045e-03
4.522916666666666430e+01,-8.970205354676895684e-03
4.525000000000000000e+01,-8.802969665570658381e-03
4.527083333333332860e+01,-2.354048299029495254e-03
4.529166666666666430e+01,-3.244339280905940599e-03
4.531250000000000000e+01,-7.456136992099190487e-03
4.533333333333332860e+01,-1.725260440820676781e-03
4.535416666666666430e+01,1.484419267684467317e-03
4.537500000000000000e+01,-8.602921021677249758e-03
4.539583333333332860e+01,-1.569300187226247215e-02
4.541666666666666430e+01,-8.709470665633843589e-03
4.543750000000000000e+01,-3.873036197643105714e-03
4.545833333333332860e+01,-1.220927302075839639e-02
4.547916666666666430e+01,-1.703429087597365180e-02
4.550000000000000000e+01,-7.815005957042400059e-03
4.552083333333332860e+01,-8.935532601683049241e-04
4.554166666666666430e+01,-7.343822438928132405e-03
4.556250000000000000e+01,-1.055465844766298282e-02
4.558333333333332860e+01,-1.727339363732133162e-04
4.560416666666666430e+01,7.590483503011116566e-03
4.562500000000000000e+01,1.556597903723314124e-03
4.564583333333332860e+01,-1.936534531843931914e-03
4.566666666666666430e+01,7.921655804432934864e-03
4.568750000000000000e+01,1.485620025105053969e-02
4.570833333333332860e+01,7.815340698608109343e-03
4.572916666666666430e+01,3.060859108970368728e-03
4.575000000000000000e+01,1.154428408236351893e-02
4.577083333333332860e+01,2.331096070088631289e-02
4.579166666666666430e+01,2.558900151210538945e-02
4.581250000000000000e+01,2.915347382566019566e-02
4.583333333333332860e+01,3.815905310796394861e-02
4.585416666666666430e+01,4.030571090816807006e-02
4.587500000000000000e+01,3.464332760212023021e-02
4.589583333333332860e+01,3.524618472497519778e-02
4.591666666666666430e+01,4.115080424572033907e-02
4.593750000000000000e+01,3.897312636029705984e-02
4.595833333333332860e+01,3.210602958172556476e-02
4.597916666666666430e+01,3.368198767123471021e-02
4.600000000000000000e+01,3.329553813237776799e-02
4.602083333333332860e+01,2.073026272594120922e-02
4.604166666666666430e+01,1.131145442203765686e-02
4.606250000000000000e+01,1.570987818603223132e-02
4.608333333333332860e+01,1.787678542266255000e-02
4.610416666666666430e+01,6.916139169521491430e-03
4.612500000000000000e+01,-1.126117069395955175e-03
4.614583333333332860e+01,5.089106453963972675e-03
4.616666666666666430e+01,9.139334634143828420e-03
4.618750000000000000e+01,8.325968483147121863e-05
4.620833333333332860e+01,-5.930257300014274251e-03
4.622916666666666430e+01,2.304842208627799153e-03
4.625000000000000000e+01,8.092220521816344270e-03
4.627083333333332860e+01,6.453803518627104947e-04
4.629166666666666430e+01,-4.108172593707686525e-03
4.631250000000000000e+01,4.851333459562063959e-03
4.633333333333332860e+01,1.104416137270612663e-02
4.635416666666666430e+01,3.582670272802982066e-03
4.637500000000000000e+01,-1.483700894686985428e-03
4.639583333333332860e+01,6.056542487581075170e-03
4.641666666666666430e+01,1.006480714988754362e-02
4.643750000000000000e+01,1.408181880535294868e-02
4.645833333333332860e+01,2.582915281692543460e-02
4.647916666666666430e+01,3.155721472555264584e-02
4.650000000000000000e+01,2.352977681189373851e-02
4.652083333333332860e+01,1.784398134045762224e-02
4.654166666666666430e+01,2.548431085278329497e-02
4.656250000000000000e+01,2.983285362571653707e-02
4.658333333333332860e+01,2.027177871386127636e-02
4.660416666666666430e+01,1.322932772761207729e-02
4.662500000000000000e+01,1.928116159044909739e-02
4.664583333333332860e+01,2.225363837936304712e-02
4.666666666666666430e+01,1.314797184635005389e-02
4.668750000000000000e+01,7.924606942571759197e-03
4.670833333333332860e+01,1.580452381527453279e-02
4.672916666666666430e+01,2.104528849173788185e-02
4.675000000000000000e+01,1.272671669060045606e-02
4.677083333333332860e+01,7.149471824048340973e-03
4.679166666666666430e+01,1.521646627186194062e-02
4.681250000000000000e+01,2.089358895168434704e-02
4.683333333333332860e+01,1.334426109262685373e-02
4.685416666666666430e+01,8.989954609502567862e-03
4.687500000000000000e+01,1.899785896691450968e-02
4.689583333333332860e+01,2.681785258627183977e-02
4.691666666666666430e+01,2.163670238782631344e-02
4.693750000000000000e+01,1.495431324617239356e-02
4.695833333333332860e+01,1.950394974740617127e-02
4.697916666666666430e+01,2.168882478665920197e-02
4.700000000000000000e+01,1.062622479846855698e-02
4.702083333333332860e+01,2.375568527320714215e-03
4.704166666666666430e+01,7.948411698125001229e-03
4.706250000000000000e+01,1.056322733471991987e-02
4.708333333333332860e+01,-5.927304430261476397e-04
4.710416666666666430e+01,-2.529110043569661112e-02
4.712500000000000000e+01,-4.753330667173628205e-02
4.714583333333332860e+01,-5.673602541147256678e-02
4.716666666666666430e+01,-5.306006036984377283e-02
4.718750000000000000e+01,-5.273238024583641603e-02
4.720833333333332860e+01,-6.652974402152900257e-02
4.722916666666666430e+01,-7.778036638138528802e-02
4.725000000000000000e+01,-7.603921054174057892e-02
4.727083333333332860e+01,-6.483780943696378085e-02
4.729166666666666430e+01,-5.904466711008195257e-02
4.731250000000000000e+01,-6.337580621255675672e-02
4.733333333333332860e+01,-6.296843831880397091e-02
4.735416666666666430e+01,-4.850616378492286773e-02
4.737500000000000000e+01,-3.639320470701450788e-02
4.739583333333332860e+01,-3.777866748881372749e-02
4.741666666666666430e+01,-3.654299360588066786e-02
4.743750000000000000e+01,-2.149567654251833063e-02
4.745833333333332860e+01,-8.965971392556077585e-03
4.747916666666666430e+01,-9.831230067129695729e-03
4.750000000000000000e+01,-7.549590109775413706e-03
4.752083333333332860e+01,6.974922841506340891e-03
4.754166666666666430e+01,1.828720321271673152e-02
4.756250000000000000e+01,1.648251093619735458e-02
4.758333333333332860e+01,1.670262775559630541e-02
4.760416666666666430e+01,2.295528186969791537e-02
4.762500000000000000e+01,2.249921242457813414e-02
4.764583333333332860e+01,1.541597306214931469e-02
4.766666666666666430e+01,1.556089180362573918e-02
4.768750000000000000e+01,1.894645283716197767e-02
4.770833333333332860e+01,1.283501934644563393e-02
4.772916666666666430e+01,8.999781797289042179e-03
4.775000000000000000e+01,1.257884061120754376e-02
4.777083333333332860e+01,8.953992562966511110e-03
4.779166666666666430e+01,-8.642487493166003823e-04
4.781250000000000000e+01,-2.928284845554301238e-03
4.783333333333332860e+01,-5.247824227602507479e-04
4.785416666666666430e+01,-6.968908929995588572e-03
4.787500000000000000e+01,-1.114872587613698063e-02
4.789583333333332860e+01,-2.143354782118344574e-03
4.791666666666666430e+01,3.397443302249968967e-03
4.793750000000000000e+01,-4.825936582304108866e-03
4.795833333333332860e+01,-1.050008785838162442e-02
4.797916666666666430e+01,-2.422031186511288889e-03
4.800000000000000000e+01,3.023617800026315305e-03
4.802083333333332860e+01,-4.729941462696797203e-03
4.804166666666666430e+01,-9.379054682436320511e-03
4.806250000000000000e+01,-4.277286672636463228e-05
4.808333333333332860e+01,7.227786884790330345e-03
4.810416666666666430e+01,1.429492976161262155e-03
4.812500000000000000e+01,-1.206275433924158032e-03
4.814583333333332860e+01,2.819473462347517334e-03
4.816666666666666430e+01,-1.581636855097381228e-04
4.818750000000000000e+01,-7.204700877605267617e-03
4.820833333333332860e+01,-4.740150209238106274e-03
4.822916666666666430e+01,-4.748928924783121959e-03
4.825000000000000000e+01,-1.416894177271606908e-02
4.827083333333332860e+01,-1.814505764126542187e-02
4.829166666666666430e+01,-8.492471425239655688e-03
4.831250000000000000e+01,-1.954788047231052241e-03
4.833333333333332860e+01,-9.394463720607499485e-03
4.835416666666666430e+01,-1.447035747116754388e-02
4.837500000000000000e+01,-6.544634587973104795e-03
4.839583333333332860e+01,-1.740310304395469021e-03
4.841666666666666430e+01,-1.107044079829908566e-02
4.843750000000000000e+01,-1.797323436426264895e-02
4.845833333333332860e+01,-1.175990229728149372e-02
4.847916666666666430e+01,-8.492359457098100362e-03
4.850000000000000000e+01,-1.931571794309415099e-02
4.852083333333332860e+01,-2.728786832235096521e-02
4.854166666666666430e+01,-2.126472411659323727e-02
4.856250000000000000e+01,-1.763814348719000905e-02
4.858333333333332860e+01,-2.747818054325538994e-02
4.860416666666666430e+01,-3.379633738133844267e-02
4.862500000000000000e+01,-2.613784967823449060e-02
4.864583333333332860e+01,-2.127667764481965679e-02
