0.000000000000000000e+00,0.000000000000000000e+00
2.083333333333333218e-02,9.233712978502376378e-01
4.166666666666666435e-02,7.885879723040276623e-01
6.250000000000000000e-02,1.553111751033635635e-01
8.333333333333332871e-02,2.826009262218477369e-01
1.041666666666666574e-01,8.329904299355126440e-01
1.250000000000000000e-01,6.396828435139483293e-01
1.458333333333333148e-01,-3.711799368980672753e-02
1.666666666666666574e-01,-2.969588039450632433e-01
1.875000000000000000e-01,1.082703987757769326e-01
2.083333333333333148e-01,-3.837002084937979340e-02
2.291666666666666574e-01,-6.982929744730358435e-01
2.500000000000000000e-01,-5.637823438241158502e-01
2.708333333333333148e-01,8.591527009619936983e-02
2.916666666666666297e-01,-5.562207314489742149e-02
3.125000000000000000e-01,-6.905491846431501823e-01
3.333333333333333148e-01,-5.402773214166134430e-01
3.541666666666666297e-01,1.183550482330092413e-01
3.750000000000000000e-01,1.913349727615110130e-02
3.958333333333333148e-01,-6.154645457167525757e-01
4.166666666666666297e-01,-4.693374358222209830e-01
4.375000000000000000e-01,1.842221791752489124e-01
4.583333333333333148e-01,6.560735303271422736e-02
4.791666666666666297e-01,-5.989719219590292631e-01
5.000000000000000000e-01,-4.766794167341124044e-01
5.208333333333332593e-01,1.592029519124627535e-01
5.416666666666666297e-01,1.276404196787427059e-02
5.625000000000000000e-01,-5.399421445471369596e-01
5.833333333333332593e-01,-3.607107976803570759e-01
6.041666666666666297e-01,2.604297380905573611e-01
6.250000000000000000e-01,9.950467297771797837e-02
6.458333333333332593e-01,-2.581692548856482916e-01
6.666666666666666297e-01,4.273656642054513011e-02
6.875000000000000000e-01,5.415445634196479618e-01
7.083333333333332593e-01,3.067703179970193705e-01
7.291666666666666297e-01,-3.461145327577734854e-01
7.500000000000000000e-01,-2.309467112080529350e-01
7.708333333333332593e-01,4.368115495750033439e-01
7.916666666666666297e-01,2.980863947192779473e-01
8.125000000000000000e-01,-3.745857774065304291e-01
8.333333333333332593e-01,-2.348091996453082475e-01
8.541666666666666297e-01,4.550638503629660381e-01
8.750000000000000000e-01,3.382796780361405631e-01
8.958333333333332593e-01,-2.932168869181283610e-01
9.166666666666666297e-01,-1.501903497503982721e-01
9.375000000000000000e-01,5.093855508478483118e-01
9.583333333333332593e-01,3.755486384167326386e-01
9.791666666666666297e-01,-2.748874654927320194e-01
1.000000000000000000e+00,-1.677939117211355857e-01
1.020833333333333259e+00,4.625235091973421975e-01
1.041666666666666519e+00,3.188746717743405346e-01
1.062500000000000000e+00,-3.584197021369769365e-01
1.083333333333333259e+00,-2.609072962388024886e-01
1.104166666666666519e+00,3.595904799077760394e-01
1.125000000000000000e+00,2.126514760263293058e-01
1.145833333333333259e+00,-4.750722884384757094e-01
1.166666666666666519e+00,-3.679196162574266404e-01
1.187500000000000000e+00,2.630974342698692015e-01
1.208333333333333259e+00,1.232914847987722357e-01
1.229166666666666519e+00,-5.567837286445418421e-01
1.250000000000000000e+00,-4.219785122565109514e-01
1.270833333333333259e+00,2.373736201715540006e-01
1.291666666666666519e+00,1.146830843946514966e-01
1.312500000000000000e+00,-5.183818246157370080e-01
1.333333333333333259e+00,-3.642809040789577457e-01
1.354166666666666519e+00,3.028812287897617583e-01
1.375000000000000000e+00,1.864081093918280863e-01
1.395833333333333259e+00,-2.716215630761817934e-01
1.416666666666666519e+00,-7.976211398713295431e-03
1.437500000000000000e+00,6.745678682549253180e-01
1.458333333333333259e+00,5.585827030008473360e-01
1.479166666666666519e+00,-7.243387141858942391e-02
1.500000000000000000e+00,-8.915438960834394522e-02
1.520833333333333259e+00,3.937258213958566011e-01
1.541666666666666519e+00,2.015434084457800035e-01
1.562500000000000000e+00,-4.595273228099810425e-01
1.583333333333333259e+00,-3.401305182505760527e-01
1.604166666666666519e+00,3.013720502225701869e-01
1.625000000000000000e+00,1.470094203231533392e-01
1.645833333333333259e+00,-5.336511685455515019e-01
1.666666666666666519e+00,-4.192572819183241206e-01
1.687500000000000000e+00,1.985466100538250955e-01
1.708333333333333259e+00,1.726624905496998985e-01
1.729166666666666519e+00,-2.693869272388036418e-01
1.750000000000000000e+00,-4.606172126126242827e-02
1.770833333333333259e+00,5.883132027137289999e-01
1.791666666666666519e+00,4.636309924255792581e-01
1.812500000000000000e+00,-1.981000945986663431e-01
1.833333333333333259e+00,-5.012384566477910697e-02
1.854166666666666519e+00,3.128396555710056259e-01
1.875000000000000000e+00,-1.725090902028122986e-02
1.895833333333333259e+00,-4.185835048286230542e-01
1.916666666666666519e+00,-1.059050869764932012e-01
1.937500000000000000e+00,3.948965587663688659e-01
1.958333333333333259e+00,1.554763957996991852e-01
1.979166666666666519e+00,-4.655067813494279116e-01
2.000000000000000000e+00,-3.219776553532422980e-01
2.020833333333333037e+00,3.467614478528867616e-01
2.041666666666666519e+00,2.257886057772632016e-01
2.062500000000000000e+00,-4.206419374029565228e-01
2.083333333333333037e+00,-3.033724297252201052e-01
2.104166666666666519e+00,3.377889658136982165e-01
2.125000000000000000e+00,1.913452828520132709e-01
2.145833333333333037e+00,-4.822984555545284935e-01
2.166666666666666519e+00,-3.790166327896299370e-01
2.187500000000000000e+00,2.389894496172818572e-01
2.208333333333333037e+00,8.951365430907216869e-02
2.229166666666666519e+00,-3.051004329211104427e-01
2.250000000000000000e+00,-1.932255512040709222e-03
2.270833333333333037e+00,5.363123632662396556e-01
2.291666666666666519e+00,3.354914348715860584e-01
2.312500000000000000e+00,-3.439434885801256891e-01
2.333333333333333037e+00,-2.180787189105452550e-01
2.354166666666666519e+00,4.352512626764257764e-01
2.375000000000000000e+00,3.152894634181810374e-01
2.395833333333333037e+00,-3.300793993919085012e-01
2.416666666666666519e+00,-1.814673606115702609e-01
2.437500000000000000e+00,4.903813801211803214e-01
2.458333333333333037e+00,3.848637977527978871e-01
2.479166666666666519e+00,-2.338246491479164246e-01
2.500000000000000000e+00,-8.342232650912262404e-02
2.520833333333333037e+00,3.124110197520715282e-01
2.541666666666666519e+00,1.383316084271241087e-02
2.562500000000000000e+00,-5.415693022658306655e-01
2.583333333333333037e+00,-3.401980187921698207e-01
2.604166666666666519e+00,3.598123621247487636e-01
2.625000000000000000e+00,5.336900703555169656e-01
2.645833333333333037e+00,7.277654959544160862e-02
2.666666666666666519e+00,1.568870739573606232e-01
2.687500000000000000e+00,4.441533243235351591e-01
2.708333333333333037e+00,7.020914764890362481e-02
2.729166666666666519e+00,-2.539657542111851130e-01
2.750000000000000000e+00,1.015575001501825558e-01
2.770833333333333037e+00,1.263360507697237067e-01
2.791666666666666519e+00,-4.414652521432092525e-01
2.812500000000000000e+00,-3.383399592541017631e-01
2.833333333333333037e+00,3.033475811525511157e-01
2.854166666666666519e+00,1.370084242892982140e-01
2.875000000000000000e+00,-5.315246515909480829e-01
2.895833333333333037e+00,-4.130045983922913111e-01
2.916666666666666519e+00,2.420153987764465386e-01
2.937500000000000000e+00,1.060758797510883700e-01
2.958333333333333037e+00,-4.794002239507038077e-01
2.979166666666666519e+00,-2.990496016701436055e-01
3.000000000000000000e+00,3.689144827783863434e-01
3.020833333333333037e+00,2.615882983730972167e-01
3.041666666666666519e+00,-3.649708973157153591e-01
3.062500000000000000e+00,-1.977507281446064247e-01
3.083333333333333037e+00,4.768761001594226667e-01
3.104166666666666519e+00,3.712938827270028108e-01
3.125000000000000000e+00,-2.695591272387996007e-01
3.145833333333333037e+00,-1.115984898910121759e-01
3.166666666666666519e+00,3.273539784627615967e-01
3.187500000000000000e+00,5.237346583781393727e-02
3.208333333333333037e+00,-5.968075276249920069e-01
3.229166666666666519e+00,-4.637460024235883216e-01
3.250000000000000000e+00,1.675410658091445737e-01
3.270833333333333037e+00,1.520029972238810811e-02
3.291666666666666519e+00,-2.748140947196347494e-01
3.312500000000000000e+00,7.258192375121161333e-02
3.333333333333333037e+00,2.714401779317067165e-01
3.354166666666666519e+00,-1.722743422162776317e-01
3.375000000000000000e+00,-5.590637329075315298e-02
3.395833333333333037e+00,4.952440643029087375e-01
3.416666666666666519e+00,3.074063888990740123e-01
3.437500000000000000e+00,-3.609438960131869933e-01
3.458333333333333037e+00,-2.269337656046761798e-01
3.479166666666666519e+00,4.322353601511463861e-01
3.500000000000000000e+00,3.130572041972525255e-01
3.520833333333333037e+00,-3.301059272768577801e-01
3.541666666666666519e+00,-1.805599059140544638e-01
3.562500000000000000e+00,4.953447395225708538e-01
3.583333333333333037e+00,3.809624087596172881e-01
3.604166666666666519e+00,-2.362129227831032408e-01
3.625000000000000000e+00,-2.618326573150348002e-01
3.645833333333333037e+00,2.379821755432430241e-01
3.666666666666666519e+00,7.625730350672491054e-02
3.687500000000000000e+00,-5.590117215735852518e-01
3.708333333333333037e+00,-4.322518357152491664e-01
3.729166666666666519e+00,2.213671238096809324e-01
3.750000000000000000e+00,8.890176838235000489e-02
3.770833333333333037e+00,-5.690835304459889166e-01
3.791666666666666519e+00,-4.468681715946205557e-01
3.812500000000000000e+00,1.885586926900670590e-01
3.833333333333333037e+00,5.013455635545244204e-02
3.854166666666666519e+00,-2.462765682719605664e-01
3.875000000000000000e+00,1.187648942893068105e-01
3.895833333333333037e+00,3.058782374777192503e-01
3.916666666666666519e+00,-1.309955476371479910e-01
3.937500000000000000e+00,-1.960875185551314015e-02
3.958333333333333037e+00,5.897240582309343226e-01
3.979166666666666519e+00,4.186232440038270552e-01
4.000000000000000000e+00,-2.220362699699842679e-01
4.020833333333333037e+00,-7.856194181355211081e-02
4.041666666666666075e+00,5.862742554024633623e-01
4.062500000000000000e+00,4.725343022034307339e-01
4.083333333333333037e+00,-1.593567229154690956e-01
4.104166666666666075e+00,-1.964151411791116852e-01
4.125000000000000000e+00,2.597127845228973664e-01
4.145833333333333037e+00,9.782633663373407895e-02
4.166666666666666075e+00,-5.414598709467361992e-01
4.187500000000000000e+00,-3.892479287803193300e-01
4.208333333333333037e+00,2.688219673325804582e-01
4.229166666666666075e+00,1.442475387999658243e-01
4.250000000000000000e+00,-5.104412699460927350e-01
4.270833333333333037e+00,-3.737915780919440767e-01
4.291666666666666075e+00,2.570184301801232696e-01
4.312500000000000000e+00,1.048367314103126335e-01
4.333333333333333037e+00,-5.607273718032584897e-01
4.354166666666666075e+00,-4.624774038065824211e-01
4.375000000000000000e+00,1.603646947102609355e-01
4.395833333333333037e+00,2.567694280512702876e-01
4.416666666666666075e+00,-2.423088376780934694e-01
4.437500000000000000e+00,-1.392968162571854296e-01
4.458333333333333037e+00,4.999999765431819565e-01
4.479166666666666075e+00,3.413172151568957813e-01
4.500000000000000000e+00,-3.272159861564479799e-01
4.520833333333333037e+00,-2.056105269883884146e-01
4.541666666666666075e+00,4.261763780502014765e-01
4.562500000000000000e+00,2.805398711375405307e-01
4.583333333333333037e+00,-3.961958555173640817e-01
4.604166666666666075e+00,-2.744444918752558249e-01
4.625000000000000000e+00,3.573181820479225390e-01
4.645833333333333037e+00,2.295595326010779202e-01
4.666666666666666075e+00,-2.979215006521247489e-01
4.687500000000000000e+00,-6.519846587916761083e-02
4.708333333333333037e+00,6.014619063478559013e-01
4.729166666666666075e+00,4.841838759529244474e-01
4.750000000000000000e+00,-1.515973577756570545e-01
4.770833333333333037e+00,6.731790568737072711e-03
4.791666666666666075e+00,3.220582966037336403e-01
4.812500000000000000e+00,-3.879239607555828862e-02
4.833333333333333037e+00,-3.217602826144676520e-01
4.854166666666666075e+00,5.288912063697695509e-02
4.875000000000000000e+00,7.469736609088628576e-02
4.895833333333333037e+00,-4.668518699488439783e-01
4.916666666666666075e+00,-3.094873389588856938e-01
4.937500000000000000e+00,3.374564624965748494e-01
4.958333333333333037e+00,2.041615146405767467e-01
4.979166666666666075e+00,-4.534638201794295442e-01
5.000000000000000000e+00,-3.301829171141570929e-01
5.020833333333333037e+00,3.130812900324390080e-01
5.041666666666666075e+00,1.613526339895407780e-01
5.062500000000000000e+00,-5.202419818838309729e-01
5.083333333333333037e+00,-4.222157261464242195e-01
5.104166666666666075e+00,2.144350829366346578e-01
5.125000000000000000e+00,1.929533540163804461e-01
5.145833333333333037e+00,-2.246790003653762746e-01
5.166666666666666075e+00,-4.349474826278343365e-03
5.187500000000000000e+00,6.472880977896957599e-01
5.208333333333333037e+00,5.040348601322516275e-01
5.229166666666666075e+00,-1.348270311830852830e-01
5.250000000000000000e+00,-2.744050274968154457e-02
5.270833333333333037e+00,3.039686246937474134e-01
5.291666666666666075e+00,-1.283114515946104373e-02
5.312500000000000000e+00,-3.536524413592046501e-01
5.333333333333333037e+00,2.778559066124383636e-03
5.354166666666666075e+00,2.215065062678833185e-01
5.375000000000000000e+00,-1.823341895946981039e-01
5.395833333333333037e+00,-3.053299206260026710e-02
5.416666666666666075e+00,4.614527521513047681e-01
5.437500000000000000e+00,2.218833067503422907e-01
5.458333333333333037e+00,-4.233021344746591419e-01
5.479166666666666075e+00,-2.505423638809004538e-01
5.500000000000000000e+00,4.350448658118047929e-01
5.520833333333333037e+00,3.162645767476504055e-01
5.541666666666666075e+00,-3.337225249416356232e-01
5.562500000000000000e+00,-1.599113780289208309e-01
5.583333333333333037e+00,2.571605863344269549e-01
5.604166666666666075e+00,-4.756305212073147493e-02
5.625000000000000000e+00,-5.855406397920799311e-01
5.645833333333333037e+00,-3.785679099771080969e-01
5.666666666666666075e+00,2.407411425054409859e-01
5.687500000000000000e+00,8.074607138450294597e-02
5.708333333333333037e+00,-5.826581027157049508e-01
5.729166666666666075e+00,-4.891240834601294774e-01
5.750000000000000000e+00,1.376599850286877036e-01
5.770833333333333037e+00,2.574587977961483309e-01
5.791666666666666075e+00,-2.252760402653076477e-01
5.812500000000000000e+00,-1.159769210170742970e-01
5.833333333333333037e+00,5.352789410287150940e-01
5.854166666666666075e+00,3.951172607359466626e-01
5.875000000000000000e+00,-2.465520050673702113e-01
5.895833333333333037e+00,-1.049589574041645545e-01
5.916666666666666075e+00,5.630770452186386610e-01
5.937500000000000000e+00,4.495391825897727123e-01
5.958333333333333037e+00,-1.785554890894708591e-01
5.979166666666666075e+00,-7.715029214565399807e-02
6.000000000000000000e+00,2.436579346340590202e-01
6.020833333333333037e+00,-6.434693793398324480e-02
6.041666666666666075e+00,-3.883388821242720335e-01
6.062500000000000000e+00,-2.112629603888088736e-02
6.083333333333333037e+00,1.731966852709585780e-01
6.104166666666666075e+00,-2.534667666773565697e-01
6.125000000000000000e+00,-1.181553999387290610e-01
6.145833333333333037e+00,3.335432501847236386e-01
6.166666666666666075e+00,9.259478072731616716e-02
6.187500000000000000e+00,-5.407311418868496755e-01
6.208333333333333037e+00,-3.923773853703075298e-01
6.229166666666666075e+00,2.672181305082104719e-01
6.250000000000000000e+00,1.715133254568372845e-01
6.270833333333333037e+00,-4.792681915209189847e-01
6.291666666666666075e+00,-3.548591266470947914e-01
6.312500000000000000e+00,2.952385097211489562e-01
6.333333333333333037e+00,1.758045611517656814e-01
6.354166666666666075e+00,-5.008829305183543079e-01
6.375000000000000000e+00,-3.914856428466768068e-01
6.395833333333333037e+00,2.573245666230103423e-01
6.416666666666666075e+00,1.279661426387133094e-01
6.437500000000000000e+00,-2.120675163668772623e-01
6.458333333333333037e+00,1.224196799258766011e-01
6.479166666666666075e+00,5.008304760940770484e-01
6.500000000000000000e+00,1.600286613897859700e-01
6.520833333333333037e+00,-2.715339568666855774e-01
6.541666666666666075e+00,7.001838336054111434e-03
6.562500000000000000e+00,6.388213311961954410e-01
6.583333333333333037e+00,4.746378457790479954e-01
6.604166666666666075e+00,-1.983266474524654210e-01
6.625000000000000000e+00,-8.948689618789332223e-02
6.645833333333333037e+00,4.403102539277014005e-01
6.666666666666666075e+00,2.277416636475028400e-01
6.687500000000000000e+00,-4.608539263039264089e-01
6.708333333333333037e+00,-3.558218192076817998e-01
6.729166666666666075e+00,2.752170472848007310e-01
6.750000000000000000e+00,1.352336158861338067e-01
6.770833333333333037e+00,-5.396619203348897997e-01
6.791666666666666075e+00,-4.080564314016690841e-01
6.812500000000000000e+00,2.439163958907757668e-01
6.833333333333333037e+00,1.179679725429441800e-01
6.854166666666666075e+00,-3.420207926958787059e-01
6.875000000000000000e+00,-6.040792424982865949e-02
6.895833333333333037e+00,6.136383885429830265e-01
6.916666666666666075e+00,4.983800369682581666e-01
6.937500000000000000e+00,-1.211442303190591319e-01
6.958333333333333037e+00,-1.663084982876087414e-01
6.979166666666666075e+00,3.198531967504180673e-01
7.000000000000000000e+00,1.644508039110129660e-01
7.020833333333333037e+00,-4.613303581985936930e-01
7.041666666666666075e+00,-3.207101435681158907e-01
7.062500000000000000e+00,3.535765431611780363e-01
7.083333333333333037e+00,2.145043821243904636e-01
7.104166666666666075e+00,-4.501438794887442363e-01
7.125000000000000000e+00,-3.271243795683616007e-01
7.145833333333333037e+00,3.198328586079483005e-01
7.166666666666666075e+00,1.565113824645477103e-01
7.187500000000000000e+00,-5.246092834581291831e-01
7.208333333333333037e+00,-4.067795948731737776e-01
7.229166666666666075e+00,2.095282377037326060e-01
7.250000000000000000e+00,5.732147344636073782e-02
7.270833333333333037e+00,-3.197614087025961727e-01
7.291666666666666075e+00,-8.178097611671597544e-04
7.312500000000000000e+00,4.716454774505294267e-01
7.333333333333333037e+00,2.397303184464665282e-01
7.354166666666666075e+00,-4.067075228275998655e-01
7.375000000000000000e+00,-2.619629091421316058e-01
7.395833333333333037e+00,4.023229701794684976e-01
7.416666666666666075e+00,2.931124688103328713e-01
7.437500000000000000e+00,-3.354251088004622794e-01
7.458333333333333037e+00,-1.835018136784198894e-01
7.479166666666666075e+00,5.074952610642413653e-01
7.500000000000000000e+00,4.014737471066866514e-01
7.520833333333333037e+00,-2.246206587668962418e-01
7.541666666666666075e+00,-7.866829897276367278e-02
7.562500000000000000e+00,4.758529973683249259e-01
7.583333333333333037e+00,2.700877583454743269e-01
7.604166666666666075e+00,-3.704238617591122940e-01
7.625000000000000000e+00,-2.445545509689766028e-01
7.645833333333333037e+00,4.074650341435809842e-01
7.666666666666666075e+00,2.695326431119046684e-01
7.687500000000000000e+00,-3.845621521664262521e-01
7.708333333333333037e+00,-4.504770329883124313e-01
7.729166666666666075e+00,5.006698422102717067e-02
7.750000000000000000e+00,-1.101344404671916327e-01
7.770833333333333037e+00,-7.176002199875890497e-01
7.791666666666666075e+00,-5.486907179760749376e-01
7.812500000000000000e+00,6.943120801577112866e-02
7.833333333333333037e+00,1.009498177553316833e-01
7.854166666666666075e+00,-3.215550081383522496e-01
7.875000000000000000e+00,-1.056820403006827891e-01
7.895833333333333037e+00,5.469055529795383563e-01
7.916666666666666075e+00,4.357052054091092863e-01
7.937500000000000000e+00,-2.011330059190850061e-01
7.958333333333333037e+00,-5.312773701998005360e-02
7.979166666666666075e+00,5.670627491300130885e-01
8.000000000000000000e+00,4.196333682086750283e-01
8.020833333333332149e+00,-1.967997033821081432e-01
8.041666666666666075e+00,-4.372503184711329371e-02
8.062500000000000000e+00,3.206615900974282285e-01
8.083333333333332149e+00,-7.090681179152028002e-03
8.104166666666666075e+00,-3.804477497787512874e-01
8.125000000000000000e+00,-8.255323593828285678e-02
8.145833333333332149e+00,3.838347088950631036e-01
8.166666666666666075e+00,1.181759683028577035e-01
8.187500000000000000e+00,-5.424457414640377895e-01
8.208333333333332149e+00,-4.270207056542973945e-01
8.229166666666666075e+00,2.112054173313179239e-01
8.250000000000000000e+00,7.452691816559298132e-02
8.270833333333332149e+00,-2.692106139087007133e-01
8.291666666666666075e+00,7.271823175337341350e-02
8.312500000000000000e+00,3.778547427661689828e-01
8.333333333333332149e+00,1.880417527787655446e-02
8.354166666666666075e+00,-1.569099631630619662e-01
8.375000000000000000e+00,2.859213285095014712e-01
8.395833333333332149e+00,1.333259879785380631e-01
8.416666666666666075e+00,-4.142400770641270213e-01
8.437500000000000000e+00,-2.118254581586845597e-01
8.458333333333332149e+00,4.076807680198815120e-01
8.479166666666666075e+00,2.563548864173438857e-01
8.500000000000000000e+00,-4.192272653951289452e-01
8.520833333333332149e+00,-2.972263059409296915e-01
8.541666666666666075e+00,3.375767644343947160e-01
8.562500000000000000e+00,2.099316418079252289e-01
8.583333333333332149e+00,-3.248968401292711694e-01
8.604166666666666075e+00,-9.377563781431486056e-02
8.625000000000000000e+00,5.755265926503105867e-01
8.645833333333332149e+00,4.585027697259560497e-01
8.666666666666666075e+00,-1.741711201286502697e-01
8.687500000000000000e+00,-1.713351020759656951e-02
8.708333333333332149e+00,3.950055711111180035e-01
8.729166666666666075e+00,9.932802864027129308e-02
8.750000000000000000e+00,-5.252294188879930159e-01
8.770833333333332149e+00,-3.797175307065931982e-01
8.791666666666666075e+00,2.988859207365429649e-01
8.812500000000000000e+00,1.718421411040426394e-01
8.833333333333332149e+00,-4.765745332322563477e-01
8.854166666666666075e+00,-3.526299669978458784e-01
8.875000000000000000e+00,2.961788994824418042e-01
8.895833333333332149e+00,1.523662910614770327e-01
8.916666666666666075e+00,1.923791034792604326e-01
8.937500000000000000e+00,5.407907496152275506e-01
8.958333333333332149e+00,2.265730987914815753e-01
8.979166666666666075e+00,-3.172609254899579345e-01
9.000000000000000000e+00,-1.385863307264228461e-01
9.020833333333332149e+00,4.835092604330604171e-01
9.041666666666666075e+00,3.367893806893090813e-01
9.062500000000000000e+00,-3.177011970052319167e-01
9.083333333333332149e+00,-2.176494845211702223e-01
9.104166666666666075e+00,4.417327210976047525e-01
9.125000000000000000e+00,3.311784611939532774e-01
9.145833333333332149e+00,-3.236381798561736023e-01
9.166666666666666075e+00,-2.268063012762439601e-01
9.187500000000000000e+00,3.226363820540976701e-01
9.208333333333332149e+00,1.378120121034250856e-01
9.229166666666666075e+00,-5.158750457418712632e-01
9.250000000000000000e+00,-4.255400914960685843e-01
9.270833333333332149e+00,2.288012283208351594e-01
9.291666666666666075e+00,1.092863714927602148e-01
9.312500000000000000e+00,-5.594952373709390914e-01
9.333333333333332149e+00,-4.646850747330423248e-01
9.354166666666666075e+00,1.812609233920398633e-01
9.375000000000000000e+00,4.051283830557463050e-02
9.395833333333332149e+00,-6.280808846303770343e-01
9.416666666666666075e+00,-5.183824251384141490e-01
9.437500000000000000e+00,1.185087910711657977e-01
9.458333333333332149e+00,1.287445932241841617e-01
9.479166666666666075e+00,-3.070066243644279380e-01
9.500000000000000000e+00,-1.037680751467459084e-01
9.520833333333332149e+00,5.123621031449088203e-01
9.541666666666666075e+00,3.332924606167428916e-01
9.562500000000000000e+00,-3.557289866695813041e-01
9.583333333333332149e+00,-2.346152018121498151e-01
9.604166666666666075e+00,3.839476368828629305e-01
9.625000000000000000e+00,2.050304240436651715e-01
9.645833333333332149e+00,-4.229039060428212427e-01
9.666666666666666075e+00,-2.680936744294570850e-01
9.687500000000000000e+00,3.430611963589859092e-01
9.708333333333332149e+00,1.574199182027425648e-01
9.729166666666666075e+00,-1.416756715171930692e-01
9.750000000000000000e+00,2.282895916608276843e-01
9.770833333333332149e+00,3.060229050004318330e-01
9.791666666666666075e+00,-2.262435146087487803e-01
9.812500000000000000e+00,-1.311465183781450605e-01
9.833333333333332149e+00,4.968174737506395044e-01
9.854166666666666075e+00,3.240833361300153315e-01
9.875000000000000000e+00,-3.574999237867882984e-01
9.895833333333332149e+00,-2.505255821891129164e-01
9.916666666666666075e+00,3.813666205759951300e-01
9.937500000000000000e+00,2.171037609339097063e-01
9.958333333333332149e+00,-4.001556033072547480e-01
9.979166666666666075e+00,-2.597554420567549927e-01
1.000000000000000000e+01,3.593515760841036188e-01
1.002083333333333215e+01,1.916620429466175668e-01
1.004166666666666607e+01,-2.953039602523119811e-01
1.006250000000000000e+01,-6.707766608875359582e-02
1.008333333333333215e+01,5.652161031459602691e-01
1.010416666666666607e+01,4.080567584465279451e-01
1.012500000000000000e+01,-2.506470484681659894e-01
1.014583333333333215e+01,-1.414372085657102096e-01
1.016666666666666607e+01,5.067249159239164413e-01
1.018750000000000000e+01,3.753555237376335896e-01
1.020833333333333215e+01,-2.575720680512103566e-01
1.022916666666666607e+01,-1.722888786640600078e-01
1.025000000000000000e+01,2.176900817987620362e-01
1.027083333333333215e+01,-7.554642647910547737e-02
1.029166666666666607e+01,-5.647012226955846481e-01
1.031250000000000000e+01,-3.448555097366384214e-01
1.033333333333333215e+01,3.071816853571041062e-01
1.035416666666666607e+01,1.722789424091812904e-01
1.037500000000000000e+01,-4.641228176813892992e-01
1.039583333333333215e+01,-3.396082709971629532e-01
1.041666666666666607e+01,2.856476188245943293e-01
1.043750000000000000e+01,1.264094955665656106e-01
1.045833333333333215e+01,-5.502940395787557781e-01
1.047916666666666607e+01,-4.599112578691332276e-01
1.050000000000000000e+01,1.465739441793409426e-01
1.052083333333333215e+01,2.573594370734150205e-01
1.054166666666666607e+01,-2.206776754958445497e-01
1.056250000000000000e+01,-1.201331972671116077e-01
1.058333333333333215e+01,4.913675640791409505e-01
1.060416666666666607e+01,3.300501470273340399e-01
1.062500000000000000e+01,-3.420600241964523724e-01
1.064583333333333215e+01,-2.529297942175496861e-01
1.066666666666666607e+01,3.514539529081754932e-01
1.068750000000000000e+01,1.837610266573728168e-01
1.070833333333333215e+01,-3.477966796265848926e-01
1.072916666666666607e+01,-1.574115320043572019e-01
1.075000000000000000e+01,4.519343789021817992e-01
1.077083333333333215e+01,2.834508446709055884e-01
1.079166666666666607e+01,-3.952311961246301464e-01
1.081250000000000000e+01,-3.048066633574887385e-01
1.083333333333333215e+01,3.043000743850730605e-01
1.085416666666666607e+01,1.357650262595331836e-01
1.087500000000000000e+01,-2.133409773593935022e-01
1.089583333333333215e+01,1.007787062920798421e-01
1.091666666666666607e+01,4.094601415526155641e-01
1.093750000000000000e+01,3.605561653332724215e-02
1.095833333333333215e+01,-1.812245701181609547e-01
1.097916666666666607e+01,2.287212178637233473e-01
1.100000000000000000e+01,8.116443291519412351e-02
1.102083333333333215e+01,-3.473072499696842619e-01
1.104166666666666607e+01,-7.592106062967066138e-02
1.106250000000000000e+01,5.232106206738452725e-01
1.108333333333333215e+01,3.424836819845918923e-01
1.110416666666666607e+01,-3.493932030731959348e-01
1.112500000000000000e+01,-2.504187185349159295e-01
1.114583333333333215e+01,3.624163007867189368e-01
1.116666666666666607e+01,1.889514680455661177e-01
1.118750000000000000e+01,-5.008357370574761935e-01
1.120833333333333215e+01,-3.943576213315858059e-01
1.122916666666666607e+01,2.571508751479275601e-01
1.125000000000000000e+01,1.108716885835111382e-01
1.127083333333333215e+01,-5.386674333509483548e-01
1.129166666666666607e+01,-4.256799717059436272e-01
1.131250000000000000e+01,2.304348228916947572e-01
1.133333333333333215e+01,1.059505998229615387e-01
1.135416666666666607e+01,-4.149140036098981077e-01
1.137500000000000000e+01,-2.295166873773631377e-01
1.139583333333333215e+01,4.287963703573127727e-01
1.141666666666666607e+01,3.116138518454301121e-01
1.143750000000000000e+01,-3.402501131915190991e-01
1.145833333333333215e+01,-2.438826808693387582e-01
1.147916666666666607e+01,4.172181187188461760e-01
1.150000000000000000e+01,3.012166591726273546e-01
1.152083333333333215e+01,-3.493694979878563811e-01
1.154166666666666607e+01,-2.483021369936885270e-01
1.156250000000000000e+01,4.102112815836597148e-01
1.158333333333333215e+01,2.847929997081947162e-01
1.160416666666666607e+01,-3.650982760025754947e-01
1.162500000000000000e+01,-2.536671639689145330e-01
1.164583333333333215e+01,4.066767214168627298e-01
1.166666666666666607e+01,2.733349562904755503e-01
1.168750000000000000e+01,-3.724277559554554085e-01
1.170833333333333215e+01,-2.476241417306675463e-01
1.172916666666666607e+01,4.098636865821562170e-01
1.175000000000000000e+01,2.607950593838878062e-01
1.177083333333333215e+01,-3.514191560978859874e-01
1.179166666666666607e+01,-1.926291468984117072e-01
1.181250000000000000e+01,4.616931993888457320e-01
1.183333333333333215e+01,3.088571735058227574e-01
1.185416666666666607e+01,-3.440096258630276349e-01
1.187500000000000000e+01,-2.102162980033146777e-01
1.189583333333333215e+01,4.292042171097677494e-01
1.191666666666666607e+01,2.631521657155061478e-01
1.193750000000000000e+01,-3.951827375617273930e-01
1.195833333333333215e+01,-2.683363895751437189e-01
1.197916666666666607e+01,3.830385595883473160e-01
1.200000000000000000e+01,2.357568376973310786e-01
1.202083333333333215e+01,-4.043212735278282066e-01
1.204166666666666607e+01,-2.775414468924144451e-01
1.206250000000000000e+01,3.663774797331565414e-01
1.208333333333333215e+01,2.164917399016325628e-01
1.210416666666666607e+01,-3.780289267384572272e-01
1.212500000000000000e+01,-2.161468764352397209e-01
1.214583333333333215e+01,4.414535273699186080e-01
1.216666666666666607e+01,2.992133432266105841e-01
1.218750000000000000e+01,-3.462680783553556685e-01
1.220833333333333215e+01,-2.217023617522400625e-01
1.222916666666666607e+01,4.366335133529360979e-01
1.225000000000000000e+01,2.962951261736151976e-01
1.227083333333333215e+01,-3.509204781537769158e-01
1.229166666666666607e+01,-2.301861053389845368e-01
1.231250000000000000e+01,4.274309761027131893e-01
1.233333333333333215e+01,2.923249255006897251e-01
1.235416666666666607e+01,-3.538510118199095222e-01
1.237500000000000000e+01,-2.354353939893743253e-01
1.239583333333333215e+01,4.211762017413487325e-01
1.241666666666666607e+01,2.833798423549271361e-01
1.243750000000000000e+01,-3.645352697571252465e-01
1.245833333333333215e+01,-2.450182265517723001e-01
1.247916666666666607e+01,4.141153209491610365e-01
1.250000000000000000e+01,2.773848252202108511e-01
1.252083333333333215e+01,-3.686859913305410297e-01
1.254166666666666607e+01,-2.461591782734648681e-01
1.256250000000000000e+01,3.092037831394351399e-01
1.258333333333333215e+01,9.921438124797105074e-02
1.260416666666666607e+01,-5.473802548031154735e-01
1.262500000000000000e+01,-4.219757428070068928e-01
1.264583333333333215e+01,2.362771184811164882e-01
1.266666666666666607e+01,9.644357172192472016e-02
1.268750000000000000e+01,-5.469713897128313240e-01
1.270833333333333215e+01,-4.188902386655724008e-01
1.272916666666666607e+01,2.387999012040523394e-01
1.275000000000000000e+01,9.244594066403835630e-02
1.277083333333333215e+01,-4.044684465997643308e-01
1.279166666666666607e+01,-1.759307109709910555e-01
1.281250000000000000e+01,4.809154338643170656e-01
1.283333333333333215e+01,3.406367990279457469e-01
1.285416666666666607e+01,-2.948848906863940078e-01
1.287500000000000000e+01,-1.636378875334388028e-01
1.289583333333333215e+01,4.891774300137539666e-01
1.291666666666666607e+01,3.417164615056986765e-01
1.293750000000000000e+01,-3.007161950531804795e-01
1.295833333333333215e+01,-1.686470208974462093e-01
1.297916666666666607e+01,4.870493446303431062e-01
1.300000000000000000e+01,3.364053388420451540e-01
1.302083333333333215e+01,-3.088317355589687008e-01
1.304166666666666607e+01,-1.765750246992289219e-01
1.306250000000000000e+01,4.795393789672974805e-01
1.308333333333333215e+01,3.337010186798503586e-01
1.310416666666666607e+01,-3.162867845882892937e-01
1.312500000000000000e+01,-1.906608875324944941e-01
1.314583333333333215e+01,3.555402560887728214e-01
1.316666666666666607e+01,1.394764026960477743e-01
1.318750000000000000e+01,-5.080642366090771800e-01
1.320833333333333215e+01,-3.907908374432577658e-01
1.322916666666666607e+01,2.651253044754997013e-01
1.325000000000000000e+01,1.334011338789910517e-01
1.327083333333333215e+01,-5.159016985700939362e-01
1.329166666666666607e+01,-4.075464986550061397e-01
1.331250000000000000e+01,2.522200957257914045e-01
1.333333333333333215e+01,1.291703607885296701e-01
1.335416666666666607e+01,-4.995402177660185350e-01
1.337500000000000000e+01,-3.806847092327576565e-01
1.339583333333333215e+01,2.728634907077461813e-01
1.341666666666666607e+01,1.533248332650125334e-01
1.343750000000000000e+01,-1.998051282499127834e-01
1.345833333333333215e+01,1.059095934836578878e-01
1.347916666666666607e+01,5.109144381386225842e-01
1.350000000000000000e+01,2.032884585171407243e-01
1.352083333333333215e+01,-3.659845297551921339e-01
1.354166666666666607e+01,-1.866711783875684150e-01
1.356250000000000000e+01,4.702986585057183366e-01
1.358333333333333215e+01,3.230694788025837427e-01
1.360416666666666607e+01,-3.209045343757893631e-01
1.362500000000000000e+01,-1.740246298902521915e-01
1.364583333333333215e+01,4.981725725035185959e-01
1.366666666666666607e+01,3.440520338709325276e-01
1.368750000000000000e+01,-3.071833306543191866e-01
1.370833333333333215e+01,-1.701642002324695591e-01
1.372916666666666607e+01,4.872463123286882025e-01
1.375000000000000000e+01,3.360211495926078706e-01
1.377083333333333215e+01,-3.132922685822592812e-01
1.379166666666666607e+01,-1.797266110335341838e-01
1.381250000000000000e+01,4.679551087159259382e-01
1.383333333333333215e+01,3.113628852735178532e-01
1.385416666666666607e+01,-3.349565074174742918e-01
1.387500000000000000e+01,-2.087235196067731557e-01
1.389583333333333215e+01,2.505203683987007324e-01
1.391666666666666607e+01,-1.806705627690452509e-02
1.393750000000000000e+01,-6.649440487127356025e-01
1.395833333333333215e+01,-5.500714291647227361e-01
1.397916666666666607e+01,9.910898373972537589e-02
1.400000000000000000e+01,3.980377638724844069e-03
1.402083333333333215e+01,-3.292663260277385873e-01
1.404166666666666607e+01,-2.194243868060830049e-02
1.406250000000000000e+01,3.844995632156837373e-01
1.408333333333333215e+01,7.846228991628942384e-02
1.410416666666666607e+01,-4.198813320099863966e-01
1.412500000000000000e+01,-1.968146711154405704e-01
1.414583333333333215e+01,4.590464330208763322e-01
1.416666666666666607e+01,3.187457882671172471e-01
1.418750000000000000e+01,-3.293401213206210709e-01
1.420833333333333215e+01,-2.126773340988138417e-01
1.422916666666666607e+01,4.426559620893397717e-01
1.425000000000000000e+01,3.093607990950041353e-01
1.427083333333333215e+01,-3.380415622814461063e-01
1.429166666666666607e+01,-2.231402989079618038e-01
1.431250000000000000e+01,4.370578576244910640e-01
1.433333333333333215e+01,3.038843918123123045e-01
1.435416666666666607e+01,-3.445685318378065576e-01
1.437500000000000000e+01,-2.287721970685329398e-01
1.439583333333333215e+01,4.312290373563161250e-01
1.441666666666666607e+01,3.006975936637796831e-01
1.443750000000000000e+01,-3.449152529986169169e-01
1.445833333333333215e+01,-2.283804894252254858e-01
1.447916666666666607e+01,4.311250744279376268e-01
1.450000000000000000e+01,2.970374854913517826e-01
1.452083333333333215e+01,-3.511338005260002948e-01
1.454166666666666607e+01,-2.349438428727951000e-01
1.456250000000000000e+01,4.190026625255456882e-01
1.458333333333333215e+01,2.819863612946016951e-01
1.460416666666666607e+01,-3.644881220680118439e-01
1.462500000000000000e+01,-2.423746766374343387e-01
1.464583333333333215e+01,3.550859059458706390e-01
1.466666666666666607e+01,1.699654449943694690e-01
1.468750000000000000e+01,-4.759293651189631658e-01
1.470833333333333215e+01,-3.441836071985981960e-01
1.472916666666666607e+01,3.119887972130959142e-01
1.475000000000000000e+01,1.631389506109706955e-01
1.477083333333333215e+01,-4.888914575185102640e-01
1.479166666666666607e+01,-3.575935617418667389e-01
1.481250000000000000e+01,2.986762613415325784e-01
1.483333333333333215e+01,1.479583720027999316e-01
1.485416666666666607e+01,-4.978576658353729423e-01
1.487500000000000000e+01,-3.712290119716430414e-01
1.489583333333333215e+01,2.823665562541929352e-01
1.491666666666666607e+01,1.417712132633761057e-01
1.493750000000000000e+01,-4.593587412407463821e-01
1.495833333333333215e+01,-3.098279138736467209e-01
1.497916666666666607e+01,3.498768556955646480e-01
1.500000000000000000e+01,2.147162114795145571e-01
1.502083333333333215e+01,-3.001843419215148856e-01
1.504166666666666607e+01,-9.594149598571533044e-02
1.506250000000000000e+01,5.641851692975025090e-01
1.508333333333333215e+01,4.345777818607541310e-01
1.510416666666666607e+01,-2.130250303808727819e-01
1.512500000000000000e+01,-1.005851426293414425e-01
1.514583333333333215e+01,5.455910708775151274e-01
1.516666666666666607e+01,4.037930947931813175e-01
1.518750000000000000e+01,-2.548258887045723453e-01
1.520833333333333215e+01,-1.447031737582044064e-01
1.522916666666666607e+01,4.973174547719966254e-01
1.525000000000000000e+01,3.473831913945735206e-01
1.527083333333333215e+01,-2.985536549251706084e-01
1.529166666666666607e+01,-1.648596780155990871e-01
1.531250000000000000e+01,2.437607015419492318e-01
1.533333333333333215e+01,-8.095186475340543364e-02
1.535416666666666607e+01,-5.552980892043977157e-01
1.537500000000000000e+01,-2.973265448561647206e-01
1.539583333333333215e+01,3.278233520706420601e-01
1.541666666666666607e+01,1.508916112642262330e-01
1.543750000000000000e+01,-5.345461688206535333e-01
1.545833333333333215e+01,-4.204643548205901915e-01
1.547916666666666607e+01,1.907611462360790100e-01
1.550000000000000000e+01,1.260239235127615098e-02
1.552083333333333215e+01,-3.165451357047109893e-01
1.554166666666666607e+01,2.483423850079147233e-02
1.556250000000000000e+01,3.557058781106095524e-01
1.558333333333333215e+01,9.103065332255605435e-04
1.560416666666666607e+01,-2.069779304227374328e-01
1.562500000000000000e+01,2.070021134007147823e-01
1.564583333333333215e+01,6.857921827447532870e-02
1.566666666666666607e+01,-2.315762829377537579e-01
1.568750000000000000e+01,9.943524372385753596e-02
1.570833333333333215e+01,3.014082585559503258e-01
1.572916666666666607e+01,-1.381814068620678404e-01
1.575000000000000000e+01,-3.464077235782177244e-02
1.577083333333333215e+01,4.894878202208606810e-01
1.579166666666666607e+01,2.565738457806091555e-01
1.581250000000000000e+01,-4.339857156933154547e-01
1.583333333333333215e+01,-3.316106155340163841e-01
1.585416666666666607e+01,2.810786819400507563e-01
1.587500000000000000e+01,1.084646014335431674e-01
1.589583333333333215e+01,-3.920526530806511811e-01
1.591666666666666607e+01,-1.642762004035776824e-01
1.593750000000000000e+01,4.484181335717496442e-01
1.595833333333333215e+01,2.832017299591735870e-01
1.597916666666666607e+01,-4.034257688224047733e-01
1.600000000000000000e+01,-3.066851534135611179e-01
1.602083333333333215e+01,3.077555421573566208e-01
1.604166666666666430e+01,1.464357817250535598e-01
1.606250000000000000e+01,-3.211665104030184126e-01
1.608333333333333215e+01,-7.152050368009209291e-02
1.610416666666666430e+01,5.542692216878193356e-01
1.612500000000000000e+01,3.998341809559532445e-01
1.614583333333333215e+01,-2.908065356319782246e-01
1.616666666666666430e+01,-1.991838163596785227e-01
1.618750000000000000e+01,4.151540994349242064e-01
1.620833333333333215e+01,2.492931788041655994e-01
1.622916666666666430e+01,-4.425582348914606223e-01
1.625000000000000000e+01,-3.445573948934155251e-01
1.627083333333333215e+01,2.687540138176065518e-01
1.629166666666666430e+01,9.795218228980223651e-02
1.631250000000000000e+01,-4.947942864237903082e-01
1.633333333333333215e+01,-3.267571631383733299e-01
1.635416666666666430e+01,2.855407110341462440e-01
1.637500000000000000e+01,1.211342540211954866e-01
1.639583333333333215e+01,-3.419800823689245206e-01
1.641666666666666430e+01,-9.524785509309587062e-02
1.643750000000000000e+01,5.183934667943010943e-01
1.645833333333333215e+01,3.536530076522990673e-01
1.647916666666666430e+01,-3.398221836894207981e-01
1.650000000000000000e+01,-2.384975699546805772e-01
1.652083333333333215e+01,3.875473812515798366e-01
1.654166666666666430e+01,2.303205593297691645e-01
1.656250000000000000e+01,-4.618835088523681187e-01
1.658333333333333215e+01,-3.696051416788178612e-01
1.660416666666666430e+01,2.448033323343660472e-01
1.662500000000000000e+01,8.131820848645154864e-02
1.664583333333333215e+01,-2.352227842309274619e-01
1.666666666666666430e+01,1.110198573738734873e-01
1.668750000000000000e+01,3.107929026046524768e-01
1.670833333333333215e+01,-1.285824296535766353e-01
1.672916666666666430e+01,-3.101127157023294417e-02
1.675000000000000000e+01,4.801385027766840174e-01
1.677083333333333215e+01,2.352500061204904347e-01
1.679166666666666430e+01,-4.533554203972307572e-01
1.681250000000000000e+01,-3.569246205196155430e-01
1.683333333333333215e+01,2.661330458105402585e-01
1.685416666666666430e+01,9.439767296663378882e-02
1.687500000000000000e+01,-3.090354868028045154e-01
1.689583333333333215e+01,-1.963229435068825426e-02
1.691666666666666430e+01,5.088082063233343444e-01
1.693750000000000000e+01,2.677979764619499159e-01
1.695833333333333215e+01,-4.191740053758770679e-01
1.697916666666666430e+01,-3.093398433828821736e-01
1.700000000000000000e+01,3.244861269180670527e-01
1.702083333333333215e+01,1.513818526264177344e-01
1.704166666666666430e+01,-5.440653188738712176e-01
1.706250000000000000e+01,-4.464278007673866400e-01
1.708333333333333215e+01,1.807553175300865567e-01
1.710416666666666430e+01,2.614545014801480383e-01
1.712500000000000000e+01,-2.672697185264958364e-01
1.714583333333333215e+01,-1.722450083247121511e-01
1.716666666666666430e+01,4.567756213165139467e-01
1.718750000000000000e+01,2.965746454922290609e-01
1.720833333333333215e+01,-3.940156132336626871e-01
1.722916666666666430e+01,-2.977753590742451273e-01
1.725000000000000000e+01,3.282002603381835026e-01
1.727083333333333215e+01,1.568204698293013122e-01
1.729166666666666430e+01,-2.166372485098616019e-01
1.731250000000000000e+01,8.922371581040752786e-02
1.733333333333333215e+01,4.825659994910913020e-01
1.735416666666666430e+01,1.603759500691299411e-01
1.737500000000000000e+01,-3.873992073488147780e-01
1.739583333333333215e+01,-1.991249740773190502e-01
1.741666666666666430e+01,4.170794364140461563e-01
1.743750000000000000e+01,2.479437426738422823e-01
1.745833333333333215e+01,-4.319009033153495825e-01
1.747916666666666430e+01,-3.396976354917951024e-01
1.750000000000000000e+01,2.691557360769075147e-01
1.752083333333333215e+01,1.010858070766894878e-01
1.754166666666666430e+01,-2.405220552857094962e-01
1.756250000000000000e+01,7.483211385493725165e-02
1.758333333333333215e+01,3.693149250711697529e-01
1.760416666666666430e+01,-9.951013291928018090e-03
1.762500000000000000e+01,-1.647027671278058214e-01
1.764583333333333215e+01,2.793953893449883097e-01
1.766666666666666430e+01,1.232785167790041714e-01
1.768750000000000000e+01,-5.479520486278788294e-01
1.770833333333333215e+01,-4.434448044705036063e-01
1.772916666666666430e+01,1.624746365003901238e-01
1.775000000000000000e+01,1.673977319185521728e-01
1.777083333333333215e+01,-2.844426655872202003e-01
1.779166666666666430e+01,-1.010274303072966479e-01
1.781250000000000000e+01,5.090896052670036420e-01
1.783333333333333215e+01,3.282264101223809627e-01
1.785416666666666430e+01,-3.604024757283001978e-01
1.787500000000000000e+01,-2.489788177578253492e-01
1.789583333333333215e+01,3.613579780685368670e-01
1.791666666666666430e+01,1.768970197120017240e-01
1.793750000000000000e+01,-5.109436498227697410e-01
1.795833333333333215e+01,-3.956810383867473413e-01
1.797916666666666430e+01,2.141759398699776273e-01
1.800000000000000000e+01,2.179917910579862450e-01
1.802083333333333215e+01,-2.332146734545309796e-01
1.804166666666666430e+01,-4.338841231206627680e-02
1.806250000000000000e+01,5.738545617736626747e-01
1.808333333333333215e+01,3.996517072629021672e-01
1.810416666666666430e+01,-2.918548670206715379e-01
1.812500000000000000e+01,-1.937563211661044171e-01
1.814583333333333215e+01,4.202421994663531613e-01
1.816666666666666430e+01,2.558044499038880093e-01
1.818750000000000000e+01,-4.372670259913329360e-01
1.820833333333333215e+01,-3.483853183742776083e-01
1.822916666666666430e+01,2.676553245289314265e-01
1.825000000000000000e+01,1.132656776091633954e-01
1.827083333333333215e+01,-4.569469725201579791e-01
1.829166666666666430e+01,-2.745527105560388037e-01
1.831250000000000000e+01,3.559400238268297656e-01
1.833333333333333215e+01,2.241095824524479141e-01
1.835416666666666430e+01,-4.525947591974148754e-01
1.837500000000000000e+01,-3.232930661464004096e-01
1.839583333333333215e+01,3.380663234675537199e-01
1.841666666666666430e+01,2.278199801937389746e-01
1.843750000000000000e+01,-3.571857686840109736e-01
1.845833333333333215e+01,-1.699386981092437521e-01
1.847916666666666430e+01,5.510140832586852833e-01
1.850000000000000000e+01,4.477672785181032733e-01
1.852083333333333215e+01,-2.034106590666039938e-01
1.854166666666666430e+01,-5.020224610165022194e-02
1.856250000000000000e+01,6.070440008115149944e-01
1.858333333333333215e+01,4.906916188997992312e-01
1.860416666666666430e+01,-1.292067321790378309e-01
1.862500000000000000e+01,-2.935604071232932877e-01
1.864583333333333215e+01,1.868007714015457177e-01
1.866666666666666430e+01,9.923221330972209486e-02
1.868750000000000000e+01,-5.167796261662924717e-01
1.870833333333333215e+01,-3.578381148820085622e-01
1.872916666666666430e+01,3.360622926832011470e-01
1.875000000000000000e+01,2.484379692350583424e-01
1.877083333333333215e+01,-3.670930113439199172e-01
1.879166666666666430e+01,-2.085113487228767992e-01
1.881250000000000000e+01,3.045398575796870455e-01
1.883333333333333215e+01,9.681686683969142893e-02
1.885416666666666430e+01,-5.185046740701246826e-01
1.887500000000000000e+01,-3.594670577581525750e-01
1.889583333333333215e+01,3.343278084685200602e-01
1.891666666666666430e+01,2.463549076538307792e-01
1.893750000000000000e+01,-3.690973068047379568e-01
1.895833333333333215e+01,-2.100495281144114934e-01
1.897916666666666430e+01,3.870896327823388217e-01
1.900000000000000000e+01,2.346335995197790236e-01
1.902083333333333215e+01,-3.808026218894885462e-01
1.904166666666666430e+01,-2.214664373963412258e-01
1.906250000000000000e+01,3.812162955410048903e-01
1.908333333333333215e+01,2.320828697095724813e-01
1.910416666666666430e+01,-3.833064735841504866e-01
1.912500000000000000e+01,-2.234813743023180144e-01
1.914583333333333215e+01,2.469426054511181245e-01
1.916666666666666430e+01,1.261902294914268863e-02
1.918750000000000000e+01,-6.250363125407932818e-01
1.920833333333333215e+01,-4.950591526642334483e-01
1.922916666666666430e+01,1.143858376907290753e-01
1.925000000000000000e+01,1.255224690549922584e-01
1.927083333333333215e+01,-2.600124201777416211e-01
1.929166666666666430e+01,-2.608955631275111653e-02
1.931250000000000000e+01,5.367542724893594741e-01
1.933333333333333215e+01,3.380084410169756914e-01
1.935416666666666430e+01,-3.246431226470901099e-01
1.937500000000000000e+01,-1.951117185148660560e-01
1.939583333333333215e+01,4.193074075389203736e-01
1.941666666666666430e+01,2.980416354743471441e-01
1.943750000000000000e+01,-3.339549299033542917e-01
1.945833333333333215e+01,-1.984535001888474426e-01
1.947916666666666430e+01,4.578132448545388922e-01
1.950000000000000000e+01,3.531816438719194151e-01
1.952083333333333215e+01,-2.758243259372850087e-01
1.954166666666666430e+01,-1.267174624365842162e-01
1.956250000000000000e+01,5.604120307395936695e-01
1.958333333333333215e+01,4.485279936378774868e-01
1.960416666666666430e+01,-1.715216873697229250e-01
1.962500000000000000e+01,-1.740518032720697328e-01
1.964583333333333215e+01,2.753173385156368891e-01
1.966666666666666430e+01,7.002339146072583675e-02
1.968750000000000000e+01,-5.612394967319425110e-01
1.970833333333333215e+01,-4.423342636817925166e-01
1.972916666666666430e+01,1.957839617666541077e-01
1.975000000000000000e+01,5.379196790276218748e-02
1.977083333333333215e+01,-4.757852222835105005e-01
1.979166666666666430e+01,-2.795770350951337635e-01
1.981250000000000000e+01,3.446366018286727839e-01
1.983333333333333215e+01,1.907489383938520688e-01
1.985416666666666430e+01,-4.789830154817361629e-01
1.987500000000000000e+01,-3.681027616293944815e-01
1.989583333333333215e+01,2.851743106980978437e-01
1.991666666666666430e+01,1.694083513750191117e-01
1.993750000000000000e+01,-2.561254408670068372e-01
1.995833333333333215e+01,2.678267309442922128e-02
1.997916666666666430e+01,6.374881177486388939e-01
2.000000000000000000e+01,4.882175892273944440e-01
2.002083333333333215e+01,-1.549087416759049041e-01
2.004166666666666430e+01,1.307456966593226189e-02
2.006250000000000000e+01,2.987168189914494176e-01
2.008333333333333215e+01,-7.877101150031745602e-02
2.010416666666666430e+01,-2.337085730527894700e-01
2.012500000000000000e+01,2.489132800802819623e-01
2.014583333333333215e+01,1.093317593084196793e-01
2.016666666666666430e+01,-5.580212047441215351e-01
2.018750000000000000e+01,-4.341725773200431626e-01
2.020833333333333215e+01,2.061113513425717469e-01
2.022916666666666430e+01,4.172235856969743611e-02
2.025000000000000000e+01,-2.769217985895993661e-01
2.027083333333333215e+01,8.561976252195184489e-02
2.029166666666666430e+01,2.833998983014113793e-01
2.031250000000000000e+01,-1.476526518000042532e-01
2.033333333333333215e+01,-3.458539960933831175e-02
2.035416666666666430e+01,4.861312765004910386e-01
2.037500000000000000e+01,2.567008638207235460e-01
2.039583333333333215e+01,-3.891203457170202551e-01
2.041666666666666430e+01,-2.536638560774145956e-01
2.043750000000000000e+01,4.197531382425990776e-01
2.045833333333333215e+01,3.083495788809109683e-01
2.047916666666666430e+01,-3.324793798514824594e-01
2.050000000000000000e+01,-1.776958432336562255e-01
2.052083333333333215e+01,4.970471796958165211e-01
2.054166666666666430e+01,3.852613104311599646e-01
2.056250000000000000e+01,-2.607166194586313934e-01
2.058333333333333215e+01,-1.804558522717616409e-01
2.060416666666666430e+01,2.358655877484959751e-01
2.062500000000000000e+01,-2.853609759703235049e-02
2.064583333333333215e+01,-6.418638403597218822e-01
2.066666666666666430e+01,-4.631827539295795271e-01
2.068750000000000000e+01,1.708928315961055766e-01
2.070833333333333215e+01,1.550862414332493389e-02
2.072916666666666430e+01,-3.785423982795160791e-01
2.075000000000000000e+01,-9.620427792716623738e-02
2.077083333333333215e+01,4.941764158358752379e-01
2.079166666666666430e+01,3.240238970585954670e-01
2.081250000000000000e+01,-3.335844458291544190e-01
2.083333333333333215e+01,-2.373742313457699038e-01
2.085416666666666430e+01,3.954362432599853872e-01
2.087500000000000000e+01,2.475043707351318734e-01
2.089583333333333215e+01,-4.070666701387483655e-01
2.091666666666666430e+01,-2.871972566260692084e-01
2.093750000000000000e+01,3.753854741703637199e-01
2.095833333333333215e+01,2.487356594495626072e-01
2.097916666666666430e+01,-3.971508173860051061e-01
2.100000000000000000e+01,-2.576571736652829570e-01
2.102083333333333215e+01,4.109494052073182635e-01
2.104166666666666430e+01,3.048376123744856447e-01
2.106250000000000000e+01,-3.231842082042105102e-01
2.108333333333333215e+01,-1.601984454825329807e-01
2.110416666666666430e+01,5.076455378902458015e-01
2.112500000000000000e+01,3.995666007235071371e-01
2.114583333333333215e+01,-2.394852849682399254e-01
2.116666666666666430e+01,-8.643388408369909182e-02
2.118750000000000000e+01,2.632263181113752015e-01
2.120833333333333215e+01,-6.455118938217288549e-02
2.122916666666666430e+01,-4.235181097279490103e-01
2.125000000000000000e+01,-9.673585437837814438e-02
2.127083333333333215e+01,3.010921283082760302e-01
2.129166666666666430e+01,-4.893348481181350462e-03
2.131250000000000000e+01,-5.157824033161741983e-01
2.133333333333333215e+01,-2.900244049918013767e-01
2.135416666666666430e+01,3.704333628880651652e-01
2.137500000000000000e+01,2.097468318823153544e-01
2.139583333333333215e+01,-4.793929414663669064e-01
2.141666666666666430e+01,-3.720166648337124848e-01
2.143750000000000000e+01,2.755554698274947367e-01
2.145833333333333215e+01,1.248037214598308742e-01
2.147916666666666430e+01,-3.059897574275398657e-01
2.150000000000000000e+01,-2.538764709601598613e-02
2.152083333333333215e+01,6.223122944875232321e-01
2.154166666666666430e+01,4.863663999682049655e-01
2.156250000000000000e+01,-1.392656354030025190e-01
2.158333333333333215e+01,-4.331791435146656322e-02
2.160416666666666430e+01,2.922084122526535377e-01
2.162500000000000000e+01,6.174435485444967897e-03
2.164583333333333215e+01,-3.962325302864460053e-01
2.166666666666666430e+01,-8.973178441540745343e-02
2.168750000000000000e+01,3.998809880161363628e-01
2.170833333333333215e+01,1.736950782960268169e-01
2.172916666666666430e+01,-4.783477337217965086e-01
2.175000000000000000e+01,-3.397215448313936625e-01
2.177083333333333215e+01,3.012307352839671548e-01
2.179166666666666430e+01,1.585810981559012678e-01
2.181250000000000000e+01,-5.084767553497883119e-01
2.183333333333333215e+01,-3.948257981970837438e-01
2.185416666666666430e+01,2.301487861454430128e-01
2.187500000000000000e+01,6.426671732156796768e-02
2.189583333333333215e+01,-2.120629663553616207e-01
2.191666666666666430e+01,1.496918484397917470e-01
2.193750000000000000e+01,2.631011123662462259e-01
2.195833333333333215e+01,-2.388996843885582699e-01
2.197916666666666430e+01,-1.406645832094304271e-01
2.200000000000000000e+01,4.638951365578403707e-01
2.202083333333333215e+01,3.346452757652346177e-01
2.204166666666666430e+01,-3.112277503866557327e-01
2.206250000000000000e+01,-1.629847882915560764e-01
2.208333333333333215e+01,5.024160091731001421e-01
2.210416666666666430e+01,3.789811415193924393e-01
2.212500000000000000e+01,-2.609511168200658315e-01
2.214583333333333215e+01,-9.738492471268349326e-02
2.216666666666666430e+01,5.516586835848114045e-01
2.218750000000000000e+01,4.073160210434420003e-01
2.220833333333333215e+01,-2.081342826896979692e-01
2.222916666666666430e+01,-2.299140925493298182e-01
2.225000000000000000e+01,2.356548590682354671e-01
2.227083333333333215e+01,4.391596382052798120e-02
2.229166666666666430e+01,-6.077285130582466000e-01
2.231250000000000000e+01,-4.918606366211560887e-01
2.233333333333333215e+01,1.503020938859467859e-01
2.235416666666666430e+01,1.034221888493000452e-02
2.237500000000000000e+01,-4.950580138274807140e-01
2.239583333333333215e+01,-2.780706594233538498e-01
2.241666666666666430e+01,3.404445835844062684e-01
2.243750000000000000e+01,1.878072298092067771e-01
2.245833333333333215e+01,-4.981281815044196204e-01
2.247916666666666430e+01,-3.856622929014604240e-01
2.250000000000000000e+01,2.466878594665586621e-01
2.252083333333333215e+01,1.754749554961644586e-01
2.254166666666666430e+01,-2.338032826228356176e-01
2.256250000000000000e+01,4.623330802612554691e-02
2.258333333333333215e+01,5.972528378189270182e-01
2.260416666666666430e+01,4.134744676521541207e-01
2.262500000000000000e+01,-2.269367789425967008e-01
2.264583333333333215e+01,-8.297590404654259233e-02
2.266666666666666430e+01,5.787629778689629134e-01
2.268750000000000000e+01,4.714279273112595980e-01
2.270833333333333215e+01,-1.483043433315022752e-01
2.272916666666666430e+01,-2.614075857265159564e-01
2.275000000000000000e+01,1.265923109889784959e-01
2.277083333333333215e+01,-4.786103184301782054e-02
2.279166666666666430e+01,-6.305789952807016041e-01
2.281250000000000000e+01,-4.689985380051855945e-01
2.283333333333333215e+01,1.750252661483158723e-01
2.285416666666666430e+01,2.846944474653849422e-02
2.287500000000000000e+01,-4.764076134316371780e-01
2.289583333333333215e+01,-2.497894015390082212e-01
2.291666666666666430e+01,3.998765386520468645e-01
2.293750000000000000e+01,2.536945195980196965e-01
2.295833333333333215e+01,-4.049961284084906410e-01
2.297916666666666430e+01,-2.528651542555747644e-01
2.300000000000000000e+01,4.161556087677621418e-01
2.302083333333333215e+01,2.789758675898028062e-01
2.304166666666666430e+01,-3.424681139174722833e-01
2.306250000000000000e+01,-1.882054513645750882e-01
2.308333333333333215e+01,4.774456075123987286e-01
2.310416666666666430e+01,3.771671192638837433e-01
2.312500000000000000e+01,-2.468505803643270546e-01
2.314583333333333215e+01,-8.390693441507202088e-02
2.316666666666666430e+01,5.878857683145181090e-01
2.318750000000000000e+01,4.817345266836240425e-01
2.320833333333333215e+01,-1.608439466682943797e-01
2.322916666666666430e+01,-1.331030417476023742e-01
2.325000000000000000e+01,2.608509355062429425e-01
2.327083333333333215e+01,1.253610407619049072e-02
2.329166666666666430e+01,-5.596454830161023963e-01
2.331250000000000000e+01,-3.759318465167977297e-01
2.333333333333333215e+01,2.569953064505486884e-01
2.335416666666666430e+01,1.049916853749487539e-01
2.337500000000000000e+01,-5.374050823973938185e-01
2.339583333333333215e+01,-4.182550386664781183e-01
2.341666666666666430e+01,2.494771449329363511e-01
2.343750000000000000e+01,1.586877612446137842e-01
2.345833333333333215e+01,-2.217480794064059790e-01
2.347916666666666430e+01,6.522259855376411064e-02
2.350000000000000000e+01,5.478847090027048061e-01
2.352083333333333215e+01,2.863488358454019389e-01
2.354166666666666430e+01,-3.773555728567979384e-01
2.356250000000000000e+01,-2.506220189494862693e-01
2.358333333333333215e+01,4.067241567006382175e-01
2.360416666666666430e+01,2.821253413380496178e-01
2.362500000000000000e+01,-3.584289853092615941e-01
2.364583333333333215e+01,-2.052413313300992248e-01
2.366666666666666430e+01,4.781945707989558869e-01
2.368750000000000000e+01,3.799143895970493734e-01
2.370833333333333215e+01,-2.585809545395039710e-01
2.372916666666666430e+01,-9.234674353741031960e-02
2.375000000000000000e+01,4.287108742506930970e-01
2.377083333333333215e+01,2.089472052284293002e-01
2.379166666666666430e+01,-4.426058371416680126e-01
2.381250000000000000e+01,-2.991214296180644827e-01
2.383333333333333215e+01,3.367981897502227429e-01
2.385416666666666430e+01,1.880727827761895510e-01
2.387500000000000000e+01,-4.765460249462754594e-01
2.389583333333333215e+01,-3.721184665298476468e-01
2.391666666666666430e+01,2.544848051362629260e-01
2.393750000000000000e+01,9.348827662162853547e-02
2.395833333333333215e+01,-5.741833855642242135e-01
2.397916666666666430e+01,-4.640532674660405865e-01
2.400000000000000000e+01,1.771610883905563039e-01
2.402083333333333215e+01,1.390726973888325169e-01
2.404166666666666430e+01,-2.482542862641243520e-01
2.406250000000000000e+01,8.268930441117178232e-03
2.408333333333333215e+01,6.375659170312215629e-01
2.410416666666666430e+01,4.991872923870069867e-01
2.412500000000000000e+01,-1.239448369525281562e-01
2.414583333333333215e+01,-3.264849052737509028e-02
2.416666666666666430e+01,3.147738860927494220e-01
2.418750000000000000e+01,2.344503974728376350e-02
2.420833333333333215e+01,-4.291706585528772266e-01
2.422916666666666430e+01,-1.575934457631976149e-01
2.425000000000000000e+01,5.122240118833669698e-01
2.427083333333333215e+01,3.982364315975620017e-01
2.429166666666666430e+01,-2.477633285155587672e-01
2.431250000000000000e+01,-1.782093572121573044e-01
2.433333333333333215e+01,1.750077452172486003e-01
2.435416666666666430e+01,-1.197844694088523454e-01
2.437500000000000000e+01,-4.611554439776648362e-01
2.439583333333333215e+01,-1.221499657292308416e-01
2.441666666666666430e+01,2.267276696476047404e-01
2.443750000000000000e+01,-1.147751342933798768e-01
2.445833333333333215e+01,-3.486764372580234417e-01
2.447916666666666430e+01,3.420072841470567920e-02
2.450000000000000000e+01,7.366970366865480124e-02
2.452083333333333215e+01,-3.880522911405930309e-01
2.454166666666666430e+01,-2.109210798407193110e-01
2.456250000000000000e+01,4.174620756306225977e-01
2.458333333333333215e+01,2.863363929007501918e-01
2.460416666666666430e+01,-3.719770024956089993e-01
2.462500000000000000e+01,-2.279915457764239983e-01
2.464583333333333215e+01,4.373965505794484843e-01
2.466666666666666430e+01,3.167887725169670210e-01
2.468750000000000000e+01,-3.266361209344743055e-01
2.470833333333333215e+01,-1.642508915349629173e-01
2.472916666666666430e+01,5.213873969989102353e-01
2.475000000000000000e+01,4.031359784098436094e-01
2.477083333333333215e+01,-2.193285002066954759e-01
2.479166666666666430e+01,-6.845202015417993502e-02
2.481250000000000000e+01,2.575102308904910209e-01
2.483333333333333215e+01,-9.452958610529468841e-02
2.485416666666666430e+01,-7.693520148270529546e-01
2.487500000000000000e+01,-6.677493899482040973e-01
2.489583333333333215e+01,-1.973260021275030640e-02
2.491666666666666430e+01,2.837614508252866985e-02
2.493750000000000000e+01,-4.098728193676324794e-01
2.495833333333333215e+01,-1.670604731810589882e-01
2.497916666666666430e+01,5.153822201986852924e-01
2.500000000000000000e+01,3.745801069220594526e-01
2.502083333333333215e+01,-2.546589590783739365e-01
2.504166666666666430e+01,-1.196782840966267858e-01
2.506250000000000000e+01,4.967946370985929505e-01
2.508333333333333215e+01,3.498849955702205694e-01
2.510416666666666430e+01,-2.914146884922750869e-01
2.512500000000000000e+01,-1.957316908381857568e-01
2.514583333333333215e+01,4.317595742190931118e-01
2.516666666666666430e+01,3.023293277456973183e-01
2.518750000000000000e+01,-3.576693117027836544e-01
2.520833333333333215e+01,-2.558747626512203888e-01
2.522916666666666430e+01,3.656958464290583910e-01
2.525000000000000000e+01,2.116075776706760059e-01
2.527083333333333215e+01,-4.742158693954894311e-01
2.529166666666666430e+01,-3.603265845553671465e-01
2.531250000000000000e+01,2.628828957105964204e-01
2.533333333333333215e+01,1.255446755919632784e-01
2.535416666666666430e+01,-2.013227521030925282e-01
2.537500000000000000e+01,1.506641064308943678e-01
2.539583333333333215e+01,3.682553909022288074e-01
2.541666666666666430e+01,-3.212212042018979669e-02
2.543750000000000000e+01,-6.380117016194961632e-01
2.545833333333333215e+01,-6.767002525800018820e-01
2.547916666666666430e+01,-1.537196015928324333e-01
2.550000000000000000e+01,-2.661276739447224760e-01
2.552083333333333215e+01,-5.533312694041929714e-01
2.554166666666666430e+01,-1.807998486692941054e-01
2.556250000000000000e+01,3.043504712024888148e-01
2.558333333333333215e+01,5.612240779203536700e-02
2.560416666666666430e+01,-4.446911171448868494e-01
2.562500000000000000e+01,-2.360733804330908958e-01
2.564583333333333215e+01,4.041983081938682609e-01
2.566666666666666430e+01,2.709501026526831557e-01
2.568750000000000000e+01,-2.659579774234118732e-01
2.570833333333333215e+01,-9.054501778935430956e-02
2.572916666666666430e+01,5.379220064749410390e-01
2.575000000000000000e+01,3.991134733821050107e-01
2.577083333333333215e+01,-1.907357340021662573e-01
2.579166666666666430e+01,-3.809573206136263046e-02
2.581250000000000000e+01,5.833315648422119359e-01
2.583333333333333215e+01,4.366507899077542443e-01
2.585416666666666430e+01,-1.496362475438441364e-01
2.587500000000000000e+01,2.008385750015512228e-02
2.589583333333333215e+01,6.804910545661368992e-01
2.591666666666666430e+01,5.365401384975430066e-01
2.593750000000000000e+01,-1.724947541085451730e-01
2.595833333333333215e+01,-5.107576728779614217e-02
2.597916666666666430e+01,5.855213341304662533e-01
2.600000000000000000e+01,4.545324656673039865e-01
2.602083333333333215e+01,-1.970696450246617881e-01
2.604166666666666430e+01,-9.169734477430424580e-02
2.606250000000000000e+01,2.400186980547179272e-01
2.608333333333333215e+01,-7.714131846363636580e-02
2.610416666666666430e+01,-4.235946011621194440e-01
2.612500000000000000e+01,-7.644844654952048790e-02
2.614583333333333215e+01,2.221489662992926495e-01
2.616666666666666430e+01,-1.494209754519753575e-01
2.618750000000000000e+01,-2.855941784191715627e-01
2.620833333333333215e+01,1.866291062895057695e-01
2.622916666666666430e+01,7.558485826138280905e-02
2.625000000000000000e+01,-5.670190882578254321e-01
2.627083333333333215e+01,-4.168849537383929604e-01
2.629166666666666430e+01,2.286980506714849648e-01
2.631250000000000000e+01,8.980919935204885463e-02
2.633333333333333215e+01,-4.780453559813908071e-01
2.635416666666666430e+01,-2.950744737648280935e-01
2.637500000000000000e+01,3.355043291871301347e-01
2.639583333333333215e+01,1.752458333207872754e-01
2.641666666666666430e+01,-3.794214071796185861e-01
2.643750000000000000e+01,-2.012477786097519039e-01
2.645833333333333215e+01,4.318832704147526069e-01
2.647916666666666430e+01,2.704581302802298581e-01
2.650000000000000000e+01,-3.823289780338946509e-01
2.652083333333333215e+01,-2.576857893359938978e-01
2.654166666666666430e+01,3.941464278956783307e-01
2.656250000000000000e+01,1.034941343711605288e+00
2.658333333333333215e+01,9.198137406570411345e-01
2.660416666666666430e+01,2.838736860676939200e-01
2.662500000000000000e+01,4.232499288618739586e-01
2.664583333333333215e+01,8.637244868248422636e-01
2.666666666666666430e+01,6.151495034493306147e-01
2.668750000000000000e+01,-6.259537290370431606e-03
2.670833333333333215e+01,6.450791821399404213e-03
2.672916666666666430e+01,2.681572516250159133e-01
2.675000000000000000e+01,-6.117726534949641248e-02
2.677083333333333215e+01,-5.482847287496279698e-01
2.679166666666666430e+01,-3.120903678648534463e-01
2.681250000000000000e+01,3.085336184373919099e-01
2.683333333333333215e+01,1.445788209200689067e-01
2.685416666666666430e+01,-5.070279890266601308e-01
2.687500000000000000e+01,-4.609216404057618899e-01
2.689583333333333215e+01,-4.004203204043776942e-02
2.691666666666666430e+01,-3.103599203904052750e-01
2.693750000000000000e+01,-8.832473881675726446e-01
2.695833333333333215e+01,-7.066853245107765913e-01
2.697916666666666430e+01,-8.230912140555725343e-02
2.700000000000000000e+01,-2.323701313313032701e-01
2.702083333333333215e+01,-5.548378912097452487e-01
2.704166666666666430e+01,-2.023956343130373370e-01
2.706250000000000000e+01,2.243215912731135186e-01
2.708333333333333215e+01,-5.477245403212527286e-02
2.710416666666666430e+01,-5.386021419192134063e-01
2.712500000000000000e+01,-2.788592777840519510e-01
2.714583333333333215e+01,3.627064663871918948e-01
2.716666666666666430e+01,2.398150690583915057e-01
2.718750000000000000e+01,-4.024301910380875258e-01
2.720833333333333215e+01,-2.524613929443029758e-01
2.722916666666666430e+01,4.170550807457026887e-01
2.725000000000000000e+01,3.043120859145617141e-01
2.727083333333333215e+01,-3.166255633391024116e-01
2.729166666666666430e+01,-1.574037539689606691e-01
2.731250000000000000e+01,5.256263636065774403e-01
2.733333333333333215e+01,4.089600934617464989e-01
2.735416666666666430e+01,-2.126105530997503545e-01
2.737500000000000000e+01,-6.874236462006119708e-02
2.739583333333333215e+01,3.753391865417825546e-01
2.741666666666666430e+01,9.254095016088560721e-02
2.743750000000000000e+01,-5.399823731974662255e-01
2.745833333333333215e+01,-4.133948446660022369e-01
2.747916666666666430e+01,2.259130449403780050e-01
2.750000000000000000e+01,1.191115795964544088e-01
2.752083333333333215e+01,-2.311280758482421316e-01
2.754166666666666430e+01,7.409080535539364076e-02
2.756250000000000000e+01,4.519480627392870042e-01
2.758333333333333215e+01,1.416875522552992206e-01
2.760416666666666430e+01,-3.127865160032022862e-01
2.762500000000000000e+01,-4.885438693898602747e-02
2.764583333333333215e+01,5.785983522844345694e-01
2.766666666666666430e+01,4.400936830155777746e-01
2.768750000000000000e+01,-2.267695186071130298e-01
2.770833333333333215e+01,-9.261928026411607451e-02
2.772916666666666430e+01,4.840027059833422740e-01
2.775000000000000000e+01,3.123891919119343719e-01
2.777083333333333215e+01,-3.279765660998661403e-01
2.779166666666666430e+01,-1.766997656283665064e-01
2.781250000000000000e+01,3.940478472190003245e-01
2.783333333333333215e+01,2.157268838065684591e-01
2.785416666666666430e+01,-4.050383351237707430e-01
2.787500000000000000e+01,-2.569849041289345992e-01
2.789583333333333215e+01,3.633154730335512728e-01
2.791666666666666430e+01,2.054178939224035050e-01
2.793750000000000000e+01,-4.420084388221935390e-01
2.795833333333333215e+01,-1.077852012697322781e+00
2.797916666666666430e+01,-9.246999230933879987e-01
2.800000000000000000e+01,-2.305430081703216949e-01
2.802083333333333215e+01,-3.295198587532615075e-01
2.804166666666666430e+01,-7.248802366511689632e-01
2.806250000000000000e+01,-4.242334132636524924e-01
2.808333333333333215e+01,2.655707660423757277e-01
2.810416666666666430e+01,1.610589379363213114e-01
2.812500000000000000e+01,-4.742494264268277693e-01
2.814583333333333215e+01,-3.369702816859978523e-01
2.816666666666666430e+01,3.521256656320315148e-01
2.818750000000000000e+01,2.370103373548023695e-01
2.820833333333333215e+01,-8.441006550659990726e-02
2.822916666666666430e+01,2.965870128622667412e-01
2.825000000000000000e+01,6.117721559095709027e-01
2.827083333333333215e+01,2.572065401907559501e-01
2.829166666666666430e+01,7.531951753402932326e-02
2.831250000000000000e+01,5.448326749343401776e-01
2.833333333333333215e+01,4.151342110717216038e-01
2.835416666666666430e+01,-2.353158076436524526e-01
2.837500000000000000e+01,-1.149514396433192198e-01
2.839583333333333215e+01,5.289419344648161880e-01
2.841666666666666430e+01,3.817777730395943703e-01
2.843750000000000000e+01,-1.972379108826481930e-01
2.845833333333333215e+01,-3.146580134971704856e-02
2.847916666666666430e+01,5.895442880227336202e-01
2.850000000000000000e+01,4.382248892831785980e-01
2.852083333333333215e+01,-2.516939596548863345e-01
2.854166666666666430e+01,-1.488507366040386082e-01
2.856250000000000000e+01,4.848988152179058986e-01
2.858333333333333215e+01,3.417422689293984073e-01
2.860416666666666430e+01,-3.467082136815975435e-01
2.862500000000000000e+01,-2.313871715230376158e-01
2.864583333333333215e+01,3.916381232124588330e-01
2.866666666666666430e+01,2.350173809570688666e-01
2.868750000000000000e+01,-4.306309184978681648e-01
2.870833333333333215e+01,-3.184527671378434843e-01
2.872916666666666430e+01,3.225140514575066120e-01
2.875000000000000000e+01,1.668242096629282412e-01
2.877083333333333215e+01,-4.942792609840801488e-01
2.879166666666666430e+01,-3.863632240708960719e-01
2.881250000000000000e+01,2.748532140733523366e-01
2.883333333333333215e+01,1.540518026716248823e-01
2.885416666666666430e+01,-4.878944336501027101e-01
2.887500000000000000e+01,-3.530950736937765733e-01
2.889583333333333215e+01,3.224426068644410948e-01
2.891666666666666430e+01,2.128856276119613367e-01
2.893750000000000000e+01,-4.266053129889762485e-01
2.895833333333333215e+01,-2.700788273127640027e-01
2.897916666666666430e+01,4.073177710662758133e-01
2.900000000000000000e+01,3.002531579182143862e-01
2.902083333333333215e+01,-3.385451500445492146e-01
2.904166666666666430e+01,-1.760543292844805874e-01
2.906250000000000000e+01,4.457874556925747189e-01
2.908333333333333215e+01,3.065642597588674190e-01
2.910416666666666430e+01,-3.484914358385791111e-01
2.912500000000000000e+01,-2.199080363553529427e-01
2.914583333333333215e+01,4.188527562961883444e-01
2.916666666666666430e+01,2.824129529806294614e-01
2.918750000000000000e+01,-3.764524755668141598e-01
2.920833333333333215e+01,-2.536847707672533758e-01
2.922916666666666430e+01,3.974215350053235118e-01
2.925000000000000000e+01,2.490781206475935483e-01
2.927083333333333215e+01,-4.240413071147244861e-01
2.929166666666666430e+01,-3.196255941716397153e-01
2.931250000000000000e+01,3.159900007243173770e-01
2.933333333333333215e+01,1.547587876981351973e-01
2.935416666666666430e+01,-5.113867493665023023e-01
2.937500000000000000e+01,-4.066468930741771182e-01
2.939583333333333215e+01,2.396505000665665741e-01
2.941666666666666430e+01,1.056345017948105702e-01
2.943750000000000000e+01,-3.981874072665765318e-01
2.945833333333333215e+01,-1.686682488636604416e-01
2.947916666666666430e+01,5.022741785388827873e-01
2.950000000000000000e+01,3.916320282338767167e-01
2.952083333333333215e+01,-2.413113161338140689e-01
2.954166666666666430e+01,-7.397626880712858399e-02
2.956250000000000000e+01,5.692133597930899569e-01
2.958333333333333215e+01,4.382705228635391803e-01
2.960416666666666430e+01,-2.017775117620178860e-01
2.962500000000000000e+01,-7.177804577767765704e-02
2.964583333333333215e+01,2.258438580857286826e-01
2.966666666666666430e+01,-1.254876587374705865e-01
2.968750000000000000e+01,-2.992395169581498759e-01
2.970833333333333215e+01,1.556082547265204563e-01
2.972916666666666430e+01,6.068780005539009537e-03
2.975000000000000000e+01,-5.018205273916962472e-01
2.977083333333333215e+01,-2.780282536133297788e-01
2.979166666666666430e+01,3.519889923228404216e-01
2.981250000000000000e+01,1.944594424796079468e-01
2.983333333333333215e+01,-4.918324577286047328e-01
2.985416666666666430e+01,-3.774891753341149681e-01
2.987500000000000000e+01,2.461395634283339851e-01
2.989583333333333215e+01,1.018296374545159255e-01
2.991666666666666430e+01,-2.446255371366812537e-01
2.993750000000000000e+01,1.061225385310954339e-01
2.995833333333333215e+01,4.090426611341117513e-01
2.997916666666666430e+01,5.522483255481634018e-02
3.000000000000000000e+01,-1.544683495099876680e-01
3.002083333333333215e+01,2.841360487857225170e-01
3.004166666666666430e+01,1.702183543016641820e-01
3.006250000000000000e+01,-3.872269963174704843e-01
3.008333333333333215e+01,-1.699376974423505993e-01
3.010416666666666430e+01,5.100699489737217096e-01
3.012500000000000000e+01,4.021115933763179662e-01
3.014583333333333215e+01,-2.221525060748739122e-01
3.016666666666666430e+01,-5.688722641249828460e-02
3.018750000000000000e+01,5.121798621529197737e-01
3.020833333333333215e+01,3.379431142781854636e-01
3.022916666666666430e+01,-3.128498170787115118e-01
3.025000000000000000e+01,-1.792785250770692340e-01
3.027083333333333215e+01,3.870545764433324654e-01
3.029166666666666430e+01,1.958503467276933030e-01
3.031250000000000000e+01,-4.730838319186170260e-01
3.033333333333333215e+01,-3.663864708493286826e-01
3.035416666666666430e+01,2.621982661713854190e-01
3.037500000000000000e+01,9.450406348467357831e-02
3.039583333333333215e+01,-5.811851227968860556e-01
3.041666666666666430e+01,-4.734388192330736267e-01
3.043750000000000000e+01,1.697134081453454679e-01
3.045833333333333215e+01,1.777151191051920542e-02
3.047916666666666430e+01,-3.731996386191084314e-01
3.050000000000000000e+01,-6.702725241833512593e-02
3.052083333333333215e+01,4.738674377511982172e-01
3.054166666666666430e+01,2.690269972737642790e-01
3.056250000000000000e+01,-3.609608693818875391e-01
3.058333333333333215e+01,-2.066867499692326970e-01
3.060416666666666430e+01,4.670649455402434702e-01
3.062500000000000000e+01,3.718750256052579806e-01
3.064583333333333215e+01,-2.617003200845539057e-01
3.066666666666666430e+01,-1.146738826955512325e-01
3.068750000000000000e+01,3.455174218421331878e-01
3.070833333333333215e+01,1.000959206323457085e-01
3.072916666666666430e+01,-5.503236009916433469e-01
3.075000000000000000e+01,-4.083678261645800056e-01
3.077083333333333215e+01,2.343016117183436275e-01
3.079166666666666430e+01,9.449192627629504626e-02
3.081250000000000000e+01,-4.464201938294595218e-01
3.083333333333333215e+01,-2.483937234960801876e-01
3.085416666666666430e+01,3.865379562266023084e-01
3.087500000000000000e+01,2.258526985379198937e-01
3.089583333333333215e+01,-4.477804529350611351e-01
3.091666666666666430e+01,-3.394442008715561343e-01
3.093750000000000000e+01,2.991335285254983489e-01
3.095833333333333215e+01,1.044281852548231415e-01
3.097916666666666430e+01,-4.476579377841198859e-01
3.100000000000000000e+01,-2.300595183353615347e-01
3.102083333333333215e+01,4.466278100219064351e-01
3.104166666666666430e+01,3.164779031408555543e-01
3.106250000000000000e+01,-3.298627218584511134e-01
3.108333333333333215e+01,-1.930987038636724495e-01
3.110416666666666430e+01,4.763166924119843215e-01
3.112500000000000000e+01,3.552483286935234075e-01
3.114583333333333215e+01,-2.814806754358732954e-01
3.116666666666666430e+01,-1.316137210991099871e-01
3.118750000000000000e+01,5.472225992014728702e-01
3.120833333333333215e+01,4.505855413540280630e-01
3.122916666666666430e+01,-1.847814152131455612e-01
3.125000000000000000e+01,-2.235611849492087633e-02
3.127083333333333215e+01,4.823795329568820733e-01
3.129166666666666430e+01,2.571292996491023608e-01
3.131250000000000000e+01,-3.854838526533864718e-01
3.133333333333333215e+01,-2.318839059859267859e-01
3.135416666666666430e+01,4.247744732884654595e-01
3.137500000000000000e+01,2.905545019393028228e-01
3.139583333333333215e+01,-3.740482591116950362e-01
3.141666666666666430e+01,-2.582867610573386097e-01
3.143750000000000000e+01,3.746564524128432327e-01
3.145833333333333215e+01,2.097751586639401977e-01
3.147916666666666430e+01,-4.606882385695415527e-01
3.150000000000000000e+01,-3.494642891448686006e-01
3.152083333333333215e+01,2.923974700717781872e-01
3.154166666666666430e+01,1.341468655616116223e-01
3.156250000000000000e+01,-5.367577703976729175e-01
3.158333333333333215e+01,-4.240471444064341511e-01
3.160416666666666430e+01,1.937507196162847611e-01
3.162500000000000000e+01,4.127957821522006410e-01
3.164583333333333215e+01,-6.191022561816098002e-03
3.166666666666666430e+01,3.029790797969681565e-02
3.168750000000000000e+01,4.030620174791357258e-01
3.170833333333333215e+01,1.383656881026504581e-01
3.172916666666666430e+01,-4.367937056494128889e-01
3.175000000000000000e+01,-2.392406340245756546e-01
3.177083333333333215e+01,4.210265090335549854e-01
3.179166666666666430e+01,3.033106508403466961e-01
3.181250000000000000e+01,-3.375928895827809972e-01
3.183333333333333215e+01,-1.809889913637675041e-01
3.185416666666666430e+01,5.009465552712442094e-01
3.187500000000000000e+01,3.884322500815491352e-01
3.189583333333333215e+01,-2.302615022626582908e-01
3.191666666666666430e+01,-1.974911104439502907e-01
3.193750000000000000e+01,2.261513832135537694e-01
3.195833333333333215e+01,-1.238293004124613184e-02
3.197916666666666430e+01,-6.488049551272434545e-01
3.200000000000000000e+01,-5.201000988416519810e-01
3.202083333333332860e+01,1.366420777063007685e-01
3.204166666666666430e+01,2.729699015309155347e-03
3.206250000000000000e+01,-3.959382370241834592e-01
3.208333333333332860e+01,-9.097263113737083517e-02
3.210416666666666430e+01,4.649758590304605144e-01
3.212500000000000000e+01,2.561853411041601358e-01
3.214583333333332860e+01,-4.247973378817188617e-01
3.216666666666666430e+01,-3.117764814965979792e-01
3.218750000000000000e+01,3.106114398913342733e-01
3.220833333333332860e+01,1.631015652002062721e-01
3.222916666666666430e+01,-5.167852515369573130e-01
3.225000000000000000e+01,-3.998401742658617697e-01
3.227083333333332860e+01,2.392466067662744611e-01
3.229166666666666430e+01,2.503828135139768984e-01
3.231250000000000000e+01,-2.366960075677675968e-01
3.233333333333332860e+01,-4.080872531886209353e-02
3.235416666666666430e+01,6.296314607877697700e-01
3.237500000000000000e+01,5.250882259114502126e-01
3.239583333333332860e+01,-9.054029903507240795e-02
3.241666666666666430e+01,6.324926578007583622e-02
3.243750000000000000e+01,7.385929458485940291e-01
3.245833333333332860e+01,6.204979175939335789e-01
3.247916666666666430e+01,-4.777556949253636276e-03
3.250000000000000000e+01,-1.603018402685545407e-01
3.252083333333332860e+01,3.119700849417500477e-01
3.254166666666666430e+01,1.842486715031245170e-01
3.256250000000000000e+01,-4.706571854027502555e-01
3.258333333333332860e+01,-3.521305987849320251e-01
3.260416666666666430e+01,2.880802397157645189e-01
3.262500000000000000e+01,1.348309876542765351e-01
3.264583333333332860e+01,-5.479870769387882312e-01
3.266666666666666430e+01,-4.403875685640623594e-01
3.268750000000000000e+01,1.810856115342584227e-01
3.270833333333332860e+01,3.299666131577944084e-02
3.272916666666666430e+01,-6.510495709190492475e-01
3.275000000000000000e+01,-5.364548078192754588e-01
3.277083333333332860e+01,9.850005389530044897e-02
3.279166666666666430e+01,5.850564716838788093e-02
3.281250000000000000e+01,-3.520352209986644665e-01
3.283333333333332860e+01,-9.435436205495492668e-02
3.285416666666666430e+01,5.447400659296988135e-01
3.287500000000000000e+01,4.188776650312472372e-01
3.289583333333332860e+01,-2.171367430567435752e-01
3.291666666666666430e+01,-6.572168032597981713e-02
3.293750000000000000e+01,2.960331740615035900e-01
3.295833333333332860e+01,-2.420006227498724960e-02
3.297916666666666430e+01,-4.130754282253042975e-01
3.300000000000000000e+01,-1.092882292575904080e-01
3.302083333333332860e+01,4.104899302011769668e-01
3.304166666666666430e+01,1.870330843242373753e-01
3.306250000000000000e+01,-4.478866639053789012e-01
3.308333333333332860e+01,-3.139939458801984107e-01
3.310416666666666430e+01,3.573038056871700174e-01
3.312500000000000000e+01,2.305633309479805104e-01
3.314583333333332860e+01,-4.251697462816526052e-01
3.316666666666666430e+01,-2.975285661155329664e-01
3.318750000000000000e+01,3.572642184022482015e-01
3.320833333333332860e+01,2.020949382055579058e-01
3.322916666666666430e+01,-4.354651649231678912e-01
3.325000000000000000e+01,-2.888315967859699240e-01
3.327083333333332860e+01,3.318138614617726634e-01
3.329166666666666430e+01,1.779073244826215872e-01
3.331250000000000000e+01,-2.130118886259386168e-01
3.333333333333332860e+01,9.921323914914495501e-02
3.335416666666666430e+01,5.066497012229596031e-01
3.337500000000000000e+01,2.313301423552035774e-01
3.339583333333332860e+01,-4.202404884074594227e-01
3.341666666666666430e+01,-2.778091171243811108e-01
3.343750000000000000e+01,3.825695592992105487e-01
3.345833333333332860e+01,2.670140232367955724e-01
3.347916666666666430e+01,-3.725060596295989845e-01
3.350000000000000000e+01,-2.162892927123211684e-01
3.352083333333332860e+01,4.659936180965477681e-01
3.354166666666666430e+01,3.492730452442698863e-01
3.356250000000000000e+01,-2.738747482957046286e-01
3.358333333333332860e+01,-1.232919312674288642e-01
3.360416666666666430e+01,5.466846762613362110e-01
3.362500000000000000e+01,4.196954615428478141e-01
3.364583333333332860e+01,-2.129806086680749999e-01
3.366666666666666430e+01,-1.452582606799533993e-01
3.368750000000000000e+01,2.463379142561208379e-01
3.370833333333332860e+01,-3.591803270935578496e-02
3.372916666666666430e+01,-5.800316334749112679e-01
3.375000000000000000e+01,-3.879472102863921190e-01
3.377083333333332860e+01,2.368213831642990708e-01
3.379166666666666430e+01,7.869907101901918445e-02
3.381250000000000000e+01,-6.063156154139364151e-01
3.383333333333332860e+01,-4.906174414747275780e-01
3.385416666666666430e+01,1.317100929426687772e-01
3.387500000000000000e+01,2.089953135204789259e-01
3.389583333333332860e+01,-3.119423460666739811e-01
3.391666666666666430e+01,-1.777359909845098451e-01
3.393750000000000000e+01,4.734645396060310762e-01
3.395833333333332860e+01,1.085323924594518541e+00
3.397916666666666430e+01,9.317451386600580365e-01
3.400000000000000000e+01,2.672693828053106513e-01
3.402083333333332860e+01,3.507375563574309796e-01
3.404166666666666430e+01,4.807019927072928578e-01
3.406250000000000000e+01,2.111481429845030178e-02
3.408333333333332860e+01,6.185022140436868821e-02
3.410416666666666430e+01,2.709229772459940122e-01
3.412500000000000000e+01,-1.212532876651574165e-01
3.414583333333332860e+01,-2.504976518631067961e-01
3.416666666666666430e+01,2.326026995818437637e-01
3.418750000000000000e+01,6.370144498242169551e-02
3.420833333333332860e+01,-5.862182779193464421e-01
3.422916666666666430e+01,-4.371380892896614689e-01
3.425000000000000000e+01,2.183214315808825745e-01
3.427083333333332860e+01,1.102798248652243629e-01
3.429166666666666430e+01,-5.061749827906424359e-01
3.431250000000000000e+01,-3.486112501385135176e-01
3.433333333333332860e+01,-1.469877341769831869e-02
3.435416666666666430e+01,-3.359828172104442623e-01
3.437500000000000000e+01,-5.783054220120474875e-01
3.439583333333332860e+01,-1.635184410269906741e-01
3.441666666666666430e+01,-1.412249489300858030e-01
3.443750000000000000e+01,-5.591889689655147322e-01
3.445833333333332860e+01,-3.551158033673082470e-01
3.447916666666666430e+01,2.551443243287797591e-01
3.450000000000000000e+01,9.979726875403094333e-02
3.452083333333332860e+01,-4.578285520660525520e-01
3.454166666666666430e+01,-3.059943723519755188e-01
3.456250000000000000e+01,3.265118478107534861e-01
3.458333333333332860e+01,2.012453134878781913e-01
3.460416666666666430e+01,-3.536094477249388524e-01
3.462500000000000000e+01,-1.773501639098128413e-01
3.464583333333332860e+01,4.681307249343396037e-01
3.466666666666666430e+01,3.399989305140515006e-01
3.468750000000000000e+01,-3.548936891911123048e-01
3.470833333333332860e+01,-2.594609770408341509e-01
3.472916666666666430e+01,3.789346559330440400e-01
3.475000000000000000e+01,2.421284941807615998e-01
3.477083333333332860e+01,-2.088280648935554873e-01
3.479166666666666430e+01,6.387714293946933353e-02
3.481250000000000000e+01,7.044414601207188431e-01
3.483333333333332860e+01,5.708349219311080747e-01
3.485416666666666430e+01,-9.876860160274392175e-02
3.487500000000000000e+01,-3.198425953038516734e-02
3.489583333333332860e+01,3.267729917659446537e-01
3.491666666666666430e+01,3.776076194840677358e-02
3.493750000000000000e+01,-4.747274625835232742e-01
3.495833333333332860e+01,-2.393650231041432042e-01
3.497916666666666430e+01,4.448591111043827540e-01
3.500000000000000000e+01,3.378894292133917121e-01
3.502083333333332860e+01,-2.909294181437777627e-01
3.504166666666666430e+01,-1.462863266483483693e-01
3.506250000000000000e+01,2.160667872203091144e-01
3.508333333333332860e+01,-1.075189455364474744e-01
3.510416666666666430e+01,-7.802035381984513407e-01
3.512500000000000000e+01,-6.679076386395910170e-01
3.514583333333332860e+01,-1.337241255510210336e-02
3.516666666666666430e+01,-1.200892217295147224e-01
3.518750000000000000e+01,-3.821649379393465273e-01
3.520833333333332860e+01,2.522042235751031924e-03
3.522916666666666430e+01,1.916594223396009267e-01
3.525000000000000000e+01,-2.989697249224296249e-01
3.527083333333332860e+01,-1.949715882499946651e-01
3.529166666666666430e+01,4.616056497625497523e-01
3.531250000000000000e+01,3.301380673295182255e-01
3.533333333333332860e+01,-3.538981971009093064e-01
3.535416666666666430e+01,-2.032564341394101914e-01
3.537500000000000000e+01,4.737256955686883764e-01
3.539583333333332860e+01,3.462633671447467032e-01
3.541666666666666430e+01,-2.987076400600403581e-01
3.543750000000000000e+01,-1.420232300838002448e-01
3.545833333333332860e+01,5.359231211911947845e-01
3.547916666666666430e+01,4.178198940158549535e-01
3.550000000000000000e+01,-2.020160284490014058e-01
3.552083333333332860e+01,-5.435670337853949763e-02
3.554166666666666430e+01,5.866157887037486418e-01
3.556250000000000000e+01,4.432127650644444028e-01
3.558333333333332860e+01,-2.001358948152937023e-01
3.560416666666666430e+01,-9.290865644976792348e-02
3.562500000000000000e+01,2.560623899962735650e-01
3.564583333333332860e+01,-7.826928569904578747e-02
3.566666666666666430e+01,-4.202573758618834421e-01
3.568750000000000000e+01,-8.652210136529740747e-02
3.570833333333332860e+01,2.286069719451610527e-01
3.572916666666666430e+01,-1.384325551400598930e-01
3.575000000000000000e+01,-2.895752678393812563e-01
3.577083333333332860e+01,2.239589624092661602e-01
3.579166666666666430e+01,6.117787097902269156e-02
3.581250000000000000e+01,-6.203714651963396776e-01
3.583333333333332860e+01,-4.903379161072551895e-01
3.585416666666666430e+01,1.819719806742849111e-01
3.587500000000000000e+01,1.449687154883120555e-01
3.589583333333332860e+01,-2.755424868223221857e-01
3.591666666666666430e+01,-2.692066203363183141e-02
3.593750000000000000e+01,6.118978073072449675e-01
3.595833333333332860e+01,4.784392315677165608e-01
3.597916666666666430e+01,-1.563340737222515819e-01
3.600000000000000000e+01,-2.660608665188324284e-02
3.602083333333332860e+01,2.686479617817413845e-01
3.604166666666666430e+01,-8.035245058778217597e-02
3.606250000000000000e+01,-2.708710161364442648e-01
3.608333333333332860e+01,1.979642113417940386e-01
3.610416666666666430e+01,8.492403297759082426e-02
3.612500000000000000e+01,-5.594971693440258242e-01
3.614583333333332860e+01,-4.289864434321933873e-01
3.616666666666666430e+01,2.380362893489343656e-01
3.618750000000000000e+01,8.977626720068486443e-02
3.620833333333332860e+01,-2.999503149274774794e-01
3.622916666666666430e+01,9.688039214885590944e-03
3.625000000000000000e+01,5.106027974449223183e-01
3.627083333333332860e+01,2.646829677821294080e-01
3.629166666666666430e+01,-4.123311320792820700e-01
3.631250000000000000e+01,-2.943748074911460288e-01
3.633333333333332860e+01,3.297250116421202581e-01
3.635416666666666430e+01,1.811365693512525243e-01
3.637500000000000000e+01,-3.763643525886847252e-01
3.639583333333332860e+01,-1.797743621094658739e-01
3.641666666666666430e+01,-1.745219766916372706e-02
3.643750000000000000e+01,-5.141842055625116537e-01
3.645833333333332860e+01,-4.017680067565012614e-01
3.647916666666666430e+01,2.411029785140128556e-01
3.650000000000000000e+01,9.751741214658665724e-02
3.652083333333332860e+01,-5.552378971128377749e-01
3.654166666666666430e+01,-4.236733543280490899e-01
3.656250000000000000e+01,2.161347466753901214e-01
3.658333333333332860e+01,3.346284937768607692e-01
3.660416666666666430e+01,-1.541008290936104475e-01
3.662500000000000000e+01,-5.309123815676053404e-02
3.664583333333332860e+01,5.792814688163598902e-01
3.666666666666666430e+01,4.185378681157816416e-01
3.668750000000000000e+01,-2.496573387672199051e-01
3.670833333333332860e+01,-1.393689163506768303e-01
3.672916666666666430e+01,5.124611740407900573e-01
3.675000000000000000e+01,3.737647407064381699e-01
3.677083333333332860e+01,-2.681216199116751020e-01
3.679166666666666430e+01,-1.278590348493085227e-01
3.681250000000000000e+01,5.417795195293800825e-01
3.683333333333332860e+01,4.292676639005977290e-01
3.685416666666666430e+01,-2.021779505701622459e-01
3.687500000000000000e+01,-3.681559354073971058e-02
3.689583333333332860e+01,6.425814049409301898e-01
3.691666666666666430e+01,5.388242184010982871e-01
3.693750000000000000e+01,-1.010443064963423287e-01
3.695833333333332860e+01,-1.044661028819948156e-01
3.697916666666666430e+01,2.885734401781178682e-01
3.700000000000000000e+01,6.066397271183004980e-02
3.702083333333332860e+01,-5.959293918434453996e-01
3.704166666666666430e+01,-1.106400160571508140e+00
3.706250000000000000e+01,-9.203280642498495867e-01
3.708333333333332860e+01,-3.135661849335884543e-01
3.710416666666666430e+01,1.686449766922493154e-02
3.712500000000000000e+01,-3.044966211062736239e-01
3.714583333333332860e+01,-2.270617159000201113e-01
3.716666666666666430e+01,3.500567160742295014e-01
3.718750000000000000e+01,1.970785746772180103e-01
3.720833333333332860e+01,-4.488874573596841611e-01
3.722916666666666430e+01,-3.176722328291333719e-01
3.725000000000000000e+01,3.618847541473687590e-01
3.727083333333332860e+01,2.545740677476864278e-01
3.729166666666666430e+01,-3.916472138311835050e-01
3.731250000000000000e+01,-2.208154239328982138e-01
3.733333333333332860e+01,4.623424040797279311e-01
3.735416666666666430e+01,3.460200343304521420e-01
3.737500000000000000e+01,-2.011785303306927730e-01
3.739583333333332860e+01,2.728294480900184116e-02
3.741666666666666430e+01,6.908908306544188083e-01
3.743750000000000000e+01,5.677986625125138742e-01
3.745833333333332860e+01,-9.275016444133141191e-02
3.747916666666666430e+01,3.109915311913938329e-02
3.750000000000000000e+01,6.655365996551168006e-01
3.752083333333332860e+01,5.162616709970233586e-01
3.754166666666666430e+01,-1.666102821395584188e-01
3.756250000000000000e+01,-6.995878181639370030e-02
3.758333333333332860e+01,5.691595958484287898e-01
3.760416666666666430e+01,4.136462466027737150e-01
3.762500000000000000e+01,-2.606221065881881294e-01
3.764583333333332860e+01,-1.485365707410081226e-01
3.766666666666666430e+01,2.630679067251416869e-01
3.768750000000000000e+01,-5.533368112115716331e-02
3.770833333333332860e+01,-5.927963601969543639e-01
3.772916666666666430e+01,-3.805436478575631720e-01
3.775000000000000000e+01,2.812365850057730321e-01
3.777083333333332860e+01,1.568357242847243926e-01
3.779166666666666430e+01,-4.743066058651118078e-01
3.781250000000000000e+01,-3.211240822752458035e-01
3.783333333333332860e+01,3.529758825811379896e-01
3.785416666666666430e+01,2.586618560009096290e-01
3.787500000000000000e+01,-3.729226066488091629e-01
3.789583333333332860e+01,-2.091835905254864070e-01
3.791666666666666430e+01,3.611048817493263119e-01
3.793750000000000000e+01,1.800501972342474777e-01
3.795833333333332860e+01,-4.671279444637460032e-01
3.797916666666666430e+01,-3.185382430148263055e-01
3.800000000000000000e+01,3.248075574906408303e-01
3.802083333333332860e+01,1.832396234101390520e-01
3.804166666666666430e+01,-4.858441589060175092e-01
3.806250000000000000e+01,-3.730975110749785717e-01
3.808333333333332860e+01,2.583109814917432523e-01
3.810416666666666430e+01,9.407844107552544577e-02
3.812500000000000000e+01,-5.740363141401723102e-01
3.814583333333332860e+01,-4.647034995848728367e-01
3.816666666666666430e+01,1.755038310491825460e-01
3.818750000000000000e+01,2.579154780450570450e-01
3.820833333333332860e+01,-2.568300601847174347e-01
3.822916666666666430e+01,-1.406015204961186815e-01
3.825000000000000000e+01,4.847675161959599244e-01
3.827083333333332860e+01,3.346543477446859427e-01
3.829166666666666430e+01,-3.492789467370326362e-01
3.831250000000000000e+01,-2.399829934824102007e-01
3.833333333333332860e+01,3.872468848454226897e-01
3.835416666666666430e+01,2.390008445975975171e-01
3.837500000000000000e+01,-4.473617850719350253e-01
3.839583333333332860e+01,-3.179746685275003371e-01
3.841666666666666430e+01,3.379359623583823025e-01
3.843750000000000000e+01,2.147491375546580206e-01
3.845833333333332860e+01,-4.358027806240886148e-01
3.847916666666666430e+01,-2.931380445075236763e-01
3.850000000000000000e+01,3.736486494010194948e-01
3.852083333333332860e+01,2.591286727273005575e-01
3.854166666666666430e+01,-3.618801190165426007e-01
3.856250000000000000e+01,-2.081226973893162691e-01
3.858333333333332860e+01,4.794700221824887976e-01
3.860416666666666430e+01,3.678816281197941351e-01
3.862500000000000000e+01,-2.662986410836876150e-01
3.864583333333332860e+01,-1.241582009503114092e-01
3.866666666666666430e+01,5.555586185860388326e-01
3.868750000000000000e+01,4.244836390677630966e-01
3.870833333333332860e+01,-2.290903431384677114e-01
3.872916666666666430e+01,-1.062074904522016527e-01
3.875000000000000000e+01,5.424112807148342430e-01
3.877083333333332860e+01,3.995638964586056274e-01
3.879166666666666430e+01,-2.671071443828840764e-01
3.881250000000000000e+01,-1.491538347475550030e-01
3.883333333333332860e+01,4.600342920301701000e-01
3.885416666666666430e+01,2.961678272999213046e-01
3.887500000000000000e+01,-3.895448669006112974e-01
3.889583333333332860e+01,-2.795060082323742590e-01
3.891666666666666430e+01,3.505814172156827002e-01
3.893750000000000000e+01,2.111355447517460071e-01
3.895833333333332860e+01,-4.651160436045422841e-01
3.897916666666666430e+01,-3.365218682334774059e-01
3.900000000000000000e+01,3.175269051568425649e-01
3.902083333333332860e+01,1.885742631430291083e-01
3.904166666666666430e+01,-4.635287664731899682e-01
3.906250000000000000e+01,-3.111562796103869433e-01
3.908333333333332860e+01,3.636148795947743984e-01
3.910416666666666430e+01,2.620019703973882064e-01
3.912500000000000000e+01,-3.426354022311483560e-01
3.914583333333332860e+01,-3.065028509096806575e-01
3.916666666666666430e+01,1.763594774215910266e-01
3.918750000000000000e+01,-1.466536404574356536e-02
3.920833333333332860e+01,-6.371066501529507597e-01
3.922916666666666430e+01,-4.967604586175733972e-01
3.925000000000000000e+01,1.709012781023516170e-01
3.927083333333332860e+01,3.270756158439269701e-02
3.929166666666666430e+01,-4.028912089558344678e-01
3.931250000000000000e+01,-1.351664793914505447e-01
3.933333333333332860e+01,5.089972542913551168e-01
3.935416666666666430e+01,3.704061931498078275e-01
3.937500000000000000e+01,-2.964556395825504453e-01
3.939583333333332860e+01,-1.718305258548389336e-01
3.941666666666666430e+01,4.516813520774312640e-01
3.943750000000000000e+01,2.977392198462742168e-01
3.945833333333332860e+01,-3.776995105545102316e-01
3.947916666666666430e+01,-2.548727309484771775e-01
3.950000000000000000e+01,3.731943533304371563e-01
3.952083333333332860e+01,2.478319746748361974e-01
3.954166666666666430e+01,-3.992892031969562106e-01
3.956250000000000000e+01,-2.555947634872128837e-01
3.958333333333332860e+01,4.069099271339275403e-01
3.960416666666666430e+01,2.918131372944246515e-01
3.962500000000000000e+01,-3.442581818487433498e-01
3.964583333333332860e+01,-2.002731429993169499e-01
3.966666666666666430e+01,4.763089003792462806e-01
3.968750000000000000e+01,3.601184980437716066e-01
3.970833333333332860e+01,-2.634788693720718777e-01
3.972916666666666430e+01,-1.135912493388127747e-01
3.975000000000000000e+01,5.640448754143427834e-01
3.977083333333332860e+01,4.397487753410732614e-01
3.979166666666666430e+01,-1.993145045241944968e-01
3.981250000000000000e+01,-7.555510683898411517e-02
3.983333333333332860e+01,5.456561479207420184e-01
3.985416666666666430e+01,3.923152076979693481e-01
3.987500000000000000e+01,-2.684775689048763958e-01
3.989583333333332860e+01,-8.898221420464402787e-01
3.991666666666666430e+01,-7.475354819216533109e-01
3.993750000000000000e+01,-9.277749447367031332e-02
3.995833333333332860e+01,-2.248074176952929715e-01
3.997916666666666430e+01,-6.983939904919822528e-01
4.000000000000000000e+01,-4.702821976779623103e-01
4.002083333333332860e+01,1.649638035120482016e-01
4.004166666666666430e+01,1.865866329524412670e-02
4.006250000000000000e+01,-4.124540688221937090e-01
4.008333333333332860e+01,-1.435129662655734162e-01
4.010416666666666430e+01,4.758032776758566174e-01
4.012500000000000000e+01,3.259889414599996815e-01
4.014583333333332860e+01,-3.564461174486789341e-01
4.016666666666666430e+01,-2.425486799841642949e-01
4.018750000000000000e+01,3.884993187716384577e-01
4.020833333333332860e+01,3.197444759457204189e-01
4.022916666666666430e+01,-9.275371215223637833e-02
4.025000000000000000e+01,1.911521816318722533e-01
4.027083333333332860e+01,7.319470468507450756e-01
4.029166666666666430e+01,5.258408239943834772e-01
4.031250000000000000e+01,-1.195197988865439598e-01
4.033333333333332860e+01,4.218232018323225807e-02
4.035416666666666430e+01,6.701095164174958319e-01
4.037500000000000000e+01,5.183194882705203232e-01
4.039583333333332860e+01,-1.013022708901309410e-01
4.041666666666666430e+01,-1.141463964510573414e-01
4.043750000000000000e+01,3.251062473380623707e-01
4.045833333333332860e+01,1.199622941761074313e-01
4.047916666666666430e+01,-5.181259709278909220e-01
4.050000000000000000e+01,-3.810090249963011821e-01
4.052083333333332860e+01,2.787093018474257611e-01
4.054166666666666430e+01,1.358834697520723001e-01
4.056250000000000000e+01,-5.220259067942658593e-01
4.058333333333332860e+01,-4.030654594587531614e-01
4.060416666666666430e+01,9.677769329203286808e-02
4.062500000000000000e+01,-1.422699073844238549e-01
4.064583333333332860e+01,-7.667424017254539370e-01
4.066666666666666430e+01,-6.187623721734045734e-01
4.068750000000000000e+01,5.914546569819212340e-02
4.070833333333332860e+01,9.578068267023914784e-02
4.072916666666666430e+01,-3.515764525472217517e-01
4.075000000000000000e+01,-1.275195987948359866e-01
4.077083333333332860e+01,5.706940538355882442e-01
4.079166666666666430e+01,4.651046778413391869e-01
4.081250000000000000e+01,-1.871519092397989636e-01
4.083333333333332860e+01,-3.830222316843862052e-02
4.085416666666666430e+01,5.886528702486453213e-01
4.087500000000000000e+01,4.243439624927741738e-01
4.089583333333332860e+01,-2.405078089186767631e-01
4.091666666666666430e+01,-9.921305531857776971e-02
4.093750000000000000e+01,5.150762072919392587e-01
4.095833333333332860e+01,3.511215709735139856e-01
4.097916666666666430e+01,-3.146031474228835334e-01
4.100000000000000000e+01,-2.147067057295752868e-01
4.102083333333332860e+01,4.090806496968411032e-01
4.104166666666666430e+01,2.455444027636137783e-01
4.106250000000000000e+01,-4.274852299793978072e-01
4.108333333333332860e+01,-3.214330920856304230e-01
4.110416666666666430e+01,3.207041005779219800e-01
4.112500000000000000e+01,1.641124139829573669e-01
4.114583333333332860e+01,-4.940775135739686741e-01
4.116666666666666430e+01,-3.623650029534979389e-01
4.118750000000000000e+01,2.859804026291053458e-01
4.120833333333332860e+01,1.529018359564069396e-01
4.122916666666666430e+01,-4.277521913661015973e-01
4.125000000000000000e+01,-2.404406776917441535e-01
4.127083333333332860e+01,4.441167032364513600e-01
4.129166666666666430e+01,3.530181119185826777e-01
4.131250000000000000e+01,-2.843103746976544111e-01
4.133333333333332860e+01,-1.292430618835158362e-01
4.135416666666666430e+01,5.415665556904180056e-01
4.137500000000000000e+01,4.402137782723557491e-01
4.139583333333332860e+01,-2.046460994399038613e-01
4.141666666666666430e+01,-5.928616094217188659e-02
4.143750000000000000e+01,5.465849135685438842e-01
4.145833333333332860e+01,3.842226293831021988e-01
4.147916666666666430e+01,-2.875266293634781145e-01
4.150000000000000000e+01,-1.730680665588815170e-01
4.152083333333332860e+01,3.444813255604246560e-01
4.154166666666666430e+01,1.148070558251405027e-01
4.156250000000000000e+01,-5.631948336033896219e-01
4.158333333333332860e+01,-4.585754781975240335e-01
4.160416666666666430e+01,1.809062082763195911e-01
4.162500000000000000e+01,1.479302957357535309e-02
4.164583333333332860e+01,-5.686788546318277682e-01
4.166666666666666430e+01,-3.974927369969513680e-01
4.168750000000000000e+01,2.521883575107091158e-01
4.170833333333332860e+01,1.082539697104049209e-01
4.172916666666666430e+01,-4.252371786796209641e-01
4.175000000000000000e+01,-2.112457814999411099e-01
4.177083333333332860e+01,4.590092275147492074e-01
4.179166666666666430e+01,3.473313757407672231e-01
4.181250000000000000e+01,-2.848493565286365214e-01
4.183333333333332860e+01,-1.180573208683258768e-01
4.185416666666666430e+01,5.571228528326692686e-01
4.187500000000000000e+01,4.486614744309092018e-01
4.189583333333332860e+01,-1.899584440647149042e-01
4.191666666666666430e+01,-8.898952192672540673e-02
4.193750000000000000e+01,2.379922331165727489e-01
4.195833333333332860e+01,-7.610661807692392644e-02
4.197916666666666430e+01,-3.859548210360229659e-01
4.200000000000000000e+01,-2.406107384541603111e-02
4.202083333333332860e+01,2.200810483798963380e-01
4.204166666666666430e+01,-1.797638733217974683e-01
4.206250000000000000e+01,-1.032112932673587280e-01
4.208333333333332860e+01,3.069350874973681975e-01
4.210416666666666430e+01,3.207503634499156431e-02
4.212500000000000000e+01,-5.248820371600630974e-01
4.214583333333332860e+01,-3.316302949275162781e-01
4.216666666666666430e+01,2.951895983525429368e-01
4.218750000000000000e+01,1.534286109194428205e-01
4.220833333333332860e+01,-5.025946525037552348e-01
4.222916666666666430e+01,-3.581732962524448172e-01
4.225000000000000000e+01,2.958986518898094609e-01
4.227083333333332860e+01,1.708895450358853818e-01
4.229166666666666430e+01,-2.333342198674434598e-01
4.231250000000000000e+01,8.593012955655304763e-02
4.233333333333332860e+01,5.538433382836197572e-01
4.235416666666666430e+01,2.992375448188824283e-01
4.237500000000000000e+01,-3.190647563057393277e-01
4.239583333333332860e+01,-1.587681329319776680e-01
4.241666666666666430e+01,5.199771018470219497e-01
4.243750000000000000e+01,4.010535069754805892e-01
4.245833333333332860e+01,-2.221220699338479765e-01
4.247916666666666430e+01,-8.272661614792341245e-02
4.250000000000000000e+01,3.829398591320737344e-01
4.252083333333332860e+01,1.106962996403565991e-01
4.254166666666666430e+01,-5.505679799326075319e-01
4.256250000000000000e+01,-4.321306111211081769e-01
4.258333333333332860e+01,2.106787221862393422e-01
4.260416666666666430e+01,6.758890066058327595e-02
4.262500000000000000e+01,-4.516482314220013339e-01
4.264583333333332860e+01,-2.278666837274579415e-01
4.266666666666666430e+01,3.948164042802726481e-01
4.268750000000000000e+01,2.406515180884814809e-01
4.270833333333332860e+01,-4.347735722774257461e-01
4.272916666666666430e+01,-3.111058731535629729e-01
4.275000000000000000e+01,3.175098168219885331e-01
4.277083333333332860e+01,1.940580964371141359e-01
4.279166666666666430e+01,-4.016219492906047961e-01
4.281250000000000000e+01,-2.698021649406462386e-01
4.283333333333332860e+01,3.503879092139839946e-01
4.285416666666666430e+01,2.005786139236752919e-01
4.287500000000000000e+01,-4.506529962247637355e-01
4.289583333333332860e+01,-3.499164038192820181e-01
4.291666666666666430e+01,3.090685980582298931e-01
4.293750000000000000e+01,1.920018263789145252e-01
4.295833333333332860e+01,-4.031789499309056390e-01
4.297916666666666430e+01,-2.419714703333475381e-01
4.300000000000000000e+01,4.335755425799515117e-01
4.302083333333332860e+01,3.227476934324386981e-01
4.304166666666666430e+01,-3.198264263247776462e-01
4.306250000000000000e+01,-1.697877776498964431e-01
4.308333333333332860e+01,5.091239267214852093e-01
4.310416666666666430e+01,4.031615905691047219e-01
4.312500000000000000e+01,-2.378633816333087236e-01
4.314583333333332860e+01,-7.100995908986854066e-02
4.316666666666666430e+01,5.998429846871362603e-01
4.318750000000000000e+01,4.837105850145683728e-01
4.320833333333332860e+01,-1.688908534341918011e-01
4.322916666666666430e+01,-2.833544217272596089e-02
4.325000000000000000e+01,2.608783775430550955e-01
4.327083333333332860e+01,-1.171235217837943154e-01
4.329166666666666430e+01,-2.599147502271565990e-01
4.331250000000000000e+01,1.999648879725494099e-01
4.333333333333332860e+01,4.615650192359810333e-02
4.335416666666666430e+01,-6.065676594636937313e-01
4.337500000000000000e+01,-4.727600978834762824e-01
4.339583333333332860e+01,1.534481388196409224e-01
4.341666666666666430e+01,1.039563183061034818e-01
4.343750000000000000e+01,-3.212820451038955749e-01
4.345833333333332860e+01,-6.365166406335417970e-02
4.347916666666666430e+01,5.870147351708518979e-01
4.350000000000000000e+01,4.561942527497674371e-01
4.352083333333332860e+01,-2.291532797143434608e-01
4.354166666666666430e+01,-9.552454921711074631e-02
4.356250000000000000e+01,5.808003950241475977e-01
4.358333333333332860e+01,4.074893821690231399e-01
4.360416666666666430e+01,-2.664698887406225514e-01
4.362500000000000000e+01,-1.295912655784863254e-01
4.364583333333332860e+01,1.924323051681989805e-01
4.366666666666666430e+01,-1.578935901536147601e-01
4.368750000000000000e+01,-3.754549983561614734e-01
4.370833333333332860e+01,4.185567808209672558e-02
4.372916666666666430e+01,-1.030388172104187983e-01
4.375000000000000000e+01,-3.715837285164551029e-01
4.377083333333332860e+01,1.944121197686555363e-02
4.379166666666666430e+01,7.017030679798214043e-02
4.381250000000000000e+01,-4.369567472053694779e-01
4.383333333333332860e+01,-2.667558489016070844e-01
4.385416666666666430e+01,4.222961133214662710e-01
4.387500000000000000e+01,3.085658822924779998e-01
4.389583333333332860e+01,-3.145574141350404584e-01
4.391666666666666430e+01,-1.684815733577568198e-01
4.393750000000000000e+01,5.079540021892823276e-01
4.395833333333332860e+01,3.777500733942290578e-01
4.397916666666666430e+01,-2.731921645800184928e-01
4.400000000000000000e+01,-1.497429984537470837e-01
4.402083333333332860e+01,2.440601841390195315e-01
4.404166666666666430e+01,-6.482573019402380898e-02
4.406250000000000000e+01,-5.091274565949058806e-01
4.408333333333332860e+01,-2.301727965154104494e-01
4.410416666666666430e+01,4.002942315654095529e-01
4.412500000000000000e+01,2.474191073720193312e-01
4.414583333333332860e+01,-4.265946919303684748e-01
4.416666666666666430e+01,-3.056790648205267580e-01
4.418750000000000000e+01,3.207122901274742643e-01
4.420833333333332860e+01,1.747404302679583243e-01
4.422916666666666430e+01,-4.945274145932700982e-01
4.425000000000000000e+01,-3.788333032922086563e-01
4.427083333333332860e+01,2.531209835727501467e-01
4.429166666666666430e+01,1.740825241620417296e-01
4.431250000000000000e+01,-2.281005335424607372e-01
4.433333333333332860e+01,6.898425883834841121e-02
4.435416666666666430e+01,5.503965962682032531e-01
4.437500000000000000e+01,3.035826876360699367e-01
4.439583333333332860e+01,-3.111770664697660060e-01
4.441666666666666430e+01,-1.532939337017926451e-01
4.443750000000000000e+01,5.217560815754070935e-01
4.445833333333332860e+01,3.985748638835485691e-01
4.447916666666666430e+01,-2.278429954557742443e-01
4.450000000000000000e+01,-1.018723069866240560e-01
4.452083333333332860e+01,3.772657561497476664e-01
4.454166666666666430e+01,1.208581118684936007e-01
4.456250000000000000e+01,-5.421847439106720623e-01
4.458333333333332860e+01,-4.253949619294571383e-01
4.460416666666666430e+01,2.139030951541824599e-01
4.462500000000000000e+01,5.486191924765929095e-02
4.464583333333332860e+01,-4.565991193860999831e-01
4.466666666666666430e+01,-2.263122835543679989e-01
4.468750000000000000e+01,3.942794773351298576e-01
4.470833333333332860e+01,2.440611994112764638e-01
4.472916666666666430e+01,-4.342797268714375658e-01
4.475000000000000000e+01,-3.106574319078244661e-01
4.477083333333332860e+01,3.299191746303450357e-01
4.479166666666666430e+01,2.044003542125029105e-01
4.481250000000000000e+01,-4.257491596967011294e-01
4.483333333333332860e+01,-2.609847082826554088e-01
4.485416666666666430e+01,4.103097723705184663e-01
4.487500000000000000e+01,2.940265677729396732e-01
4.489583333333332860e+01,-3.290846156394010569e-01
4.491666666666666430e+01,-1.696483407584306602e-01
4.493750000000000000e+01,5.146066442522040374e-01
4.495833333333332860e+01,3.994777283927217204e-01
4.497916666666666430e+01,-2.254562626063441599e-01
4.500000000000000000e+01,-7.456626831145014844e-02
4.502083333333332860e+01,5.989243326115086807e-01
4.504166666666666430e+01,4.528844795080745333e-01
4.506250000000000000e+01,-2.142837599274529659e-01
4.508333333333332860e+01,-1.683156736317346913e-01
4.510416666666666430e+01,2.560385360577321912e-01
4.512500000000000000e+01,-1.841327378061613507e-02
4.514583333333332860e+01,-6.343705206425370724e-01
4.516666666666666430e+01,-4.783539919583706945e-01
4.518750000000000000e+01,1.399335039584730933e-01
4.520833333333332860e+01,-1.148158751887749796e-02
4.522916666666666430e+01,-3.421264244768391083e-01
4.525000000000000000e+01,8.027313077099390570e-03
4.527083333333332860e+01,3.095482255939758787e-01
4.529166666666666430e+01,-4.273396713006937658e-02
4.531250000000000000e+01,-2.021662901372759946e-01
4.533333333333332860e+01,2.750820744613686752e-01
4.535416666666666430e+01,1.540646260082469410e-01
4.537500000000000000e+01,-4.841923338893624473e-01
4.539583333333332860e+01,-3.403238808280906746e-01
4.541666666666666430e+01,3.352094979181741707e-01
4.543750000000000000e+01,2.321488544635554319e-01
4.545833333333332860e+01,-4.001393675095339941e-01
4.547916666666666430e+01,-2.316008570503322594e-01
4.550000000000000000e+01,4.425256761087000834e-01
4.552083333333332860e+01,3.322297294499565457e-01
4.554166666666666430e+01,-3.096129205804717399e-01
4.556250000000000000e+01,-1.541201284192728060e-01
4.558333333333332860e+01,4.983323765419089835e-01
4.560416666666666430e+01,3.726344370904478009e-01
4.562500000000000000e+01,-2.896265087658145276e-01
4.564583333333332860e+01,-1.676703569072278133e-01
4.566666666666666430e+01,4.731931361412896053e-01
4.568750000000000000e+01,3.328581334376450318e-01
4.570833333333332860e+01,-3.379612585172366845e-01
4.572916666666666430e+01,-2.282151163026115703e-01
4.575000000000000000e+01,4.072043987228712303e-01
4.577083333333332860e+01,5.648004776890941381e-01
4.579166666666666430e+01,1.093459589385156749e-01
4.581250000000000000e+01,1.710946710506306978e-01
4.583333333333332860e+01,4.322678055505801420e-01
4.585416666666666430e+01,1.030395744097978294e-01
4.587500000000000000e+01,-2.717943986902963127e-01
4.589583333333332860e+01,2.893714189703844308e-02
4.591666666666666430e+01,2.834217369957667820e-01
4.593750000000000000e+01,-1.045285385003174028e-01
4.595833333333332860e+01,-3.296206453714317641e-01
4.597916666666666430e+01,7.564598829643898181e-02
4.600000000000000000e+01,-1.854957786513322660e-02
4.602083333333332860e+01,-6.031332195089548209e-01
4.604166666666666430e+01,-4.521027985873705135e-01
4.606250000000000000e+01,2.111243406717395743e-01
4.608333333333332860e+01,1.040115473582552963e-01
4.610416666666666430e+01,-5.261110201507708251e-01
4.612500000000000000e+01,-3.860282994680374058e-01
4.614583333333332860e+01,2.983307291212765611e-01
4.616666666666666430e+01,1.944109526486330619e-01
4.618750000000000000e+01,-4.346915975669931598e-01
4.620833333333332860e+01,-2.886488152725957823e-01
4.622916666666666430e+01,3.952847764148195164e-01
4.625000000000000000e+01,2.777941590330501587e-01
4.627083333333332860e+01,-3.574483281577744420e-01
4.629166666666666430e+01,-2.281705413873790778e-01
4.631250000000000000e+01,4.300562905569480510e-01
4.633333333333332860e+01,2.972557398309150223e-01
4.635416666666666430e+01,-3.581515727953509254e-01
4.637500000000000000e+01,-2.431858160395184432e-01
4.639583333333332860e+01,3.619316823488669121e-01
4.641666666666666430e+01,1.923967037907104993e-01
4.643750000000000000e+01,1.928165594623394430e-01
4.645833333333332860e+01,5.638720325554793522e-01
4.647916666666666430e+01,2.749469716141061393e-01
4.650000000000000000e+01,-3.853170198556275516e-01
4.652083333333332860e+01,-2.729181826289335810e-01
4.654166666666666430e+01,3.667358165916322910e-01
4.656250000000000000e+01,2.087300531007956206e-01
4.658333333333332860e+01,-4.589315957690525138e-01
4.660416666666666430e+01,-3.380376473399615556e-01
4.662500000000000000e+01,2.904880254161769648e-01
4.664583333333332860e+01,1.426788858678695870e-01
4.666666666666666430e+01,-4.370719935846236748e-01
4.668750000000000000e+01,-2.507215153813581177e-01
4.670833333333332860e+01,3.782360098897331602e-01
4.672916666666666430e+01,2.515567044702407551e-01
4.675000000000000000e+01,-3.992914464545964659e-01
4.677083333333332860e+01,-2.677077535945014963e-01
4.679166666666666430e+01,3.872157334950527829e-01
4.681250000000000000e+01,2.725018886314755084e-01
4.683333333333332860e+01,-3.623677372347596792e-01
4.685416666666666430e+01,-2.090067111899657215e-01
4.687500000000000000e+01,4.803794091557732071e-01
4.689583333333332860e+01,3.753596937291518443e-01
4.691666666666666430e+01,-2.486952095253852635e-01
4.693750000000000000e+01,-3.207546787993881265e-01
4.695833333333332860e+01,2.183825520592213298e-01
4.697916666666666430e+01,1.048740018841454735e-01
4.700000000000000000e+01,-5.310047994331509313e-01
4.702083333333332860e+01,-3.960315010150964321e-01
4.704166666666666430e+01,2.674964721986057281e-01
4.706250000000000000e+01,1.255111505565560948e-01
4.708333333333332860e+01,-5.354859733318112491e-01
4.710416666666666430e+01,-1.185521759648182183e+00
4.712500000000000000e+01,-1.067625899329904149e+00
4.714583333333332860e+01,-4.417304995073416674e-01
4.716666666666666430e+01,1.764463219981821096e-01
4.718750000000000000e+01,1.572864595235312635e-02
4.720833333333332860e+01,-6.622734612332441539e-01
4.722916666666666430e+01,-5.400298732731017015e-01
4.725000000000000000e+01,8.357548030294603691e-02
4.727083333333332860e+01,5.376672530292863073e-01
4.729166666666666430e+01,2.780708316903277577e-01
4.731250000000000000e+01,-2.078946769187905996e-01
4.733333333333332860e+01,1.955365890013371910e-02
4.735416666666666430e+01,6.941891776262929525e-01
4.737500000000000000e+01,5.814220357396012728e-01
4.739583333333332860e+01,-6.650221352636254135e-02
4.741666666666666430e+01,5.931234638078686228e-02
4.743750000000000000e+01,7.222712190413922428e-01
4.745833333333332860e+01,6.014258471981881460e-01
4.747916666666666430e+01,-4.153241637953367094e-02
4.750000000000000000e+01,1.095187179530055371e-01
4.752083333333332860e+01,6.971766216615242762e-01
4.754166666666666430e+01,5.429894578180987086e-01
4.756250000000000000e+01,-8.662522927293009323e-02
4.758333333333332860e+01,1.056560733114964012e-02
4.760416666666666430e+01,3.001273974768772779e-01
4.762500000000000000e+01,-2.189133336574949906e-02
4.764583333333332860e+01,-3.399954893965833058e-01
4.766666666666666430e+01,6.956099590868375371e-03
4.768750000000000000e+01,1.625069296097394478e-01
4.770833333333332860e+01,-2.933488075543845275e-01
4.772916666666666430e+01,-1.840914023595164040e-01
4.775000000000000000e+01,1.717948230680880761e-01
4.777083333333332860e+01,-1.739927063155695675e-01
4.779166666666666430e+01,-4.712755829895893256e-01
4.781250000000000000e+01,-9.907373261940964626e-02
4.783333333333332860e+01,1.153681162941144339e-01
4.785416666666666430e+01,-3.093180723472961913e-01
4.787500000000000000e+01,-2.006312134147868187e-01
4.789583333333332860e+01,4.322578125128945237e-01
4.791666666666666430e+01,2.659583080496790708e-01
4.793750000000000000e+01,-3.947222344585957776e-01
4.795833333333332860e+01,-2.723592612517207190e-01
4.797916666666666430e+01,3.877467202497760779e-01
4.800000000000000000e+01,2.613911513538049736e-01
4.802083333333332860e+01,-3.721708446107093726e-01
4.804166666666666430e+01,-2.231574345474971188e-01
4.806250000000000000e+01,4.481415271540779011e-01
4.808333333333332860e+01,3.489868680728013262e-01
4.810416666666666430e+01,-2.783181076141952870e-01
4.812500000000000000e+01,-1.265168836841001621e-01
4.814583333333332860e+01,1.932359470210404384e-01
4.816666666666666430e+01,-1.429265830971482576e-01
4.818750000000000000e+01,-3.382337852205854478e-01
4.820833333333332860e+01,1.182984320816237445e-01
4.822916666666666430e+01,-4.213783461607528702e-04
4.825000000000000000e+01,-4.521606167007815036e-01
4.827083333333332860e+01,-1.908535616903689336e-01
4.829166666666666430e+01,4.633241383692368043e-01
4.831250000000000000e+01,3.138088021444129794e-01
4.833333333333332860e+01,-3.571044323220694539e-01
4.835416666666666430e+01,-2.436429000268821310e-01
4.837500000000000000e+01,3.804346983933331039e-01
4.839583333333332860e+01,2.306075656117265171e-01
4.841666666666666430e+01,-4.478462637073735708e-01
4.843750000000000000e+01,-3.313340911662510102e-01
4.845833333333332860e+01,2.982399392150954509e-01
4.847916666666666430e+01,1.568420563288028813e-01
4.850000000000000000e+01,-5.195212073278103748e-01
4.852083333333332860e+01,-3.826632182043270825e-01
4.854166666666666430e+01,2.891109218763709410e-01
4.856250000000000000e+01,1.740758702113549550e-01
4.858333333333332860e+01,-4.723217786911382832e-01
4.860416666666666430e+01,-3.032715282279865310e-01
4.862500000000000000e+01,3.676074097489896997e-01
4.864583333333332860e+01,2.333362576039120229e-01
