0.000000000000000000e+00,1.142425912726554634e+04
2.083333333333333218e-02,1.274713521688927722e+04
4.166666666666666435e-02,1.496418789539325007e+04
6.250000000000000000e-02,1.459078162081787377e+04
8.333333333333332871e-02,1.329568586901089293e+04
1.041666666666666574e-01,1.466264090594500885e+04
1.250000000000000000e-01,1.513442784012329503e+04
1.458333333333333148e-01,1.413548207124653345e+04
1.666666666666666574e-01,1.475065645675583801e+04
1.875000000000000000e-01,1.475387247219644996e+04
2.083333333333333148e-01,1.439829081218409920e+04
2.291666666666666574e-01,1.455029651000678496e+04
2.500000000000000000e-01,1.498598276351229651e+04
2.708333333333333148e-01,1.391107754155116709e+04
2.916666666666666297e-01,1.430150002768963532e+04
3.125000000000000000e-01,1.503163861243797510e+04
3.333333333333333148e-01,1.422634496843314264e+04
3.541666666666666297e-01,1.403116981077750461e+04
3.750000000000000000e-01,1.514524288326418173e+04
3.958333333333333148e-01,1.447973430706433646e+04
4.166666666666666297e-01,1.363391489760631885e+04
4.375000000000000000e-01,1.501411568264238667e+04
4.583333333333333148e-01,1.504317819146358670e+04
4.791666666666666297e-01,1.357543463325588164e+04
5.000000000000000000e-01,1.418645912991320074e+04
5.208333333333332593e-01,1.529058426408719242e+04
5.416666666666666297e-01,1.445180220321135130e+04
5.625000000000000000e-01,1.344421194191581162e+04
5.833333333333332593e-01,1.495420198424066257e+04
6.041666666666666297e-01,1.504272809281254013e+04
6.250000000000000000e-01,1.356763351573231557e+04
6.458333333333332593e-01,1.387623472494691305e+04
6.666666666666666297e-01,1.529157732480281265e+04
6.875000000000000000e-01,1.452024689851899529e+04
7.083333333333332593e-01,1.357871319226197011e+04
7.291666666666666297e-01,1.506455757924995123e+04
7.500000000000000000e-01,1.504864805021685970e+04
7.708333333333332593e-01,1.357767410500387996e+04
7.916666666666666297e-01,1.489612535370771366e+04
8.125000000000000000e-01,1.580435033211083282e+04
8.333333333333332593e-01,1.452675332811346743e+04
8.541666666666666297e-01,1.379453720721945137e+04
8.750000000000000000e-01,1.513749491901709553e+04
8.958333333333332593e-01,1.539224591895078993e+04
9.166666666666666297e-01,1.346877943680109820e+04
9.375000000000000000e-01,1.383365680560241162e+04
9.583333333333332593e-01,1.615415081106854996e+04
9.791666666666666297e-01,1.472392193427432358e+04
1.000000000000000000e+00,1.273666367846194044e+04
1.020833333333333259e+00,1.440724361071224484e+04
1.041666666666666519e+00,1.616946460486296928e+04
1.062500000000000000e+00,1.404659068052635121e+04
1.083333333333333259e+00,1.286016011926374995e+04
1.104166666666666519e+00,1.530289463913253348e+04
1.125000000000000000e+00,1.564614431007303938e+04
1.145833333333333259e+00,1.358243578903651724e+04
1.166666666666666519e+00,1.339304134064149548e+04
1.187500000000000000e+00,1.530423984276064948e+04
1.208333333333333259e+00,1.516254463222092818e+04
1.229166666666666519e+00,1.358421596921401579e+04
1.250000000000000000e+00,1.429066432271559825e+04
1.270833333333333259e+00,1.490223021325732407e+04
1.291666666666666519e+00,1.444057314159248926e+04
1.312500000000000000e+00,1.422792234985968753e+04
1.333333333333333259e+00,1.470479741282006580e+04
1.354166666666666519e+00,1.428007301943399943e+04
1.375000000000000000e+00,1.449055116933931640e+04
1.395833333333333259e+00,1.498983269052227843e+04
1.416666666666666519e+00,1.396892055149617227e+04
1.437500000000000000e+00,1.358300909675942967e+04
1.458333333333333259e+00,1.512481683668911501e+04
1.479166666666666519e+00,1.530524605159208295e+04
1.500000000000000000e+00,1.336713457058681888e+04
1.520833333333333259e+00,1.382889396646763271e+04
1.541666666666666519e+00,1.603442299086163257e+04
1.562500000000000000e+00,1.469985441893295138e+04
1.583333333333333259e+00,1.272367188146836634e+04
1.604166666666666519e+00,1.445934582429393777e+04
1.625000000000000000e+00,1.609425927901746763e+04
1.645833333333333259e+00,1.388596476475434247e+04
1.666666666666666519e+00,1.303140730512339724e+04
1.687500000000000000e+00,1.530183649397315821e+04
1.708333333333333259e+00,1.529118112115620170e+04
1.729166666666666519e+00,1.342298494218292763e+04
1.750000000000000000e+00,1.383866209845575213e+04
1.770833333333333259e+00,1.522129282910835173e+04
1.791666666666666519e+00,1.447235240438605979e+04
1.812500000000000000e+00,1.462637510765137631e+04
1.833333333333333259e+00,1.475266481789614772e+04
1.854166666666666519e+00,1.500917621399170093e+04
1.875000000000000000e+00,1.456993838578249779e+04
1.895833333333333259e+00,1.477289277304947973e+04
1.916666666666666519e+00,1.453409784200638023e+04
1.937500000000000000e+00,1.381176207483880353e+04
1.958333333333333259e+00,1.511002963409059157e+04
1.979166666666666519e+00,1.531814297770401754e+04
2.000000000000000000e+00,1.337441543011007161e+04
2.020833333333333037e+00,1.362287714800803587e+04
2.041666666666666519e+00,1.584260891236922544e+04
2.062500000000000000e+00,1.478295559340199179e+04
2.083333333333333037e+00,1.276631892752441127e+04
2.104166666666666519e+00,1.431174842702557362e+04
2.125000000000000000e+00,1.616224841302667483e+04
2.145833333333333037e+00,1.418372728921307862e+04
2.166666666666666519e+00,1.277996671287046411e+04
2.187500000000000000e+00,1.528302889157834579e+04
2.208333333333333037e+00,1.563272822661152168e+04
2.229166666666666519e+00,1.326296694970992394e+04
2.250000000000000000e+00,1.342475572941950304e+04
2.270833333333333037e+00,1.540337598566439192e+04
2.291666666666666519e+00,1.510291931507040863e+04
2.312500000000000000e+00,1.358617295400884541e+04
2.333333333333333037e+00,1.460988270218823527e+04
2.354166666666666519e+00,1.485094356212261482e+04
2.375000000000000000e+00,1.444103214649494475e+04
2.395833333333333037e+00,1.424677268379673842e+04
2.416666666666666519e+00,1.444372909468056241e+04
2.437500000000000000e+00,1.428136730401671593e+04
2.458333333333333037e+00,1.444267929073364212e+04
2.479166666666666519e+00,1.520333197224600008e+04
2.500000000000000000e+00,1.402747046848440368e+04
2.520833333333333037e+00,1.390091102805535047e+04
2.541666666666666519e+00,1.502201301727713872e+04
2.562500000000000000e+00,1.521914292569325335e+04
2.583333333333333037e+00,1.401030438662962115e+04
2.604166666666666519e+00,1.381126766856745598e+04
2.625000000000000000e+00,1.544791255351279324e+04
2.645833333333333037e+00,1.528574480808159933e+04
2.666666666666666519e+00,1.283239215345914636e+04
2.687500000000000000e+00,1.458419331460964531e+04
2.708333333333333037e+00,1.585949264269630658e+04
2.729166666666666519e+00,1.408482520980350455e+04
2.750000000000000000e+00,1.274174385412843185e+04
2.770833333333333037e+00,1.555502741915146180e+04
2.791666666666666519e+00,1.594463987783713310e+04
2.812500000000000000e+00,1.273027081122149320e+04
2.833333333333333037e+00,1.333848391516072297e+04
2.854166666666666519e+00,1.616591487439109187e+04
2.875000000000000000e+00,1.514982760397336097e+04
2.895833333333333037e+00,1.272799867939808610e+04
2.916666666666666519e+00,1.430378372444335037e+04
2.937500000000000000e+00,1.568992166695562264e+04
2.958333333333333037e+00,1.439000624851719840e+04
2.979166666666666519e+00,1.346299404648880591e+04
3.000000000000000000e+00,1.444372698507868699e+04
3.020833333333333037e+00,1.492579193899992970e+04
3.041666666666666519e+00,1.456676729036352117e+04
3.062500000000000000e+00,1.444128955959721134e+04
3.083333333333333037e+00,1.383064243737806464e+04
3.104166666666666519e+00,1.444441682190042411e+04
3.125000000000000000e+00,1.525427941637079857e+04
3.145833333333333037e+00,1.453830206410381652e+04
3.166666666666666519e+00,1.361823480708910938e+04
3.187500000000000000e+00,1.468125178295185106e+04
3.208333333333333037e+00,1.596115010977419661e+04
3.229166666666666519e+00,1.373301474844820405e+04
3.250000000000000000e+00,1.272907191224283451e+04
3.270833333333333037e+00,1.548132597152391099e+04
3.291666666666666519e+00,1.569306020825477026e+04
3.312500000000000000e+00,1.278494659415328715e+04
3.333333333333333037e+00,1.368973253657944588e+04
3.354166666666666519e+00,1.616478647437100517e+04
3.375000000000000000e+00,1.450781732696953259e+04
3.395833333333333037e+00,1.281092009201729161e+04
3.416666666666666519e+00,1.481548788248767596e+04
3.437500000000000000e+00,1.603023315699267914e+04
3.458333333333333037e+00,1.345516609489596885e+04
3.479166666666666519e+00,1.328749054764597167e+04
3.500000000000000000e+00,1.530219245181181395e+04
3.520833333333333037e+00,1.533179112588648059e+04
3.541666666666666519e+00,1.344498339556075734e+04
3.562500000000000000e+00,1.402392540846447446e+04
3.583333333333333037e+00,1.506608100665378879e+04
3.604166666666666519e+00,1.444226061399552054e+04
3.625000000000000000e+00,1.448203393571726338e+04
3.645833333333333037e+00,1.451179653965734178e+04
3.666666666666666519e+00,1.421619329389591439e+04
3.687500000000000000e+00,1.449932808455187478e+04
3.708333333333333037e+00,1.524911256704168773e+04
3.729166666666666519e+00,1.394292741295352971e+04
3.750000000000000000e+00,1.390626320431180284e+04
3.770833333333333037e+00,1.518444279860987808e+04
3.791666666666666519e+00,1.521394933667105943e+04
3.812500000000000000e+00,1.327928558447464093e+04
3.833333333333333037e+00,1.367313732245871142e+04
3.854166666666666519e+00,1.574489211593368600e+04
3.875000000000000000e+00,1.471443311978896963e+04
3.895833333333333037e+00,1.320258924266381655e+04
3.916666666666666519e+00,1.447357379303458220e+04
3.937500000000000000e+00,1.530533206125376455e+04
3.958333333333333037e+00,1.399862701089633629e+04
3.979166666666666519e+00,1.386236012170975300e+04
4.000000000000000000e+00,1.530322975437725472e+04
4.020833333333333037e+00,1.461434389992350771e+04
4.041666666666666075e+00,1.356470906973059755e+04
4.062500000000000000e+00,1.469145670312181392e+04
4.083333333333333037e+00,1.541287545840532039e+04
4.104166666666666075e+00,1.383192410705053771e+04
4.125000000000000000e+00,1.413399172776303749e+04
4.145833333333333037e+00,1.530592867535599726e+04
4.166666666666666075e+00,1.462919191680090080e+04
4.187500000000000000e+00,1.331136559577743537e+04
4.208333333333333037e+00,1.464672384606723790e+04
4.229166666666666075e+00,1.526102031638225526e+04
4.250000000000000000e+00,1.367375408369585784e+04
4.270833333333333037e+00,1.414058507639094023e+04
4.291666666666666075e+00,1.530541499852392008e+04
4.312500000000000000e+00,1.441079031989381838e+04
4.333333333333333037e+00,1.358541373612715324e+04
4.354166666666666075e+00,1.510381349038484041e+04
4.375000000000000000e+00,1.496507929428826901e+04
4.395833333333333037e+00,1.330107824343795437e+04
4.416666666666666075e+00,1.422095300904350370e+04
4.437500000000000000e+00,1.530540239673541510e+04
4.458333333333333037e+00,1.443312248851440017e+04
4.479166666666666075e+00,1.359462453519419796e+04
4.500000000000000000e+00,1.542466378913692461e+04
4.520833333333333037e+00,1.501665779735417891e+04
4.541666666666666075e+00,1.300332249053151099e+04
4.562500000000000000e+00,1.425405309477630362e+04
4.583333333333333037e+00,1.616511610890382508e+04
4.604166666666666075e+00,1.428393833075025759e+04
4.625000000000000000e+00,1.273532317180858445e+04
4.645833333333333037e+00,1.520868912096884014e+04
4.666666666666666075e+00,1.535745722497640236e+04
4.687500000000000000e+00,1.358572706592639224e+04
4.708333333333333037e+00,1.340548690238567360e+04
4.729166666666666075e+00,1.530471397064101620e+04
4.750000000000000000e+00,1.511868157203200826e+04
4.770833333333333037e+00,1.361564465056214613e+04
4.791666666666666075e+00,1.478683256263407748e+04
4.812500000000000000e+00,1.482273268282975914e+04
4.833333333333333037e+00,1.407557064755602187e+04
4.854166666666666075e+00,1.414361227345879888e+04
4.875000000000000000e+00,1.516228843832485290e+04
4.895833333333333037e+00,1.412599056838980687e+04
4.916666666666666075e+00,1.372201046535221394e+04
4.937500000000000000e+00,1.530390376201752952e+04
4.958333333333333037e+00,1.472723061871074970e+04
4.979166666666666075e+00,1.390077845854711632e+04
5.000000000000000000e+00,1.442488957771271453e+04
5.020833333333333037e+00,1.522561266530616194e+04
5.041666666666666075e+00,1.407596516205230728e+04
5.062500000000000000e+00,1.374974511369282845e+04
5.083333333333333037e+00,1.530085505200332409e+04
5.104166666666666075e+00,1.471697003382502589e+04
5.125000000000000000e+00,1.342726904132152413e+04
5.145833333333333037e+00,1.442102927705426191e+04
5.166666666666666075e+00,1.530587938203578960e+04
5.187500000000000000e+00,1.388820212582191743e+04
5.208333333333333037e+00,1.392245254809719336e+04
5.229166666666666075e+00,1.530495548618472094e+04
5.250000000000000000e+00,1.463408938716989360e+04
5.270833333333333037e+00,1.392381987132080758e+04
5.291666666666666075e+00,1.471976646438971511e+04
5.312500000000000000e+00,1.492620242413070446e+04
5.333333333333333037e+00,1.358391909622021194e+04
5.354166666666666075e+00,1.466971807024244481e+04
5.375000000000000000e+00,1.530609197036999103e+04
5.395833333333333037e+00,1.417578880610076158e+04
5.416666666666666075e+00,1.394983502282482004e+04
5.437500000000000000e+00,1.513663335567672766e+04
5.458333333333333037e+00,1.521725582672452583e+04
5.479166666666666075e+00,1.362358010939798987e+04
5.500000000000000000e+00,1.400581003287072235e+04
5.520833333333333037e+00,1.532217202439561515e+04
5.541666666666666075e+00,1.444188378743072099e+04
5.562500000000000000e+00,1.359558170055047958e+04
5.583333333333333037e+00,1.513905562755970459e+04
5.604166666666666075e+00,1.495898035143895686e+04
5.625000000000000000e+00,1.346211144911084193e+04
5.645833333333333037e+00,1.441612020002372446e+04
5.666666666666666075e+00,1.531227389391445467e+04
5.687500000000000000e+00,1.397699302451009862e+04
5.708333333333333037e+00,1.384933264092590980e+04
5.729166666666666075e+00,1.530758444550249988e+04
5.750000000000000000e+00,1.469934524646781574e+04
5.770833333333333037e+00,1.328479944434997742e+04
5.791666666666666075e+00,1.469818965874318019e+04
5.812500000000000000e+00,1.530954916143679293e+04
5.833333333333333037e+00,1.392164147413182945e+04
5.854166666666666075e+00,1.387900706275706762e+04
5.875000000000000000e+00,1.530362642176847294e+04
5.895833333333333037e+00,1.466461045378605922e+04
5.916666666666666075e+00,1.358485964867490839e+04
5.937500000000000000e+00,1.459891560912071873e+04
5.958333333333333037e+00,1.530301966236422959e+04
5.979166666666666075e+00,1.378200365983054144e+04
6.000000000000000000e+00,1.431567730491003385e+04
6.020833333333333037e+00,1.530348061112811047e+04
6.041666666666666075e+00,1.429403198896534013e+04
6.062500000000000000e+00,1.358853345306998017e+04
6.083333333333333037e+00,1.481792514093623322e+04
6.104166666666666075e+00,1.530895254354686040e+04
6.125000000000000000e+00,1.300429033513032482e+04
6.145833333333333037e+00,1.422109522521161853e+04
6.166666666666666075e+00,1.545934007937966089e+04
6.187500000000000000e+00,1.487905553213948951e+04
6.208333333333333037e+00,1.360304721956322101e+04
6.229166666666666075e+00,1.453240239523307901e+04
6.250000000000000000e+00,1.531166835594870281e+04
6.270833333333333037e+00,1.392041212948466273e+04
6.291666666666666075e+00,1.382808143245348037e+04
6.312500000000000000e+00,1.530520835242082467e+04
6.333333333333333037e+00,1.484640880008228123e+04
6.354166666666666075e+00,1.358481871587925707e+04
6.375000000000000000e+00,1.417928341853978054e+04
6.395833333333333037e+00,1.530278057925908070e+04
6.416666666666666075e+00,1.457668653213934158e+04
6.437500000000000000e+00,1.366704446056408415e+04
6.458333333333333037e+00,1.468274256540423448e+04
6.479166666666666075e+00,1.495142558488376017e+04
6.500000000000000000e+00,1.372309020176472040e+04
6.520833333333333037e+00,1.465420060841890154e+04
6.541666666666666075e+00,1.530693579360287913e+04
6.562500000000000000e+00,1.382427349826245700e+04
6.583333333333333037e+00,1.359238937774150327e+04
6.604166666666666075e+00,1.540817882744179951e+04
6.625000000000000000e+00,1.530672266321387724e+04
6.645833333333333037e+00,1.299753293100779410e+04
6.666666666666666075e+00,1.394240753889831831e+04
6.687500000000000000e+00,1.616249334017843648e+04
6.708333333333333037e+00,1.469654915672036805e+04
6.729166666666666075e+00,1.272673869369395834e+04
6.750000000000000000e+00,1.442532909346872111e+04
6.770833333333333037e+00,1.592556966514857049e+04
6.791666666666666075e+00,1.399952341370282011e+04
6.812500000000000000e+00,1.289277333989191175e+04
6.833333333333333037e+00,1.530198733196078683e+04
6.854166666666666075e+00,1.531911029270063955e+04
6.875000000000000000e+00,1.358853718864839902e+04
6.895833333333333037e+00,1.367969150583500232e+04
6.916666666666666075e+00,1.530470661602680411e+04
6.937500000000000000e+00,1.460894728198379016e+04
6.958333333333333037e+00,1.415195922987525410e+04
6.979166666666666075e+00,1.451120747299952200e+04
7.000000000000000000e+00,1.458601485708274777e+04
7.020833333333333037e+00,1.444688408322523901e+04
7.041666666666666075e+00,1.467792709611120881e+04
7.062500000000000000e+00,1.441139304131262543e+04
7.083333333333333037e+00,1.359431368640817527e+04
7.104166666666666075e+00,1.496382184164159480e+04
7.125000000000000000e+00,1.530299807839787900e+04
7.145833333333333037e+00,1.404461668005496176e+04
7.166666666666666075e+00,1.358868148317137820e+04
7.187500000000000000e+00,1.568915144124658400e+04
7.208333333333333037e+00,1.509525499595258589e+04
7.229166666666666075e+00,1.272651936937518622e+04
7.250000000000000000e+00,1.432092917601014051e+04
7.270833333333333037e+00,1.583502016913268744e+04
7.291666666666666075e+00,1.392592539622437471e+04
7.312500000000000000e+00,1.298486434625842230e+04
7.333333333333333037e+00,1.527873412560632642e+04
7.354166666666666075e+00,1.562055161815561223e+04
7.375000000000000000e+00,1.358436080386972026e+04
7.395833333333333037e+00,1.350873481514996820e+04
7.416666666666666075e+00,1.530465862896844556e+04
7.437500000000000000e+00,1.495523746742683215e+04
7.458333333333333037e+00,1.369232663299023625e+04
7.479166666666666075e+00,1.444024567903588468e+04
7.500000000000000000e+00,1.476099073059840157e+04
7.520833333333333037e+00,1.444213047521407861e+04
7.541666666666666075e+00,1.433130328741060293e+04
7.562500000000000000e+00,1.458348354751585066e+04
7.583333333333333037e+00,1.422320789463476467e+04
7.604166666666666075e+00,1.453023556785672918e+04
7.625000000000000000e+00,1.526541955525462981e+04
7.645833333333333037e+00,1.389239132175700433e+04
7.666666666666666075e+00,1.312565229815939165e+04
7.687500000000000000e+00,1.493343035782545121e+04
7.708333333333333037e+00,1.533520850833119403e+04
7.729166666666666075e+00,1.308293167946189715e+04
7.750000000000000000e+00,1.379302236834828363e+04
7.770833333333333037e+00,1.604257846897006311e+04
7.791666666666666075e+00,1.455945263196806991e+04
7.812500000000000000e+00,1.271365706502374087e+04
7.833333333333333037e+00,1.454964815045264913e+04
7.854166666666666075e+00,1.592454139015145120e+04
7.875000000000000000e+00,1.357867475523430767e+04
7.895833333333333037e+00,1.329440621183734402e+04
7.916666666666666075e+00,1.530370426880025843e+04
7.937500000000000000e+00,1.535355781297675276e+04
7.958333333333333037e+00,1.358442409963864702e+04
7.979166666666666075e+00,1.401935480618857400e+04
8.000000000000000000e+00,1.515064650405856446e+04
8.020833333333332149e+00,1.444165946761434680e+04
8.041666666666666075e+00,1.403854244772066886e+04
8.062500000000000000e+00,1.478419502798120811e+04
8.083333333333332149e+00,1.437408174306571163e+04
8.104166666666666075e+00,1.416938123378352975e+04
8.125000000000000000e+00,1.510214896489728199e+04
8.145833333333332149e+00,1.430941484437238250e+04
8.166666666666666075e+00,1.358428946749441093e+04
8.187500000000000000e+00,1.506807253293870963e+04
8.208333333333332149e+00,1.530289729704994534e+04
8.229166666666666075e+00,1.351258434889147975e+04
8.250000000000000000e+00,1.396334019953522511e+04
8.270833333333332149e+00,1.554776420268436777e+04
8.291666666666666075e+00,1.455142788173489316e+04
8.312500000000000000e+00,1.308369802367030206e+04
8.333333333333332149e+00,1.499547918650432621e+04
8.354166666666666075e+00,1.544188204579484591e+04
8.375000000000000000e+00,1.345389838243780468e+04
8.395833333333332149e+00,1.360956185094813191e+04
8.416666666666666075e+00,1.586761149722670598e+04
8.437500000000000000e+00,1.490409398851888182e+04
8.458333333333332149e+00,1.272384822116416035e+04
8.479166666666666075e+00,1.445816120584787859e+04
8.500000000000000000e+00,1.616379341036166443e+04
8.520833333333332149e+00,1.425076586434320416e+04
8.541666666666666075e+00,1.275749672842143991e+04
8.562500000000000000e+00,1.522464405719604838e+04
8.583333333333332149e+00,1.523678930920646962e+04
8.604166666666666075e+00,1.358574759798757077e+04
8.625000000000000000e+00,1.346004518844726408e+04
8.645833333333332149e+00,1.530498402769456152e+04
8.666666666666666075e+00,1.501953491160917838e+04
8.687500000000000000e+00,1.368315926838120140e+04
8.708333333333332149e+00,1.474474153767686585e+04
8.729166666666666075e+00,1.470448878924245582e+04
8.750000000000000000e+00,1.444403254572036894e+04
8.770833333333332149e+00,1.445574416602172278e+04
8.791666666666666075e+00,1.444469288293435238e+04
8.812500000000000000e+00,1.397825549741304349e+04
8.833333333333332149e+00,1.468799189036139069e+04
8.854166666666666075e+00,1.529958956875561853e+04
8.875000000000000000e+00,1.391245569195953067e+04
8.895833333333332149e+00,1.379716078312313402e+04
8.916666666666666075e+00,1.475386441903923333e+04
8.937500000000000000e+00,1.560037418463715221e+04
8.958333333333332149e+00,1.394367377991837202e+04
8.979166666666666075e+00,1.387959299867289155e+04
9.000000000000000000e+00,1.532395381704215106e+04
9.020833333333332149e+00,1.470639023860921952e+04
9.041666666666666075e+00,1.360148718781008210e+04
9.062500000000000000e+00,1.451003276940183787e+04
9.083333333333332149e+00,1.500430231757903675e+04
9.104166666666666075e+00,1.395797518225884778e+04
9.125000000000000000e+00,1.373892895318693991e+04
9.145833333333332149e+00,1.530349517912368901e+04
9.166666666666666075e+00,1.503968123665566964e+04
9.187500000000000000e+00,1.372493308179141604e+04
9.208333333333332149e+00,1.378175794871049948e+04
9.229166666666666075e+00,1.529724501110627534e+04
9.250000000000000000e+00,1.523114749873967230e+04
9.270833333333332149e+00,1.331047084440708932e+04
9.291666666666666075e+00,1.357925975150572049e+04
9.312500000000000000e+00,1.563250232401269386e+04
9.333333333333332149e+00,1.530271790873530699e+04
9.354166666666666075e+00,1.327070275092757583e+04
9.375000000000000000e+00,1.357793596429608806e+04
9.395833333333332149e+00,1.569043728593049309e+04
9.416666666666666075e+00,1.529805927913000778e+04
9.437500000000000000e+00,1.315506915777753966e+04
9.458333333333332149e+00,1.338954083537321276e+04
9.479166666666666075e+00,1.590291465907227393e+04
9.500000000000000000e+00,1.518868065895964173e+04
9.520833333333332149e+00,1.271397883360698688e+04
9.541666666666666075e+00,1.357255778412000654e+04
9.562500000000000000e+00,1.615025351030488673e+04
9.583333333333332149e+00,1.554877579504580353e+04
9.604166666666666075e+00,1.287344936197696370e+04
9.625000000000000000e+00,1.389059119091624234e+04
9.645833333333332149e+00,1.615493709288752507e+04
9.666666666666666075e+00,1.532953975311085742e+04
9.687500000000000000e+00,1.273721448989300188e+04
9.708333333333332149e+00,1.358872261542186243e+04
9.729166666666666075e+00,1.573172139452521515e+04
9.750000000000000000e+00,1.529738206450982034e+04
9.770833333333332149e+00,1.330364400543553711e+04
9.791666666666666075e+00,1.363387757857860561e+04
9.812500000000000000e+00,1.529340652325894189e+04
9.833333333333332149e+00,1.529001780049855734e+04
9.854166666666666075e+00,1.357419486290676286e+04
9.875000000000000000e+00,1.395043207663671637e+04
9.895833333333332149e+00,1.529235486292410860e+04
9.916666666666666075e+00,1.512385756426984153e+04
9.937500000000000000e+00,1.357574634305876316e+04
9.958333333333332149e+00,1.351523477692031520e+04
9.979166666666666075e+00,1.529030007344797559e+04
1.000000000000000000e+01,1.528729099920146473e+04
1.002083333333333215e+01,1.362798718922026092e+04
1.004166666666666607e+01,1.378951600659887117e+04
1.006250000000000000e+01,1.529453386556217811e+04
1.008333333333333215e+01,1.496324652749549932e+04
1.010416666666666607e+01,1.357700989551693056e+04
1.012500000000000000e+01,1.405739779473674571e+04
1.014583333333333215e+01,1.529309336235898445e+04
1.016666666666666607e+01,1.455449021847576660e+04
1.018750000000000000e+01,1.375205189134421744e+04
1.020833333333333215e+01,1.443133661708183354e+04
1.022916666666666607e+01,1.533240992657724564e+04
1.025000000000000000e+01,1.469257047277437596e+04
1.027083333333333215e+01,1.357267787003673220e+04
1.029166666666666607e+01,1.427315045227093651e+04
1.031250000000000000e+01,1.529290049785931842e+04
1.033333333333333215e+01,1.443222712525034513e+04
1.035416666666666607e+01,1.357055648578552791e+04
1.037500000000000000e+01,1.442939895993901519e+04
1.039583333333333215e+01,1.528950149995258471e+04
1.041666666666666607e+01,1.512410839017818944e+04
1.043750000000000000e+01,1.361072222577186039e+04
1.045833333333333215e+01,1.363271109952217012e+04
1.047916666666666607e+01,1.530486916533844487e+04
1.050000000000000000e+01,1.529688954743152135e+04
1.052083333333333215e+01,1.327166145267799220e+04
1.054166666666666607e+01,1.390828457275222900e+04
1.056250000000000000e+01,1.529522817338188543e+04
1.058333333333333215e+01,1.514562548133443852e+04
1.060416666666666607e+01,1.357586033828411018e+04
1.062500000000000000e+01,1.358114922545113222e+04
1.064583333333333215e+01,1.529083229984151694e+04
1.066666666666666607e+01,1.528887716204345998e+04
1.068750000000000000e+01,1.357126053171082822e+04
1.070833333333333215e+01,1.380970794192490939e+04
1.072916666666666607e+01,1.529457124768710128e+04
1.075000000000000000e+01,1.529138408448736300e+04
1.077083333333333215e+01,1.357308368804547354e+04
1.079166666666666607e+01,1.357194203883603041e+04
1.081250000000000000e+01,1.528923321175893216e+04
1.083333333333333215e+01,1.528784197349782698e+04
1.085416666666666607e+01,1.357018560508080191e+04
1.087500000000000000e+01,1.320325649386510850e+04
1.089583333333333215e+01,1.529041833454203152e+04
1.091666666666666607e+01,1.562811974359714441e+04
1.093750000000000000e+01,1.363852798263639124e+04
1.095833333333333215e+01,1.346482576019705448e+04
1.097916666666666607e+01,1.529557861010349370e+04
1.100000000000000000e+01,1.584296479531670775e+04
1.102083333333333215e+01,1.329912152667435294e+04
1.104166666666666607e+01,1.288973064063826678e+04
1.106250000000000000e+01,1.531592229944724386e+04
1.108333333333333215e+01,1.614990367995835913e+04
1.110416666666666607e+01,1.357142326979610152e+04
1.112500000000000000e+01,1.271171969381786403e+04
1.114583333333333215e+01,1.528885504226661578e+04
1.116666666666666607e+01,1.614294822383427527e+04
1.118750000000000000e+01,1.356848751344421908e+04
1.120833333333333215e+01,1.270964363034412600e+04
1.122916666666666607e+01,1.463436152005421172e+04
1.125000000000000000e+01,1.619611929231740942e+04
1.127083333333333215e+01,1.446245949076448233e+04
1.129166666666666607e+01,1.273230901730211917e+04
1.131250000000000000e+01,1.457305144725861101e+04
1.133333333333333215e+01,1.609215067845463273e+04
1.135416666666666607e+01,1.429613912280641671e+04
1.137500000000000000e+01,1.271809336028767939e+04
1.139583333333333215e+01,1.454294556370882492e+04
1.141666666666666607e+01,1.615198122166267785e+04
1.143750000000000000e+01,1.443192257222125409e+04
1.145833333333333215e+01,1.271405751124741437e+04
1.147916666666666607e+01,1.448613220485672718e+04
1.150000000000000000e+01,1.603590777484697173e+04
1.152083333333333215e+01,1.443283217196522310e+04
1.154166666666666607e+01,1.271563926681769590e+04
1.156250000000000000e+01,1.451650692225641978e+04
1.158333333333333215e+01,1.615109303999763870e+04
1.160416666666666607e+01,1.443169078230502055e+04
1.162500000000000000e+01,1.271539937255626137e+04
1.164583333333333215e+01,1.443349899874717812e+04
1.166666666666666607e+01,1.604415407172289997e+04
1.168750000000000000e+01,1.443350267629748851e+04
1.170833333333333215e+01,1.271503352632871611e+04
1.172916666666666607e+01,1.443205026061347235e+04
1.175000000000000000e+01,1.615020024495794132e+04
1.177083333333333215e+01,1.439501850200433182e+04
1.179166666666666607e+01,1.271192393498273668e+04
1.181250000000000000e+01,1.442870225064746410e+04
1.183333333333333215e+01,1.594598932285616320e+04
1.185416666666666607e+01,1.413277933846223823e+04
1.187500000000000000e+01,1.277764040361997104e+04
1.189583333333333215e+01,1.473622951311754150e+04
1.191666666666666607e+01,1.615420392072930554e+04
1.193750000000000000e+01,1.417182512645228780e+04
1.195833333333333215e+01,1.271381481836726016e+04
1.197916666666666607e+01,1.453081498481153176e+04
1.200000000000000000e+01,1.605878371998563307e+04
1.202083333333333215e+01,1.440408318654786126e+04
1.204166666666666607e+01,1.270371174356156916e+04
1.206250000000000000e+01,1.469806719575167153e+04
1.208333333333333215e+01,1.614465329296575510e+04
1.210416666666666607e+01,1.414552255770138800e+04
1.212500000000000000e+01,1.271210362478544630e+04
1.214583333333333215e+01,1.442921455939066436e+04
1.216666666666666607e+01,1.608015018088471697e+04
1.218750000000000000e+01,1.443131763049500660e+04
1.220833333333333215e+01,1.271190036324129323e+04
1.222916666666666607e+01,1.442928541699919515e+04
1.225000000000000000e+01,1.613703162160594729e+04
1.227083333333333215e+01,1.442913715244393097e+04
1.229166666666666607e+01,1.271116320158028611e+04
1.231250000000000000e+01,1.445968281342467890e+04
1.233333333333333215e+01,1.603250129346755784e+04
1.235416666666666607e+01,1.443041253956620858e+04
1.237500000000000000e+01,1.271289278868988185e+04
1.239583333333333215e+01,1.448766472177058313e+04
1.241666666666666607e+01,1.614784613175228515e+04
1.243750000000000000e+01,1.442796377043143730e+04
1.245833333333333215e+01,1.271237057122971601e+04
1.247916666666666607e+01,1.443116506167344414e+04
1.250000000000000000e+01,1.607056248876835525e+04
1.252083333333333215e+01,1.442867535379682158e+04
1.254166666666666607e+01,1.271324746262816916e+04
1.256250000000000000e+01,1.454520370416778314e+04
1.258333333333333215e+01,1.614523433666821074e+04
1.260416666666666607e+01,1.442861944180220962e+04
1.262500000000000000e+01,1.271373235091672541e+04
1.264583333333333215e+01,1.443240690670240292e+04
1.266666666666666607e+01,1.600866820069410824e+04
1.268750000000000000e+01,1.443147803615584417e+04
1.270833333333333215e+01,1.271391514636022839e+04
1.272916666666666607e+01,1.443124523448197942e+04
1.275000000000000000e+01,1.614838490846131390e+04
1.277083333333333215e+01,1.426572121538826468e+04
1.279166666666666607e+01,1.271182938801504861e+04
1.281250000000000000e+01,1.442902172147803867e+04
1.283333333333333215e+01,1.584537664635961846e+04
1.285416666666666607e+01,1.426346728959196116e+04
1.287500000000000000e+01,1.260700301885177760e+04
1.289583333333333215e+01,1.436358281582053314e+04
1.291666666666666607e+01,1.603076654625130323e+04
1.293750000000000000e+01,1.440633625030649273e+04
1.295833333333333215e+01,1.269556240403870470e+04
1.297916666666666607e+01,1.441850669159984682e+04
1.300000000000000000e+01,1.614232633490477019e+04
1.302083333333333215e+01,1.442605982150305135e+04
1.304166666666666607e+01,1.270771244558317994e+04
1.306250000000000000e+01,1.442592785708092197e+04
1.308333333333333215e+01,1.600481419334838938e+04
1.310416666666666607e+01,1.428727688132263211e+04
1.312500000000000000e+01,1.271718616413353084e+04
1.314583333333333215e+01,1.455265320554436767e+04
1.316666666666666607e+01,1.615079484189975847e+04
1.318750000000000000e+01,1.443133031423498323e+04
1.320833333333333215e+01,1.271296343810236795e+04
1.322916666666666607e+01,1.452358915961813909e+04
1.325000000000000000e+01,1.614865648556351516e+04
1.327083333333333215e+01,1.442866098592678827e+04
1.329166666666666607e+01,1.271127144493464220e+04
1.331250000000000000e+01,1.447575359958308400e+04
1.333333333333333215e+01,1.603771175514399147e+04
1.335416666666666607e+01,1.440715045814487894e+04
1.337500000000000000e+01,1.271179488973959451e+04
1.339583333333333215e+01,1.459804311763561782e+04
1.341666666666666607e+01,1.613731628716341947e+04
1.343750000000000000e+01,1.411199217390047852e+04
1.345833333333333215e+01,1.271533115886116502e+04
1.347916666666666607e+01,1.471261845111356524e+04
1.350000000000000000e+01,1.611295554310224907e+04
1.352083333333333215e+01,1.421721210100287863e+04
1.354166666666666607e+01,1.271571534834423801e+04
1.356250000000000000e+01,1.443149134644616061e+04
1.358333333333333215e+01,1.608273233742594311e+04
1.360416666666666607e+01,1.443274229062407539e+04
1.362500000000000000e+01,1.318529473959473398e+04
1.364583333333333215e+01,1.472635875648962610e+04
1.366666666666666607e+01,1.633510369291428651e+04
1.368750000000000000e+01,1.454675892658531666e+04
1.370833333333333215e+01,1.278370056115486295e+04
1.372916666666666607e+01,1.447383340480316110e+04
1.375000000000000000e+01,1.602347748208100165e+04
1.377083333333333215e+01,1.429847428529546596e+04
1.379166666666666607e+01,1.276765052890672814e+04
1.381250000000000000e+01,1.444909510247040453e+04
1.383333333333333215e+01,1.615597708527320719e+04
1.385416666666666607e+01,1.443486311701752857e+04
1.387500000000000000e+01,1.271540519549926830e+04
1.389583333333333215e+01,1.465160036359187143e+04
1.391666666666666607e+01,1.607804681336545036e+04
1.393750000000000000e+01,1.443444923875455788e+04
1.395833333333333215e+01,1.271691845531290164e+04
1.397916666666666607e+01,1.466987903956681475e+04
1.400000000000000000e+01,1.610704673245792219e+04
1.402083333333333215e+01,1.411707809820038528e+04
1.404166666666666607e+01,1.271658954662835458e+04
1.406250000000000000e+01,1.471030115565400411e+04
1.408333333333333215e+01,1.608165897653166758e+04
1.410416666666666607e+01,1.398608618488195862e+04
1.412500000000000000e+01,1.271710022508898328e+04
1.414583333333333215e+01,1.448724739175826107e+04
1.416666666666666607e+01,1.615134537058968999e+04
1.418750000000000000e+01,1.443120319627354547e+04
1.420833333333333215e+01,1.271206339214412219e+04
1.422916666666666607e+01,1.452273458455744912e+04
1.425000000000000000e+01,1.604982741288114266e+04
1.427083333333333215e+01,1.443114982511107519e+04
1.429166666666666607e+01,1.271279951353710567e+04
1.431250000000000000e+01,1.443035404680003194e+04
1.433333333333333215e+01,1.614748937035214840e+04
1.435416666666666607e+01,1.442782917942970744e+04
1.437500000000000000e+01,1.271108459797278920e+04
1.439583333333333215e+01,1.442950307565910771e+04
1.441666666666666607e+01,1.600461063855599059e+04
1.443750000000000000e+01,1.440913900211144937e+04
1.445833333333333215e+01,1.270002701554662781e+04
1.447916666666666607e+01,1.442318939094096277e+04
1.450000000000000000e+01,1.614255133237100381e+04
1.452083333333333215e+01,1.442459439862456566e+04
1.454166666666666607e+01,1.271043205787093393e+04
1.456250000000000000e+01,1.454370210981047785e+04
1.458333333333333215e+01,1.606289140523653987e+04
1.460416666666666607e+01,1.442995519665686152e+04
1.462500000000000000e+01,1.271481479938842676e+04
1.464583333333333215e+01,1.450018850959934935e+04
1.466666666666666607e+01,1.614961981495232249e+04
1.468750000000000000e+01,1.442973221808558810e+04
1.470833333333333215e+01,1.271409560558906378e+04
1.472916666666666607e+01,1.443242057603176727e+04
1.475000000000000000e+01,1.600195874827477382e+04
1.477083333333333215e+01,1.421282749575952039e+04
1.479166666666666607e+01,1.274780349561398543e+04
1.481250000000000000e+01,1.443433195968312066e+04
1.483333333333333215e+01,1.615200699177601928e+04
1.485416666666666607e+01,1.443216619678450661e+04
1.487500000000000000e+01,1.271340848854738579e+04
1.489583333333333215e+01,1.452956570358917816e+04
1.491666666666666607e+01,1.607943722376723235e+04
1.493750000000000000e+01,1.438245664140187000e+04
1.495833333333333215e+01,1.271298523647980255e+04
1.497916666666666607e+01,1.442977460011831499e+04
1.500000000000000000e+01,1.614857137593797233e+04
1.502083333333333215e+01,1.428333234089799953e+04
1.504166666666666607e+01,1.271202502345176981e+04
1.506250000000000000e+01,1.443044617108441162e+04
1.508333333333333215e+01,1.603150143772707088e+04
1.510416666666666607e+01,1.443196254821174807e+04
1.512500000000000000e+01,1.271513832055707826e+04
1.514583333333333215e+01,1.470589499470415467e+04
1.516666666666666607e+01,1.615034862419297860e+04
1.518750000000000000e+01,1.423387588508616318e+04
1.520833333333333215e+01,1.253571156439300466e+04
1.522916666666666607e+01,1.451125783656386193e+04
1.525000000000000000e+01,1.601995548681119908e+04
1.527083333333333215e+01,1.431407207734999974e+04
1.529166666666666607e+01,1.268988154251325614e+04
1.531250000000000000e+01,1.468668635703542532e+04
1.533333333333333215e+01,1.613308190329009813e+04
1.535416666666666607e+01,1.378300921058079621e+04
1.537500000000000000e+01,1.271480036057263351e+04
1.539583333333333215e+01,1.499047439352714355e+04
1.541666666666666607e+01,1.607938067997021790e+04
1.543750000000000000e+01,1.357350462265494571e+04
1.545833333333333215e+01,1.271400945388505352e+04
1.547916666666666607e+01,1.529250853656540130e+04
1.550000000000000000e+01,1.615085927540310513e+04
1.552083333333333215e+01,1.317552466268776698e+04
1.554166666666666607e+01,1.271355073538010038e+04
1.556250000000000000e+01,1.560055539808007597e+04
1.558333333333333215e+01,1.615166665360165280e+04
1.560416666666666607e+01,1.304098379747038052e+04
1.562500000000000000e+01,1.271390222197379626e+04
1.564583333333333215e+01,1.611645536263094255e+04
1.566666666666666607e+01,1.572877204216655446e+04
1.568750000000000000e+01,1.271431922089662476e+04
1.570833333333333215e+01,1.315978546282602474e+04
1.572916666666666607e+01,1.615108746331588554e+04
1.575000000000000000e+01,1.525991820426688355e+04
1.577083333333333215e+01,1.280986125909241309e+04
1.579166666666666607e+01,1.357321078129926536e+04
1.581250000000000000e+01,1.614827693983039717e+04
1.583333333333333215e+01,1.528758509219669941e+04
1.585416666666666607e+01,1.271108503791216935e+04
1.587500000000000000e+01,1.357096306442535933e+04
1.589583333333333215e+01,1.593812602475810127e+04
1.591666666666666607e+01,1.528762952086949008e+04
1.593750000000000000e+01,1.271133934680483435e+04
1.595833333333333215e+01,1.369540289893711088e+04
1.597916666666666607e+01,1.614852531858429575e+04
1.600000000000000000e+01,1.528788446549107903e+04
1.602083333333333215e+01,1.271112943252345212e+04
1.604166666666666430e+01,1.357110606501283473e+04
1.606250000000000000e+01,1.590074530613857496e+04
1.608333333333333215e+01,1.502734024526474604e+04
1.610416666666666430e+01,1.271350719285926971e+04
1.612500000000000000e+01,1.364779692602614159e+04
1.614583333333333215e+01,1.615116453444582294e+04
1.616666666666666430e+01,1.529044338185873494e+04
1.618750000000000000e+01,1.271175009199793203e+04
1.620833333333333215e+01,1.357052816634595001e+04
1.622916666666666430e+01,1.614779136533569908e+04
1.625000000000000000e+01,1.528838657979314303e+04
1.627083333333333215e+01,1.271090826839092915e+04
1.629166666666666430e+01,1.358437993438245030e+04
1.631250000000000000e+01,1.604036950190189964e+04
1.633333333333333215e+01,1.528788847016606087e+04
1.635416666666666430e+01,1.271078444664090784e+04
1.637500000000000000e+01,1.378310948456136975e+04
1.639583333333333215e+01,1.590877974689796974e+04
1.641666666666666430e+01,1.529044276841567989e+04
1.643750000000000000e+01,1.271351865275607997e+04
1.645833333333333215e+01,1.357322091855201143e+04
1.647916666666666430e+01,1.614952547009930277e+04
1.650000000000000000e+01,1.502098017877871098e+04
1.652083333333333215e+01,1.271278460924122919e+04
1.654166666666666430e+01,1.359693573791371455e+04
1.656250000000000000e+01,1.614889643700517263e+04
1.658333333333333215e+01,1.528839995914682731e+04
1.660416666666666430e+01,1.271002457221637815e+04
1.662500000000000000e+01,1.363070270244175117e+04
1.664583333333333215e+01,1.573870181693299673e+04
1.666666666666666430e+01,1.528932848564370943e+04
1.668750000000000000e+01,1.316509770538367229e+04
1.670833333333333215e+01,1.372088401684452765e+04
1.672916666666666430e+01,1.529110373732040898e+04
1.675000000000000000e+01,1.541027194186096676e+04
1.677083333333333215e+01,1.357288514890105216e+04
1.679166666666666430e+01,1.369533474495237897e+04
1.681250000000000000e+01,1.529023354287164329e+04
1.683333333333333215e+01,1.528756266743666129e+04
1.685416666666666430e+01,1.358361563790444416e+04
1.687500000000000000e+01,1.325977798985722620e+04
1.689583333333333215e+01,1.529661433662536729e+04
1.691666666666666430e+01,1.540485517107141641e+04
1.693750000000000000e+01,1.357523779965715948e+04
1.695833333333333215e+01,1.401713404272324988e+04
1.697916666666666430e+01,1.529490823647418074e+04
1.700000000000000000e+01,1.529212133033706050e+04
1.702083333333333215e+01,1.357371215399765788e+04
1.704166666666666430e+01,1.356709778629064022e+04
1.706250000000000000e+01,1.528925048831064123e+04
1.708333333333333215e+01,1.528737190987703070e+04
1.710416666666666430e+01,1.329369302704382790e+04
1.712500000000000000e+01,1.362527064225791037e+04
1.714583333333333215e+01,1.528987302148446179e+04
1.716666666666666430e+01,1.528737747253313501e+04
1.718750000000000000e+01,1.381539900054082682e+04
1.720833333333333215e+01,1.364655420216481434e+04
1.722916666666666430e+01,1.529080345614828184e+04
1.725000000000000000e+01,1.528829786428803345e+04
1.727083333333333215e+01,1.357339944516092874e+04
1.729166666666666430e+01,1.327596010663976995e+04
1.731250000000000000e+01,1.529212092030342683e+04
1.733333333333333215e+01,1.553867009429774771e+04
1.735416666666666430e+01,1.357582651661981436e+04
1.737500000000000000e+01,1.362564867495354338e+04
1.739583333333333215e+01,1.529248665530953440e+04
1.741666666666666430e+01,1.528991887699430299e+04
1.743750000000000000e+01,1.357366606575431433e+04
1.745833333333333215e+01,1.368432624750582181e+04
1.747916666666666430e+01,1.529152934614117476e+04
1.750000000000000000e+01,1.528871410534503229e+04
1.752083333333333215e+01,1.357130822360814636e+04
1.754166666666666430e+01,1.320044919904848575e+04
1.756250000000000000e+01,1.529024306841579164e+04
1.758333333333333215e+01,1.563484168802538261e+04
1.760416666666666430e+01,1.357331404902158101e+04
1.762500000000000000e+01,1.318225457533715235e+04
1.764583333333333215e+01,1.529267658661494352e+04
1.766666666666666430e+01,1.559892785666294003e+04
1.768750000000000000e+01,1.323274082068892676e+04
1.770833333333333215e+01,1.256062730692304467e+04
1.772916666666666430e+01,1.515841704073912479e+04
1.775000000000000000e+01,1.586607904834690635e+04
1.777083333333333215e+01,1.339670385154747419e+04
1.779166666666666430e+01,1.268247674516970437e+04
1.781250000000000000e+01,1.526990561202344179e+04
1.783333333333333215e+01,1.613656717218847916e+04
1.785416666666666430e+01,1.356388148367561007e+04
1.787500000000000000e+01,1.270670779683489673e+04
1.789583333333333215e+01,1.528570919825989768e+04
1.791666666666666430e+01,1.614636666418476671e+04
1.793750000000000000e+01,1.356859700053290726e+04
1.795833333333333215e+01,1.270847094065502824e+04
1.797916666666666430e+01,1.528716808682315241e+04
1.800000000000000000e+01,1.569328529347078074e+04
1.802083333333333215e+01,1.345401092773082928e+04
1.804166666666666430e+01,1.285220587540231645e+04
1.806250000000000000e+01,1.529419429461185791e+04
1.808333333333333215e+01,1.615376084038219415e+04
1.810416666666666430e+01,1.357351273834006861e+04
1.812500000000000000e+01,1.271225195697976233e+04
1.814583333333333215e+01,1.529030955271326820e+04
1.816666666666666430e+01,1.614947626404748735e+04
1.818750000000000000e+01,1.357057719171130520e+04
1.820833333333333215e+01,1.271070239163227961e+04
1.822916666666666430e+01,1.528782307029928779e+04
1.825000000000000000e+01,1.614653124025888974e+04
1.827083333333333215e+01,1.343294316547748895e+04
1.829166666666666430e+01,1.307499304417646999e+04
1.831250000000000000e+01,1.528956406342634727e+04
1.833333333333333215e+01,1.569611062067880994e+04
1.835416666666666430e+01,1.357438817275200199e+04
1.837500000000000000e+01,1.351960065210630637e+04
1.839583333333333215e+01,1.499633134898659773e+04
1.841666666666666430e+01,1.529274594195909594e+04
1.843750000000000000e+01,1.380940022881831464e+04
1.845833333333333215e+01,1.357370900850456383e+04
1.847916666666666430e+01,1.547089235225521770e+04
1.850000000000000000e+01,1.625366804013184446e+04
1.852083333333333215e+01,1.484959584261544660e+04
1.854166666666666430e+01,1.381924160242889775e+04
1.856250000000000000e+01,1.464226344157178028e+04
1.858333333333333215e+01,1.537786365913426198e+04
1.860416666666666430e+01,1.449394909908495902e+04
1.862500000000000000e+01,1.396352623540728746e+04
1.864583333333333215e+01,1.445767155309218288e+04
1.866666666666666430e+01,1.529362313672874006e+04
1.868750000000000000e+01,1.444078539805986293e+04
1.870833333333333215e+01,1.357959722078459163e+04
1.872916666666666430e+01,1.443622103133544442e+04
1.875000000000000000e+01,1.529208504170568995e+04
1.877083333333333215e+01,1.443160305383225204e+04
1.879166666666666430e+01,1.357351342657315399e+04
1.881250000000000000e+01,1.463079976884872303e+04
1.883333333333333215e+01,1.529201639521246398e+04
1.885416666666666430e+01,1.443194008762749945e+04
1.887500000000000000e+01,1.357434909443806828e+04
1.889583333333333215e+01,1.443416831678202288e+04
1.891666666666666430e+01,1.529163325800901293e+04
1.893750000000000000e+01,1.443103306995324238e+04
1.895833333333333215e+01,1.357281791129154590e+04
1.897916666666666430e+01,1.453887323688064498e+04
1.900000000000000000e+01,1.529218763734254026e+04
1.902083333333333215e+01,1.443110503021871773e+04
1.904166666666666430e+01,1.357286286687296888e+04
1.906250000000000000e+01,1.453332816811796511e+04
1.908333333333333215e+01,1.529274412487627706e+04
1.910416666666666430e+01,1.443120167649163341e+04
1.912500000000000000e+01,1.357290073342792675e+04
1.914583333333333215e+01,1.470498314947725521e+04
1.916666666666666430e+01,1.482717132641555145e+04
1.918750000000000000e+01,1.328961595183199097e+04
1.920833333333333215e+01,1.296942963428702933e+04
1.922916666666666430e+01,1.518699268663022667e+04
1.925000000000000000e+01,1.538915198871417670e+04
1.927083333333333215e+01,1.336762052077238695e+04
1.929166666666666430e+01,1.311821400456456468e+04
1.931250000000000000e+01,1.533441109835156021e+04
1.933333333333333215e+01,1.549034159762663330e+04
1.935416666666666430e+01,1.357937300496397438e+04
1.937500000000000000e+01,1.380751761386026556e+04
1.939583333333333215e+01,1.522155920287610570e+04
1.941666666666666430e+01,1.435696160082487768e+04
1.943750000000000000e+01,1.414981779186988933e+04
1.945833333333333215e+01,1.444318530034757714e+04
1.947916666666666430e+01,1.453234454059429481e+04
1.950000000000000000e+01,1.445082465310685438e+04
1.952083333333333215e+01,1.472345742002796032e+04
1.954166666666666430e+01,1.447523154182183862e+04
1.956250000000000000e+01,1.358467926527452437e+04
1.958333333333333215e+01,1.496731602317026773e+04
1.960416666666666430e+01,1.530215663362275882e+04
1.962500000000000000e+01,1.394146993663184912e+04
1.964583333333333215e+01,1.371648383030805780e+04
1.966666666666666430e+01,1.566646407915720920e+04
1.968750000000000000e+01,1.513332257183553884e+04
1.970833333333333215e+01,1.272460697895366684e+04
1.972916666666666430e+01,1.419350937450633501e+04
1.975000000000000000e+01,1.616030089307744129e+04
1.977083333333333215e+01,1.426317160409195640e+04
1.979166666666666430e+01,1.272683855316854533e+04
1.981250000000000000e+01,1.495033902011269311e+04
1.983333333333333215e+01,1.593121968933739845e+04
1.985416666666666430e+01,1.292180611604602018e+04
1.987500000000000000e+01,1.282422664955886648e+04
1.989583333333333215e+01,1.418637886175028689e+04
1.991666666666666430e+01,1.517338762046540796e+04
1.993750000000000000e+01,1.412001415758527219e+04
1.995833333333333215e+01,1.435517293727771175e+04
1.997916666666666430e+01,1.436546848181301903e+04
2.000000000000000000e+01,1.442261577029666660e+04
2.002083333333333215e+01,1.491780134781110610e+04
2.004166666666666430e+01,1.443618777126295390e+04
2.006250000000000000e+01,1.397332533816101568e+04
2.008333333333333215e+01,1.444362089286065384e+04
2.010416666666666430e+01,1.524750639842283636e+04
2.012500000000000000e+01,1.419542143497663710e+04
2.014583333333333215e+01,1.373430050688534175e+04
2.016666666666666430e+01,1.508765218537557303e+04
2.018750000000000000e+01,1.530177996369413813e+04
2.020833333333333215e+01,1.343755747557207724e+04
2.022916666666666430e+01,1.361547561633086661e+04
2.025000000000000000e+01,1.563981120218349315e+04
2.027083333333333215e+01,1.484627643507019457e+04
2.029166666666666430e+01,1.322303004114970827e+04
2.031250000000000000e+01,1.463821966425355640e+04
2.033333333333333215e+01,1.530684265789070196e+04
2.035416666666666430e+01,1.405609988051973050e+04
2.037500000000000000e+01,1.376383813373312296e+04
2.039583333333333215e+01,1.530578605035835426e+04
2.041666666666666430e+01,1.471032143941320828e+04
2.043750000000000000e+01,1.358347665105180567e+04
2.045833333333333215e+01,1.447739480409148746e+04
2.047916666666666430e+01,1.530308358444857004e+04
2.050000000000000000e+01,1.390606098391803243e+04
2.052083333333333215e+01,1.345767797575114673e+04
2.054166666666666430e+01,1.530104230112687583e+04
2.056250000000000000e+01,1.493515155881712417e+04
2.058333333333333215e+01,1.367640570414826288e+04
2.060416666666666430e+01,1.541372301719979805e+04
2.062500000000000000e+01,1.568772171430218441e+04
2.064583333333333215e+01,1.386606188121561354e+04
2.066666666666666430e+01,1.422265660807955646e+04
2.068750000000000000e+01,1.538878139093153732e+04
2.070833333333333215e+01,1.456441583277283644e+04
2.072916666666666430e+01,1.333433652104786597e+04
2.075000000000000000e+01,1.487397150294010862e+04
2.077083333333333215e+01,1.490099118433219701e+04
2.079166666666666430e+01,1.359560705878227236e+04
2.081250000000000000e+01,1.439488550399064843e+04
2.083333333333333215e+01,1.531259075734200087e+04
2.085416666666666430e+01,1.444411403052995229e+04
2.087500000000000000e+01,1.358885716988637068e+04
2.089583333333333215e+01,1.497591030394224799e+04
2.091666666666666430e+01,1.510498198509575377e+04
2.093750000000000000e+01,1.358298188014935658e+04
2.095833333333333215e+01,1.414431581564174121e+04
2.097916666666666430e+01,1.551479840733713354e+04
2.100000000000000000e+01,1.453039385051423960e+04
2.102083333333333215e+01,1.358445040354268349e+04
2.104166666666666430e+01,1.484824166310912551e+04
2.106250000000000000e+01,1.515058621915025287e+04
2.108333333333333215e+01,1.349554164548339759e+04
2.110416666666666430e+01,1.390909353987483337e+04
2.112500000000000000e+01,1.530319515802083697e+04
2.114583333333333215e+01,1.465914800673599530e+04
2.116666666666666430e+01,1.358731216552682599e+04
2.118750000000000000e+01,1.529599477376425057e+04
2.120833333333333215e+01,1.503189867511643752e+04
2.122916666666666430e+01,1.324863973446485397e+04
2.125000000000000000e+01,1.420687177160670763e+04
2.127083333333333215e+01,1.553922183233551550e+04
2.129166666666666430e+01,1.441285026423927047e+04
2.131250000000000000e+01,1.468185422938931515e+04
2.133333333333333215e+01,1.600371981900098763e+04
2.135416666666666430e+01,1.532669898226423174e+04
2.137500000000000000e+01,1.391306938356824685e+04
2.139583333333333215e+01,1.436323436740952093e+04
2.141666666666666430e+01,1.543776344763536690e+04
2.143750000000000000e+01,1.463800339540060304e+04
2.145833333333333215e+01,1.397243750939341044e+04
2.147916666666666430e+01,1.459163595363086642e+04
2.150000000000000000e+01,1.517705108563445538e+04
2.152083333333333215e+01,1.361573637572124426e+04
2.154166666666666430e+01,1.433576977845931106e+04
2.156250000000000000e+01,1.531315958160561786e+04
2.158333333333333215e+01,1.422595683429384007e+04
2.160416666666666430e+01,1.403272451063703920e+04
2.162500000000000000e+01,1.530757983771423824e+04
2.164583333333333215e+01,1.445276541134851141e+04
2.166666666666666430e+01,1.359019963500500671e+04
2.168750000000000000e+01,1.457993370230973596e+04
2.170833333333333215e+01,1.531055569676967207e+04
2.172916666666666430e+01,1.388959660817296026e+04
2.175000000000000000e+01,1.390505887671339588e+04
2.177083333333333215e+01,1.530590201543759758e+04
2.179166666666666430e+01,1.465943249534360802e+04
2.181250000000000000e+01,1.358690808600043965e+04
2.183333333333333215e+01,1.462426555860076769e+04
2.185416666666666430e+01,1.530657461977708590e+04
2.187500000000000000e+01,1.366321387270699051e+04
2.189583333333333215e+01,1.361627821614525601e+04
2.191666666666666430e+01,1.530584941657995660e+04
2.193750000000000000e+01,1.517940324954314201e+04
2.195833333333333215e+01,1.358919079719460569e+04
2.197916666666666430e+01,1.292621131513348882e+04
2.200000000000000000e+01,1.477684135432231051e+04
2.202083333333333215e+01,1.423557513043293511e+04
2.204166666666666430e+01,1.378587706755500403e+04
2.206250000000000000e+01,1.431733253828894158e+04
2.208333333333333215e+01,1.454132406295282635e+04
2.210416666666666430e+01,1.439795359413652841e+04
2.212500000000000000e+01,1.482130339873229241e+04
2.214583333333333215e+01,1.442689798014412372e+04
2.216666666666666430e+01,1.371099278091636734e+04
2.218750000000000000e+01,1.500651192392063604e+04
2.220833333333333215e+01,1.530068699243195078e+04
2.222916666666666430e+01,1.359737173235966475e+04
2.225000000000000000e+01,1.368342483037220518e+04
2.227083333333333215e+01,1.612710339997074698e+04
2.229166666666666430e+01,1.480858203286509888e+04
2.231250000000000000e+01,1.272761213545623832e+04
2.233333333333333215e+01,1.417088039308972657e+04
2.235416666666666430e+01,1.594675301881330233e+04
2.237500000000000000e+01,1.406950102686728860e+04
2.239583333333333215e+01,1.276744024155089937e+04
2.241666666666666430e+01,1.521811759446402357e+04
2.243750000000000000e+01,1.569139606226210162e+04
2.245833333333333215e+01,1.358422671241112403e+04
2.247916666666666430e+01,1.368699380262558407e+04
2.250000000000000000e+01,1.530417511791180368e+04
2.252083333333333215e+01,1.505512248514060411e+04
2.254166666666666430e+01,1.334835388063364007e+04
2.256250000000000000e+01,1.435962378145151888e+04
2.258333333333333215e+01,1.495608861833054107e+04
2.260416666666666430e+01,1.442421432335981444e+04
2.262500000000000000e+01,1.425637192408718329e+04
2.264583333333333215e+01,1.444394709529185639e+04
2.266666666666666430e+01,1.429918814314325937e+04
2.268750000000000000e+01,1.444533377957977427e+04
2.270833333333333215e+01,1.517558931725425282e+04
2.272916666666666430e+01,1.434576361237733363e+04
2.275000000000000000e+01,1.296466473748620410e+04
2.277083333333333215e+01,1.451598019357488374e+04
2.279166666666666430e+01,1.542470396862939015e+04
2.281250000000000000e+01,1.345825720595150051e+04
2.283333333333333215e+01,1.272335116502497840e+04
2.285416666666666430e+01,1.553028620526197847e+04
2.287500000000000000e+01,1.580341043108483427e+04
2.289583333333333215e+01,1.272154294268236117e+04
2.291666666666666430e+01,1.325856581383232697e+04
2.293750000000000000e+01,1.556256748556995444e+04
2.295833333333333215e+01,1.524757742576916644e+04
2.297916666666666430e+01,1.318516988181493070e+04
2.300000000000000000e+01,1.419448770478802180e+04
2.302083333333333215e+01,1.529103108715828785e+04
2.304166666666666430e+01,1.444970063612650483e+04
2.306250000000000000e+01,1.385548697589839139e+04
2.308333333333333215e+01,1.444811894440397737e+04
2.310416666666666430e+01,1.469780862254947715e+04
2.312500000000000000e+01,1.473913355398088606e+04
2.314583333333333215e+01,1.444335469175001708e+04
2.316666666666666430e+01,1.378295466955042139e+04
2.318750000000000000e+01,1.444547113264671498e+04
2.320833333333333215e+01,1.535493171106531372e+04
2.322916666666666430e+01,1.488512361810663424e+04
2.325000000000000000e+01,1.309964345559635694e+04
2.327083333333333215e+01,1.479612513084904640e+04
2.329166666666666430e+01,1.606282025074812555e+04
2.331250000000000000e+01,1.371029448915322428e+04
2.333333333333333215e+01,1.272609604763536845e+04
2.335416666666666430e+01,1.550437877148577536e+04
2.337500000000000000e+01,1.584838925057488086e+04
2.339583333333333215e+01,1.276262789635291119e+04
2.341666666666666430e+01,1.453763318536583029e+04
2.343750000000000000e+01,1.691842907675334209e+04
2.345833333333333215e+01,1.555519568581740532e+04
2.347916666666666430e+01,1.305676279018306013e+04
2.350000000000000000e+01,1.435457133078098195e+04
2.352083333333333215e+01,1.612645301323909734e+04
2.354166666666666430e+01,1.426003591535539090e+04
2.356250000000000000e+01,1.333442148607186391e+04
2.358333333333333215e+01,1.479526828609268705e+04
2.360416666666666430e+01,1.535538504746641775e+04
2.362500000000000000e+01,1.445319851651893987e+04
2.364583333333333215e+01,1.392408544825821809e+04
2.366666666666666430e+01,1.430694905236293926e+04
2.368750000000000000e+01,1.444587707298027817e+04
2.370833333333333215e+01,1.501334869280192652e+04
2.372916666666666430e+01,1.444502022638844210e+04
2.375000000000000000e+01,1.370664246182773786e+04
2.377083333333333215e+01,1.444660794480868208e+04
2.379166666666666430e+01,1.585361249246395528e+04
2.381250000000000000e+01,1.422804992190662961e+04
2.383333333333333215e+01,1.282748162996133760e+04
2.385416666666666430e+01,1.523810549111328874e+04
2.387500000000000000e+01,1.616566666012606220e+04
2.389583333333333215e+01,1.309274256409049121e+04
2.391666666666666430e+01,1.294740703011050209e+04
2.393750000000000000e+01,1.606516204807517715e+04
2.395833333333333215e+01,1.520810494119715804e+04
2.397916666666666430e+01,1.273186973793294237e+04
2.400000000000000000e+01,1.388191901024600156e+04
2.402083333333333215e+01,1.603914508975321223e+04
2.404166666666666430e+01,1.429332846944434277e+04
2.406250000000000000e+01,1.305343373760351460e+04
2.408333333333333215e+01,1.402598057643451102e+04
2.410416666666666430e+01,1.504067469681964576e+04
2.412500000000000000e+01,1.428200889371184530e+04
2.414583333333333215e+01,1.365804353638551402e+04
2.416666666666666430e+01,1.469857317908310506e+04
2.418750000000000000e+01,1.452673276480217100e+04
2.420833333333333215e+01,1.459433032195005944e+04
2.422916666666666430e+01,1.488420407308319045e+04
2.425000000000000000e+01,1.379644787578314936e+04
2.427083333333333215e+01,1.444106179132131729e+04
2.429166666666666430e+01,1.527155126986647520e+04
2.431250000000000000e+01,1.453671291850686248e+04
2.433333333333333215e+01,1.315357815281451258e+04
2.435416666666666430e+01,1.481839149557900964e+04
2.437500000000000000e+01,1.581360194931861406e+04
2.439583333333333215e+01,1.371083223395951791e+04
2.441666666666666430e+01,1.303732502087761895e+04
2.443750000000000000e+01,1.555629805539602239e+04
2.445833333333333215e+01,1.558415691206551855e+04
2.447916666666666430e+01,1.275018695115046285e+04
2.450000000000000000e+01,1.396421795783892230e+04
2.452083333333333215e+01,1.607235085248231917e+04
2.454166666666666430e+01,1.438450052749861788e+04
2.456250000000000000e+01,1.273045085450761326e+04
2.458333333333333215e+01,1.506419992461967195e+04
2.460416666666666430e+01,1.585074634823802990e+04
2.462500000000000000e+01,1.358400116477843767e+04
2.464583333333333215e+01,1.333608832147329304e+04
2.466666666666666430e+01,1.530357757678732014e+04
2.468750000000000000e+01,1.486068379278923021e+04
2.470833333333333215e+01,1.358911259253743992e+04
2.472916666666666430e+01,1.423015705173957031e+04
2.475000000000000000e+01,1.504938995753193740e+04
2.477083333333333215e+01,1.444519524811373776e+04
2.479166666666666430e+01,1.431233673195802839e+04
2.481250000000000000e+01,1.483087400425270971e+04
2.483333333333333215e+01,1.410857496365246334e+04
2.485416666666666430e+01,1.355311707976524485e+04
2.487500000000000000e+01,1.521342441134176988e+04
2.489583333333333215e+01,1.479856235377604025e+04
2.491666666666666430e+01,1.424292867912607107e+04
2.493750000000000000e+01,1.431788555919150531e+04
2.495833333333333215e+01,1.444729995350792160e+04
2.497916666666666430e+01,1.394800671875941043e+04
2.500000000000000000e+01,1.480069020685202850e+04
2.502083333333333215e+01,1.586212816408292201e+04
2.504166666666666430e+01,1.338794871520751622e+04
2.506250000000000000e+01,1.312663635829643681e+04
2.508333333333333215e+01,1.616647386626071238e+04
2.510416666666666430e+01,1.504099811565358686e+04
2.512500000000000000e+01,1.273541222386763548e+04
2.514583333333333215e+01,1.425976436915923841e+04
2.516666666666666430e+01,1.602042176491815553e+04
2.518750000000000000e+01,1.435297811892254686e+04
2.520833333333333215e+01,1.273619146925453606e+04
2.522916666666666430e+01,1.507296354874382087e+04
2.525000000000000000e+01,1.586129500155292044e+04
2.527083333333333215e+01,1.358753871554431316e+04
2.529166666666666430e+01,1.330431050355574189e+04
2.531250000000000000e+01,1.523411409002578148e+04
2.533333333333333215e+01,1.506744821328402031e+04
2.535416666666666430e+01,1.322325856864101661e+04
2.537500000000000000e+01,1.412914684652644792e+04
2.539583333333333215e+01,1.546168804477938465e+04
2.541666666666666430e+01,1.444769255885613529e+04
2.543750000000000000e+01,1.310926743708975482e+04
2.545833333333333215e+01,1.391660891757477657e+04
2.547916666666666430e+01,1.372627052716786056e+04
2.550000000000000000e+01,1.426852459501810154e+04
2.552083333333333215e+01,1.470412944585160585e+04
2.554166666666666430e+01,1.377691168246217421e+04
2.556250000000000000e+01,1.373382293471568482e+04
2.558333333333333215e+01,1.530013976150100643e+04
2.560416666666666430e+01,1.516241878167516916e+04
2.562500000000000000e+01,1.301427246976544484e+04
2.564583333333333215e+01,1.392475130874263414e+04
2.566666666666666430e+01,1.616318776054421323e+04
2.568750000000000000e+01,1.455843914272447728e+04
2.570833333333333215e+01,1.273025916183845402e+04
2.572916666666666430e+01,1.443911861887739360e+04
2.575000000000000000e+01,1.616892155932402966e+04
2.577083333333333215e+01,1.388586246288580151e+04
2.579166666666666430e+01,1.288009583764509807e+04
2.581250000000000000e+01,1.530122616716649645e+04
2.583333333333333215e+01,1.572171274151895341e+04
2.585416666666666430e+01,1.347487511771313802e+04
2.587500000000000000e+01,1.321964913937339225e+04
2.589583333333333215e+01,1.653696586821623714e+04
2.591666666666666430e+01,1.615580284488487814e+04
2.593750000000000000e+01,1.408347599964247274e+04
2.595833333333333215e+01,1.416061340778870726e+04
2.597916666666666430e+01,1.545236652205122300e+04
2.600000000000000000e+01,1.456382326799860311e+04
2.602083333333333215e+01,1.417430965588755134e+04
2.604166666666666430e+01,1.453460572340689032e+04
2.606250000000000000e+01,1.493984376862785575e+04
2.608333333333333215e+01,1.446556516329594160e+04
2.610416666666666430e+01,1.434523943391416105e+04
2.612500000000000000e+01,1.442231865770892909e+04
2.614583333333333215e+01,1.403376419009003075e+04
2.616666666666666430e+01,1.494515530122374548e+04
2.618750000000000000e+01,1.477594429616337584e+04
2.620833333333333215e+01,1.398982479820083245e+04
2.622916666666666430e+01,1.444973725359210948e+04
2.625000000000000000e+01,1.536715827869823988e+04
2.627083333333333215e+01,1.432871689794521808e+04
2.629166666666666430e+01,1.272762135054993269e+04
2.631250000000000000e+01,1.501747388062264872e+04
2.633333333333333215e+01,1.605256196266766710e+04
2.635416666666666430e+01,1.353244010724042164e+04
2.637500000000000000e+01,1.272804029729172544e+04
2.639583333333333215e+01,1.582226463822016376e+04
2.641666666666666430e+01,1.574466447100072764e+04
2.643750000000000000e+01,1.272638422101202013e+04
2.645833333333333215e+01,1.332686656303386189e+04
2.647916666666666430e+01,1.616445815753325951e+04
2.650000000000000000e+01,1.516362242233677171e+04
2.652083333333333215e+01,1.272705118593002408e+04
2.654166666666666430e+01,1.416710676389844230e+04
2.656250000000000000e+01,1.489574197984353304e+04
2.658333333333333215e+01,1.444759264771167727e+04
2.660416666666666430e+01,1.432107882074075678e+04
2.662500000000000000e+01,1.445950319375605250e+04
2.664583333333333215e+01,1.446748161620038445e+04
2.666666666666666430e+01,1.449858407508947857e+04
2.668750000000000000e+01,1.529664158177905483e+04
2.670833333333333215e+01,1.410337402277013098e+04
2.672916666666666430e+01,1.396968870303014046e+04
2.675000000000000000e+01,1.508288403021735212e+04
2.677083333333333215e+01,1.514686608096330019e+04
2.679166666666666430e+01,1.354450377430636581e+04
2.681250000000000000e+01,1.367176154268237588e+04
2.683333333333333215e+01,1.547112537241024984e+04
2.685416666666666430e+01,1.512155219988349199e+04
2.687500000000000000e+01,1.282138365548987349e+04
2.689583333333333215e+01,1.438862981199118440e+04
2.691666666666666430e+01,1.617549361300512828e+04
2.693750000000000000e+01,1.427896992726684402e+04
2.695833333333333215e+01,1.274314194344311181e+04
2.697916666666666430e+01,1.504651177442745757e+04
2.700000000000000000e+01,1.586158999835464419e+04
2.702083333333333215e+01,1.318951550770359609e+04
2.704166666666666430e+01,1.356085022956601824e+04
2.706250000000000000e+01,1.553923392353481540e+04
2.708333333333333215e+01,1.528724589944048785e+04
2.710416666666666430e+01,1.337433797225213129e+04
2.712500000000000000e+01,1.406706837311870549e+04
2.714583333333333215e+01,1.484607981336212106e+04
2.716666666666666430e+01,1.429624729238057989e+04
2.718750000000000000e+01,1.410481210116889997e+04
2.720833333333333215e+01,1.438612459024807322e+04
2.722916666666666430e+01,1.433478445825401286e+04
2.725000000000000000e+01,1.442311421845698351e+04
2.727083333333333215e+01,1.503765309197531678e+04
2.729166666666666430e+01,1.410608211761471466e+04
2.731250000000000000e+01,1.357744403020532263e+04
2.733333333333333215e+01,1.510306300942075904e+04
2.735416666666666430e+01,1.530089991608080891e+04
2.737500000000000000e+01,1.339323702823618805e+04
2.739583333333333215e+01,1.383622054288679283e+04
2.741666666666666430e+01,1.611837970190952547e+04
2.743750000000000000e+01,1.477022625172231346e+04
2.745833333333333215e+01,1.272450795482879766e+04
2.747916666666666430e+01,1.430107323803214604e+04
2.750000000000000000e+01,1.611775342063113567e+04
2.752083333333333215e+01,1.387904884750627025e+04
2.754166666666666430e+01,1.276416368475391937e+04
2.756250000000000000e+01,1.552515190820950374e+04
2.758333333333333215e+01,1.540654405464716183e+04
2.760416666666666430e+01,1.334318352799300919e+04
2.762500000000000000e+01,1.348083779007206613e+04
2.764583333333333215e+01,1.530562638765839802e+04
2.766666666666666430e+01,1.498679803173282198e+04
2.768750000000000000e+01,1.381470274167658499e+04
2.770833333333333215e+01,1.464921902297049746e+04
2.772916666666666430e+01,1.480783851873846652e+04
2.775000000000000000e+01,1.444427398819394512e+04
2.777083333333333215e+01,1.441662478857594397e+04
2.779166666666666430e+01,1.444559339069608177e+04
2.781250000000000000e+01,1.409782572858115600e+04
2.783333333333333215e+01,1.463297043169794415e+04
2.785416666666666430e+01,1.529975391171341471e+04
2.787500000000000000e+01,1.385884631390158393e+04
2.789583333333333215e+01,1.365751963376837739e+04
2.791666666666666430e+01,1.445441066001040599e+04
2.793750000000000000e+01,1.557981436564058822e+04
2.795833333333333215e+01,1.488893127527850811e+04
2.797916666666666430e+01,1.375846361340728618e+04
2.800000000000000000e+01,1.447173521431908375e+04
2.802083333333333215e+01,1.488163609738928426e+04
2.804166666666666430e+01,1.420719198013094865e+04
2.806250000000000000e+01,1.413395596548735921e+04
2.808333333333333215e+01,1.445716529338456894e+04
2.810416666666666430e+01,1.461687655145355166e+04
2.812500000000000000e+01,1.445135743709736926e+04
2.814583333333333215e+01,1.456341437781921923e+04
2.816666666666666430e+01,1.444943486523397223e+04
2.818750000000000000e+01,1.425199178813296749e+04
2.820833333333333215e+01,1.439755646778868686e+04
2.822916666666666430e+01,1.465104752924296918e+04
2.825000000000000000e+01,1.438181848118519702e+04
2.827083333333333215e+01,1.445857941869184651e+04
2.829166666666666430e+01,1.480618478151185263e+04
2.831250000000000000e+01,1.445778001805775057e+04
2.833333333333333215e+01,1.389754815030783357e+04
2.835416666666666430e+01,1.473642169844415184e+04
2.837500000000000000e+01,1.530574608544071816e+04
2.839583333333333215e+01,1.379545085299239145e+04
2.841666666666666430e+01,1.358965975595314012e+04
2.843750000000000000e+01,1.530091825117439657e+04
2.845833333333333215e+01,1.530644881684645225e+04
2.847916666666666430e+01,1.293137878986731084e+04
2.850000000000000000e+01,1.389275533252817331e+04
2.852083333333333215e+01,1.616433558280643047e+04
2.854166666666666430e+01,1.476537003475570964e+04
2.856250000000000000e+01,1.293117858604112189e+04
2.858333333333333215e+01,1.445208421689641909e+04
2.860416666666666430e+01,1.620183563924483315e+04
2.862500000000000000e+01,1.392786971395177170e+04
2.864583333333333215e+01,1.280482770636500209e+04
2.866666666666666430e+01,1.563227400256155670e+04
2.868750000000000000e+01,1.569680381185997248e+04
2.870833333333333215e+01,1.293549850107482780e+04
2.872916666666666430e+01,1.341295701276080581e+04
2.875000000000000000e+01,1.616812823098729496e+04
2.877083333333333215e+01,1.505996706761434689e+04
2.879166666666666430e+01,1.273176528179662273e+04
2.881250000000000000e+01,1.443845790782781842e+04
2.883333333333333215e+01,1.563598015142845543e+04
2.885416666666666430e+01,1.444121285754895143e+04
2.887500000000000000e+01,1.334697965598559676e+04
2.889583333333333215e+01,1.444484873803554001e+04
2.891666666666666430e+01,1.519480001084651667e+04
2.893750000000000000e+01,1.444288672154649248e+04
2.895833333333333215e+01,1.428466878027784333e+04
2.897916666666666430e+01,1.434755388145908000e+04
2.900000000000000000e+01,1.444477147602435070e+04
2.902083333333333215e+01,1.505889105666312025e+04
2.904166666666666430e+01,1.444733269519743772e+04
2.906250000000000000e+01,1.348709036335861674e+04
2.908333333333333215e+01,1.444647244933044567e+04
2.910416666666666430e+01,1.596454490661434102e+04
2.912500000000000000e+01,1.403998412880053729e+04
2.914583333333333215e+01,1.273078331291319046e+04
2.916666666666666430e+01,1.500784875969744826e+04
2.918750000000000000e+01,1.583023430219700094e+04
2.920833333333333215e+01,1.355838103676372339e+04
2.922916666666666430e+01,1.298181614660960986e+04
2.925000000000000000e+01,1.574811032318896832e+04
2.927083333333333215e+01,1.573941418927859195e+04
2.929166666666666430e+01,1.272641932483972778e+04
2.931250000000000000e+01,1.332382098111965024e+04
2.933333333333333215e+01,1.616294064030082882e+04
2.935416666666666430e+01,1.518630491474089649e+04
2.937500000000000000e+01,1.251464887081339475e+04
2.939583333333333215e+01,1.405875066435576082e+04
2.941666666666666430e+01,1.571275928246847980e+04
2.943750000000000000e+01,1.424394942843464742e+04
2.945833333333333215e+01,1.334915026555490476e+04
2.947916666666666430e+01,1.442388179441240209e+04
2.950000000000000000e+01,1.510084840753685421e+04
2.952083333333333215e+01,1.443799030128026061e+04
2.954166666666666430e+01,1.432107830127477064e+04
2.956250000000000000e+01,1.415861664373230815e+04
2.958333333333333215e+01,1.444184207390568554e+04
2.960416666666666430e+01,1.510379254614623278e+04
2.962500000000000000e+01,1.448216372253854206e+04
2.964583333333333215e+01,1.387021916980380774e+04
2.966666666666666430e+01,1.449517881508107166e+04
2.968750000000000000e+01,1.556943373115029317e+04
2.970833333333333215e+01,1.392827812990834718e+04
2.972916666666666430e+01,1.358694856797135071e+04
2.975000000000000000e+01,1.505452499448123490e+04
2.977083333333333215e+01,1.530521837747203608e+04
2.979166666666666430e+01,1.322226016127844559e+04
2.981250000000000000e+01,1.377387137094864374e+04
2.983333333333333215e+01,1.615952556544719118e+04
2.985416666666666430e+01,1.465861374854725364e+04
2.987500000000000000e+01,1.272501929193891920e+04
2.989583333333333215e+01,1.454638982143825706e+04
2.991666666666666430e+01,1.580354322481030249e+04
2.993750000000000000e+01,1.377482570773663247e+04
2.995833333333333215e+01,1.348044815568025660e+04
2.997916666666666430e+01,1.530591247723632114e+04
3.000000000000000000e+01,1.503567855460004648e+04
3.002083333333333215e+01,1.345878325172526820e+04
3.004166666666666430e+01,1.455652233892345612e+04
3.006250000000000000e+01,1.521548034768498110e+04
3.008333333333333215e+01,1.383832029849590981e+04
3.010416666666666430e+01,1.371622381634170961e+04
3.012500000000000000e+01,1.530297448375212116e+04
3.014583333333333215e+01,1.407269592390989419e+04
3.016666666666666430e+01,1.322038013546324146e+04
3.018750000000000000e+01,1.447753444570150896e+04
3.020833333333333215e+01,1.515049272520554587e+04
3.022916666666666430e+01,1.360973818250176191e+04
3.025000000000000000e+01,1.401163406299433336e+04
3.027083333333333215e+01,1.534443742428081168e+04
3.029166666666666430e+01,1.452057005028384083e+04
3.031250000000000000e+01,1.357063373700722877e+04
3.033333333333333215e+01,1.482068111342823977e+04
3.035416666666666430e+01,1.516677999270488726e+04
3.037500000000000000e+01,1.357962535462254527e+04
3.039583333333333215e+01,1.420113595504661862e+04
3.041666666666666430e+01,1.530401113049120249e+04
3.043750000000000000e+01,1.442940810901354780e+04
3.045833333333333215e+01,1.380814004446882245e+04
3.047916666666666430e+01,1.481914196769319824e+04
3.050000000000000000e+01,1.499285594200623018e+04
3.052083333333333215e+01,1.371466126299581811e+04
3.054166666666666430e+01,1.432533256585869458e+04
3.056250000000000000e+01,1.530490606605697394e+04
3.058333333333333215e+01,1.418992502054164288e+04
3.060416666666666430e+01,1.368021044680867271e+04
3.062500000000000000e+01,1.529876376892822009e+04
3.064583333333333215e+01,1.472773393044449767e+04
3.066666666666666430e+01,1.326642159633931806e+04
3.068750000000000000e+01,1.467086733962034123e+04
3.070833333333333215e+01,1.530385545452075530e+04
3.072916666666666430e+01,1.395878593065552195e+04
3.075000000000000000e+01,1.385698637235818387e+04
3.077083333333333215e+01,1.530192800603302749e+04
3.079166666666666430e+01,1.465154906783847036e+04
3.081250000000000000e+01,1.344036041582125836e+04
3.083333333333333215e+01,1.459539662824720290e+04
3.085416666666666430e+01,1.530228135921857029e+04
3.087500000000000000e+01,1.387497419177956908e+04
3.089583333333333215e+01,1.420368978030988728e+04
3.091666666666666430e+01,1.530114948037413706e+04
3.093750000000000000e+01,1.457163266784150983e+04
3.095833333333333215e+01,1.484984773428136032e+04
3.097916666666666430e+01,1.538400432002537491e+04
3.100000000000000000e+01,1.579578865131025668e+04
3.102083333333333215e+01,1.389840633966796304e+04
3.104166666666666430e+01,1.421328325327354833e+04
3.106250000000000000e+01,1.542943656773547627e+04
3.108333333333333215e+01,1.489837973747061187e+04
3.110416666666666430e+01,1.363309484471696123e+04
3.112500000000000000e+01,1.433302037317869326e+04
3.114583333333333215e+01,1.532812330172015572e+04
3.116666666666666430e+01,1.429359933306014500e+04
3.118750000000000000e+01,1.362548814385258447e+04
3.120833333333333215e+01,1.524664831608252643e+04
3.122916666666666430e+01,1.484895777836350317e+04
3.125000000000000000e+01,1.351072269842625974e+04
3.127083333333333215e+01,1.421103809030563571e+04
3.129166666666666430e+01,1.531143135293018713e+04
3.131250000000000000e+01,1.444861667762785873e+04
3.133333333333333215e+01,1.372622423081782836e+04
3.135416666666666430e+01,1.505911141847261388e+04
3.137500000000000000e+01,1.467478392081729544e+04
3.139583333333333215e+01,1.366669541456981824e+04
3.141666666666666430e+01,1.457866080942412009e+04
3.143750000000000000e+01,1.530645327932001601e+04
3.145833333333333215e+01,1.377685289107028075e+04
3.147916666666666430e+01,1.434837025130074835e+04
3.150000000000000000e+01,1.530501147726719500e+04
3.152083333333333215e+01,1.430719379310275690e+04
3.154166666666666430e+01,1.358865390909048801e+04
3.156250000000000000e+01,1.512761730572496162e+04
3.158333333333333215e+01,1.528189000769696577e+04
3.160416666666666430e+01,1.281366949099880367e+04
3.162500000000000000e+01,1.310820083951636116e+04
3.164583333333333215e+01,1.575840848085692051e+04
3.166666666666666430e+01,1.436539352003622480e+04
3.168750000000000000e+01,1.278145668922331606e+04
3.170833333333333215e+01,1.469440422287740876e+04
3.172916666666666430e+01,1.588591227876499761e+04
3.175000000000000000e+01,1.354548161489459744e+04
3.177083333333333215e+01,1.328444300081757319e+04
3.179166666666666430e+01,1.528722444302327858e+04
3.181250000000000000e+01,1.506787864823435666e+04
3.183333333333333215e+01,1.356240683554362113e+04
3.185416666666666430e+01,1.410021289081185751e+04
3.187500000000000000e+01,1.501542810578226636e+04
3.189583333333333215e+01,1.444140148404696447e+04
3.191666666666666430e+01,1.440554041371558196e+04
3.193750000000000000e+01,1.463992704321875135e+04
3.195833333333333215e+01,1.425387677951741352e+04
3.197916666666666430e+01,1.447502035314742170e+04
3.200000000000000000e+01,1.521125933331314081e+04
3.202083333333332860e+01,1.407018914258465156e+04
3.204166666666666430e+01,1.390502492748389341e+04
3.206250000000000000e+01,1.485534314986087702e+04
3.208333333333332860e+01,1.504650424474227475e+04
3.210416666666666430e+01,1.348706089160822376e+04
3.212500000000000000e+01,1.382609496851494623e+04
3.214583333333332860e+01,1.610941338906876263e+04
3.216666666666666430e+01,1.478098867921736019e+04
3.218750000000000000e+01,1.272577789770352319e+04
3.220833333333332860e+01,1.438211038562400427e+04
3.222916666666666430e+01,1.616310787485930268e+04
3.225000000000000000e+01,1.371117741697340898e+04
3.227083333333332860e+01,1.286426224436314806e+04
3.229166666666666430e+01,1.534269769986167375e+04
3.231250000000000000e+01,1.547451991165546860e+04
3.233333333333332860e+01,1.358621252193844703e+04
3.235416666666666430e+01,1.360980078947105721e+04
3.237500000000000000e+01,1.491974581974527973e+04
3.239583333333332860e+01,1.439730586004594443e+04
3.241666666666666430e+01,1.362867084897392488e+04
3.243750000000000000e+01,1.435320769331272095e+04
3.245833333333332860e+01,1.448578435067912505e+04
3.247916666666666430e+01,1.441524072757966496e+04
3.250000000000000000e+01,1.510176821407999523e+04
3.252083333333332860e+01,1.433826016173007883e+04
3.254166666666666430e+01,1.387480567568112019e+04
3.256250000000000000e+01,1.502928089951687798e+04
3.258333333333332860e+01,1.530296548627528318e+04
3.260416666666666430e+01,1.356639623495106207e+04
3.262500000000000000e+01,1.358516025941552289e+04
3.264583333333332860e+01,1.583048782400391428e+04
3.266666666666666430e+01,1.502137204996696164e+04
3.268750000000000000e+01,1.272535042324430833e+04
3.270833333333332860e+01,1.422183080305026670e+04
3.272916666666666430e+01,1.616185648748622043e+04
3.275000000000000000e+01,1.402391422367804626e+04
3.277083333333332860e+01,1.272942000505078249e+04
3.279166666666666430e+01,1.518965094676673107e+04
3.281250000000000000e+01,1.565527086834602960e+04
3.283333333333332860e+01,1.339412847059584237e+04
3.285416666666666430e+01,1.338107974110999930e+04
3.287500000000000000e+01,1.530524776990976170e+04
3.289583333333332860e+01,1.520829210879204038e+04
3.291666666666666430e+01,1.358724343502409101e+04
3.293750000000000000e+01,1.460305206886178348e+04
3.295833333333332860e+01,1.496337664848065106e+04
3.297916666666666430e+01,1.418729054476886449e+04
3.300000000000000000e+01,1.420049729628245768e+04
3.302083333333332860e+01,1.462588865712673214e+04
3.304166666666666430e+01,1.443678979501588037e+04
3.306250000000000000e+01,1.444490486021134711e+04
3.308333333333332860e+01,1.491418941544900008e+04
3.310416666666666430e+01,1.424328431199662737e+04
3.312500000000000000e+01,1.391361637733248790e+04
3.314583333333332860e+01,1.502071897240602993e+04
3.316666666666666430e+01,1.514894409577290207e+04
3.318750000000000000e+01,1.387839167755719245e+04
3.320833333333332860e+01,1.378390016840610406e+04
3.322916666666666430e+01,1.592060316291306299e+04
3.325000000000000000e+01,1.508823988572004237e+04
3.327083333333332860e+01,1.277107647754023856e+04
3.329166666666666430e+01,1.426970687566815832e+04
3.331250000000000000e+01,1.586586725359381671e+04
3.333333333333332860e+01,1.434529517779468733e+04
3.335416666666666430e+01,1.297708592888495696e+04
3.337500000000000000e+01,1.516866056758054401e+04
3.339583333333332860e+01,1.578954650949802817e+04
3.341666666666666430e+01,1.358379668022355327e+04
3.343750000000000000e+01,1.332624003012271714e+04
3.345833333333332860e+01,1.530492348202188077e+04
3.347916666666666430e+01,1.528505611083516123e+04
3.350000000000000000e+01,1.358489861470904361e+04
3.352083333333332860e+01,1.410031689386542712e+04
3.354166666666666430e+01,1.501374007943627294e+04
3.356250000000000000e+01,1.428260252959190984e+04
3.358333333333332860e+01,1.427277790784645185e+04
3.360416666666666430e+01,1.444462770014581474e+04
3.362500000000000000e+01,1.411294151494574908e+04
3.364583333333332860e+01,1.458591084574976776e+04
3.366666666666666430e+01,1.536090730997460196e+04
3.368750000000000000e+01,1.407466650669569935e+04
3.370833333333332860e+01,1.375976646066104149e+04
3.372916666666666430e+01,1.519238767981452111e+04
3.375000000000000000e+01,1.530855547323220890e+04
3.377083333333332860e+01,1.305911727632445400e+04
3.379166666666666430e+01,1.384507893934056483e+04
3.381250000000000000e+01,1.616063567668582618e+04
3.383333333333332860e+01,1.464334159554576399e+04
3.385416666666666430e+01,1.272513656285654361e+04
3.387500000000000000e+01,1.434642588077045366e+04
3.389583333333332860e+01,1.616408904233315843e+04
3.391666666666666430e+01,1.363893095466707382e+04
3.393750000000000000e+01,1.318042638039108351e+04
3.395833333333332860e+01,1.492961780601825740e+04
3.397916666666666430e+01,1.503152236176504812e+04
3.400000000000000000e+01,1.347400269796509383e+04
3.402083333333332860e+01,1.376891252793726744e+04
3.404166666666666430e+01,1.577304171472764938e+04
3.406250000000000000e+01,1.432024850883133695e+04
3.408333333333332860e+01,1.297857139224958155e+04
3.410416666666666430e+01,1.566580630652320178e+04
3.412500000000000000e+01,1.531040061962607797e+04
3.414583333333332860e+01,1.301070464377515600e+04
3.416666666666666430e+01,1.381393495316718690e+04
3.418750000000000000e+01,1.601497321430215743e+04
3.420833333333332860e+01,1.430900534108674037e+04
3.422916666666666430e+01,1.339267909344401414e+04
3.425000000000000000e+01,1.445511895004607868e+04
3.427083333333332860e+01,1.488271601175584146e+04
3.429166666666666430e+01,1.460275285543454083e+04
3.431250000000000000e+01,1.457494572154041089e+04
3.433333333333332860e+01,1.444636603080920031e+04
3.435416666666666430e+01,1.445288807455063215e+04
3.437500000000000000e+01,1.473882593476304464e+04
3.439583333333332860e+01,1.445385494697360991e+04
3.441666666666666430e+01,1.393415645857499840e+04
3.443750000000000000e+01,1.443673350284321714e+04
3.445833333333332860e+01,1.530551400036184350e+04
3.447916666666666430e+01,1.390526362012786558e+04
3.450000000000000000e+01,1.310591426996417431e+04
3.452083333333332860e+01,1.415805030125777557e+04
3.454166666666666430e+01,1.511865168039959099e+04
3.456250000000000000e+01,1.328073396004363531e+04
3.458333333333332860e+01,1.378820118270075545e+04
3.460416666666666430e+01,1.547463743145118860e+04
3.462500000000000000e+01,1.484088349091277632e+04
3.464583333333332860e+01,1.295257703185904757e+04
3.466666666666666430e+01,1.406097507990328086e+04
3.468750000000000000e+01,1.615757135418634425e+04
3.470833333333332860e+01,1.457142134011195958e+04
3.472916666666666430e+01,1.272275286876292375e+04
3.475000000000000000e+01,1.428116595290890109e+04
3.477083333333332860e+01,1.590434530443369295e+04
3.479166666666666430e+01,1.433521172291915354e+04
3.481250000000000000e+01,1.273464098002104220e+04
3.483333333333332860e+01,1.507136454405210679e+04
3.485416666666666430e+01,1.587433112528628408e+04
3.487500000000000000e+01,1.343672205710615890e+04
3.489583333333332860e+01,1.362132524399726753e+04
3.491666666666666430e+01,1.531140186110567811e+04
3.493750000000000000e+01,1.514264672947274084e+04
3.495833333333332860e+01,1.359564117044859449e+04
3.497916666666666430e+01,1.414524779553047483e+04
3.500000000000000000e+01,1.522045446347738107e+04
3.502083333333332860e+01,1.444502899828346199e+04
3.504166666666666430e+01,1.413323458784720060e+04
3.506250000000000000e+01,1.480129604906933309e+04
3.508333333333332860e+01,1.457070627302669163e+04
3.510416666666666430e+01,1.383735338441209387e+04
3.512500000000000000e+01,1.474287633393334181e+04
3.514583333333332860e+01,1.531292170504725436e+04
3.516666666666666430e+01,1.384339941819602973e+04
3.518750000000000000e+01,1.393723016146630107e+04
3.520833333333332860e+01,1.532040361601487893e+04
3.522916666666666430e+01,1.494472949469574087e+04
3.525000000000000000e+01,1.359800780121945718e+04
3.527083333333332860e+01,1.397195463015865607e+04
3.529166666666666430e+01,1.531010906580830124e+04
3.531250000000000000e+01,1.472726794515281290e+04
3.533333333333332860e+01,1.382737716189426646e+04
3.535416666666666430e+01,1.444560362081946005e+04
3.537500000000000000e+01,1.468653434446189203e+04
3.539583333333332860e+01,1.444226848230506585e+04
3.541666666666666430e+01,1.451750564905427746e+04
3.543750000000000000e+01,1.464427346670481711e+04
3.545833333333332860e+01,1.376168738728903190e+04
3.547916666666666430e+01,1.486725477730234343e+04
3.550000000000000000e+01,1.530532826636153550e+04
3.552083333333332860e+01,1.361824540572580372e+04
3.554166666666666430e+01,1.354928580974315628e+04
3.556250000000000000e+01,1.534666073919385235e+04
3.558333333333332860e+01,1.514062167418494573e+04
3.560416666666666430e+01,1.299154792341843495e+04
3.562500000000000000e+01,1.451476282326690853e+04
3.564583333333332860e+01,1.591053672076079965e+04
3.566666666666666430e+01,1.402452226878863075e+04
3.568750000000000000e+01,1.272580054455469508e+04
3.570833333333332860e+01,1.533734744345335639e+04
3.572916666666666430e+01,1.585049423204973209e+04
3.575000000000000000e+01,1.299707804328087150e+04
3.577083333333332860e+01,1.493586957526603874e+04
3.579166666666666430e+01,1.716051762793618764e+04
3.581250000000000000e+01,1.559761083015829718e+04
3.583333333333332860e+01,1.312477795657205570e+04
3.585416666666666430e+01,1.468819528416216781e+04
3.587500000000000000e+01,1.568518338294181740e+04
3.589583333333332860e+01,1.436867463115702412e+04
3.591666666666666430e+01,1.345725417521829877e+04
3.593750000000000000e+01,1.452027243337266191e+04
3.595833333333332860e+01,1.511192989902067347e+04
3.597916666666666430e+01,1.447027179562972378e+04
3.600000000000000000e+01,1.441848176170418446e+04
3.602083333333332860e+01,1.450254062243318549e+04
3.604166666666666430e+01,1.444961096687264217e+04
3.606250000000000000e+01,1.462476410355090775e+04
3.608333333333332860e+01,1.444969791198541134e+04
3.610416666666666430e+01,1.444002307671630479e+04
3.612500000000000000e+01,1.444752887557555732e+04
3.614583333333332860e+01,1.515703953496907343e+04
3.616666666666666430e+01,1.408350280379264223e+04
3.618750000000000000e+01,1.360821090008888132e+04
3.620833333333332860e+01,1.476807318278636376e+04
3.622916666666666430e+01,1.530463264968848307e+04
3.625000000000000000e+01,1.376355993192973619e+04
3.627083333333332860e+01,1.381980947957455282e+04
3.629166666666666430e+01,1.592081225741106027e+04
3.631250000000000000e+01,1.479913434527003119e+04
3.633333333333332860e+01,1.273250041957078429e+04
3.635416666666666430e+01,1.431464472423012558e+04
3.637500000000000000e+01,1.603125238539471684e+04
3.639583333333332860e+01,1.493822464912763098e+04
3.641666666666666430e+01,1.403848442008601342e+04
3.643750000000000000e+01,1.661792476976861508e+04
3.645833333333332860e+01,1.469305691982467761e+04
3.647916666666666430e+01,1.291783805270195080e+04
3.650000000000000000e+01,1.480565681964020405e+04
3.652083333333332860e+01,1.621478824676214936e+04
3.654166666666666430e+01,1.355501065777886106e+04
3.656250000000000000e+01,1.293367223500576074e+04
3.658333333333332860e+01,1.576566678615569253e+04
3.660416666666666430e+01,1.567169929720523578e+04
3.662500000000000000e+01,1.273945204082991040e+04
3.664583333333332860e+01,1.332415665220148367e+04
3.666666666666666430e+01,1.617244362350887604e+04
3.668750000000000000e+01,1.513098396247612982e+04
3.670833333333332860e+01,1.273052188139349528e+04
3.672916666666666430e+01,1.412600869842922111e+04
3.675000000000000000e+01,1.584949170465173302e+04
3.677083333333332860e+01,1.444513600420704461e+04
3.679166666666666430e+01,1.335239871988255982e+04
3.681250000000000000e+01,1.443890709175521260e+04
3.683333333333332860e+01,1.514124701908503994e+04
3.685416666666666430e+01,1.444285013499655179e+04
3.687500000000000000e+01,1.427691739510970729e+04
3.689583333333332860e+01,1.402123063786256171e+04
3.691666666666666430e+01,1.443797649746785100e+04
3.693750000000000000e+01,1.509588679373154082e+04
3.695833333333332860e+01,1.491123513124933379e+04
3.697916666666666430e+01,1.353822269714389040e+04
3.700000000000000000e+01,1.448756978242157129e+04
3.702083333333332860e+01,1.608242778369850203e+04
3.704166666666666430e+01,1.315295353333105959e+04
3.706250000000000000e+01,1.180041315326633776e+04
3.708333333333332860e+01,1.299237425910048114e+04
3.710416666666666430e+01,1.527715993644545961e+04
3.712500000000000000e+01,1.451982623696534210e+04
3.714583333333332860e+01,1.288484847403103049e+04
3.716666666666666430e+01,1.458736427789713343e+04
3.718750000000000000e+01,1.549750436014990919e+04
3.720833333333332860e+01,1.441226037129613542e+04
3.722916666666666430e+01,1.344113648554865722e+04
3.725000000000000000e+01,1.454787647265678606e+04
3.727083333333332860e+01,1.503391471219321465e+04
3.729166666666666430e+01,1.446195581168141871e+04
3.731250000000000000e+01,1.434920620944942857e+04
3.733333333333332860e+01,1.433228369930980625e+04
3.735416666666666430e+01,1.444783832542774690e+04
3.737500000000000000e+01,1.481783385922584421e+04
3.739583333333332860e+01,1.445430704528016577e+04
3.741666666666666430e+01,1.332704936858325891e+04
3.743750000000000000e+01,1.457831689264218585e+04
3.745833333333332860e+01,1.616809425806193394e+04
3.747916666666666430e+01,1.376127355683992209e+04
3.750000000000000000e+01,1.273162167617342857e+04
3.752083333333332860e+01,1.540043469958122660e+04
3.754166666666666430e+01,1.631576100732409031e+04
3.756250000000000000e+01,1.292792729512247388e+04
3.758333333333332860e+01,1.314789094223758730e+04
3.760416666666666430e+01,1.592985359044390134e+04
3.762500000000000000e+01,1.549231005916550203e+04
3.764583333333332860e+01,1.274309166795945202e+04
3.766666666666666430e+01,1.390027678310249030e+04
3.768750000000000000e+01,1.617375926574424011e+04
3.770833333333332860e+01,1.452846210503616749e+04
3.772916666666666430e+01,1.306614188496449424e+04
3.775000000000000000e+01,1.444687165800798539e+04
3.777083333333332860e+01,1.542945476174814030e+04
3.779166666666666430e+01,1.444693836147361071e+04
3.781250000000000000e+01,1.378504933885881837e+04
3.783333333333332860e+01,1.438591234705189709e+04
3.785416666666666430e+01,1.445111373024587010e+04
3.787500000000000000e+01,1.495577976619108449e+04
3.789583333333332860e+01,1.444320036684756269e+04
3.791666666666666430e+01,1.405200108443031786e+04
3.793750000000000000e+01,1.444706080799897245e+04
3.795833333333332860e+01,1.559478876073412903e+04
3.797916666666666430e+01,1.425851784381808102e+04
3.800000000000000000e+01,1.272580989374982528e+04
3.802083333333332860e+01,1.507097483761878539e+04
3.804166666666666430e+01,1.616158224768623404e+04
3.806250000000000000e+01,1.342682551140613941e+04
3.808333333333332860e+01,1.272632424105123573e+04
3.810416666666666430e+01,1.596729330874295556e+04
3.812500000000000000e+01,1.537507809472634835e+04
3.814583333333332860e+01,1.272596785238993471e+04
3.816666666666666430e+01,1.381643922376414775e+04
3.818750000000000000e+01,1.590680937683611046e+04
3.820833333333332860e+01,1.436539756158590899e+04
3.822916666666666430e+01,1.295235112925060457e+04
3.825000000000000000e+01,1.523948718785055462e+04
3.827083333333332860e+01,1.561894725764509712e+04
3.829166666666666430e+01,1.358630265441206939e+04
3.831250000000000000e+01,1.334973971101533607e+04
3.833333333333332860e+01,1.530172496556388796e+04
3.835416666666666430e+01,1.542823379852988728e+04
3.837500000000000000e+01,1.370957811249165752e+04
3.839583333333332860e+01,1.431619289806497545e+04
3.841666666666666430e+01,1.503138964912239317e+04
3.843750000000000000e+01,1.447258666303398786e+04
3.845833333333332860e+01,1.432158141186662033e+04
3.847916666666666430e+01,1.469592150179618329e+04
3.850000000000000000e+01,1.433205561459729506e+04
3.852083333333332860e+01,1.442995250968315668e+04
3.854166666666666430e+01,1.516092996888217749e+04
3.856250000000000000e+01,1.404870404217974647e+04
3.858333333333332860e+01,1.358697405551291740e+04
3.860416666666666430e+01,1.475821632613732436e+04
3.862500000000000000e+01,1.531002111292788686e+04
3.864583333333332860e+01,1.367970489830529914e+04
3.866666666666666430e+01,1.359034521807008059e+04
3.868750000000000000e+01,1.589058338337793248e+04
3.870833333333332860e+01,1.499130372597847963e+04
3.872916666666666430e+01,1.272595172747916877e+04
3.875000000000000000e+01,1.413976740565598084e+04
3.877083333333332860e+01,1.592057313899857036e+04
3.879166666666666430e+01,1.430589245912628758e+04
3.881250000000000000e+01,1.284892529688228751e+04
3.883333333333332860e+01,1.519075481090592439e+04
3.885416666666666430e+01,1.573872723999112713e+04
3.887500000000000000e+01,1.358364312616291500e+04
3.889583333333332860e+01,1.339759098949092368e+04
3.891666666666666430e+01,1.530433828142051789e+04
3.893750000000000000e+01,1.514508912949599107e+04
3.895833333333332860e+01,1.370847650545765282e+04
3.897916666666666430e+01,1.456024621980266966e+04
3.900000000000000000e+01,1.491540373566964627e+04
3.902083333333332860e+01,1.431784802366282747e+04
3.904166666666666430e+01,1.425712903899425510e+04
3.906250000000000000e+01,1.444777847194634523e+04
3.908333333333332860e+01,1.427007566334172225e+04
3.910416666666666430e+01,1.408059934451813024e+04
3.912500000000000000e+01,1.493326468490804473e+04
3.914583333333332860e+01,1.401934103806486019e+04
3.916666666666666430e+01,1.361781643843656275e+04
3.918750000000000000e+01,1.512253605564988175e+04
3.920833333333332860e+01,1.527011279867893245e+04
3.922916666666666430e+01,1.326885876689312499e+04
3.925000000000000000e+01,1.365269120709019626e+04
3.927083333333332860e+01,1.615133484211032919e+04
3.929166666666666430e+01,1.448709321111189274e+04
3.931250000000000000e+01,1.272429613757419429e+04
3.933333333333332860e+01,1.435270189854255659e+04
3.935416666666666430e+01,1.582169623098132433e+04
3.937500000000000000e+01,1.410818074887411422e+04
3.939583333333332860e+01,1.313397838382400005e+04
3.941666666666666430e+01,1.530404933646013160e+04
3.943750000000000000e+01,1.542075268621257419e+04
3.945833333333332860e+01,1.358653251788848138e+04
3.947916666666666430e+01,1.374775090175051446e+04
3.950000000000000000e+01,1.528394494689787825e+04
3.952083333333332860e+01,1.450532024326995088e+04
3.954166666666666430e+01,1.403540156442663283e+04
3.956250000000000000e+01,1.444083807702828562e+04
3.958333333333332860e+01,1.461882208202697802e+04
3.960416666666666430e+01,1.444498988066841048e+04
3.962500000000000000e+01,1.458803786518295965e+04
3.964583333333332860e+01,1.474619900347652583e+04
3.966666666666666430e+01,1.368083747603636220e+04
3.968750000000000000e+01,1.476998995283723343e+04
3.970833333333332860e+01,1.530557354370857138e+04
3.972916666666666430e+01,1.368707080225555183e+04
3.975000000000000000e+01,1.358507248787507342e+04
3.977083333333332860e+01,1.559990783296409791e+04
3.979166666666666430e+01,1.518717758767835767e+04
3.981250000000000000e+01,1.272240312249473936e+04
3.983333333333332860e+01,1.415938605893436034e+04
3.985416666666666430e+01,1.586310066908735462e+04
3.987500000000000000e+01,1.440821798830440457e+04
3.989583333333332860e+01,1.429049065953522586e+04
3.991666666666666430e+01,1.465829100142575044e+04
3.993750000000000000e+01,1.412259615404002761e+04
3.995833333333332860e+01,1.365708854218194028e+04
3.997916666666666430e+01,1.481941829018944554e+04
4.000000000000000000e+01,1.529871344411388418e+04
4.002083333333332860e+01,1.359645103426138667e+04
4.004166666666666430e+01,1.358566067670993652e+04
4.006250000000000000e+01,1.548113148194831956e+04
4.008333333333332860e+01,1.511464584363120230e+04
4.010416666666666430e+01,1.272489682323082889e+04
4.012500000000000000e+01,1.423693984072568492e+04
4.014583333333332860e+01,1.616473835326532935e+04
4.016666666666666430e+01,1.449056108184088225e+04
4.018750000000000000e+01,1.272624860225820521e+04
4.020833333333332860e+01,1.475143651808778304e+04
4.022916666666666430e+01,1.579229173840472140e+04
4.025000000000000000e+01,1.357357295864121988e+04
4.027083333333332860e+01,1.344265605448960196e+04
4.029166666666666430e+01,1.530835516891338193e+04
4.031250000000000000e+01,1.498805838442778622e+04
4.033333333333332860e+01,1.359193358221781818e+04
4.035416666666666430e+01,1.419214658406798117e+04
4.037500000000000000e+01,1.499619126172655524e+04
4.039583333333332860e+01,1.444735026551103147e+04
4.041666666666666430e+01,1.449825256641271335e+04
4.043750000000000000e+01,1.459469919632098390e+04
4.045833333333332860e+01,1.453513436922440815e+04
4.047916666666666430e+01,1.451153809825447388e+04
4.050000000000000000e+01,1.505360817027068333e+04
4.052083333333332860e+01,1.391688318315640936e+04
4.054166666666666430e+01,1.371188851789117689e+04
4.056250000000000000e+01,1.492996391622914962e+04
4.058333333333332860e+01,1.515010419335230108e+04
4.060416666666666430e+01,1.420235075611033244e+04
4.062500000000000000e+01,1.371688215577982919e+04
4.064583333333332860e+01,1.525658664586278246e+04
4.066666666666666430e+01,1.444785302395717736e+04
4.068750000000000000e+01,1.345116258218312942e+04
4.070833333333332860e+01,1.430038233568591386e+04
4.072916666666666430e+01,1.519348242715098240e+04
4.075000000000000000e+01,1.402920582967942028e+04
4.077083333333332860e+01,1.376477823632588843e+04
4.079166666666666430e+01,1.530390803252006299e+04
4.081250000000000000e+01,1.470816512217936906e+04
4.083333333333332860e+01,1.304801210999911928e+04
4.085416666666666430e+01,1.460207765862199085e+04
4.087500000000000000e+01,1.558650730523376478e+04
4.089583333333332860e+01,1.376114369486146097e+04
4.091666666666666430e+01,1.408091454344415979e+04
4.093750000000000000e+01,1.532776200151093508e+04
4.095833333333332860e+01,1.444237216650665141e+04
4.097916666666666430e+01,1.358599487220891751e+04
4.100000000000000000e+01,1.505330689959158917e+04
4.102083333333332860e+01,1.501541884963023040e+04
4.104166666666666430e+01,1.358424723654171248e+04
4.106250000000000000e+01,1.421565757036808645e+04
4.108333333333332860e+01,1.530652686378793442e+04
4.110416666666666430e+01,1.443196639227533888e+04
4.112500000000000000e+01,1.371706923425465357e+04
4.114583333333332860e+01,1.528878092598810690e+04
4.116666666666666430e+01,1.498850877528199635e+04
4.118750000000000000e+01,1.337094919314007711e+04
4.120833333333332860e+01,1.434708494652660738e+04
4.122916666666666430e+01,1.525483841486589517e+04
4.125000000000000000e+01,1.414861392994315611e+04
4.127083333333332860e+01,1.441722048225394246e+04
4.129166666666666430e+01,1.574117637517815092e+04
4.131250000000000000e+01,1.505208218728378779e+04
4.133333333333332860e+01,1.375672135700749641e+04
4.135416666666666430e+01,1.441034475145433680e+04
4.137500000000000000e+01,1.537380174778349829e+04
4.139583333333332860e+01,1.426161696061340263e+04
4.141666666666666430e+01,1.367701745095524166e+04
4.143750000000000000e+01,1.518313000890363764e+04
4.145833333333332860e+01,1.478754453180657947e+04
4.147916666666666430e+01,1.359130671494624767e+04
4.150000000000000000e+01,1.436276972873833438e+04
4.152083333333332860e+01,1.544312366358911822e+04
4.154166666666666430e+01,1.433475372486945344e+04
4.156250000000000000e+01,1.383441814476804575e+04
4.158333333333332860e+01,1.526582097739620804e+04
4.160416666666666430e+01,1.480214372896914574e+04
4.162500000000000000e+01,1.358726797967809762e+04
4.164583333333332860e+01,1.432847427977719053e+04
4.166666666666666430e+01,1.530690948242530794e+04
4.168750000000000000e+01,1.402186874844755948e+04
4.170833333333332860e+01,1.382451210669261854e+04
4.172916666666666430e+01,1.518428885408614951e+04
4.175000000000000000e+01,1.464961496717017872e+04
4.177083333333332860e+01,1.358521518553691931e+04
4.179166666666666430e+01,1.461499465033007436e+04
4.181250000000000000e+01,1.530587783414646037e+04
4.183333333333332860e+01,1.370886363355392677e+04
4.185416666666666430e+01,1.378189583429230333e+04
4.187500000000000000e+01,1.530434253664921562e+04
4.189583333333332860e+01,1.462983248970018394e+04
4.191666666666666430e+01,1.365349463446111986e+04
4.193750000000000000e+01,1.499682412192379343e+04
4.195833333333332860e+01,1.527213118323925664e+04
4.197916666666666430e+01,1.324863853993008524e+04
4.200000000000000000e+01,1.409815254352385818e+04
4.202083333333332860e+01,1.537996983187807928e+04
4.204166666666666430e+01,1.436054073289556254e+04
4.206250000000000000e+01,1.263362922465733209e+04
4.208333333333332860e+01,1.483564117150081438e+04
4.210416666666666430e+01,1.578278127584905815e+04
4.212500000000000000e+01,1.344026662143125577e+04
4.214583333333332860e+01,1.332444029325024167e+04
4.216666666666666430e+01,1.529373590310379586e+04
4.218750000000000000e+01,1.523576742237575672e+04
4.220833333333332860e+01,1.376530257733445615e+04
4.222916666666666430e+01,1.423691046056867344e+04
4.225000000000000000e+01,1.503304592839077668e+04
4.227083333333332860e+01,1.444244607493369767e+04
4.229166666666666430e+01,1.395161730411046665e+04
4.231250000000000000e+01,1.444636472717935249e+04
4.233333333333332860e+01,1.454014868635551829e+04
4.235416666666666430e+01,1.444807965832498667e+04
4.237500000000000000e+01,1.515030823964772571e+04
4.239583333333332860e+01,1.409889261670499036e+04
4.241666666666666430e+01,1.358353394106519409e+04
4.243750000000000000e+01,1.517823998234575629e+04
4.245833333333332860e+01,1.530557842604173857e+04
4.247916666666666430e+01,1.326399348286091481e+04
4.250000000000000000e+01,1.390400858954204523e+04
4.252083333333332860e+01,1.616012888375042894e+04
4.254166666666666430e+01,1.471329278761551905e+04
4.256250000000000000e+01,1.272645012632919679e+04
4.258333333333332860e+01,1.435079073671759033e+04
4.260416666666666430e+01,1.586432111695685307e+04
4.262500000000000000e+01,1.379765303120939279e+04
4.264583333333332860e+01,1.318660159528008444e+04
4.266666666666666430e+01,1.530502027834948603e+04
4.268750000000000000e+01,1.546569982063479620e+04
4.270833333333332860e+01,1.358538948167613489e+04
4.272916666666666430e+01,1.378354226808472595e+04
4.275000000000000000e+01,1.525560391946616073e+04
4.277083333333332860e+01,1.447696110374111959e+04
4.279166666666666430e+01,1.403296177503098443e+04
4.281250000000000000e+01,1.447439663629898132e+04
4.283333333333332860e+01,1.429953338855573020e+04
4.285416666666666430e+01,1.338933524484012014e+04
4.287500000000000000e+01,1.455344461336343011e+04
4.289583333333332860e+01,1.522662394467639024e+04
4.291666666666666430e+01,1.356253872331685125e+04
4.293750000000000000e+01,1.401621352547391507e+04
4.295833333333332860e+01,1.522723198082686213e+04
4.297916666666666430e+01,1.472742070935967058e+04
4.300000000000000000e+01,1.357390407161963230e+04
4.302083333333332860e+01,1.438329408348060315e+04
4.304166666666666430e+01,1.529968648695825323e+04
4.306250000000000000e+01,1.415982465893288463e+04
4.308333333333332860e+01,1.348190443797886110e+04
4.310416666666666430e+01,1.526762910860750708e+04
4.312500000000000000e+01,1.474862755972953892e+04
4.314583333333332860e+01,1.358331189317892131e+04
4.316666666666666430e+01,1.450394823519544661e+04
4.318750000000000000e+01,1.530213700229490496e+04
4.320833333333332860e+01,1.386035096115661872e+04
4.322916666666666430e+01,1.394288217063386764e+04
4.325000000000000000e+01,1.568413449392073380e+04
4.327083333333332860e+01,1.457789335227232732e+04
4.329166666666666430e+01,1.300773838540396173e+04
4.331250000000000000e+01,1.471703318392570509e+04
4.333333333333332860e+01,1.599980786413241367e+04
4.335416666666666430e+01,1.354446073715374587e+04
4.337500000000000000e+01,1.331338652557908063e+04
4.339583333333332860e+01,1.530463062997988163e+04
4.341666666666666430e+01,1.517506497417703213e+04
4.343750000000000000e+01,1.337522886541081243e+04
4.345833333333332860e+01,1.409208398724413564e+04
4.347916666666666430e+01,1.505795268404964008e+04
4.350000000000000000e+01,1.444318474906014308e+04
4.352083333333332860e+01,1.526076318051285489e+04
4.354166666666666430e+01,1.561782766477751647e+04
4.356250000000000000e+01,1.471420200193776691e+04
4.358333333333332860e+01,1.390438204518461862e+04
4.360416666666666430e+01,1.582329407951877511e+04
4.362500000000000000e+01,1.487861677260546639e+04
4.364583333333332860e+01,1.318368090857404968e+04
4.366666666666666430e+01,1.482136688911129386e+04
4.368750000000000000e+01,1.570715849093343422e+04
4.370833333333332860e+01,1.356681006865181917e+04
4.372916666666666430e+01,1.397071182901733846e+04
4.375000000000000000e+01,1.500271355855760339e+04
4.377083333333332860e+01,1.459979656967812116e+04
4.379166666666666430e+01,1.426479683990760532e+04
4.381250000000000000e+01,1.468994702758190397e+04
4.383333333333332860e+01,1.438044946299354342e+04
4.385416666666666430e+01,1.358836913076101700e+04
4.387500000000000000e+01,1.503401326560434973e+04
4.389583333333332860e+01,1.530542665975922864e+04
4.391666666666666430e+01,1.354734525119181126e+04
4.393750000000000000e+01,1.358755224967389222e+04
4.395833333333332860e+01,1.585296718758548013e+04
4.397916666666666430e+01,1.501585075013993992e+04
4.400000000000000000e+01,1.272654934289055018e+04
4.402083333333332860e+01,1.445504278071676526e+04
4.404166666666666430e+01,1.581305420306036831e+04
4.406250000000000000e+01,1.410246476127231290e+04
4.408333333333332860e+01,1.302906842782196327e+04
4.410416666666666430e+01,1.512458512281293952e+04
4.412500000000000000e+01,1.545825344857062737e+04
4.414583333333332860e+01,1.358605736356044144e+04
4.416666666666666430e+01,1.379905687183047121e+04
4.418750000000000000e+01,1.530757454948133454e+04
4.420833333333332860e+01,1.474814404727423607e+04
4.422916666666666430e+01,1.365449351408765870e+04
4.425000000000000000e+01,1.375106439899236648e+04
4.427083333333332860e+01,1.435016339445227277e+04
4.429166666666666430e+01,1.411347473388784420e+04
4.431250000000000000e+01,1.420550534907132169e+04
4.433333333333332860e+01,1.433872634143187679e+04
4.435416666666666430e+01,1.429973825054058761e+04
4.437500000000000000e+01,1.452272754209825143e+04
4.439583333333332860e+01,1.521726359205132758e+04
4.441666666666666430e+01,1.381439199707163061e+04
4.443750000000000000e+01,1.357392816882665284e+04
4.445833333333332860e+01,1.542719443452002815e+04
4.447916666666666430e+01,1.529451564377329487e+04
4.450000000000000000e+01,1.280076092965952921e+04
4.452083333333332860e+01,1.419067602718454145e+04
4.454166666666666430e+01,1.615921770645763536e+04
4.456250000000000000e+01,1.462663731752163221e+04
4.458333333333332860e+01,1.272484886439738693e+04
4.460416666666666430e+01,1.431994291532801071e+04
4.462500000000000000e+01,1.614729439640761484e+04
4.464583333333332860e+01,1.347754984264957238e+04
4.466666666666666430e+01,1.318071846759063919e+04
4.468750000000000000e+01,1.530259142814596271e+04
4.470833333333332860e+01,1.540248196353193271e+04
4.472916666666666430e+01,1.358496892529940669e+04
4.475000000000000000e+01,1.387531300074017781e+04
4.477083333333332860e+01,1.519511082557195550e+04
4.479166666666666430e+01,1.444903816059147721e+04
4.481250000000000000e+01,1.435482049960493532e+04
4.483333333333332860e+01,1.450349181525178574e+04
4.485416666666666430e+01,1.439929632259201753e+04
4.487500000000000000e+01,1.444405800382582675e+04
4.489583333333332860e+01,1.501454359105450931e+04
4.491666666666666430e+01,1.413145551117942523e+04
4.493750000000000000e+01,1.358033567325685362e+04
4.495833333333332860e+01,1.511830980121676112e+04
4.497916666666666430e+01,1.530265875062667328e+04
4.500000000000000000e+01,1.372616370085781818e+04
4.502083333333332860e+01,1.383411464407531093e+04
4.504166666666666430e+01,1.628215469361706346e+04
4.506250000000000000e+01,1.485725926552864621e+04
4.508333333333332860e+01,1.285722787025609796e+04
4.510416666666666430e+01,1.420680786515668296e+04
4.512500000000000000e+01,1.618786530380595650e+04
4.514583333333332860e+01,1.407684977632804657e+04
4.516666666666666430e+01,1.286870620175786826e+04
4.518750000000000000e+01,1.528180896458022835e+04
4.520833333333332860e+01,1.552867235056533536e+04
4.522916666666666430e+01,1.320277561908183270e+04
4.525000000000000000e+01,1.385917654439428588e+04
4.527083333333332860e+01,1.567315782289258277e+04
4.529166666666666430e+01,1.465887427128065247e+04
4.531250000000000000e+01,1.333803686859185837e+04
4.533333333333332860e+01,1.444564416034822716e+04
4.535416666666666430e+01,1.554046310242182517e+04
4.537500000000000000e+01,1.444435692978255247e+04
4.539583333333332860e+01,1.354075192853485350e+04
4.541666666666666430e+01,1.444438833058157616e+04
4.543750000000000000e+01,1.482097228597746653e+04
4.545833333333332860e+01,1.463111200118899797e+04
4.547916666666666430e+01,1.444085891714290483e+04
4.550000000000000000e+01,1.405760901358129195e+04
4.552083333333332860e+01,1.444539254997215903e+04
4.554166666666666430e+01,1.534217599342058384e+04
4.556250000000000000e+01,1.444626861484168694e+04
4.558333333333332860e+01,1.291939544946876049e+04
4.560416666666666430e+01,1.474755821231683149e+04
4.562500000000000000e+01,1.607471308460842920e+04
4.564583333333332860e+01,1.382525683033683890e+04
4.566666666666666430e+01,1.272432786400068653e+04
4.568750000000000000e+01,1.523558053000300060e+04
4.570833333333332860e+01,1.600171572263192502e+04
4.572916666666666430e+01,1.317674359838512100e+04
4.575000000000000000e+01,1.285991032192669445e+04
4.577083333333332860e+01,1.499237391459888386e+04
4.579166666666666430e+01,1.548152822030276729e+04
4.581250000000000000e+01,1.362195170695273919e+04
4.583333333333332860e+01,1.399265954142052215e+04
4.585416666666666430e+01,1.528942274517591432e+04
4.587500000000000000e+01,1.444560899923239413e+04
4.589583333333332860e+01,1.385689277463990948e+04
4.591666666666666430e+01,1.493467733361983483e+04
4.593750000000000000e+01,1.521009102000305938e+04
4.595833333333332860e+01,1.398909916293733477e+04
4.597916666666666430e+01,1.373913012964364680e+04
4.600000000000000000e+01,1.531164222365793830e+04
4.602083333333332860e+01,1.528251739661201282e+04
4.604166666666666430e+01,1.329936527799965916e+04
4.606250000000000000e+01,1.391168256715907046e+04
4.608333333333332860e+01,1.554206922017177931e+04
4.610416666666666430e+01,1.444494035763638385e+04
4.612500000000000000e+01,1.375022664377253022e+04
4.614583333333332860e+01,1.444798716996270377e+04
4.616666666666666430e+01,1.488688248445263889e+04
4.618750000000000000e+01,1.444395534507754928e+04
4.620833333333332860e+01,1.425732533407108713e+04
4.622916666666666430e+01,1.444597840169062329e+04
4.625000000000000000e+01,1.431806245253947418e+04
4.627083333333332860e+01,1.444329509504443195e+04
4.629166666666666430e+01,1.513744840253689472e+04
4.631250000000000000e+01,1.407757257304289305e+04
4.633333333333332860e+01,1.381787623141672520e+04
4.635416666666666430e+01,1.505772539683790455e+04
4.637500000000000000e+01,1.530231516878287948e+04
4.639583333333332860e+01,1.355258068945774721e+04
4.641666666666666430e+01,1.358574844419911460e+04
4.643750000000000000e+01,1.514818596824820270e+04
4.645833333333332860e+01,1.534989662646536817e+04
4.647916666666666430e+01,1.366945621925609521e+04
4.650000000000000000e+01,1.423137347817546834e+04
4.652083333333332860e+01,1.533798343491863488e+04
4.654166666666666430e+01,1.451331661452253684e+04
4.656250000000000000e+01,1.364508117198397304e+04
4.658333333333332860e+01,1.531265602249391668e+04
4.660416666666666430e+01,1.509411221702679177e+04
4.662500000000000000e+01,1.296148141635133652e+04
4.664583333333332860e+01,1.425205044396762241e+04
4.666666666666666430e+01,1.606033750664887702e+04
4.668750000000000000e+01,1.429088088534475173e+04
4.670833333333332860e+01,1.274469046643218098e+04
4.672916666666666430e+01,1.521261393427306757e+04
4.675000000000000000e+01,1.571944603463255044e+04
4.677083333333332860e+01,1.332184101730033944e+04
4.679166666666666430e+01,1.338645260466836407e+04
4.681250000000000000e+01,1.530389867285254149e+04
4.683333333333332860e+01,1.515656762171459923e+04
4.685416666666666430e+01,1.358591312683664364e+04
4.687500000000000000e+01,1.433709490994939915e+04
4.689583333333332860e+01,1.488087204937062415e+04
4.691666666666666430e+01,1.443970263849815092e+04
4.693750000000000000e+01,1.445823913672647905e+04
4.695833333333332860e+01,1.444664592093075407e+04
4.697916666666666430e+01,1.465359232442303255e+04
4.700000000000000000e+01,1.444642625745271653e+04
4.702083333333332860e+01,1.494039082160440375e+04
4.704166666666666430e+01,1.416781805345504108e+04
4.706250000000000000e+01,1.358515010625301147e+04
4.708333333333332860e+01,1.503665631092147305e+04
4.710416666666666430e+01,1.548292468712963455e+04
4.712500000000000000e+01,1.315417589719943862e+04
4.714583333333332860e+01,1.259419222905781135e+04
4.716666666666666430e+01,1.488234600713926920e+04
4.718750000000000000e+01,1.577009513790644996e+04
4.720833333333332860e+01,1.353058205033060585e+04
4.722916666666666430e+01,1.339715524885278137e+04
4.725000000000000000e+01,1.511227923371788347e+04
4.727083333333332860e+01,1.435412811853150924e+04
4.729166666666666430e+01,1.366044074012606507e+04
4.731250000000000000e+01,1.512037007439828449e+04
4.733333333333332860e+01,1.489088076559492765e+04
4.735416666666666430e+01,1.358633596835718708e+04
4.737500000000000000e+01,1.410100969016833551e+04
4.739583333333332860e+01,1.530876483965586158e+04
4.741666666666666430e+01,1.472704464369239577e+04
4.743750000000000000e+01,1.330230637446311812e+04
4.745833333333332860e+01,1.441821918800052663e+04
4.747916666666666430e+01,1.535924468212994543e+04
4.750000000000000000e+01,1.413473572405426239e+04
4.752083333333332860e+01,1.383672353740279141e+04
4.754166666666666430e+01,1.530858600631349691e+04
4.756250000000000000e+01,1.469419449218637237e+04
4.758333333333332860e+01,1.365044414114390747e+04
4.760416666666666430e+01,1.490865684480553682e+04
4.762500000000000000e+01,1.530773720222258999e+04
4.764583333333332860e+01,1.356112165038558669e+04
4.766666666666666430e+01,1.392003532065791296e+04
4.768750000000000000e+01,1.584212769046148969e+04
4.770833333333332860e+01,1.473738493949542681e+04
4.772916666666666430e+01,1.272723011068451888e+04
4.775000000000000000e+01,1.554708850307191096e+04
4.777083333333332860e+01,1.671083710136116861e+04
4.779166666666666430e+01,1.392859167103606160e+04
4.781250000000000000e+01,1.310491639841598953e+04
4.783333333333332860e+01,1.588528834370315599e+04
4.785416666666666430e+01,1.545574589324840053e+04
4.787500000000000000e+01,1.278339835604216933e+04
4.789583333333332860e+01,1.352366424230397752e+04
4.791666666666666430e+01,1.618579862485165722e+04
4.793750000000000000e+01,1.492854436274514592e+04
4.795833333333332860e+01,1.286231842600173695e+04
4.797916666666666430e+01,1.444669302038431124e+04
4.800000000000000000e+01,1.552197345279886576e+04
4.802083333333332860e+01,1.444468112336664490e+04
4.804166666666666430e+01,1.360961322737675437e+04
4.806250000000000000e+01,1.444528146335828569e+04
4.808333333333332860e+01,1.466305126146025214e+04
4.810416666666666430e+01,1.474427701210352461e+04
4.812500000000000000e+01,1.445538982845271676e+04
4.814583333333332860e+01,1.422209978315753324e+04
4.816666666666666430e+01,1.444583165442482277e+04
4.818750000000000000e+01,1.486880112103097417e+04
4.820833333333332860e+01,1.444871849073483827e+04
4.822916666666666430e+01,1.415602697166190774e+04
4.825000000000000000e+01,1.453414930014741185e+04
4.827083333333332860e+01,1.512235082283914380e+04
4.829166666666666430e+01,1.383391497943950890e+04
4.831250000000000000e+01,1.358767041383603646e+04
4.833333333333332860e+01,1.533648681091901017e+04
4.835416666666666430e+01,1.530381754994281073e+04
4.837500000000000000e+01,1.304340989580365931e+04
4.839583333333332860e+01,1.414219542971189003e+04
4.841666666666666430e+01,1.616309722667149254e+04
4.843750000000000000e+01,1.436566479080902354e+04
4.845833333333332860e+01,1.272994897830672926e+04
4.847916666666666430e+01,1.460445360498432638e+04
4.850000000000000000e+01,1.619267482068436584e+04
4.852083333333332860e+01,1.370366255914427893e+04
4.854166666666666430e+01,1.366860818407839179e+04
4.856250000000000000e+01,1.533341755444886439e+04
4.858333333333332860e+01,1.477043022848711553e+04
4.860416666666666430e+01,1.360127498845919763e+04
4.862500000000000000e+01,1.450633926629293273e+04
4.864583333333332860e+01,1.519080742764797833e+04
