0.000000000000000000e+00,3.363662870166602079e+04
2.083333333333333218e-02,3.441105810156559892e+04
4.166666666666666435e-02,3.739448601005370438e+04
6.250000000000000000e-02,3.863499966636287718e+04
8.333333333333332871e-02,3.712966993822609220e+04
1.041666666666666574e-01,3.715070616905415227e+04
1.250000000000000000e-01,4.083338574949886970e+04
1.458333333333333148e-01,3.946708776347396633e+04
1.666666666666666574e-01,3.474692912618456467e+04
1.875000000000000000e-01,3.743937247725964698e+04
2.083333333333333148e-01,4.210290638493370352e+04
2.291666666666666574e-01,3.958388592619584961e+04
2.500000000000000000e-01,3.441375145181919652e+04
2.708333333333333148e-01,3.970669918932841392e+04
2.916666666666666297e-01,4.322373307627155737e+04
3.125000000000000000e-01,3.681634308357383270e+04
3.333333333333333148e-01,3.452114238109130383e+04
3.541666666666666297e-01,4.150907926927632798e+04
3.750000000000000000e-01,4.184908298824657686e+04
3.958333333333333148e-01,3.451860521591058205e+04
4.166666666666666297e-01,3.552063735588171403e+04
4.375000000000000000e-01,4.253927889207517728e+04
4.583333333333333148e-01,4.124913372300953051e+04
4.791666666666666297e-01,3.506521407702266151e+04
5.000000000000000000e-01,3.690242083135755820e+04
5.208333333333332593e-01,4.154479326380516432e+04
5.416666666666666297e-01,4.092404308955732995e+04
5.625000000000000000e-01,3.609050002145117469e+04
5.833333333333332593e-01,3.617494810223698005e+04
6.041666666666666297e-01,3.925535416059713316e+04
6.250000000000000000e-01,4.354182746756265260e+04
6.458333333333332593e-01,4.005852552057526191e+04
6.666666666666666297e-01,3.594639938603121846e+04
6.875000000000000000e-01,3.919806721445482981e+04
7.083333333333332593e-01,4.377209415650316805e+04
7.291666666666666297e-01,3.697575779447246896e+04
7.500000000000000000e-01,3.452227818901569117e+04
7.708333333333332593e-01,4.128678162674636405e+04
7.916666666666666297e-01,4.146927524566565262e+04
8.125000000000000000e-01,3.593898899904513382e+04
8.333333333333332593e-01,3.933200515826596529e+04
8.541666666666666297e-01,4.038345806151096622e+04
8.750000000000000000e-01,3.618361596650279535e+04
8.958333333333332593e-01,3.923194681974520790e+04
9.166666666666666297e-01,4.185976278814001125e+04
9.375000000000000000e-01,3.653765934652985015e+04
9.583333333333332593e-01,3.677647179499125195e+04
9.791666666666666297e-01,4.100815016740905412e+04
1.000000000000000000e+00,3.918686595151423535e+04
1.020833333333333259e+00,3.448736871918952966e+04
1.041666666666666519e+00,3.954329305421886238e+04
1.062500000000000000e+00,4.230589051299817220e+04
1.083333333333333259e+00,3.562963807775785972e+04
1.104166666666666519e+00,3.807332032472898572e+04
1.125000000000000000e+00,4.183704436498237919e+04
1.145833333333333259e+00,3.917099562401129515e+04
1.166666666666666519e+00,3.442936221398678754e+04
1.187500000000000000e+00,3.970884831668964762e+04
1.208333333333333259e+00,4.145745843982256338e+04
1.229166666666666519e+00,3.556103333707139245e+04
1.250000000000000000e+00,3.782732071692811587e+04
1.270833333333333259e+00,4.183295615447393357e+04
1.291666666666666519e+00,3.820055614595823135e+04
1.312500000000000000e+00,3.542366963106024923e+04
1.333333333333333259e+00,4.146478657839049265e+04
1.354166666666666519e+00,4.029872104517760454e+04
1.375000000000000000e+00,3.641911541042144381e+04
1.395833333333333259e+00,3.712488420135133492e+04
1.416666666666666519e+00,4.183402639217540855e+04
1.437500000000000000e+00,3.822605886425321660e+04
1.458333333333333259e+00,3.552095475103434001e+04
1.479166666666666519e+00,4.141731551376983407e+04
1.500000000000000000e+00,4.033735689270324656e+04
1.520833333333333259e+00,3.509785324069437775e+04
1.541666666666666519e+00,3.792450891333732579e+04
1.562500000000000000e+00,4.182722579267058609e+04
1.583333333333333259e+00,3.835089432417429634e+04
1.604166666666666519e+00,3.654558360592960526e+04
1.625000000000000000e+00,4.108197959127676586e+04
1.645833333333333259e+00,4.049827421795182454e+04
1.666666666666666519e+00,3.542227998488985759e+04
1.687500000000000000e+00,3.649856109201370418e+04
1.708333333333333259e+00,4.182661393635637796e+04
1.729166666666666519e+00,3.957067659982752957e+04
1.750000000000000000e+00,3.543581868295591994e+04
1.770833333333333259e+00,3.958219396318774670e+04
1.791666666666666519e+00,4.047148852801941393e+04
1.812500000000000000e+00,3.851380586440106708e+04
1.833333333333333259e+00,3.695400879759619420e+04
1.854166666666666519e+00,3.862012366786754865e+04
1.875000000000000000e+00,3.874914746695334907e+04
1.895833333333333259e+00,3.863223419392336655e+04
1.916666666666666519e+00,4.094635594859809498e+04
1.937500000000000000e+00,3.745163856861804379e+04
1.958333333333333259e+00,3.630320306249640271e+04
1.979166666666666519e+00,4.090004494001925195e+04
2.000000000000000000e+00,4.182696073780523875e+04
2.020833333333333037e+00,3.516345881749637920e+04
2.041666666666666519e+00,3.543945323995062790e+04
2.062500000000000000e+00,4.417280289826163062e+04
2.083333333333333037e+00,4.051145540934862947e+04
2.104166666666666519e+00,3.389282349471386260e+04
2.125000000000000000e+00,3.919452717652166029e+04
2.145833333333333037e+00,4.568058900986856315e+04
2.166666666666666519e+00,3.810661953087842994e+04
2.187500000000000000e+00,3.270731644943816718e+04
2.208333333333333037e+00,4.187136999016053596e+04
2.229166666666666519e+00,4.205794511398322356e+04
2.250000000000000000e+00,3.494184035263042460e+04
2.270833333333333037e+00,3.625620279340437264e+04
2.291666666666666519e+00,4.187706084204141371e+04
2.312500000000000000e+00,4.041526791046093422e+04
2.333333333333333037e+00,3.572797793476156221e+04
2.354166666666666519e+00,3.863320881682178151e+04
2.375000000000000000e+00,3.922757165870614699e+04
2.395833333333333037e+00,3.864391694605763769e+04
2.416666666666666519e+00,3.955809135404378321e+04
2.437500000000000000e+00,3.864734060516594036e+04
2.458333333333333037e+00,3.541683045385083096e+04
2.479166666666666519e+00,4.067481798151051044e+04
2.500000000000000000e+00,4.183651369540557789e+04
2.520833333333333037e+00,3.591836359172358789e+04
2.541666666666666519e+00,3.543034104171302897e+04
2.562500000000000000e+00,4.293248766420560423e+04
2.583333333333333037e+00,4.141710249738604762e+04
2.604166666666666519e+00,3.242455669964085610e+04
2.625000000000000000e+00,3.881649671981948632e+04
2.645833333333333037e+00,4.503103405326148641e+04
2.666666666666666519e+00,3.707411773433183407e+04
2.687500000000000000e+00,3.226440910332802014e+04
2.708333333333333037e+00,4.152735017058714584e+04
2.729166666666666519e+00,4.338720975622546393e+04
2.750000000000000000e+00,3.541931074463448022e+04
2.770833333333333037e+00,3.459955356608975853e+04
2.791666666666666519e+00,4.183167873099719145e+04
2.812500000000000000e+00,4.066736018734066602e+04
2.833333333333333037e+00,3.543595880622080585e+04
2.854166666666666519e+00,3.814222214748346596e+04
2.875000000000000000e+00,4.065347210981247918e+04
2.895833333333333037e+00,3.863419520329067018e+04
2.916666666666666519e+00,3.776728704711567116e+04
2.937500000000000000e+00,3.934022117280621023e+04
2.958333333333333037e+00,3.838301605500414007e+04
2.979166666666666519e+00,3.864119275686101173e+04
3.000000000000000000e+00,4.096971048991411226e+04
3.020833333333333037e+00,3.743512897595022514e+04
3.041666666666666519e+00,3.542667275795209571e+04
3.062500000000000000e+00,4.089392879520684801e+04
3.083333333333333037e+00,4.182915334057361906e+04
3.104166666666666519e+00,3.530303534234518156e+04
3.125000000000000000e+00,3.589338009923066420e+04
3.145833333333333037e+00,4.383807284300110769e+04
3.166666666666666519e+00,4.076137183366348472e+04
3.187500000000000000e+00,3.222665684314622558e+04
3.208333333333333037e+00,3.788587336338757450e+04
3.229166666666666519e+00,4.381442679412347206e+04
3.250000000000000000e+00,3.821759462367913511e+04
3.270833333333333037e+00,3.295579233254988503e+04
3.291666666666666519e+00,4.122478156442297768e+04
3.312500000000000000e+00,4.372396882480264321e+04
3.333333333333333037e+00,3.503152274267624307e+04
3.354166666666666519e+00,3.446976920061418059e+04
3.375000000000000000e+00,4.183225929119463399e+04
3.395833333333333037e+00,4.165239167847213685e+04
3.416666666666666519e+00,3.463284167587268166e+04
3.437500000000000000e+00,3.760462914344226010e+04
3.458333333333333037e+00,4.053393217524528882e+04
3.479166666666666519e+00,3.863915693367883068e+04
3.500000000000000000e+00,3.822449340680520982e+04
3.520833333333333037e+00,3.863424304833420319e+04
3.541666666666666519e+00,3.862329187390194420e+04
3.562500000000000000e+00,3.897311657096660929e+04
3.583333333333333037e+00,4.176975615270015987e+04
3.604166666666666519e+00,3.705771323047064652e+04
3.625000000000000000e+00,3.542971577887534659e+04
3.645833333333333037e+00,4.174409555930944771e+04
3.666666666666666519e+00,4.183471799577584170e+04
3.687500000000000000e+00,3.682469914060160227e+04
3.708333333333333037e+00,3.831362992193832906e+04
3.729166666666666519e+00,4.623927981535014987e+04
3.750000000000000000e+00,4.014689291570352361e+04
3.770833333333333037e+00,3.271578561162269762e+04
3.791666666666666519e+00,3.962305029345271760e+04
3.812500000000000000e+00,4.427957171576142719e+04
3.833333333333333037e+00,3.610873905002635729e+04
3.854166666666666519e+00,3.381284535483209766e+04
3.875000000000000000e+00,4.188705242821708816e+04
3.895833333333333037e+00,4.250873651215858990e+04
3.916666666666666519e+00,3.481966512075149512e+04
3.937500000000000000e+00,3.646149854456884350e+04
3.958333333333333037e+00,4.170256829524838395e+04
3.979166666666666519e+00,3.906439632039969729e+04
4.000000000000000000e+00,3.721460725550472125e+04
4.020833333333333037e+00,3.883542745216891490e+04
4.041666666666666075e+00,3.875948428555679129e+04
4.062500000000000000e+00,3.864300664525353932e+04
4.083333333333333037e+00,4.039866950159666885e+04
4.104166666666666075e+00,3.860292629177339404e+04
4.125000000000000000e+00,3.543426177458527673e+04
4.145833333333333037e+00,4.089112201186017046e+04
4.166666666666666075e+00,4.185403710883849999e+04
4.187500000000000000e+00,3.539371008248125872e+04
4.208333333333333037e+00,3.494814595745917904e+04
4.229166666666666075e+00,4.290504653759569192e+04
4.250000000000000000e+00,4.098677178850281780e+04
4.270833333333333037e+00,3.224190814830039744e+04
4.291666666666666075e+00,3.836721271580689063e+04
4.312500000000000000e+00,4.504927593395631266e+04
4.333333333333333037e+00,3.820049484069125174e+04
4.354166666666666075e+00,3.224670276643980469e+04
4.375000000000000000e+00,4.132581735030247364e+04
4.395833333333333037e+00,4.357759086972849764e+04
4.416666666666666075e+00,3.497685436215101799e+04
4.437500000000000000e+00,3.455893796062922775e+04
4.458333333333333037e+00,4.183753421485562285e+04
4.479166666666666075e+00,4.156334026973876462e+04
4.500000000000000000e+00,3.530533700348612183e+04
4.520833333333333037e+00,3.844801491633778642e+04
4.541666666666666075e+00,4.056618724711045797e+04
4.562500000000000000e+00,3.863519170414921973e+04
4.583333333333333037e+00,3.748500416741600202e+04
4.604166666666666075e+00,3.864749908579384646e+04
4.625000000000000000e+00,3.784381908160032617e+04
4.645833333333333037e+00,3.882116417121126869e+04
4.666666666666666075e+00,4.163788499320109258e+04
4.687500000000000000e+00,3.693193456375131063e+04
4.708333333333333037e+00,3.684058393843139493e+04
4.729166666666666075e+00,4.135139690409541799e+04
4.750000000000000000e+00,4.053724083055732626e+04
4.770833333333333037e+00,3.434061167728258442e+04
4.791666666666666075e+00,3.785427889578010945e+04
4.812500000000000000e+00,4.501754898880497058e+04
4.833333333333333037e+00,3.629886459878280584e+04
4.854166666666666075e+00,3.224571467564443446e+04
4.875000000000000000e+00,4.182786891150788870e+04
4.895833333333333037e+00,4.503620401979056624e+04
4.916666666666666075e+00,3.322436028445694683e+04
4.937500000000000000e+00,3.326783254047595983e+04
4.958333333333333037e+00,4.503001207847344631e+04
4.979166666666666075e+00,4.258555133110027236e+04
5.000000000000000000e+00,3.224150742833109689e+04
5.020833333333333037e+00,3.553535994830992422e+04
5.041666666666666075e+00,4.424787971222950000e+04
5.062500000000000000e+00,3.926011849968200841e+04
5.083333333333333037e+00,3.328152778061777644e+04
5.104166666666666075e+00,3.863089495408867515e+04
5.125000000000000000e+00,4.252052002600277046e+04
5.145833333333333037e+00,3.855065861092025443e+04
5.166666666666666075e+00,3.579440973723561183e+04
5.187500000000000000e+00,3.941067091423396050e+04
5.208333333333333037e+00,3.893568960766387318e+04
5.229166666666666075e+00,4.015801194659877365e+04
5.250000000000000000e+00,3.862904125470943836e+04
5.270833333333333037e+00,3.599402926315983495e+04
5.291666666666666075e+00,3.864436291910981527e+04
5.312500000000000000e+00,4.220068487645563437e+04
5.333333333333333037e+00,3.864455803246844880e+04
5.354166666666666075e+00,3.272968689127297694e+04
5.375000000000000000e+00,3.987171377977714292e+04
5.395833333333333037e+00,4.503310823854011687e+04
5.416666666666666075e+00,3.639982323026046652e+04
5.437500000000000000e+00,3.296276820346705063e+04
5.458333333333333037e+00,4.161355800145911053e+04
5.479166666666666075e+00,4.504880030833263299e+04
5.500000000000000000e+00,3.368956318915783777e+04
5.520833333333333037e+00,3.297206477917110897e+04
5.541666666666666075e+00,4.406976959534180060e+04
5.562500000000000000e+00,4.257540292476944887e+04
5.583333333333333037e+00,3.224524355875478795e+04
5.604166666666666075e+00,3.536768213790394657e+04
5.625000000000000000e+00,4.504647300657450978e+04
5.645833333333333037e+00,3.987599016336545901e+04
5.666666666666666075e+00,3.296114230467336893e+04
5.687500000000000000e+00,3.862483892227103934e+04
5.708333333333333037e+00,4.286624045826953079e+04
5.729166666666666075e+00,3.863596825588527281e+04
5.750000000000000000e+00,3.502937415697870165e+04
5.770833333333333037e+00,3.863344758831663785e+04
5.791666666666666075e+00,4.040953657504752482e+04
5.812500000000000000e+00,3.910965255939060444e+04
5.833333333333333037e+00,3.862422922068426851e+04
5.854166666666666075e+00,3.628872359249271540e+04
5.875000000000000000e+00,3.863688059205321770e+04
5.895833333333333037e+00,4.179670596967221354e+04
5.916666666666666075e+00,3.864072594583478349e+04
5.937500000000000000e+00,3.540096063241259981e+04
5.958333333333333037e+00,3.965839083958268020e+04
5.979166666666666075e+00,4.440162515796782100e+04
6.000000000000000000e+00,3.610573788114600757e+04
6.020833333333333037e+00,3.224445740406131154e+04
6.041666666666666075e+00,4.215962669723849831e+04
6.062500000000000000e+00,4.448751532818662236e+04
6.083333333333333037e+00,3.275048382723738541e+04
6.104166666666666075e+00,3.356734422582996194e+04
6.125000000000000000e+00,4.503023070455367997e+04
6.145833333333333037e+00,4.102996295116295369e+04
6.166666666666666075e+00,3.224123635019878566e+04
6.187500000000000000e+00,3.739750383506338403e+04
6.208333333333333037e+00,4.497710535868265288e+04
6.229166666666666075e+00,3.512046307925260771e+04
6.250000000000000000e+00,3.386112095488532941e+04
6.270833333333333037e+00,4.344555339368271234e+04
6.291666666666666075e+00,4.237958725685685204e+04
6.312500000000000000e+00,3.243204482513419862e+04
6.333333333333333037e+00,3.675665439272656658e+04
6.354166666666666075e+00,4.500062507452751015e+04
6.375000000000000000e+00,3.887968549916231859e+04
6.395833333333333037e+00,3.374837175492334063e+04
6.416666666666666075e+00,3.862305454256953817e+04
6.437500000000000000e+00,4.250198302369089652e+04
6.458333333333333037e+00,3.847034298120397580e+04
6.479166666666666075e+00,3.569211519267930998e+04
6.500000000000000000e+00,3.863258755929276958e+04
6.520833333333333037e+00,3.753637032192926563e+04
6.541666666666666075e+00,4.021794822198123438e+04
6.562500000000000000e+00,3.926486071909736347e+04
6.583333333333333037e+00,3.728002467899509793e+04
6.604166666666666075e+00,3.869352398709850240e+04
6.625000000000000000e+00,4.154897695588564238e+04
6.645833333333333037e+00,4.018219381641090149e+04
6.666666666666666075e+00,3.450983177730110037e+04
6.687500000000000000e+00,4.036591317969185911e+04
6.708333333333333037e+00,4.159149550936188461e+04
6.729166666666666075e+00,3.670718720923761430e+04
6.750000000000000000e+00,3.546807530288900307e+04
6.770833333333333037e+00,4.192590140662905469e+04
6.791666666666666075e+00,4.073419936926050286e+04
6.812500000000000000e+00,3.544949705081098364e+04
6.833333333333333037e+00,3.923553574035248312e+04
6.854166666666666075e+00,4.186706296310002654e+04
6.875000000000000000e+00,3.627155350120600633e+04
6.895833333333333037e+00,3.583289129508823680e+04
6.916666666666666075e+00,4.339468065433105949e+04
6.937500000000000000e+00,3.934744024512495525e+04
6.958333333333333037e+00,3.226286764231100824e+04
6.979166666666666075e+00,3.872172260607836506e+04
7.000000000000000000e+00,4.504937759218258725e+04
7.020833333333333037e+00,3.671619476208624837e+04
7.041666666666666075e+00,3.318396277777633077e+04
7.062500000000000000e+00,4.183391301591474621e+04
7.083333333333333037e+00,4.234294641502370359e+04
7.104166666666666075e+00,3.430486449696985801e+04
7.125000000000000000e+00,3.582117003399758687e+04
7.145833333333333037e+00,4.259821123320420156e+04
7.166666666666666075e+00,3.922418271005139832e+04
7.187500000000000000e+00,3.694669298535107373e+04
7.208333333333333037e+00,3.863380667262733186e+04
7.229166666666666075e+00,3.909175480639519083e+04
7.250000000000000000e+00,3.864367226842509990e+04
7.270833333333333037e+00,3.971962026233977667e+04
7.291666666666666075e+00,3.846510397935234505e+04
7.312500000000000000e+00,3.542231051668446889e+04
7.333333333333333037e+00,4.069620905476103508e+04
7.354166666666666075e+00,4.184278232561761251e+04
7.375000000000000000e+00,3.589305685819679638e+04
7.395833333333333037e+00,3.544021320858652325e+04
7.416666666666666075e+00,4.304167530126774363e+04
7.437500000000000000e+00,4.135636934157697397e+04
7.458333333333333037e+00,3.223791875401443394e+04
7.479166666666666075e+00,3.888226682886482740e+04
7.500000000000000000e+00,4.504483371157711372e+04
7.520833333333333037e+00,3.738929954630334396e+04
7.541666666666666075e+00,3.235734855835502458e+04
7.562500000000000000e+00,4.160014025872655475e+04
7.583333333333333037e+00,4.280241383782528283e+04
7.604166666666666075e+00,3.543784002592165052e+04
7.625000000000000000e+00,3.486947466944235202e+04
7.645833333333333037e+00,4.184197880633684690e+04
7.666666666666666075e+00,4.103611221172408841e+04
7.687500000000000000e+00,3.446904384505876078e+04
7.708333333333333037e+00,3.844814232624303258e+04
7.729166666666666075e+00,4.048280715546481224e+04
7.750000000000000000e+00,3.864238086852167908e+04
7.770833333333333037e+00,3.839461819005580764e+04
7.791666666666666075e+00,3.904894479923410836e+04
7.812500000000000000e+00,3.724840962253297766e+04
7.833333333333333037e+00,3.923293888967353996e+04
7.854166666666666075e+00,4.182834616346125404e+04
7.875000000000000000e+00,3.630952804913840373e+04
7.895833333333333037e+00,3.638883862180922733e+04
7.916666666666666075e+00,4.200733815040248010e+04
7.937500000000000000e+00,4.184339567916996748e+04
7.958333333333333037e+00,3.319546908247478859e+04
7.979166666666666075e+00,3.495798527643562556e+04
8.000000000000000000e+00,4.091434722345793125e+04
8.020833333333332149e+00,3.927442158066142292e+04
8.041666666666666075e+00,3.511929512587071076e+04
8.062500000000000000e+00,3.854817635286295990e+04
8.083333333333332149e+00,4.280116463277021103e+04
8.104166666666666075e+00,3.642031775216494134e+04
8.125000000000000000e+00,3.651321811081846681e+04
8.145833333333332149e+00,4.181227262581378454e+04
8.166666666666666075e+00,3.957920706590771442e+04
8.187500000000000000e+00,3.545280541784376692e+04
8.208333333333332149e+00,4.010645128486769681e+04
8.229166666666666075e+00,4.184795642300978943e+04
8.250000000000000000e+00,3.529914580026351177e+04
8.270833333333332149e+00,3.631792666416438442e+04
8.291666666666666075e+00,4.341614874140211032e+04
8.312500000000000000e+00,3.980777661551696656e+04
8.333333333333332149e+00,3.224410939519972089e+04
8.354166666666666075e+00,3.826989901852969342e+04
8.375000000000000000e+00,4.503806126173239318e+04
8.395833333333332149e+00,3.745497083604442741e+04
8.416666666666666075e+00,3.261684587241595727e+04
8.437500000000000000e+00,4.182331910281899764e+04
8.458333333333332149e+00,4.193797927745962079e+04
8.479166666666666075e+00,3.543258534394235903e+04
8.500000000000000000e+00,3.583238040987676504e+04
8.520833333333332149e+00,4.184220446909096063e+04
8.541666666666666075e+00,3.983159670309289504e+04
8.562500000000000000e+00,3.558491285125764989e+04
8.583333333333332149e+00,3.962855975823946937e+04
8.604166666666666075e+00,3.957967928885581932e+04
8.625000000000000000e+00,3.863971365724989300e+04
8.645833333333332149e+00,3.873969698679142311e+04
8.666666666666666075e+00,3.864264461629597645e+04
8.687500000000000000e+00,3.687417272471586330e+04
8.708333333333332149e+00,3.971536073362731258e+04
8.729166666666666075e+00,4.182970448715305974e+04
8.750000000000000000e+00,3.620855638653602364e+04
8.770833333333332149e+00,3.630189044704531261e+04
8.791666666666666075e+00,4.155439035769974726e+04
8.812500000000000000e+00,4.184225205155940785e+04
8.833333333333332149e+00,3.326902854751339328e+04
8.854166666666666075e+00,3.643244841762191936e+04
8.875000000000000000e+00,4.503005593251599203e+04
8.895833333333332149e+00,3.953537628076860710e+04
8.916666666666666075e+00,3.222481276342011188e+04
8.937500000000000000e+00,3.823026153293773677e+04
8.958333333333332149e+00,4.433756955044076312e+04
8.979166666666666075e+00,3.526945703079898522e+04
9.000000000000000000e+00,3.345410854018972896e+04
9.020833333333332149e+00,4.249173732975462917e+04
9.041666666666666075e+00,4.253399231104771752e+04
9.062500000000000000e+00,3.544809859803684230e+04
9.083333333333332149e+00,3.695036063307252334e+04
9.104166666666666075e+00,4.184573536780933500e+04
9.125000000000000000e+00,3.945092926146882382e+04
9.145833333333332149e+00,3.561947770500581828e+04
9.166666666666666075e+00,3.863491688510789390e+04
9.187500000000000000e+00,4.001127015694262082e+04
9.208333333333332149e+00,3.864657659082858299e+04
9.229166666666666075e+00,3.879179875003037159e+04
9.250000000000000000e+00,3.864293637201922684e+04
9.270833333333332149e+00,3.655823293661598291e+04
9.291666666666666075e+00,3.982850674648202403e+04
9.312500000000000000e+00,4.182859004409084446e+04
9.333333333333332149e+00,3.675582358118300181e+04
9.354166666666666075e+00,3.574420982090496545e+04
9.375000000000000000e+00,4.390210099579831149e+04
9.395833333333332149e+00,4.238939111712847080e+04
9.416666666666666075e+00,3.281212873574879632e+04
9.437500000000000000e+00,3.772660076137442957e+04
9.458333333333332149e+00,4.522808305162265606e+04
9.479166666666666075e+00,3.906766438340788591e+04
9.500000000000000000e+00,3.231975946906208264e+04
9.520833333333332149e+00,3.988908789488220646e+04
9.541666666666666075e+00,4.242525565642127185e+04
9.562500000000000000e+00,3.542460616719591781e+04
9.583333333333332149e+00,3.631144460961705772e+04
9.604166666666666075e+00,4.185557827050337073e+04
9.625000000000000000e+00,3.900183919239138777e+04
9.645833333333332149e+00,3.580358041386076366e+04
9.666666666666666075e+00,4.130202310504775960e+04
9.687500000000000000e+00,4.047806124443146109e+04
9.708333333333332149e+00,3.540457004771986249e+04
9.729166666666666075e+00,3.640678197707282379e+04
9.750000000000000000e+00,4.184411270834166498e+04
9.770833333333332149e+00,4.033418842949883401e+04
9.791666666666666075e+00,3.545671039273722272e+04
9.812500000000000000e+00,3.864969556006896164e+04
9.833333333333332149e+00,4.085903278936991410e+04
9.854166666666666075e+00,3.863904004057742713e+04
9.875000000000000000e+00,3.775157282927008782e+04
9.895833333333332149e+00,3.864131312899206387e+04
9.916666666666666075e+00,3.952603501291073917e+04
9.937500000000000000e+00,3.864452250024072418e+04
9.958333333333332149e+00,4.043294131059900246e+04
9.979166666666666075e+00,3.747376600479448098e+04
1.000000000000000000e+01,3.543490169863178016e+04
1.002083333333333215e+01,4.086927767660350219e+04
1.004166666666666607e+01,4.183192902440049511e+04
1.006250000000000000e+01,3.531532816839519364e+04
1.008333333333333215e+01,3.652028267527576827e+04
1.010416666666666607e+01,4.371005921277145535e+04
1.012500000000000000e+01,4.042709757456926309e+04
1.014583333333333215e+01,3.224152897889455198e+04
1.016666666666666607e+01,3.761230355278548086e+04
1.018750000000000000e+01,4.557852283589002036e+04
1.020833333333333215e+01,3.849747964285927446e+04
1.022916666666666607e+01,3.251542878209114861e+04
1.025000000000000000e+01,4.141953150196120987e+04
1.027083333333333215e+01,4.135903955073539692e+04
1.029166666666666607e+01,3.497267168140655122e+04
1.031250000000000000e+01,3.710818385411042254e+04
1.033333333333333215e+01,4.188413973267495749e+04
1.035416666666666607e+01,3.718362348160721740e+04
1.037500000000000000e+01,3.756694363280393009e+04
1.039583333333333215e+01,4.185925863030397886e+04
1.041666666666666607e+01,3.875647350136968453e+04
1.043750000000000000e+01,3.545255310344436293e+04
1.045833333333333215e+01,3.928948439592045906e+04
1.047916666666666607e+01,4.185488105763196654e+04
1.050000000000000000e+01,3.665004072238240769e+04
1.052083333333333215e+01,3.656454278514654288e+04
1.054166666666666607e+01,4.186599925678299041e+04
1.056250000000000000e+01,3.941221820090780966e+04
1.058333333333333215e+01,3.543546775874323066e+04
1.060416666666666607e+01,3.936460078130457987e+04
1.062500000000000000e+01,4.208703938511385786e+04
1.064583333333333215e+01,3.555705564158203924e+04
1.066666666666666607e+01,3.856795309588113014e+04
1.068750000000000000e+01,4.184227223947844323e+04
1.070833333333333215e+01,3.831691984942534327e+04
1.072916666666666607e+01,3.545451883586612530e+04
1.075000000000000000e+01,4.000287362070591917e+04
1.077083333333333215e+01,4.184585128619809257e+04
1.079166666666666607e+01,3.556836339729891188e+04
1.081250000000000000e+01,3.704148849747025088e+04
1.083333333333333215e+01,4.114530317438718339e+04
1.085416666666666607e+01,3.900286029664961825e+04
1.087500000000000000e+01,3.568737392915583769e+04
1.089583333333333215e+01,4.010514112311420467e+04
1.091666666666666607e+01,4.129535102181749244e+04
1.093750000000000000e+01,3.509852198411315476e+04
1.095833333333333215e+01,3.669243937097313028e+04
1.097916666666666607e+01,4.200615923011209816e+04
1.100000000000000000e+01,4.044143234632608073e+04
1.102083333333333215e+01,3.678086485527206241e+04
1.104166666666666607e+01,3.738819221803824621e+04
1.106250000000000000e+01,4.194835707241282216e+04
1.108333333333333215e+01,3.866238748067778215e+04
1.110416666666666607e+01,3.751183801171626692e+04
1.112500000000000000e+01,3.865215704152316175e+04
1.114583333333333215e+01,3.844129467756523081e+04
1.116666666666666607e+01,3.864355582688703726e+04
1.118750000000000000e+01,4.082719312833256117e+04
1.120833333333333215e+01,3.744721083153753716e+04
1.122916666666666607e+01,3.542811467738151259e+04
1.125000000000000000e+01,4.114617403086763079e+04
1.127083333333333215e+01,4.183945775504304038e+04
1.129166666666666607e+01,3.469348735542473150e+04
1.131250000000000000e+01,3.649104894611980126e+04
1.133333333333333215e+01,4.486727748164508375e+04
1.135416666666666607e+01,3.983915941142321390e+04
1.137500000000000000e+01,3.224078048979227970e+04
1.139583333333333215e+01,3.811711230482684186e+04
1.141666666666666607e+01,4.436860779842614284e+04
1.143750000000000000e+01,3.670378749189380324e+04
1.145833333333333215e+01,3.254518483213538275e+04
1.147916666666666607e+01,4.160692700429995602e+04
1.150000000000000000e+01,4.296411904636862891e+04
1.152083333333333215e+01,3.543522666354956891e+04
1.154166666666666607e+01,3.549498138342057791e+04
1.156250000000000000e+01,4.184293893089781341e+04
1.158333333333333215e+01,3.971406150395399891e+04
1.160416666666666607e+01,3.645120250005271373e+04
1.162500000000000000e+01,3.862910083928823587e+04
1.164583333333333215e+01,3.955853387861937517e+04
1.166666666666666607e+01,3.863553505886661878e+04
1.168750000000000000e+01,3.866872078115623299e+04
1.170833333333333215e+01,4.005420385978669947e+04
1.172916666666666607e+01,3.759884181672498380e+04
1.175000000000000000e+01,3.456753869470833888e+04
1.177083333333333215e+01,4.113533271031565528e+04
1.179166666666666607e+01,3.868778606091388065e+04
1.181250000000000000e+01,3.500673810882205726e+04
1.183333333333333215e+01,3.929442497643260867e+04
1.185416666666666607e+01,4.079915932070450799e+04
1.187500000000000000e+01,3.531789143068696285e+04
1.189583333333333215e+01,3.753528930920824496e+04
1.191666666666666607e+01,4.179428215929866565e+04
1.193750000000000000e+01,3.900290748017527221e+04
1.195833333333333215e+01,3.580332668830234616e+04
1.197916666666666607e+01,4.044119280464368785e+04
1.200000000000000000e+01,4.171910173307687364e+04
1.202083333333333215e+01,3.561553911228044308e+04
1.204166666666666607e+01,3.708629256184822589e+04
1.206250000000000000e+01,4.182082582251069834e+04
1.208333333333333215e+01,3.982815069248044892e+04
1.210416666666666607e+01,3.473844929926592158e+04
1.212500000000000000e+01,3.791236532694315247e+04
1.214583333333333215e+01,4.183608164097305416e+04
1.216666666666666607e+01,3.847080582512058754e+04
1.218750000000000000e+01,3.545548162806680921e+04
1.220833333333333215e+01,4.094739729766250821e+04
1.222916666666666607e+01,4.073616339103691280e+04
1.225000000000000000e+01,3.543120135897279397e+04
1.227083333333333215e+01,3.862518777410719485e+04
1.229166666666666607e+01,4.183980443665087660e+04
1.231250000000000000e+01,3.844439135397994687e+04
1.233333333333333215e+01,3.544431934659704712e+04
1.235416666666666607e+01,4.101074273971210641e+04
1.237500000000000000e+01,4.086902561103581684e+04
1.239583333333333215e+01,3.391241431065409415e+04
1.241666666666666607e+01,3.717438548788114713e+04
1.243750000000000000e+01,4.351738258982132538e+04
1.245833333333333215e+01,3.982665415050390584e+04
1.247916666666666607e+01,3.223830804182235443e+04
1.250000000000000000e+01,3.863061332182409387e+04
1.252083333333333215e+01,4.484550245960753091e+04
1.254166666666666607e+01,3.718928922749104095e+04
1.256250000000000000e+01,3.225060870507124127e+04
1.258333333333333215e+01,4.139815459581605683e+04
1.260416666666666607e+01,4.340592938266071724e+04
1.262500000000000000e+01,3.541203982467893366e+04
1.264583333333333215e+01,3.477383428014247329e+04
1.266666666666666607e+01,4.181810561498910829e+04
1.268750000000000000e+01,3.987329867128060141e+04
1.270833333333333215e+01,3.551164652019549976e+04
1.272916666666666607e+01,3.837276080889470177e+04
1.275000000000000000e+01,3.972726590030883381e+04
1.277083333333333215e+01,3.864966748692525289e+04
1.279166666666666607e+01,3.885003142529453180e+04
1.281250000000000000e+01,3.957867199746364349e+04
1.283333333333333215e+01,3.730369283964895294e+04
1.285416666666666607e+01,3.972625565092095349e+04
1.287500000000000000e+01,4.183794669612457074e+04
1.289583333333333215e+01,3.621095828448073735e+04
1.291666666666666607e+01,3.543674526160610549e+04
1.293750000000000000e+01,4.177898259387635335e+04
1.295833333333333215e+01,4.180926659592321084e+04
1.297916666666666607e+01,3.314551397477577120e+04
1.300000000000000000e+01,3.766362935105326324e+04
1.302083333333333215e+01,4.503969228651579760e+04
1.304166666666666607e+01,3.881980438884119940e+04
1.306250000000000000e+01,3.224483541529400100e+04
1.308333333333333215e+01,4.020938216979750723e+04
1.310416666666666607e+01,4.265016430097457487e+04
1.312500000000000000e+01,3.544137936162435653e+04
1.314583333333333215e+01,3.466169718197453039e+04
1.316666666666666607e+01,4.184524500705456740e+04
1.318750000000000000e+01,4.166927432457286341e+04
1.320833333333333215e+01,3.525408613326241175e+04
1.322916666666666607e+01,3.900555557165668870e+04
1.325000000000000000e+01,4.069756729949581495e+04
1.327083333333333215e+01,3.718954624555575720e+04
1.329166666666666607e+01,3.784450074996559124e+04
1.331250000000000000e+01,4.213306980229538749e+04
1.333333333333333215e+01,3.767883310785679350e+04
1.335416666666666607e+01,3.576343157757061999e+04
1.337500000000000000e+01,4.165775465143564361e+04
1.339583333333333215e+01,4.022465752291107492e+04
1.341666666666666607e+01,3.547511114289177203e+04
1.343750000000000000e+01,3.835283075980837020e+04
1.345833333333333215e+01,4.230369356665354280e+04
1.347916666666666607e+01,3.750352323221338884e+04
1.350000000000000000e+01,3.593887807601484383e+04
1.352083333333333215e+01,4.183293699530819140e+04
1.354166666666666607e+01,3.963710377439504373e+04
1.356250000000000000e+01,3.582242529692850076e+04
1.358333333333333215e+01,3.817583196936213062e+04
1.360416666666666607e+01,4.185188666942129930e+04
1.362500000000000000e+01,3.779205625415313261e+04
1.364583333333333215e+01,3.652301366949745716e+04
1.366666666666666607e+01,3.953235779539413488e+04
1.368750000000000000e+01,3.953191501592744316e+04
1.370833333333333215e+01,3.864050822534080362e+04
1.372916666666666607e+01,3.874230301133532339e+04
1.375000000000000000e+01,3.863609183519970247e+04
1.377083333333333215e+01,3.660342350903055922e+04
1.379166666666666607e+01,3.951680114465848601e+04
1.381250000000000000e+01,4.182054468356224243e+04
1.383333333333333215e+01,3.658802978580621857e+04
1.385416666666666607e+01,3.617923260255192872e+04
1.387500000000000000e+01,4.008487173128449649e+04
1.389583333333333215e+01,4.184259873670333036e+04
1.391666666666666607e+01,3.580116149049897649e+04
1.393750000000000000e+01,3.545755380098808382e+04
1.395833333333333215e+01,4.419220139168341120e+04
1.397916666666666607e+01,4.020762895640759234e+04
1.400000000000000000e+01,3.222652384047968735e+04
1.402083333333333215e+01,3.790353083721412258e+04
1.404166666666666607e+01,4.503538165526836383e+04
1.406250000000000000e+01,3.989653775089771807e+04
1.408333333333333215e+01,3.344392831394579844e+04
1.410416666666666607e+01,4.124784778721536713e+04
1.412500000000000000e+01,4.375181022144782764e+04
1.414583333333333215e+01,3.456629443701501441e+04
1.416666666666666607e+01,3.636554496172277868e+04
1.418750000000000000e+01,4.222958911541628186e+04
1.420833333333333215e+01,4.054186325290278182e+04
1.422916666666666607e+01,3.550994855632195686e+04
1.425000000000000000e+01,4.011983842990974517e+04
1.427083333333333215e+01,4.109258423404105997e+04
1.429166666666666607e+01,3.544711419069969998e+04
1.431250000000000000e+01,3.764370957695116522e+04
1.433333333333333215e+01,4.183972101387180010e+04
1.435416666666666607e+01,3.870142556679354311e+04
1.437500000000000000e+01,3.600384204193466576e+04
1.439583333333333215e+01,4.142412327439620276e+04
1.441666666666666607e+01,4.066985889818722353e+04
1.443750000000000000e+01,3.503028813784837985e+04
1.445833333333333215e+01,3.848633945317183679e+04
1.447916666666666607e+01,4.185902350445990305e+04
1.450000000000000000e+01,3.722343978982721455e+04
1.452083333333333215e+01,3.558926098021648068e+04
1.454166666666666607e+01,4.184305916130003607e+04
1.456250000000000000e+01,3.959789971496771614e+04
1.458333333333333215e+01,3.543764054279751872e+04
1.460416666666666607e+01,3.826495520177484286e+04
1.462500000000000000e+01,4.184586680500088551e+04
1.464583333333333215e+01,3.630815061749803863e+04
1.466666666666666607e+01,3.688845888418770483e+04
1.468750000000000000e+01,4.183485373455253284e+04
1.470833333333333215e+01,3.914684912510382856e+04
1.472916666666666607e+01,3.543192449050032883e+04
1.475000000000000000e+01,3.980701090901219141e+04
1.477083333333333215e+01,4.187091981599002611e+04
1.479166666666666607e+01,3.542401844937213900e+04
1.481250000000000000e+01,3.819138584671526769e+04
1.483333333333333215e+01,4.161383562938932300e+04
1.485416666666666607e+01,3.860019525218766648e+04
1.487500000000000000e+01,3.730736815612170176e+04
1.489583333333333215e+01,4.041048963395743340e+04
1.491666666666666607e+01,3.852708084585762117e+04
1.493750000000000000e+01,3.542805321743701643e+04
1.495833333333333215e+01,4.039867801382808830e+04
1.497916666666666607e+01,4.171962483251930098e+04
1.500000000000000000e+01,3.592556313277387380e+04
1.502083333333333215e+01,3.472697235031241144e+04
1.504166666666666607e+01,4.159245825067244732e+04
1.506250000000000000e+01,4.185830536230224970e+04
1.508333333333333215e+01,3.302981312818670267e+04
1.510416666666666607e+01,3.657700893458266364e+04
1.512500000000000000e+01,4.504414308000219171e+04
1.514583333333333215e+01,3.948752995422419190e+04
1.516666666666666607e+01,3.223346892348295296e+04
1.518750000000000000e+01,3.895734988914907444e+04
1.520833333333333215e+01,4.504870631668705028e+04
1.522916666666666607e+01,3.494981427269836422e+04
1.525000000000000000e+01,3.364039257274964621e+04
1.527083333333333215e+01,4.236337749129610893e+04
1.529166666666666607e+01,4.217879328247525700e+04
1.531250000000000000e+01,3.544757564898549026e+04
1.533333333333333215e+01,3.630452615674846311e+04
1.535416666666666607e+01,4.159183185574187519e+04
1.537500000000000000e+01,3.873654518084369192e+04
1.539583333333333215e+01,3.740652163171066786e+04
1.541666666666666607e+01,3.897316033993614110e+04
1.543750000000000000e+01,3.888907110730235581e+04
1.545833333333333215e+01,3.864101829733760678e+04
1.547916666666666607e+01,4.000727576122909522e+04
1.550000000000000000e+01,3.943493817495366238e+04
1.552083333333333215e+01,3.615704327558280784e+04
1.554166666666666607e+01,3.944969268453816767e+04
1.556250000000000000e+01,4.185259990362651297e+04
1.558333333333333215e+01,3.771119593538453773e+04
1.560416666666666607e+01,3.453213535387080628e+04
1.562500000000000000e+01,4.005047136599429359e+04
1.564583333333333215e+01,3.871475544460812671e+04
1.566666666666666607e+01,3.474702750878897496e+04
1.568750000000000000e+01,3.812280807220302086e+04
1.570833333333333215e+01,4.156796474050125835e+04
1.572916666666666607e+01,3.705780604082536593e+04
1.575000000000000000e+01,3.593335160369840742e+04
1.577083333333333215e+01,4.293617387416774727e+04
1.579166666666666607e+01,3.973017036598205596e+04
1.581250000000000000e+01,3.392423150958905899e+04
1.583333333333333215e+01,3.837438581626644736e+04
1.585416666666666607e+01,4.319534234558168100e+04
1.587500000000000000e+01,3.744759997800156270e+04
1.589583333333333215e+01,3.339344059116610879e+04
1.591666666666666607e+01,4.182746959934731422e+04
1.593750000000000000e+01,4.285371433587418869e+04
1.595833333333333215e+01,3.543052685396869492e+04
1.597916666666666607e+01,3.554315717886760103e+04
1.600000000000000000e+01,4.183418996968368447e+04
1.602083333333333215e+01,4.034329176610990544e+04
1.604166666666666430e+01,3.465522774870487046e+04
1.606250000000000000e+01,3.863526061011024285e+04
1.608333333333333215e+01,4.094431138875144097e+04
1.610416666666666430e+01,3.863993005901927245e+04
1.612500000000000000e+01,3.708746335633690614e+04
1.614583333333333215e+01,3.908518921617536398e+04
1.616666666666666430e+01,3.942178934696294164e+04
1.618750000000000000e+01,3.943446357071650709e+04
1.620833333333333215e+01,3.863586880997180560e+04
1.622916666666666430e+01,3.620707739958278398e+04
1.625000000000000000e+01,3.863877557051960321e+04
1.627083333333333215e+01,4.193184865291986353e+04
1.629166666666666430e+01,3.864201216986313375e+04
1.631250000000000000e+01,3.357360478472619434e+04
1.633333333333333215e+01,3.965925097916712548e+04
1.635416666666666430e+01,4.502198844781440130e+04
1.637500000000000000e+01,3.635456757829088019e+04
1.639583333333333215e+01,3.406774872532652807e+04
1.641666666666666430e+01,4.290103270533445175e+04
1.643750000000000000e+01,4.576143209781544283e+04
1.645833333333333215e+01,3.400685709585696895e+04
1.647916666666666430e+01,3.326627833090486820e+04
1.650000000000000000e+01,4.504867968549783836e+04
1.652083333333333215e+01,4.149575148561933747e+04
1.654166666666666430e+01,3.231458268940456765e+04
1.656250000000000000e+01,3.708648394466910395e+04
1.658333333333333215e+01,4.508585513242248271e+04
1.660416666666666430e+01,3.596246225077503914e+04
1.662500000000000000e+01,3.334598436273298285e+04
1.664583333333333215e+01,4.283203282246986055e+04
1.666666666666666430e+01,4.277720499535600538e+04
1.668750000000000000e+01,3.458542517595986283e+04
1.670833333333333215e+01,3.531848975708241778e+04
1.672916666666666430e+01,4.184646139539395517e+04
1.675000000000000000e+01,4.029339856642115046e+04
1.677083333333333215e+01,3.600221722953414428e+04
1.679166666666666430e+01,3.943872090627108992e+04
1.681250000000000000e+01,3.966331976974668214e+04
1.683333333333333215e+01,3.863378822909965675e+04
1.685416666666666430e+01,3.861563997843033576e+04
1.687500000000000000e+01,3.864576469936208741e+04
1.689583333333333215e+01,3.778383060813799966e+04
1.691666666666666430e+01,3.956986592593488604e+04
1.693750000000000000e+01,4.169135134442082926e+04
1.695833333333333215e+01,3.621281069579171890e+04
1.697916666666666430e+01,3.544223366331109719e+04
1.700000000000000000e+01,4.218185850107380975e+04
1.702083333333333215e+01,4.184391278939229232e+04
1.704166666666666430e+01,3.292038940724619169e+04
1.706250000000000000e+01,3.669663043094965542e+04
1.708333333333333215e+01,4.440699365009014582e+04
1.710416666666666430e+01,3.950512383736400079e+04
1.712500000000000000e+01,3.223476415359202656e+04
1.714583333333333215e+01,3.887445016761117586e+04
1.716666666666666430e+01,4.025570893773707212e+04
1.718750000000000000e+01,3.664322697066545516e+04
1.720833333333333215e+01,3.600512437738967856e+04
1.722916666666666430e+01,4.120185666687980847e+04
1.725000000000000000e+01,3.924354541344555037e+04
1.727083333333333215e+01,3.530218773110985785e+04
1.729166666666666430e+01,3.893841020218523772e+04
1.731250000000000000e+01,4.178736704775047838e+04
1.733333333333333215e+01,3.713308243277495785e+04
1.735416666666666430e+01,3.598914243786287261e+04
1.737500000000000000e+01,4.184005916226394038e+04
1.739583333333333215e+01,4.078980495729146060e+04
1.741666666666666430e+01,3.546496411705748324e+04
1.743750000000000000e+01,3.711128231154050445e+04
1.745833333333333215e+01,4.185928732088075776e+04
1.747916666666666430e+01,3.944723144701877754e+04
1.750000000000000000e+01,3.621160950142534421e+04
1.752083333333333215e+01,3.864062144307633571e+04
1.754166666666666430e+01,3.951962702685406839e+04
1.756250000000000000e+01,3.863585047996196954e+04
1.758333333333333215e+01,3.883611196050124272e+04
1.760416666666666430e+01,3.912627382539481187e+04
1.762500000000000000e+01,3.632602476116884645e+04
1.764583333333333215e+01,3.994329468462811201e+04
1.766666666666666430e+01,4.183429680013243342e+04
1.768750000000000000e+01,3.711290861285343271e+04
1.770833333333333215e+01,3.545124152664319263e+04
1.772916666666666430e+01,4.280387404153378884e+04
1.775000000000000000e+01,4.156567589810195932e+04
1.777083333333333215e+01,3.238855017113377471e+04
1.779166666666666430e+01,3.607461914613810222e+04
1.781250000000000000e+01,4.504298970304901013e+04
1.783333333333333215e+01,3.810874159516796499e+04
1.785416666666666430e+01,3.224460047242528526e+04
1.787500000000000000e+01,4.035064786815477419e+04
1.789583333333333215e+01,4.418005613476912549e+04
1.791666666666666430e+01,3.540918401927810919e+04
1.793750000000000000e+01,3.463806036018125451e+04
1.795833333333333215e+01,4.182912300152701937e+04
1.797916666666666430e+01,4.037343080851322156e+04
1.800000000000000000e+01,3.544804419805778889e+04
1.802083333333333215e+01,3.950570985437806667e+04
1.804166666666666430e+01,4.041079035824065068e+04
1.806250000000000000e+01,3.773516424553074467e+04
1.808333333333333215e+01,3.784164941356337658e+04
1.810416666666666430e+01,3.927149167852625396e+04
1.812500000000000000e+01,3.825585982042842079e+04
1.814583333333333215e+01,3.864582243845372432e+04
1.816666666666666430e+01,4.116930739571845334e+04
1.818750000000000000e+01,3.736672041208823066e+04
1.820833333333333215e+01,3.686708469876574236e+04
1.822916666666666430e+01,4.101980565457817283e+04
1.825000000000000000e+01,4.032139136255979247e+04
1.827083333333333215e+01,3.492623914464210247e+04
1.829166666666666430e+01,3.837780123606132111e+04
1.831250000000000000e+01,4.376892849862761068e+04
1.833333333333333215e+01,3.719071562754896149e+04
1.835416666666666430e+01,3.223228246863758977e+04
1.837500000000000000e+01,4.230787139516389288e+04
1.839583333333333215e+01,4.587769570551173820e+04
1.841666666666666430e+01,3.712482391307816579e+04
1.843750000000000000e+01,3.261920258535512039e+04
1.845833333333333215e+01,4.161157867336036725e+04
1.847916666666666430e+01,4.394851897652875778e+04
1.850000000000000000e+01,3.552787581137489906e+04
1.852083333333333215e+01,3.459069145167948591e+04
1.854166666666666430e+01,4.188433347773783316e+04
1.856250000000000000e+01,3.862583073450019583e+04
1.858333333333333215e+01,3.583711021312681987e+04
1.860416666666666430e+01,4.104794082448255358e+04
1.862500000000000000e+01,3.995986008870395744e+04
1.864583333333333215e+01,3.544829570600621810e+04
1.866666666666666430e+01,3.968339896157206385e+04
1.868750000000000000e+01,4.118322997682019195e+04
1.870833333333333215e+01,3.543821438058489002e+04
1.872916666666666430e+01,3.711295737324121001e+04
1.875000000000000000e+01,4.186151583739164198e+04
1.877083333333333215e+01,3.918666621720726107e+04
1.879166666666666430e+01,3.545914520199167600e+04
1.881250000000000000e+01,4.070872971588539804e+04
1.883333333333333215e+01,4.174553664381345152e+04
1.885416666666666430e+01,3.543000226552844833e+04
1.887500000000000000e+01,3.751609361456973420e+04
1.889583333333333215e+01,4.115314096150335536e+04
1.891666666666666430e+01,3.902091916401836352e+04
1.893750000000000000e+01,3.503852393887508515e+04
1.895833333333333215e+01,3.993829532171423489e+04
1.897916666666666430e+01,4.139962815159413731e+04
1.900000000000000000e+01,3.647576145633376291e+04
1.902083333333333215e+01,3.781902473840043967e+04
1.904166666666666430e+01,4.183561116659529216e+04
1.906250000000000000e+01,3.865539735478138755e+04
1.908333333333333215e+01,3.547991903176309279e+04
1.910416666666666430e+01,3.959370446870309388e+04
1.912500000000000000e+01,4.103802070171446394e+04
1.914583333333333215e+01,3.648912544667490147e+04
1.916666666666666430e+01,3.751657519084518572e+04
1.918750000000000000e+01,4.236025593153673253e+04
1.920833333333333215e+01,3.923337886834000528e+04
1.922916666666666430e+01,3.544456687482696725e+04
1.925000000000000000e+01,3.942418071832569694e+04
1.927083333333333215e+01,4.185136380624735466e+04
1.929166666666666430e+01,3.578717554860386008e+04
1.931250000000000000e+01,3.605197045286435605e+04
1.933333333333333215e+01,4.184355136174349900e+04
1.935416666666666430e+01,3.959769829234026110e+04
1.937500000000000000e+01,3.565045918622325553e+04
1.939583333333333215e+01,4.066517308906926337e+04
1.941666666666666430e+01,4.160274130933817651e+04
1.943750000000000000e+01,3.437675087197500397e+04
1.945833333333333215e+01,3.752009308911669359e+04
1.947916666666666430e+01,4.324899682188381848e+04
1.950000000000000000e+01,3.855864809548139601e+04
1.952083333333333215e+01,3.287445495865484554e+04
1.954166666666666430e+01,4.073334121763261646e+04
1.956250000000000000e+01,4.374172520041937241e+04
1.958333333333333215e+01,3.543185406020445225e+04
1.960416666666666430e+01,3.443523744694098423e+04
1.962500000000000000e+01,4.184213489519969880e+04
1.964583333333333215e+01,4.116300008936049562e+04
1.966666666666666430e+01,3.490366607015945920e+04
1.968750000000000000e+01,3.746362833847408183e+04
1.970833333333333215e+01,4.062781303793027473e+04
1.972916666666666430e+01,3.864126562770990859e+04
1.975000000000000000e+01,3.830442462264272035e+04
1.977083333333333215e+01,3.931596472877899942e+04
1.979166666666666430e+01,3.764584362514301029e+04
1.981250000000000000e+01,3.917552137962890265e+04
1.983333333333333215e+01,4.182870001236075768e+04
1.985416666666666430e+01,3.629758727220637229e+04
1.987500000000000000e+01,3.459750675623118877e+04
1.989583333333333215e+01,4.144093974841923045e+04
1.991666666666666430e+01,4.151524547148145939e+04
1.993750000000000000e+01,3.424137906808493426e+04
1.995833333333333215e+01,3.661582828400823200e+04
1.997916666666666430e+01,4.495710572643214255e+04
2.000000000000000000e+01,3.884947992588320631e+04
2.002083333333333215e+01,3.221495467863436352e+04
2.004166666666666430e+01,3.997358487076175516e+04
2.006250000000000000e+01,4.295066105045629229e+04
2.008333333333333215e+01,3.489923954581064027e+04
2.010416666666666430e+01,3.487208116106306261e+04
2.012500000000000000e+01,4.184060382020056568e+04
2.014583333333333215e+01,4.182370459721494990e+04
2.016666666666666430e+01,3.544095580588847952e+04
2.018750000000000000e+01,3.728942600795121689e+04
2.020833333333333215e+01,4.087783424390588334e+04
2.022916666666666430e+01,3.862555201787650003e+04
2.025000000000000000e+01,3.845522441435195651e+04
2.027083333333333215e+01,3.914879719825273060e+04
2.029166666666666430e+01,3.814221075004757586e+04
2.031250000000000000e+01,3.863993298116249207e+04
2.033333333333333215e+01,4.132708784203254618e+04
2.035416666666666430e+01,3.719991290722643316e+04
2.037500000000000000e+01,3.583337601487802021e+04
2.039583333333333215e+01,4.075311499232389178e+04
2.041666666666666430e+01,4.183264237177508767e+04
2.043750000000000000e+01,3.514031458219266642e+04
2.045833333333333215e+01,3.599458774926684418e+04
2.047916666666666430e+01,4.297435018474554090e+04
2.050000000000000000e+01,4.054126625337571022e+04
2.052083333333333215e+01,3.292801873544992122e+04
2.054166666666666430e+01,3.799223162064739881e+04
2.056250000000000000e+01,4.504332228120465152e+04
2.058333333333333215e+01,3.796236055658927216e+04
2.060416666666666430e+01,3.231206744250225529e+04
2.062500000000000000e+01,4.141196951863004506e+04
2.064583333333333215e+01,4.243933015449618688e+04
2.066666666666666430e+01,3.285126386544172419e+04
2.068750000000000000e+01,3.579663964808874880e+04
2.070833333333333215e+01,4.515864144769468840e+04
2.072916666666666430e+01,4.122044199149221822e+04
2.075000000000000000e+01,3.228320675843161735e+04
2.077083333333333215e+01,3.821678520749227755e+04
2.079166666666666430e+01,4.335618944562543766e+04
2.081250000000000000e+01,3.864307595431603113e+04
2.083333333333333215e+01,3.465251906065219373e+04
2.085416666666666430e+01,3.863483313988515874e+04
2.087500000000000000e+01,4.112821593772705819e+04
2.089583333333333215e+01,3.863828205734190124e+04
2.091666666666666430e+01,3.822729278240356507e+04
2.093750000000000000e+01,3.863956859874313523e+04
2.095833333333333215e+01,3.863749761187816330e+04
2.097916666666666430e+01,3.874666266149900184e+04
2.100000000000000000e+01,3.869033223928195366e+04
2.102083333333333215e+01,3.969893531447377609e+04
2.104166666666666430e+01,3.864708933639467432e+04
2.106250000000000000e+01,3.933253088449304778e+04
2.108333333333333215e+01,3.746350948240815342e+04
2.110416666666666430e+01,3.863674611632213055e+04
2.112500000000000000e+01,4.014452354066375847e+04
2.114583333333333215e+01,3.864703608070939663e+04
2.116666666666666430e+01,3.561272839683993516e+04
2.118750000000000000e+01,3.864118466872182762e+04
2.120833333333333215e+01,4.379497622094456165e+04
2.122916666666666430e+01,3.746395023474667687e+04
2.125000000000000000e+01,3.303702399649789731e+04
2.127083333333333215e+01,4.113496124909463106e+04
2.129166666666666430e+01,4.486849185047892388e+04
2.131250000000000000e+01,3.457861122496653843e+04
2.133333333333333215e+01,3.232488122689436568e+04
2.135416666666666430e+01,4.421048059761337208e+04
2.137500000000000000e+01,4.156464212612812844e+04
2.139583333333333215e+01,3.224121681269575492e+04
2.141666666666666430e+01,3.511289041678641661e+04
2.143750000000000000e+01,4.393741733935150114e+04
2.145833333333333215e+01,4.008881311443825689e+04
2.147916666666666430e+01,3.521141895096478402e+04
2.150000000000000000e+01,3.839769324439370394e+04
2.152083333333333215e+01,3.952595994639580022e+04
2.154166666666666430e+01,3.744382112313229300e+04
2.156250000000000000e+01,3.900204598358438670e+04
2.158333333333333215e+01,3.956922830539438291e+04
2.160416666666666430e+01,3.579053347433472663e+04
2.162500000000000000e+01,4.017764180124184350e+04
2.164583333333333215e+01,4.184465650189077132e+04
2.166666666666666430e+01,3.589607045647138875e+04
2.168750000000000000e+01,3.544029779432624491e+04
2.170833333333333215e+01,4.205480999218932266e+04
2.172916666666666430e+01,4.088448998204102099e+04
2.175000000000000000e+01,3.255624631272627084e+04
2.177083333333333215e+01,3.706091465122649242e+04
2.179166666666666430e+01,4.506319999547265616e+04
2.181250000000000000e+01,4.044570722719676269e+04
2.183333333333333215e+01,3.223288070653408067e+04
2.185416666666666430e+01,3.598683326591277728e+04
2.187500000000000000e+01,4.505624560443897644e+04
2.189583333333333215e+01,3.986197217470149189e+04
2.191666666666666430e+01,3.223959957652428420e+04
2.193750000000000000e+01,3.820177762115112273e+04
2.195833333333333215e+01,4.505482648345671623e+04
2.197916666666666430e+01,3.754848424416912894e+04
2.200000000000000000e+01,3.264071970646324553e+04
2.202083333333333215e+01,4.210969911884904286e+04
2.204166666666666430e+01,4.284132783836435556e+04
2.206250000000000000e+01,3.543458695456131682e+04
2.208333333333333215e+01,3.526847068315179786e+04
2.210416666666666430e+01,4.184589051771135564e+04
2.212500000000000000e+01,3.696567094835581520e+04
2.214583333333333215e+01,3.561362929140029155e+04
2.216666666666666430e+01,4.271449477647143794e+04
2.218750000000000000e+01,3.982848066787490097e+04
2.220833333333333215e+01,3.481946934610981407e+04
2.222916666666666430e+01,3.767371359954366926e+04
2.225000000000000000e+01,4.179940762082395668e+04
2.227083333333333215e+01,4.062985840461087355e+04
2.229166666666666430e+01,3.544225869397211500e+04
2.231250000000000000e+01,3.910039476120381005e+04
2.233333333333333215e+01,4.184585066230779921e+04
2.235416666666666430e+01,3.661166228758226498e+04
2.237500000000000000e+01,3.614186061620300461e+04
2.239583333333333215e+01,4.183857020154123165e+04
2.241666666666666430e+01,3.950905216418137570e+04
2.243750000000000000e+01,3.544241265788999590e+04
2.245833333333333215e+01,3.804548248316869285e+04
2.247916666666666430e+01,4.184362685190763295e+04
2.250000000000000000e+01,3.640057243991454743e+04
2.252083333333333215e+01,3.697216767891743075e+04
2.254166666666666430e+01,4.183651474774427334e+04
2.256250000000000000e+01,3.951101183082117495e+04
2.258333333333333215e+01,3.490116341318742343e+04
2.260416666666666430e+01,3.891349247459837352e+04
2.262500000000000000e+01,4.183550610663051339e+04
2.264583333333333215e+01,3.664951007531525829e+04
2.266666666666666430e+01,3.752817181839321711e+04
2.268750000000000000e+01,4.183286578554379230e+04
2.270833333333333215e+01,3.856141528693670261e+04
2.272916666666666430e+01,3.544494962725639198e+04
2.275000000000000000e+01,3.881254238098724454e+04
2.277083333333333215e+01,4.184492763383198326e+04
2.279166666666666430e+01,3.630235802648848767e+04
2.281250000000000000e+01,3.684894319559649011e+04
2.283333333333333215e+01,4.203770884556527017e+04
2.285416666666666430e+01,3.938318963687618816e+04
2.287500000000000000e+01,3.648411345395715034e+04
2.289583333333333215e+01,3.943362909903842228e+04
2.291666666666666430e+01,4.186586496121472737e+04
2.293750000000000000e+01,3.559514762525617698e+04
2.295833333333333215e+01,3.566239806011819019e+04
2.297916666666666430e+01,4.183971319263899932e+04
2.300000000000000000e+01,4.108410197576951032e+04
2.302083333333333215e+01,3.545079924612443574e+04
2.304166666666666430e+01,3.619990956586394896e+04
2.306250000000000000e+01,4.262514850095908332e+04
2.308333333333333215e+01,3.926133618937715801e+04
2.310416666666666430e+01,3.665869037573827518e+04
2.312500000000000000e+01,3.953177495652483049e+04
2.314583333333333215e+01,3.960503020840824320e+04
2.316666666666666430e+01,3.863652786826944066e+04
2.318750000000000000e+01,3.872842714125850034e+04
2.320833333333333215e+01,3.864596535934710118e+04
2.322916666666666430e+01,3.652810404457723780e+04
2.325000000000000000e+01,3.968627271539935464e+04
2.327083333333333215e+01,4.183484239905363211e+04
2.329166666666666430e+01,3.626811551746497571e+04
2.331250000000000000e+01,3.524404835204272240e+04
2.333333333333333215e+01,4.059412661467808357e+04
2.335416666666666430e+01,4.184975514840583492e+04
2.337500000000000000e+01,3.489428000900307234e+04
2.339583333333333215e+01,3.693829833854433673e+04
2.341666666666666430e+01,4.337145914602681296e+04
2.343750000000000000e+01,3.961057498148424202e+04
2.345833333333333215e+01,3.438211471442989568e+04
2.347916666666666430e+01,3.883631363614987640e+04
2.350000000000000000e+01,4.184141078289454890e+04
2.352083333333333215e+01,3.658550955192981201e+04
2.354166666666666430e+01,3.661517638598138001e+04
2.356250000000000000e+01,4.183091136483192531e+04
2.358333333333333215e+01,3.940277060986537981e+04
2.360416666666666430e+01,3.542359754483038705e+04
2.362500000000000000e+01,3.917943473349393753e+04
2.364583333333333215e+01,4.679221843454605551e+04
2.366666666666666430e+01,3.877135359242865525e+04
2.368750000000000000e+01,3.965887504283788439e+04
2.370833333333333215e+01,4.308942528499732725e+04
2.372916666666666430e+01,4.037113378199382714e+04
2.375000000000000000e+01,3.593991710737263202e+04
2.377083333333333215e+01,3.902983617955147929e+04
2.379166666666666430e+01,4.205852235129086330e+04
2.381250000000000000e+01,3.775998887864945573e+04
2.383333333333333215e+01,3.688017968895507511e+04
2.385416666666666430e+01,3.870859879653262033e+04
2.387500000000000000e+01,4.042667212851031218e+04
2.389583333333333215e+01,3.867739012027678109e+04
2.391666666666666430e+01,3.874931186960314517e+04
2.393750000000000000e+01,3.866239885183140723e+04
2.395833333333333215e+01,3.573120335803850321e+04
2.397916666666666430e+01,4.033766160191952804e+04
2.400000000000000000e+01,4.184287905626835709e+04
2.402083333333333215e+01,3.588050445479029440e+04
2.404166666666666430e+01,3.634834938674722071e+04
2.406250000000000000e+01,4.277668879180379736e+04
2.408333333333333215e+01,4.153009206702844676e+04
2.410416666666666430e+01,3.237674929847436943e+04
2.412500000000000000e+01,3.745075382162298047e+04
2.414583333333333215e+01,4.470926971434795996e+04
2.416666666666666430e+01,3.851869727755346685e+04
2.418750000000000000e+01,3.224860372245903272e+04
2.420833333333333215e+01,4.025718904549744184e+04
2.422916666666666430e+01,4.304912618164493324e+04
2.425000000000000000e+01,3.452724996834257763e+04
2.427083333333333215e+01,3.563054195840041939e+04
2.429166666666666430e+01,4.185481261166994227e+04
2.431250000000000000e+01,3.828131146507943777e+04
2.433333333333333215e+01,3.698095909116999974e+04
2.435416666666666430e+01,3.714962284925604035e+04
2.437500000000000000e+01,3.777280819123850233e+04
2.439583333333333215e+01,3.766599837054294767e+04
2.441666666666666430e+01,3.893071685829458875e+04
2.443750000000000000e+01,3.851519625660967722e+04
2.445833333333333215e+01,3.688213007627241313e+04
2.447916666666666430e+01,3.871671295431074395e+04
2.450000000000000000e+01,4.181348470499077666e+04
2.452083333333333215e+01,3.626471807853576320e+04
2.454166666666666430e+01,3.542819654392282246e+04
2.456250000000000000e+01,4.189600764568373415e+04
2.458333333333333215e+01,4.184524461944028008e+04
2.460416666666666430e+01,3.364683558393629937e+04
2.462500000000000000e+01,3.707481729345233180e+04
2.464583333333333215e+01,4.503305061191274581e+04
2.466666666666666430e+01,3.943729365571181552e+04
2.468750000000000000e+01,3.223867684919592284e+04
2.470833333333333215e+01,3.790908535235592717e+04
2.472916666666666430e+01,4.503974540607039671e+04
2.475000000000000000e+01,3.823667749246401218e+04
2.477083333333333215e+01,3.223837593898870909e+04
2.479166666666666430e+01,4.106380267673718481e+04
2.481250000000000000e+01,4.248599876988992037e+04
2.483333333333333215e+01,3.444289105364185525e+04
2.485416666666666430e+01,3.519770771066396264e+04
2.487500000000000000e+01,4.219789058165041206e+04
2.489583333333333215e+01,4.162371645459152933e+04
2.491666666666666430e+01,3.545371842580481461e+04
2.493750000000000000e+01,4.246344181816587661e+04
2.495833333333333215e+01,4.092760510741698090e+04
2.497916666666666430e+01,3.224397321278738673e+04
2.500000000000000000e+01,3.576630106143414741e+04
2.502083333333333215e+01,4.505023930012616620e+04
2.504166666666666430e+01,3.832917175492388924e+04
2.506250000000000000e+01,3.279544839497437351e+04
2.508333333333333215e+01,4.106810765209249803e+04
2.510416666666666430e+01,4.347102520927919250e+04
2.512500000000000000e+01,3.353868566682236269e+04
2.514583333333333215e+01,3.514677214605486370e+04
2.516666666666666430e+01,4.453425849412992102e+04
2.518750000000000000e+01,3.777632881337802974e+04
2.520833333333333215e+01,3.302135280376684386e+04
2.522916666666666430e+01,4.152117037864286249e+04
2.525000000000000000e+01,4.188416571455215308e+04
2.527083333333333215e+01,3.546883612146321684e+04
2.529166666666666430e+01,3.632790585804484726e+04
2.531250000000000000e+01,4.168550781223817467e+04
2.533333333333333215e+01,3.902461040467284329e+04
2.535416666666666430e+01,3.773601504871321231e+04
2.537500000000000000e+01,3.967682325578897871e+04
2.539583333333333215e+01,4.003762388013728923e+04
2.541666666666666430e+01,3.865456471443141345e+04
2.543750000000000000e+01,3.914199731931984570e+04
2.545833333333333215e+01,3.847452292890170065e+04
2.547916666666666430e+01,3.544595609200694162e+04
2.550000000000000000e+01,4.064534980240861478e+04
2.552083333333333215e+01,4.182508521093766467e+04
2.554166666666666430e+01,3.566393542285008880e+04
2.556250000000000000e+01,3.738632282250724529e+04
2.558333333333333215e+01,4.187901239063001412e+04
2.560416666666666430e+01,4.094471876063934906e+04
2.562500000000000000e+01,3.251375408871726904e+04
2.564583333333333215e+01,3.503750566580836312e+04
2.566666666666666430e+01,4.305107997870916734e+04
2.568750000000000000e+01,3.931979509632883128e+04
2.570833333333333215e+01,3.224286197365280896e+04
2.572916666666666430e+01,4.086825658606855723e+04
2.575000000000000000e+01,4.345879201694888616e+04
2.577083333333333215e+01,3.544241212582718435e+04
2.579166666666666430e+01,3.517253252666045591e+04
2.581250000000000000e+01,4.184797348122341646e+04
2.583333333333333215e+01,4.010379413934673357e+04
2.585416666666666430e+01,3.476259063688422611e+04
2.587500000000000000e+01,3.864262836213608534e+04
2.589583333333333215e+01,4.141288870796161063e+04
2.591666666666666430e+01,3.867709058151693171e+04
2.593750000000000000e+01,3.567104509586081986e+04
2.595833333333333215e+01,3.961923490670282627e+04
2.597916666666666430e+01,3.928242733468508959e+04
2.600000000000000000e+01,4.003879959339514608e+04
2.602083333333333215e+01,3.863716665857984481e+04
2.604166666666666430e+01,3.619458880123416020e+04
2.606250000000000000e+01,3.864664917690584116e+04
2.608333333333333215e+01,4.248546228416779923e+04
2.610416666666666430e+01,3.870564578961371444e+04
2.612500000000000000e+01,3.758755382439795358e+04
2.614583333333333215e+01,4.194713212942054088e+04
2.616666666666666430e+01,4.152167493373942852e+04
2.618750000000000000e+01,3.594739676967982814e+04
2.620833333333333215e+01,3.693219378955092543e+04
2.622916666666666430e+01,4.421084516558666655e+04
2.625000000000000000e+01,3.997046681169427029e+04
2.627083333333333215e+01,3.232513193314825912e+04
2.629166666666666430e+01,3.810725812439918082e+04
2.631250000000000000e+01,4.506830160741585132e+04
2.633333333333333215e+01,3.783081812761769106e+04
2.635416666666666430e+01,3.245942547286722038e+04
2.637500000000000000e+01,4.165230792443474638e+04
2.639583333333333215e+01,4.313945826965266315e+04
2.641666666666666430e+01,3.495612069350790989e+04
2.643750000000000000e+01,3.504437447091595095e+04
2.645833333333333215e+01,4.183981341364347463e+04
2.647916666666666430e+01,4.042406608255761239e+04
2.650000000000000000e+01,3.572764671848770377e+04
2.652083333333333215e+01,3.862469019479416602e+04
2.654166666666666430e+01,3.934264233168667852e+04
2.656250000000000000e+01,3.864407863245494809e+04
2.658333333333333215e+01,3.929862329184671398e+04
2.660416666666666430e+01,3.860285396723212034e+04
2.662500000000000000e+01,3.548038293284198153e+04
2.664583333333333215e+01,4.052740590510138281e+04
2.666666666666666430e+01,4.183957005850831047e+04
2.668750000000000000e+01,3.599912071847576590e+04
2.670833333333333215e+01,3.544061373713061039e+04
2.672916666666666430e+01,4.258447516205263673e+04
2.675000000000000000e+01,4.167906737635691388e+04
2.677083333333333215e+01,3.321743338224769104e+04
2.679166666666666430e+01,3.746227769768737926e+04
2.681250000000000000e+01,4.503496754632105149e+04
2.683333333333333215e+01,3.865345003523401101e+04
2.685416666666666430e+01,3.224617351431132192e+04
2.687500000000000000e+01,3.926162006640167237e+04
2.689583333333333215e+01,4.373693887690233532e+04
2.691666666666666430e+01,3.473490129699432146e+04
2.693750000000000000e+01,3.423654366024269257e+04
2.695833333333333215e+01,4.173840584549480263e+04
2.697916666666666430e+01,4.176273030650604051e+04
2.700000000000000000e+01,3.494738043827093497e+04
2.702083333333333215e+01,3.892218019857523905e+04
2.704166666666666430e+01,4.097007516635900538e+04
2.706250000000000000e+01,3.670754262935707811e+04
2.708333333333333215e+01,3.786306265701993107e+04
2.710416666666666430e+01,4.183872119027846929e+04
2.712500000000000000e+01,3.842358905308115936e+04
2.714583333333333215e+01,3.545055173266359634e+04
2.716666666666666430e+01,4.012514294158449047e+04
2.718750000000000000e+01,4.055417815273587621e+04
2.720833333333333215e+01,3.592801217859886674e+04
2.722916666666666430e+01,3.800379831007066241e+04
2.725000000000000000e+01,4.185065172110978165e+04
2.727083333333333215e+01,3.820556820729689207e+04
2.729166666666666430e+01,3.584180015075945266e+04
2.731250000000000000e+01,4.137458391483972082e+04
2.733333333333333215e+01,4.040515837191410537e+04
2.735416666666666430e+01,3.471789220200025011e+04
2.737500000000000000e+01,3.866964935177202278e+04
2.739583333333333215e+01,4.184974886169469391e+04
2.741666666666666430e+01,3.719992388087228028e+04
2.743750000000000000e+01,3.564031486016024428e+04
2.745833333333333215e+01,4.152069045310686488e+04
2.747916666666666430e+01,4.012622505743041984e+04
2.750000000000000000e+01,3.570491651835458470e+04
2.752083333333333215e+01,3.836467046543233300e+04
2.754166666666666430e+01,4.184059862358565442e+04
2.756250000000000000e+01,3.742888205188736902e+04
2.758333333333333215e+01,3.675216097209956934e+04
2.760416666666666430e+01,4.183291368555242661e+04
2.762500000000000000e+01,3.963409642334074306e+04
2.764583333333333215e+01,3.610287497118226020e+04
2.766666666666666430e+01,3.793843593814851192e+04
2.768750000000000000e+01,3.993089886676819879e+04
2.770833333333333215e+01,3.702021564388557454e+04
2.772916666666666430e+01,3.601665097485464503e+04
2.775000000000000000e+01,4.198365658258445183e+04
2.777083333333333215e+01,3.947406298454238276e+04
2.779166666666666430e+01,3.540744906210058980e+04
2.781250000000000000e+01,3.924593773824343225e+04
2.783333333333333215e+01,4.156990058274327021e+04
2.785416666666666430e+01,3.526488768419283588e+04
2.787500000000000000e+01,3.592143536882365879e+04
2.789583333333333215e+01,4.184560358364938293e+04
2.791666666666666430e+01,4.046449507464978524e+04
2.793750000000000000e+01,3.545844106056107557e+04
2.795833333333333215e+01,3.756103372058957029e+04
2.797916666666666430e+01,4.185832738972704828e+04
2.800000000000000000e+01,3.847757778817829967e+04
2.802083333333333215e+01,3.681052696011980152e+04
2.804166666666666430e+01,3.978183298040869704e+04
2.806250000000000000e+01,3.942826605986146023e+04
2.808333333333333215e+01,3.830186659290693933e+04
2.810416666666666430e+01,3.903707517171731160e+04
2.812500000000000000e+01,3.864690584033904452e+04
2.814583333333333215e+01,3.702749231523532217e+04
2.816666666666666430e+01,4.004772814844512322e+04
2.818750000000000000e+01,4.183372496518515254e+04
2.820833333333333215e+01,3.610575224922691268e+04
2.822916666666666430e+01,3.543186506829376594e+04
2.825000000000000000e+01,4.235708978170715272e+04
2.827083333333333215e+01,4.182555558143753296e+04
2.829166666666666430e+01,3.256712435016604286e+04
2.831250000000000000e+01,3.693990589604256820e+04
2.833333333333333215e+01,4.463083957526474842e+04
2.835416666666666430e+01,3.941782338188685389e+04
2.837500000000000000e+01,3.222955788915007361e+04
2.839583333333333215e+01,4.113633175398429012e+04
2.841666666666666430e+01,4.529860865074770118e+04
2.843750000000000000e+01,3.621483290089069487e+04
2.845833333333333215e+01,3.481327416233553959e+04
2.847916666666666430e+01,4.219213208355762617e+04
2.850000000000000000e+01,4.278098092023107165e+04
2.852083333333333215e+01,3.558527345854644955e+04
2.854166666666666430e+01,3.591025777217278664e+04
2.856250000000000000e+01,4.257545577150587633e+04
2.858333333333333215e+01,3.931351890408348845e+04
2.860416666666666430e+01,3.727921350098522817e+04
2.862500000000000000e+01,3.957932883906468487e+04
2.864583333333333215e+01,3.954333490733176586e+04
2.866666666666666430e+01,3.789986192013256368e+04
2.868750000000000000e+01,3.897010580403603672e+04
2.870833333333333215e+01,3.877028332765741652e+04
2.872916666666666430e+01,3.614452864275126922e+04
2.875000000000000000e+01,4.002909462663275917e+04
2.877083333333333215e+01,4.183311104638837423e+04
2.879166666666666430e+01,3.623376812333863927e+04
2.881250000000000000e+01,3.624399616103430890e+04
2.883333333333333215e+01,4.260648035644365882e+04
2.885416666666666430e+01,4.164822681214653130e+04
2.887500000000000000e+01,3.246794512119137653e+04
2.889583333333333215e+01,3.726088732817295386e+04
2.891666666666666430e+01,4.493061490004751977e+04
2.893750000000000000e+01,3.771791972029698809e+04
2.895833333333333215e+01,3.224869715932082545e+04
2.897916666666666430e+01,3.948974953739222110e+04
2.900000000000000000e+01,4.463247988483602967e+04
2.902083333333333215e+01,3.507128794304487383e+04
2.904166666666666430e+01,3.452965575090508355e+04
2.906250000000000000e+01,4.184444902020340669e+04
2.908333333333333215e+01,4.128229342084564269e+04
2.910416666666666430e+01,3.495602191765260795e+04
2.912500000000000000e+01,3.849852199264072988e+04
2.914583333333333215e+01,4.028982132836655364e+04
2.916666666666666430e+01,3.873820942245212791e+04
2.918750000000000000e+01,3.805184706027782522e+04
2.920833333333333215e+01,4.000838866140633763e+04
2.922916666666666430e+01,3.804358201610481774e+04
2.925000000000000000e+01,3.800932998686525389e+04
2.927083333333333215e+01,4.143945639867865248e+04
2.929166666666666430e+01,3.692171572937975725e+04
2.931250000000000000e+01,3.544224427222667873e+04
2.933333333333333215e+01,4.153298890604738699e+04
2.935416666666666430e+01,4.185143052354343672e+04
2.937500000000000000e+01,3.494782994600042002e+04
2.939583333333333215e+01,3.676365268852592271e+04
2.941666666666666430e+01,4.503820868158057419e+04
2.943750000000000000e+01,3.958163151031156303e+04
2.945833333333333215e+01,3.224960587564414891e+04
2.947916666666666430e+01,3.864392081495629100e+04
2.950000000000000000e+01,4.433151580214424757e+04
2.952083333333333215e+01,3.563943643202142266e+04
2.954166666666666430e+01,3.313996909752194188e+04
2.956250000000000000e+01,4.236055123281393753e+04
2.958333333333333215e+01,4.252703631195073103e+04
2.960416666666666430e+01,3.543942683344164834e+04
2.962500000000000000e+01,3.600180460101989593e+04
2.964583333333333215e+01,4.178368964356096694e+04
2.966666666666666430e+01,3.890249474044230010e+04
2.968750000000000000e+01,3.651265107520313177e+04
2.970833333333333215e+01,3.863271142467079335e+04
2.972916666666666430e+01,3.925191583779989742e+04
2.975000000000000000e+01,3.863648614709049434e+04
2.977083333333333215e+01,3.992405243964694091e+04
2.979166666666666430e+01,3.880104571860527358e+04
2.981250000000000000e+01,3.589106154459746904e+04
2.983333333333333215e+01,4.048830754515086301e+04
2.985416666666666430e+01,4.183258816923136328e+04
2.987500000000000000e+01,3.576024001179733023e+04
2.989583333333333215e+01,3.667946227456190536e+04
2.991666666666666430e+01,4.290472445248063741e+04
2.993750000000000000e+01,4.044692834689107985e+04
2.995833333333333215e+01,3.184289392040439998e+04
2.997916666666666430e+01,3.746903702585864085e+04
3.000000000000000000e+01,4.394999282781536022e+04
3.002083333333333215e+01,3.812691594496292237e+04
3.004166666666666430e+01,3.228736281720409170e+04
3.006250000000000000e+01,4.110158198708430427e+04
3.008333333333333215e+01,4.202099798247015860e+04
3.010416666666666430e+01,3.543959522397556429e+04
3.012500000000000000e+01,3.522282145458812010e+04
3.014583333333333215e+01,4.184541335537898703e+04
3.016666666666666430e+01,4.032486701736497344e+04
3.018750000000000000e+01,3.630724717495989898e+04
3.020833333333333215e+01,3.950918706107747857e+04
3.022916666666666430e+01,3.966981808336676477e+04
3.025000000000000000e+01,3.862598819632476079e+04
3.027083333333333215e+01,3.746390142484672833e+04
3.029166666666666430e+01,3.866004121026422945e+04
3.031250000000000000e+01,3.810143723090019193e+04
3.033333333333333215e+01,3.949999430677660712e+04
3.035416666666666430e+01,4.147177079970791237e+04
3.037500000000000000e+01,3.627449639131702133e+04
3.039583333333333215e+01,3.544612661514944193e+04
3.041666666666666430e+01,4.172202466753750923e+04
3.043750000000000000e+01,4.185793492725666147e+04
3.045833333333333215e+01,3.363829402249609120e+04
3.047916666666666430e+01,3.743953869117767317e+04
3.050000000000000000e+01,4.430077289545754320e+04
3.052083333333333215e+01,3.914689085175382934e+04
3.054166666666666430e+01,3.224739590534001400e+04
3.056250000000000000e+01,3.886373261261192965e+04
3.058333333333333215e+01,4.505186252084974694e+04
3.060416666666666430e+01,3.629210241872684855e+04
3.062500000000000000e+01,3.348525447031154908e+04
3.064583333333333215e+01,4.106772758351945959e+04
3.066666666666666430e+01,4.213799385410748073e+04
3.068750000000000000e+01,3.432244305187575083e+04
3.070833333333333215e+01,3.603154765200571273e+04
3.072916666666666430e+01,4.172920915531757055e+04
3.075000000000000000e+01,3.952911374031050218e+04
3.077083333333333215e+01,3.643362530304374377e+04
3.079166666666666430e+01,3.887090161277886364e+04
3.081250000000000000e+01,3.949533309348556941e+04
3.083333333333333215e+01,3.861737852176068554e+04
3.085416666666666430e+01,3.885956074475926289e+04
3.087500000000000000e+01,3.974134419570384489e+04
3.089583333333333215e+01,3.733361248553868063e+04
3.091666666666666430e+01,3.923977539602759498e+04
3.093750000000000000e+01,4.153962402945791109e+04
3.095833333333333215e+01,3.611190910292883200e+04
3.097916666666666430e+01,3.544930304899459588e+04
3.100000000000000000e+01,4.233666161229637510e+04
3.102083333333333215e+01,4.184395929103050003e+04
3.104166666666666430e+01,3.269455851085745962e+04
3.106250000000000000e+01,3.684096252647127403e+04
3.108333333333333215e+01,4.366104967117962951e+04
3.110416666666666430e+01,3.949708038677697914e+04
3.112500000000000000e+01,3.311673652227353887e+04
3.114583333333333215e+01,3.898711532154258748e+04
3.116666666666666430e+01,4.444407511076394439e+04
3.118750000000000000e+01,3.610302940673653939e+04
3.120833333333333215e+01,3.371632585371973255e+04
3.122916666666666430e+01,4.183111057972514391e+04
3.125000000000000000e+01,4.184298922189974110e+04
3.127083333333333215e+01,3.456659159335643926e+04
3.129166666666666430e+01,3.651311143499983882e+04
3.131250000000000000e+01,4.182913659731291409e+04
3.133333333333333215e+01,3.868112033380789217e+04
3.135416666666666430e+01,3.777513228352626902e+04
3.137500000000000000e+01,3.991321220066789101e+04
3.139583333333333215e+01,3.859668286718868330e+04
3.141666666666666430e+01,3.743994623386196326e+04
3.143750000000000000e+01,4.062436527532534092e+04
3.145833333333333215e+01,3.930197316825271264e+04
3.147916666666666430e+01,3.559253961994294514e+04
3.150000000000000000e+01,3.916170173478198558e+04
3.152083333333333215e+01,4.190783792693563009e+04
3.154166666666666430e+01,3.961443683471966506e+04
3.156250000000000000e+01,3.428681648241444782e+04
3.158333333333333215e+01,4.106767992809952557e+04
3.160416666666666430e+01,4.112628681731452525e+04
3.162500000000000000e+01,3.545231253842787555e+04
3.164583333333333215e+01,3.779967061051718338e+04
3.166666666666666430e+01,4.184303918524637993e+04
3.168750000000000000e+01,3.861352186381605861e+04
3.170833333333333215e+01,3.544693489652061544e+04
3.172916666666666430e+01,3.955594488142064074e+04
3.175000000000000000e+01,4.078370143452348566e+04
3.177083333333333215e+01,3.645294049124637968e+04
3.179166666666666430e+01,3.798156280752069870e+04
3.181250000000000000e+01,4.184338329182524467e+04
3.183333333333333215e+01,3.817158316349320376e+04
3.185416666666666430e+01,3.545499840934992244e+04
3.187500000000000000e+01,4.157819024470905424e+04
3.189583333333333215e+01,4.022620417406685010e+04
3.191666666666666430e+01,3.542548521463054203e+04
3.193750000000000000e+01,3.772180374965351803e+04
3.195833333333333215e+01,4.183901955578299385e+04
3.197916666666666430e+01,3.815792586841851153e+04
3.200000000000000000e+01,3.547680023533118219e+04
3.202083333333332860e+01,4.005112816925132211e+04
3.204166666666666430e+01,4.025575956014181429e+04
3.206250000000000000e+01,3.747528302331745363e+04
3.208333333333332860e+01,3.864393255730403325e+04
3.210416666666666430e+01,3.891397603848206927e+04
3.212500000000000000e+01,3.837504705534138338e+04
3.214583333333332860e+01,3.887526443569960975e+04
3.216666666666666430e+01,4.145655802333344036e+04
3.218750000000000000e+01,3.673064449516823515e+04
3.220833333333332860e+01,3.576286158325411816e+04
3.222916666666666430e+01,4.171409141867907601e+04
3.225000000000000000e+01,4.184210240258065460e+04
3.227083333333332860e+01,3.230021704615284398e+04
3.229166666666666430e+01,3.524076686687934125e+04
3.231250000000000000e+01,4.301919733679802448e+04
3.233333333333332860e+01,3.935056719128153054e+04
3.235416666666666430e+01,3.328203852440283663e+04
3.237500000000000000e+01,3.854386319799994817e+04
3.239583333333332860e+01,4.327432003293571324e+04
3.241666666666666430e+01,3.674059013240227796e+04
3.243750000000000000e+01,3.610805797174367763e+04
3.245833333333332860e+01,4.262673144544863317e+04
3.247916666666666430e+01,3.945192778408354934e+04
3.250000000000000000e+01,3.476588527471425186e+04
3.252083333333332860e+01,3.918176178716001596e+04
3.254166666666666430e+01,4.185096700795650395e+04
3.256250000000000000e+01,3.595857148114273878e+04
3.258333333333332860e+01,3.698846162743702735e+04
3.260416666666666430e+01,4.183206010423594853e+04
3.262500000000000000e+01,3.935702435335623159e+04
3.264583333333332860e+01,3.541972529656452389e+04
3.266666666666666430e+01,3.923084231607020047e+04
3.268750000000000000e+01,4.175393694238211174e+04
3.270833333333332860e+01,3.620100133697143610e+04
3.272916666666666430e+01,3.722832928752010775e+04
3.275000000000000000e+01,4.055664019059400016e+04
3.277083333333332860e+01,3.934992195417729818e+04
3.279166666666666430e+01,3.544684172701472562e+04
3.281250000000000000e+01,4.108539911364870204e+04
3.283333333333332860e+01,4.160918216366687557e+04
3.285416666666666430e+01,3.353708121705376107e+04
3.287500000000000000e+01,3.752628414959608199e+04
3.289583333333332860e+01,4.503437143933808693e+04
3.291666666666666430e+01,3.762871756141272635e+04
3.293750000000000000e+01,3.224697362470756343e+04
3.295833333333332860e+01,4.031852683235267614e+04
3.297916666666666430e+01,4.454042158317621215e+04
3.300000000000000000e+01,3.542424526604595303e+04
3.302083333333332860e+01,3.435089958178958477e+04
3.304166666666666430e+01,4.477227792604138813e+04
3.306250000000000000e+01,4.346828818165477423e+04
3.308333333333332860e+01,3.888940955243928329e+04
3.310416666666666430e+01,3.835496078035695245e+04
3.312500000000000000e+01,3.801519732583559380e+04
3.314583333333332860e+01,3.894426785753237345e+04
3.316666666666666430e+01,4.071183994978584815e+04
3.318750000000000000e+01,3.876272358009967138e+04
3.320833333333332860e+01,3.595494419447999826e+04
3.322916666666666430e+01,3.870137847084542591e+04
3.325000000000000000e+01,4.211296578853705432e+04
3.327083333333332860e+01,3.864596573330432147e+04
3.329166666666666430e+01,3.238545221205999042e+04
3.331250000000000000e+01,4.016460275409428141e+04
3.333333333333332860e+01,4.422384419760262972e+04
3.335416666666666430e+01,3.634894602610377478e+04
3.337500000000000000e+01,3.225591932632877433e+04
3.339583333333332860e+01,4.171463319792159018e+04
3.341666666666666430e+01,4.508566564195727551e+04
3.343750000000000000e+01,3.362126541841065045e+04
3.345833333333332860e+01,3.294358268338099879e+04
3.347916666666666430e+01,4.505900923103715468e+04
3.350000000000000000e+01,4.239623921576975408e+04
3.352083333333332860e+01,3.225473067101128254e+04
3.354166666666666430e+01,3.518094892369579611e+04
3.356250000000000000e+01,4.506301564880208753e+04
3.358333333333332860e+01,4.022302613153980201e+04
3.360416666666666430e+01,3.278084602466164506e+04
3.362500000000000000e+01,3.642558405535946804e+04
3.364583333333332860e+01,3.892561788676176366e+04
3.366666666666666430e+01,3.784499804830843641e+04
3.368750000000000000e+01,3.792249492059548356e+04
3.370833333333332860e+01,3.986691319943986309e+04
3.372916666666666430e+01,3.702083681547009473e+04
3.375000000000000000e+01,3.925144924913991417e+04
3.377083333333332860e+01,4.176922112818493042e+04
3.379166666666666430e+01,3.602830726354174840e+04
3.381250000000000000e+01,3.650520374032812833e+04
3.383333333333332860e+01,4.242450397954134678e+04
3.385416666666666430e+01,4.174595198451000761e+04
3.387500000000000000e+01,3.253970296241364485e+04
3.389583333333332860e+01,3.711345334827575425e+04
3.391666666666666430e+01,4.503968412410128803e+04
3.393750000000000000e+01,3.930151532731817861e+04
3.395833333333332860e+01,3.226048055996409676e+04
3.397916666666666430e+01,3.917967047930010449e+04
3.400000000000000000e+01,4.504921275650125608e+04
3.402083333333332860e+01,3.433597571461635380e+04
3.404166666666666430e+01,3.377767262879158807e+04
3.406250000000000000e+01,4.299821466808333935e+04
3.408333333333332860e+01,4.131564498152079614e+04
3.410416666666666430e+01,3.346936130600027536e+04
3.412500000000000000e+01,3.672929297841859079e+04
3.414583333333332860e+01,4.479142202642783377e+04
3.416666666666666430e+01,3.739914475527233299e+04
3.418750000000000000e+01,3.419000466963252256e+04
3.420833333333332860e+01,4.034950067293880420e+04
3.422916666666666430e+01,4.194213735615408223e+04
3.425000000000000000e+01,3.568930325806641486e+04
3.427083333333332860e+01,3.805365777214580885e+04
3.429166666666666430e+01,4.113045391912409832e+04
3.431250000000000000e+01,3.883243426074477611e+04
3.433333333333332860e+01,4.033265740404303506e+04
3.435416666666666430e+01,3.879084465885948157e+04
3.437500000000000000e+01,3.488559265510891419e+04
3.439583333333332860e+01,3.800193216264396324e+04
3.441666666666666430e+01,4.379151844277772761e+04
3.443750000000000000e+01,3.714060686033216916e+04
3.445833333333332860e+01,3.395203379281170783e+04
3.447916666666666430e+01,4.124384569297229609e+04
3.450000000000000000e+01,4.186882292127925029e+04
3.452083333333332860e+01,3.546435730348304060e+04
3.454166666666666430e+01,3.570157510425817600e+04
3.456250000000000000e+01,4.419237655092231580e+04
3.458333333333332860e+01,3.954857226193154929e+04
3.460416666666666430e+01,3.225190071895233632e+04
3.462500000000000000e+01,3.835147783684098977e+04
3.464583333333332860e+01,4.506235463735254598e+04
3.466666666666666430e+01,3.635250013267163013e+04
3.468750000000000000e+01,3.264499824440816519e+04
3.470833333333332860e+01,4.184554503637472953e+04
3.472916666666666430e+01,4.314635805067803449e+04
3.475000000000000000e+01,3.546717152136609366e+04
3.477083333333332860e+01,3.472039949085776607e+04
3.479166666666666430e+01,4.269241083257080754e+04
3.481250000000000000e+01,4.132178124640028545e+04
3.483333333333332860e+01,3.545198552211635251e+04
3.485416666666666430e+01,3.810883686213644978e+04
3.487500000000000000e+01,4.029855033352203463e+04
3.489583333333332860e+01,4.003114785569004016e+04
3.491666666666666430e+01,3.985538241631013079e+04
3.493750000000000000e+01,3.999784152116806217e+04
3.495833333333332860e+01,3.804611901771833800e+04
3.497916666666666430e+01,3.930905047459612979e+04
3.500000000000000000e+01,4.199426816578602302e+04
3.502083333333332860e+01,3.743470527663922985e+04
3.504166666666666430e+01,3.548838466421443445e+04
3.506250000000000000e+01,4.094028123930240690e+04
3.508333333333332860e+01,4.188496798272146407e+04
3.510416666666666430e+01,3.405307291676482419e+04
3.512500000000000000e+01,3.588896037181196152e+04
3.514583333333332860e+01,4.504188525414727337e+04
3.516666666666666430e+01,3.973359230979060521e+04
3.518750000000000000e+01,3.224682381622905086e+04
3.520833333333332860e+01,3.843096728233873000e+04
3.522916666666666430e+01,4.504687709473896393e+04
3.525000000000000000e+01,3.708566750008309464e+04
3.527083333333332860e+01,3.301798799538204912e+04
3.529166666666666430e+01,4.184818147424217022e+04
3.531250000000000000e+01,4.240742561333796766e+04
3.533333333333332860e+01,3.544070335486465046e+04
3.535416666666666430e+01,3.630389561136988777e+04
3.537500000000000000e+01,4.157728319721158186e+04
3.539583333333332860e+01,3.777582151391071238e+04
3.541666666666666430e+01,3.751711363802833512e+04
3.543750000000000000e+01,3.863944443664101709e+04
3.545833333333332860e+01,3.880391296666206472e+04
3.547916666666666430e+01,3.865230739998869831e+04
3.550000000000000000e+01,4.009427687316379161e+04
3.552083333333332860e+01,3.848037628591918474e+04
3.554166666666666430e+01,3.543633398764524463e+04
3.556250000000000000e+01,4.103902471526705631e+04
3.558333333333332860e+01,4.184283271355439501e+04
3.560416666666666430e+01,3.511790924198391440e+04
3.562500000000000000e+01,3.641362020520718215e+04
3.564583333333332860e+01,4.470619766335657914e+04
3.566666666666666430e+01,3.785947045201854780e+04
3.568750000000000000e+01,3.097367438837484224e+04
3.570833333333332860e+01,3.727036603480642225e+04
3.572916666666666430e+01,4.387604739657211030e+04
3.575000000000000000e+01,3.649618556279112090e+04
3.577083333333332860e+01,3.227220530712461550e+04
3.579166666666666430e+01,4.144504845629096235e+04
3.581250000000000000e+01,4.306762731084736879e+04
3.583333333333332860e+01,3.538688653050067660e+04
3.585416666666666430e+01,3.508388480565515783e+04
3.587500000000000000e+01,4.181791406725205889e+04
3.589583333333332860e+01,4.048435793073791137e+04
3.591666666666666430e+01,3.587874355304033088e+04
3.593750000000000000e+01,3.879757808534348442e+04
3.595833333333332860e+01,3.966321379783753218e+04
3.597916666666666430e+01,3.862312116937819519e+04
3.600000000000000000e+01,3.878719453118072852e+04
3.602083333333332860e+01,3.959934812351947039e+04
3.604166666666666430e+01,3.691972743188539607e+04
3.606250000000000000e+01,3.888440007775233244e+04
3.608333333333332860e+01,4.183766698546647967e+04
3.610416666666666430e+01,3.628618594758074323e+04
3.612500000000000000e+01,3.657040630877487274e+04
3.614583333333332860e+01,4.231389804358981200e+04
3.616666666666666430e+01,4.092766885020847985e+04
3.618750000000000000e+01,3.266844270044292352e+04
3.620833333333332860e+01,3.690397855950349185e+04
3.622916666666666430e+01,4.475763318632289156e+04
3.625000000000000000e+01,3.953925875800181529e+04
3.627083333333332860e+01,3.223349705156883647e+04
3.629166666666666430e+01,3.876231440218811622e+04
3.631250000000000000e+01,4.368264408620444738e+04
3.633333333333332860e+01,3.640771612560920039e+04
3.635416666666666430e+01,3.511408474848306651e+04
3.637500000000000000e+01,4.185017210989285377e+04
3.639583333333332860e+01,4.015270898274882347e+04
3.641666666666666430e+01,3.544373625568978605e+04
3.643750000000000000e+01,3.975368673019371636e+04
3.645833333333332860e+01,4.157165229569557414e+04
3.647916666666666430e+01,3.264168949774947396e+04
3.650000000000000000e+01,3.715211456906195963e+04
3.652083333333332860e+01,4.458864920494293619e+04
3.654166666666666430e+01,3.872919585048541921e+04
3.656250000000000000e+01,3.215454855519383636e+04
3.658333333333332860e+01,4.042508736971281905e+04
3.660416666666666430e+01,4.440056115901988960e+04
3.662500000000000000e+01,3.540434598656478192e+04
3.664583333333332860e+01,3.432969829223665874e+04
3.666666666666666430e+01,4.183220974929286604e+04
3.668750000000000000e+01,4.199641005618844792e+04
3.670833333333332860e+01,3.446918234874460904e+04
3.672916666666666430e+01,3.689019435646469356e+04
3.675000000000000000e+01,4.110439274754325015e+04
3.677083333333332860e+01,3.862845510315045976e+04
3.679166666666666430e+01,3.850279803937931865e+04
3.681250000000000000e+01,3.935276106751655607e+04
3.683333333333332860e+01,3.862989397417376313e+04
3.685416666666666430e+01,3.867015270468303788e+04
3.687500000000000000e+01,4.147503752006203285e+04
3.689583333333332860e+01,3.709571424925584870e+04
3.691666666666666430e+01,3.543391492435717373e+04
3.693750000000000000e+01,4.029823099860412913e+04
3.695833333333332860e+01,4.183965555464799399e+04
3.697916666666666430e+01,3.511664835094231239e+04
3.700000000000000000e+01,3.591661258728567918e+04
3.702083333333332860e+01,4.422393043392599793e+04
3.704166666666666430e+01,4.047409679234471696e+04
3.706250000000000000e+01,3.223293380188231095e+04
3.708333333333332860e+01,3.799125259713068954e+04
3.710416666666666430e+01,4.453207960325728345e+04
3.712500000000000000e+01,3.800817117707723810e+04
3.714583333333332860e+01,3.228636243752640439e+04
3.716666666666666430e+01,4.143460146053238714e+04
3.718750000000000000e+01,4.304939372025085322e+04
3.720833333333332860e+01,3.456736835730021266e+04
3.722916666666666430e+01,3.470679304107301141e+04
3.725000000000000000e+01,4.166262971573028335e+04
3.727083333333332860e+01,4.084073123377451702e+04
3.729166666666666430e+01,3.545797336125888978e+04
3.731250000000000000e+01,3.827569537715296610e+04
3.733333333333332860e+01,4.030469740231778269e+04
3.735416666666666430e+01,3.862282033884372504e+04
3.737500000000000000e+01,3.815934176164823293e+04
3.739583333333332860e+01,4.003189921279984264e+04
3.741666666666666430e+01,3.824455234284965991e+04
3.743750000000000000e+01,3.795083043955735775e+04
3.745833333333332860e+01,4.167301139329251600e+04
3.747916666666666430e+01,3.726921314555080608e+04
3.750000000000000000e+01,3.543896084925117611e+04
3.752083333333332860e+01,4.140482928736932809e+04
3.754166666666666430e+01,4.183666173879885901e+04
3.756250000000000000e+01,3.430442542717347533e+04
3.758333333333332860e+01,3.683428524913076399e+04
3.760416666666666430e+01,4.502189393907683552e+04
3.762500000000000000e+01,3.893059880693408923e+04
3.764583333333332860e+01,3.225194748192449697e+04
3.766666666666666430e+01,3.908061739726123778e+04
3.768750000000000000e+01,4.426357358980659774e+04
3.770833333333332860e+01,3.543794907941835845e+04
3.772916666666666430e+01,3.358685066007547721e+04
3.775000000000000000e+01,4.183568121300522762e+04
3.777083333333332860e+01,4.254953446719710337e+04
3.779166666666666430e+01,3.540107052975775878e+04
3.781250000000000000e+01,3.601239453066440183e+04
3.783333333333332860e+01,4.164811618258219823e+04
3.785416666666666430e+01,3.851486817158630583e+04
3.787500000000000000e+01,3.751659310682136856e+04
3.789583333333332860e+01,3.954216958661239914e+04
3.791666666666666430e+01,3.861873360302497895e+04
3.793750000000000000e+01,3.812107030952769856e+04
3.795833333333332860e+01,4.059285113932060631e+04
3.797916666666666430e+01,3.772407338014967536e+04
3.800000000000000000e+01,3.633599385508828709e+04
3.802083333333332860e+01,4.077996909806817712e+04
3.804166666666666430e+01,4.182682756670998788e+04
3.806250000000000000e+01,3.961842678235320636e+04
3.808333333333332860e+01,3.587295851642041816e+04
3.810416666666666430e+01,4.048528883056128689e+04
3.812500000000000000e+01,4.135286686191002082e+04
3.814583333333332860e+01,3.378559620902862662e+04
3.816666666666666430e+01,3.798616456164293049e+04
3.818750000000000000e+01,4.194707394847172691e+04
3.820833333333332860e+01,3.834314995299324073e+04
3.822916666666666430e+01,3.569313996454585867e+04
3.825000000000000000e+01,4.093818979836381186e+04
3.827083333333332860e+01,4.026107430014463898e+04
3.829166666666666430e+01,3.678335702187703282e+04
3.831250000000000000e+01,3.855411782910856709e+04
3.833333333333332860e+01,3.943346316718119488e+04
3.835416666666666430e+01,3.708269804787320754e+04
3.837500000000000000e+01,3.946416694850484055e+04
3.839583333333332860e+01,4.188482607890800136e+04
3.841666666666666430e+01,3.582785163334936078e+04
3.843750000000000000e+01,3.545758869773094193e+04
3.845833333333332860e+01,4.242512931432988989e+04
3.847916666666666430e+01,4.139230752348571696e+04
3.850000000000000000e+01,3.489638841530380887e+04
3.852083333333332860e+01,3.955027053523415088e+04
3.854166666666666430e+01,4.602779014238552918e+04
3.856250000000000000e+01,3.864247914722412679e+04
3.858333333333332860e+01,3.294122850805475173e+04
3.860416666666666430e+01,4.286747983646047942e+04
3.862500000000000000e+01,4.318495763719330716e+04
3.864583333333332860e+01,3.444594405244230438e+04
3.866666666666666430e+01,3.491031519125682826e+04
3.868750000000000000e+01,4.298486707719892001e+04
3.870833333333332860e+01,4.021464830333038117e+04
3.872916666666666430e+01,3.502709347771338798e+04
3.875000000000000000e+01,3.866125506668041635e+04
3.877083333333332860e+01,3.957271540133612871e+04
3.879166666666666430e+01,3.865725286652122304e+04
3.881250000000000000e+01,3.864485024421323033e+04
3.883333333333332860e+01,4.010176625087568391e+04
3.885416666666666430e+01,3.738842736848986533e+04
3.887500000000000000e+01,3.934680531739723665e+04
3.889583333333332860e+01,4.184553734849651664e+04
3.891666666666666430e+01,3.641757266811249428e+04
3.893750000000000000e+01,3.545764569139804371e+04
3.895833333333332860e+01,4.146107983256706939e+04
3.897916666666666430e+01,4.184626831477018277e+04
3.900000000000000000e+01,3.388734206354482740e+04
3.902083333333332860e+01,3.602881194560595759e+04
3.904166666666666430e+01,4.440099473533032142e+04
3.906250000000000000e+01,3.941417520769225666e+04
3.908333333333332860e+01,3.223934173078462118e+04
3.910416666666666430e+01,3.854760745609423611e+04
3.912500000000000000e+01,4.505340996321997227e+04
3.914583333333332860e+01,3.564761507189393888e+04
3.916666666666666430e+01,3.299139494983864279e+04
3.918750000000000000e+01,4.235266384779491636e+04
3.920833333333332860e+01,4.265317854497880762e+04
3.922916666666666430e+01,3.531838848406044417e+04
3.925000000000000000e+01,3.515178635826157551e+04
3.927083333333332860e+01,4.179836071260836616e+04
3.929166666666666430e+01,4.037220435967474623e+04
3.931250000000000000e+01,3.592120558713282662e+04
3.933333333333332860e+01,3.918943046967974078e+04
3.935416666666666430e+01,3.966980866375521873e+04
3.937500000000000000e+01,3.863493419323835406e+04
3.939583333333332860e+01,3.859202828670009330e+04
3.941666666666666430e+01,3.905718597635221522e+04
3.943750000000000000e+01,3.674588503811080591e+04
3.945833333333332860e+01,3.972746716684424609e+04
3.947916666666666430e+01,4.184833861601788522e+04
3.950000000000000000e+01,3.575047849960345047e+04
3.952083333333332860e+01,3.544004995472301380e+04
3.954166666666666430e+01,4.317960077315645322e+04
3.956250000000000000e+01,4.123696364721538703e+04
3.958333333333332860e+01,3.224021264968453033e+04
3.960416666666666430e+01,3.767953817444259766e+04
3.962500000000000000e+01,4.471109147871799360e+04
3.964583333333332860e+01,3.850130404251618165e+04
3.966666666666666430e+01,3.224485330008634628e+04
3.968750000000000000e+01,4.106960919808792096e+04
3.970833333333332860e+01,4.251930968491236126e+04
3.972916666666666430e+01,3.543947613885514875e+04
3.975000000000000000e+01,3.662553762385563459e+04
3.977083333333332860e+01,4.185991069678941130e+04
3.979166666666666430e+01,3.843314681779331295e+04
3.981250000000000000e+01,3.595680684806052159e+04
3.983333333333332860e+01,4.184205841499881353e+04
3.985416666666666430e+01,3.970272456839775259e+04
3.987500000000000000e+01,3.522080392243771348e+04
3.989583333333332860e+01,3.743401493129452865e+04
3.991666666666666430e+01,4.185019590667870943e+04
3.993750000000000000e+01,3.817341413176384958e+04
3.995833333333332860e+01,3.696653385664529924e+04
3.997916666666666430e+01,4.034351378594368725e+04
4.000000000000000000e+01,3.880965207879652007e+04
4.002083333333332860e+01,3.830205277424200904e+04
4.004166666666666430e+01,3.894790327070604690e+04
4.006250000000000000e+01,3.851267126431823272e+04
4.008333333333332860e+01,3.567316823370075144e+04
4.010416666666666430e+01,4.017643574063060078e+04
4.012500000000000000e+01,4.179827433590354485e+04
4.014583333333332860e+01,3.608018013157131645e+04
4.016666666666666430e+01,3.542227776528937102e+04
4.018750000000000000e+01,4.113699944612347463e+04
4.020833333333332860e+01,4.184154338314769848e+04
4.022916666666666430e+01,3.318603549267118797e+04
4.025000000000000000e+01,3.670671810089276551e+04
4.027083333333332860e+01,4.503258835086869658e+04
4.029166666666666430e+01,3.949024734880025790e+04
4.031250000000000000e+01,3.223470951539893576e+04
4.033333333333332860e+01,3.947138299428945174e+04
4.035416666666666430e+01,4.504435569240365294e+04
4.037500000000000000e+01,3.637112505777496699e+04
4.039583333333332860e+01,3.346424262340767746e+04
4.041666666666666430e+01,4.183672538826001983e+04
4.043750000000000000e+01,4.160225838079173991e+04
4.045833333333332860e+01,3.520021652310519858e+04
4.047916666666666430e+01,3.624292511528552859e+04
4.050000000000000000e+01,4.162642009355004120e+04
4.052083333333332860e+01,3.877242663997344061e+04
4.054166666666666430e+01,3.733586646039150219e+04
4.056250000000000000e+01,3.862978256755600160e+04
4.058333333333332860e+01,3.898049305316223763e+04
4.060416666666666430e+01,3.864357071122172783e+04
4.062500000000000000e+01,3.975407435056200484e+04
4.064583333333332860e+01,3.879023789274961746e+04
4.066666666666666430e+01,3.548087882313127193e+04
4.068750000000000000e+01,4.098251046593154024e+04
4.070833333333332860e+01,4.183371226908107928e+04
4.072916666666666430e+01,3.568330222490450251e+04
4.075000000000000000e+01,3.564248791161284316e+04
4.077083333333332860e+01,4.456986214576777274e+04
4.079166666666666430e+01,2.889639920626894309e+04
4.081250000000000000e+01,2.721015506984014792e+04
4.083333333333332860e+01,3.737270702933443681e+04
4.085416666666666430e+01,4.212827141963725444e+04
4.087500000000000000e+01,3.403290967752890720e+04
4.089583333333332860e+01,3.184330618107394184e+04
4.091666666666666430e+01,4.339877437575401564e+04
4.093750000000000000e+01,4.372018554199911887e+04
4.095833333333332860e+01,3.312729789029378298e+04
4.097916666666666430e+01,3.438910460941003839e+04
4.100000000000000000e+01,4.498453560697627108e+04
4.102083333333332860e+01,4.137970896770714171e+04
4.104166666666666430e+01,3.805669678310672316e+04
4.106250000000000000e+01,4.226032360690629866e+04
4.108333333333332860e+01,4.534510342365119868e+04
4.110416666666666430e+01,4.011755206457206077e+04
4.112500000000000000e+01,3.567833264518160286e+04
4.114583333333332860e+01,3.924330735725944396e+04
4.116666666666666430e+01,4.129180850478129287e+04
4.118750000000000000e+01,3.891750776131127350e+04
4.120833333333332860e+01,3.888272842910941108e+04
4.122916666666666430e+01,3.859518513688157691e+04
4.125000000000000000e+01,3.871014222781005810e+04
4.127083333333332860e+01,3.923155790205448284e+04
4.129166666666666430e+01,3.869444661560330860e+04
4.131250000000000000e+01,3.792688397784216795e+04
4.133333333333332860e+01,3.860585079061424767e+04
4.135416666666666430e+01,4.158293269831449288e+04
4.137500000000000000e+01,3.694597202110838407e+04
4.139583333333332860e+01,3.672933016317231522e+04
4.141666666666666430e+01,3.968051099186421925e+04
4.143750000000000000e+01,4.052128471795818041e+04
4.145833333333332860e+01,3.654542502159220749e+04
4.147916666666666430e+01,3.749320845573434781e+04
4.150000000000000000e+01,4.150787604224609095e+04
4.152083333333332860e+01,3.787248126991224854e+04
4.154166666666666430e+01,3.610156804810940230e+04
4.156250000000000000e+01,4.099665424168029858e+04
4.158333333333332860e+01,4.183768169476400362e+04
4.160416666666666430e+01,3.511731764992708486e+04
4.162500000000000000e+01,3.515212402276304783e+04
4.164583333333332860e+01,4.317769096218983759e+04
4.166666666666666430e+01,4.381379490635971160e+04
4.168750000000000000e+01,3.642170497862574848e+04
4.170833333333332860e+01,3.895340765050490154e+04
4.172916666666666430e+01,4.262970715162681881e+04
4.175000000000000000e+01,3.938232305669161724e+04
4.177083333333332860e+01,3.575583116298286768e+04
4.179166666666666430e+01,4.035627203905626811e+04
4.181250000000000000e+01,4.149126935241305182e+04
4.183333333333332860e+01,3.549333077410959231e+04
4.185416666666666430e+01,3.761892806236573961e+04
4.187500000000000000e+01,4.158867963841898745e+04
4.189583333333332860e+01,3.892057911401262390e+04
4.191666666666666430e+01,3.545514941784057009e+04
4.193750000000000000e+01,4.024752534228803415e+04
4.195833333333332860e+01,4.120495872609897924e+04
4.197916666666666430e+01,3.677961421996264107e+04
4.200000000000000000e+01,3.714440164668088255e+04
4.202083333333332860e+01,4.184848525058844098e+04
4.204166666666666430e+01,3.844323536762698495e+04
4.206250000000000000e+01,3.544750628806597524e+04
4.208333333333332860e+01,4.107951293150693527e+04
4.210416666666666430e+01,4.060443650626510498e+04
4.212500000000000000e+01,3.542703601809379325e+04
4.214583333333332860e+01,3.801949826754727110e+04
4.216666666666666430e+01,4.184342025666564587e+04
4.218750000000000000e+01,3.805424028124843608e+04
4.220833333333332860e+01,3.555091341368114809e+04
4.222916666666666430e+01,4.167086337660853314e+04
4.225000000000000000e+01,4.006544779479721183e+04
4.227083333333332860e+01,3.543751047639328317e+04
4.229166666666666430e+01,3.696762881133036717e+04
4.231250000000000000e+01,4.185427781302916992e+04
4.233333333333332860e+01,3.855355162736619968e+04
4.235416666666666430e+01,3.652864759614982177e+04
4.237500000000000000e+01,4.202590092085030483e+04
4.239583333333332860e+01,3.971219849290998536e+04
4.241666666666666430e+01,3.365735942689254443e+04
4.243750000000000000e+01,3.770636355565266422e+04
4.245833333333332860e+01,4.116039701151708141e+04
4.247916666666666430e+01,3.623855486110798665e+04
4.250000000000000000e+01,3.478944087611375289e+04
4.252083333333332860e+01,4.167647781887276506e+04
4.254166666666666430e+01,4.041793300007250218e+04
4.256250000000000000e+01,3.538280615504166053e+04
4.258333333333332860e+01,3.760577718545104290e+04
4.260416666666666430e+01,4.179689903174521169e+04
4.262500000000000000e+01,3.809201879234724038e+04
4.264583333333332860e+01,3.712957758609372104e+04
4.266666666666666430e+01,3.862852174843929242e+04
4.268750000000000000e+01,3.910581599549031671e+04
4.270833333333332860e+01,3.863695569002347474e+04
4.272916666666666430e+01,4.020904549183561903e+04
4.275000000000000000e+01,3.880602152444359672e+04
4.277083333333332860e+01,3.567182462460210809e+04
4.279166666666666430e+01,4.074796282558871462e+04
4.281250000000000000e+01,4.183542060118213703e+04
4.283333333333332860e+01,3.562542146325208887e+04
4.285416666666666430e+01,3.666927525839737791e+04
4.287500000000000000e+01,4.282379904745471140e+04
4.289583333333332860e+01,3.979444263439960923e+04
4.291666666666666430e+01,3.224727502744910089e+04
4.293750000000000000e+01,3.878602791264269763e+04
4.295833333333332860e+01,4.504711925408062962e+04
4.297916666666666430e+01,3.740827605742588639e+04
4.300000000000000000e+01,3.224864989178364340e+04
4.302083333333332860e+01,4.129697167778254516e+04
4.304166666666666430e+01,4.363346015740411531e+04
4.306250000000000000e+01,3.542549702339051873e+04
4.308333333333332860e+01,3.454638994126834586e+04
4.310416666666666430e+01,4.183078654918122629e+04
4.312500000000000000e+01,4.079975597559697053e+04
4.314583333333332860e+01,3.502633410237189673e+04
4.316666666666666430e+01,3.791266265232432488e+04
4.318750000000000000e+01,4.031748341856249317e+04
4.320833333333332860e+01,3.680159197990385292e+04
4.322916666666666430e+01,4.028037091018843057e+04
4.325000000000000000e+01,3.795631773048898322e+04
4.327083333333332860e+01,3.409712187477811676e+04
4.329166666666666430e+01,3.793988758394531760e+04
4.331250000000000000e+01,4.465894841798091511e+04
4.333333333333332860e+01,3.623960943350206799e+04
4.335416666666666430e+01,3.217246516612081905e+04
4.337500000000000000e+01,4.178256977894575539e+04
4.339583333333332860e+01,4.495151268444852030e+04
4.341666666666666430e+01,3.311049598587840592e+04
4.343750000000000000e+01,3.330246039142629161e+04
4.345833333333332860e+01,4.386975714651561429e+04
4.347916666666666430e+01,4.280533851260219672e+04
4.350000000000000000e+01,3.224637323952231964e+04
4.352083333333332860e+01,3.505654629866362666e+04
4.354166666666666430e+01,4.505865539871874353e+04
4.356250000000000000e+01,4.054964351553622691e+04
4.358333333333332860e+01,3.245808057130338420e+04
4.360416666666666430e+01,3.863082462894266064e+04
4.362500000000000000e+01,4.306555904755150550e+04
4.364583333333332860e+01,3.863753932483831886e+04
4.366666666666666430e+01,3.470509071412875346e+04
4.368750000000000000e+01,3.995899951321369008e+04
4.370833333333332860e+01,4.105484277589078556e+04
4.372916666666666430e+01,3.796770713185994100e+04
4.375000000000000000e+01,3.845012397173884528e+04
4.377083333333332860e+01,3.722579376371320541e+04
4.379166666666666430e+01,3.863532710378407501e+04
4.381250000000000000e+01,4.122321709367577569e+04
4.383333333333332860e+01,3.863637366488603584e+04
4.385416666666666430e+01,3.469437017802805349e+04
4.387500000000000000e+01,3.863518151512971963e+04
4.389583333333332860e+01,4.500319268117899628e+04
4.391666666666666430e+01,3.768962596615024086e+04
4.393750000000000000e+01,3.612478912787293666e+04
4.395833333333332860e+01,4.172625677521764010e+04
4.397916666666666430e+01,4.210928135809057858e+04
4.400000000000000000e+01,3.481592073032095504e+04
4.402083333333332860e+01,3.667196171942971705e+04
4.404166666666666430e+01,4.496624021731618996e+04
4.406250000000000000e+01,3.959873614820512739e+04
4.408333333333332860e+01,3.226499952062973534e+04
4.410416666666666430e+01,3.824396205319686123e+04
4.412500000000000000e+01,4.505037397094474727e+04
4.414583333333332860e+01,3.693995823045868747e+04
4.416666666666666430e+01,3.254668452454369617e+04
4.418750000000000000e+01,4.170888821594950423e+04
4.420833333333332860e+01,4.266043642572030512e+04
4.422916666666666430e+01,3.543997100617404067e+04
4.425000000000000000e+01,3.528740672262157750e+04
4.427083333333332860e+01,4.183493728241605277e+04
4.429166666666666430e+01,4.018003789978710847e+04
4.431250000000000000e+01,3.526302799667182990e+04
4.433333333333332860e+01,3.863505813429380214e+04
4.435416666666666430e+01,3.982563718461291137e+04
4.437500000000000000e+01,3.864630076563537295e+04
4.439583333333332860e+01,3.931916462369076908e+04
4.441666666666666430e+01,3.991641899321681558e+04
4.443750000000000000e+01,3.564880459768309811e+04
4.445833333333332860e+01,3.905109987761333468e+04
4.447916666666666430e+01,4.184173915912794473e+04
4.450000000000000000e+01,3.824886048132782162e+04
4.452083333333332860e+01,3.545580110363726271e+04
4.454166666666666430e+01,4.118393558459360793e+04
4.456250000000000000e+01,4.126175414038731105e+04
4.458333333333332860e+01,3.240513551139825358e+04
4.460416666666666430e+01,3.671295397145787865e+04
4.462500000000000000e+01,4.488906683328124200e+04
4.464583333333332860e+01,3.908581286613515113e+04
4.466666666666666430e+01,3.218685657434733730e+04
4.468750000000000000e+01,3.946294523723908787e+04
4.470833333333332860e+01,4.486983639905110613e+04
4.472916666666666430e+01,3.523218849437437893e+04
4.475000000000000000e+01,3.418766773604849004e+04
4.477083333333332860e+01,4.182395382314993913e+04
4.479166666666666430e+01,4.158293495360451197e+04
4.481250000000000000e+01,3.480700074407047214e+04
4.483333333333332860e+01,3.679456462314932287e+04
4.485416666666666430e+01,4.111283239529616549e+04
4.487500000000000000e+01,3.863590851768221910e+04
4.489583333333332860e+01,3.810717576133483090e+04
4.491666666666666430e+01,3.863612580777480616e+04
4.493750000000000000e+01,3.887542448992969003e+04
4.495833333333332860e+01,3.883935674638268392e+04
4.497916666666666430e+01,4.147277625484501914e+04
4.500000000000000000e+01,3.721459616488897154e+04
4.502083333333332860e+01,3.543202508986536850e+04
4.504166666666666430e+01,4.146013086738069251e+04
4.506250000000000000e+01,4.183811425208247965e+04
4.508333333333332860e+01,3.426184897200320847e+04
4.510416666666666430e+01,3.581037425048610748e+04
4.512500000000000000e+01,4.498474495621729147e+04
4.514583333333332860e+01,3.961990310644801502e+04
4.516666666666666430e+01,3.222566823022587414e+04
4.518750000000000000e+01,3.765169749782139843e+04
4.520833333333332860e+01,4.504261401111775194e+04
4.522916666666666430e+01,3.659951626572285750e+04
4.525000000000000000e+01,3.325860833102174365e+04
4.527083333333332860e+01,4.183486306144145783e+04
4.529166666666666430e+01,4.267794246892439696e+04
4.531250000000000000e+01,3.543204990272426221e+04
4.533333333333332860e+01,3.565792797422515287e+04
4.535416666666666430e+01,4.183980230699183448e+04
4.537500000000000000e+01,3.869468551366305473e+04
4.539583333333332860e+01,3.989684657364462328e+04
4.541666666666666430e+01,3.914702064168463403e+04
4.543750000000000000e+01,3.662199998590228643e+04
4.545833333333332860e+01,3.871542307113813149e+04
4.547916666666666430e+01,4.220672608773091633e+04
4.550000000000000000e+01,3.870782732891380874e+04
4.552083333333332860e+01,3.309707935174449813e+04
4.554166666666666430e+01,3.903339012055581406e+04
4.556250000000000000e+01,4.462571758677661273e+04
4.558333333333332860e+01,3.614027540910632524e+04
4.560416666666666430e+01,3.226281380278975485e+04
4.562500000000000000e+01,4.228603398511484556e+04
4.564583333333332860e+01,4.503619335832655634e+04
4.566666666666666430e+01,3.237852116100405692e+04
4.568750000000000000e+01,3.385592999568275263e+04
4.570833333333332860e+01,4.350855354450333834e+04
4.572916666666666430e+01,4.268036101566486468e+04
4.575000000000000000e+01,3.227018632176711253e+04
4.577083333333332860e+01,3.592286714899622893e+04
4.579166666666666430e+01,4.508643437375382200e+04
4.581250000000000000e+01,3.937219852392926259e+04
4.583333333333332860e+01,3.300188732319875271e+04
4.585416666666666430e+01,3.863996097946649388e+04
4.587500000000000000e+01,4.262934761740226531e+04
4.589583333333332860e+01,3.865266847996928118e+04
4.591666666666666430e+01,3.561237713619845454e+04
4.593750000000000000e+01,3.890195875407653512e+04
4.595833333333332860e+01,3.937042449288994976e+04
4.597916666666666430e+01,3.895222900572440267e+04
4.600000000000000000e+01,4.256388799238928914e+04
4.602083333333332860e+01,3.985168423313227686e+04
4.604166666666666430e+01,3.574141743642235815e+04
4.606250000000000000e+01,3.964244162750447140e+04
4.608333333333332860e+01,4.190955982292754925e+04
4.610416666666666430e+01,3.551732125982140133e+04
4.612500000000000000e+01,3.741723021479316230e+04
4.614583333333332860e+01,4.187439839212676452e+04
4.616666666666666430e+01,3.967997001751142670e+04
4.618750000000000000e+01,3.545446465923250798e+04
4.620833333333332860e+01,3.856000869135728863e+04
4.622916666666666430e+01,4.155384167839043948e+04
4.625000000000000000e+01,3.718645781663997332e+04
4.627083333333332860e+01,3.571776684842113900e+04
4.629166666666666430e+01,4.183509631084501598e+04
4.631250000000000000e+01,4.050780561766086612e+04
4.633333333333332860e+01,3.546242819313799555e+04
4.635416666666666430e+01,3.694489721715859196e+04
4.637500000000000000e+01,4.183311181585724262e+04
4.639583333333332860e+01,4.039070280440738861e+04
4.641666666666666430e+01,3.572008924102714809e+04
4.643750000000000000e+01,3.729354330365924397e+04
4.645833333333332860e+01,4.183611122610614257e+04
4.647916666666666430e+01,3.962205177664171060e+04
4.650000000000000000e+01,3.545824680848126445e+04
4.652083333333332860e+01,3.886475544206272752e+04
4.654166666666666430e+01,4.034245849783361336e+04
4.656250000000000000e+01,3.567484099462753511e+04
4.658333333333332860e+01,3.584723293646763341e+04
4.660416666666666430e+01,4.142381946432590485e+04
4.662500000000000000e+01,3.918342467047178070e+04
4.664583333333332860e+01,3.527433985127021151e+04
4.666666666666666430e+01,3.906709271365260793e+04
4.668750000000000000e+01,4.177831274529966322e+04
4.670833333333332860e+01,3.604652645409895194e+04
4.672916666666666430e+01,3.681342797284137487e+04
4.675000000000000000e+01,4.181034037150245422e+04
4.677083333333332860e+01,3.966415585892834497e+04
4.679166666666666430e+01,3.542464544609352743e+04
4.681250000000000000e+01,3.863673035871395405e+04
4.683333333333332860e+01,4.164384501522042410e+04
4.685416666666666430e+01,3.709319737005608476e+04
4.687500000000000000e+01,3.558375069929114397e+04
4.689583333333332860e+01,4.182925085911589849e+04
4.691666666666666430e+01,3.956002497720056999e+04
4.693750000000000000e+01,3.543341564468677825e+04
4.695833333333332860e+01,3.905084590547499101e+04
4.697916666666666430e+01,4.183389651588033303e+04
4.700000000000000000e+01,3.615859267396866198e+04
4.702083333333332860e+01,3.693378641955971398e+04
4.704166666666666430e+01,4.215031360036455590e+04
4.706250000000000000e+01,3.921668222545883327e+04
4.708333333333332860e+01,3.542525384950291482e+04
4.710416666666666430e+01,3.962353538496157125e+04
4.712500000000000000e+01,4.165951001161006570e+04
4.714583333333332860e+01,3.550120237722463207e+04
4.716666666666666430e+01,3.747524300399383355e+04
4.718750000000000000e+01,4.182816489730056492e+04
4.720833333333332860e+01,3.895203355434793048e+04
4.722916666666666430e+01,3.613171931250952912e+04
4.725000000000000000e+01,3.922088368458195328e+04
4.727083333333332860e+01,4.117455671459548466e+04
4.729166666666666430e+01,3.728956315143470420e+04
4.731250000000000000e+01,4.078688024376848625e+04
4.733333333333332860e+01,4.042480662927992671e+04
4.735416666666666430e+01,4.040718216557091364e+04
4.737500000000000000e+01,3.886012154347505566e+04
4.739583333333332860e+01,4.074439460345516272e+04
4.741666666666666430e+01,3.718411380372291023e+04
4.743750000000000000e+01,3.789333507505919260e+04
4.745833333333332860e+01,4.114510278998597641e+04
4.747916666666666430e+01,3.901423035822631209e+04
4.750000000000000000e+01,3.609316431952959101e+04
4.752083333333332860e+01,3.883930556248172797e+04
4.754166666666666430e+01,4.317484994661730161e+04
4.756250000000000000e+01,3.681215437926055165e+04
4.758333333333332860e+01,3.544203241117931611e+04
4.760416666666666430e+01,4.182474420744927920e+04
4.762500000000000000e+01,4.025201259677952476e+04
4.764583333333332860e+01,3.387572197999971104e+04
4.766666666666666430e+01,3.939636653192821541e+04
4.768750000000000000e+01,4.406569466340801591e+04
4.770833333333332860e+01,3.613292247243051679e+04
4.772916666666666430e+01,3.258983938768125154e+04
4.775000000000000000e+01,4.220741792997649463e+04
4.777083333333332860e+01,4.504208861519691709e+04
4.779166666666666430e+01,3.265469728673573991e+04
4.781250000000000000e+01,3.363043125735283684e+04
4.783333333333332860e+01,4.435675987771311338e+04
4.785416666666666430e+01,4.162899644240083580e+04
4.787500000000000000e+01,3.224457395725387687e+04
4.789583333333332860e+01,3.588860462349217414e+04
4.791666666666666430e+01,4.489526293266395078e+04
4.793750000000000000e+01,3.827922588330964209e+04
4.795833333333332860e+01,3.383867129923780885e+04
4.797916666666666430e+01,3.863806915699664387e+04
4.800000000000000000e+01,4.216059005452154088e+04
4.802083333333332860e+01,3.864937026329845685e+04
4.804166666666666430e+01,3.678364815410019219e+04
4.806250000000000000e+01,3.650456754943179840e+04
4.808333333333332860e+01,3.721161459611415194e+04
4.810416666666666430e+01,3.878136153999442467e+04
4.812500000000000000e+01,3.887765347962574015e+04
4.814583333333332860e+01,3.516479209167257068e+04
4.816666666666666430e+01,3.838011438788831583e+04
4.818750000000000000e+01,4.351190374879023148e+04
4.820833333333332860e+01,3.733497496886026784e+04
4.822916666666666430e+01,3.301768429307015322e+04
4.825000000000000000e+01,4.133869465766715439e+04
4.827083333333332860e+01,4.473876466835162864e+04
4.829166666666666430e+01,3.408034532339692669e+04
4.831250000000000000e+01,3.269432268775287594e+04
4.833333333333332860e+01,4.502315617729973746e+04
4.835416666666666430e+01,3.997659241331558587e+04
4.837500000000000000e+01,3.224735777654495178e+04
4.839583333333332860e+01,3.752787047591654846e+04
4.841666666666666430e+01,4.505513930554485705e+04
4.843750000000000000e+01,3.641275382324735256e+04
4.845833333333332860e+01,3.428723542142089718e+04
4.847916666666666430e+01,4.183711491080095584e+04
4.850000000000000000e+01,4.271265824136226729e+04
4.852083333333332860e+01,3.543296832558941969e+04
4.854166666666666430e+01,3.562919865318531811e+04
4.856250000000000000e+01,4.183184013087316271e+04
4.858333333333332860e+01,3.920482025772072666e+04
4.860416666666666430e+01,3.592764091514408938e+04
4.862500000000000000e+01,3.862701594526370900e+04
4.864583333333332860e+01,3.935616575259664387e+04
4.866666666666666430e+01,3.864467081423018681e+04
4.868750000000000000e+01,3.960351343084174732e+04
4.870833333333332860e+01,3.840947461178126105e+04
