0.000000000000000000e+00,3.363662870166602079e+04
2.083333333333333218e-02,3.441105810156559892e+04
4.166666666666666435e-02,3.438192166989044927e+04
6.250000000000000000e-02,3.863499966636287718e+04
8.333333333333332871e-02,3.969177066601432307e+04
1.041666666666666574e-01,3.715070616905415227e+04
1.250000000000000000e-01,3.678788556815574702e+04
1.458333333333333148e-01,4.046089596342542063e+04
1.666666666666666574e-01,4.114692912618457194e+04
1.875000000000000000e-01,3.743937247725964698e+04
2.083333333333333148e-01,3.773581088747876493e+04
2.291666666666666574e-01,3.958388592619584961e+04
2.500000000000000000e-01,4.056842976069460565e+04
2.708333333333333148e-01,3.725164754446821462e+04
2.916666666666666297e-01,3.682373307627155009e+04
3.125000000000000000e-01,3.986719113079434464e+04
3.333333333333333148e-01,4.092114238109130383e+04
3.541666666666666297e-01,3.743226631104644912e+04
3.750000000000000000e-01,3.642954141437453654e+04
3.958333333333333148e-01,4.091860521591057477e+04
4.166666666666666297e-01,4.192063735588171403e+04
4.375000000000000000e-01,3.613927889207517001e+04
4.583333333333333148e-01,3.484913372300952324e+04
4.791666666666666297e-01,4.146521407702266151e+04
5.000000000000000000e-01,4.203943852706684993e+04
5.208333333333332593e-01,3.514479326380516432e+04
5.416666666666666297e-01,3.452404308955732267e+04
5.625000000000000000e-01,4.249050002145118196e+04
5.833333333333332593e-01,4.196501435995497013e+04
6.041666666666666297e-01,3.925535416059713316e+04
6.250000000000000000e-01,3.714182746756265988e+04
6.458333333333332593e-01,4.005852552057526191e+04
6.666666666666666297e-01,3.937092318239534507e+04
6.875000000000000000e-01,3.919806721445482981e+04
7.083333333333332593e-01,3.737209415650316078e+04
7.291666666666666297e-01,3.735185775378413382e+04
7.500000000000000000e-01,4.092227818901569117e+04
7.708333333333332593e-01,4.128678162674636405e+04
7.916666666666666297e-01,3.506927524566564534e+04
8.125000000000000000e-01,3.589975069457897916e+04
8.333333333333332593e-01,4.229827111908383085e+04
8.541666666666666297e-01,4.038345806151096622e+04
8.750000000000000000e-01,3.473741482667377568e+04
8.958333333333332593e-01,3.841759059496341069e+04
9.166666666666666297e-01,4.185976278814001125e+04
9.375000000000000000e-01,3.653765934652985015e+04
9.583333333333332593e-01,3.677647179499125195e+04
9.791666666666666297e-01,4.270130116325258859e+04
1.000000000000000000e+00,3.918686595151423535e+04
1.020833333333333259e+00,3.641154018497290963e+04
1.041666666666666519e+00,3.954329305421886238e+04
1.062500000000000000e+00,4.119192025824925076e+04
1.083333333333333259e+00,3.562963807775785972e+04
1.104166666666666519e+00,3.652285444672191807e+04
1.125000000000000000e+00,4.183704436498237919e+04
1.145833333333333259e+00,3.917099562401129515e+04
1.166666666666666519e+00,3.644985645804269734e+04
1.187500000000000000e+00,3.970884831668964762e+04
1.208333333333333259e+00,4.145745843982256338e+04
1.229166666666666519e+00,3.556103333707139245e+04
1.250000000000000000e+00,3.782732071692811587e+04
1.270833333333333259e+00,4.183295615447393357e+04
1.291666666666666519e+00,3.820055614595823135e+04
1.312500000000000000e+00,3.542366963106024923e+04
1.333333333333333259e+00,4.146478657839049265e+04
1.354166666666666519e+00,4.029872104517760454e+04
1.375000000000000000e+00,3.440479715121492336e+04
1.395833333333333259e+00,3.877135620199966070e+04
1.416666666666666519e+00,4.183402639217540855e+04
1.437500000000000000e+00,3.803604452158567437e+04
1.458333333333333259e+00,3.552095475103434001e+04
1.479166666666666519e+00,4.141731551376983407e+04
1.500000000000000000e+00,4.033735689270324656e+04
1.520833333333333259e+00,3.574607344917921728e+04
1.541666666666666519e+00,3.792450891333732579e+04
1.562500000000000000e+00,4.182722579267058609e+04
1.583333333333333259e+00,3.835089432417429634e+04
1.604166666666666519e+00,3.431994651684803102e+04
1.625000000000000000e+00,4.108197959127676586e+04
1.645833333333333259e+00,4.074137119881730905e+04
1.666666666666666519e+00,3.542227998488985759e+04
1.687500000000000000e+00,3.917233216141129378e+04
1.708333333333333259e+00,4.182661393635637796e+04
1.729166666666666519e+00,3.701070740509807365e+04
1.750000000000000000e+00,3.543581868295591994e+04
1.770833333333333259e+00,4.281319632552162511e+04
1.791666666666666519e+00,4.047148852801941393e+04
1.812500000000000000e+00,3.232011042631098098e+04
1.833333333333333259e+00,3.854067284929827292e+04
1.854166666666666519e+00,4.502012366786755592e+04
1.875000000000000000e+00,3.783955435528903035e+04
1.895833333333333259e+00,3.223223419392337382e+04
1.916666666666666519e+00,4.094635594859809498e+04
1.937500000000000000e+00,4.385163856861803652e+04
1.958333333333333259e+00,3.453462021420163364e+04
1.979166666666666519e+00,3.450004494001924468e+04
2.000000000000000000e+00,4.182696073780523875e+04
2.020833333333333037e+00,4.156345881749637920e+04
2.041666666666666519e+00,3.543945323995062790e+04
2.062500000000000000e+00,3.777280289826163789e+04
2.083333333333333037e+00,4.051145540934862947e+04
2.104166666666666519e+00,4.029282349471385533e+04
2.125000000000000000e+00,3.919452717652166029e+04
2.145833333333333037e+00,3.928058900986856315e+04
2.166666666666666519e+00,3.810661953087842994e+04
2.187500000000000000e+00,3.910731644943817082e+04
2.208333333333333037e+00,4.192227364794084133e+04
2.229166666666666519e+00,3.784952409827006340e+04
2.250000000000000000e+00,3.605127107589027582e+04
2.270833333333333037e+00,4.043316285370542755e+04
2.291666666666666519e+00,4.187706084204141371e+04
2.312500000000000000e+00,3.455496678001281543e+04
2.333333333333333037e+00,3.616886003304530459e+04
2.354166666666666519e+00,4.503320881682178151e+04
2.375000000000000000e+00,3.922757165870614699e+04
2.395833333333333037e+00,3.224391694605764860e+04
2.416666666666666519e+00,3.955809135404378321e+04
2.437500000000000000e+00,4.458120863826874847e+04
2.458333333333333037e+00,3.541683045385083096e+04
2.479166666666666519e+00,3.427481798151050316e+04
2.500000000000000000e+00,4.183651369540557789e+04
2.520833333333333037e+00,4.205916889616318076e+04
2.541666666666666519e+00,3.543034104171302897e+04
2.562500000000000000e+00,3.653248766420559696e+04
2.583333333333333037e+00,4.141710249738604762e+04
2.604166666666666519e+00,3.849766742467524455e+04
2.625000000000000000e+00,3.671031050504279119e+04
2.645833333333333037e+00,3.863103405326147913e+04
2.666666666666666519e+00,3.904840131008547178e+04
2.687500000000000000e+00,3.866440910332802741e+04
2.708333333333333037e+00,4.152735017058714584e+04
2.729166666666666519e+00,3.698720975622547121e+04
2.750000000000000000e+00,3.541931074463448022e+04
2.770833333333333037e+00,4.099955356608975126e+04
2.791666666666666519e+00,4.183167873099719145e+04
2.812500000000000000e+00,3.610333309991575516e+04
2.833333333333333037e+00,3.543595880622080585e+04
2.854166666666666519e+00,4.371670180836498184e+04
2.875000000000000000e+00,4.065347210981247918e+04
2.895833333333333037e+00,3.223419520329067018e+04
2.916666666666666519e+00,3.776728704711567116e+04
2.937500000000000000e+00,4.433398751821191399e+04
2.958333333333333037e+00,3.838301605500414007e+04
2.979166666666666519e+00,3.224119275686102264e+04
3.000000000000000000e+00,4.096971048991411226e+04
3.020833333333333037e+00,4.383512897595023242e+04
3.041666666666666519e+00,3.542667275795209571e+04
3.062500000000000000e+00,3.449392879520684073e+04
3.083333333333333037e+00,4.182915334057361906e+04
3.104166666666666519e+00,4.170303534234517429e+04
3.125000000000000000e+00,3.497608993159890815e+04
3.145833333333333037e+00,3.743807284300110041e+04
3.166666666666666519e+00,4.076137183366348472e+04
3.187500000000000000e+00,3.862665684314622922e+04
3.208333333333333037e+00,3.788587336338757450e+04
3.229166666666666519e+00,3.984967161259967543e+04
3.250000000000000000e+00,3.821759462367913511e+04
3.270833333333333037e+00,3.792701975843928085e+04
3.291666666666666519e+00,4.122478156442297768e+04
3.312500000000000000e+00,3.732396882480263594e+04
3.333333333333333037e+00,3.582450941364512983e+04
3.354166666666666519e+00,4.086976920061417331e+04
3.375000000000000000e+00,4.183225929119463399e+04
3.395833333333333037e+00,3.525239167847214412e+04
3.416666666666666519e+00,3.624165653565604589e+04
3.437500000000000000e+00,4.400462914344225283e+04
3.458333333333333037e+00,4.053393217524528882e+04
3.479166666666666519e+00,3.223915693367883068e+04
3.500000000000000000e+00,3.822449340680520982e+04
3.520833333333333037e+00,4.503424304833421047e+04
3.541666666666666519e+00,3.643802607726897986e+04
3.562500000000000000e+00,3.257311657096660565e+04
3.583333333333333037e+00,4.176975615270015987e+04
3.604166666666666519e+00,4.235847033084383293e+04
3.625000000000000000e+00,3.542971577887534659e+04
3.645833333333333037e+00,3.534409555930944771e+04
3.666666666666666519e+00,4.183471799577584170e+04
3.687500000000000000e+00,4.322469914060160227e+04
3.708333333333333037e+00,3.831362992193832906e+04
3.729166666666666519e+00,3.983927981535014260e+04
3.750000000000000000e+00,4.014689291570352361e+04
3.770833333333333037e+00,3.911578561162269034e+04
3.791666666666666519e+00,3.908929039746249327e+04
3.812500000000000000e+00,3.977164490347888932e+04
3.833333333333333037e+00,3.610873905002635729e+04
3.854166666666666519e+00,4.021284535483209038e+04
3.875000000000000000e+00,4.188705242821708816e+04
3.895833333333333037e+00,3.610873651215858990e+04
3.916666666666666519e+00,3.609572288668269903e+04
3.937500000000000000e+00,4.209765991833748558e+04
3.958333333333333037e+00,4.170256829524838395e+04
3.979166666666666519e+00,3.266439632039969365e+04
4.000000000000000000e+00,3.721460725550472125e+04
4.020833333333333037e+00,4.484043737582863832e+04
4.041666666666666075e+00,3.875948428555679129e+04
4.062500000000000000e+00,3.224300664525354659e+04
4.083333333333333037e+00,4.039866950159666885e+04
4.104166666666666075e+00,4.347931500823139504e+04
4.125000000000000000e+00,3.543426177458527673e+04
4.145833333333333037e+00,3.449112201186016318e+04
4.166666666666666075e+00,4.185403710883849999e+04
4.187500000000000000e+00,4.179371008248126600e+04
4.208333333333333037e+00,3.594800182672899246e+04
4.229166666666666075e+00,3.802965548209996632e+04
4.250000000000000000e+00,4.098677178850281780e+04
4.270833333333333037e+00,3.864190814830039744e+04
4.291666666666666075e+00,3.722012284857341001e+04
4.312500000000000000e+00,3.864927593395630538e+04
4.333333333333333037e+00,3.820049484069125174e+04
4.354166666666666075e+00,3.864670276643980469e+04
4.375000000000000000e+00,4.132581735030247364e+04
4.395833333333333037e+00,3.717759086972849036e+04
4.416666666666666075e+00,3.588615052616349567e+04
4.437500000000000000e+00,4.095893796062923502e+04
4.458333333333333037e+00,4.183753421485562285e+04
4.479166666666666075e+00,3.516334026973876462e+04
4.500000000000000000e+00,3.558101079465452494e+04
4.520833333333333037e+00,4.347621551018533501e+04
4.541666666666666075e+00,4.056618724711045797e+04
4.562500000000000000e+00,3.223519170414922701e+04
4.583333333333333037e+00,3.849987169682550302e+04
4.604166666666666075e+00,4.504749908579384646e+04
4.625000000000000000e+00,3.784381908160032617e+04
4.645833333333333037e+00,3.242116417121127961e+04
4.666666666666666075e+00,4.163788499320109258e+04
4.687500000000000000e+00,4.304081196718711726e+04
4.708333333333333037e+00,3.403305558118204499e+04
4.729166666666666075e+00,3.495139690409541072e+04
4.750000000000000000e+00,4.316284297586520552e+04
4.770833333333333037e+00,4.074061167728257715e+04
4.791666666666666075e+00,3.369562080965649511e+04
4.812500000000000000e+00,3.861754898880496330e+04
4.833333333333333037e+00,4.269886459878281312e+04
4.854166666666666075e+00,3.864571467564443446e+04
4.875000000000000000e+00,3.542786891150789597e+04
4.895833333333333037e+00,3.863620401979055896e+04
4.916666666666666075e+00,3.962436028445693955e+04
4.937500000000000000e+00,3.966783254047595256e+04
4.958333333333333037e+00,3.863001207847344631e+04
4.979166666666666075e+00,3.618555133110027236e+04
5.000000000000000000e+00,3.864150742833109689e+04
5.020833333333333037e+00,4.193535994830992422e+04
5.041666666666666075e+00,3.943559152118761995e+04
5.062500000000000000e+00,3.348406375131697132e+04
5.083333333333333037e+00,3.968152778061776917e+04
5.104166666666666075e+00,4.503089495408868243e+04
5.125000000000000000e+00,3.612052002600277774e+04
5.145833333333333037e+00,3.225814305945680826e+04
5.166666666666666075e+00,4.219440973723561910e+04
5.187500000000000000e+00,4.419779627774222899e+04
5.208333333333333037e+00,3.253568960766386954e+04
5.229166666666666075e+00,3.387872833503544825e+04
5.250000000000000000e+00,4.502904125470944564e+04
5.270833333333333037e+00,4.239402926315983495e+04
5.291666666666666075e+00,3.224436291910982254e+04
5.312500000000000000e+00,3.580068487645563437e+04
5.333333333333333037e+00,4.504455803246845608e+04
5.354166666666666075e+00,3.910042779245759448e+04
5.375000000000000000e+00,3.347171377977714292e+04
5.395833333333333037e+00,3.863310823854010960e+04
5.416666666666666075e+00,4.279982323026045924e+04
5.437500000000000000e+00,3.791469747337410809e+04
5.458333333333333037e+00,3.521355800145910325e+04
5.479166666666666075e+00,3.864880030833262572e+04
5.500000000000000000e+00,4.008956318915784504e+04
5.520833333333333037e+00,3.937206477917110169e+04
5.541666666666666075e+00,3.960148815712019859e+04
5.562500000000000000e+00,3.642766426788600802e+04
5.583333333333333037e+00,3.864524355875478068e+04
5.604166666666666075e+00,4.176768213790394657e+04
5.625000000000000000e+00,3.864647300657450251e+04
5.645833333333333037e+00,3.347599016336545174e+04
5.666666666666666075e+00,3.936114230467336893e+04
5.687500000000000000e+00,4.502483892227104661e+04
5.708333333333333037e+00,3.646624045826953807e+04
5.729166666666666075e+00,3.223596825588528009e+04
5.750000000000000000e+00,4.142937415697869437e+04
5.770833333333333037e+00,4.503344758831664512e+04
5.791666666666666075e+00,3.400953657504751754e+04
5.812500000000000000e+00,3.270965255939060080e+04
5.833333333333333037e+00,4.502422922068426851e+04
5.854166666666666075e+00,4.268872359249272267e+04
5.875000000000000000e+00,3.223688059205321406e+04
5.895833333333333037e+00,3.539670596967220627e+04
5.916666666666666075e+00,4.504072594583478349e+04
5.937500000000000000e+00,3.763860466889150848e+04
5.958333333333333037e+00,3.325839083958268748e+04
5.979166666666666075e+00,3.927156950770811090e+04
6.000000000000000000e+00,4.250573788114600757e+04
6.020833333333333037e+00,3.864445740406130062e+04
6.041666666666666075e+00,3.575962669723849831e+04
6.062500000000000000e+00,3.919386307765171659e+04
6.083333333333333037e+00,3.915048382723737450e+04
6.104166666666666075e+00,3.996734422582996922e+04
6.125000000000000000e+00,3.863023070455367269e+04
6.145833333333333037e+00,3.752279517631016643e+04
6.166666666666666075e+00,3.864123635019877838e+04
6.187500000000000000e+00,4.086285711355548119e+04
6.208333333333333037e+00,3.857710535868264560e+04
6.229166666666666075e+00,3.642590555286509334e+04
6.250000000000000000e+00,4.026112095488532213e+04
6.270833333333333037e+00,4.024113446507709887e+04
6.291666666666666075e+00,3.597958725685685931e+04
6.312500000000000000e+00,3.846309970806851925e+04
6.333333333333333037e+00,4.161577167060347711e+04
6.354166666666666075e+00,3.860062507452750287e+04
6.375000000000000000e+00,3.247968549916231132e+04
6.395833333333333037e+00,4.014837175492334791e+04
6.416666666666666075e+00,4.502305454256954545e+04
6.437500000000000000e+00,3.610198302369089652e+04
6.458333333333333037e+00,3.239697989515584777e+04
6.479166666666666075e+00,4.209211519267931726e+04
6.500000000000000000e+00,4.503258755929277686e+04
6.520833333333333037e+00,3.435255647772125667e+04
6.541666666666666075e+00,3.381794822198122711e+04
6.562500000000000000e+00,4.451714876044963603e+04
6.583333333333333037e+00,4.111843470226087084e+04
6.604166666666666075e+00,3.229352398709851332e+04
6.625000000000000000e+00,3.726851314174519212e+04
6.645833333333333037e+00,4.296705682617951970e+04
6.666666666666666075e+00,3.735101858926092973e+04
6.687500000000000000e+00,3.440753314784326358e+04
6.708333333333333037e+00,4.213250648693607945e+04
6.729166666666666075e+00,4.025863121289981791e+04
6.750000000000000000e+00,3.546807530288900307e+04
6.770833333333333037e+00,3.979959336647270538e+04
6.791666666666666075e+00,4.073419936926050286e+04
6.812500000000000000e+00,3.544949705081098364e+04
6.833333333333333037e+00,3.694820680524868658e+04
6.854166666666666075e+00,4.186706296310002654e+04
6.875000000000000000e+00,3.942109036901532818e+04
6.895833333333333037e+00,3.583289129508823680e+04
6.916666666666666075e+00,3.983901120747954701e+04
6.937500000000000000e+00,4.015823736389891565e+04
6.958333333333333037e+00,3.866286764231100096e+04
6.979166666666666075e+00,3.872172260607836506e+04
7.000000000000000000e+00,3.864937759218257997e+04
7.020833333333333037e+00,3.671619476208624837e+04
7.041666666666666075e+00,3.958396277777633804e+04
7.062500000000000000e+00,4.183391301591474621e+04
7.083333333333333037e+00,3.653068903010799113e+04
7.104166666666666075e+00,3.657762761469777615e+04
7.125000000000000000e+00,4.222117003399759415e+04
7.145833333333333037e+00,4.098272776195951883e+04
7.166666666666666075e+00,3.282418271005140559e+04
7.187500000000000000e+00,3.694669298535107373e+04
7.208333333333333037e+00,4.503380667262733914e+04
7.229166666666666075e+00,3.909175480639519083e+04
7.250000000000000000e+00,3.224367226842510718e+04
7.270833333333333037e+00,3.976759711867588339e+04
7.291666666666666075e+00,4.453237842088796606e+04
7.312500000000000000e+00,3.542231051668446889e+04
7.333333333333333037e+00,3.429620905476102780e+04
7.354166666666666075e+00,4.184278232561761251e+04
7.375000000000000000e+00,4.200545776014558942e+04
7.395833333333333037e+00,3.544021320858652325e+04
7.416666666666666075e+00,3.664167530126774363e+04
7.437500000000000000e+00,4.135636934157697397e+04
7.458333333333333037e+00,3.863791875401442667e+04
7.479166666666666075e+00,3.680854705075506354e+04
7.500000000000000000e+00,3.864483371157712099e+04
7.520833333333333037e+00,3.857564931874999456e+04
7.541666666666666075e+00,3.875734855835502822e+04
7.562500000000000000e+00,4.160014025872655475e+04
7.583333333333333037e+00,3.734152835456767207e+04
7.604166666666666075e+00,3.543784002592165052e+04
7.625000000000000000e+00,4.126947466944235202e+04
7.645833333333333037e+00,4.184197880633684690e+04
7.666666666666666075e+00,3.463611221172408113e+04
7.687500000000000000e+00,3.667953308617945004e+04
7.708333333333333037e+00,4.484814232624302531e+04
7.729166666666666075e+00,3.921913833931391855e+04
7.750000000000000000e+00,3.224238086852168635e+04
7.770833333333333037e+00,3.839461819005580764e+04
7.791666666666666075e+00,4.463308087381962105e+04
7.812500000000000000e+00,3.724840962253297766e+04
7.833333333333333037e+00,3.283293888967353269e+04
7.854166666666666075e+00,4.182834616346125404e+04
7.875000000000000000e+00,4.270952804913840373e+04
7.895833333333333037e+00,3.447576737664298707e+04
7.916666666666666075e+00,3.560733815040248737e+04
7.937500000000000000e+00,4.184339567916996748e+04
7.958333333333333037e+00,3.959546908247479587e+04
7.979166666666666075e+00,3.495798527643562556e+04
8.000000000000000000e+00,4.091434722345793125e+04
8.020833333333332149e+00,3.927442158066142292e+04
8.041666666666666075e+00,3.511929512587071076e+04
8.062500000000000000e+00,3.854817635286295990e+04
8.083333333333332149e+00,4.063984018611344072e+04
8.104166666666666075e+00,3.642031775216494134e+04
8.125000000000000000e+00,3.680619435748847172e+04
8.145833333333332149e+00,4.181227262581378454e+04
8.166666666666666075e+00,3.957920706590771442e+04
8.187500000000000000e+00,3.540430464830993878e+04
8.208333333333332149e+00,3.736352002085064305e+04
8.229166666666666075e+00,4.184795642300978943e+04
8.250000000000000000e+00,3.823933876605198748e+04
8.270833333333332149e+00,3.631792666416438442e+04
8.291666666666666075e+00,4.025916979993734276e+04
8.312500000000000000e+00,3.980777661551696656e+04
8.333333333333332149e+00,3.864410939519972453e+04
8.354166666666666075e+00,3.826989901852969342e+04
8.375000000000000000e+00,3.863806126173238590e+04
8.395833333333332149e+00,3.745497083604442741e+04
8.416666666666666075e+00,3.901684587241595000e+04
8.437500000000000000e+00,4.182331910281899764e+04
8.458333333333332149e+00,3.727821829805061861e+04
8.479166666666666075e+00,3.543258534394235903e+04
8.500000000000000000e+00,4.155842889965615177e+04
8.520833333333332149e+00,4.184220446909096063e+04
8.541666666666666075e+00,3.343159670309290232e+04
8.562500000000000000e+00,3.708942188705776789e+04
8.583333333333332149e+00,4.403392505359046481e+04
8.604166666666666075e+00,3.957967928885581932e+04
8.625000000000000000e+00,3.223971365724990028e+04
8.645833333333332149e+00,3.873969698679142311e+04
8.666666666666666075e+00,4.504264461629597645e+04
8.687500000000000000e+00,3.611639664378521411e+04
8.708333333333332149e+00,3.331536073362731986e+04
8.729166666666666075e+00,4.182970448715305974e+04
8.750000000000000000e+00,4.260855638653601636e+04
8.770833333333332149e+00,3.456782447237754968e+04
8.791666666666666075e+00,3.616644906056128093e+04
8.812500000000000000e+00,4.184225205155940785e+04
8.833333333333332149e+00,3.966902854751340055e+04
8.854166666666666075e+00,3.643244841762191936e+04
8.875000000000000000e+00,3.863005593251599203e+04
8.895833333333332149e+00,3.953537628076860710e+04
8.916666666666666075e+00,3.862481276342011552e+04
8.937500000000000000e+00,3.934653732600526564e+04
8.958333333333332149e+00,3.935235118397638871e+04
8.979166666666666075e+00,3.738799973132202285e+04
9.000000000000000000e+00,3.985410854018973623e+04
9.020833333333332149e+00,4.119494972001871065e+04
9.041666666666666075e+00,3.613399231104772480e+04
9.062500000000000000e+00,3.544809859803684230e+04
9.083333333333332149e+00,4.110854164422366739e+04
9.104166666666666075e+00,4.184573536780933500e+04
9.125000000000000000e+00,3.305092926146883110e+04
9.145833333333332149e+00,3.753437482745323359e+04
9.166666666666666075e+00,4.503491688510789390e+04
9.187500000000000000e+00,3.897978146356031357e+04
9.208333333333332149e+00,3.224657659082859027e+04
9.229166666666666075e+00,3.879179875003037159e+04
9.250000000000000000e+00,4.504293637201923411e+04
9.270833333333332149e+00,3.627438755885732098e+04
9.291666666666666075e+00,3.342850674648201675e+04
9.312500000000000000e+00,4.182859004409084446e+04
9.333333333333332149e+00,4.163579874236539763e+04
9.354166666666666075e+00,3.514009424206816038e+04
9.375000000000000000e+00,3.750210099579831149e+04
9.395833333333332149e+00,4.238939111712847080e+04
9.416666666666666075e+00,3.921212873574879632e+04
9.437500000000000000e+00,3.772660076137442957e+04
9.458333333333332149e+00,3.882808305162265606e+04
9.479166666666666075e+00,3.906766438340788591e+04
9.500000000000000000e+00,3.871975946906207537e+04
9.520833333333332149e+00,3.988908789488220646e+04
9.541666666666666075e+00,4.035584605091297271e+04
9.562500000000000000e+00,3.549894774061331555e+04
9.583333333333332149e+00,3.940421044301372604e+04
9.604166666666666075e+00,4.185557827050337073e+04
9.625000000000000000e+00,3.758353565398197679e+04
9.645833333333332149e+00,3.511142075299789576e+04
9.666666666666666075e+00,4.130202310504775960e+04
9.687500000000000000e+00,4.047806124443146109e+04
9.708333333333332149e+00,3.546262063944275724e+04
9.729166666666666075e+00,3.935283314423612319e+04
9.750000000000000000e+00,4.184411270834166498e+04
9.770833333333332149e+00,3.635771249268548127e+04
9.791666666666666075e+00,3.545671039273722272e+04
9.812500000000000000e+00,4.333545052643174859e+04
9.833333333333332149e+00,4.039775915375907061e+04
9.854166666666666075e+00,3.223904004057742350e+04
9.875000000000000000e+00,3.775157282927008782e+04
9.895833333333332149e+00,4.504131312899207114e+04
9.916666666666666075e+00,3.708622808242261090e+04
9.937500000000000000e+00,3.224452250024073146e+04
9.958333333333332149e+00,4.137185341275883547e+04
9.979166666666666075e+00,4.387376600479448825e+04
1.000000000000000000e+01,3.543490169863178016e+04
1.002083333333333215e+01,3.446927767660349491e+04
1.004166666666666607e+01,4.183192902440049511e+04
1.006250000000000000e+01,4.171532816839520092e+04
1.008333333333333215e+01,3.436304179385666066e+04
1.010416666666666607e+01,3.731005921277145535e+04
1.012500000000000000e+01,4.135537566606714245e+04
1.014583333333333215e+01,3.864152897889454471e+04
1.016666666666666607e+01,3.794636227927937580e+04
1.018750000000000000e+01,3.917852283589001308e+04
1.020833333333333215e+01,3.849747964285927446e+04
1.022916666666666607e+01,3.891542878209114133e+04
1.025000000000000000e+01,4.141953150196120987e+04
1.027083333333333215e+01,3.906573147939838964e+04
1.029166666666666607e+01,3.603527596448083204e+04
1.031250000000000000e+01,4.000162059451164532e+04
1.033333333333333215e+01,4.188413973267495749e+04
1.035416666666666607e+01,3.670934779971540411e+04
1.037500000000000000e+01,3.520825631494796107e+04
1.039583333333333215e+01,4.185925863030397886e+04
1.041666666666666607e+01,4.038296369714813773e+04
1.043750000000000000e+01,3.545255310344436293e+04
1.045833333333333215e+01,3.844251809940169915e+04
1.047916666666666607e+01,4.185488105763196654e+04
1.050000000000000000e+01,3.665004072238240769e+04
1.052083333333333215e+01,3.656454278514654288e+04
1.054166666666666607e+01,4.180192821134941187e+04
1.056250000000000000e+01,3.941221820090780966e+04
1.058333333333333215e+01,3.543546775874323066e+04
1.060416666666666607e+01,3.936460078130457987e+04
1.062500000000000000e+01,4.156721608616830781e+04
1.064583333333333215e+01,3.555705564158203924e+04
1.066666666666666607e+01,3.601143329743803770e+04
1.068750000000000000e+01,4.184227223947844323e+04
1.070833333333333215e+01,4.020489840148774965e+04
1.072916666666666607e+01,3.545451883586612530e+04
1.075000000000000000e+01,3.887024173130800045e+04
1.077083333333333215e+01,4.184585128619809257e+04
1.079166666666666607e+01,3.556836339729891188e+04
1.081250000000000000e+01,3.769151698811061942e+04
1.083333333333333215e+01,4.253718564280336432e+04
1.085416666666666607e+01,3.900286029664961825e+04
1.087500000000000000e+01,3.520084084576916939e+04
1.089583333333333215e+01,4.010514112311420467e+04
1.091666666666666607e+01,4.129535102181749244e+04
1.093750000000000000e+01,3.576275042423972627e+04
1.095833333333333215e+01,3.934616052885207318e+04
1.097916666666666607e+01,4.200615923011209816e+04
1.100000000000000000e+01,3.686388746585728222e+04
1.102083333333333215e+01,3.426133886114105553e+04
1.104166666666666607e+01,4.378819221803824621e+04
1.106250000000000000e+01,3.988632400675604731e+04
1.108333333333333215e+01,3.226238748067778943e+04
1.110416666666666607e+01,3.786327548983641464e+04
1.112500000000000000e+01,4.505215704152316175e+04
1.114583333333333215e+01,3.844129467756523081e+04
1.116666666666666607e+01,3.224355582688704453e+04
1.118750000000000000e+01,4.082719312833256117e+04
1.120833333333333215e+01,4.384721083153754444e+04
1.122916666666666607e+01,3.542811467738151259e+04
1.125000000000000000e+01,3.474617403086762351e+04
1.127083333333333215e+01,4.183945775504304038e+04
1.129166666666666607e+01,4.109348735542473878e+04
1.131250000000000000e+01,3.447360113808198366e+04
1.133333333333333215e+01,3.846727748164509103e+04
1.135416666666666607e+01,4.009540290042201377e+04
1.137500000000000000e+01,3.864078048979227606e+04
1.139583333333333215e+01,3.811711230482684186e+04
1.141666666666666607e+01,3.931261269552540034e+04
1.143750000000000000e+01,3.866990075450540462e+04
1.145833333333333215e+01,3.894518483213539002e+04
1.147916666666666607e+01,4.160692700429995602e+04
1.150000000000000000e+01,3.656411904636862891e+04
1.152083333333333215e+01,3.543522666354956891e+04
1.154166666666666607e+01,4.189498138342057791e+04
1.156250000000000000e+01,4.184293893089781341e+04
1.158333333333333215e+01,3.331406150395400618e+04
1.160416666666666607e+01,3.645120250005271373e+04
1.162500000000000000e+01,4.502910083928824315e+04
1.164583333333333215e+01,3.955853387861937517e+04
1.166666666666666607e+01,3.223553505886661878e+04
1.168750000000000000e+01,3.866872078115623299e+04
1.170833333333333215e+01,4.363045955619243614e+04
1.172916666666666607e+01,3.583024302573561727e+04
1.175000000000000000e+01,3.456753869470833888e+04
1.177083333333333215e+01,4.024068730471927847e+04
1.179166666666666607e+01,3.868778606091388065e+04
1.181250000000000000e+01,3.500673810882205726e+04
1.183333333333333215e+01,3.929442497643260867e+04
1.185416666666666607e+01,4.219565420328624168e+04
1.187500000000000000e+01,3.531789143068696285e+04
1.189583333333333215e+01,3.753528930920824496e+04
1.191666666666666607e+01,4.179428215929866565e+04
1.193750000000000000e+01,3.900290748017527221e+04
1.195833333333333215e+01,3.503365600597235607e+04
1.197916666666666607e+01,3.902788480835320661e+04
1.200000000000000000e+01,4.171910173307687364e+04
1.202083333333333215e+01,3.523784314642040408e+04
1.204166666666666607e+01,3.708629256184822589e+04
1.206250000000000000e+01,4.182082582251069834e+04
1.208333333333333215e+01,4.029014747299880401e+04
1.210416666666666607e+01,3.614712062524169596e+04
1.212500000000000000e+01,3.791236532694315247e+04
1.214583333333333215e+01,4.183608164097305416e+04
1.216666666666666607e+01,3.847080582512058754e+04
1.218750000000000000e+01,3.545548162806680921e+04
1.220833333333333215e+01,4.094739729766250821e+04
1.222916666666666607e+01,4.073616339103691280e+04
1.225000000000000000e+01,3.543120135897279397e+04
1.227083333333333215e+01,3.702260281179739832e+04
1.229166666666666607e+01,4.183980443665087660e+04
1.231250000000000000e+01,3.844439135397994687e+04
1.233333333333333215e+01,3.544431934659704712e+04
1.235416666666666607e+01,4.101074273971210641e+04
1.237500000000000000e+01,4.086902561103581684e+04
1.239583333333333215e+01,3.694001423826145765e+04
1.241666666666666607e+01,3.717438548788114713e+04
1.243750000000000000e+01,4.013487729035264056e+04
1.245833333333333215e+01,3.982665415050390584e+04
1.247916666666666607e+01,3.863830804182234715e+04
1.250000000000000000e+01,3.687564943864405359e+04
1.252083333333333215e+01,3.844550245960753091e+04
1.254166666666666607e+01,3.838085362263866409e+04
1.256250000000000000e+01,3.865060870507124491e+04
1.258333333333333215e+01,4.139815459581605683e+04
1.260416666666666607e+01,3.700592938266072451e+04
1.262500000000000000e+01,3.541203982467893366e+04
1.264583333333333215e+01,4.117383428014246601e+04
1.266666666666666607e+01,4.181810561498910829e+04
1.268750000000000000e+01,3.581856279152181378e+04
1.270833333333333215e+01,3.587996211622755800e+04
1.272916666666666607e+01,4.477276080889470177e+04
1.275000000000000000e+01,3.972726590030883381e+04
1.277083333333333215e+01,3.224966748692526380e+04
1.279166666666666607e+01,3.885003142529453180e+04
1.281250000000000000e+01,4.411171804882186552e+04
1.283333333333333215e+01,3.566527509519295563e+04
1.285416666666666607e+01,3.332625565092096076e+04
1.287500000000000000e+01,4.183794669612457074e+04
1.289583333333333215e+01,4.261095828448074462e+04
1.291666666666666607e+01,3.543674526160610549e+04
1.293750000000000000e+01,3.641120676513754006e+04
1.295833333333333215e+01,4.180926659592321084e+04
1.297916666666666607e+01,3.877529217714638798e+04
1.300000000000000000e+01,3.645026609214931523e+04
1.302083333333333215e+01,3.863969228651579033e+04
1.304166666666666607e+01,3.881980438884119940e+04
1.306250000000000000e+01,3.864483541529399372e+04
1.308333333333333215e+01,4.020938216979750723e+04
1.310416666666666607e+01,3.972981867570000031e+04
1.312500000000000000e+01,3.544137936162435653e+04
1.314583333333333215e+01,4.073565864195855829e+04
1.316666666666666607e+01,4.184524500705456740e+04
1.318750000000000000e+01,3.526927432457285613e+04
1.320833333333333215e+01,3.563557801544781978e+04
1.322916666666666607e+01,4.261510925620896887e+04
1.325000000000000000e+01,4.069756729949581495e+04
1.327083333333333215e+01,3.368752689522268338e+04
1.329166666666666607e+01,3.822456753088549885e+04
1.331250000000000000e+01,4.258497858089196234e+04
1.333333333333333215e+01,3.901485436018079781e+04
1.335416666666666607e+01,3.576343157757061999e+04
1.337500000000000000e+01,4.165775465143564361e+04
1.339583333333333215e+01,4.022465752291107492e+04
1.341666666666666607e+01,3.547511114289177203e+04
1.343750000000000000e+01,3.835283075980837020e+04
1.345833333333333215e+01,4.140574669876469125e+04
1.347916666666666607e+01,3.750352323221338884e+04
1.350000000000000000e+01,3.593887807601484383e+04
1.352083333333333215e+01,4.183293699530819140e+04
1.354166666666666607e+01,3.963710377439504373e+04
1.356250000000000000e+01,3.504228450111433631e+04
1.358333333333333215e+01,3.945677058853844937e+04
1.360416666666666607e+01,4.185188666942129930e+04
1.362500000000000000e+01,3.531298329271479452e+04
1.364583333333333215e+01,3.652301366949745716e+04
1.366666666666666607e+01,4.414535402579788206e+04
1.368750000000000000e+01,3.953191501592744316e+04
1.370833333333333215e+01,3.224050822534081453e+04
1.372916666666666607e+01,3.874230301133532339e+04
1.375000000000000000e+01,4.503609183519970247e+04
1.377083333333333215e+01,3.660342350903055922e+04
1.379166666666666607e+01,3.311680114465847873e+04
1.381250000000000000e+01,4.182054468356224243e+04
1.383333333333333215e+01,4.298802978580622585e+04
1.385416666666666607e+01,3.468103106595413556e+04
1.387500000000000000e+01,3.603943807316958555e+04
1.389583333333333215e+01,4.184259873670333036e+04
1.391666666666666607e+01,4.027349519915046403e+04
1.393750000000000000e+01,3.545755380098808382e+04
1.395833333333333215e+01,3.880657510397170699e+04
1.397916666666666607e+01,4.020762895640759234e+04
1.400000000000000000e+01,3.862652384047969099e+04
1.402083333333333215e+01,3.790353083721412258e+04
1.404166666666666607e+01,3.863538165526836383e+04
1.406250000000000000e+01,3.989653775089771807e+04
1.408333333333333215e+01,3.984392831394579844e+04
1.410416666666666607e+01,4.339975421000576898e+04
1.412500000000000000e+01,3.735181022144782764e+04
1.414583333333333215e+01,3.690154560460083303e+04
1.416666666666666607e+01,3.956966565723572421e+04
1.418750000000000000e+01,4.172280733512552979e+04
1.420833333333333215e+01,3.700142643670598773e+04
1.422916666666666607e+01,3.550994855632195686e+04
1.425000000000000000e+01,4.011983842990974517e+04
1.427083333333333215e+01,4.181551759067721287e+04
1.429166666666666607e+01,3.544711419069969998e+04
1.431250000000000000e+01,3.764370957695116522e+04
1.433333333333333215e+01,4.183972101387180010e+04
1.435416666666666607e+01,3.870142556679354311e+04
1.437500000000000000e+01,3.488676546177262935e+04
1.439583333333333215e+01,3.998362290157432290e+04
1.441666666666666607e+01,4.066985889818722353e+04
1.443750000000000000e+01,3.585317910350558668e+04
1.445833333333333215e+01,3.848633945317183679e+04
1.447916666666666607e+01,4.185902350445990305e+04
1.450000000000000000e+01,3.722343978982721455e+04
1.452083333333333215e+01,3.666530587334671145e+04
1.454166666666666607e+01,4.184305916130003607e+04
1.456250000000000000e+01,3.959789971496771614e+04
1.458333333333333215e+01,3.543764054279751872e+04
1.460416666666666607e+01,3.963637409057361947e+04
1.462500000000000000e+01,4.184586680500088551e+04
1.464583333333333215e+01,3.630815061749803863e+04
1.466666666666666607e+01,3.688845888418770483e+04
1.468750000000000000e+01,4.183485373455253284e+04
1.470833333333333215e+01,3.914684912510382856e+04
1.472916666666666607e+01,3.543192449050032883e+04
1.475000000000000000e+01,3.980701090901219141e+04
1.477083333333333215e+01,4.119202784010311007e+04
1.479166666666666607e+01,3.542401844937213900e+04
1.481250000000000000e+01,3.706653620953665086e+04
1.483333333333333215e+01,4.161383562938932300e+04
1.485416666666666607e+01,3.860019525218766648e+04
1.487500000000000000e+01,3.341462877296643273e+04
1.489583333333333215e+01,4.049242881443773513e+04
1.491666666666666607e+01,4.354608854845827591e+04
1.493750000000000000e+01,3.542805321743701643e+04
1.495833333333333215e+01,3.449278048713101452e+04
1.497916666666666607e+01,4.197388103829516331e+04
1.500000000000000000e+01,4.232556313277388108e+04
1.502083333333333215e+01,3.616126789439472486e+04
1.504166666666666607e+01,3.669246551157128124e+04
1.506250000000000000e+01,4.185830536230224970e+04
1.508333333333333215e+01,3.942981312818670995e+04
1.510416666666666607e+01,3.657700893458266364e+04
1.512500000000000000e+01,3.864414308000219899e+04
1.514583333333333215e+01,3.948752995422419190e+04
1.516666666666666607e+01,3.863346892348295660e+04
1.518750000000000000e+01,3.895734988914907444e+04
1.520833333333333215e+01,3.864870631668704300e+04
1.522916666666666607e+01,3.711712483267436619e+04
1.525000000000000000e+01,4.004039257274965348e+04
1.527083333333333215e+01,4.131317227692354209e+04
1.529166666666666607e+01,3.621020176379250188e+04
1.531250000000000000e+01,3.544757564898549026e+04
1.533333333333333215e+01,4.270452615674845583e+04
1.535416666666666607e+01,4.159183185574187519e+04
1.537500000000000000e+01,3.233654518084369556e+04
1.539583333333333215e+01,3.740652163171066786e+04
1.541666666666666607e+01,4.468947657966132101e+04
1.543750000000000000e+01,3.888907110730235581e+04
1.545833333333333215e+01,3.224101829733761406e+04
1.547916666666666607e+01,4.000727576122909522e+04
1.550000000000000000e+01,4.288624642183990363e+04
1.552083333333333215e+01,3.471685094456998195e+04
1.554166666666666607e+01,3.674106422770609788e+04
1.556250000000000000e+01,4.185259990362651297e+04
1.558333333333333215e+01,3.771119593538453773e+04
1.560416666666666607e+01,3.712787995530230546e+04
1.562500000000000000e+01,4.005047136599429359e+04
1.564583333333333215e+01,3.871475544460812671e+04
1.566666666666666607e+01,3.474702750878897496e+04
1.568750000000000000e+01,3.812280807220302086e+04
1.570833333333333215e+01,4.156796474050125835e+04
1.572916666666666607e+01,3.705780604082536593e+04
1.575000000000000000e+01,3.593335160369840742e+04
1.577083333333333215e+01,4.057792375309269119e+04
1.579166666666666607e+01,3.973017036598205596e+04
1.581250000000000000e+01,3.689719594529402093e+04
1.583333333333333215e+01,3.837438581626644736e+04
1.585416666666666607e+01,4.046280324203444616e+04
1.587500000000000000e+01,3.744759997800156270e+04
1.589583333333333215e+01,3.836044091167388979e+04
1.591666666666666607e+01,4.182746959934731422e+04
1.593750000000000000e+01,3.645371433587419597e+04
1.595833333333333215e+01,3.543052685396869492e+04
1.597916666666666607e+01,4.127564683212994714e+04
1.600000000000000000e+01,4.183418996968368447e+04
1.602083333333333215e+01,3.408043794532004540e+04
1.604166666666666430e+01,3.722614053636090102e+04
1.606250000000000000e+01,4.503526061011025013e+04
1.608333333333333215e+01,3.819296510397220118e+04
1.610416666666666430e+01,3.223993005901928336e+04
1.612500000000000000e+01,4.006668844391075982e+04
1.614583333333333215e+01,4.462207695897477970e+04
1.616666666666666430e+01,3.410720031943517824e+04
1.618750000000000000e+01,3.304946988749068259e+04
1.620833333333333215e+01,4.503586880997181288e+04
1.622916666666666430e+01,4.260707739958277671e+04
1.625000000000000000e+01,3.223877557051959957e+04
1.627083333333333215e+01,3.553184865291986353e+04
1.629166666666666430e+01,4.504201216986314103e+04
1.631250000000000000e+01,3.906065962208759447e+04
1.633333333333333215e+01,3.325925097916713275e+04
1.635416666666666430e+01,3.862198844781440130e+04
1.637500000000000000e+01,4.275456757829088747e+04
1.639583333333333215e+01,4.046774872532652080e+04
1.641666666666666430e+01,3.650103270533444447e+04
1.643750000000000000e+01,3.936143209781544283e+04
1.645833333333333215e+01,4.040685709585696168e+04
1.647916666666666430e+01,3.966627833090486092e+04
1.650000000000000000e+01,3.896078172062791418e+04
1.652083333333333215e+01,3.768548979900329869e+04
1.654166666666666430e+01,3.871458268940456037e+04
1.656250000000000000e+01,4.049497533817848307e+04
1.658333333333333215e+01,3.868585513242247544e+04
1.660416666666666430e+01,3.683443662422733905e+04
1.662500000000000000e+01,3.974598436273297557e+04
1.664583333333333215e+01,4.086990002592618112e+04
1.666666666666666430e+01,3.637720499535601266e+04
1.668750000000000000e+01,3.631228875116458948e+04
1.670833333333333215e+01,4.171848975708241051e+04
1.672916666666666430e+01,4.184646139539395517e+04
1.675000000000000000e+01,3.389339856642114319e+04
1.677083333333333215e+01,3.600221722953414428e+04
1.679166666666666430e+01,4.421936461245186365e+04
1.681250000000000000e+01,3.966331976974668214e+04
1.683333333333333215e+01,3.223378822909965311e+04
1.685416666666666430e+01,3.861563997843033576e+04
1.687500000000000000e+01,4.504576469936208741e+04
1.689583333333333215e+01,3.559203170367124403e+04
1.691666666666666430e+01,3.316986592593488604e+04
1.693750000000000000e+01,4.198278863990538957e+04
1.695833333333333215e+01,4.261281069579171162e+04
1.697916666666666430e+01,3.544223366331109719e+04
1.700000000000000000e+01,3.578185850107380975e+04
1.702083333333333215e+01,4.184391278939229232e+04
1.704166666666666430e+01,3.932038940724618442e+04
1.706250000000000000e+01,3.669663043094965542e+04
1.708333333333333215e+01,3.925255220613714482e+04
1.710416666666666430e+01,3.950512383736400079e+04
1.712500000000000000e+01,3.863476415359201928e+04
1.714583333333333215e+01,3.887445016761117586e+04
1.716666666666666430e+01,4.025570893773707212e+04
1.718750000000000000e+01,3.456355036150795786e+04
1.720833333333333215e+01,3.600512437738967856e+04
1.722916666666666430e+01,4.174935375109567394e+04
1.725000000000000000e+01,3.924354541344555037e+04
1.727083333333333215e+01,3.530218773110985785e+04
1.729166666666666430e+01,3.893841020218523772e+04
1.731250000000000000e+01,4.178736704775047838e+04
1.733333333333333215e+01,3.593893079708732694e+04
1.735416666666666430e+01,3.691922676327759109e+04
1.737500000000000000e+01,4.184005916226394038e+04
1.739583333333333215e+01,3.844622361701041518e+04
1.741666666666666430e+01,3.546496411705748324e+04
1.743750000000000000e+01,4.026828379889194184e+04
1.745833333333333215e+01,4.185928732088075776e+04
1.747916666666666430e+01,3.431251740260786028e+04
1.750000000000000000e+01,3.626167623370941874e+04
1.752083333333333215e+01,4.504062144307633571e+04
1.754166666666666430e+01,3.951962702685406839e+04
1.756250000000000000e+01,3.223585047996198045e+04
1.758333333333333215e+01,3.883611196050124272e+04
1.760416666666666430e+01,4.456337449885420938e+04
1.762500000000000000e+01,3.632602476116884645e+04
1.764583333333333215e+01,3.354329468462811201e+04
1.766666666666666430e+01,4.183429680013243342e+04
1.768750000000000000e+01,4.111098623555713129e+04
1.770833333333333215e+01,3.545124152664319263e+04
1.772916666666666430e+01,3.640387404153378156e+04
1.775000000000000000e+01,4.156567589810195932e+04
1.777083333333333215e+01,3.878855017113376380e+04
1.779166666666666430e+01,3.866373162401829904e+04
1.781250000000000000e+01,3.864298970304900286e+04
1.783333333333333215e+01,3.921130751533884904e+04
1.785416666666666430e+01,3.864460047242527799e+04
1.787500000000000000e+01,4.035064786815477419e+04
1.789583333333333215e+01,3.778005613476912549e+04
1.791666666666666430e+01,3.544780144799829577e+04
1.793750000000000000e+01,4.103806036018126179e+04
1.795833333333333215e+01,4.182912300152701937e+04
1.797916666666666430e+01,3.592153239693721116e+04
1.800000000000000000e+01,3.544804419805778889e+04
1.802083333333333215e+01,4.313018016740551684e+04
1.804166666666666430e+01,4.041079035824065068e+04
1.806250000000000000e+01,3.314349477252471115e+04
1.808333333333333215e+01,3.784164941356337658e+04
1.810416666666666430e+01,4.441658717044057266e+04
1.812500000000000000e+01,3.825585982042842079e+04
1.814583333333333215e+01,3.224582243845372068e+04
1.816666666666666430e+01,4.116930739571845334e+04
1.818750000000000000e+01,4.347834257895243354e+04
1.820833333333333215e+01,3.399575788006267248e+04
1.822916666666666430e+01,3.461980565457816556e+04
1.825000000000000000e+01,4.336039494500291767e+04
1.827083333333333215e+01,4.132623914464209520e+04
1.829166666666666430e+01,3.250883829236699967e+04
1.831250000000000000e+01,3.849292036277730949e+04
1.833333333333333215e+01,4.359071562754895422e+04
1.835416666666666430e+01,3.863228246863758250e+04
1.837500000000000000e+01,3.590787139516390016e+04
1.839583333333333215e+01,3.947769570551173092e+04
1.841666666666666430e+01,4.019872229119748954e+04
1.843750000000000000e+01,3.901920258535511675e+04
1.845833333333333215e+01,4.111771782051295304e+04
1.847916666666666430e+01,3.754851897652876505e+04
1.850000000000000000e+01,3.552787581137489906e+04
1.852083333333333215e+01,4.099069145167949318e+04
1.854166666666666430e+01,4.188433347773783316e+04
1.856250000000000000e+01,3.791160654299935413e+04
1.858333333333333215e+01,3.583711021312681987e+04
1.860416666666666430e+01,4.104794082448255358e+04
1.862500000000000000e+01,3.995986008870395744e+04
1.864583333333333215e+01,3.544829570600621810e+04
1.866666666666666430e+01,3.968339896157206385e+04
1.868750000000000000e+01,4.196096830480676726e+04
1.870833333333333215e+01,3.543821438058489002e+04
1.872916666666666430e+01,3.796640066760566697e+04
1.875000000000000000e+01,4.186151583739164198e+04
1.877083333333333215e+01,3.918666621720726107e+04
1.879166666666666430e+01,3.545914520199167600e+04
1.881250000000000000e+01,3.852970137774953764e+04
1.883333333333333215e+01,4.174553664381345152e+04
1.885416666666666430e+01,3.543000226552844833e+04
1.887500000000000000e+01,3.751609361456973420e+04
1.889583333333333215e+01,4.250723125203281961e+04
1.891666666666666430e+01,3.902091916401836352e+04
1.893750000000000000e+01,3.584488186416801182e+04
1.895833333333333215e+01,3.993829532171423489e+04
1.897916666666666430e+01,4.139962815159413731e+04
1.900000000000000000e+01,3.438397720665951056e+04
1.902083333333333215e+01,3.765715021008261101e+04
1.904166666666666430e+01,4.183561116659529216e+04
1.906250000000000000e+01,3.865539735478138755e+04
1.908333333333333215e+01,3.547991903176309279e+04
1.910416666666666430e+01,4.166217841498523194e+04
1.912500000000000000e+01,4.103802070171446394e+04
1.914583333333333215e+01,3.438733906453094824e+04
1.916666666666666430e+01,3.751657519084518572e+04
1.918750000000000000e+01,4.134474406233258196e+04
1.920833333333333215e+01,3.923337886834000528e+04
1.922916666666666430e+01,3.544456687482696725e+04
1.925000000000000000e+01,3.942418071832569694e+04
1.927083333333333215e+01,4.185136380624735466e+04
1.929166666666666430e+01,3.578717554860386008e+04
1.931250000000000000e+01,3.811917696740434621e+04
1.933333333333333215e+01,4.184355136174349900e+04
1.935416666666666430e+01,3.907525508009748592e+04
1.937500000000000000e+01,3.524476764139575243e+04
1.939583333333333215e+01,3.822104655471289152e+04
1.941666666666666430e+01,4.160274130933817651e+04
1.943750000000000000e+01,3.715003969897380739e+04
1.945833333333333215e+01,3.752009308911669359e+04
1.947916666666666430e+01,4.045497119167113851e+04
1.950000000000000000e+01,3.855864809548139601e+04
1.952083333333333215e+01,3.802616520354464592e+04
1.954166666666666430e+01,4.073334121763261646e+04
1.956250000000000000e+01,3.796715282597284386e+04
1.958333333333333215e+01,3.543185406020445225e+04
1.960416666666666430e+01,4.083523744694099150e+04
1.962500000000000000e+01,4.184213489519969880e+04
1.964583333333333215e+01,3.597872318160504801e+04
1.966666666666666430e+01,3.598769469977761764e+04
1.968750000000000000e+01,4.386362833847408183e+04
1.970833333333333215e+01,4.062781303793027473e+04
1.972916666666666430e+01,3.224126562770991222e+04
1.975000000000000000e+01,3.830442462264272035e+04
1.977083333333333215e+01,4.436050612051639473e+04
1.979166666666666430e+01,3.707508145438208885e+04
1.981250000000000000e+01,3.277552137962890993e+04
1.983333333333333215e+01,4.182870001236075768e+04
1.985416666666666430e+01,4.269758727220637957e+04
1.987500000000000000e+01,3.459750675623118877e+04
1.989583333333333215e+01,3.504093974841922318e+04
1.991666666666666430e+01,4.151524547148145939e+04
1.993750000000000000e+01,3.825451526021708560e+04
1.995833333333333215e+01,3.661582828400823200e+04
1.997916666666666430e+01,3.855710572643213527e+04
2.000000000000000000e+01,3.895860840069501137e+04
2.002083333333333215e+01,3.861495467863435624e+04
2.004166666666666430e+01,3.997358487076175516e+04
2.006250000000000000e+01,3.970421193548313749e+04
2.008333333333333215e+01,3.595917217392595921e+04
2.010416666666666430e+01,4.038488688725433167e+04
2.012500000000000000e+01,4.184060382020056568e+04
2.014583333333333215e+01,3.542370459721494262e+04
2.016666666666666430e+01,3.544095580588847952e+04
2.018750000000000000e+01,4.368942600795122416e+04
2.020833333333333215e+01,4.087783424390588334e+04
2.022916666666666430e+01,3.222555201787650731e+04
2.025000000000000000e+01,3.728570623791264370e+04
2.027083333333333215e+01,4.452994823664575961e+04
2.029166666666666430e+01,3.814221075004757586e+04
2.031250000000000000e+01,3.223993298116249935e+04
2.033333333333333215e+01,4.132708784203254618e+04
2.035416666666666430e+01,4.359991290722644044e+04
2.037500000000000000e+01,3.502027747655069106e+04
2.039583333333333215e+01,3.474831624077521701e+04
2.041666666666666430e+01,4.183264237177508767e+04
2.043750000000000000e+01,4.154031458219266642e+04
2.045833333333333215e+01,3.488319903651712957e+04
2.047916666666666430e+01,3.904898352324481675e+04
2.050000000000000000e+01,4.054126625337571022e+04
2.052083333333333215e+01,3.794545398572523118e+04
2.054166666666666430e+01,3.799223162064739881e+04
2.056250000000000000e+01,3.864332228120465152e+04
2.058333333333333215e+01,3.796236055658927216e+04
2.060416666666666430e+01,3.871206744250225893e+04
2.062500000000000000e+01,4.163318225052182243e+04
2.064583333333333215e+01,3.789747045859933860e+04
2.066666666666666430e+01,3.852488848183472146e+04
2.068750000000000000e+01,4.033633978050795122e+04
2.070833333333333215e+01,3.875864144769468112e+04
2.072916666666666430e+01,3.482044199149221095e+04
2.075000000000000000e+01,3.868320675843161007e+04
2.077083333333333215e+01,4.461678520749228483e+04
2.079166666666666430e+01,3.695618944562543766e+04
2.081250000000000000e+01,3.224307595431603841e+04
2.083333333333333215e+01,4.105251906065219373e+04
2.085416666666666430e+01,4.503483313988516602e+04
2.087500000000000000e+01,3.472821593772705819e+04
2.089583333333333215e+01,3.223828205734190851e+04
2.091666666666666430e+01,4.462729278240356507e+04
2.093750000000000000e+01,4.166861759381490992e+04
2.095833333333333215e+01,3.223749761187816694e+04
2.097916666666666430e+01,3.700273889454869641e+04
2.100000000000000000e+01,4.500835694928529847e+04
2.102083333333333215e+01,3.672050242212936428e+04
2.104166666666666430e+01,3.224708933639467432e+04
2.106250000000000000e+01,4.254586119999913353e+04
2.108333333333333215e+01,4.386350948240816069e+04
2.110416666666666430e+01,3.223674611632213782e+04
2.112500000000000000e+01,3.506801293550260743e+04
2.114583333333333215e+01,4.504703608070939663e+04
2.116666666666666430e+01,4.119567669086333626e+04
2.118750000000000000e+01,3.224118466872183490e+04
2.120833333333333215e+01,3.739497622094456165e+04
2.122916666666666430e+01,4.386395023474668415e+04
2.125000000000000000e+01,3.783662568360744626e+04
2.127083333333333215e+01,3.473496124909462378e+04
2.129166666666666430e+01,3.880074026496591978e+04
2.131250000000000000e+01,4.097861122496653115e+04
2.133333333333333215e+01,3.872488122689437296e+04
2.135416666666666430e+01,3.891789427953780978e+04
2.137500000000000000e+01,3.844844355012389133e+04
2.139583333333333215e+01,3.864121681269575492e+04
2.141666666666666430e+01,4.099508908852887544e+04
2.143750000000000000e+01,3.753741733935150114e+04
2.145833333333333215e+01,3.368881311443824961e+04
2.147916666666666430e+01,3.521141895096478402e+04
2.150000000000000000e+01,4.479769324439371121e+04
2.152083333333333215e+01,3.952595994639580022e+04
2.154166666666666430e+01,3.328666644814774918e+04
2.156250000000000000e+01,3.900204598358438670e+04
2.158333333333333215e+01,4.408269208744921343e+04
2.160416666666666430e+01,3.579053347433472663e+04
2.162500000000000000e+01,3.434582751628478582e+04
2.164583333333333215e+01,4.184465650189077132e+04
2.166666666666666430e+01,4.229607045647139603e+04
2.168750000000000000e+01,3.544029779432624491e+04
2.170833333333333215e+01,3.657893885826349288e+04
2.172916666666666430e+01,4.283634588126587914e+04
2.175000000000000000e+01,3.895624631272627448e+04
2.177083333333333215e+01,3.622094791400749091e+04
2.179166666666666430e+01,3.866319999547264888e+04
2.181250000000000000e+01,4.044570722719676269e+04
2.183333333333333215e+01,3.863288070653408067e+04
2.185416666666666430e+01,3.793947431414762832e+04
2.187500000000000000e+01,3.865624560443896917e+04
2.189583333333333215e+01,3.986197217470149189e+04
2.191666666666666430e+01,3.863959957652427693e+04
2.193750000000000000e+01,3.820177762115112273e+04
2.195833333333333215e+01,3.865482648345671623e+04
2.197916666666666430e+01,3.754848424416912894e+04
2.200000000000000000e+01,3.904071970646323462e+04
2.202083333333333215e+01,4.155486617934987589e+04
2.204166666666666430e+01,3.644132783836436283e+04
2.206250000000000000e+01,3.543458695456131682e+04
2.208333333333333215e+01,4.166847068315179058e+04
2.210416666666666430e+01,4.184589051771135564e+04
2.212500000000000000e+01,3.541027572546512238e+04
2.214583333333333215e+01,3.561362929140029155e+04
2.216666666666666430e+01,4.035650977276724007e+04
2.218750000000000000e+01,3.982848066787490097e+04
2.220833333333333215e+01,3.582495562093429908e+04
2.222916666666666430e+01,3.767371359954366926e+04
2.225000000000000000e+01,4.179940762082395668e+04
2.227083333333333215e+01,3.767796366430867783e+04
2.229166666666666430e+01,3.544225869397211500e+04
2.231250000000000000e+01,3.910039476120381005e+04
2.233333333333333215e+01,4.184585066230779921e+04
2.235416666666666430e+01,3.661166228758226498e+04
2.237500000000000000e+01,3.686245776863662468e+04
2.239583333333333215e+01,4.183857020154123165e+04
2.241666666666666430e+01,3.950905216418137570e+04
2.243750000000000000e+01,3.544241265788999590e+04
2.245833333333333215e+01,4.028338969618888950e+04
2.247916666666666430e+01,4.184362685190763295e+04
2.250000000000000000e+01,3.551976096450987097e+04
2.252083333333333215e+01,3.697216767891743075e+04
2.254166666666666430e+01,4.183651474774427334e+04
2.256250000000000000e+01,3.951101183082117495e+04
2.258333333333333215e+01,3.596351623895888042e+04
2.260416666666666430e+01,3.891349247459837352e+04
2.262500000000000000e+01,4.183550610663051339e+04
2.264583333333333215e+01,3.664951007531525829e+04
2.266666666666666430e+01,3.541004168192961515e+04
2.268750000000000000e+01,4.183286578554379230e+04
2.270833333333333215e+01,4.046331892215614789e+04
2.272916666666666430e+01,3.544494962725639198e+04
2.275000000000000000e+01,3.909515312152103434e+04
2.277083333333333215e+01,4.184492763383198326e+04
2.279166666666666430e+01,3.630235802648848767e+04
2.281250000000000000e+01,3.684894319559649011e+04
2.283333333333333215e+01,4.203770884556527017e+04
2.285416666666666430e+01,3.938318963687618816e+04
2.287500000000000000e+01,3.453533348965366895e+04
2.289583333333333215e+01,3.943362909903842228e+04
2.291666666666666430e+01,4.186586496121472737e+04
2.293750000000000000e+01,3.593965644441476616e+04
2.295833333333333215e+01,3.853052721160739748e+04
2.297916666666666430e+01,4.183971319263899932e+04
2.300000000000000000e+01,3.768203456241571257e+04
2.302083333333333215e+01,3.545079924612443574e+04
2.304166666666666430e+01,4.197857208909295878e+04
2.306250000000000000e+01,4.106058659929007990e+04
2.308333333333333215e+01,3.286133618937716528e+04
2.310416666666666430e+01,3.665869037573827518e+04
2.312500000000000000e+01,4.413384089757245238e+04
2.314583333333333215e+01,3.960503020840824320e+04
2.316666666666666430e+01,3.223652786826944794e+04
2.318750000000000000e+01,3.872842714125850034e+04
2.320833333333333215e+01,4.504596535934710846e+04
2.322916666666666430e+01,3.652810404457723780e+04
2.325000000000000000e+01,3.328627271539934736e+04
2.327083333333333215e+01,4.183484239905363211e+04
2.329166666666666430e+01,4.266811551746496843e+04
2.331250000000000000e+01,3.562338017706570099e+04
2.333333333333333215e+01,3.678543522510299954e+04
2.335416666666666430e+01,4.184975514840583492e+04
2.337500000000000000e+01,3.892464479438224953e+04
2.339583333333333215e+01,3.547948415119477431e+04
2.341666666666666430e+01,4.031115540735857940e+04
2.343750000000000000e+01,3.961057498148424202e+04
2.345833333333333215e+01,3.650631078917418927e+04
2.347916666666666430e+01,3.883631363614987640e+04
2.350000000000000000e+01,4.184141078289454890e+04
2.352083333333333215e+01,3.658550955192981201e+04
2.354166666666666430e+01,3.661517638598138001e+04
2.356250000000000000e+01,4.183091136483192531e+04
2.358333333333333215e+01,3.940277060986537981e+04
2.360416666666666430e+01,3.542359754483038705e+04
2.362500000000000000e+01,3.917943473349393753e+04
2.364583333333333215e+01,4.679221843454605551e+04
2.366666666666666430e+01,3.877135359242865525e+04
2.368750000000000000e+01,3.855950753355812776e+04
2.370833333333333215e+01,4.308942528499732725e+04
2.372916666666666430e+01,4.037113378199382714e+04
2.375000000000000000e+01,3.593991710737263202e+04
2.377083333333333215e+01,3.966175061865006137e+04
2.379166666666666430e+01,4.205852235129086330e+04
2.381250000000000000e+01,3.495226251822082850e+04
2.383333333333333215e+01,3.688017968895507511e+04
2.385416666666666430e+01,4.510859879653262760e+04
2.387500000000000000e+01,3.818085571776293364e+04
2.389583333333333215e+01,3.227739012027677745e+04
2.391666666666666430e+01,3.963137231914686708e+04
2.393750000000000000e+01,4.506239885183139995e+04
2.395833333333333215e+01,3.573120335803850321e+04
2.397916666666666430e+01,3.393766160191953531e+04
2.400000000000000000e+01,4.184287905626835709e+04
2.402083333333333215e+01,4.228050445479029440e+04
2.404166666666666430e+01,3.453817776873685216e+04
2.406250000000000000e+01,3.637668879180379008e+04
2.408333333333333215e+01,4.153009206702844676e+04
2.410416666666666430e+01,3.877674929847435851e+04
2.412500000000000000e+01,3.745075382162298047e+04
2.414583333333333215e+01,3.897413830337463150e+04
2.416666666666666430e+01,3.897963451475704642e+04
2.418750000000000000e+01,3.864860372245903272e+04
2.420833333333333215e+01,4.025718904549744184e+04
2.422916666666666430e+01,3.895044514206951862e+04
2.425000000000000000e+01,3.635778238986853103e+04
2.427083333333333215e+01,4.048213992239975778e+04
2.429166666666666430e+01,4.185481261166994227e+04
2.431250000000000000e+01,3.188131146507943413e+04
2.433333333333333215e+01,3.058095909116999610e+04
2.435416666666666430e+01,4.354962284925603308e+04
2.437500000000000000e+01,4.104708496929076500e+04
2.439583333333333215e+01,3.244460438475864066e+04
2.441666666666666430e+01,3.735204232070818398e+04
2.443750000000000000e+01,4.491519625660968450e+04
2.445833333333333215e+01,3.688213007627241313e+04
2.447916666666666430e+01,3.376994799385955412e+04
2.450000000000000000e+01,4.181348470499077666e+04
2.452083333333333215e+01,4.266471807853577047e+04
2.454166666666666430e+01,3.542819654392282246e+04
2.456250000000000000e+01,3.549600764568372688e+04
2.458333333333333215e+01,4.184524461944028008e+04
2.460416666666666430e+01,4.004683558393629210e+04
2.462500000000000000e+01,3.509640064099385199e+04
2.464583333333333215e+01,3.863305061191275308e+04
2.466666666666666430e+01,4.041061529691979376e+04
2.468750000000000000e+01,3.863867684919591557e+04
2.470833333333333215e+01,3.790908535235592717e+04
2.472916666666666430e+01,3.863974540607038944e+04
2.475000000000000000e+01,3.823667749246401218e+04
2.477083333333333215e+01,3.863837593898871273e+04
2.479166666666666430e+01,4.106380267673718481e+04
2.481250000000000000e+01,3.870857279273253516e+04
2.483333333333333215e+01,3.643750233478244627e+04
2.485416666666666430e+01,4.028508044405910914e+04
2.487500000000000000e+01,4.150392398468382453e+04
2.489583333333333215e+01,3.522371645459153660e+04
2.491666666666666430e+01,3.545371842580481461e+04
2.493750000000000000e+01,3.867159379117441858e+04
2.495833333333333215e+01,4.092760510741698090e+04
2.497916666666666430e+01,3.864397321278737945e+04
2.500000000000000000e+01,3.953477722698538128e+04
2.502083333333333215e+01,3.865023930012615892e+04
2.504166666666666430e+01,3.832917175492388924e+04
2.506250000000000000e+01,3.824895153319097881e+04
2.508333333333333215e+01,4.106810765209249803e+04
2.510416666666666430e+01,3.707102520927919250e+04
2.512500000000000000e+01,3.734185486602399033e+04
2.514583333333333215e+01,4.154677214605487097e+04
2.516666666666666430e+01,3.917663578208466060e+04
2.518750000000000000e+01,3.630610419418702077e+04
2.520833333333333215e+01,3.942135280376684386e+04
2.522916666666666430e+01,4.218625125505897449e+04
2.525000000000000000e+01,3.678957101719170896e+04
2.527083333333333215e+01,3.546883612146321684e+04
2.529166666666666430e+01,4.237285814355014008e+04
2.531250000000000000e+01,4.167318754099867510e+04
2.533333333333333215e+01,3.262461040467285056e+04
2.535416666666666430e+01,3.671788230357153225e+04
2.537500000000000000e+01,4.401415071310735220e+04
2.539583333333333215e+01,3.799252099633195758e+04
2.541666666666666430e+01,3.225456471443140981e+04
2.543750000000000000e+01,4.001821841962452163e+04
2.545833333333333215e+01,4.487452292890170793e+04
2.547916666666666430e+01,3.544595609200694162e+04
2.550000000000000000e+01,3.424534980240862205e+04
2.552083333333333215e+01,4.182508521093766467e+04
2.554166666666666430e+01,4.206393542285009607e+04
2.556250000000000000e+01,3.098632282250724893e+04
2.558333333333333215e+01,3.547901239063000685e+04
2.560416666666666430e+01,4.126404995234600938e+04
2.562500000000000000e+01,3.891375408871727268e+04
2.564583333333333215e+01,3.911350733646122535e+04
2.566666666666666430e+01,4.052025742058242031e+04
2.568750000000000000e+01,3.754692035032717104e+04
2.570833333333333215e+01,3.864286197365281259e+04
2.572916666666666430e+01,4.086825658606855723e+04
2.575000000000000000e+01,3.762794950099042762e+04
2.577083333333333215e+01,3.544241212582718435e+04
2.579166666666666430e+01,4.157253252666046319e+04
2.581250000000000000e+01,4.184797348122341646e+04
2.583333333333333215e+01,3.388128382088495709e+04
2.585416666666666430e+01,3.759079263783313218e+04
2.587500000000000000e+01,4.504262836213609262e+04
2.589583333333333215e+01,3.751053993925645045e+04
2.591666666666666430e+01,3.227709058151692807e+04
2.593750000000000000e+01,4.207104509586081258e+04
2.595833333333333215e+01,4.408634659802132228e+04
2.597916666666666430e+01,3.288242733468508959e+04
2.600000000000000000e+01,3.363879959339514608e+04
2.602083333333333215e+01,4.503716665857985208e+04
2.604166666666666430e+01,4.211323547421534749e+04
2.606250000000000000e+01,3.224664917690584844e+04
2.608333333333333215e+01,3.608546228416780650e+04
2.610416666666666430e+01,4.437828407443933975e+04
2.612500000000000000e+01,3.777558371016347519e+04
2.614583333333333215e+01,3.554713212942054815e+04
2.616666666666666430e+01,4.369622024415210035e+04
2.618750000000000000e+01,4.185369195342806051e+04
2.620833333333333215e+01,3.457016080932125624e+04
2.622916666666666430e+01,3.781084516558665928e+04
2.625000000000000000e+01,4.140709391995191254e+04
2.627083333333333215e+01,3.872513193314825185e+04
2.629166666666666430e+01,3.810725812439918082e+04
2.631250000000000000e+01,3.866830160741585132e+04
2.633333333333333215e+01,3.783081812761769106e+04
2.635416666666666430e+01,3.885942547286722402e+04
2.637500000000000000e+01,4.165230792443474638e+04
2.639583333333333215e+01,3.673945826965267042e+04
2.641666666666666430e+01,3.591303801663807826e+04
2.643750000000000000e+01,4.144437447091595823e+04
2.645833333333333215e+01,4.183981341364347463e+04
2.647916666666666430e+01,3.445085849491606496e+04
2.650000000000000000e+01,3.610951556928909122e+04
2.652083333333333215e+01,4.502469019479416602e+04
2.654166666666666430e+01,3.934264233168667852e+04
2.656250000000000000e+01,3.224407863245495537e+04
2.658333333333333215e+01,3.929862329184671398e+04
2.660416666666666430e+01,4.500285396723212762e+04
2.662500000000000000e+01,3.548038293284198153e+04
2.664583333333333215e+01,3.412740590510137554e+04
2.666666666666666430e+01,4.183957005850831047e+04
2.668750000000000000e+01,4.239912071847577317e+04
2.670833333333333215e+01,3.544061373713061039e+04
2.672916666666666430e+01,3.618447516205262946e+04
2.675000000000000000e+01,4.167906737635691388e+04
2.677083333333333215e+01,3.815991551539500506e+04
2.679166666666666430e+01,3.727598789843174745e+04
2.681250000000000000e+01,3.863496754632104421e+04
2.683333333333333215e+01,3.865345003523401101e+04
2.685416666666666430e+01,3.864617351431132556e+04
2.687500000000000000e+01,4.048156125789365615e+04
2.689583333333333215e+01,3.733693887690233532e+04
2.691666666666666430e+01,3.559893314754276071e+04
2.693750000000000000e+01,4.063654366024269257e+04
2.695833333333333215e+01,4.173840584549480263e+04
2.697916666666666430e+01,3.536273030650603323e+04
2.700000000000000000e+01,3.586083455482590944e+04
2.702083333333333215e+01,4.197916607367537654e+04
2.704166666666666430e+01,4.097007516635900538e+04
2.706250000000000000e+01,3.415236205253592198e+04
2.708333333333333215e+01,3.786306265701993107e+04
2.710416666666666430e+01,4.183872119027846929e+04
2.712500000000000000e+01,3.842358905308115936e+04
2.714583333333333215e+01,3.545055173266359634e+04
2.716666666666666430e+01,4.207530008535334491e+04
2.718750000000000000e+01,4.055417815273587621e+04
2.720833333333333215e+01,3.493829896165200626e+04
2.722916666666666430e+01,3.800379831007066241e+04
2.725000000000000000e+01,4.185065172110978165e+04
2.727083333333333215e+01,3.820556820729689207e+04
2.729166666666666430e+01,3.504014059271031147e+04
2.731250000000000000e+01,4.137458391483972082e+04
2.733333333333333215e+01,4.040515837191410537e+04
2.735416666666666430e+01,3.614186016531227506e+04
2.737500000000000000e+01,3.736902182199027447e+04
2.739583333333333215e+01,4.184974886169469391e+04
2.741666666666666430e+01,3.880736772761604516e+04
2.743750000000000000e+01,3.564031486016024428e+04
2.745833333333333215e+01,4.152069045310686488e+04
2.747916666666666430e+01,4.012622505743041984e+04
2.750000000000000000e+01,3.514983757104267715e+04
2.752083333333333215e+01,3.836467046543233300e+04
2.754166666666666430e+01,4.184059862358565442e+04
2.756250000000000000e+01,3.742888205188736902e+04
2.758333333333333215e+01,3.517952830126045592e+04
2.760416666666666430e+01,4.183291368555242661e+04
2.762500000000000000e+01,3.963409642334074306e+04
2.764583333333333215e+01,3.285876220593836479e+04
2.766666666666666430e+01,3.793843593814851192e+04
2.768750000000000000e+01,4.308316272409127123e+04
2.770833333333333215e+01,3.702021564388557454e+04
2.772916666666666430e+01,3.601665097485464503e+04
2.775000000000000000e+01,4.154331099355880724e+04
2.777083333333333215e+01,3.947406298454238276e+04
2.779166666666666430e+01,3.540744906210058980e+04
2.781250000000000000e+01,3.924593773824343225e+04
2.783333333333333215e+01,4.209798480026421021e+04
2.785416666666666430e+01,3.609462919799364317e+04
2.787500000000000000e+01,3.843367870752832096e+04
2.789583333333333215e+01,4.184560358364938293e+04
2.791666666666666430e+01,3.821283344682130701e+04
2.793750000000000000e+01,3.545844106056107557e+04
2.795833333333333215e+01,4.102226865453179926e+04
2.797916666666666430e+01,4.185832738972704828e+04
2.800000000000000000e+01,3.308203172911614092e+04
2.802083333333333215e+01,3.717134689722905750e+04
2.804166666666666430e+01,4.389485243991505558e+04
2.806250000000000000e+01,3.942826605986146023e+04
2.808333333333333215e+01,3.259902446739159132e+04
2.810416666666666430e+01,3.903707517171731160e+04
2.812500000000000000e+01,4.504690584033904452e+04
2.814583333333333215e+01,3.496313611576120456e+04
2.816666666666666430e+01,3.364772814844513050e+04
2.818750000000000000e+01,4.183372496518515254e+04
2.820833333333333215e+01,4.250575224922691996e+04
2.822916666666666430e+01,3.543186506829376594e+04
2.825000000000000000e+01,3.595708978170714545e+04
2.827083333333333215e+01,4.182555558143753296e+04
2.829166666666666430e+01,3.896712435016603558e+04
2.831250000000000000e+01,3.693990589604256820e+04
2.833333333333333215e+01,3.901093523173526046e+04
2.835416666666666430e+01,3.941782338188685389e+04
2.837500000000000000e+01,3.862955788915007724e+04
2.839583333333333215e+01,4.113633175398429012e+04
2.841666666666666430e+01,4.117453449991762318e+04
2.843750000000000000e+01,3.752435954009513807e+04
2.845833333333333215e+01,4.013500954298010038e+04
2.847916666666666430e+01,4.219213208355762617e+04
2.850000000000000000e+01,3.638098092023107893e+04
2.852083333333333215e+01,3.558527345854644955e+04
2.854166666666666430e+01,4.231025777217277937e+04
2.856250000000000000e+01,4.123072325579914468e+04
2.858333333333333215e+01,3.291351890408348845e+04
2.860416666666666430e+01,3.614734192109580181e+04
2.862500000000000000e+01,4.414629855334710010e+04
2.864583333333333215e+01,3.954333490733176586e+04
2.866666666666666430e+01,3.300600250003512338e+04
2.868750000000000000e+01,3.897010580403603672e+04
2.870833333333333215e+01,4.495486647380604700e+04
2.872916666666666430e+01,3.614452864275126922e+04
2.875000000000000000e+01,3.362909462663276645e+04
2.877083333333333215e+01,4.183311104638837423e+04
2.879166666666666430e+01,4.214153789409661840e+04
2.881250000000000000e+01,3.464695524025629857e+04
2.883333333333333215e+01,3.620648035644365154e+04
2.885416666666666430e+01,4.164822681214653130e+04
2.887500000000000000e+01,3.886794512119138381e+04
2.889583333333333215e+01,3.726088732817295386e+04
2.891666666666666430e+01,3.874204390802895068e+04
2.893750000000000000e+01,4.032154318687343039e+04
2.895833333333333215e+01,3.864869715932082909e+04
2.897916666666666430e+01,3.968615608897629136e+04
2.900000000000000000e+01,3.833349582586750330e+04
2.902083333333333215e+01,3.603483258590651531e+04
2.904166666666666430e+01,4.092965575090507627e+04
2.906250000000000000e+01,4.184444902020340669e+04
2.908333333333333215e+01,3.488229342084563541e+04
2.910416666666666430e+01,3.593810545159397589e+04
2.912500000000000000e+01,4.489852199264073715e+04
2.914583333333333215e+01,4.028982132836655364e+04
2.916666666666666430e+01,3.233820942245212427e+04
2.918750000000000000e+01,3.805184706027782522e+04
2.920833333333333215e+01,4.375106767033666256e+04
2.922916666666666430e+01,3.804358201610481774e+04
2.925000000000000000e+01,3.323456073141365050e+04
2.927083333333333215e+01,4.143945639867865248e+04
2.929166666666666430e+01,4.332171572937975725e+04
2.931250000000000000e+01,3.544224427222667873e+04
2.933333333333333215e+01,3.513298890604737971e+04
2.935416666666666430e+01,4.185143052354343672e+04
2.937500000000000000e+01,3.935322741514220979e+04
2.939583333333333215e+01,3.536499507282012200e+04
2.941666666666666430e+01,3.863820868158056692e+04
2.943750000000000000e+01,3.958163151031156303e+04
2.945833333333333215e+01,3.864960587564414163e+04
2.947916666666666430e+01,3.864392081495629100e+04
2.950000000000000000e+01,3.935516581447368662e+04
2.952083333333333215e+01,3.792810330723942025e+04
2.954166666666666430e+01,3.953996909752193460e+04
2.956250000000000000e+01,4.131499010270606232e+04
2.958333333333333215e+01,3.612703631195073831e+04
2.960416666666666430e+01,3.543942683344164834e+04
2.962500000000000000e+01,4.240180460101989593e+04
2.964583333333333215e+01,4.178368964356096694e+04
2.966666666666666430e+01,3.250249474044229646e+04
2.968750000000000000e+01,3.762128215853598522e+04
2.970833333333333215e+01,4.503271142467080062e+04
2.972916666666666430e+01,3.925191583779989742e+04
2.975000000000000000e+01,3.223648614709049070e+04
2.977083333333333215e+01,3.862438571435258200e+04
2.979166666666666430e+01,4.465166661932435090e+04
2.981250000000000000e+01,3.546915170760587353e+04
2.983333333333333215e+01,3.408830754515086301e+04
2.985416666666666430e+01,4.183258816923136328e+04
2.987500000000000000e+01,4.190808358540871996e+04
2.989583333333333215e+01,3.420006493917162879e+04
2.991666666666666430e+01,3.700348712297106249e+04
2.993750000000000000e+01,4.044692834689107985e+04
2.995833333333333215e+01,3.824289392040439270e+04
2.997916666666666430e+01,3.746903702585864085e+04
3.000000000000000000e+01,3.937642362599961780e+04
3.002083333333333215e+01,3.812691594496292237e+04
3.004166666666666430e+01,3.868736281720408442e+04
3.006250000000000000e+01,4.110158198708430427e+04
3.008333333333333215e+01,3.844889363405406039e+04
3.010416666666666430e+01,3.543959522397556429e+04
3.012500000000000000e+01,4.162282145458811283e+04
3.014583333333333215e+01,4.184541335537898703e+04
3.016666666666666430e+01,3.392486701736498071e+04
3.018750000000000000e+01,3.575255313105175446e+04
3.020833333333333215e+01,4.415691933158300526e+04
3.022916666666666430e+01,3.966981808336676477e+04
3.025000000000000000e+01,3.227139806694767685e+04
3.027083333333333215e+01,3.962676251581762335e+04
3.029166666666666430e+01,4.506004121026422945e+04
3.031250000000000000e+01,3.556231396180930460e+04
3.033333333333333215e+01,3.309999430677661439e+04
3.035416666666666430e+01,4.224283606986082305e+04
3.037500000000000000e+01,4.267449639131702861e+04
3.039583333333333215e+01,3.544612661514944193e+04
3.041666666666666430e+01,3.590345603800494428e+04
3.043750000000000000e+01,4.185793492725666147e+04
3.045833333333333215e+01,3.938331319190166687e+04
3.047916666666666430e+01,3.549210712996718939e+04
3.050000000000000000e+01,3.939344200538963196e+04
3.052083333333333215e+01,3.986585843422503240e+04
3.054166666666666430e+01,3.864739590534001763e+04
3.056250000000000000e+01,3.886373261261192965e+04
3.058333333333333215e+01,3.865186252084973967e+04
3.060416666666666430e+01,3.629210241872684855e+04
3.062500000000000000e+01,3.988525447031154908e+04
3.064583333333333215e+01,4.106772758351945959e+04
3.066666666666666430e+01,3.573799385410748073e+04
3.068750000000000000e+01,3.595494685730309720e+04
3.070833333333333215e+01,4.140570125730007567e+04
3.072916666666666430e+01,4.172920915531757055e+04
3.075000000000000000e+01,3.312911374031050946e+04
3.077083333333333215e+01,3.643362530304374377e+04
3.079166666666666430e+01,4.473487636222530273e+04
3.081250000000000000e+01,3.949533309348556941e+04
3.083333333333333215e+01,3.221737852176069282e+04
3.085416666666666430e+01,3.885956074475926289e+04
3.087500000000000000e+01,4.393700215891837433e+04
3.089583333333333215e+01,3.518571039060755720e+04
3.091666666666666430e+01,3.423326254784414778e+04
3.093750000000000000e+01,4.216246465176109632e+04
3.095833333333333215e+01,4.251190910292883200e+04
3.097916666666666430e+01,3.544930304899459588e+04
3.100000000000000000e+01,3.593666161229636782e+04
3.102083333333333215e+01,4.184395929103050003e+04
3.104166666666666430e+01,3.909455851085745235e+04
3.106250000000000000e+01,3.684096252647127403e+04
3.108333333333333215e+01,3.999579564412478067e+04
3.110416666666666430e+01,3.949708038677697914e+04
3.112500000000000000e+01,3.775980500665443833e+04
3.114583333333333215e+01,3.898711532154258748e+04
3.116666666666666430e+01,3.924709588760857878e+04
3.118750000000000000e+01,3.610302940673653939e+04
3.120833333333333215e+01,4.011632585371973255e+04
3.122916666666666430e+01,4.183111057972514391e+04
3.125000000000000000e+01,3.617523212837224128e+04
3.127083333333333215e+01,3.631750844730879180e+04
3.129166666666666430e+01,4.291311143499983882e+04
3.131250000000000000e+01,4.103946480947887176e+04
3.133333333333333215e+01,3.228112033380789580e+04
3.135416666666666430e+01,3.742573641464597313e+04
3.137500000000000000e+01,4.375842009240544576e+04
3.139583333333333215e+01,3.859668286718868330e+04
3.141666666666666430e+01,3.344681659844669048e+04
3.143750000000000000e+01,4.062436527532534092e+04
3.145833333333333215e+01,4.294940774407977005e+04
3.147916666666666430e+01,3.559253961994294514e+04
3.150000000000000000e+01,3.668673869261288928e+04
3.152083333333333215e+01,4.190783792693563009e+04
3.154166666666666430e+01,3.719130326285289630e+04
3.156250000000000000e+01,3.667325963936545304e+04
3.158333333333333215e+01,4.106767992809952557e+04
3.160416666666666430e+01,4.022393004727403604e+04
3.162500000000000000e+01,3.545231253842787555e+04
3.164583333333333215e+01,3.779967061051718338e+04
3.166666666666666430e+01,4.184303918524637993e+04
3.168750000000000000e+01,3.861352186381605861e+04
3.170833333333333215e+01,3.544693489652061544e+04
3.172916666666666430e+01,4.193579223384305078e+04
3.175000000000000000e+01,4.078370143452348566e+04
3.177083333333333215e+01,3.440769700610849395e+04
3.179166666666666430e+01,3.798156280752069870e+04
3.181250000000000000e+01,4.185110165622480417e+04
3.183333333333333215e+01,3.817158316349320376e+04
3.185416666666666430e+01,3.545499840934992244e+04
3.187500000000000000e+01,4.157819024470905424e+04
3.189583333333333215e+01,4.022620417406685010e+04
3.191666666666666430e+01,3.542548521463054203e+04
3.193750000000000000e+01,3.827030531086638803e+04
3.195833333333333215e+01,4.183901955578299385e+04
3.197916666666666430e+01,3.815792586841851153e+04
3.200000000000000000e+01,3.547680023533118219e+04
3.202083333333332860e+01,4.291335734364251402e+04
3.204166666666666430e+01,4.025575956014181429e+04
3.206250000000000000e+01,3.338466201426212501e+04
3.208333333333332860e+01,3.735303132546280540e+04
3.210416666666666430e+01,4.478343297781651927e+04
3.212500000000000000e+01,3.736498681783267239e+04
3.214583333333332860e+01,3.247526443569960611e+04
3.216666666666666430e+01,4.145655802333344036e+04
3.218750000000000000e+01,4.313064449516823515e+04
3.220833333333332860e+01,3.510685183335901820e+04
3.222916666666666430e+01,3.531409141867908329e+04
3.225000000000000000e+01,4.184210240258065460e+04
3.227083333333332860e+01,3.870021704615283670e+04
3.229166666666666430e+01,3.524076686687934125e+04
3.231250000000000000e+01,3.957267971355998452e+04
3.233333333333332860e+01,3.935056719128153054e+04
3.235416666666666430e+01,3.718131718930172065e+04
3.237500000000000000e+01,3.854386319799994817e+04
3.239583333333332860e+01,4.025306608660807251e+04
3.241666666666666430e+01,3.674059013240227796e+04
3.243750000000000000e+01,3.666257737920229556e+04
3.245833333333332860e+01,4.102984857216442470e+04
3.247916666666666430e+01,3.945192778408354934e+04
3.250000000000000000e+01,3.610132235958891397e+04
3.252083333333332860e+01,3.918176178716001596e+04
3.254166666666666430e+01,4.185096700795650395e+04
3.256250000000000000e+01,3.595857148114273878e+04
3.258333333333332860e+01,3.698846162743702735e+04
3.260416666666666430e+01,4.183206010423594853e+04
3.262500000000000000e+01,3.935702435335623159e+04
3.264583333333332860e+01,3.544287197544012452e+04
3.266666666666666430e+01,3.951558413659859070e+04
3.268750000000000000e+01,4.175393694238211174e+04
3.270833333333332860e+01,3.519884023762345169e+04
3.272916666666666430e+01,3.722832928752010775e+04
3.275000000000000000e+01,4.312380186726573447e+04
3.277083333333332860e+01,3.901690335241355933e+04
3.279166666666666430e+01,3.544684172701472562e+04
3.281250000000000000e+01,3.817669051872709679e+04
3.283333333333332860e+01,4.160918216366687557e+04
3.285416666666666430e+01,3.743056095127647859e+04
3.287500000000000000e+01,3.752628414959608199e+04
3.289583333333332860e+01,3.863437143933807965e+04
3.291666666666666430e+01,3.995078999959591602e+04
3.293750000000000000e+01,3.864697362470755616e+04
3.295833333333332860e+01,3.968579881500919146e+04
3.297916666666666430e+01,3.814042158317621215e+04
3.300000000000000000e+01,3.542424526604595303e+04
3.302083333333332860e+01,4.075089958178959205e+04
3.304166666666666430e+01,4.477227792604138813e+04
3.306250000000000000e+01,3.706828818165478151e+04
3.308333333333332860e+01,3.434364462380741315e+04
3.310416666666666430e+01,4.475496078035694518e+04
3.312500000000000000e+01,4.441519732583558653e+04
3.314583333333332860e+01,3.254426785753238073e+04
3.316666666666666430e+01,3.431183994978585542e+04
3.318750000000000000e+01,4.516272358009967866e+04
3.320833333333332860e+01,4.235494419448000554e+04
3.322916666666666430e+01,3.230137847084542227e+04
3.325000000000000000e+01,3.639124924525093229e+04
3.327083333333332860e+01,4.504596573330431420e+04
3.329166666666666430e+01,3.878545221205997950e+04
3.331250000000000000e+01,3.376460275409428141e+04
3.333333333333332860e+01,3.949764266569456959e+04
3.335416666666666430e+01,4.274894602610378206e+04
3.337500000000000000e+01,3.865591932632876706e+04
3.339583333333332860e+01,3.531463319792159018e+04
3.341666666666666430e+01,3.868566564195726824e+04
3.343750000000000000e+01,4.002126541841065045e+04
3.345833333333332860e+01,3.934358268338099151e+04
3.347916666666666430e+01,3.865900923103715468e+04
3.350000000000000000e+01,3.683997286741055723e+04
3.352083333333332860e+01,3.865473067101127526e+04
3.354166666666666430e+01,4.158094892369579611e+04
3.356250000000000000e+01,3.866301564880208753e+04
3.358333333333332860e+01,3.382302613153980928e+04
3.360416666666666430e+01,3.918084602466165234e+04
3.362500000000000000e+01,4.282558405535947531e+04
3.364583333333332860e+01,3.799351712437379319e+04
3.366666666666666430e+01,3.144499804830843641e+04
3.368750000000000000e+01,3.792249492059548356e+04
3.370833333333332860e+01,4.323163516896143847e+04
3.372916666666666430e+01,3.702083681547009473e+04
3.375000000000000000e+01,3.285144924913990690e+04
3.377083333333332860e+01,4.176922112818493042e+04
3.379166666666666430e+01,4.242830726354174112e+04
3.381250000000000000e+01,3.433566449203970842e+04
3.383333333333332860e+01,3.602450397954135406e+04
3.385416666666666430e+01,4.174595198451000761e+04
3.387500000000000000e+01,3.893970296241363394e+04
3.389583333333332860e+01,3.711345334827575425e+04
3.391666666666666430e+01,3.863968412410128803e+04
3.393750000000000000e+01,3.930151532731817861e+04
3.395833333333332860e+01,3.866048055996408948e+04
3.397916666666666430e+01,3.917967047930010449e+04
3.400000000000000000e+01,3.864921275650126336e+04
3.402083333333332860e+01,3.728065284185838391e+04
3.404166666666666430e+01,4.017767262879158807e+04
3.406250000000000000e+01,4.067875752955631469e+04
3.408333333333332860e+01,3.708978081261656189e+04
3.410416666666666430e+01,3.742800522889151034e+04
3.412500000000000000e+01,4.208944021654367680e+04
3.414583333333332860e+01,3.839142202642784105e+04
3.416666666666666430e+01,3.373555393895063753e+04
3.418750000000000000e+01,4.059000466963252984e+04
3.420833333333332860e+01,4.331780195437258226e+04
3.422916666666666430e+01,3.554213735615408223e+04
3.425000000000000000e+01,3.519489290583709953e+04
3.427083333333332860e+01,4.234978644314863050e+04
3.429166666666666430e+01,4.113045391912409832e+04
3.431250000000000000e+01,3.243243426074478339e+04
3.433333333333332860e+01,3.587685292158268567e+04
3.435416666666666430e+01,4.519084465885948157e+04
3.437500000000000000e+01,4.128559265510890691e+04
3.439583333333332860e+01,3.306080870739070087e+04
3.441666666666666430e+01,3.880976549421688105e+04
3.443750000000000000e+01,4.354060686033217644e+04
3.445833333333332860e+01,3.699395317227434134e+04
3.447916666666666430e+01,3.484384569297228882e+04
3.450000000000000000e+01,4.186882292127925029e+04
3.452083333333332860e+01,3.997881293226293928e+04
3.454166666666666430e+01,3.570157510425817600e+04
3.456250000000000000e+01,3.950617130446868396e+04
3.458333333333332860e+01,3.995840476967352151e+04
3.460416666666666430e+01,3.865190071895232541e+04
3.462500000000000000e+01,3.835147783684098977e+04
3.464583333333332860e+01,3.866235463735253870e+04
3.466666666666666430e+01,3.831159003542012215e+04
3.468750000000000000e+01,3.904499824440815428e+04
3.470833333333332860e+01,4.184554503637472953e+04
3.472916666666666430e+01,3.674635805067802721e+04
3.475000000000000000e+01,3.546717152136609366e+04
3.477083333333332860e+01,4.112039949085775879e+04
3.479166666666666430e+01,4.100231862328187708e+04
3.481250000000000000e+01,3.492178124640027818e+04
3.483333333333332860e+01,3.545198552211635251e+04
3.485416666666666430e+01,4.450883686213644251e+04
3.487500000000000000e+01,4.029855033352203463e+04
3.489583333333332860e+01,3.471656920545223693e+04
3.491666666666666430e+01,3.905014847177884076e+04
3.493750000000000000e+01,4.523564363103909272e+04
3.495833333333332860e+01,3.804611901771833800e+04
3.497916666666666430e+01,3.290905047459612979e+04
3.500000000000000000e+01,4.199426816578602302e+04
3.502083333333332860e+01,4.209376939319201483e+04
3.504166666666666430e+01,3.555913140381961421e+04
3.506250000000000000e+01,3.620255205809316976e+04
3.508333333333332860e+01,4.188496798272146407e+04
3.510416666666666430e+01,4.045307291676481691e+04
3.512500000000000000e+01,3.588896037181196152e+04
3.514583333333332860e+01,3.864188525414727337e+04
3.516666666666666430e+01,3.973359230979060521e+04
3.518750000000000000e+01,3.864682381622904359e+04
3.520833333333332860e+01,3.843096728233873000e+04
3.522916666666666430e+01,3.864687709473896393e+04
3.525000000000000000e+01,3.708566750008309464e+04
3.527083333333332860e+01,3.941798799538205640e+04
3.529166666666666430e+01,4.184818147424217022e+04
3.531250000000000000e+01,3.600742561333797494e+04
3.533333333333332860e+01,3.544070335486465046e+04
3.535416666666666430e+01,4.270389561136988050e+04
3.537500000000000000e+01,4.157728319721158186e+04
3.539583333333332860e+01,3.321780273137996119e+04
3.541666666666666430e+01,3.751711363802833512e+04
3.543750000000000000e+01,4.503944443664101709e+04
3.545833333333332860e+01,3.880391296666206472e+04
3.547916666666666430e+01,3.225230739998870195e+04
3.550000000000000000e+01,4.009427687316379161e+04
3.552083333333332860e+01,4.393277057945079287e+04
3.554166666666666430e+01,3.543633398764524463e+04
3.556250000000000000e+01,3.463902471526706358e+04
3.558333333333332860e+01,4.184283271355439501e+04
3.560416666666666430e+01,4.098724342752901430e+04
3.562500000000000000e+01,3.447244184921734268e+04
3.564583333333332860e+01,3.830619766335658642e+04
3.566666666666666430e+01,3.826463231500490656e+04
3.568750000000000000e+01,3.737367438837483496e+04
3.570833333333332860e+01,3.727036603480642225e+04
3.572916666666666430e+01,3.882248176676267758e+04
3.575000000000000000e+01,3.845105732004261517e+04
3.577083333333332860e+01,3.867220530712461914e+04
3.579166666666666430e+01,4.144504845629096235e+04
3.581250000000000000e+01,3.666762731084736879e+04
3.583333333333332860e+01,3.538688653050067660e+04
3.585416666666666430e+01,4.148388480565515783e+04
3.587500000000000000e+01,4.181791406725205889e+04
3.589583333333332860e+01,3.408435793073791865e+04
3.591666666666666430e+01,3.587874355304033088e+04
3.593750000000000000e+01,4.483574728049690020e+04
3.595833333333332860e+01,3.966321379783753218e+04
3.597916666666666430e+01,3.222312116937820610e+04
3.600000000000000000e+01,3.822523420325578627e+04
3.602083333333332860e+01,4.407882534036137804e+04
3.604166666666666430e+01,3.691972743188539607e+04
3.606250000000000000e+01,3.379136990536929807e+04
3.608333333333332860e+01,4.183766698546647967e+04
3.610416666666666430e+01,4.231532345955774508e+04
3.612500000000000000e+01,3.431368498867780727e+04
3.614583333333332860e+01,3.591389804358980473e+04
3.616666666666666430e+01,4.276570229636644217e+04
3.618750000000000000e+01,3.906844270044293080e+04
3.620833333333332860e+01,3.675924383862560353e+04
3.622916666666666430e+01,3.890221381147314241e+04
3.625000000000000000e+01,3.953925875800181529e+04
3.627083333333332860e+01,3.863349705156883283e+04
3.629166666666666430e+01,3.884310005536727840e+04
3.631250000000000000e+01,3.999308044768632681e+04
3.633333333333332860e+01,3.640771612560920039e+04
3.635416666666666430e+01,3.839180455763517239e+04
3.637500000000000000e+01,4.185017210989285377e+04
3.639583333333332860e+01,3.807410692503212340e+04
3.641666666666666430e+01,3.544373625568978605e+04
3.643750000000000000e+01,3.975368673019371636e+04
3.645833333333332860e+01,4.157165229569557414e+04
3.647916666666666430e+01,3.716874907532571524e+04
3.650000000000000000e+01,3.715211456906195963e+04
3.652083333333332860e+01,3.867719686062540131e+04
3.654166666666666430e+01,3.872919585048541921e+04
3.656250000000000000e+01,3.855454855519382545e+04
3.658333333333332860e+01,3.971860016989241558e+04
3.660416666666666430e+01,3.800056115901988233e+04
3.662500000000000000e+01,3.540434598656478192e+04
3.664583333333332860e+01,4.072969829223665147e+04
3.666666666666666430e+01,4.183220974929286604e+04
3.668750000000000000e+01,3.559641005618844792e+04
3.670833333333332860e+01,3.640435226254462759e+04
3.672916666666666430e+01,4.329019435646469356e+04
3.675000000000000000e+01,4.110439274754325015e+04
3.677083333333332860e+01,3.222845510315045976e+04
3.679166666666666430e+01,3.741953899880788958e+04
3.681250000000000000e+01,4.433253378727174277e+04
3.683333333333332860e+01,3.737384463846476137e+04
3.685416666666666430e+01,3.227015270468304516e+04
3.687500000000000000e+01,4.147503752006203285e+04
3.689583333333332860e+01,4.349571424925584870e+04
3.691666666666666430e+01,3.543391492435717373e+04
3.693750000000000000e+01,3.533132119877653895e+04
3.695833333333332860e+01,4.183965555464799399e+04
3.697916666666666430e+01,4.151664835094231967e+04
3.700000000000000000e+01,3.496679402627007221e+04
3.702083333333332860e+01,3.782393043392599066e+04
3.704166666666666430e+01,4.047409679234471696e+04
3.706250000000000000e+01,3.863293380188230367e+04
3.708333333333332860e+01,3.799125259713068954e+04
3.710416666666666430e+01,3.914169641718891944e+04
3.712500000000000000e+01,3.800817117707723810e+04
3.714583333333332860e+01,3.868636243752641167e+04
3.716666666666666430e+01,4.143460146053238714e+04
3.718750000000000000e+01,3.751874860885834642e+04
3.720833333333332860e+01,3.629322315335149324e+04
3.722916666666666430e+01,4.110679304107301141e+04
3.725000000000000000e+01,4.166262971573028335e+04
3.727083333333332860e+01,3.498598504645038338e+04
3.729166666666666430e+01,3.545797336125888978e+04
3.731250000000000000e+01,4.467569537715295883e+04
3.733333333333332860e+01,3.976627737083308602e+04
3.735416666666666430e+01,3.222282033884373232e+04
3.737500000000000000e+01,3.815934176164823293e+04
3.739583333333332860e+01,4.363009050547825609e+04
3.741666666666666430e+01,3.723178176875063946e+04
3.743750000000000000e+01,3.337263126911561267e+04
3.745833333333332860e+01,4.167301139329251600e+04
3.747916666666666430e+01,4.268778807471306209e+04
3.750000000000000000e+01,3.543896084925117611e+04
3.752083333333332860e+01,3.500482928736932809e+04
3.754166666666666430e+01,4.183666173879885901e+04
3.756250000000000000e+01,4.070442542717347533e+04
3.758333333333332860e+01,3.489586724852560292e+04
3.760416666666666430e+01,3.862189393907684280e+04
3.762500000000000000e+01,3.984565494034289441e+04
3.764583333333332860e+01,3.865194748192450061e+04
3.766666666666666430e+01,3.908061739726123778e+04
3.768750000000000000e+01,3.942781606258934335e+04
3.770833333333332860e+01,3.673967616308233846e+04
3.772916666666666430e+01,3.998685066007546993e+04
3.775000000000000000e+01,4.183568121300522762e+04
3.777083333333332860e+01,3.614953446719709609e+04
3.779166666666666430e+01,3.547526548789379012e+04
3.781250000000000000e+01,4.241239453066440910e+04
3.783333333333332860e+01,4.164811618258219823e+04
3.785416666666666430e+01,3.327564912305107282e+04
3.787500000000000000e+01,3.707621938418148784e+04
3.789583333333332860e+01,4.413056417511378095e+04
3.791666666666666430e+01,3.861873360302497895e+04
3.793750000000000000e+01,3.277003055965009116e+04
3.795833333333332860e+01,4.059285113932060631e+04
3.797916666666666430e+01,4.412407338014968263e+04
3.800000000000000000e+01,3.450549029753916693e+04
3.802083333333332860e+01,3.437996909806817712e+04
3.804166666666666430e+01,4.182682756670998788e+04
3.806250000000000000e+01,3.961842678235320636e+04
3.808333333333332860e+01,3.587295851642041816e+04
3.810416666666666430e+01,4.048528883056128689e+04
3.812500000000000000e+01,4.174430878120656416e+04
3.814583333333332860e+01,3.745687585748486163e+04
3.816666666666666430e+01,3.798616456164293049e+04
3.818750000000000000e+01,4.194707394847172691e+04
3.820833333333332860e+01,3.834314995299324073e+04
3.822916666666666430e+01,3.555750406571049098e+04
3.825000000000000000e+01,4.163208412984519964e+04
3.827083333333332860e+01,4.026107430014463898e+04
3.829166666666666430e+01,3.418855623776528228e+04
3.831250000000000000e+01,3.855411782910856709e+04
3.833333333333332860e+01,4.435906567669133801e+04
3.835416666666666430e+01,3.675610424557454826e+04
3.837500000000000000e+01,3.341207218875167018e+04
3.839583333333332860e+01,4.188482607890800136e+04
3.841666666666666430e+01,4.222785163334936078e+04
3.843750000000000000e+01,3.545758869773094193e+04
3.845833333333332860e+01,3.720794673736621917e+04
3.847916666666666430e+01,4.139230752348571696e+04
3.850000000000000000e+01,4.088975326186793973e+04
3.852083333333332860e+01,3.955027053523415088e+04
3.854166666666666430e+01,3.962779014238552190e+04
3.856250000000000000e+01,3.864247914722412679e+04
3.858333333333332860e+01,3.875222825553261646e+04
3.860416666666666430e+01,4.074863233051672432e+04
3.862500000000000000e+01,3.739705864426229527e+04
3.864583333333332860e+01,3.664254524376104382e+04
3.866666666666666430e+01,4.131031519125682826e+04
3.868750000000000000e+01,4.080385273230745224e+04
3.870833333333332860e+01,3.494117179284367012e+04
3.872916666666666430e+01,3.667370675781967293e+04
3.875000000000000000e+01,4.506125506668042362e+04
3.877083333333332860e+01,3.953345138417018461e+04
3.879166666666666430e+01,3.225725286652123032e+04
3.881250000000000000e+01,3.864485024421323033e+04
3.883333333333332860e+01,4.360949725671843771e+04
3.885416666666666430e+01,3.632687620929033437e+04
3.887500000000000000e+01,3.325226235251800972e+04
3.889583333333332860e+01,4.184553734849651664e+04
3.891666666666666430e+01,4.281757266811249428e+04
3.893750000000000000e+01,3.545764569139804371e+04
3.895833333333332860e+01,3.560032867924548918e+04
3.897916666666666430e+01,4.184626831477018277e+04
3.900000000000000000e+01,4.028734206354483467e+04
3.902083333333332860e+01,3.602881194560595759e+04
3.904166666666666430e+01,3.926966913037703489e+04
3.906250000000000000e+01,3.991550963163650158e+04
3.908333333333332860e+01,3.863934173078461754e+04
3.910416666666666430e+01,3.854760745609423611e+04
3.912500000000000000e+01,3.865340996321996499e+04
3.914583333333332860e+01,3.810973995087062940e+04
3.916666666666666430e+01,3.939139494983863551e+04
3.918750000000000000e+01,4.133514003349886480e+04
3.920833333333332860e+01,3.625317854497881490e+04
3.922916666666666430e+01,3.531838848406044417e+04
3.925000000000000000e+01,4.155178635826156824e+04
3.927083333333332860e+01,4.179836071260836616e+04
3.929166666666666430e+01,3.397220435967473895e+04
3.931250000000000000e+01,3.592120558713282662e+04
3.933333333333332860e+01,4.444766600229794130e+04
3.935416666666666430e+01,3.966980866375521873e+04
3.937500000000000000e+01,3.223493419323836133e+04
3.939583333333332860e+01,3.859202828670009330e+04
3.941666666666666430e+01,4.463086109588357067e+04
3.943750000000000000e+01,3.674588503811080591e+04
3.945833333333332860e+01,3.332746716684424609e+04
3.947916666666666430e+01,4.184833861601788522e+04
3.950000000000000000e+01,4.215047849960344320e+04
3.952083333333332860e+01,3.544004995472301380e+04
3.954166666666666430e+01,3.677960077315644594e+04
3.956250000000000000e+01,4.123696364721538703e+04
3.958333333333332860e+01,3.864021264968452306e+04
3.960416666666666430e+01,3.767953817444259766e+04
3.962500000000000000e+01,3.896496493927646225e+04
3.964583333333332860e+01,3.850130404251618165e+04
3.966666666666666430e+01,3.864485330008633900e+04
3.968750000000000000e+01,4.033164971442107344e+04
3.970833333333332860e+01,3.885283643107643002e+04
3.972916666666666430e+01,3.543947613885514875e+04
3.975000000000000000e+01,3.985381868263406068e+04
3.977083333333332860e+01,4.185991069678941130e+04
3.979166666666666430e+01,3.645447474727870576e+04
3.981250000000000000e+01,3.595680684806052159e+04
3.983333333333332860e+01,4.184205841499881353e+04
3.985416666666666430e+01,3.970272456839775259e+04
3.987500000000000000e+01,3.565510879890054639e+04
3.989583333333332860e+01,3.998371908150555100e+04
3.991666666666666430e+01,4.185019590667870943e+04
3.993750000000000000e+01,3.542233870971072611e+04
3.995833333333332860e+01,3.582840658789471490e+04
3.997916666666666430e+01,4.334662068158778857e+04
4.000000000000000000e+01,3.880965207879652007e+04
4.002083333333332860e+01,3.190205277424201631e+04
4.004166666666666430e+01,3.894790327070604690e+04
4.006250000000000000e+01,4.491267126431823999e+04
4.008333333333332860e+01,3.567316823370075144e+04
4.010416666666666430e+01,3.377643574063060078e+04
4.012500000000000000e+01,4.179827433590354485e+04
4.014583333333332860e+01,4.248018013157132373e+04
4.016666666666666430e+01,3.542227776528937102e+04
4.018750000000000000e+01,3.698530237867817050e+04
4.020833333333332860e+01,4.184154338314769848e+04
4.022916666666666430e+01,3.907624626739503583e+04
4.025000000000000000e+01,3.668298203264852782e+04
4.027083333333332860e+01,3.863258835086869658e+04
4.029166666666666430e+01,3.949024734880025790e+04
4.031250000000000000e+01,3.863470951539892849e+04
4.033333333333332860e+01,3.813806368535837828e+04
4.035416666666666430e+01,3.864435569240364566e+04
4.037500000000000000e+01,3.637112505777496699e+04
4.039583333333332860e+01,3.986424262340767018e+04
4.041666666666666430e+01,4.183672538826001983e+04
4.043750000000000000e+01,3.681707597130784416e+04
4.045833333333332860e+01,3.568620317208476627e+04
4.047916666666666430e+01,4.264292511528553587e+04
4.050000000000000000e+01,4.162642009355004120e+04
4.052083333333332860e+01,3.237242663997343698e+04
4.054166666666666430e+01,3.733586646039150219e+04
4.056250000000000000e+01,4.502978256755600887e+04
4.058333333333332860e+01,3.898049305316223763e+04
4.060416666666666430e+01,3.224357071122172420e+04
4.062500000000000000e+01,3.975407435056200484e+04
4.064583333333332860e+01,4.407874782848555333e+04
4.066666666666666430e+01,3.537806458818932879e+04
4.068750000000000000e+01,3.458251046593154751e+04
4.070833333333332860e+01,4.183371226908107928e+04
4.072916666666666430e+01,4.062071284444322373e+04
4.075000000000000000e+01,3.524809321797639859e+04
4.077083333333332860e+01,3.816986214576778002e+04
4.079166666666666430e+01,3.529639920626895037e+04
4.081250000000000000e+01,3.361015506984014792e+04
4.083333333333332860e+01,3.149058478978544372e+04
4.085416666666666430e+01,3.783141392768363585e+04
4.087500000000000000e+01,4.043290967752889992e+04
4.089583333333332860e+01,3.762169696090501384e+04
4.091666666666666430e+01,3.699877437575400836e+04
4.093750000000000000e+01,3.732018554199912614e+04
4.095833333333332860e+01,3.742491391133959405e+04
4.097916666666666430e+01,4.078910460941003839e+04
4.100000000000000000e+01,3.858453560697626381e+04
4.102083333333332860e+01,3.497970896770714899e+04
4.104166666666666430e+01,4.445669678310671588e+04
4.106250000000000000e+01,4.866032360690630594e+04
4.108333333333332860e+01,3.894510342365119141e+04
4.110416666666666430e+01,3.371755206457206805e+04
4.112500000000000000e+01,4.207833264518161013e+04
4.114583333333332860e+01,4.564330735725945124e+04
4.116666666666666430e+01,3.489180850478129287e+04
4.118750000000000000e+01,3.251750776131126986e+04
4.120833333333332860e+01,4.505615641057184985e+04
4.122916666666666430e+01,4.124632979447694379e+04
4.125000000000000000e+01,3.231014222781005446e+04
4.127083333333332860e+01,3.685534048785909545e+04
4.129166666666666430e+01,4.509444661560330860e+04
4.131250000000000000e+01,3.792688397784216795e+04
4.133333333333332860e+01,3.249330706804182410e+04
4.135416666666666430e+01,4.158293269831449288e+04
4.137500000000000000e+01,4.334597202110837679e+04
4.139583333333332860e+01,3.415380561840500741e+04
4.141666666666666430e+01,3.621301283443421562e+04
4.143750000000000000e+01,4.318566928844136419e+04
4.145833333333332860e+01,3.961599419785338250e+04
4.147916666666666430e+01,3.342959618732379749e+04
4.150000000000000000e+01,4.150787604224609095e+04
4.152083333333332860e+01,4.272760109398724308e+04
4.154166666666666430e+01,3.478408054896895192e+04
4.156250000000000000e+01,3.459665424168030586e+04
4.158333333333332860e+01,4.183768169476400362e+04
4.160416666666666430e+01,4.151731764992708486e+04
4.162500000000000000e+01,3.573109405456726381e+04
4.164583333333332860e+01,3.880502106363040366e+04
4.166666666666666430e+01,4.381379490635971160e+04
4.168750000000000000e+01,3.845232966714070062e+04
4.170833333333332860e+01,3.895340765050490154e+04
4.172916666666666430e+01,4.262970715162681881e+04
4.175000000000000000e+01,3.938232305669161724e+04
4.177083333333332860e+01,3.575583116298286768e+04
4.179166666666666430e+01,4.035627203905626811e+04
4.181250000000000000e+01,4.149126935241305182e+04
4.183333333333332860e+01,3.549333077410959231e+04
4.185416666666666430e+01,3.761892806236573961e+04
4.187500000000000000e+01,4.215036931929556158e+04
4.189583333333332860e+01,3.892057911401262390e+04
4.191666666666666430e+01,3.545514941784057009e+04
4.193750000000000000e+01,4.024752534228803415e+04
4.195833333333332860e+01,4.120495872609897924e+04
4.197916666666666430e+01,3.409649025252414140e+04
4.200000000000000000e+01,3.846917280731297797e+04
4.202083333333332860e+01,4.184848525058844098e+04
4.204166666666666430e+01,3.844323536762698495e+04
4.206250000000000000e+01,3.544750628806597524e+04
4.208333333333332860e+01,4.107951293150693527e+04
4.210416666666666430e+01,4.060443650626510498e+04
4.212500000000000000e+01,3.542703601809379325e+04
4.214583333333332860e+01,3.801949826754727110e+04
4.216666666666666430e+01,4.184342025666564587e+04
4.218750000000000000e+01,3.805424028124843608e+04
4.220833333333332860e+01,3.555091341368114809e+04
4.222916666666666430e+01,4.167086337660853314e+04
4.225000000000000000e+01,4.006544779479721183e+04
4.227083333333332860e+01,3.543751047639328317e+04
4.229166666666666430e+01,3.947241004333520686e+04
4.231250000000000000e+01,4.185427781302916992e+04
4.233333333333332860e+01,3.687238039667469275e+04
4.235416666666666430e+01,3.511413062129537866e+04
4.237500000000000000e+01,4.134048112521415169e+04
4.239583333333332860e+01,3.971219849290998536e+04
4.241666666666666430e+01,3.365735942689254443e+04
4.243750000000000000e+01,3.770636355565266422e+04
4.245833333333332860e+01,4.116039701151708141e+04
4.247916666666666430e+01,3.623855486110798665e+04
4.250000000000000000e+01,3.768855191594131611e+04
4.252083333333332860e+01,4.167647781887276506e+04
4.254166666666666430e+01,3.812961253218794445e+04
4.256250000000000000e+01,3.538280615504166053e+04
4.258333333333332860e+01,4.088718860282680544e+04
4.260416666666666430e+01,4.179689903174521169e+04
4.262500000000000000e+01,3.335166210563664208e+04
4.264583333333332860e+01,3.712957758609372104e+04
4.266666666666666430e+01,4.502852174843929970e+04
4.268750000000000000e+01,3.910581599549031671e+04
4.270833333333332860e+01,3.223695569002348202e+04
4.272916666666666430e+01,3.908601612238497910e+04
4.275000000000000000e+01,4.431358243648166535e+04
4.277083333333332860e+01,3.518358203401169158e+04
4.279166666666666430e+01,3.434796282558870735e+04
4.281250000000000000e+01,4.183542060118213703e+04
4.283333333333332860e+01,4.178468952639830968e+04
4.285416666666666430e+01,3.421577579445576703e+04
4.287500000000000000e+01,3.783614605041001050e+04
4.289583333333332860e+01,4.216211332818988740e+04
4.291666666666666430e+01,3.864727502744910453e+04
4.293750000000000000e+01,3.692559644667896646e+04
4.295833333333332860e+01,3.864711925408062234e+04
4.297916666666666430e+01,3.884314526800818567e+04
4.300000000000000000e+01,3.864864989178363612e+04
4.302083333333332860e+01,4.129697167778254516e+04
4.304166666666666430e+01,3.723346015740410803e+04
4.306250000000000000e+01,3.542549702339051873e+04
4.308333333333332860e+01,4.094638994126835314e+04
4.310416666666666430e+01,4.183078654918122629e+04
4.312500000000000000e+01,3.584445060275051219e+04
4.314583333333332860e+01,3.586080754540584167e+04
4.316666666666666430e+01,4.431266265232433216e+04
4.318750000000000000e+01,4.031748341856249317e+04
4.320833333333332860e+01,3.040159197990385292e+04
4.322916666666666430e+01,3.388037091018842330e+04
4.325000000000000000e+01,4.435631773048899049e+04
4.327083333333332860e+01,3.958567136516520259e+04
4.329166666666666430e+01,3.323209897309163352e+04
4.331250000000000000e+01,3.868628852567695139e+04
4.333333333333332860e+01,4.263960943350206071e+04
4.335416666666666430e+01,3.857246516612081177e+04
4.337500000000000000e+01,3.538256977894576266e+04
4.339583333333332860e+01,3.868012820898329664e+04
4.341666666666666430e+01,3.951049598587839864e+04
4.343750000000000000e+01,3.970246039142628433e+04
4.345833333333332860e+01,3.977884546689509443e+04
4.347916666666666430e+01,3.640533851260218944e+04
4.350000000000000000e+01,3.864637323952231236e+04
4.352083333333332860e+01,4.145654629866363393e+04
4.354166666666666430e+01,3.865865539871873625e+04
4.356250000000000000e+01,3.414964351553621964e+04
4.358333333333332860e+01,3.885808057130337693e+04
4.360416666666666430e+01,4.503082462894266064e+04
4.362500000000000000e+01,3.666555904755151278e+04
4.364583333333332860e+01,3.223753932483832614e+04
4.366666666666666430e+01,4.110509071412876074e+04
4.368750000000000000e+01,4.371988298081132962e+04
4.370833333333332860e+01,3.465484277589077828e+04
4.372916666666666430e+01,3.306719356962217717e+04
4.375000000000000000e+01,4.485012397173884528e+04
4.377083333333332860e+01,4.255051519930846553e+04
4.379166666666666430e+01,3.223532710378408592e+04
4.381250000000000000e+01,3.482321709367578296e+04
4.383333333333332860e+01,4.503637366488604312e+04
4.385416666666666430e+01,4.067809249918515707e+04
4.387500000000000000e+01,3.223518151512972690e+04
4.389583333333332860e+01,4.210897117125610384e+04
4.391666666666666430e+01,4.408962596615023358e+04
4.393750000000000000e+01,3.612478912787293666e+04
4.395833333333332860e+01,3.532625677521763282e+04
4.397916666666666430e+01,4.210928135809057858e+04
4.400000000000000000e+01,4.121592073032096232e+04
4.402083333333332860e+01,3.459039597135416989e+04
4.404166666666666430e+01,3.856624021731618268e+04
4.406250000000000000e+01,4.027652842012678593e+04
4.408333333333332860e+01,3.866499952062973898e+04
4.410416666666666430e+01,3.824396205319686123e+04
4.412500000000000000e+01,3.865037397094473999e+04
4.414583333333332860e+01,3.826373679515292315e+04
4.416666666666666430e+01,3.894668452454369981e+04
4.418750000000000000e+01,4.170888821594950423e+04
4.420833333333332860e+01,3.693677597524608427e+04
4.422916666666666430e+01,3.543997100617404067e+04
4.425000000000000000e+01,4.168740672262158478e+04
4.427083333333332860e+01,4.183493728241605277e+04
4.429166666666666430e+01,3.378003789978710120e+04
4.431250000000000000e+01,3.721180595858223387e+04
4.433333333333332860e+01,4.503505813429380942e+04
4.435416666666666430e+01,3.866015348153175728e+04
4.437500000000000000e+01,3.224630076563538023e+04
4.439583333333332860e+01,3.931916462369076908e+04
4.441666666666666430e+01,4.376608182077856327e+04
4.443750000000000000e+01,3.564880459768309811e+04
4.445833333333332860e+01,3.520783236392132676e+04
4.447916666666666430e+01,4.184173915912794473e+04
4.450000000000000000e+01,4.052435671737463417e+04
4.452083333333332860e+01,3.545580110363726271e+04
4.454166666666666430e+01,3.717187078621548426e+04
4.456250000000000000e+01,4.126175414038731105e+04
4.458333333333332860e+01,3.880513551139825722e+04
4.460416666666666430e+01,3.671295397145787865e+04
4.462500000000000000e+01,3.848906683328124200e+04
4.464583333333332860e+01,3.908581286613515113e+04
4.466666666666666430e+01,3.858685657434733002e+04
4.468750000000000000e+01,3.946294523723908787e+04
4.470833333333332860e+01,3.846983639905110613e+04
4.472916666666666430e+01,3.568574779797959491e+04
4.475000000000000000e+01,4.058766773604848277e+04
4.477083333333332860e+01,4.182395382314993913e+04
4.479166666666666430e+01,3.625768541974623804e+04
4.481250000000000000e+01,3.607426281389153883e+04
4.483333333333332860e+01,4.319456462314931559e+04
4.485416666666666430e+01,4.111283239529616549e+04
4.487500000000000000e+01,3.223590851768222637e+04
4.489583333333332860e+01,3.810717576133483090e+04
4.491666666666666430e+01,4.503612580777481344e+04
4.493750000000000000e+01,3.656578781087858806e+04
4.495833333333332860e+01,3.243935674638267665e+04
4.497916666666666430e+01,4.186535263879616105e+04
4.500000000000000000e+01,4.262825825363261538e+04
4.502083333333332860e+01,3.543202508986536850e+04
4.504166666666666430e+01,3.506013086738068523e+04
4.506250000000000000e+01,4.183811425208247965e+04
4.508333333333332860e+01,4.066184897200320847e+04
4.510416666666666430e+01,3.581037425048610748e+04
4.512500000000000000e+01,3.865419701356645965e+04
4.514583333333332860e+01,3.961990310644801502e+04
4.516666666666666430e+01,3.862566823022587778e+04
4.518750000000000000e+01,3.967372216879632469e+04
4.520833333333332860e+01,3.864261401111774467e+04
4.522916666666666430e+01,3.659951626572285750e+04
4.525000000000000000e+01,3.965860833102173638e+04
4.527083333333332860e+01,4.183486306144145783e+04
4.529166666666666430e+01,3.627794246892439696e+04
4.531250000000000000e+01,3.543204990272426221e+04
4.533333333333332860e+01,4.205792797422515287e+04
4.535416666666666430e+01,4.183980230699183448e+04
4.537500000000000000e+01,3.435076673406500049e+04
4.539583333333332860e+01,3.349684657364462328e+04
4.541666666666666430e+01,4.470302125502283161e+04
4.543750000000000000e+01,4.199512957196602656e+04
4.545833333333332860e+01,3.231542307113812785e+04
4.547916666666666430e+01,3.580672608773091633e+04
4.550000000000000000e+01,4.510782732891381602e+04
4.552083333333332860e+01,3.891567797003535088e+04
4.554166666666666430e+01,3.461530737972399220e+04
4.556250000000000000e+01,3.910733368819821771e+04
4.558333333333332860e+01,4.254027540910633252e+04
4.560416666666666430e+01,3.866281380278975848e+04
4.562500000000000000e+01,3.588603398511484556e+04
4.564583333333332860e+01,3.863619335832654906e+04
4.566666666666666430e+01,3.877852116100406420e+04
4.568750000000000000e+01,4.025592999568275991e+04
4.570833333333332860e+01,4.018396006598431995e+04
4.572916666666666430e+01,3.628036101566486468e+04
4.575000000000000000e+01,3.867018632176710526e+04
4.577083333333332860e+01,4.119403739561563270e+04
4.579166666666666430e+01,3.868643437375382200e+04
4.581250000000000000e+01,3.428966674386976229e+04
4.583333333333332860e+01,3.940188732319876726e+04
4.585416666666666430e+01,4.503996097946650116e+04
4.587500000000000000e+01,3.622934761740227259e+04
4.589583333333332860e+01,3.225266847996927754e+04
4.591666666666666430e+01,4.201237713619844726e+04
4.593750000000000000e+01,4.478035329192544305e+04
4.595833333333332860e+01,3.297042449288994976e+04
4.597916666666666430e+01,3.624252567017752153e+04
4.600000000000000000e+01,4.230509985739544209e+04
4.602083333333332860e+01,3.985168423313227686e+04
4.604166666666666430e+01,3.574141743642235815e+04
4.606250000000000000e+01,3.964244162750447140e+04
4.608333333333332860e+01,4.190955982292754925e+04
4.610416666666666430e+01,3.551732125982140133e+04
4.612500000000000000e+01,3.741723021479316230e+04
4.614583333333332860e+01,4.187439839212676452e+04
4.616666666666666430e+01,3.967997001751142670e+04
4.618750000000000000e+01,3.545446465923250798e+04
4.620833333333332860e+01,3.856000869135728863e+04
4.622916666666666430e+01,4.216417380835216318e+04
4.625000000000000000e+01,3.777203690098748484e+04
4.627083333333332860e+01,3.571776684842113900e+04
4.629166666666666430e+01,4.183509631084501598e+04
4.631250000000000000e+01,4.050780561766086612e+04
4.633333333333332860e+01,3.546242819313799555e+04
4.635416666666666430e+01,3.694489721715859196e+04
4.637500000000000000e+01,4.183311181585724262e+04
4.639583333333332860e+01,4.039070280440738861e+04
4.641666666666666430e+01,3.519475351722935739e+04
4.643750000000000000e+01,3.729354330365924397e+04
4.645833333333332860e+01,4.183611122610614257e+04
4.647916666666666430e+01,3.962205177664171060e+04
4.650000000000000000e+01,3.545824680848126445e+04
4.652083333333332860e+01,3.886475544206272752e+04
4.654166666666666430e+01,3.991941144346437795e+04
4.656250000000000000e+01,3.567484099462753511e+04
4.658333333333332860e+01,3.584723293646763341e+04
4.660416666666666430e+01,4.142381946432590485e+04
4.662500000000000000e+01,3.918342467047178070e+04
4.664583333333332860e+01,3.527433985127021151e+04
4.666666666666666430e+01,3.906709271365260793e+04
4.668750000000000000e+01,4.177831274529966322e+04
4.670833333333332860e+01,3.604652645409895194e+04
4.672916666666666430e+01,3.681342797284137487e+04
4.675000000000000000e+01,4.181034037150245422e+04
4.677083333333332860e+01,3.966415585892834497e+04
4.679166666666666430e+01,3.542464544609352743e+04
4.681250000000000000e+01,3.863673035871395405e+04
4.683333333333332860e+01,4.201743177179844497e+04
4.685416666666666430e+01,3.709319737005608476e+04
4.687500000000000000e+01,3.671433967876205134e+04
4.689583333333332860e+01,4.182925085911589849e+04
4.691666666666666430e+01,3.956002497720056999e+04
4.693750000000000000e+01,3.543341564468677825e+04
4.695833333333332860e+01,3.905084590547499101e+04
4.697916666666666430e+01,4.183389651588033303e+04
4.700000000000000000e+01,3.615859267396866198e+04
4.702083333333332860e+01,3.693378641955971398e+04
4.704166666666666430e+01,4.150639708038926619e+04
4.706250000000000000e+01,3.921668222545883327e+04
4.708333333333332860e+01,3.542525384950291482e+04
4.710416666666666430e+01,3.962353538496157125e+04
4.712500000000000000e+01,4.165951001161006570e+04
4.714583333333332860e+01,3.550120237722463207e+04
4.716666666666666430e+01,3.747524300399383355e+04
4.718750000000000000e+01,4.182816489730056492e+04
4.720833333333332860e+01,3.895203355434793048e+04
4.722916666666666430e+01,3.473407486445899121e+04
4.725000000000000000e+01,4.104344275053752790e+04
4.727083333333332860e+01,4.117455671459548466e+04
4.729166666666666430e+01,3.356982139691196789e+04
4.731250000000000000e+01,4.078688024376848625e+04
4.733333333333332860e+01,4.682480662927992671e+04
4.735416666666666430e+01,3.766708424036968790e+04
4.737500000000000000e+01,3.345314373078913195e+04
4.739583333333332860e+01,4.337361845552297746e+04
4.741666666666666430e+01,4.358411380372290296e+04
4.743750000000000000e+01,3.333670858315747319e+04
4.745833333333332860e+01,3.474510278998598369e+04
4.747916666666666430e+01,4.481712072604752757e+04
4.750000000000000000e+01,3.992285462063873274e+04
4.752083333333332860e+01,3.243930556248172070e+04
4.754166666666666430e+01,3.962863988300839992e+04
4.756250000000000000e+01,4.300395526592846727e+04
4.758333333333332860e+01,3.547409654995750316e+04
4.760416666666666430e+01,3.542474420744927920e+04
4.762500000000000000e+01,4.347276880891843030e+04
4.764583333333332860e+01,3.941146850718141650e+04
4.766666666666666430e+01,3.339000564132733416e+04
4.768750000000000000e+01,3.961170114009276585e+04
4.770833333333332860e+01,4.253292247243050952e+04
4.772916666666666430e+01,3.831170822061691433e+04
4.775000000000000000e+01,3.580741792997650191e+04
4.777083333333332860e+01,3.864208861519690981e+04
4.779166666666666430e+01,3.905469728673573263e+04
4.781250000000000000e+01,4.003043125735283684e+04
4.783333333333332860e+01,3.930169608332755888e+04
4.785416666666666430e+01,3.696320615316935437e+04
4.787500000000000000e+01,3.864457395725386596e+04
4.789583333333332860e+01,4.228860462349218142e+04
4.791666666666666430e+01,3.849526293266394350e+04
4.793750000000000000e+01,3.345560536172259162e+04
4.795833333333332860e+01,4.023867129923780158e+04
4.797916666666666430e+01,4.503806915699664387e+04
4.800000000000000000e+01,3.576059005452154815e+04
4.802083333333332860e+01,3.224937026329846412e+04
4.804166666666666430e+01,4.237439789735414524e+04
4.806250000000000000e+01,4.072984531953650003e+04
4.808333333333332860e+01,3.081161459611414830e+04
4.810416666666666430e+01,3.358952866870486469e+04
4.812500000000000000e+01,4.344456700332501350e+04
4.814583333333332860e+01,4.112514709256242350e+04
4.816666666666666430e+01,3.198011438788832675e+04
4.818750000000000000e+01,3.711190374879022420e+04
4.820833333333332860e+01,4.373497496886026056e+04
4.822916666666666430e+01,3.773629523573681217e+04
4.825000000000000000e+01,3.493869465766716166e+04
4.827083333333332860e+01,3.889021760171273490e+04
4.829166666666666430e+01,4.048034532339692669e+04
4.831250000000000000e+01,3.909432268775287957e+04
4.833333333333332860e+01,3.862315617729973019e+04
4.835416666666666430e+01,3.889175608561180707e+04
4.837500000000000000e+01,3.864735777654494450e+04
4.839583333333332860e+01,4.002552364375261823e+04
4.841666666666666430e+01,3.865513930554485705e+04
4.843750000000000000e+01,3.641275382324735256e+04
4.845833333333332860e+01,3.887950721230792988e+04
4.847916666666666430e+01,4.183711491080095584e+04
4.850000000000000000e+01,3.631265824136227457e+04
4.852083333333332860e+01,3.543296832558941969e+04
4.854166666666666430e+01,4.202919865318532538e+04
4.856250000000000000e+01,4.183184013087316271e+04
4.858333333333332860e+01,3.351444238281490107e+04
4.860416666666666430e+01,3.741647490155431296e+04
4.862500000000000000e+01,4.502701594526371628e+04
4.864583333333332860e+01,3.888395952012791531e+04
4.866666666666666430e+01,3.224467081423019408e+04
4.868750000000000000e+01,3.960351343084174732e+04
4.870833333333332860e+01,4.480947461178126105e+04
