0.000000000000000000e+00,2.825491359590105276e+04
2.083333333333333218e-02,3.250722700766240087e+04
4.166666666666666435e-02,3.906209127912321128e+04
6.250000000000000000e-02,3.971661277404736757e+04
8.333333333333332871e-02,3.969414608078788297e+04
1.041666666666666574e-01,3.642541394200610375e+04
1.250000000000000000e-01,3.948087117996346205e+04
1.458333333333333148e-01,4.008826878477355785e+04
1.666666666666666574e-01,3.950812966738004616e+04
1.875000000000000000e-01,3.686759538346569752e+04
2.083333333333333148e-01,3.860551869939074095e+04
2.291666666666666574e-01,4.111938284813836799e+04
2.500000000000000000e-01,4.014447021083007712e+04
2.708333333333333148e-01,3.708183157678422867e+04
2.916666666666666297e-01,3.750843661775453074e+04
3.125000000000000000e-01,4.080113801774759486e+04
3.333333333333333148e-01,3.974513755351319560e+04
3.541666666666666297e-01,3.682852804942197690e+04
3.750000000000000000e-01,3.879680535537344258e+04
3.958333333333333148e-01,3.968147280702613352e+04
4.166666666666666297e-01,3.863565234292930836e+04
4.375000000000000000e-01,3.801735000794435473e+04
4.583333333333333148e-01,3.927967292977792385e+04
4.791666666666666297e-01,3.902249004464876634e+04
5.000000000000000000e-01,3.715733083016738965e+04
5.208333333333332593e-01,3.891236847692104493e+04
5.416666666666666297e-01,3.951112196388905431e+04
5.625000000000000000e-01,3.792310069726836809e+04
5.833333333333332593e-01,3.782717238974660722e+04
6.041666666666666297e-01,3.829689228205184190e+04
6.250000000000000000e-01,3.919239699511956860e+04
6.458333333333332593e-01,4.188196443776221713e+04
6.666666666666666297e-01,4.204178961924841133e+04
6.875000000000000000e-01,3.549581163767052931e+04
7.083333333333332593e-01,3.712512711265198595e+04
7.291666666666666297e-01,4.340128736492714961e+04
7.500000000000000000e-01,3.973934447561059642e+04
7.708333333333332593e-01,3.291829466550870711e+04
7.916666666666666297e-01,3.906653297656265931e+04
8.125000000000000000e-01,4.461770497848961531e+04
8.333333333333332593e-01,3.477876468760352145e+04
8.541666666666666297e-01,3.372562019072880503e+04
8.750000000000000000e-01,4.433741482667376840e+04
8.958333333333332593e-01,4.120545536802246352e+04
9.166666666666666297e-01,3.225976278814001489e+04
9.375000000000000000e-01,3.752245359945458040e+04
9.583333333333332593e-01,4.371956141627611214e+04
9.791666666666666297e-01,3.780815016740906140e+04
1.000000000000000000e+00,3.487844381094792334e+04
1.020833333333333259e+00,4.022510843550936261e+04
1.041666666666666519e+00,4.093596567134343786e+04
1.062500000000000000e+00,3.819592982036250032e+04
1.083333333333333259e+00,3.843612142173018947e+04
1.104166666666666519e+00,3.751012960855878191e+04
1.125000000000000000e+00,3.863704436498237919e+04
1.145833333333333259e+00,4.124908041226975911e+04
1.166666666666666519e+00,3.964985645804269734e+04
1.187500000000000000e+00,3.434409876955653453e+04
1.208333333333333259e+00,3.900958303638626967e+04
1.229166666666666519e+00,4.486723870233755588e+04
1.250000000000000000e+00,3.619489809083744331e+04
1.270833333333333259e+00,3.223295615447392265e+04
1.291666666666666519e+00,4.220759001847075706e+04
1.312500000000000000e+00,4.502366963106024195e+04
1.333333333333333259e+00,3.254750967646189747e+04
1.354166666666666519e+00,3.369163767354050651e+04
1.375000000000000000e+00,4.320519806758243794e+04
1.395833333333333259e+00,4.164857646147920605e+04
1.416666666666666519e+00,3.223402639217541582e+04
1.437500000000000000e+00,3.605465570316915546e+04
1.458333333333333259e+00,4.496260397872760223e+04
1.479166666666666519e+00,3.902034689574978984e+04
1.500000000000000000e+00,3.368340978290991188e+04
1.520833333333333259e+00,3.925642350121172058e+04
1.541666666666666519e+00,4.249407284980790428e+04
1.562500000000000000e+00,3.862722579267057881e+04
1.583333333333333259e+00,3.567019846143523318e+04
1.604166666666666519e+00,3.974558360592960526e+04
1.625000000000000000e+00,3.934173457335051353e+04
1.645833333333333259e+00,3.967105506925495865e+04
1.666666666666666519e+00,3.862227998488985759e+04
1.687500000000000000e+00,3.750406530036941695e+04
1.708333333333333259e+00,3.862661393635637796e+04
1.729166666666666519e+00,4.083280646879567939e+04
1.750000000000000000e+00,3.863581868295591994e+04
1.770833333333333259e+00,3.442896018607842416e+04
1.791666666666666519e+00,3.994821003689474310e+04
1.812500000000000000e+00,4.192011042631098826e+04
1.833333333333333259e+00,3.703721229236665386e+04
1.854166666666666519e+00,3.542012366786754865e+04
1.875000000000000000e+00,4.165436933096968278e+04
1.895833333333333259e+00,4.183223419392336655e+04
1.916666666666666519e+00,3.306267568416464201e+04
1.937500000000000000e+00,3.656220355566931539e+04
1.958333333333333259e+00,4.413462021420162637e+04
1.979166666666666519e+00,3.951570493942593021e+04
2.000000000000000000e+00,3.222696073780524603e+04
2.020833333333333037e+00,3.885838598866208486e+04
2.041666666666666519e+00,4.503945323995062063e+04
2.062500000000000000e+00,3.625809547563758679e+04
2.083333333333333037e+00,3.352120395797734818e+04
2.104166666666666519e+00,4.349282349471385533e+04
2.125000000000000000e+00,4.331196313711163384e+04
2.145833333333333037e+00,3.608058900986857043e+04
2.166666666666666519e+00,3.671805942709202645e+04
2.187500000000000000e+00,4.186432461730379146e+04
2.208333333333333037e+00,3.883826355743722524e+04
2.229166666666666519e+00,3.636525054727488896e+04
2.250000000000000000e+00,3.925127107589027582e+04
2.270833333333333037e+00,4.008538509674552188e+04
2.291666666666666519e+00,3.867706084204142098e+04
2.312500000000000000e+00,3.953331785235246207e+04
2.333333333333333037e+00,3.837954252955744596e+04
2.354166666666666519e+00,3.543320881682178879e+04
2.375000000000000000e+00,4.119960178539877234e+04
2.395833333333333037e+00,4.184391694605763769e+04
2.416666666666666519e+00,3.448726492511579272e+04
2.437500000000000000e+00,3.588740572344540851e+04
2.458333333333333037e+00,4.501683045385083096e+04
2.479166666666666519e+00,3.974318448876497860e+04
2.500000000000000000e+00,3.223651369540557062e+04
2.520833333333333037e+00,3.836332424023372732e+04
2.541666666666666519e+00,4.503034104171302170e+04
2.562500000000000000e+00,3.749212141634948057e+04
2.583333333333333037e+00,3.265781480557884061e+04
2.604166666666666519e+00,4.162490001901385403e+04
2.625000000000000000e+00,4.159081617045347957e+04
2.645833333333333037e+00,3.543103405326147913e+04
2.666666666666666519e+00,3.695674032908919617e+04
2.687500000000000000e+00,4.183064493860601942e+04
2.708333333333333037e+00,3.890846746017836995e+04
2.729166666666666519e+00,3.702056079845369095e+04
2.750000000000000000e+00,3.861931074463447294e+04
2.770833333333333037e+00,3.941095150712398754e+04
2.791666666666666519e+00,3.863167873099718418e+04
2.812500000000000000e+00,3.791241540056276426e+04
2.833333333333333037e+00,3.863595880622080585e+04
2.854166666666666519e+00,3.672356870029773563e+04
2.875000000000000000e+00,3.981397957009403763e+04
2.895833333333333037e+00,4.183419520329067745e+04
2.916666666666666519e+00,3.625513829680693743e+04
2.937500000000000000e+00,3.614022117280621023e+04
2.958333333333333037e+00,4.206259523081282532e+04
2.979166666666666519e+00,4.184119275686101173e+04
3.000000000000000000e+00,3.306545785162680113e+04
3.020833333333333037e+00,3.660704989089814626e+04
3.041666666666666519e+00,4.502667275795210298e+04
3.062500000000000000e+00,3.951913826414193318e+04
3.083333333333333037e+00,3.222915334057362634e+04
3.104166666666666519e+00,3.871815552930360718e+04
3.125000000000000000e+00,4.457608993159891543e+04
3.145833333333333037e+00,3.659085015716162889e+04
3.166666666666666519e+00,3.328071140789095080e+04
3.187500000000000000e+00,4.182665684314623650e+04
3.208333333333333037e+00,4.253477762080969842e+04
3.229166666666666519e+00,3.421442679412347934e+04
3.250000000000000000e+00,3.581643506179035467e+04
3.270833333333333037e+00,4.255579233254987776e+04
3.291666666666666519e+00,3.923004419188233442e+04
3.312500000000000000e+00,3.672135481914789125e+04
3.333333333333333037e+00,3.902450941364512983e+04
3.354166666666666519e+00,3.954896322122240963e+04
3.375000000000000000e+00,3.863225929119463399e+04
3.395833333333333037e+00,3.878060614342168992e+04
3.416666666666666519e+00,3.944165653565603861e+04
3.437500000000000000e+00,3.642599726682978508e+04
3.458333333333333037e+00,3.991459866701809369e+04
3.479166666666666519e+00,4.183915693367883796e+04
3.500000000000000000e+00,3.580685203124645341e+04
3.520833333333333037e+00,3.543424304833421047e+04
3.541666666666666519e+00,4.180720861091584084e+04
3.562500000000000000e+00,4.151146616291032842e+04
3.583333333333333037e+00,3.227824740820686202e+04
3.604166666666666519e+00,3.805478151866485860e+04
3.625000000000000000e+00,4.502971577887533931e+04
3.645833333333333037e+00,3.867242400785357313e+04
3.666666666666666519e+00,3.223471799577585261e+04
3.687500000000000000e+00,4.341133805730172026e+04
3.708333333333333037e+00,4.603234228772927599e+04
3.729166666666666519e+00,3.663927981535014260e+04
3.750000000000000000e+00,3.539266557363025640e+04
3.770833333333333037e+00,4.231578561162269034e+04
3.791666666666666519e+00,4.141052611286199681e+04
3.812500000000000000e+00,3.467957171576142719e+04
3.833333333333333037e+00,3.817129367357129377e+04
3.854166666666666519e+00,4.038639048670625925e+04
3.875000000000000000e+00,3.868705242821708816e+04
3.895833333333333037e+00,3.798336319662028109e+04
3.916666666666666519e+00,3.929572288668269903e+04
3.937500000000000000e+00,3.837479257308693923e+04
3.958333333333333037e+00,3.880567629736570962e+04
3.979166666666666519e+00,4.139851323503891035e+04
4.000000000000000000e+00,3.683651238524341170e+04
4.020833333333333037e+00,3.563542745216891490e+04
4.041666666666666075e+00,4.167067791619510535e+04
4.062500000000000000e+00,4.184300664525353932e+04
4.083333333333333037e+00,3.365682597405504202e+04
4.104166666666666075e+00,3.699149656429531751e+04
4.125000000000000000e+00,4.503426177458528400e+04
4.145833333333333037e+00,3.955708614041753026e+04
4.166666666666666075e+00,3.225403710883850727e+04
4.187500000000000000e+00,3.866085606620171893e+04
4.208333333333333037e+00,4.454814595745917177e+04
4.229166666666666075e+00,3.604229290707622567e+04
4.250000000000000000e+00,3.311231792660843348e+04
4.270833333333333037e+00,4.184190814830040472e+04
4.291666666666666075e+00,4.208017039879474032e+04
4.312500000000000000e+00,3.544927593395630538e+04
4.333333333333333037e+00,3.584657026452042192e+04
4.354166666666666075e+00,4.184670276643981197e+04
4.375000000000000000e+00,3.912360234457028855e+04
4.395833333333333037e+00,3.686083792983603780e+04
4.416666666666666075e+00,3.908615052616348839e+04
4.437500000000000000e+00,3.947600822703252925e+04
4.458333333333333037e+00,3.863753421485562285e+04
4.479166666666666075e+00,3.887057657100528013e+04
4.500000000000000000e+00,3.878101079465452494e+04
4.520833333333333037e+00,3.696490659473913547e+04
4.541666666666666075e+00,3.988329986960180395e+04
4.562500000000000000e+00,4.183519170414921973e+04
4.583333333333333037e+00,3.656011217741069413e+04
4.604166666666666075e+00,3.544749908579385374e+04
4.625000000000000000e+00,4.259811949726806779e+04
4.645833333333333037e+00,4.167242502564380266e+04
4.666666666666666075e+00,3.243023291345433972e+04
4.687500000000000000e+00,3.711145462814853818e+04
4.708333333333333037e+00,4.363305558118205226e+04
4.729166666666666075e+00,3.909492594362322416e+04
4.750000000000000000e+00,3.356284297586521279e+04
4.770833333333333037e+00,3.973471096962318552e+04
4.791666666666666075e+00,4.263885726390466152e+04
4.812500000000000000e+00,3.545185623925622349e+04
4.833333333333333037e+00,3.774732915764726931e+04
4.854166666666666075e+00,4.184571467564444174e+04
4.875000000000000000e+00,3.860653572961641476e+04
4.895833333333333037e+00,3.543620401979055896e+04
4.916666666666666075e+00,4.082797023617837112e+04
4.937500000000000000e+00,4.080016728207132110e+04
4.958333333333333037e+00,3.543001207847345358e+04
4.979166666666666075e+00,3.783176276881116792e+04
5.000000000000000000e+00,4.184150742833110417e+04
5.020833333333333037e+00,3.850491627230407903e+04
5.041666666666666075e+00,3.464787971222949272e+04
5.062500000000000000e+00,4.056664208137299283e+04
5.083333333333333037e+00,4.078025494792692189e+04
5.104166666666666075e+00,3.543089495408867515e+04
5.125000000000000000e+00,3.791524965729243559e+04
5.145833333333333037e+00,4.185814305945681554e+04
5.166666666666666075e+00,3.819568874564408179e+04
5.187500000000000000e+00,3.625105251276816125e+04
5.208333333333333037e+00,4.150790305526869633e+04
5.229166666666666075e+00,4.027438616337840358e+04
5.250000000000000000e+00,3.542904125470943836e+04
5.270833333333333037e+00,3.802386494918404060e+04
5.291666666666666075e+00,4.184436291910981527e+04
5.312500000000000000e+00,3.825039542481816898e+04
5.333333333333333037e+00,3.544455803246844880e+04
5.354166666666666075e+00,4.134091534513794613e+04
5.375000000000000000e+00,4.057632030891632166e+04
5.395833333333333037e+00,3.543310823854010960e+04
5.416666666666666075e+00,3.763373810666783538e+04
5.437500000000000000e+00,4.256276820346705790e+04
5.458333333333333037e+00,3.883928025935097685e+04
5.479166666666666075e+00,3.544880030833262572e+04
5.500000000000000000e+00,4.037379988372814114e+04
5.520833333333333037e+00,4.111024138911679620e+04
5.541666666666666075e+00,3.446976959534180787e+04
5.562500000000000000e+00,3.761928868313228304e+04
5.583333333333333037e+00,4.184524355875478068e+04
5.604166666666666075e+00,3.867423954942802811e+04
5.625000000000000000e+00,3.544647300657450251e+04
5.645833333333333037e+00,4.056945516459557984e+04
5.666666666666666075e+00,4.110067966947277455e+04
5.687500000000000000e+00,3.542483892227103934e+04
5.708333333333333037e+00,3.756047258641759254e+04
5.729166666666666075e+00,4.183596825588527281e+04
5.750000000000000000e+00,3.899591893623324722e+04
5.770833333333333037e+00,3.543344758831663785e+04
5.791666666666666075e+00,4.003285883410637325e+04
5.812500000000000000e+00,4.136798112791180029e+04
5.833333333333333037e+00,3.542422922068427579e+04
5.854166666666666075e+00,3.772255968466545164e+04
5.875000000000000000e+00,4.183688059205321042e+04
5.895833333333333037e+00,3.863541252108708431e+04
5.916666666666666075e+00,3.544072594583479076e+04
5.937500000000000000e+00,4.050962548580676957e+04
5.958333333333333037e+00,4.081983555442077341e+04
5.979166666666666075e+00,3.607156950770811818e+04
6.000000000000000000e+00,3.794774950887884188e+04
6.020833333333333037e+00,4.184445740406130062e+04
6.041666666666666075e+00,3.828055119043437298e+04
6.062500000000000000e+00,3.488751532818662963e+04
6.083333333333333037e+00,4.129684452601105295e+04
6.104166666666666075e+00,4.046387176484183874e+04
6.125000000000000000e+00,3.543023070455367269e+04
6.145833333333333037e+00,3.939403907415529102e+04
6.166666666666666075e+00,4.184123635019877838e+04
6.187500000000000000e+00,3.663444725253613433e+04
6.208333333333333037e+00,3.552990024080204603e+04
6.229166666666666075e+00,4.251717894627621718e+04
6.250000000000000000e+00,4.020062539310443390e+04
6.270833333333333037e+00,3.384555339368271234e+04
6.291666666666666075e+00,3.808436313599849382e+04
6.312500000000000000e+00,4.203204482513420226e+04
6.333333333333333037e+00,3.882972201210029016e+04
6.354166666666666075e+00,3.550384408769202855e+04
6.375000000000000000e+00,4.157210392973843409e+04
6.395833333333333037e+00,4.027713023052865901e+04
6.416666666666666075e+00,3.542305454256953817e+04
6.437500000000000000e+00,3.791740114249477483e+04
6.458333333333333037e+00,4.167034298120396852e+04
6.479166666666666075e+00,3.833191857174481993e+04
6.500000000000000000e+00,3.543258755929276958e+04
6.520833333333333037e+00,4.081852579564236657e+04
6.541666666666666075e+00,4.040509984645616350e+04
6.562500000000000000e+00,3.606486071909735620e+04
6.583333333333333037e+00,3.940204693350394518e+04
6.604166666666666075e+00,4.189352398709850968e+04
6.625000000000000000e+00,3.684764842430882709e+04
6.645833333333333037e+00,3.396621915589564742e+04
6.666666666666666075e+00,4.316664191555730213e+04
6.687500000000000000e+00,4.013598373206722317e+04
6.708333333333333037e+00,3.266606020944688134e+04
6.729166666666666075e+00,4.022783569443475426e+04
6.750000000000000000e+00,4.506807530288899579e+04
6.770833333333333037e+00,3.427296338824326813e+04
6.791666666666666075e+00,3.335555018691305304e+04
6.812500000000000000e+00,4.504949705081099091e+04
6.833333333333333037e+00,4.062426037821490900e+04
6.854166666666666075e+00,3.226706296310003017e+04
6.875000000000000000e+00,3.781529664035455789e+04
6.895833333333333037e+00,4.471134547627787106e+04
6.916666666666666075e+00,3.544095439799789892e+04
6.937500000000000000e+00,3.473904517964948172e+04
6.958333333333333037e+00,4.186286764231100096e+04
6.979166666666666075e+00,4.174813573251652997e+04
7.000000000000000000e+00,3.544937759218258725e+04
7.020833333333333037e+00,3.733165483077612589e+04
7.041666666666666075e+00,4.088497155258790735e+04
7.062500000000000000e+00,3.863391301591473893e+04
7.083333333333333037e+00,3.808786554441516637e+04
7.104166666666666075e+00,3.977762761469777615e+04
7.125000000000000000e+00,3.822854420361684606e+04
7.145833333333333037e+00,3.789794655011667055e+04
7.166666666666666075e+00,4.124846847729854926e+04
7.187500000000000000e+00,3.711096604589361959e+04
7.208333333333333037e+00,3.543380667262733914e+04
7.229166666666666075e+00,4.133516756378513674e+04
7.250000000000000000e+00,4.184367226842509990e+04
7.270833333333333037e+00,3.432860500513796433e+04
7.291666666666666075e+00,3.594125118015240878e+04
7.312500000000000000e+00,4.502231051668447617e+04
7.333333333333333037e+00,3.973206217626003490e+04
7.354166666666666075e+00,3.224278232561761615e+04
7.375000000000000000e+00,3.843318868115260557e+04
7.395833333333333037e+00,4.504021320858651598e+04
7.416666666666666075e+00,3.740459777019261674e+04
7.437500000000000000e+00,3.273998486714262253e+04
7.458333333333333037e+00,4.183791875401442667e+04
7.479166666666666075e+00,4.154869675118594023e+04
7.500000000000000000e+00,3.544483371157712099e+04
7.520833333333333037e+00,3.666619339918939659e+04
7.541666666666666075e+00,4.175604880958241120e+04
7.562500000000000000e+00,3.886268151237751590e+04
7.583333333333333037e+00,3.669384954319849930e+04
7.604166666666666075e+00,3.863784002592165052e+04
7.625000000000000000e+00,3.916610597319682711e+04
7.645833333333333037e+00,3.864197880633683963e+04
7.666666666666666075e+00,3.940504233190636296e+04
7.687500000000000000e+00,3.961032995988581388e+04
7.708333333333333037e+00,3.560492046323536488e+04
7.729166666666666075e+00,3.994917643009220774e+04
7.750000000000000000e+00,4.184238086852167908e+04
7.770833333333333037e+00,3.564333897539012833e+04
7.791666666666666075e+00,3.584894479923410108e+04
7.812500000000000000e+00,4.319363253069466737e+04
7.833333333333333037e+00,4.123717508808494313e+04
7.854166666666666075e+00,3.222834616346124312e+04
7.875000000000000000e+00,3.771528666189053183e+04
7.895833333333333037e+00,4.407576737664299435e+04
7.916666666666666075e+00,3.842398168513060955e+04
7.937500000000000000e+00,3.224339567916997476e+04
7.958333333333333037e+00,4.085743167476755480e+04
7.979166666666666075e+00,4.250193290342002001e+04
8.000000000000000000e+00,3.771434722345793125e+04
8.020833333333332149e+00,3.367926922280604049e+04
8.041666666666666075e+00,3.831929512587070349e+04
8.062500000000000000e+00,4.149256901706809731e+04
8.083333333333332149e+00,3.743984018611344072e+04
8.104166666666666075e+00,3.749939322998355783e+04
8.125000000000000000e+00,3.746872177807676781e+04
8.145833333333332149e+00,3.861227262581378454e+04
8.166666666666666075e+00,4.081572741954163939e+04
8.187500000000000000e+00,3.865280541784375964e+04
8.208333333333332149e+00,3.666142590808377281e+04
8.229166666666666075e+00,3.864795642300978216e+04
8.250000000000000000e+00,4.221028062868770940e+04
8.270833333333332149e+00,3.777209636174765910e+04
8.291666666666666075e+00,3.461130860146506893e+04
8.312500000000000000e+00,4.065097631830713362e+04
8.333333333333332149e+00,4.184410939519973181e+04
8.354166666666666075e+00,3.576922433646904392e+04
8.375000000000000000e+00,3.543806126173238590e+04
8.395833333333332149e+00,4.297375496563938214e+04
8.416666666666666075e+00,4.145217283008166851e+04
8.437500000000000000e+00,3.222331910281900491e+04
8.458333333333332149e+00,3.847195276778054540e+04
8.479166666666666075e+00,4.503258534394235176e+04
8.500000000000000000e+00,3.819490775477372517e+04
8.520833333333332149e+00,3.224220446909096790e+04
8.541666666666666075e+00,4.060471368544364668e+04
8.562500000000000000e+00,4.336395557845370786e+04
8.583333333333332149e+00,3.443392505359047209e+04
8.604166666666666075e+00,3.445343044030909368e+04
8.625000000000000000e+00,4.183971365724989300e+04
8.645833333333332149e+00,4.170396539861123165e+04
8.666666666666666075e+00,3.544264461629598372e+04
8.687500000000000000e+00,3.791890424834861915e+04
8.708333333333332149e+00,4.073960440491545887e+04
8.729166666666666075e+00,3.862970448715305247e+04
8.750000000000000000e+00,3.781333528478137305e+04
8.770833333333332149e+00,3.950189044704531261e+04
8.791666666666666075e+00,3.888299415029528609e+04
8.812500000000000000e+00,3.864225205155941512e+04
8.833333333333332149e+00,4.077209829604370316e+04
8.854166666666666075e+00,3.762667712958657648e+04
8.875000000000000000e+00,3.543005593251599930e+04
8.895833333333332149e+00,4.087567089092717652e+04
8.916666666666666075e+00,4.182481276342012279e+04
8.937500000000000000e+00,3.578868374686103925e+04
8.958333333333332149e+00,3.556937385497168725e+04
8.979166666666666075e+00,4.306106088917444868e+04
9.000000000000000000e+00,4.060755656961029308e+04
9.020833333333332149e+00,3.289173732975462190e+04
9.041666666666666075e+00,3.793209856639248756e+04
9.062500000000000000e+00,4.504809859803684958e+04
9.083333333333332149e+00,3.708764924913126742e+04
9.104166666666666075e+00,3.224573536780932409e+04
9.125000000000000000e+00,4.099807678850790398e+04
9.145833333333332149e+00,4.291972669411907555e+04
9.166666666666666075e+00,3.543491688510790118e+04
9.187500000000000000e+00,3.505073742185004812e+04
9.208333333333332149e+00,4.184657659082858299e+04
9.229166666666666075e+00,4.165578557963849016e+04
9.250000000000000000e+00,3.544293637201922684e+04
9.270833333333332149e+00,3.776230085706544924e+04
9.291666666666666075e+00,4.061812985266461328e+04
9.312500000000000000e+00,3.862859004409083718e+04
9.333333333333332149e+00,3.878888432014609862e+04
9.354166666666666075e+00,3.894420982090497273e+04
9.375000000000000000e+00,3.906087160930912796e+04
9.395833333333332149e+00,3.967792855938761932e+04
9.416666666666666075e+00,4.224792176981554076e+04
9.437500000000000000e+00,3.693128307480584772e+04
9.458333333333332149e+00,3.562808305162266333e+04
9.479166666666666075e+00,4.160930078821771167e+04
9.500000000000000000e+00,4.191975946906207537e+04
9.520833333333332149e+00,3.424686854376870906e+04
9.541666666666666075e+00,3.637364182960346079e+04
9.562500000000000000e+00,4.502460616719591053e+04
9.583333333333332149e+00,3.774951858451576118e+04
9.604166666666666075e+00,3.225557827050337437e+04
9.625000000000000000e+00,4.146251968064629909e+04
9.645833333333332149e+00,4.471142075299788848e+04
9.666666666666666075e+00,3.275641453468644249e+04
9.687500000000000000e+00,3.355652199792718602e+04
9.708333333333332149e+00,4.500457004771985521e+04
9.729166666666666075e+00,4.107796801512060483e+04
9.750000000000000000e+00,3.224411270834166862e+04
9.770833333333332149e+00,3.768457200557098986e+04
9.791666666666666075e+00,4.505671039273721544e+04
9.812500000000000000e+00,3.540250800042293849e+04
9.833333333333332149e+00,3.366142783795843570e+04
9.854166666666666075e+00,4.183904004057743441e+04
9.875000000000000000e+00,4.269107912680693698e+04
9.895833333333332149e+00,3.544131312899206387e+04
9.916666666666666075e+00,3.694617658411587036e+04
9.937500000000000000e+00,4.184452250024072418e+04
9.958333333333332149e+00,3.907418925194615440e+04
9.979166666666666075e+00,3.659381534746202669e+04
1.000000000000000000e+01,3.863490169863178016e+04
1.002083333333333215e+01,3.955109967380739545e+04
1.004166666666666607e+01,3.863192902440049511e+04
1.006250000000000000e+01,3.871825617467887059e+04
1.008333333333333215e+01,3.972028267527576827e+04
1.010416666666666607e+01,3.673684987429127796e+04
1.012500000000000000e+01,3.911053899014266062e+04
1.014583333333333215e+01,4.184152897889454471e+04
1.016666666666666607e+01,3.643328888741305855e+04
1.018750000000000000e+01,3.597852283589001308e+04
1.020833333333333215e+01,4.261948150706576416e+04
1.022916666666666607e+01,4.199946168114362808e+04
1.025000000000000000e+01,3.289573029428903101e+04
1.027083333333333215e+01,3.790372616340850072e+04
1.029166666666666607e+01,4.457267168140654394e+04
1.031250000000000000e+01,3.702092942454540753e+04
1.033333333333333215e+01,3.228413973267496476e+04
1.035416666666666607e+01,4.331948783038551483e+04
1.037500000000000000e+01,4.294805703099696257e+04
1.039583333333333215e+01,3.225925863030398614e+04
1.041666666666666607e+01,3.530339118532878638e+04
1.043750000000000000e+01,4.505255310344435566e+04
1.045833333333333215e+01,4.116240540193279594e+04
1.047916666666666607e+01,3.225488105763195563e+04
1.050000000000000000e+01,3.740452930426324019e+04
1.052083333333333215e+01,4.390192102004854678e+04
1.054166666666666607e+01,3.860192821134941187e+04
1.056250000000000000e+01,3.461912725360810873e+04
1.058333333333333215e+01,3.863546775874323066e+04
1.060416666666666607e+01,4.106921497330931743e+04
1.062500000000000000e+01,3.838785423300094408e+04
1.064583333333333215e+01,3.848193636778494692e+04
1.066666666666666607e+01,3.800439849741633225e+04
1.068750000000000000e+01,3.864227223947844323e+04
1.070833333333333215e+01,4.024281591722930898e+04
1.072916666666666607e+01,3.865451883586612530e+04
1.075000000000000000e+01,3.518540944426321221e+04
1.077083333333333215e+01,3.865819899369330960e+04
1.079166666666666607e+01,4.488027756618690182e+04
1.081250000000000000e+01,3.699356497486196895e+04
1.083333333333333215e+01,3.293718564280337159e+04
1.085416666666666607e+01,4.144409015854042809e+04
1.087500000000000000e+01,4.480084084576917667e+04
1.089583333333333215e+01,3.395236829965655488e+04
1.091666666666666607e+01,3.278260805564460316e+04
1.093750000000000000e+01,4.469852198411316203e+04
1.095833333333333215e+01,4.158518170423110132e+04
1.097916666666666607e+01,3.240615923011210543e+04
1.100000000000000000e+01,3.738440646075453697e+04
1.102083333333333215e+01,4.386133886114106281e+04
1.104166666666666607e+01,3.676834843361591629e+04
1.106250000000000000e+01,3.424343401646482380e+04
1.108333333333333215e+01,4.186238748067778215e+04
1.110416666666666607e+01,4.261193794819462346e+04
1.112500000000000000e+01,3.545215704152316903e+04
1.114583333333333215e+01,3.560011982453098608e+04
1.116666666666666607e+01,4.184355582688703726e+04
1.118750000000000000e+01,3.962420103930777987e+04
1.120833333333333215e+01,3.661042538380944461e+04
1.122916666666666607e+01,3.862811467738151259e+04
1.125000000000000000e+01,3.927300686120601313e+04
1.127083333333333215e+01,3.863945775504304038e+04
1.129166666666666607e+01,3.934842594608752552e+04
1.131250000000000000e+01,3.960281714118992386e+04
1.133333333333333215e+01,3.557713656449712289e+04
1.135416666666666607e+01,4.033629925154666125e+04
1.137500000000000000e+01,4.184078048979227606e+04
1.139583333333333215e+01,3.591963461344387906e+04
1.141666666666666607e+01,3.611261269552540034e+04
1.143750000000000000e+01,4.177945914632762288e+04
1.145833333333333215e+01,4.155207224322010006e+04
1.147916666666666607e+01,3.245696185061387587e+04
1.150000000000000000e+01,3.747623849741937011e+04
1.152083333333333215e+01,4.503522666354957619e+04
1.154166666666666607e+01,3.853282345761384931e+04
1.156250000000000000e+01,3.224293893089781704e+04
1.158333333333333215e+01,4.072779271059298480e+04
1.160416666666666607e+01,4.399561956915250630e+04
1.162500000000000000e+01,3.542910083928823587e+04
1.164583333333333215e+01,3.447402274486198439e+04
1.166666666666666607e+01,4.183553505886662606e+04
1.168750000000000000e+01,4.175609826492175489e+04
1.170833333333333215e+01,3.403045955619242886e+04
1.172916666666666607e+01,3.823086897999246867e+04
1.175000000000000000e+01,4.220356631777951407e+04
1.177083333333333215e+01,3.704068730471927847e+04
1.179166666666666607e+01,3.394986869784935698e+04
1.181250000000000000e+01,3.820673810882204998e+04
1.183333333333333215e+01,4.059887634492987854e+04
1.185416666666666607e+01,3.793872392059923732e+04
1.187500000000000000e+01,3.851789143068696285e+04
1.189583333333333215e+01,3.634147032521298388e+04
1.191666666666666607e+01,3.859428215929866565e+04
1.193750000000000000e+01,4.137796026005051681e+04
1.195833333333333215e+01,3.900332668830234616e+04
1.197916666666666607e+01,3.498097252090611437e+04
1.200000000000000000e+01,3.876547814131702035e+04
1.202083333333333215e+01,4.483784314642041136e+04
1.204166666666666607e+01,3.692779704731168022e+04
1.206250000000000000e+01,3.222082582251070926e+04
1.208333333333333215e+01,4.014640943862399581e+04
1.210416666666666607e+01,4.405254700603477249e+04
1.212500000000000000e+01,3.612648282891787676e+04
1.214583333333333215e+01,3.223608164097306144e+04
1.216666666666666607e+01,4.199122268758400605e+04
1.218750000000000000e+01,4.505548162806681648e+04
1.220833333333333215e+01,3.309352200651091698e+04
1.222916666666666607e+01,3.329723820907562913e+04
1.225000000000000000e+01,4.503120135897278669e+04
1.227083333333333215e+01,4.180131537072853098e+04
1.229166666666666607e+01,3.223980443665088387e+04
1.231250000000000000e+01,3.558878039448285563e+04
1.233333333333333215e+01,4.504431934659705439e+04
1.235416666666666607e+01,3.942732475178698951e+04
1.237500000000000000e+01,3.317847142764236924e+04
1.239583333333333215e+01,4.014001423826145765e+04
1.241666666666666607e+01,4.324990544108972972e+04
1.243750000000000000e+01,3.693487729035264056e+04
1.245833333333333215e+01,3.422096437630501896e+04
1.247916666666666607e+01,4.183830804182234715e+04
1.250000000000000000e+01,4.116148438704251021e+04
1.252083333333333215e+01,3.524550245960753819e+04
1.254166666666666607e+01,3.661068307601828565e+04
1.256250000000000000e+01,4.168590840986528929e+04
1.258333333333333215e+01,3.894115372267317434e+04
1.260416666666666607e+01,3.696280848703294032e+04
1.262500000000000000e+01,3.861203982467893366e+04
1.264583333333333215e+01,3.920964469421001559e+04
1.266666666666666607e+01,3.861810561498910829e+04
1.268750000000000000e+01,3.948008218739781296e+04
1.270833333333333215e+01,3.858160388382535893e+04
1.272916666666666607e+01,3.567450222214932000e+04
1.275000000000000000e+01,4.070843455182538310e+04
1.277083333333333215e+01,4.184966748692525289e+04
1.279166666666666607e+01,3.520691376226006105e+04
1.281250000000000000e+01,3.637867199746364349e+04
1.283333333333333215e+01,4.315345925096330757e+04
1.285416666666666607e+01,4.075283823631353152e+04
1.287500000000000000e+01,3.223794669612457801e+04
1.289583333333333215e+01,3.781832176437916496e+04
1.291666666666666607e+01,4.503674526160611276e+04
1.293750000000000000e+01,3.761604533332699066e+04
1.295833333333333215e+01,3.226387647109578029e+04
1.297916666666666607e+01,4.088898168543940119e+04
1.300000000000000000e+01,4.278526977013979922e+04
1.302083333333333215e+01,3.543969228651579033e+04
1.304166666666666607e+01,3.521032660746062902e+04
1.306250000000000000e+01,4.184483541529399372e+04
1.308333333333333215e+01,4.024659263852042932e+04
1.310416666666666607e+01,3.617934104945622676e+04
1.312500000000000000e+01,3.864137936162435653e+04
1.314583333333333215e+01,3.970247662724669499e+04
1.316666666666666607e+01,3.864524500705456012e+04
1.318750000000000000e+01,3.877815453823546704e+04
1.320833333333333215e+01,3.914445212689921027e+04
1.322916666666666607e+01,3.783084195869186078e+04
1.325000000000000000e+01,3.976578394725151156e+04
1.327083333333333215e+01,4.038954624555575720e+04
1.329166666666666607e+01,3.621255516833260481e+04
1.331250000000000000e+01,3.893306980229538749e+04
1.333333333333333215e+01,4.207536291508471913e+04
1.335416666666666607e+01,3.873694546114360128e+04
1.337500000000000000e+01,3.264020457217008880e+04
1.339583333333333215e+01,4.035872935073616827e+04
1.341666666666666607e+01,4.507511114289177931e+04
1.343750000000000000e+01,3.573141655719269329e+04
1.345833333333333215e+01,3.270369356665355372e+04
1.347916666666666607e+01,4.295300082351779565e+04
1.350000000000000000e+01,4.454229969826673187e+04
1.352083333333333215e+01,3.223293699530818049e+04
1.354166666666666607e+01,3.438459551832474972e+04
1.356250000000000000e+01,4.464228450111434358e+04
1.358333333333333215e+01,3.936628538845788717e+04
1.360416666666666607e+01,3.225188666942129203e+04
1.362500000000000000e+01,3.915473109343078249e+04
1.364583333333333215e+01,4.396282433936393500e+04
1.366666666666666607e+01,3.633235779539413488e+04
1.368750000000000000e+01,3.451452434422470833e+04
1.370833333333333215e+01,4.184050822534080362e+04
1.372916666666666607e+01,4.168801466863544192e+04
1.375000000000000000e+01,3.543609183519970975e+04
1.377083333333333215e+01,3.743054230858457595e+04
1.379166666666666607e+01,4.093617845840068185e+04
1.381250000000000000e+01,3.862054468356223515e+04
1.383333333333333215e+01,3.741448153972458385e+04
1.385416666666666607e+01,3.937923260255193600e+04
1.387500000000000000e+01,4.035026179359001981e+04
1.389583333333333215e+01,3.864259873670332308e+04
1.391666666666666607e+01,3.824618050587795733e+04
1.393750000000000000e+01,3.865755380098807655e+04
1.395833333333333215e+01,3.626205563962386077e+04
1.397916666666666607e+01,4.021968259883231804e+04
1.400000000000000000e+01,4.182652384047969826e+04
1.402083333333333215e+01,3.612225821290203021e+04
1.404166666666666607e+01,3.543538165526837111e+04
1.406250000000000000e+01,4.423131867221400171e+04
1.408333333333333215e+01,4.294031907060776575e+04
1.410416666666666607e+01,3.425827536108481581e+04
1.412500000000000000e+01,3.763651111933912034e+04
1.414583333333333215e+01,4.416629443701502169e+04
1.416666666666666607e+01,3.805905045968608465e+04
1.418750000000000000e+01,3.262958911541628549e+04
1.420833333333333215e+01,4.008254835940074554e+04
1.422916666666666607e+01,4.510994855632196413e+04
1.425000000000000000e+01,3.400477238572444185e+04
1.427083333333333215e+01,3.303000473799344036e+04
1.429166666666666607e+01,4.504711419069969998e+04
1.431250000000000000e+01,4.280103582361886947e+04
1.433333333333333215e+01,3.223972101387178918e+04
1.435416666666666607e+01,3.532718421146097535e+04
1.437500000000000000e+01,4.448676546177262207e+04
1.439583333333333215e+01,3.903816074991672940e+04
1.441666666666666607e+01,3.340898072560765286e+04
1.443750000000000000e+01,3.905317910350558668e+04
1.445833333333333215e+01,4.198775294746143481e+04
1.447916666666666607e+01,3.865902350445990305e+04
1.450000000000000000e+01,3.683042964680487785e+04
1.452083333333333215e+01,3.848595850218709529e+04
1.454166666666666607e+01,3.864305916130003607e+04
1.456250000000000000e+01,4.084426575728647003e+04
1.458333333333333215e+01,3.863764054279751872e+04
1.460416666666666607e+01,3.576321427295071771e+04
1.462500000000000000e+01,3.864586680500087823e+04
1.464583333333333215e+01,4.413152095531549276e+04
1.466666666666666607e+01,3.716283872682813671e+04
1.468750000000000000e+01,3.223485373455253648e+04
1.470833333333333215e+01,4.127669935697851179e+04
1.472916666666666607e+01,4.503192449050032155e+04
1.475000000000000000e+01,3.423113539324706653e+04
1.477083333333333215e+01,3.288537868852726388e+04
1.479166666666666607e+01,4.502401844937214628e+04
1.481250000000000000e+01,4.222173447818828572e+04
1.483333333333333215e+01,3.201383562938931209e+04
1.485416666666666607e+01,3.514312889488734072e+04
1.487500000000000000e+01,4.301462877296642546e+04
1.489583333333333215e+01,3.989977711557732255e+04
1.491666666666666607e+01,3.552459831333027978e+04
1.493750000000000000e+01,3.862805321743701643e+04
1.495833333333333215e+01,4.002911799282885477e+04
1.497916666666666607e+01,3.851962483251930826e+04
1.500000000000000000e+01,3.812455287828660948e+04
1.502083333333333215e+01,3.936126789439472486e+04
1.504166666666666607e+01,3.887448626462422544e+04
1.506250000000000000e+01,3.865830536230224243e+04
1.508333333333333215e+01,4.102435993827446509e+04
1.510416666666666607e+01,3.748504167521954514e+04
1.512500000000000000e+01,3.544414308000219899e+04
1.514583333333333215e+01,4.095445939430087310e+04
1.516666666666666607e+01,4.183346892348296387e+04
1.518750000000000000e+01,3.507393614336894098e+04
1.520833333333333215e+01,3.544870631668704300e+04
1.522916666666666607e+01,4.332552492919628276e+04
1.525000000000000000e+01,4.039842909716063150e+04
1.527083333333333215e+01,3.276337749129610165e+04
1.529166666666666607e+01,3.828576689002829517e+04
1.531250000000000000e+01,4.504757564898548299e+04
1.533333333333333215e+01,3.772936066630257119e+04
1.535416666666666607e+01,3.249689569972635945e+04
1.537500000000000000e+01,4.173057071929056110e+04
1.539583333333333215e+01,4.302127524960508890e+04
1.541666666666666607e+01,3.508947657966131374e+04
1.543750000000000000e+01,3.514705466530728881e+04
1.545833333333333215e+01,4.184101829733760678e+04
1.547916666666666607e+01,4.042768707800744596e+04
1.550000000000000000e+01,3.463570095058031438e+04
1.552083333333333215e+01,3.935704327558280784e+04
1.554166666666666607e+01,4.099221346663379518e+04
1.556250000000000000e+01,3.865259990362650569e+04
1.558333333333333215e+01,3.635110627160548756e+04
1.560416666666666607e+01,3.956717273344219575e+04
1.562500000000000000e+01,3.685047136599429359e+04
1.564583333333333215e+01,3.949397698038366798e+04
1.566666666666666607e+01,3.794702750878897496e+04
1.568750000000000000e+01,3.504697553359226004e+04
1.570833333333333215e+01,3.836796474050125835e+04
1.572916666666666607e+01,4.302761362800942152e+04
1.575000000000000000e+01,3.791849361821959610e+04
1.577083333333333215e+01,3.333617387416775455e+04
1.579166666666666607e+01,4.061848118839573726e+04
1.581250000000000000e+01,4.352423150958905171e+04
1.583333333333333215e+01,3.564095701886910683e+04
1.585416666666666607e+01,3.359534234558168828e+04
1.587500000000000000e+01,4.299530358762183459e+04
1.589583333333333215e+01,4.189513357571989764e+04
1.591666666666666607e+01,3.222746959934730330e+04
1.593750000000000000e+01,3.755060192307755642e+04
1.595833333333333215e+01,4.503052685396870220e+04
1.597916666666666607e+01,3.848647406762554601e+04
1.600000000000000000e+01,3.223418996968369174e+04
1.602083333333333215e+01,3.994011460683180485e+04
1.604166666666666430e+01,4.324607962365938147e+04
1.606250000000000000e+01,3.543526061011024285e+04
1.608333333333333215e+01,3.582679593433151604e+04
1.610416666666666430e+01,4.183993005901927972e+04
1.612500000000000000e+01,4.037919021894194157e+04
1.614583333333333215e+01,3.502207695897477242e+04
1.616666666666666430e+01,3.994708102446395060e+04
1.618750000000000000e+01,4.102541130467795301e+04
1.620833333333333215e+01,3.543586880997181288e+04
1.622916666666666430e+01,3.782420936657518905e+04
1.625000000000000000e+01,4.183877557051961048e+04
1.627083333333333215e+01,3.849794120014178043e+04
1.629166666666666430e+01,3.544201216986313375e+04
1.631250000000000000e+01,4.136175445481557836e+04
1.633333333333333215e+01,4.078830406525051512e+04
1.635416666666666430e+01,3.542198844781440857e+04
1.637500000000000000e+01,3.766827364105130982e+04
1.639583333333333215e+01,4.366774872532652080e+04
1.641666666666666430e+01,3.983569589911824005e+04
1.643750000000000000e+01,3.616143209781545011e+04
1.645833333333333215e+01,4.093337794615820167e+04
1.647916666666666430e+01,4.135103461996038823e+04
1.650000000000000000e+01,3.576078172062791418e+04
1.652083333333333215e+01,3.915250960594993376e+04
1.654166666666666430e+01,4.191458268940456037e+04
1.656250000000000000e+01,3.704619185286613356e+04
1.658333333333333215e+01,3.548585513242247544e+04
1.660416666666666430e+01,4.189721020264479012e+04
1.662500000000000000e+01,4.076481300444634689e+04
1.664583333333333215e+01,3.323203282246986782e+04
1.666666666666666430e+01,3.769272579717776534e+04
1.668750000000000000e+01,4.418542517595986283e+04
1.670833333333333215e+01,3.873784024293912807e+04
1.672916666666666430e+01,3.224646139539396609e+04
1.675000000000000000e+01,4.015349557861986250e+04
1.677083333333333215e+01,4.447462056172026496e+04
1.679166666666666430e+01,3.461936461245185637e+04
1.681250000000000000e+01,3.436531118769705063e+04
1.683333333333333215e+01,4.183378822909966402e+04
1.685416666666666430e+01,4.182066759032192931e+04
1.687500000000000000e+01,3.544576469936209469e+04
1.689583333333333215e+01,3.844679775534893997e+04
1.691666666666666430e+01,4.089508412716293242e+04
1.693750000000000000e+01,3.849135134442083654e+04
1.695833333333333215e+01,3.783737120512707770e+04
1.697916666666666430e+01,3.864223366331109719e+04
1.700000000000000000e+01,3.825190618836424983e+04
1.702083333333333215e+01,3.864391278939229960e+04
1.704166666666666430e+01,4.112630220280079811e+04
1.706250000000000000e+01,3.734459826091949071e+04
1.708333333333333215e+01,3.605255220613714482e+04
1.710416666666666430e+01,4.092862493056627136e+04
1.712500000000000000e+01,4.183476415359201928e+04
1.714583333333333215e+01,3.515288275108766538e+04
1.716666666666666430e+01,3.705570893773707212e+04
1.718750000000000000e+01,4.154731069374966319e+04
1.720833333333333215e+01,3.689087748899948929e+04
1.722916666666666430e+01,3.214935375109567758e+04
1.725000000000000000e+01,4.074828017158408329e+04
1.727083333333333215e+01,4.490218773110985057e+04
1.729166666666666430e+01,3.493198398063023342e+04
1.731250000000000000e+01,3.218736704775048202e+04
1.733333333333333215e+01,4.308084324505627592e+04
1.735416666666666430e+01,4.194209076823693613e+04
1.737500000000000000e+01,3.224005916226392947e+04
1.739583333333333215e+01,3.583791901699535083e+04
1.741666666666666430e+01,4.506496411705747596e+04
1.743750000000000000e+01,4.020719759342115140e+04
1.745833333333333215e+01,3.225928732088076868e+04
1.747916666666666430e+01,3.974887724412176613e+04
1.750000000000000000e+01,4.424014509406809520e+04
1.752083333333333215e+01,3.544062144307634298e+04
1.754166666666666430e+01,3.450674671529762418e+04
1.756250000000000000e+01,4.183585047996196954e+04
1.758333333333333215e+01,4.160634454302602535e+04
1.760416666666666430e+01,3.496337449885420210e+04
1.762500000000000000e+01,3.771531176194476575e+04
1.764583333333333215e+01,4.049879999181813037e+04
1.766666666666666430e+01,3.863429680013244069e+04
1.768750000000000000e+01,3.932914098318435572e+04
1.770833333333333215e+01,3.865124152664319263e+04
1.772916666666666430e+01,3.763834820662827406e+04
1.775000000000000000e+01,3.891737073361240618e+04
1.777083333333333215e+01,4.167253972582734423e+04
1.779166666666666430e+01,3.796136449368979083e+04
1.781250000000000000e+01,3.544298970304900286e+04
1.783333333333333215e+01,4.122101993046494317e+04
1.785416666666666430e+01,4.184460047242527799e+04
1.787500000000000000e+01,3.369636751365535747e+04
1.789583333333333215e+01,3.628910167254646512e+04
1.791666666666666430e+01,4.500918401927810191e+04
1.793750000000000000e+01,3.937469964752826490e+04
1.795833333333333215e+01,3.222912300152702664e+04
1.797916666666666430e+01,3.810386531419232051e+04
1.800000000000000000e+01,4.504804419805778161e+04
1.802083333333333215e+01,3.453275890675914707e+04
1.804166666666666430e+01,3.363184573563089361e+04
1.806250000000000000e+01,4.274349477252471843e+04
1.808333333333333215e+01,4.261902862091820862e+04
1.810416666666666430e+01,3.481658717044057994e+04
1.812500000000000000e+01,3.578936823535618169e+04
1.814583333333333215e+01,4.184582243845373159e+04
1.816666666666666430e+01,3.928106375285398826e+04
1.818750000000000000e+01,3.696750628761546977e+04
1.820833333333333215e+01,4.006708469876574236e+04
1.822916666666666430e+01,3.941520267934356525e+04
1.825000000000000000e+01,3.712139136255979247e+04
1.827083333333333215e+01,3.913093277636449784e+04
1.829166666666666430e+01,4.157780123606132111e+04
1.831250000000000000e+01,3.554466087888103357e+04
1.833333333333333215e+01,3.686099916144328745e+04
1.835416666666666430e+01,4.183228246863758250e+04
1.837500000000000000e+01,4.083698942789480498e+04
1.839583333333333215e+01,3.627769570551173092e+04
1.841666666666666430e+01,3.800491828722130595e+04
1.843750000000000000e+01,4.221920258535511675e+04
1.845833333333333215e+01,3.932334761534692370e+04
1.847916666666666430e+01,3.680066256585308292e+04
1.850000000000000000e+01,3.872787581137489906e+04
1.852083333333333215e+01,3.957624128945489792e+04
1.854166666666666430e+01,3.868433347773782589e+04
1.856250000000000000e+01,4.187368103621772025e+04
1.858333333333333215e+01,3.830832564471795922e+04
1.860416666666666430e+01,3.305231793085741811e+04
1.862500000000000000e+01,4.052068719983957999e+04
1.864583333333333215e+01,4.504829570600622537e+04
1.866666666666666430e+01,3.438899286573914287e+04
1.868750000000000000e+01,3.292949061147330212e+04
1.870833333333333215e+01,4.503821438058489730e+04
1.872916666666666430e+01,4.247588669356820174e+04
1.875000000000000000e+01,3.226151583739163107e+04
1.877083333333333215e+01,3.489763457462214865e+04
1.879166666666666430e+01,4.505914520199166873e+04
1.881250000000000000e+01,3.975906375306449627e+04
1.883333333333333215e+01,3.237337298944490612e+04
1.885416666666666430e+01,3.863000226552844106e+04
1.887500000000000000e+01,4.290734981870276533e+04
1.889583333333333215e+01,3.795314096150336263e+04
1.891666666666666430e+01,3.501570512762534781e+04
1.893750000000000000e+01,3.904488186416801182e+04
1.895833333333333215e+01,4.051199159684059123e+04
1.897916666666666430e+01,3.907457492992704647e+04
1.900000000000000000e+01,3.967576145633376291e+04
1.902083333333333215e+01,3.638441062506283924e+04
1.904166666666666430e+01,3.863561116659529216e+04
1.906250000000000000e+01,4.176316800880600204e+04
1.908333333333333215e+01,3.867991903176308551e+04
1.910416666666666430e+01,3.450154028913193179e+04
1.912500000000000000e+01,3.945897351864416123e+04
1.914583333333333215e+01,4.398733906453094096e+04
1.916666666666666430e+01,3.655530425667066447e+04
1.918750000000000000e+01,3.276025593153673981e+04
1.920833333333333215e+01,4.122129585765697266e+04
1.922916666666666430e+01,4.504456687482697453e+04
1.925000000000000000e+01,3.464020356317172991e+04
1.927083333333333215e+01,3.225370360501077084e+04
1.929166666666666430e+01,4.466783656480237551e+04
1.931250000000000000e+01,4.192089368234438734e+04
1.933333333333333215e+01,3.224355136174350264e+04
1.935416666666666430e+01,3.495911131501544878e+04
1.937500000000000000e+01,4.484476764139575971e+04
1.939583333333333215e+01,3.978962856168908911e+04
1.941666666666666430e+01,3.250340577212748758e+04
1.943750000000000000e+01,3.969333820274122991e+04
1.945833333333333215e+01,4.295981304485436704e+04
1.947916666666666430e+01,3.725497119167113124e+04
1.950000000000000000e+01,3.550460426021113381e+04
1.952083333333333215e+01,4.122616520354465320e+04
1.954166666666666430e+01,3.973756648476995178e+04
1.956250000000000000e+01,3.610165705034051643e+04
1.958333333333333215e+01,3.863185406020445225e+04
1.960416666666666430e+01,3.959486821117083309e+04
1.962500000000000000e+01,3.864213489519969153e+04
1.964583333333333215e+01,3.928045150789561012e+04
1.966666666666666430e+01,3.918769469977761037e+04
1.968750000000000000e+01,3.658107836907499586e+04
1.970833333333333215e+01,3.983743477537458239e+04
1.972916666666666430e+01,4.184126562770990859e+04
1.975000000000000000e+01,3.573140408552887675e+04
1.977083333333333215e+01,3.611596472877899942e+04
1.979166666666666430e+01,4.279680051956199895e+04
1.981250000000000000e+01,4.130364147357159527e+04
1.983333333333333215e+01,3.222870001236076860e+04
1.985416666666666430e+01,3.772400197679373377e+04
1.987500000000000000e+01,4.419750675623119605e+04
1.989583333333333215e+01,3.794606933975042193e+04
1.991666666666666430e+01,3.191524547148146667e+04
1.993750000000000000e+01,3.939365401161555928e+04
1.995833333333333215e+01,4.360182735628368391e+04
1.997916666666666430e+01,3.535710572643213527e+04
2.000000000000000000e+01,3.508649082204366277e+04
2.002083333333333215e+01,4.181495467863435624e+04
2.004166666666666430e+01,4.043298509533209290e+04
2.006250000000000000e+01,3.543026768806031760e+04
2.008333333333333215e+01,3.915917217392595921e+04
2.010416666666666430e+01,4.004441776958914124e+04
2.012500000000000000e+01,3.864060382020055840e+04
2.014583333333333215e+01,3.861440268709210795e+04
2.016666666666666430e+01,3.864095580588847952e+04
2.018750000000000000e+01,3.674395651699994778e+04
2.020833333333333215e+01,3.957264186533049360e+04
2.022916666666666430e+01,4.182555201787650003e+04
2.025000000000000000e+01,3.673405150077109283e+04
2.027083333333333215e+01,3.594879719825272332e+04
2.029166666666666430e+01,4.229299726802843361e+04
2.031250000000000000e+01,4.183993298116249207e+04
2.033333333333333215e+01,3.271679560791887343e+04
2.035416666666666430e+01,3.683563365822968626e+04
2.037500000000000000e+01,4.462027747655069106e+04
2.039583333333333215e+01,3.927231718986561464e+04
2.041666666666666430e+01,3.223264237177509494e+04
2.043750000000000000e+01,3.888514879330350959e+04
2.045833333333333215e+01,4.448319903651712229e+04
2.047916666666666430e+01,3.498755663239657588e+04
2.050000000000000000e+01,3.350647362454448012e+04
2.052083333333333215e+01,4.252801873544992850e+04
2.054166666666666430e+01,4.246346993914696941e+04
2.056250000000000000e+01,3.544332228120465879e+04
2.058333333333333215e+01,3.606533525673545228e+04
2.060416666666666430e+01,4.176036564551461197e+04
2.062500000000000000e+01,3.880963945924637665e+04
2.064583333333333215e+01,3.613286096582670871e+04
2.066666666666666430e+01,4.172488848183472874e+04
2.068750000000000000e+01,3.951716426689046784e+04
2.070833333333333215e+01,3.555864144769468112e+04
2.072916666666666430e+01,3.936885856798376335e+04
2.075000000000000000e+01,4.188320675843161007e+04
2.077083333333333215e+01,3.586307643306082900e+04
2.079166666666666430e+01,3.710891733299053158e+04
2.081250000000000000e+01,4.184307595431603113e+04
2.083333333333333215e+01,3.938141565447253379e+04
2.085416666666666430e+01,3.543483313988516602e+04
2.087500000000000000e+01,3.930764096570731635e+04
2.089583333333333215e+01,4.183828205734190124e+04
2.091666666666666430e+01,3.580783197445167752e+04
2.093750000000000000e+01,3.875438321401968278e+04
2.095833333333333215e+01,4.183749761187816330e+04
2.097916666666666430e+01,3.703187693972142733e+04
2.100000000000000000e+01,3.540835694928529119e+04
2.102083333333333215e+01,4.074269722361784807e+04
2.104166666666666430e+01,4.184708933639468160e+04
2.106250000000000000e+01,3.472638638233424717e+04
2.108333333333333215e+01,3.662276351353820064e+04
2.110416666666666430e+01,4.183674611632213055e+04
2.112500000000000000e+01,4.027836592098978872e+04
2.114583333333333215e+01,3.544703608070940390e+04
2.116666666666666430e+01,3.925168501818418008e+04
2.118750000000000000e+01,4.184118466872182762e+04
2.120833333333333215e+01,3.662802980426129216e+04
2.122916666666666430e+01,3.659834848804232752e+04
2.125000000000000000e+01,4.103662568360744626e+04
2.127083333333333215e+01,3.929690958033541392e+04
2.129166666666666430e+01,3.560074026496591978e+04
2.131250000000000000e+01,3.946870771150984365e+04
2.133333333333333215e+01,4.175823856929278554e+04
2.135416666666666430e+01,3.622788309054658021e+04
2.137500000000000000e+01,3.727712817493813054e+04
2.139583333333333215e+01,4.184121681269576220e+04
2.141666666666666430e+01,3.891808299350726884e+04
2.143750000000000000e+01,3.433741733935150842e+04
2.145833333333333215e+01,3.894183642326271365e+04
2.147916666666666430e+01,3.801926104013043368e+04
2.150000000000000000e+01,3.519769324439370394e+04
2.152083333333333215e+01,4.066207402264019765e+04
2.154166666666666430e+01,4.288666644814774918e+04
2.156250000000000000e+01,3.496516620045874151e+04
2.158333333333333215e+01,3.636922830539438291e+04
2.160416666666666430e+01,4.464872061791207670e+04
2.162500000000000000e+01,3.969285075078807859e+04
2.164583333333333215e+01,3.224465650189076041e+04
2.166666666666666430e+01,3.814006807692341681e+04
2.168750000000000000e+01,4.504029779432625219e+04
2.170833333333333215e+01,3.748569680617131962e+04
2.172916666666666430e+01,3.323634588126587187e+04
2.175000000000000000e+01,4.151515471745294781e+04
2.177083333333333215e+01,4.340661686872428982e+04
2.179166666666666430e+01,3.546319999547264888e+04
2.181250000000000000e+01,3.363110030601140897e+04
2.183333333333333215e+01,4.183288070653408795e+04
2.185416666666666430e+01,4.249564853745987784e+04
2.187500000000000000e+01,3.545624560443896917e+04
2.189583333333333215e+01,3.419938640218083310e+04
2.191666666666666430e+01,4.183959957652427693e+04
2.193750000000000000e+01,4.224981919837048190e+04
2.195833333333333215e+01,3.545482648345672351e+04
2.197916666666666430e+01,3.650156191788815340e+04
2.200000000000000000e+01,4.143932511016029457e+04
2.202083333333333215e+01,3.835486617934987589e+04
2.204166666666666430e+01,3.759242799180981820e+04
2.206250000000000000e+01,3.863458695456130954e+04
2.208333333333333215e+01,3.877010969504697277e+04
2.210416666666666430e+01,3.864589051771135564e+04
2.212500000000000000e+01,4.184103867745903699e+04
2.214583333333333215e+01,3.748844913714293943e+04
2.216666666666666430e+01,3.311449477647143067e+04
2.218750000000000000e+01,4.024307654331304366e+04
2.220833333333333215e+01,4.419922545130897197e+04
2.222916666666666430e+01,3.624082562889961264e+04
2.225000000000000000e+01,3.219940762082396395e+04
2.227083333333333215e+01,3.976265021769460145e+04
2.229166666666666430e+01,4.504225869397212227e+04
2.231250000000000000e+01,3.494529548381771747e+04
2.233333333333333215e+01,3.224585066230780649e+04
2.235416666666666430e+01,4.385716436234331195e+04
2.237500000000000000e+01,4.362169666266932472e+04
2.239583333333333215e+01,3.223857020154123893e+04
2.241666666666666430e+01,3.451405087292608368e+04
2.243750000000000000e+01,4.504241265788998862e+04
2.245833333333333215e+01,4.015913757583673578e+04
2.247916666666666430e+01,3.224362685190764023e+04
2.250000000000000000e+01,3.851337381112803996e+04
2.252083333333333215e+01,4.347998365851621202e+04
2.254166666666666430e+01,3.863651474774427334e+04
2.256250000000000000e+01,3.451537039392920269e+04
2.258333333333333215e+01,3.916351623895888042e+04
2.260416666666666430e+01,4.152025936108217138e+04
2.262500000000000000e+01,3.863550610663051339e+04
2.264583333333333215e+01,3.738604847484018683e+04
2.266666666666666430e+01,3.920284141859494412e+04
2.268750000000000000e+01,3.863286578554379230e+04
2.270833333333333215e+01,3.995138006705773296e+04
2.272916666666666430e+01,3.864494962725639198e+04
2.275000000000000000e+01,3.659813866444223095e+04
2.277083333333333215e+01,3.864492763383198326e+04
2.279166666666666430e+01,4.412756009049333079e+04
2.281250000000000000e+01,3.720865479776510620e+04
2.283333333333333215e+01,3.243770884556527744e+04
2.285416666666666430e+01,4.128956360685500840e+04
2.287500000000000000e+01,4.413533348965367622e+04
2.289583333333333215e+01,3.470410457996961486e+04
2.291666666666666430e+01,3.226586496121473465e+04
2.293750000000000000e+01,4.452740656216363277e+04
2.295833333333333215e+01,4.191048559292024584e+04
2.297916666666666430e+01,3.223971319263900659e+04
2.300000000000000000e+01,3.635011792982571205e+04
2.302083333333333215e+01,4.505079924612444302e+04
2.304166666666666430e+01,3.784654589869778283e+04
2.306250000000000000e+01,3.302514850095908332e+04
2.308333333333333215e+01,4.118959461533028662e+04
2.310416666666666430e+01,4.379535230084681098e+04
2.312500000000000000e+01,3.453384089757244510e+04
2.314583333333333215e+01,3.442204158051597187e+04
2.316666666666666430e+01,4.183652786826944066e+04
2.318750000000000000e+01,4.172162285384403367e+04
2.320833333333333215e+01,3.544596535934710118e+04
2.322916666666666430e+01,3.750420250527612370e+04
2.325000000000000000e+01,4.076768172211597994e+04
2.327083333333333215e+01,3.863484239905362483e+04
2.329166666666666430e+01,3.775556250651821756e+04
2.331250000000000000e+01,3.882338017706570827e+04
2.333333333333333215e+01,3.984504313668741815e+04
2.335416666666666430e+01,3.864975514840583492e+04
2.337500000000000000e+01,3.915506936641330685e+04
2.339583333333333215e+01,3.861166499422711058e+04
2.341666666666666430e+01,3.711115540735857940e+04
2.343750000000000000e+01,4.083649858834055340e+04
2.345833333333333215e+01,3.970631078917418927e+04
2.347916666666666430e+01,3.522163070891464304e+04
2.350000000000000000e+01,3.864141078289454890e+04
2.352083333333333215e+01,4.383924125616106176e+04
2.354166666666666430e+01,3.743985604897110898e+04
2.356250000000000000e+01,3.223091136483193259e+04
2.358333333333333215e+01,4.100733609125045041e+04
2.360416666666666430e+01,4.502359754483039433e+04
2.362500000000000000e+01,3.483458668726759788e+04
2.364583333333333215e+01,3.719221843454606278e+04
2.366666666666666430e+01,4.795037164023280639e+04
2.368750000000000000e+01,4.472899012913015758e+04
2.370833333333333215e+01,3.348942528499733453e+04
2.372916666666666430e+01,3.524062779611573933e+04
2.375000000000000000e+01,4.553991710737263929e+04
2.377083333333333215e+01,3.901691513274944009e+04
2.379166666666666430e+01,3.245852235129087421e+04
2.381250000000000000e+01,4.004138069221732439e+04
2.383333333333333215e+01,4.379260214257430925e+04
2.385416666666666430e+01,3.550859879653262033e+04
2.387500000000000000e+01,3.594123397718163324e+04
2.389583333333333215e+01,4.187739012027678837e+04
2.391666666666666430e+01,4.086748134838735859e+04
2.393750000000000000e+01,3.547228099380853382e+04
2.395833333333333215e+01,3.833342867627538362e+04
2.397916666666666430e+01,4.010538408321538009e+04
2.400000000000000000e+01,3.864287905626835709e+04
2.402083333333333215e+01,3.816813385468537308e+04
2.404166666666666430e+01,3.954834938674722071e+04
2.406250000000000000e+01,3.767627426990380627e+04
2.408333333333333215e+01,3.897058042143132479e+04
2.410416666666666430e+01,4.170119046183624596e+04
2.412500000000000000e+01,3.659423736013716552e+04
2.414583333333333215e+01,3.577413830337462423e+04
2.416666666666666430e+01,4.147142977882771811e+04
2.418750000000000000e+01,4.184860372245904000e+04
2.420833333333333215e+01,3.379386077243898762e+04
2.422916666666666430e+01,3.743225034553730802e+04
2.425000000000000000e+01,4.412724996834258491e+04
2.427083333333333215e+01,3.841942557911833137e+04
2.429166666666666430e+01,3.225481261166994955e+04
2.431250000000000000e+01,3.661228503119669040e+04
2.433333333333333215e+01,4.009850231628383335e+04
2.435416666666666430e+01,3.483644132828668808e+04
2.437500000000000000e+01,3.813859425804932107e+04
2.439583333333333215e+01,4.204460438475864794e+04
2.441666666666666430e+01,3.762127846446017793e+04
2.443750000000000000e+01,3.531519625660967722e+04
2.445833333333333215e+01,4.340160163496831228e+04
2.447916666666666430e+01,4.020765430297074636e+04
2.450000000000000000e+01,3.221348470499078394e+04
2.452083333333333215e+01,3.773761024753437960e+04
2.454166666666666430e+01,4.502819654392282973e+04
2.456250000000000000e+01,3.853548809842500486e+04
2.458333333333333215e+01,3.224524461944028735e+04
2.460416666666666430e+01,4.039607392224005162e+04
2.462500000000000000e+01,4.338486151136300032e+04
2.464583333333333215e+01,3.543305061191275308e+04
2.466666666666666430e+01,3.459821743193004659e+04
2.468750000000000000e+01,4.183867684919591557e+04
2.470833333333333215e+01,4.251732534650062735e+04
2.472916666666666430e+01,3.543974540607038944e+04
2.475000000000000000e+01,3.580742264342092676e+04
2.477083333333333215e+01,4.183837593898872001e+04
2.479166666666666430e+01,3.936194811102539097e+04
2.481250000000000000e+01,3.569824724708429130e+04
2.483333333333333215e+01,3.963750233478244627e+04
2.485416666666666430e+01,4.015953998663445964e+04
2.487500000000000000e+01,3.830392398468382453e+04
2.489583333333333215e+01,3.884943941771873506e+04
2.491666666666666430e+01,3.865371842580481461e+04
2.493750000000000000e+01,3.519974280465603806e+04
2.495833333333333215e+01,3.950016451906062866e+04
2.497916666666666430e+01,4.184397321278737945e+04
2.500000000000000000e+01,3.828838898272681399e+04
2.502083333333333215e+01,3.545023930012615892e+04
2.504166666666666430e+01,4.212235334320175753e+04
2.506250000000000000e+01,4.130512372980311920e+04
2.508333333333333215e+01,3.299514644789715385e+04
2.510416666666666430e+01,3.699127266916297958e+04
2.512500000000000000e+01,4.313868566682235542e+04
2.514583333333333215e+01,3.890179459745568602e+04
2.516666666666666430e+01,3.584074628572323127e+04
2.518750000000000000e+01,3.938723645261384081e+04
2.520833333333333215e+01,4.109722749468022812e+04
2.522916666666666430e+01,3.832117037864286976e+04
2.525000000000000000e+01,3.730643811618889595e+04
2.527083333333333215e+01,3.866883612146320957e+04
2.529166666666666430e+01,3.809801763876152108e+04
2.531250000000000000e+01,3.883824334963067668e+04
2.533333333333333215e+01,4.146689509082332370e+04
2.535416666666666430e+01,3.734265265283003828e+04
2.537500000000000000e+01,3.598203182260390167e+04
2.539583333333333215e+01,4.042277113276622549e+04
2.541666666666666430e+01,4.185456471443140617e+04
2.543750000000000000e+01,3.491174813236594491e+04
2.545833333333333215e+01,3.562055953188340936e+04
2.547916666666666430e+01,4.500601685238270147e+04
2.550000000000000000e+01,3.976875880983427487e+04
2.552083333333333215e+01,3.222508521093766831e+04
2.554166666666666430e+01,3.835084862911471282e+04
2.556250000000000000e+01,4.058632282250724529e+04
2.558333333333333215e+01,3.699472473625389830e+04
2.560416666666666430e+01,3.833475133894354803e+04
2.562500000000000000e+01,4.110371855728467926e+04
2.564583333333333215e+01,3.879108212372204434e+04
2.566666666666666430e+01,3.345107997870916006e+04
2.568750000000000000e+01,4.107478309467234794e+04
2.570833333333333215e+01,4.184286197365281987e+04
2.572916666666666430e+01,3.318464609061197552e+04
2.575000000000000000e+01,3.700977533102727466e+04
2.577083333333333215e+01,4.504241212582719163e+04
2.579166666666666430e+01,3.886339541381251183e+04
2.581250000000000000e+01,3.224797348122342373e+04
2.583333333333333215e+01,4.019206865217299492e+04
2.585416666666666430e+01,4.290057806794646604e+04
2.587500000000000000e+01,3.544262836213608534e+04
2.589583333333333215e+01,3.656663307736543356e+04
2.591666666666666430e+01,4.187709058151693898e+04
2.593750000000000000e+01,3.840093319809115201e+04
2.595833333333333215e+01,3.641923490670283354e+04
2.597916666666666430e+01,4.122658265926360764e+04
2.600000000000000000e+01,4.045651196654247178e+04
2.602083333333333215e+01,3.543716665857984481e+04
2.604166666666666430e+01,3.782434144984422892e+04
2.606250000000000000e+01,4.184664917690584116e+04
2.608333333333333215e+01,3.795850103738873440e+04
2.610416666666666430e+01,3.536808184820578754e+04
2.612500000000000000e+01,4.425311183545980020e+04
2.614583333333333215e+01,4.094351934914472076e+04
2.616666666666666430e+01,3.409622024415210035e+04
2.618750000000000000e+01,3.957101532581543870e+04
2.620833333333333215e+01,4.417016080932126351e+04
2.622916666666666430e+01,3.662193369176107808e+04
2.625000000000000000e+01,3.433578117218532134e+04
2.627083333333333215e+01,4.192513193314825185e+04
2.629166666666666430e+01,4.243156463814773451e+04
2.631250000000000000e+01,3.546830160741585860e+04
2.633333333333333215e+01,3.624699861908127787e+04
2.635416666666666430e+01,4.165405971336360381e+04
2.637500000000000000e+01,3.881156972526053869e+04
2.639583333333333215e+01,3.729146789554569114e+04
2.641666666666666430e+01,3.911303801663807826e+04
2.643750000000000000e+01,3.899083984184158908e+04
2.645833333333333215e+01,3.863981341364346736e+04
2.647916666666666430e+01,3.959119793027181004e+04
2.650000000000000000e+01,3.835120526138362766e+04
2.652083333333333215e+01,3.542469019479417329e+04
2.654166666666666430e+01,4.107914200872575748e+04
2.656250000000000000e+01,4.184407863245494809e+04
2.658333333333333215e+01,3.474613379936444835e+04
2.660416666666666430e+01,3.547249959974161175e+04
2.662500000000000000e+01,4.496128777358281513e+04
2.664583333333333215e+01,3.990895428103056474e+04
2.666666666666666430e+01,3.223957005850830319e+04
2.668750000000000000e+01,3.803222770603784011e+04
2.670833333333333215e+01,4.504061373713061766e+04
2.672916666666666430e+01,3.786176361165143317e+04
2.675000000000000000e+01,3.240902606434217159e+04
2.677083333333333215e+01,4.083341553036745609e+04
2.679166666666666430e+01,4.298007190132387041e+04
2.681250000000000000e+01,3.543496754632104421e+04
2.683333333333333215e+01,3.537920101542371413e+04
2.685416666666666430e+01,4.184617351431133284e+04
2.687500000000000000e+01,3.859387517423132522e+04
2.689583333333333215e+01,3.589204033370429534e+04
2.691666666666666430e+01,3.879893314754276071e+04
2.693750000000000000e+01,3.946681673828939529e+04
2.695833333333333215e+01,3.853840584549480263e+04
2.697916666666666430e+01,3.855120070090142690e+04
2.700000000000000000e+01,3.906083455482590944e+04
2.702083333333333215e+01,3.841835596322965284e+04
2.704166666666666430e+01,3.947611458627335378e+04
2.706250000000000000e+01,3.990754262935708539e+04
2.708333333333333215e+01,3.618637418951803556e+04
2.710416666666666430e+01,3.863872119027846202e+04
2.712500000000000000e+01,4.200274988829815993e+04
2.714583333333333215e+01,3.865055173266359634e+04
2.716666666666666430e+01,3.393453374200919643e+04
2.718750000000000000e+01,3.990317013570676500e+04
2.720833333333333215e+01,4.453829896165201353e+04
2.722916666666666430e+01,3.605649158758751582e+04
2.725000000000000000e+01,3.225065172110977437e+04
2.727083333333333215e+01,4.223808530119596253e+04
2.729166666666666430e+01,4.464014059271030419e+04
2.731250000000000000e+01,3.267390506133681629e+04
2.733333333333333215e+01,3.362241352743552852e+04
2.735416666666666430e+01,4.431789220200024283e+04
2.737500000000000000e+01,4.060554829726307071e+04
2.739583333333333215e+01,3.224974886169470119e+04
2.741666666666666430e+01,3.684791967459602893e+04
2.743750000000000000e+01,4.488018849144232081e+04
2.745833333333333215e+01,3.895190547841378429e+04
2.747916666666666430e+01,3.390844958753392712e+04
2.750000000000000000e+01,3.890491651835458470e+04
2.752083333333333215e+01,4.207050867601315258e+04
2.754166666666666430e+01,3.864059862358565442e+04
2.756250000000000000e+01,3.660014684536730056e+04
2.758333333333333215e+01,3.888037893451185664e+04
2.760416666666666430e+01,3.863291368555242661e+04
2.762500000000000000e+01,4.079412800951102690e+04
2.764583333333333215e+01,3.930287497118226020e+04
2.766666666666666430e+01,3.497194946759758022e+04
2.768750000000000000e+01,3.673089886676819151e+04
2.770833333333333215e+01,4.302777148910144024e+04
2.772916666666666430e+01,3.782753255943980912e+04
2.775000000000000000e+01,3.238365658258445910e+04
2.777083333333333215e+01,4.086917802213930554e+04
2.779166666666666430e+01,4.500744906210059708e+04
2.781250000000000000e+01,3.476426339984394144e+04
2.783333333333333215e+01,3.249798480026420657e+04
2.785416666666666430e+01,4.433978365579515230e+04
2.787500000000000000e+01,4.199453147530277056e+04
2.789583333333333215e+01,3.224560358364937201e+04
2.791666666666666430e+01,3.584190174068717897e+04
2.793750000000000000e+01,4.505844106056108285e+04
2.795833333333333215e+01,3.943659013276886981e+04
2.797916666666666430e+01,3.225832738972705556e+04
2.800000000000000000e+01,4.098567885255142028e+04
2.802083333333333215e+01,4.292939565788158507e+04
2.804166666666666430e+01,3.429485243991506286e+04
2.806250000000000000e+01,3.461678642643831699e+04
2.808333333333333215e+01,4.219902446739159495e+04
2.810416666666666430e+01,4.142987290447739360e+04
2.812500000000000000e+01,3.544690584033905179e+04
2.814583333333333215e+01,3.907695601344744500e+04
2.816666666666666430e+01,4.040152215052929387e+04
2.818750000000000000e+01,3.863372496518514527e+04
2.820833333333333215e+01,3.791822943048660818e+04
2.822916666666666430e+01,3.863186506829375867e+04
2.825000000000000000e+01,3.806388360764177196e+04
2.827083333333333215e+01,3.864418015780115093e+04
2.829166666666666430e+01,4.146101348838314880e+04
2.831250000000000000e+01,3.707548508052093530e+04
2.833333333333333215e+01,3.581093523173526046e+04
2.835416666666666430e+01,4.099073673915929976e+04
2.837500000000000000e+01,4.182955788915008452e+04
2.839583333333333215e+01,3.730725958485237788e+04
2.841666666666666430e+01,3.797453449991762318e+04
2.843750000000000000e+01,4.468592358463107666e+04
2.845833333333333215e+01,4.033930442652951024e+04
2.847916666666666430e+01,3.259213208355761526e+04
2.850000000000000000e+01,3.811483604431587446e+04
2.852083333333333215e+01,4.518527345854645682e+04
2.854166666666666430e+01,3.831234058442731475e+04
2.856250000000000000e+01,3.297545577150586905e+04
2.858333333333333215e+01,4.121042044639685628e+04
2.860416666666666430e+01,4.321741521593703510e+04
2.862500000000000000e+01,3.454629855334709282e+04
2.864583333333333215e+01,3.454342270928572543e+04
2.866666666666666430e+01,4.260600250003511610e+04
2.868750000000000000e+01,4.150290595121862862e+04
2.870833333333333215e+01,3.535486647380603972e+04
2.872916666666666430e+01,3.792396632518466504e+04
2.875000000000000000e+01,4.041301323289318680e+04
2.877083333333333215e+01,3.863311104638836696e+04
2.879166666666666430e+01,3.781362620078229520e+04
2.881250000000000000e+01,3.944399616103430890e+04
2.883333333333333215e+01,3.783626622909966682e+04
2.885416666666666430e+01,3.884859915316100523e+04
2.887500000000000000e+01,4.161367136910434056e+04
2.889583333333333215e+01,3.678936405868407019e+04
2.891666666666666430e+01,3.554204390802895068e+04
2.893750000000000000e+01,4.011583362057373597e+04
2.895833333333333215e+01,4.184869715932083636e+04
2.897916666666666430e+01,3.615447168176450941e+04
2.900000000000000000e+01,3.588234537961579190e+04
2.902083333333333215e+01,4.443489781206436601e+04
2.904166666666666430e+01,3.950931835821118148e+04
2.906250000000000000e+01,3.224444902020341397e+04
2.908333333333333215e+01,3.917483298473730247e+04
2.910416666666666430e+01,4.455602191765260068e+04
2.912500000000000000e+01,3.598433516023772972e+04
2.914583333333333215e+01,3.402523060456907115e+04
2.916666666666666430e+01,4.193820942245213519e+04
2.918750000000000000e+01,4.252571762049906829e+04
2.920833333333333215e+01,3.415106767033666983e+04
2.922916666666666430e+01,3.605706905250574346e+04
2.925000000000000000e+01,4.253746417494323396e+04
2.927083333333333215e+01,3.907603168251157331e+04
2.929166666666666430e+01,3.714814277140022750e+04
2.931250000000000000e+01,3.864224427222667873e+04
2.933333333333333215e+01,3.891700931809091708e+04
2.935416666666666430e+01,3.865143052354343672e+04
2.937500000000000000e+01,4.023669235507883423e+04
2.939583333333333215e+01,3.872623056619017007e+04
2.941666666666666430e+01,3.543820868158056692e+04
2.943750000000000000e+01,4.086658255658375128e+04
2.945833333333333215e+01,4.184960587564414163e+04
2.947916666666666430e+01,3.540343038725662336e+04
2.950000000000000000e+01,3.615516581447368662e+04
2.952083333333333215e+01,4.252601010394540936e+04
2.954166666666666430e+01,4.094545362032436242e+04
2.956250000000000000e+01,3.276055123281394117e+04
2.958333333333333215e+01,3.791325894964041072e+04
2.960416666666666430e+01,4.503942683344164107e+04
2.962500000000000000e+01,3.803562363431231643e+04
2.964583333333333215e+01,3.230064636071774294e+04
2.966666666666666430e+01,4.153995977608317480e+04
2.968750000000000000e+01,4.280302131297368760e+04
2.970833333333333215e+01,3.543271142467079335e+04
2.972916666666666430e+01,3.477333096307533560e+04
2.975000000000000000e+01,4.183648614709050162e+04
2.977083333333333215e+01,4.050976625967543805e+04
2.979166666666666430e+01,3.528997728467927664e+04
2.981250000000000000e+01,3.857736744287294277e+04
2.983333333333333215e+01,3.993631362084869761e+04
2.985416666666666430e+01,3.863258816923136328e+04
2.987500000000000000e+01,3.852348824340289866e+04
2.989583333333333215e+01,3.987946227456189808e+04
2.991666666666666430e+01,3.754006849693682307e+04
2.993750000000000000e+01,3.841123535298620845e+04
2.995833333333333215e+01,4.127060570429452491e+04
2.997916666666666430e+01,3.600922110791898740e+04
3.000000000000000000e+01,3.617642362599961780e+04
3.002083333333333215e+01,4.210667469447178155e+04
3.004166666666666430e+01,4.170138789049089246e+04
3.006250000000000000e+01,3.290848301584662113e+04
3.008333333333333215e+01,3.557990758895176987e+04
3.010416666666666430e+01,4.503959522397555702e+04
3.012500000000000000e+01,3.881398998003083398e+04
3.014583333333333215e+01,3.224541335537897612e+04
3.016666666666666430e+01,4.013357863621492288e+04
3.018750000000000000e+01,4.418417440748805529e+04
3.020833333333333215e+01,3.455691933158301254e+04
3.022916666666666430e+01,3.436420875279561005e+04
3.025000000000000000e+01,4.182598819632476079e+04
3.027083333333333215e+01,4.084414002847723168e+04
3.029166666666666430e+01,3.546004121026423672e+04
3.031250000000000000e+01,3.851518757888356049e+04
3.033333333333333215e+01,4.103223195739423682e+04
3.035416666666666430e+01,3.827177079970791237e+04
3.037500000000000000e+01,3.777932662183694629e+04
3.039583333333333215e+01,3.864612661514944193e+04
3.041666666666666430e+01,3.874724942088945681e+04
3.043750000000000000e+01,3.865793492725666147e+04
3.045833333333333215e+01,4.106833243941027467e+04
3.047916666666666430e+01,3.858313017857394152e+04
3.050000000000000000e+01,3.619344200538962468e+04
3.052083333333333215e+01,4.058563477864258311e+04
3.054166666666666430e+01,4.184739590534002491e+04
3.056250000000000000e+01,3.519558951508778409e+04
3.058333333333333215e+01,3.545186252084973967e+04
3.060416666666666430e+01,4.415351127603695204e+04
3.062500000000000000e+01,4.056350910957001906e+04
3.064583333333333215e+01,3.146772758351946686e+04
3.066666666666666430e+01,3.733689267499366542e+04
3.068750000000000000e+01,4.392244305187574355e+04
3.070833333333333215e+01,3.763916900648990850e+04
3.072916666666666430e+01,3.212920915531757782e+04
3.075000000000000000e+01,4.076600318715570756e+04
3.077083333333333215e+01,4.392914772743292269e+04
3.079166666666666430e+01,3.513487636222531000e+04
3.081250000000000000e+01,3.449022099303930736e+04
3.083333333333333215e+01,4.181737852176068554e+04
3.085416666666666430e+01,4.155401096183009213e+04
3.087500000000000000e+01,3.433700215891836706e+04
3.089583333333333215e+01,3.886099300256859715e+04
3.091666666666666430e+01,4.122336988301873498e+04
3.093750000000000000e+01,3.833962402945791837e+04
3.095833333333333215e+01,3.796006244416884874e+04
3.097916666666666430e+01,3.864930304899459588e+04
3.100000000000000000e+01,3.810378604791762336e+04
3.102083333333333215e+01,3.864395929103049275e+04
3.104166666666666430e+01,4.135184858067439200e+04
3.106250000000000000e+01,3.719395168038324482e+04
3.108333333333333215e+01,3.679579564412478794e+04
3.110416666666666430e+01,4.093688769396051066e+04
3.112500000000000000e+01,4.095980500665443833e+04
3.114583333333333215e+01,3.506310235709865083e+04
3.116666666666666430e+01,3.604709588760857878e+04
3.118750000000000000e+01,4.434436751390321297e+04
3.120833333333333215e+01,4.031928907682218414e+04
3.122916666666666430e+01,3.223111057972513299e+04
3.125000000000000000e+01,3.785630558960915369e+04
3.127083333333333215e+01,4.416659159335643199e+04
3.129166666666666430e+01,3.753007014789051755e+04
3.131250000000000000e+01,3.304263941772096587e+04
3.133333333333333215e+01,4.179048933337565541e+04
3.135416666666666430e+01,4.265941931111929443e+04
3.137500000000000000e+01,3.415842009240545303e+04
3.139583333333333215e+01,3.544310234928949649e+04
3.141666666666666430e+01,4.304681659844669775e+04
3.143750000000000000e+01,3.983287750220226008e+04
3.145833333333333215e+01,3.525621177469481336e+04
3.147916666666666430e+01,3.879253961994293786e+04
3.150000000000000000e+01,4.146938406728244445e+04
3.152083333333333215e+01,3.870783792693563009e+04
3.154166666666666430e+01,3.693239441124503355e+04
3.156250000000000000e+01,3.987325963936545304e+04
3.158333333333333215e+01,3.943364561948636401e+04
3.160416666666666430e+01,3.935365968191091088e+04
3.162500000000000000e+01,3.865231253842787555e+04
3.164583333333333215e+01,3.625674031918825494e+04
3.166666666666666430e+01,3.864303918524637993e+04
3.168750000000000000e+01,4.181865800061769551e+04
3.170833333333333215e+01,3.864693489652060816e+04
3.172916666666666430e+01,3.449298781543235964e+04
3.175000000000000000e+01,3.968064595098578866e+04
3.177083333333333215e+01,4.400769700610849395e+04
3.179166666666666430e+01,3.607295136114468187e+04
3.181250000000000000e+01,3.225110165622479326e+04
3.183333333333333215e+01,4.226160981809719669e+04
3.185416666666666430e+01,4.501238813037978980e+04
3.187500000000000000e+01,3.246662578726107313e+04
3.189583333333333215e+01,3.380372628351183084e+04
3.191666666666666430e+01,4.502548521463054931e+04
3.193750000000000000e+01,4.214039993193632836e+04
3.195833333333333215e+01,3.223901955578300112e+04
3.197916666666666430e+01,3.587375159802859707e+04
3.200000000000000000e+01,4.500210910632457671e+04
3.202083333333332860e+01,3.752140280902923405e+04
3.204166666666666430e+01,3.378018404721720435e+04
3.206250000000000000e+01,4.067528302331746090e+04
3.208333333333332860e+01,4.180421497018615628e+04
3.210416666666666430e+01,3.518343297781651927e+04
3.212500000000000000e+01,3.667979631326375966e+04
3.214583333333332860e+01,4.162268000689689507e+04
3.216666666666666430e+01,3.901423140893198433e+04
3.218750000000000000e+01,3.731890399549494032e+04
3.220833333333332860e+01,3.896286158325412543e+04
3.222916666666666430e+01,3.871655941690701002e+04
3.225000000000000000e+01,3.864210240258065460e+04
3.227083333333332860e+01,3.897108044847786368e+04
3.229166666666666430e+01,3.709993707138962782e+04
3.231250000000000000e+01,3.637267971355998452e+04
3.233333333333332860e+01,4.042687796319802146e+04
3.235416666666666430e+01,4.038131718930171337e+04
3.237500000000000000e+01,3.525040584194583789e+04
3.239583333333332860e+01,3.705306608660807251e+04
3.241666666666666430e+01,4.360811968872649595e+04
3.243750000000000000e+01,3.865677854947683954e+04
3.245833333333332860e+01,3.302673144544864044e+04
3.247916666666666430e+01,4.097198624761473911e+04
3.250000000000000000e+01,4.436588527471425914e+04
3.252083333333332860e+01,3.488123913017207815e+04
3.254166666666666430e+01,3.225096700795649667e+04
3.256250000000000000e+01,4.447602234347414924e+04
3.258333333333332860e+01,4.343105902078059444e+04
3.260416666666666430e+01,3.223206010423595581e+04
3.262500000000000000e+01,3.466385487068803195e+04
3.264583333333332860e+01,4.472566659024036926e+04
3.266666666666666430e+01,3.828056507781711116e+04
3.268750000000000000e+01,3.234345278910768320e+04
3.270833333333332860e+01,4.151722731861633656e+04
3.272916666666666430e+01,4.323661524046268460e+04
3.275000000000000000e+01,3.352380186726574175e+04
3.277083333333332860e+01,3.502965525530778541e+04
3.279166666666666430e+01,4.504684172701473290e+04
3.281250000000000000e+01,3.935502135840118717e+04
3.283333333333332860e+01,3.248157781915030500e+04
3.285416666666666430e+01,4.051399838634226035e+04
3.287500000000000000e+01,4.291216135044844123e+04
3.289583333333332860e+01,3.543437143933807965e+04
3.291666666666666430e+01,3.640027892474694090e+04
3.293750000000000000e+01,4.184697362470755616e+04
3.295833333333332860e+01,4.012213628894329304e+04
3.297916666666666430e+01,3.593188579942904471e+04
3.300000000000000000e+01,3.862424526604595303e+04
3.302083333333332860e+01,3.966214912765577174e+04
3.304166666666666430e+01,4.157227792604138813e+04
3.306250000000000000e+01,4.064704421725896827e+04
3.308333333333332860e+01,4.208940955243928329e+04
3.310416666666666430e+01,3.723662041723157017e+04
3.312500000000000000e+01,3.703564919214417023e+04
3.314583333333332860e+01,4.214426785753237345e+04
3.316666666666666430e+01,4.010827587889783172e+04
3.318750000000000000e+01,3.556272358009967138e+04
3.320833333333332860e+01,3.824117989595219842e+04
3.322916666666666430e+01,4.190137847084541863e+04
3.325000000000000000e+01,3.773687764549742860e+04
3.327083333333332860e+01,3.549404985947585374e+04
3.329166666666666430e+01,4.169019897296310955e+04
3.331250000000000000e+01,4.031940899559006357e+04
3.333333333333332860e+01,3.462384419760262972e+04
3.335416666666666430e+01,3.772383523326570139e+04
3.337500000000000000e+01,4.185591932632876706e+04
3.339583333333332860e+01,3.880223069151835807e+04
3.341666666666666430e+01,3.548566564195726824e+04
3.343750000000000000e+01,4.047003414127179713e+04
3.345833333333332860e+01,4.115229859398320696e+04
3.347916666666666430e+01,3.545900923103716195e+04
3.350000000000000000e+01,3.808861675687594834e+04
3.352083333333332860e+01,4.185473067101127526e+04
3.354166666666666430e+01,3.887242089675652096e+04
3.356250000000000000e+01,3.546301564880209480e+04
3.358333333333332860e+01,4.026006220504406519e+04
3.360416666666666430e+01,4.130975324715527677e+04
3.362500000000000000e+01,3.322558405535946804e+04
3.364583333333332860e+01,3.334988491365250229e+04
3.366666666666666430e+01,4.104499804830844369e+04
3.368750000000000000e+01,4.156541544821085699e+04
3.370833333333332860e+01,3.666691319943987037e+04
3.372916666666666430e+01,3.667836124395730440e+04
3.375000000000000000e+01,4.101467729765339027e+04
3.377083333333332860e+01,3.856922112818493042e+04
3.379166666666666430e+01,3.793245188532812608e+04
3.381250000000000000e+01,3.970520374032812833e+04
3.383333333333332860e+01,3.799837425352505670e+04
3.385416666666666430e+01,3.874092345423055667e+04
3.387500000000000000e+01,4.154375622779436526e+04
3.389583333333332860e+01,3.695610964057385718e+04
3.391666666666666430e+01,3.543968412410129531e+04
3.393750000000000000e+01,4.114755604986046819e+04
3.395833333333332860e+01,4.186048055996408948e+04
3.397916666666666430e+01,3.489419148029750795e+04
3.400000000000000000e+01,3.544921275650126336e+04
3.402083333333332860e+01,4.317369272840549820e+04
3.404166666666666430e+01,4.028234353143137560e+04
3.406250000000000000e+01,3.339821466808333207e+04
3.408333333333332860e+01,3.912926354683347017e+04
3.410416666666666430e+01,4.306936130600026809e+04
3.412500000000000000e+01,3.733344901987154299e+04
3.414583333333332860e+01,3.571405984452350094e+04
3.416666666666666430e+01,4.032334271159606578e+04
3.418750000000000000e+01,3.985087161650501366e+04
3.420833333333332860e+01,3.714950067293880420e+04
3.422916666666666430e+01,3.850466207348734315e+04
3.425000000000000000e+01,3.888930325806641486e+04
3.427083333333332860e+01,3.808527185563554667e+04
3.429166666666666430e+01,3.934019860996432544e+04
3.431250000000000000e+01,4.203243426074477611e+04
3.433333333333332860e+01,3.959331079900400073e+04
3.435416666666666430e+01,3.559084465885948885e+04
3.437500000000000000e+01,3.939782240809044015e+04
3.439583333333332860e+01,4.120193216264395596e+04
3.441666666666666430e+01,3.536830196119777247e+04
3.443750000000000000e+01,3.701112913313729950e+04
3.445833333333332860e+01,4.019395317227434862e+04
3.447916666666666430e+01,3.926607139593103784e+04
3.450000000000000000e+01,3.866882292127924302e+04
3.452083333333332860e+01,3.860856820550280099e+04
3.454166666666666430e+01,3.841343533721551648e+04
3.456250000000000000e+01,3.630617130446868396e+04
3.458333333333332860e+01,4.052937003867467865e+04
3.460416666666666430e+01,4.185190071895233268e+04
3.462500000000000000e+01,3.569606954704687087e+04
3.464583333333332860e+01,3.546235463735253870e+04
3.466666666666666430e+01,4.218461305901210289e+04
3.468750000000000000e+01,4.147848401016607386e+04
3.470833333333332860e+01,3.224554503637473681e+04
3.472916666666666430e+01,3.734033253731149307e+04
3.475000000000000000e+01,4.506717152136608638e+04
3.477083333333332860e+01,3.934730776686015452e+04
3.479166666666666430e+01,3.309241083257080027e+04
3.481250000000000000e+01,3.914258487775045069e+04
3.483333333333332860e+01,4.505198552211634524e+04
3.485416666666666430e+01,3.593490256923650304e+04
3.487500000000000000e+01,3.372156226874229469e+04
3.489583333333332860e+01,4.323114785569003288e+04
3.491666666666666430e+01,4.304518039065665653e+04
3.493750000000000000e+01,3.563564363103910000e+04
3.495833333333332860e+01,3.696487278896784119e+04
3.497916666666666430e+01,4.179032949252484832e+04
3.500000000000000000e+01,3.886506089060216618e+04
3.502083333333332860e+01,3.858890585984883364e+04
3.504166666666666430e+01,3.948011509754561121e+04
3.506250000000000000e+01,3.961390931989234377e+04
3.508333333333332860e+01,3.868496798272146407e+04
3.510416666666666430e+01,4.005848419952484255e+04
3.512500000000000000e+01,3.824606889656159183e+04
3.514583333333332860e+01,3.544188525414728065e+04
3.516666666666666430e+01,4.070038952617030736e+04
3.518750000000000000e+01,4.184682381622904359e+04
3.520833333333332860e+01,3.563403975183868170e+04
3.522916666666666430e+01,3.544687709473897121e+04
3.525000000000000000e+01,4.335330160377592256e+04
3.527083333333332860e+01,4.107108755664701312e+04
3.529166666666666430e+01,3.224818147424217750e+04
3.531250000000000000e+01,3.803834090995493170e+04
3.533333333333332860e+01,4.504070335486465774e+04
3.535416666666666430e+01,3.774550929039836774e+04
3.537500000000000000e+01,3.252629628653426334e+04
3.539583333333332860e+01,4.085384125050655712e+04
3.541666666666666430e+01,4.292990538570885838e+04
3.543750000000000000e+01,3.543944443664102437e+04
3.545833333333332860e+01,3.524349801908174413e+04
3.547916666666666430e+01,4.185230739998869831e+04
3.550000000000000000e+01,4.036269231437201233e+04
3.552083333333332860e+01,3.559971565983813343e+04
3.554166666666666430e+01,3.863633398764524463e+04
3.556250000000000000e+01,3.939834110604762827e+04
3.558333333333332860e+01,3.864283271355439501e+04
3.560416666666666430e+01,3.945494836188860791e+04
3.562500000000000000e+01,3.961362020520718215e+04
3.564583333333332860e+01,3.574298273750329099e+04
3.566666666666666430e+01,3.808150060289697285e+04
3.568750000000000000e+01,4.057367438837483496e+04
3.570833333333332860e+01,3.518971684532938525e+04
3.572916666666666430e+01,3.562248176676267758e+04
3.575000000000000000e+01,4.138430566679469484e+04
3.577083333333332860e+01,4.144047098702123185e+04
3.579166666666666430e+01,3.237090242661675438e+04
3.581250000000000000e+01,3.721857824973863171e+04
3.583333333333332860e+01,4.498688653050066932e+04
3.585416666666666430e+01,3.888063030372720095e+04
3.587500000000000000e+01,3.221791406725206980e+04
3.589583333333332860e+01,3.992218119231011224e+04
3.591666666666666430e+01,4.456948012584738899e+04
3.593750000000000000e+01,3.523574728049689293e+04
3.595833333333332860e+01,3.434111292738180782e+04
3.597916666666666430e+01,4.182312116937819519e+04
3.600000000000000000e+01,4.162768852340232115e+04
3.602083333333332860e+01,3.447882534036137076e+04
3.604166666666666430e+01,3.712388036908720096e+04
3.606250000000000000e+01,4.157803253900172422e+04
3.608333333333332860e+01,3.863766698546647967e+04
3.610416666666666430e+01,3.812491918182525842e+04
3.612500000000000000e+01,3.977040630877487274e+04
3.614583333333332860e+01,3.813206676106002851e+04
3.616666666666666430e+01,3.772766885020848713e+04
3.618750000000000000e+01,4.140006349285242322e+04
3.620833333333332860e+01,3.728935085968145722e+04
3.622916666666666430e+01,3.570221381147314969e+04
3.625000000000000000e+01,4.087903882959845942e+04
3.627083333333332860e+01,4.183349705156883283e+04
3.629166666666666430e+01,3.527379601930975332e+04
3.631250000000000000e+01,3.679308044768633408e+04
3.633333333333332860e+01,4.402921608348343580e+04
3.635416666666666430e+01,3.894523917680999875e+04
3.637500000000000000e+01,3.225017210989284285e+04
3.639583333333332860e+01,4.028574669856316905e+04
3.641666666666666430e+01,4.504373625568977877e+04
3.643750000000000000e+01,3.429755531426949165e+04
3.645833333333332860e+01,3.251042394713836620e+04
3.647916666666666430e+01,4.219498240448127763e+04
3.650000000000000000e+01,4.262573427399699722e+04
3.652083333333332860e+01,3.498864920494294347e+04
3.654166666666666430e+01,3.503451753204194392e+04
3.656250000000000000e+01,4.175454855519383273e+04
3.658333333333332860e+01,3.991900837524072995e+04
3.660416666666666430e+01,3.601389107267616782e+04
3.662500000000000000e+01,3.860434598656478192e+04
3.664583333333332860e+01,3.966849991134227457e+04
3.666666666666666430e+01,3.863220974929286604e+04
3.668750000000000000e+01,3.843075656172828167e+04
3.670833333333332860e+01,3.960435226254462759e+04
3.672916666666666430e+01,3.715586811432399554e+04
3.675000000000000000e+01,3.936812892152832501e+04
3.677083333333332860e+01,4.182845510315046704e+04
3.679166666666666430e+01,3.660221906212428439e+04
3.681250000000000000e+01,3.615276106751655607e+04
3.683333333333332860e+01,4.181580307259977417e+04
3.685416666666666430e+01,4.182318357800698141e+04
3.687500000000000000e+01,3.258300655612686387e+04
3.689583333333332860e+01,3.695362069535418414e+04
3.691666666666666430e+01,4.503391492435716646e+04
3.693750000000000000e+01,3.869107586342339346e+04
3.695833333333332860e+01,3.223965555464800491e+04
3.697916666666666430e+01,3.892230735616597667e+04
3.700000000000000000e+01,4.456679402627006493e+04
3.702083333333332860e+01,3.621363163150205219e+04
3.704166666666666430e+01,3.356398328888799006e+04
3.706250000000000000e+01,4.183293380188230367e+04
3.708333333333332860e+01,4.244079069962776703e+04
3.710416666666666430e+01,3.493207960325729073e+04
3.712500000000000000e+01,3.602624968293245183e+04
3.714583333333332860e+01,4.179145033048193727e+04
3.716666666666666430e+01,3.900718995299516973e+04
3.718750000000000000e+01,3.738311399980946589e+04
3.720833333333332860e+01,3.949322315335149324e+04
3.722916666666666430e+01,3.931768663252829720e+04
3.725000000000000000e+01,3.846262971573027608e+04
3.727083333333332860e+01,3.884574280063645710e+04
3.729166666666666430e+01,3.849033425393966900e+04
3.731250000000000000e+01,3.567394507316648378e+04
3.733333333333332860e+01,4.007770162874020025e+04
3.735416666666666430e+01,4.182282033884372504e+04
3.737500000000000000e+01,3.584644221050926717e+04
3.739583333333332860e+01,3.683189921279984264e+04
3.741666666666666430e+01,4.219707506563320931e+04
3.743750000000000000e+01,4.070977043159554887e+04
3.745833333333332860e+01,3.238471566867786532e+04
3.747916666666666430e+01,3.774847378914328874e+04
3.750000000000000000e+01,4.503896084925116884e+04
3.752083333333332860e+01,3.901828154973480559e+04
3.754166666666666430e+01,3.223666173879885173e+04
3.756250000000000000e+01,3.974033451555250940e+04
3.758333333333332860e+01,4.364544593917628663e+04
3.760416666666666430e+01,3.543908942684980866e+04
3.762500000000000000e+01,3.510491509293889976e+04
3.764583333333332860e+01,4.185194748192450788e+04
3.766666666666666430e+01,4.137442881198613759e+04
3.768750000000000000e+01,3.466357358980660501e+04
3.770833333333332860e+01,3.861745461959831300e+04
3.772916666666666430e+01,4.047086565121845342e+04
3.775000000000000000e+01,3.863568121300522034e+04
3.777083333333332860e+01,3.788366747477791796e+04
3.779166666666666430e+01,3.867526548789379012e+04
3.781250000000000000e+01,3.801044547062699712e+04
3.783333333333332860e+01,3.880970670475009683e+04
3.785416666666666430e+01,4.191547431345106452e+04
3.787500000000000000e+01,3.727535814269920957e+04
3.789583333333332860e+01,3.634216958661239914e+04
3.791666666666666430e+01,4.181300755675190885e+04
3.793750000000000000e+01,4.132107030952769128e+04
3.795833333333332860e+01,3.346765255704895389e+04
3.797916666666666430e+01,3.633264500373784540e+04
3.800000000000000000e+01,4.410549029753915966e+04
3.802083333333332860e+01,3.963483878843257116e+04
3.804166666666666430e+01,3.222682756670999152e+04
3.806250000000000000e+01,4.210157790092059440e+04
3.808333333333332860e+01,4.547295851642041089e+04
3.810416666666666430e+01,3.425908764310890547e+04
3.812500000000000000e+01,3.327502241448214772e+04
3.814583333333332860e+01,4.338559620902863389e+04
3.816666666666666430e+01,4.271553151236631675e+04
3.818750000000000000e+01,3.234707394847173418e+04
3.820833333333332860e+01,3.586039531151562551e+04
3.822916666666666430e+01,4.492119162256470736e+04
3.825000000000000000e+01,3.638479987301634537e+04
3.827083333333332860e+01,3.389388379564129718e+04
3.829166666666666430e+01,4.009186778539029183e+04
3.831250000000000000e+01,4.201558602847027214e+04
3.833333333333332860e+01,3.623346316718119488e+04
3.835416666666666430e+01,3.738158174407475599e+04
3.837500000000000000e+01,4.110839716067911650e+04
3.839583333333332860e+01,3.868482607890799409e+04
3.841666666666666430e+01,3.825934410534106428e+04
3.843750000000000000e+01,3.865758869773094193e+04
3.845833333333332860e+01,3.806399289527389192e+04
3.847916666666666430e+01,3.913865103699678730e+04
3.850000000000000000e+01,4.405490341096409975e+04
3.852083333333332860e+01,3.756315817260069161e+04
3.854166666666666430e+01,3.642779014238552190e+04
3.856250000000000000e+01,4.307495111262430146e+04
3.858333333333332860e+01,4.254122850805475173e+04
3.860416666666666430e+01,3.380745215999466018e+04
3.862500000000000000e+01,3.758459574457908457e+04
3.864583333333332860e+01,4.404594405244230438e+04
3.866666666666666430e+01,3.927867416016081552e+04
3.868750000000000000e+01,3.338486707719892729e+04
3.870833333333332860e+01,4.031142249752362113e+04
3.872916666666666430e+01,4.386908287354822824e+04
3.875000000000000000e+01,3.546125506668041635e+04
3.877083333333332860e+01,3.455624009723331255e+04
3.879166666666666430e+01,4.185725286652122304e+04
3.881250000000000000e+01,4.180569024602141872e+04
3.883333333333332860e+01,3.491600330883455172e+04
3.885416666666666430e+01,3.777395302595337125e+04
3.887500000000000000e+01,4.116004398983495776e+04
3.889583333333332860e+01,3.864553734849650937e+04
3.891666666666666430e+01,3.764885649685202952e+04
3.893750000000000000e+01,3.865764569139804371e+04
3.895833333333332860e+01,3.899454156502017577e+04
3.897916666666666430e+01,3.864626831477017549e+04
3.900000000000000000e+01,4.016332881003923831e+04
3.902083333333332860e+01,3.805997152330538665e+04
3.904166666666666430e+01,3.606966913037703489e+04
3.906250000000000000e+01,4.052024356765914126e+04
3.908333333333332860e+01,4.183934173078461754e+04
3.910416666666666430e+01,3.550001818809485121e+04
3.912500000000000000e+01,3.545340996321996499e+04
3.914583333333332860e+01,4.234656285585517617e+04
3.916666666666666430e+01,4.109579365395628702e+04
3.918750000000000000e+01,3.275266384779491273e+04
3.920833333333332860e+01,3.740132188570677681e+04
3.922916666666666430e+01,4.491838848406043689e+04
3.925000000000000000e+01,3.873165512372693047e+04
3.927083333333332860e+01,3.219836071260835524e+04
3.929166666666666430e+01,4.002302211441219697e+04
3.931250000000000000e+01,4.452717882348159037e+04
3.933333333333332860e+01,3.484766600229793403e+04
3.935416666666666430e+01,3.434617989830548322e+04
3.937500000000000000e+01,4.183493419323835406e+04
3.939583333333332860e+01,4.185350396066519170e+04
3.941666666666666430e+01,3.503086109588357795e+04
3.943750000000000000e+01,3.729142856295518141e+04
3.945833333333332860e+01,4.074110316615846386e+04
3.947916666666666430e+01,3.864833861601788522e+04
3.950000000000000000e+01,3.830036688807296014e+04
3.952083333333332860e+01,3.864004995472300652e+04
3.954166666666666430e+01,3.726643104424947524e+04
3.956250000000000000e+01,3.926268320694321301e+04
3.958333333333332860e+01,4.184021264968452306e+04
3.960416666666666430e+01,3.635102023939134233e+04
3.962500000000000000e+01,3.576496493927646225e+04
3.964583333333332860e+01,4.194379919021129172e+04
3.966666666666666430e+01,4.184485330008633900e+04
3.968750000000000000e+01,3.371311114759937482e+04
3.970833333333332860e+01,3.794097650604116643e+04
3.972916666666666430e+01,4.503947613885514147e+04
3.975000000000000000e+01,3.742376705539999966e+04
3.977083333333332860e+01,3.225991069678941858e+04
3.979166666666666430e+01,4.202446950315305003e+04
3.981250000000000000e+01,4.454214194984537608e+04
3.983333333333332860e+01,3.224205841499880262e+04
3.985416666666666430e+01,3.433796506577291439e+04
3.987500000000000000e+01,4.482080392243772076e+04
3.989583333333332860e+01,4.045278400458768738e+04
3.991666666666666430e+01,3.225019590667871671e+04
3.993750000000000000e+01,3.862238676677090552e+04
3.995833333333332860e+01,4.352076864259731519e+04
3.997916666666666430e+01,3.621421824297830608e+04
4.000000000000000000e+01,3.414521236026941187e+04
4.002083333333332860e+01,4.150205277424200904e+04
4.004166666666666430e+01,4.107370091728828265e+04
4.006250000000000000e+01,3.531267126431823999e+04
4.008333333333332860e+01,3.820025953435865813e+04
4.010416666666666430e+01,4.014669799643631268e+04
4.012500000000000000e+01,3.859827433590354485e+04
4.014583333333332860e+01,3.789991439024174178e+04
4.016666666666666430e+01,3.862227776528937102e+04
4.018750000000000000e+01,3.928158526046298357e+04
4.020833333333332860e+01,3.864154338314769120e+04
4.022916666666666430e+01,4.085242782586235262e+04
4.025000000000000000e+01,3.736866198270033783e+04
4.027083333333332860e+01,3.543258835086870386e+04
4.029166666666666430e+01,4.092970654973699129e+04
4.031250000000000000e+01,4.183470951539892849e+04
4.033333333333332860e+01,3.589722449044010136e+04
4.035416666666666430e+01,3.544435569240364566e+04
4.037500000000000000e+01,4.406639323471648095e+04
4.039583333333332860e+01,4.058949089233941049e+04
4.041666666666666430e+01,3.223672538826002710e+04
4.043750000000000000e+01,3.721657063497198396e+04
4.045833333333332860e+01,4.480021652310519858e+04
4.047916666666666430e+01,3.779456122337075067e+04
4.050000000000000000e+01,3.245964216522788774e+04
4.052083333333332860e+01,4.168783825351750420e+04
4.054166666666666430e+01,4.309093620789968554e+04
4.056250000000000000e+01,3.542978256755600160e+04
4.058333333333332860e+01,3.505021172105740698e+04
4.060416666666666430e+01,4.184357071122173511e+04
4.062500000000000000e+01,4.068664646606748283e+04
4.064583333333332860e+01,3.528476590057290014e+04
4.066666666666666430e+01,3.868087882313127193e+04
4.068750000000000000e+01,3.943820805971644586e+04
4.070833333333332860e+01,3.863371226908107201e+04
4.072916666666666430e+01,3.981115920643883874e+04
4.075000000000000000e+01,3.884248791161284316e+04
4.077083333333332860e+01,3.586706511431030231e+04
4.079166666666666430e+01,2.848329915038290710e+04
4.081250000000000000e+01,3.681015506984015519e+04
4.083333333333332860e+01,3.696586874005922436e+04
4.085416666666666430e+01,3.463141392768363585e+04
4.087500000000000000e+01,3.771208572882094450e+04
4.089583333333332860e+01,4.082169696090501384e+04
4.091666666666666430e+01,3.619205000700200617e+04
4.093750000000000000e+01,3.621887428947602166e+04
4.095833333333332860e+01,4.272729789029377571e+04
4.097916666666666430e+01,3.946964818866498535e+04
4.100000000000000000e+01,3.538453560697626381e+04
4.102083333333332860e+01,3.899085084039362118e+04
4.104166666666666430e+01,4.765669678310671588e+04
4.106250000000000000e+01,3.921848189236350299e+04
4.108333333333332860e+01,3.978456068983908335e+04
4.110416666666666430e+01,4.331755206457206077e+04
4.112500000000000000e+01,4.025085006603403599e+04
4.114583333333332860e+01,3.604330735725944396e+04
4.116666666666666430e+01,3.989399860054266173e+04
4.118750000000000000e+01,4.202190866413057665e+04
4.120833333333332860e+01,3.570190350974281318e+04
4.122916666666666430e+01,3.853191673960228945e+04
4.125000000000000000e+01,4.191014222781006538e+04
4.127083333333332860e+01,3.728433050920283131e+04
4.129166666666666430e+01,3.549444661560331588e+04
4.131250000000000000e+01,4.257597034758902737e+04
4.133333333333332860e+01,4.162766315092312288e+04
4.135416666666666430e+01,3.250496959699194122e+04
4.137500000000000000e+01,3.712101219974631385e+04
4.139583333333332860e+01,4.371678885490261018e+04
4.141666666666666430e+01,3.783682733882076718e+04
4.143750000000000000e+01,3.358566928844136419e+04
4.145833333333332860e+01,4.085902922489712364e+04
4.147916666666666430e+01,4.302959618732380477e+04
4.150000000000000000e+01,3.256778746378515280e+04
4.152083333333332860e+01,3.772050029093326157e+04
4.154166666666666430e+01,4.438408054896895192e+04
4.156250000000000000e+01,3.945047349979034334e+04
4.158333333333332860e+01,3.223768169476401090e+04
4.160416666666666430e+01,3.891061365088636376e+04
4.162500000000000000e+01,4.475212402276304783e+04
4.164583333333332860e+01,3.524157768199208658e+04
4.166666666666666430e+01,3.659349993399915547e+04
4.168750000000000000e+01,4.602170497862575576e+04
4.170833333333332860e+01,4.400998197624574095e+04
4.172916666666666430e+01,3.302970715162682609e+04
4.175000000000000000e+01,3.563898451408104302e+04
4.177083333333332860e+01,4.535583116298287496e+04
4.179166666666666430e+01,4.048075790906940529e+04
4.181250000000000000e+01,3.281678318905436026e+04
4.183333333333332860e+01,3.869333077410958504e+04
4.185416666666666430e+01,4.290390308369880222e+04
4.187500000000000000e+01,3.743578394258015760e+04
4.189583333333332860e+01,3.516287356223466486e+04
4.191666666666666430e+01,3.865514941784056282e+04
4.193750000000000000e+01,4.023842456219907763e+04
4.195833333333332860e+01,3.930041600632700283e+04
4.197916666666666430e+01,3.997961421996264107e+04
4.200000000000000000e+01,3.690421558516148070e+04
4.202083333333332860e+01,3.864848525058844098e+04
4.204166666666666430e+01,4.199996249221493053e+04
4.206250000000000000e+01,3.864750628806596796e+04
4.208333333333332860e+01,3.296725404812400666e+04
4.210416666666666430e+01,3.983862467936449684e+04
4.212500000000000000e+01,4.502703601809380052e+04
4.214583333333332860e+01,3.601553838644975622e+04
4.216666666666666430e+01,3.224342025666565314e+04
4.218750000000000000e+01,4.238369288450691238e+04
4.220833333333332860e+01,4.492943390242088208e+04
4.222916666666666430e+01,3.239051687060681434e+04
4.225000000000000000e+01,3.397530036900110281e+04
4.227083333333332860e+01,4.503751047639329045e+04
4.229166666666666430e+01,4.096510576732645131e+04
4.231250000000000000e+01,3.225427781302917356e+04
4.233333333333332860e+01,3.718450027860543196e+04
4.235416666666666430e+01,4.398558676636370365e+04
4.237500000000000000e+01,3.846523011536162085e+04
4.239583333333332860e+01,3.434032239036083774e+04
4.241666666666666430e+01,3.685735942689254443e+04
4.243750000000000000e+01,4.053228082408572664e+04
4.245833333333332860e+01,3.796039701151707413e+04
4.247916666666666430e+01,3.694883694810370798e+04
4.250000000000000000e+01,3.873327093070633418e+04
4.252083333333332860e+01,3.847647781887275778e+04
4.254166666666666430e+01,3.981466752128920052e+04
4.256250000000000000e+01,3.858280615504166053e+04
4.258333333333332860e+01,3.635483137515183626e+04
4.260416666666666430e+01,3.865935888367262669e+04
4.262500000000000000e+01,4.233251867590296024e+04
4.264583333333332860e+01,3.689789144329710689e+04
4.266666666666666430e+01,3.542852174843929242e+04
4.268750000000000000e+01,4.131577300798826036e+04
4.270833333333332860e+01,4.183695569002347474e+04
4.272916666666666430e+01,3.494884793064376572e+04
4.275000000000000000e+01,3.617230619836012920e+04
4.277083333333332860e+01,4.478358203401169158e+04
4.279166666666666430e+01,3.967487139387064235e+04
4.281250000000000000e+01,3.223542060118214431e+04
4.283333333333332860e+01,3.841110028777497064e+04
4.285416666666666430e+01,4.381577579445577430e+04
4.287500000000000000e+01,3.621398590134519327e+04
4.289583333333332860e+01,3.428931901797668252e+04
4.291666666666666430e+01,4.184727502744911180e+04
4.293750000000000000e+01,4.166144922071282053e+04
4.295833333333332860e+01,3.544711925408062234e+04
4.297916666666666430e+01,3.663317040155298309e+04
4.300000000000000000e+01,4.184864989178363612e+04
4.302083333333332860e+01,3.915236235768602637e+04
4.304166666666666430e+01,3.680459030350122339e+04
4.306250000000000000e+01,3.862549702339051873e+04
4.308333333333332860e+01,3.946206220152174501e+04
4.310416666666666430e+01,3.863078654918121902e+04
4.312500000000000000e+01,3.937355533342139097e+04
4.314583333333332860e+01,3.906080754540584167e+04
4.316666666666666430e+01,3.612351455971935502e+04
4.318750000000000000e+01,4.013229059769355808e+04
4.320833333333332860e+01,4.000159197990385292e+04
4.322916666666666430e+01,3.789722128305223305e+04
4.325000000000000000e+01,3.475631773048898322e+04
4.327083333333332860e+01,3.910478215748214279e+04
4.329166666666666430e+01,4.033371734040493175e+04
4.331250000000000000e+01,3.505894841798090783e+04
4.333333333333332860e+01,3.759141185669635161e+04
4.335416666666666430e+01,4.177246516612081177e+04
4.337500000000000000e+01,3.857462775801508542e+04
4.339583333333332860e+01,3.535151268444852758e+04
4.341666666666666430e+01,4.089294011860445607e+04
4.343750000000000000e+01,4.071452003749135474e+04
4.345833333333332860e+01,3.426975714651562157e+04
4.347916666666666430e+01,3.764225719385884440e+04
4.350000000000000000e+01,4.184637323952231236e+04
4.352083333333332860e+01,3.899699860560824891e+04
4.354166666666666430e+01,3.545865539871873625e+04
4.356250000000000000e+01,3.992248566437864065e+04
4.358333333333332860e+01,4.164229850770634221e+04
4.360416666666666430e+01,3.543082462894266791e+04
4.362500000000000000e+01,3.737181818110436870e+04
4.364583333333332860e+01,4.183753932483831886e+04
4.366666666666666430e+01,3.933196673996623576e+04
4.368750000000000000e+01,3.675899951321369008e+04
4.370833333333332860e+01,3.939610399193376361e+04
4.372916666666666430e+01,4.101652781471227354e+04
4.375000000000000000e+01,3.560487354135962960e+04
4.377083333333332860e+01,3.787181918473944825e+04
4.379166666666666430e+01,4.183532710378407501e+04
4.381250000000000000e+01,3.920042460238120111e+04
4.383333333333332860e+01,3.543637366488603584e+04
4.385416666666666430e+01,3.974851413266599411e+04
4.387500000000000000e+01,4.183518151512971963e+04
4.389583333333332860e+01,3.540319268117898901e+04
4.391666666666666430e+01,3.852219027854126762e+04
4.393750000000000000e+01,4.572478912787294394e+04
4.395833333333332860e+01,3.957810496576454898e+04
4.397916666666666430e+01,3.250928135809058585e+04
4.400000000000000000e+01,3.955527594769699499e+04
4.402083333333332860e+01,4.402071889626685152e+04
4.404166666666666430e+01,3.562146847169137618e+04
4.406250000000000000e+01,3.451357439441583847e+04
4.408333333333332860e+01,4.186499952062973171e+04
4.410416666666666430e+01,4.222155190590130223e+04
4.412500000000000000e+01,3.545037397094473999e+04
4.414583333333332860e+01,3.711522275183605962e+04
4.416666666666666430e+01,4.154902204462006921e+04
4.418750000000000000e+01,3.874567637361251400e+04
4.420833333333332860e+01,3.709469199001314701e+04
4.422916666666666430e+01,3.863997100617404067e+04
4.425000000000000000e+01,3.873991054765290028e+04
4.427083333333332860e+01,3.863493728241605277e+04
4.429166666666666430e+01,4.025606845328286727e+04
4.431250000000000000e+01,3.880562967732988909e+04
4.433333333333332860e+01,3.543505813429380214e+04
4.435416666666666430e+01,4.060280593566939206e+04
4.437500000000000000e+01,4.184630076563537295e+04
4.439583333333332860e+01,3.473297299743114127e+04
4.441666666666666430e+01,3.672175345866051794e+04
4.443750000000000000e+01,4.480207238993414649e+04
4.445833333333332860e+01,3.882304531855374807e+04
4.447916666666666430e+01,3.224173915912793382e+04
4.450000000000000000e+01,3.791061426588481118e+04
4.452083333333332860e+01,4.505580110363726271e+04
4.454166666666666430e+01,3.687746941738933674e+04
4.456250000000000000e+01,3.166755296994994933e+04
4.458333333333332860e+01,4.092606107544355473e+04
4.460416666666666430e+01,4.328400524354917434e+04
4.462500000000000000e+01,3.528906683328124927e+04
4.464583333333332860e+01,3.476063472970576549e+04
4.466666666666666430e+01,4.178685657434733002e+04
4.468750000000000000e+01,4.090942140361716156e+04
4.470833333333332860e+01,3.556149073845668318e+04
4.472916666666666430e+01,3.878114202691888204e+04
4.475000000000000000e+01,3.981554393300254742e+04
4.477083333333332860e+01,3.862395382314993913e+04
4.479166666666666430e+01,3.883388788304170885e+04
4.481250000000000000e+01,3.927426281389153155e+04
4.483333333333332860e+01,3.724559972060182190e+04
4.485416666666666430e+01,3.935990203036420280e+04
4.487500000000000000e+01,4.183590851768221910e+04
4.489583333333332860e+01,3.592428560715237836e+04
4.491666666666666430e+01,3.543612580777480616e+04
4.493750000000000000e+01,4.155538270821041078e+04
4.495833333333332860e+01,4.164696967746914015e+04
4.497916666666666430e+01,3.257399707477918491e+04
4.500000000000000000e+01,3.779599033143264387e+04
4.502083333333332860e+01,4.503202508986537578e+04
4.504166666666666430e+01,3.896235120946601819e+04
4.506250000000000000e+01,3.223811425208248693e+04
4.508333333333332860e+01,3.977080297690304724e+04
4.510416666666666430e+01,4.465507169298702502e+04
4.512500000000000000e+01,3.538474495621729875e+04
4.514583333333332860e+01,3.438546222570264945e+04
4.516666666666666430e+01,4.182566823022588505e+04
4.518750000000000000e+01,4.074547036751195992e+04
4.520833333333332860e+01,3.544261401111774467e+04
4.522916666666666430e+01,3.742768553780003276e+04
4.525000000000000000e+01,4.079150346540683677e+04
4.527083333333332860e+01,3.863486306144145055e+04
4.529166666666666430e+01,3.775038064029008819e+04
4.531250000000000000e+01,3.863204990272426221e+04
4.533333333333332860e+01,3.836969700990327692e+04
4.535416666666666430e+01,3.863980230699183448e+04
4.537500000000000000e+01,4.191840859134482162e+04
4.539583333333332860e+01,4.070605583146859863e+04
4.541666666666666430e+01,3.594702064168462675e+04
4.543750000000000000e+01,3.760436332444450818e+04
4.545833333333332860e+01,4.191542307113813877e+04
4.547916666666666430e+01,3.834644203089996154e+04
4.550000000000000000e+01,3.550782732891381602e+04
4.552083333333332860e+01,4.105934408246930252e+04
4.554166666666666430e+01,3.950704879675860138e+04
4.556250000000000000e+01,3.502571758677660546e+04
4.558333333333332860e+01,3.795277168298777542e+04
4.560416666666666430e+01,4.186281380278976576e+04
4.562500000000000000e+01,3.819641031653661776e+04
4.564583333333332860e+01,3.548498690368956159e+04
4.566666666666666430e+01,4.168966267255551793e+04
4.568750000000000000e+01,4.018026237042300636e+04
4.570833333333332860e+01,3.390855354450333834e+04
4.572916666666666430e+01,3.782047403275421675e+04
4.575000000000000000e+01,4.187018632176710526e+04
4.577083333333332860e+01,3.930158419831003994e+04
4.579166666666666430e+01,3.548643437375382928e+04
4.581250000000000000e+01,4.114239049180376605e+04
4.583333333333332860e+01,4.110887510815520363e+04
4.585416666666666430e+01,3.543996097946649388e+04
4.587500000000000000e+01,3.783383444114959275e+04
4.589583333333332860e+01,4.185266847996928846e+04
4.591666666666666430e+01,3.843184793287503271e+04
4.593750000000000000e+01,3.570195875407652784e+04
4.595833333333332860e+01,4.107804140640204423e+04
4.597916666666666430e+01,4.333707554123769660e+04
4.600000000000000000e+01,3.910509985739544209e+04
4.602083333333332860e+01,3.504058820432555513e+04
4.604166666666666430e+01,3.894141743642235815e+04
4.606250000000000000e+01,4.116376411822692899e+04
4.608333333333332860e+01,3.880142785325196746e+04
4.610416666666666430e+01,3.871732125982139405e+04
4.612500000000000000e+01,3.674200582734777709e+04
4.614583333333332860e+01,3.867439839212676452e+04
4.616666666666666430e+01,4.080010764106873103e+04
4.618750000000000000e+01,3.865446465923250071e+04
4.620833333333332860e+01,3.549308802425587055e+04
4.622916666666666430e+01,3.835384167839043948e+04
4.625000000000000000e+01,4.208767098801446264e+04
4.627083333333332860e+01,3.839113277776820905e+04
4.629166666666666430e+01,3.223509631084502689e+04
4.631250000000000000e+01,3.997998127989846398e+04
4.633333333333332860e+01,4.506242819313800283e+04
4.635416666666666430e+01,3.710483744848061906e+04
4.637500000000000000e+01,3.223311181585724989e+04
4.639583333333332860e+01,4.008697779082276247e+04
4.641666666666666430e+01,4.479475351722936466e+04
4.643750000000000000e+01,3.675443251092240098e+04
4.645833333333332860e+01,3.223611122610614984e+04
4.647916666666666430e+01,4.084881250192502193e+04
4.650000000000000000e+01,4.505824680848125718e+04
4.652083333333332860e+01,3.518257852037020348e+04
4.654166666666666430e+01,3.074245849783360609e+04
4.656250000000000000e+01,4.265043099190748035e+04
4.658333333333332860e+01,4.329421333736323140e+04
4.660416666666666430e+01,3.182381946432591212e+04
4.662500000000000000e+01,3.433198856535094092e+04
4.664583333333332860e+01,4.487433985127021879e+04
4.666666666666666430e+01,4.115600851524603786e+04
4.668750000000000000e+01,3.217831274529965231e+04
4.670833333333332860e+01,3.791219867098406394e+04
4.672916666666666430e+01,4.356985255083430093e+04
4.675000000000000000e+01,3.861034037150245422e+04
4.677083333333332860e+01,3.433895591650401184e+04
4.679166666666666430e+01,3.862464544609352743e+04
4.681250000000000000e+01,4.177707182380028098e+04
4.683333333333332860e+01,3.844384501522042410e+04
4.685416666666666430e+01,3.693350245719758095e+04
4.687500000000000000e+01,3.847030174235807499e+04
4.689583333333332860e+01,3.862925085911589122e+04
4.691666666666666430e+01,4.085717962308903225e+04
4.693750000000000000e+01,3.863341564468677097e+04
4.695833333333332860e+01,3.497358692263408011e+04
4.697916666666666430e+01,3.863389651588032575e+04
4.700000000000000000e+01,4.425658843737597635e+04
4.702083333333332860e+01,3.709677198291964305e+04
4.704166666666666430e+01,3.277325814217420702e+04
4.706250000000000000e+01,4.119829930439781310e+04
4.708333333333332860e+01,4.502525384950292209e+04
4.710416666666666430e+01,3.440748343972069415e+04
4.712500000000000000e+01,3.241505460076264353e+04
4.714583333333332860e+01,4.492601550565948855e+04
4.716666666666666430e+01,4.292128985206563812e+04
4.718750000000000000e+01,3.222816489730057219e+04
4.720833333333332860e+01,3.506270282864470937e+04
4.722916666666666430e+01,4.433407486445899849e+04
4.725000000000000000e+01,3.839140336352059239e+04
4.727083333333332860e+01,3.290757351962992107e+04
4.729166666666666430e+01,4.048956315143470420e+04
4.731250000000000000e+01,4.533301937215203361e+04
4.733333333333332860e+01,3.722480662927993399e+04
4.735416666666666430e+01,3.862065686685684341e+04
4.737500000000000000e+01,4.305314373078913923e+04
4.739583333333332860e+01,3.796639832438278245e+04
4.741666666666666430e+01,3.741748377394129784e+04
4.743750000000000000e+01,4.109333507505919988e+04
4.745833333333332860e+01,3.952725321066622564e+04
4.747916666666666430e+01,3.521712072604753484e+04
4.750000000000000000e+01,3.804732295770124620e+04
4.752083333333332860e+01,4.172447276118111040e+04
4.754166666666666430e+01,3.732303303633347969e+04
4.756250000000000000e+01,3.749506701152909227e+04
4.758333333333332860e+01,4.119432536755105684e+04
4.760416666666666430e+01,3.866419323730950418e+04
4.762500000000000000e+01,3.705201259677952476e+04
4.764583333333332860e+01,4.021379593585101975e+04
4.766666666666666430e+01,4.069703023424583807e+04
4.768750000000000000e+01,3.446569466340800864e+04
4.770833333333332860e+01,3.793191034060422680e+04
4.772916666666666430e+01,4.218983938768124790e+04
4.775000000000000000e+01,3.824261815205207677e+04
4.777083333333332860e+01,3.544208861519690981e+04
4.779166666666666430e+01,4.139345464274041296e+04
4.781250000000000000e+01,4.040187459629724617e+04
4.783333333333332860e+01,3.610169608332755888e+04
4.785416666666666430e+01,3.823649686519588431e+04
4.787500000000000000e+01,4.184457395725386596e+04
4.789583333333332860e+01,3.814735344340425945e+04
4.791666666666666430e+01,3.560311110380016908e+04
4.793750000000000000e+01,4.060578592398107867e+04
4.795833333333332860e+01,4.021358872533790418e+04
4.797916666666666430e+01,3.543806915699665115e+04
4.800000000000000000e+01,3.829386906930004625e+04
4.802083333333332860e+01,4.184937026329845685e+04
4.804166666666666430e+01,3.798643987646070309e+04
4.806250000000000000e+01,3.402308061612840538e+04
4.808333333333332860e+01,3.972094222724613792e+04
4.810416666666666430e+01,3.825571450426695083e+04
4.812500000000000000e+01,3.384456700332502078e+04
4.814583333333332860e+01,3.804046694002833829e+04
4.816666666666666430e+01,4.158011438788832311e+04
4.818750000000000000e+01,3.658962952883810794e+04
4.820833333333332860e+01,3.653125775438090204e+04
4.822916666666666430e+01,4.261768429307014594e+04
4.825000000000000000e+01,3.902100434981141734e+04
4.827083333333332860e+01,3.513876466835162137e+04
4.829166666666666430e+01,3.994962811819258786e+04
4.831250000000000000e+01,4.137569711992593511e+04
4.833333333333332860e+01,3.542315617729973746e+04
4.835416666666666430e+01,3.741425577431565034e+04
4.837500000000000000e+01,4.184735777654494450e+04
4.839583333333332860e+01,3.988594493951321056e+04
4.841666666666666430e+01,3.545513930554486433e+04
4.843750000000000000e+01,3.763544795156432519e+04
4.845833333333332860e+01,4.157294465576860239e+04
4.847916666666666430e+01,3.863711491080095584e+04
4.850000000000000000e+01,3.771630987575390463e+04
4.852083333333332860e+01,3.863296832558941242e+04
4.854166666666666430e+01,3.838637831630948494e+04
4.856250000000000000e+01,3.863184013087316271e+04
4.858333333333332860e+01,4.109780331269645103e+04
4.860416666666666430e+01,3.811227831268031878e+04
4.862500000000000000e+01,3.542701594526370900e+04
4.864583333333332860e+01,4.106834962274253485e+04
4.866666666666666430e+01,4.184467081423018681e+04
4.868750000000000000e+01,3.442886596451882360e+04
4.870833333333332860e+01,3.565115803247465374e+04
