0.000000000000000000e+00,-7.082017011751177635e-03
2.083333333333333218e-02,-2.660459089046955661e-02
4.166666666666666435e-02,-5.061246328793988364e-02
6.250000000000000000e-02,-6.641229456776864826e-02
8.333333333333332871e-02,-6.899691392985086991e-02
1.041666666666666574e-01,-7.439668503037033531e-02
1.250000000000000000e-01,-8.744195948145641606e-02
1.458333333333333148e-01,-9.405247133600351528e-02
1.666666666666666574e-01,-8.726929987672815692e-02
1.875000000000000000e-01,-8.335559508378018179e-02
2.083333333333333148e-01,-8.823201822006894457e-02
2.291666666666666574e-01,-8.731466945680323166e-02
2.500000000000000000e-01,-7.294203448534979095e-02
2.708333333333333148e-01,-6.134609725128559177e-02
2.916666666666666297e-01,-6.371134465033438665e-02
3.125000000000000000e-01,-6.350858841346945782e-02
3.333333333333333148e-01,-4.975037898160136751e-02
3.541666666666666297e-01,-3.888153778995396409e-02
3.750000000000000000e-01,-3.927386527563977991e-02
3.958333333333333148e-01,-3.544908569959081407e-02
4.166666666666666297e-01,-1.809529371826174016e-02
4.375000000000000000e-01,-3.597022589435596319e-03
4.583333333333333148e-01,-2.704704342642998225e-03
4.791666666666666297e-01,9.125646475480582919e-04
5.000000000000000000e-01,1.502609750370255057e-02
5.208333333333332593e-01,2.438630951778379338e-02
5.416666666666666297e-01,2.027744150797979386e-02
5.625000000000000000e-01,1.910257234314767169e-02
5.833333333333332593e-01,3.016936807236053966e-02
6.041666666666666297e-01,3.702162301172212677e-02
6.250000000000000000e-01,2.969893305046362314e-02
6.458333333333332593e-01,2.489110924116812867e-02
6.666666666666666297e-01,3.383061978146610638e-02
6.875000000000000000e-01,4.012589022500025193e-02
7.083333333333332593e-01,3.234644137681842724e-02
7.291666666666666297e-01,2.738452460863918456e-02
7.500000000000000000e-01,3.622470428420667549e-02
7.708333333333332593e-01,4.252840816037921357e-02
7.916666666666666297e-01,3.543967138937970107e-02
8.125000000000000000e-01,3.168104882174226783e-02
8.333333333333332593e-01,3.331548893411638568e-02
8.541666666666666297e-01,2.673602938306383209e-02
8.750000000000000000e-01,1.995955048390965492e-02
8.958333333333332593e-01,2.252745454180242815e-02
9.166666666666666297e-01,2.125556047528205650e-02
9.375000000000000000e-01,6.357353277303166156e-03
9.583333333333332593e-01,-5.686588846248944416e-03
9.791666666666666297e-01,-4.188349431537435191e-03
1.000000000000000000e+00,-5.513759708373919440e-03
1.020833333333333259e+00,-1.431228760587754077e-02
1.041666666666666519e+00,-1.644230570383426598e-02
1.062500000000000000e+00,-8.532763589606194229e-03
1.083333333333333259e+00,-5.990804438006322799e-03
1.104166666666666519e+00,-1.735388577928826878e-02
1.125000000000000000e+00,-2.663160867976178611e-02
1.145833333333333259e+00,-2.282972416516220251e-02
1.166666666666666519e+00,-1.704579095160633703e-02
1.187500000000000000e+00,-2.156688910558668404e-02
1.208333333333333259e+00,-2.374621432836220708e-02
1.229166666666666519e+00,-1.207898207650302466e-02
1.250000000000000000e+00,-2.908946195586533875e-03
1.270833333333333259e+00,-6.919582888889001977e-03
1.291666666666666519e+00,-7.808008534850447747e-03
1.312500000000000000e+00,5.466858274293849573e-03
1.333333333333333259e+00,1.678316210242236997e-02
1.354166666666666519e+00,1.516208613689121708e-02
1.375000000000000000e+00,9.540163891023948142e-03
1.395833333333333259e+00,1.294198698126723494e-02
1.416666666666666519e+00,1.423668333561441644e-02
1.437500000000000000e+00,2.419789159887236578e-03
1.458333333333333259e+00,-6.153435776617514723e-03
1.479166666666666519e+00,-1.249375641908929274e-03
1.500000000000000000e+00,8.697433220667342545e-04
1.520833333333333259e+00,-8.449533791524450541e-03
1.541666666666666519e+00,-1.354148526527993758e-02
1.562500000000000000e+00,-5.570506030758804600e-03
1.583333333333333259e+00,-7.791375282553810117e-04
1.604166666666666519e+00,-9.672206124804263311e-03
1.625000000000000000e+00,-1.632886248142425764e-02
1.645833333333333259e+00,-1.006004673772131416e-02
1.666666666666666519e+00,-7.174259546814310516e-03
1.687500000000000000e+00,-1.152117272679628428e-02
1.708333333333333259e+00,-9.143576908818850518e-03
1.729166666666666519e+00,2.949668972432252685e-05
1.750000000000000000e+00,1.614173375948222203e-03
1.770833333333333259e+00,-2.059582627614472018e-03
1.791666666666666519e+00,2.558848539141042426e-03
1.812500000000000000e+00,5.268555874097981782e-03
1.833333333333333259e+00,-1.092139136995298569e-03
1.854166666666666519e+00,-1.503635637659552892e-03
1.875000000000000000e+00,9.796688452329801663e-03
1.895833333333333259e+00,1.731161866749991382e-02
1.916666666666666519e+00,1.190433526629942895e-02
1.937500000000000000e+00,9.864181743169065861e-03
1.958333333333333259e+00,1.759819069183585563e-02
1.979166666666666519e+00,2.007295906885260897e-02
2.000000000000000000e+00,9.507913060391941229e-03
2.020833333333333037e+00,1.971128395187690674e-03
2.041666666666666519e+00,8.530223231157988556e-03
2.062500000000000000e+00,1.229750854267792730e-02
2.083333333333333037e+00,2.464060683633151946e-03
2.104166666666666519e+00,-4.707346144894590523e-03
2.125000000000000000e+00,1.797726616537525602e-03
2.145833333333333037e+00,5.088840756447145230e-03
2.166666666666666519e+00,-5.825279910374436473e-03
2.187500000000000000e+00,-1.465661097895613885e-02
2.208333333333333037e+00,-1.056467144173593546e-02
2.229166666666666519e+00,-9.510644698670559297e-03
2.250000000000000000e+00,-1.983375215047844878e-02
2.270833333333333037e+00,-2.592147005083185116e-02
2.291666666666666519e+00,-1.887872793240439814e-02
2.312500000000000000e+00,-1.474264123464008765e-02
2.333333333333333037e+00,-2.341458040965774604e-02
2.354166666666666519e+00,-2.835131836085461043e-02
2.375000000000000000e+00,-1.944317098720856757e-02
2.395833333333333037e+00,-1.275942786908778291e-02
2.416666666666666519e+00,-1.918954498676621670e-02
2.437500000000000000e+00,-2.246731386949930159e-02
2.458333333333333037e+00,-1.132565506089938494e-02
2.479166666666666519e+00,-2.247240217255251724e-03
2.500000000000000000e+00,-6.312696298432958486e-03
2.520833333333333037e+00,-7.381561325288507093e-03
2.541666666666666519e+00,5.826668615132157142e-03
2.562500000000000000e+00,1.649264313784759572e-02
2.583333333333333037e+00,1.367137761115182204e-02
2.604166666666666519e+00,1.255937248464221619e-02
2.625000000000000000e+00,1.902087884277474383e-02
2.645833333333333037e+00,1.863857446288699760e-02
2.666666666666666519e+00,9.232596836048094502e-03
2.687500000000000000e+00,5.356210520606428764e-03
2.708333333333333037e+00,1.432647731276364376e-02
2.729166666666666519e+00,2.003685071011587077e-02
2.750000000000000000e+00,1.143785868372687760e-02
2.770833333333333037e+00,4.992743945410798266e-03
2.791666666666666519e+00,1.172464216229197886e-02
2.812500000000000000e+00,1.550084077118082417e-02
2.833333333333333037e+00,5.021823122591618192e-03
2.854166666666666519e+00,-2.764336068565999283e-03
2.875000000000000000e+00,3.032228163023131112e-03
2.895833333333333037e+00,6.401124103884509725e-03
2.916666666666666519e+00,-3.634325267879099861e-03
2.937500000000000000e+00,-1.071960021260188675e-02
2.958333333333333037e+00,-3.981377384371793428e-03
2.979166666666666519e+00,6.395986120827286967e-04
3.000000000000000000e+00,-7.661926554505230254e-03
3.020833333333333037e+00,-1.268940630934343138e-02
3.041666666666666519e+00,-3.389150649708377438e-03
3.062500000000000000e+00,3.707231576490356388e-03
3.083333333333333037e+00,-2.267431107884050525e-03
3.104166666666666519e+00,-5.207278937324496745e-03
3.125000000000000000e+00,3.603021939281670760e-03
3.145833333333333037e+00,8.119918619372850158e-03
3.166666666666666519e+00,-8.456723106316213403e-04
3.187500000000000000e+00,-7.413299038385114462e-03
3.208333333333333037e+00,-6.622305306875250460e-04
3.229166666666666519e+00,3.348239186861720357e-03
3.250000000000000000e+00,-6.355691744467208484e-03
3.270833333333333037e+00,-1.373807116086722159e-02
3.291666666666666519e+00,-8.089250557114647036e-03
3.312500000000000000e+00,-5.735013458859752021e-03
3.333333333333333037e+00,-1.566552240659684070e-02
3.354166666666666519e+00,-2.204649337684594368e-02
3.375000000000000000e+00,-1.535142370685210061e-02
3.395833333333333037e+00,-1.167180898059235784e-02
3.416666666666666519e+00,-1.800787757474297396e-02
3.437500000000000000e+00,-1.884571339746987650e-02
3.458333333333333037e+00,-6.097407228017091320e-03
3.479166666666666519e+00,4.231085603157012931e-03
3.500000000000000000e+00,1.215474516053527410e-03
3.520833333333333037e+00,1.410968846551273600e-03
3.541666666666666519e+00,1.012910959843232872e-02
3.562500000000000000e+00,1.307610703368249430e-02
3.583333333333333037e+00,3.141322931101632205e-03
3.604166666666666519e+00,-3.729966118491804834e-03
3.625000000000000000e+00,3.687802922334944104e-03
3.645833333333333037e+00,8.820044670250761984e-03
3.666666666666666519e+00,7.074027407426210917e-04
3.687500000000000000e+00,-4.161994149665098480e-03
3.708333333333333037e+00,5.432358093053399166e-03
3.729166666666666519e+00,1.197663786024862585e-02
3.750000000000000000e+00,4.432143201500103429e-03
3.770833333333333037e+00,-8.656138149097966465e-04
3.791666666666666519e+00,5.733438546912507892e-03
3.812500000000000000e+00,8.521671174556004827e-03
3.833333333333333037e+00,-2.912095203392912283e-03
3.854166666666666519e+00,-1.229862006460231451e-02
3.875000000000000000e+00,-8.641019033562780810e-03
3.895833333333333037e+00,-8.096241646427330615e-03
3.916666666666666519e+00,-1.849110115078204941e-02
3.937500000000000000e+00,-2.424400247689758800e-02
3.958333333333333037e+00,-1.678626343505399202e-02
3.979166666666666519e+00,-1.191480372675321649e-02
4.000000000000000000e+00,-2.055508249852885244e-02
4.020833333333333037e+00,-2.615293101127376049e-02
4.041666666666666075e+00,-1.789235935967560184e-02
4.062500000000000000e+00,-1.178286966978751675e-02
4.083333333333333037e+00,-1.867788850521165736e-02
4.104166666666666075e+00,-2.251790097902568732e-02
4.125000000000000000e+00,-1.208399272784014059e-02
4.145833333333333037e+00,-3.851451706761749045e-03
4.166666666666666075e+00,-8.661174830498555993e-03
4.187500000000000000e+00,-1.037376193479611422e-02
4.208333333333333037e+00,1.736162012792870574e-03
4.229166666666666075e+00,1.116273410959533856e-02
4.250000000000000000e+00,7.366163637461170012e-03
4.270833333333333037e+00,5.953625988820989215e-03
4.291666666666666075e+00,1.492993035083126779e-02
4.312500000000000000e+00,1.881010393497561592e-02
4.333333333333333037e+00,8.695106162126192001e-03
4.354166666666666075e+00,7.133947698141202259e-04
4.375000000000000000e+00,5.605467905498416961e-03
4.395833333333333037e+00,7.183025680232127570e-03
4.416666666666666075e+00,-3.178707094390871221e-03
4.437500000000000000e+00,-9.716539051271433011e-03
4.458333333333333037e+00,-3.238038797164068203e-03
4.479166666666666075e+00,1.801134486710023708e-04
4.500000000000000000e+00,-9.678523321272284458e-03
4.520833333333333037e+00,-1.644341825950709074e-02
4.541666666666666075e+00,-9.851934082487905087e-03
4.562500000000000000e+00,-5.607990974620380258e-03
4.583333333333333037e+00,-1.207638405512222526e-02
4.604166666666666075e+00,-1.366549487828802936e-02
4.625000000000000000e+00,-1.212387696423423370e-03
4.645833333333333037e+00,9.149313488690961893e-03
4.666666666666666075e+00,6.641767281441222567e-03
4.687500000000000000e+00,6.606198910691612157e-03
4.708333333333333037e+00,1.317696849538240421e-02
4.729166666666666075e+00,1.270386973279440460e-02
4.750000000000000000e+00,5.800897201050569593e-03
4.770833333333333037e+00,6.234165555949673296e-03
4.791666666666666075e+00,1.003832635194289342e-02
4.812500000000000000e+00,3.785127914717075197e-03
4.833333333333333037e+00,1.157557027979425691e-05
4.854166666666666075e+00,9.437624901332965222e-03
4.875000000000000000e+00,1.580853137392982527e-02
4.895833333333333037e+00,8.002422375437592827e-03
4.916666666666666075e+00,2.258238279761764188e-03
4.937500000000000000e+00,9.510392051065168911e-03
4.958333333333333037e+00,1.335099512168297364e-02
4.979166666666666075e+00,3.183573180854723430e-03
5.000000000000000000e+00,-4.892722242246364851e-03
5.020833333333333037e+00,2.385833406714848125e-04
5.041666666666666075e+00,2.623825599563449004e-03
5.062500000000000000e+00,-8.480149001633298725e-03
5.083333333333333037e+00,-1.720028909837981873e-02
5.104166666666666075e+00,-1.188984424765871829e-02
5.125000000000000000e+00,-8.955986989852723207e-03
5.145833333333333037e+00,-1.896320352102143919e-02
5.166666666666666075e+00,-2.568044910468970585e-02
5.187500000000000000e+00,-1.844932395157082572e-02
5.208333333333333037e+00,-1.333372042318674462e-02
5.229166666666666075e+00,-2.092764206083894477e-02
5.250000000000000000e+00,-2.494602869090131042e-02
5.270833333333333037e+00,-1.493096931674243316e-02
5.291666666666666075e+00,-7.102022949395035180e-03
5.312500000000000000e+00,-1.259709434780235601e-02
5.333333333333333037e+00,-1.497821451093908802e-02
5.354166666666666075e+00,-3.845459483312987144e-03
5.375000000000000000e+00,4.660449667577036721e-03
5.395833333333333037e+00,-8.590307609721146336e-04
5.416666666666666075e+00,-3.967153530469467136e-03
5.437500000000000000e+00,6.431010736965497333e-03
5.458333333333333037e+00,1.402050068380739610e-02
5.479166666666666075e+00,7.392587186663674044e-03
5.500000000000000000e+00,2.885167939523702874e-03
5.520833333333333037e+00,1.136287208281283601e-02
5.541666666666666075e+00,1.671075996263819696e-02
5.562500000000000000e+00,8.272708348597897221e-03
5.583333333333333037e+00,1.922609138902279906e-03
5.604166666666666075e+00,8.769087947507050312e-03
5.625000000000000000e+00,1.249479823744123301e-02
5.645833333333333037e+00,2.603424626892685782e-03
5.666666666666666075e+00,-4.826453460872176006e-03
5.687500000000000000e+00,1.691366915413585565e-03
5.708333333333333037e+00,5.759377101327001029e-03
5.729166666666666075e+00,-3.429271806623799667e-03
5.750000000000000000e+00,-9.672237534359685168e-03
5.770833333333333037e+00,-1.717747654838785998e-03
5.791666666666666075e+00,4.073570312243519551e-03
5.812500000000000000e+00,-3.209749440312792759e-03
5.833333333333333037e+00,-6.974449544036320087e-03
5.854166666666666075e+00,3.374415565675112621e-03
5.875000000000000000e+00,1.155985928492694881e-02
5.895833333333333037e+00,6.498822352099991109e-03
5.916666666666666075e+00,4.555949477669372048e-03
5.937500000000000000e+00,1.056716944348436507e-02
5.958333333333333037e+00,1.034319938886704357e-02
5.979166666666666075e+00,-6.277674848619042023e-04
6.000000000000000000e+00,-7.026426735843520344e-03
6.020833333333333037e+00,-2.158639189422132071e-04
6.041666666666666075e+00,3.498856402063842564e-03
6.062500000000000000e+00,-6.818417218191400071e-03
6.083333333333333037e+00,-1.503167494258761221e-02
6.104166666666666075e+00,-1.023266460661258377e-02
6.125000000000000000e+00,-8.829975414922638238e-03
6.145833333333333037e+00,-1.408734068725369520e-02
6.166666666666666075e+00,-1.226984398250728983e-02
6.187500000000000000e+00,-4.610961133115844095e-03
6.208333333333333037e+00,-5.009452379645725623e-03
6.229166666666666075e+00,-6.813993831742283513e-03
6.250000000000000000e+00,2.147079481376434895e-03
6.270833333333333037e+00,8.257420181900227210e-03
6.291666666666666075e+00,6.838211982138198532e-04
6.312500000000000000e+00,-4.622295674901100507e-03
6.333333333333333037e+00,3.457434700256781061e-03
6.354166666666666075e+00,8.264467887822183126e-03
6.375000000000000000e+00,-3.715394295394932700e-04
6.395833333333333037e+00,-6.156045094010071175e-03
6.416666666666666075e+00,2.020716287329250762e-03
6.437500000000000000e+00,7.687307366052453968e-03
6.458333333333333037e+00,1.549716007082810006e-04
6.479166666666666075e+00,-4.299145802044222579e-03
6.500000000000000000e+00,5.432542939734750359e-03
6.520833333333333037e+00,1.531896110917082415e-02
6.541666666666666075e+00,1.364236791565428923e-02
6.562500000000000000e+00,1.505442082639634263e-02
6.583333333333333037e+00,3.013716029633801280e-02
6.604166666666666075e+00,4.320690454337812458e-02
6.625000000000000000e+00,4.303904328158172921e-02
6.645833333333333037e+00,3.647379494020434182e-02
6.666666666666666075e+00,3.779615940819684716e-02
6.687500000000000000e+00,3.803161304316857172e-02
6.708333333333333037e+00,2.748778301983176992e-02
6.729166666666666075e+00,2.095720388438264414e-02
6.750000000000000000e+00,2.886221662873935528e-02
6.770833333333333037e+00,3.446500398448438390e-02
6.791666666666666075e+00,2.657015919577320612e-02
6.812500000000000000e+00,2.225055757755453958e-02
6.833333333333333037e+00,2.475734002796503574e-02
6.854166666666666075e+00,2.002791589845807907e-02
6.875000000000000000e+00,9.893275425515843033e-03
6.895833333333333037e+00,8.249635708385931465e-03
6.916666666666666075e+00,6.956203774985350412e-03
6.937500000000000000e+00,-3.833991225675206956e-03
6.958333333333333037e+00,-1.093966326125044713e-02
6.979166666666666075e+00,-4.787496339745247152e-03
7.000000000000000000e+00,-1.902744319965496639e-03
7.020833333333333037e+00,-1.325769643655386361e-02
7.041666666666666075e+00,-2.247919424450621137e-02
7.062500000000000000e+00,-1.877850825861408432e-02
7.083333333333333037e+00,-1.674953501310239359e-02
7.104166666666666075e+00,-2.212762630287453541e-02
7.125000000000000000e+00,-2.120319187881615844e-02
7.145833333333333037e+00,-1.117820897665851645e-02
7.166666666666666075e+00,-6.539496421076844077e-03
7.187500000000000000e+00,-1.553182654124172016e-02
7.208333333333333037e+00,-2.140420444002431172e-02
7.229166666666666075e+00,-1.338367003722054117e-02
7.250000000000000000e+00,-7.603413182251287684e-03
7.270833333333333037e+00,-1.480185153669816463e-02
7.291666666666666075e+00,-1.869602500259689992e-02
7.312500000000000000e+00,-8.184236558450080565e-03
7.333333333333333037e+00,2.175738101097478240e-04
7.354166666666666075e+00,-4.495663540682637987e-03
7.375000000000000000e+00,-6.184772575666869047e-03
7.395833333333333037e+00,6.366447961839310360e-03
7.416666666666666075e+00,1.634376849051881464e-02
7.437500000000000000e+00,1.285402343933374388e-02
7.458333333333333037e+00,1.188135397076335066e-02
7.479166666666666075e+00,1.907072689871551138e-02
7.500000000000000000e+00,1.949577879056859850e-02
7.520833333333333037e+00,8.890055861686348149e-03
7.541666666666666075e+00,2.434649383971578592e-03
7.562500000000000000e+00,8.844539690689235192e-03
7.583333333333333037e+00,1.211818157943679586e-02
7.604166666666666075e+00,1.116406657220925811e-03
7.625000000000000000e+00,-7.666535776240246923e-03
7.645833333333333037e+00,-3.277353640201228178e-03
7.666666666666666075e+00,-1.785586367567934454e-03
7.687500000000000000e+00,-8.721897859960924676e-03
7.708333333333333037e+00,-8.965913398190646089e-03
7.729166666666666075e+00,1.345586213262530209e-03
7.750000000000000000e+00,7.168143591594920705e-03
7.770833333333333037e+00,-3.092978693860479514e-04
7.791666666666666075e+00,-4.703637697509156432e-03
7.812500000000000000e+00,4.968291691989450663e-03
7.833333333333333037e+00,1.257074595301631292e-02
7.854166666666666075e+00,7.270426481091149529e-03
7.875000000000000000e+00,5.101250993099582486e-03
7.895833333333333037e+00,1.231128470301147936e-02
7.916666666666666075e+00,1.390369565477088919e-02
7.937500000000000000e+00,2.232995266453009168e-03
7.958333333333333037e+00,-6.729989715288697653e-03
7.979166666666666075e+00,-2.093211880251915399e-03
8.000000000000000000e+00,1.549567144105953344e-02
8.020833333333332149e+00,3.007077173971206205e-02
8.041666666666666075e+00,3.077410593357067514e-02
8.062500000000000000e+00,3.389691009800536309e-02
8.083333333333332149e+00,4.443683374317661250e-02
8.104166666666666075e+00,4.790945180802642228e-02
8.125000000000000000e+00,3.808361787262559695e-02
8.145833333333332149e+00,3.075536613857018930e-02
8.166666666666666075e+00,3.641264363063096560e-02
8.187500000000000000e+00,3.888314225618472869e-02
8.208333333333332149e+00,2.751315436910267351e-02
8.229166666666666075e+00,1.826538356292442544e-02
8.250000000000000000e+00,2.232843407571005745e-02
8.270833333333332149e+00,2.339488866600882705e-02
8.291666666666666075e+00,1.252118081553057864e-02
8.312500000000000000e+00,5.449625338113079677e-03
8.333333333333332149e+00,1.139941885356554607e-02
8.354166666666666075e+00,1.422612987506996843e-02
8.375000000000000000e+00,2.913955410277462802e-03
8.395833333333332149e+00,-5.808810746245392925e-03
8.416666666666666075e+00,-1.195799560208470102e-03
8.437500000000000000e+00,9.250410213357846290e-04
8.458333333333332149e+00,-5.930231970064364991e-03
8.479166666666666075e+00,-6.672512594044018204e-03
8.500000000000000000e+00,4.800505652501644779e-03
8.520833333333332149e+00,1.300124705973500910e-02
8.541666666666666075e+00,8.222285827258327129e-03
8.562500000000000000e+00,6.471775135226102808e-03
8.583333333333332149e+00,1.392243902521863967e-02
8.604166666666666075e+00,1.585070465528262001e-02
8.625000000000000000e+00,4.687171853095737674e-03
8.645833333333332149e+00,-3.449146095139118528e-03
8.666666666666666075e+00,2.511718398074924176e-03
8.687500000000000000e+00,5.808809129371577534e-03
8.708333333333332149e+00,-4.304402773073823414e-03
8.729166666666666075e+00,-1.203615067760752978e-02
8.750000000000000000e+00,-6.459614140821433315e-03
8.770833333333332149e+00,-3.708961560276210177e-03
8.791666666666666075e+00,-1.211691298794372908e-02
8.812500000000000000e+00,-1.672630884247931077e-02
8.833333333333332149e+00,-8.390145420288746408e-03
8.854166666666666075e+00,-3.346921364585039773e-03
8.875000000000000000e+00,-1.263118114277575477e-02
8.895833333333332149e+00,-1.966258283565883169e-02
8.916666666666666075e+00,-1.369339321728984746e-02
8.937500000000000000e+00,-7.960047173243037580e-03
8.958333333333332149e+00,-1.207017878567161022e-02
8.979166666666666075e+00,-1.217919188506742800e-02
9.000000000000000000e+00,9.759327402566378819e-04
9.020833333333332149e+00,1.155493039683611056e-02
9.041666666666666075e+00,8.656636354993724192e-03
9.062500000000000000e+00,8.917935002607150705e-03
9.083333333333332149e+00,1.744130486255540680e-02
9.104166666666666075e+00,2.006587259630718614e-02
9.125000000000000000e+00,9.766876784849344226e-03
9.145833333333332149e+00,2.517584860682504661e-03
9.166666666666666075e+00,9.501823846667169920e-03
9.187500000000000000e+00,1.422740841278913315e-02
9.208333333333332149e+00,5.899432193445596807e-03
9.229166666666666075e+00,6.449356810237431674e-04
9.250000000000000000e+00,9.383837533813209689e-03
9.270833333333332149e+00,1.539687718038124445e-02
9.291666666666666075e+00,8.034966093613975235e-03
9.312500000000000000e+00,2.971494445618104354e-03
9.333333333333332149e+00,1.105437971790943288e-02
9.354166666666666075e+00,1.618476564942044477e-02
9.375000000000000000e+00,7.187725387887790307e-03
9.395833333333332149e+00,1.548595511066251543e-04
9.416666666666666075e+00,6.152490580984429011e-03
9.437500000000000000e+00,8.985218913038850799e-03
9.458333333333332149e+00,-2.493302131152423749e-03
9.479166666666666075e+00,-1.164119234834529518e-02
9.500000000000000000e+00,-7.687735099781881770e-03
9.520833333333332149e+00,-6.610167673660185053e-03
9.541666666666666075e+00,-1.244558514172121495e-02
9.562500000000000000e+00,-1.081873922783126510e-02
9.583333333333332149e+00,-3.936236998155159296e-03
9.604166666666666075e+00,-4.848477898909330994e-03
9.625000000000000000e+00,-6.198617863686896323e-03
9.645833333333332149e+00,2.334627199063338005e-03
9.666666666666666075e+00,7.714941740126853367e-03
9.687500000000000000e+00,2.126010632079648288e-04
9.708333333333332149e+00,-3.972442129170091797e-03
9.729166666666666075e+00,5.690702867408064386e-03
9.750000000000000000e+00,1.318849314257920270e-02
9.770833333333332149e+00,7.448003698554836287e-03
9.791666666666666075e+00,4.926520578585160022e-03
9.812500000000000000e+00,1.233112195819005205e-02
9.833333333333332149e+00,1.458726599569215403e-02
9.854166666666666075e+00,3.944524921609190472e-03
9.875000000000000000e+00,-3.361551549872005083e-03
9.895833333333332149e+00,3.383566487236693010e-03
9.916666666666666075e+00,7.618800426719362327e-03
9.937500000000000000e+00,-1.082331610481961385e-03
9.958333333333332149e+00,-6.987997217202016054e-03
9.979166666666666075e+00,7.096949952050368412e-04
1.000000000000000000e+01,5.417875244495201810e-03
1.002083333333333215e+01,-3.562609463207438987e-03
1.004166666666666607e+01,-1.035530759637388366e-02
1.006250000000000000e+01,-3.984037397523201157e-03
1.008333333333333215e+01,-4.033648910431508533e-04
1.010416666666666607e+01,-1.083018786394600308e-02
1.012500000000000000e+01,-1.910156734728374675e-02
1.014583333333333215e+01,-1.438494388394128548e-02
1.016666666666666607e+01,-1.200524111718470795e-02
1.018750000000000000e+01,-2.330858354898118420e-02
1.020833333333333215e+01,-3.212242771126042062e-02
1.022916666666666607e+01,-2.775636119285538467e-02
1.025000000000000000e+01,-2.596900945425502719e-02
1.027083333333333215e+01,-3.046068017509824186e-02
1.029166666666666607e+01,-2.737479649302726470e-02
1.031250000000000000e+01,-1.952814838128502650e-02
1.033333333333333215e+01,-1.973178012247285562e-02
1.035416666666666607e+01,-1.781089219455232742e-02
1.037500000000000000e+01,-8.612331354684433712e-03
1.039583333333333215e+01,-5.432059512328326831e-03
1.041666666666666607e+01,-1.120506421987101965e-02
1.043750000000000000e+01,-1.089463482868616682e-02
1.045833333333333215e+01,1.176957148207542986e-03
1.047916666666666607e+01,9.478342280212197907e-03
1.050000000000000000e+01,4.164481184073415623e-03
1.052083333333333215e+01,1.737903564942101190e-03
1.054166666666666607e+01,1.240854183785942803e-02
1.056250000000000000e+01,1.995677418534039932e-02
1.058333333333333215e+01,1.349366451318454417e-02
1.060416666666666607e+01,9.346626692789728602e-03
1.062500000000000000e+01,1.675400146730131670e-02
1.064583333333333215e+01,1.978687251923822582e-02
1.066666666666666607e+01,8.968329244721314972e-03
1.068750000000000000e+01,2.916762907029452133e-04
1.070833333333333215e+01,4.773574477600628363e-03
1.072916666666666607e+01,6.049196013285252846e-03
1.075000000000000000e+01,-6.515616677553978317e-03
1.077083333333333215e+01,-1.682200164424416111e-02
1.079166666666666607e+01,-1.331877116210017017e-02
1.081250000000000000e+01,-1.072856182687176134e-02
1.083333333333333215e+01,-1.668047246107484324e-02
1.085416666666666607e+01,-1.723436410155216800e-02
1.087500000000000000e+01,-4.968458589411749692e-03
1.089583333333333215e+01,4.275789177576467745e-03
1.091666666666666607e+01,6.229900473294715290e-04
1.093750000000000000e+01,2.870776463367029113e-04
1.095833333333333215e+01,1.375581919851418845e-02
1.097916666666666607e+01,2.508832701016475153e-02
1.100000000000000000e+01,2.316918364563203339e-02
1.102083333333333215e+01,1.796212147726855904e-02
1.104166666666666607e+01,2.270785520101753496e-02
1.106250000000000000e+01,2.509502667494603254e-02
1.108333333333333215e+01,1.444860909994018922e-02
1.110416666666666607e+01,7.032683580334001851e-03
1.112500000000000000e+01,1.380953832888678033e-02
1.114583333333333215e+01,1.816871475294165594e-02
1.116666666666666607e+01,9.369882456120770878e-03
1.118750000000000000e+01,3.273641472916471919e-03
1.120833333333333215e+01,1.084753856673592760e-02
1.122916666666666607e+01,1.537937431007642408e-02
1.125000000000000000e+01,6.104609764738247978e-03
1.127083333333333215e+01,-9.720478915352032730e-04
1.129166666666666607e+01,5.072768204638132897e-03
1.131250000000000000e+01,8.241400176742772615e-03
1.133333333333333215e+01,-2.841779472710720400e-03
1.135416666666666607e+01,-1.183851589389444195e-02
1.137500000000000000e+01,-7.771688339531371455e-03
1.139583333333333215e+01,-6.824521933115937876e-03
1.141666666666666607e+01,-1.658166772252324395e-02
1.143750000000000000e+01,-2.158066684751968820e-02
1.145833333333333215e+01,-1.340923232167073008e-02
1.147916666666666607e+01,-7.778017371630149314e-03
1.150000000000000000e+01,-1.562140944371767301e-02
1.152083333333333215e+01,-2.028470935080117776e-02
1.154166666666666607e+01,-1.095873049890782290e-02
1.156250000000000000e+01,-3.880773278657814393e-03
1.158333333333333215e+01,-9.763766267608518790e-03
1.160416666666666607e+01,-1.224768589489019094e-02
1.162500000000000000e+01,-4.563325219316095795e-04
1.164583333333333215e+01,9.015488457644188491e-03
1.166666666666666607e+01,5.512948810767262509e-03
1.168750000000000000e+01,5.130971202133088709e-03
1.170833333333333215e+01,1.150464930287978770e-02
1.172916666666666607e+01,1.051938608386145287e-02
1.175000000000000000e+01,1.234142269413571885e-02
1.177083333333333215e+01,2.483901357256446812e-02
1.179166666666666607e+01,3.284914210982660399e-02
1.181250000000000000e+01,2.689119752503251609e-02
1.183333333333333215e+01,2.316299346232760306e-02
1.185416666666666607e+01,3.270434226080849716e-02
1.187500000000000000e+01,3.878905066670547408e-02
1.189583333333333215e+01,3.067667031423746554e-02
1.191666666666666607e+01,2.477376540795175539e-02
1.193750000000000000e+01,3.208712097547268549e-02
1.195833333333333215e+01,3.628309151506761698e-02
1.197916666666666607e+01,2.673204220561146982e-02
1.200000000000000000e+01,1.947551467229750519e-02
1.202083333333333215e+01,2.508538156674215355e-02
1.204166666666666607e+01,2.741254050962279101e-02
1.206250000000000000e+01,1.654713717540626933e-02
1.208333333333333215e+01,8.677959808862713634e-03
1.210416666666666607e+01,1.375932697748754457e-02
1.212500000000000000e+01,1.558062961288335033e-02
1.214583333333333215e+01,4.321940360682332768e-03
1.216666666666666607e+01,-3.800833319576598247e-03
1.218750000000000000e+01,2.255577270502676177e-03
1.220833333333333215e+01,6.266076069569258104e-03
1.222916666666666607e+01,-2.791496541204536996e-03
1.225000000000000000e+01,-8.360957711220027774e-03
1.227083333333333215e+01,-3.847204351373448468e-03
1.229166666666666607e+01,-4.318377305207288241e-03
1.231250000000000000e+01,-1.815045209739473905e-02
1.233333333333333215e+01,-2.865249102162700789e-02
1.235416666666666607e+01,-2.559531576298494301e-02
1.237500000000000000e+01,-2.531357398397889036e-02
1.239583333333333215e+01,-3.116139090006194920e-02
1.241666666666666607e+01,-2.913858992451194216e-02
1.243750000000000000e+01,-2.259537024341617961e-02
1.245833333333333215e+01,-2.478864168100716747e-02
1.247916666666666607e+01,-2.460981954124046370e-02
1.250000000000000000e+01,-1.552777819470504105e-02
1.252083333333333215e+01,-1.267523925111183752e-02
1.254166666666666607e+01,-2.082350264049946317e-02
1.256250000000000000e+01,-2.481610682771456800e-02
1.258333333333333215e+01,-1.595471109838379753e-02
1.260416666666666607e+01,-1.033927580487883219e-02
1.262500000000000000e+01,-1.904015966230430609e-02
1.264583333333333215e+01,-2.554348240347226878e-02
1.266666666666666607e+01,-1.885794585325176187e-02
1.268750000000000000e+01,-1.183166450248969437e-02
1.270833333333333215e+01,-1.586465784198960033e-02
1.272916666666666607e+01,-1.632199965243580700e-02
1.275000000000000000e+01,-2.938205796780945633e-03
1.277083333333333215e+01,8.081007665585115962e-03
1.279166666666666607e+01,5.839450256685261090e-03
1.281250000000000000e+01,6.565561220644396123e-03
1.283333333333333215e+01,1.719749739914158693e-02
1.285416666666666607e+01,2.293249000293963794e-02
1.287500000000000000e+01,1.574003135208676060e-02
1.289583333333333215e+01,1.174602895120015894e-02
1.291666666666666607e+01,2.191032350152770369e-02
1.293750000000000000e+01,2.960609521116095225e-02
1.295833333333333215e+01,2.417905596496893947e-02
1.297916666666666607e+01,1.939751109254239658e-02
1.300000000000000000e+01,2.373644446437156788e-02
1.302083333333333215e+01,2.293142699992927955e-02
1.304166666666666607e+01,8.243313732918085973e-03
1.306250000000000000e+01,-4.263776360237796562e-03
1.308333333333333215e+01,-3.731146171783658334e-03
1.310416666666666607e+01,-1.565318334054234583e-03
1.312500000000000000e+01,-1.054616637270202120e-02
1.314583333333333215e+01,-1.729197166386362006e-02
1.316666666666666607e+01,-1.101309718927811002e-02
1.318750000000000000e+01,-7.822639062917217598e-03
1.320833333333333215e+01,-1.676348313857799893e-02
1.322916666666666607e+01,-2.204152765656976556e-02
1.325000000000000000e+01,-1.415359268030183526e-02
1.327083333333333215e+01,-9.063250277958534787e-03
1.329166666666666607e+01,-1.656414723048133322e-02
1.331250000000000000e+01,-2.116874909219996700e-02
1.333333333333333215e+01,-1.232637641992364967e-02
1.335416666666666607e+01,-6.599827518243312797e-03
1.337500000000000000e+01,-1.438542349657518683e-02
1.339583333333333215e+01,-1.943936166312215663e-02
1.341666666666666607e+01,-1.041599400221668130e-02
1.343750000000000000e+01,-3.750042551205451814e-03
1.345833333333333215e+01,-1.044155254507616627e-02
1.347916666666666607e+01,-1.401568788917140554e-02
1.350000000000000000e+01,-3.313422928606942104e-03
1.352083333333333215e+01,5.402104070879794676e-03
1.354166666666666607e+01,1.008991492039802013e-03
1.356250000000000000e+01,-2.100362921981929754e-03
1.358333333333333215e+01,3.256821698583241623e-03
1.360416666666666607e+01,3.722613817784801299e-03
1.362500000000000000e+01,-8.056726235339298561e-03
1.364583333333333215e+01,-1.614580565469799986e-02
1.366666666666666607e+01,-1.016223096106506386e-02
1.368750000000000000e+01,-6.575850958024510688e-03
1.370833333333333215e+01,-1.604503523294222370e-02
1.372916666666666607e+01,-2.246956192416182940e-02
1.375000000000000000e+01,-1.480322503114198975e-02
1.377083333333333215e+01,-9.867515418317757483e-03
1.379166666666666607e+01,-1.839855743242550801e-02
1.381250000000000000e+01,-2.450485344125206272e-02
1.383333333333333215e+01,-1.721811793744816230e-02
1.385416666666666607e+01,-1.279474509332051251e-02
1.387500000000000000e+01,-1.600652766344154432e-02
1.389583333333333215e+01,-1.302676681760915785e-02
1.391666666666666607e+01,-1.819829432477150250e-03
1.393750000000000000e+01,2.810110733145800357e-03
1.395833333333333215e+01,-4.366181225359343394e-03
1.397916666666666607e+01,-7.685491258828819512e-03
1.400000000000000000e+01,1.972266945533414882e-03
1.402083333333333215e+01,8.439865938466647663e-03
1.404166666666666607e+01,7.476863110045065550e-04
1.406250000000000000e+01,-4.165676640300474201e-03
1.408333333333333215e+01,4.433660808929061614e-03
1.410416666666666607e+01,1.605978212820946202e-02
1.412500000000000000e+01,1.783101776575399255e-02
1.414583333333333215e+01,2.226700216419517583e-02
1.416666666666666607e+01,3.204269666833001184e-02
1.418750000000000000e+01,3.405605184114566392e-02
1.420833333333333215e+01,3.005088288806286728e-02
1.422916666666666607e+01,3.417483054339170989e-02
1.425000000000000000e+01,3.612996051348241200e-02
1.427083333333333215e+01,2.690577048800169707e-02
1.429166666666666607e+01,2.244626918409639224e-02
1.431250000000000000e+01,3.214793865199048334e-02
1.433333333333333215e+01,3.965140041797089732e-02
1.435416666666666607e+01,3.386443733731679673e-02
1.437500000000000000e+01,2.848454156814290289e-02
1.439583333333333215e+01,3.113632521321380714e-02
1.441666666666666607e+01,2.868458809366035769e-02
1.443750000000000000e+01,1.439543450337623341e-02
1.445833333333333215e+01,3.925491953404018630e-03
1.447916666666666607e+01,6.584819113355931848e-03
1.450000000000000000e+01,5.973471045949092784e-03
1.452083333333333215e+01,-6.113826026079871058e-03
1.454166666666666607e+01,-1.435574849065792205e-02
1.456250000000000000e+01,-9.453223037637983189e-03
1.458333333333333215e+01,-7.878497703894659504e-03
1.460416666666666607e+01,-1.670060067725574748e-02
1.462500000000000000e+01,-2.091321722763146707e-02
1.464583333333333215e+01,-1.145152662023519313e-02
1.466666666666666607e+01,-4.677948144791292152e-03
1.468750000000000000e+01,-1.122301423981928413e-02
1.470833333333333215e+01,-1.486543185451909277e-02
1.472916666666666607e+01,-4.287875551934721904e-03
1.475000000000000000e+01,4.113421431730713597e-03
1.477083333333333215e+01,-7.633012837605507306e-04
1.479166666666666607e+01,-2.119792513887786608e-03
1.481250000000000000e+01,7.895288856968139118e-03
1.483333333333333215e+01,1.378958715023137840e-02
1.485416666666666607e+01,6.427807412481841877e-03
1.487500000000000000e+01,-7.601675376319516793e-03
1.489583333333333215e+01,-1.458653342345023370e-02
1.491666666666666607e+01,-1.125263237664150470e-02
1.493750000000000000e+01,-1.332473982288327752e-02
1.495833333333333215e+01,-2.801091808159202751e-02
1.497916666666666607e+01,-3.939208284733144994e-02
1.500000000000000000e+01,-3.727303354021183762e-02
1.502083333333333215e+01,-3.482616996631414386e-02
1.504166666666666607e+01,-4.021222210692834698e-02
1.506250000000000000e+01,-4.076557474214225624e-02
1.508333333333333215e+01,-2.841481595565226517e-02
1.510416666666666607e+01,-1.953731162265813504e-02
1.512500000000000000e+01,-2.491557588798327949e-02
1.514583333333333215e+01,-2.795757228406614558e-02
1.516666666666666607e+01,-1.803345705335317184e-02
1.518750000000000000e+01,-1.117821593379194310e-02
1.520833333333333215e+01,-1.828328586581115522e-02
1.522916666666666607e+01,-2.284539593872231961e-02
1.525000000000000000e+01,-1.404144576033512955e-02
1.527083333333333215e+01,-7.785980851235107213e-03
1.529166666666666607e+01,-1.392598764338881870e-02
1.531250000000000000e+01,-1.606111230337730483e-02
1.533333333333333215e+01,-4.086837807767502474e-03
1.535416666666666607e+01,5.641261518734720821e-03
1.537500000000000000e+01,2.557184688911619264e-03
1.539583333333333215e+01,2.829950330138063935e-03
1.541666666666666607e+01,1.548473382478017697e-02
1.543750000000000000e+01,2.453604717567026486e-02
1.545833333333333215e+01,2.059650835139509306e-02
1.547916666666666607e+01,1.951633026143892100e-02
1.550000000000000000e+01,2.457259952652743676e-02
1.552083333333333215e+01,2.192959882091397028e-02
1.554166666666666607e+01,1.514165373548256865e-02
1.556250000000000000e+01,1.673431365692836653e-02
1.558333333333333215e+01,1.507023653617784939e-02
1.560416666666666607e+01,5.984605251483142950e-03
1.562500000000000000e+01,2.964188219916484308e-03
1.564583333333333215e+01,1.256699694947656376e-02
1.566666666666666607e+01,1.888737432869553104e-02
1.568750000000000000e+01,1.144448774697192327e-02
1.570833333333333215e+01,6.162714078732780404e-03
1.572916666666666607e+01,1.431266550180622030e-02
1.575000000000000000e+01,1.961695162549654398e-02
1.577083333333333215e+01,1.117119116348457009e-02
1.579166666666666607e+01,5.283901330592035220e-03
1.581250000000000000e+01,1.298898716508484728e-02
1.583333333333333215e+01,1.796721019551038648e-02
1.585416666666666607e+01,9.417786928327231966e-03
1.587500000000000000e+01,3.843968533887796076e-03
1.589583333333333215e+01,1.114727878267078587e-02
1.591666666666666607e+01,1.569141451891043273e-02
1.593750000000000000e+01,6.837725839965493220e-03
1.595833333333333215e+01,1.112692778681108070e-03
1.597916666666666607e+01,7.552102032408427278e-03
1.600000000000000000e+01,1.074713862527985030e-02
1.602083333333333215e+01,9.030001051786902414e-04
1.604166666666666430e+01,-6.129475914121143912e-03
1.606250000000000000e+01,1.079881020827021297e-03
1.608333333333333215e+01,6.052475020167430095e-03
1.610416666666666430e+01,-2.157883933779478850e-03
1.612500000000000000e+01,-7.356263027848053762e-03
1.614583333333333215e+01,-5.718943482819683526e-04
1.616666666666666430e+01,2.534808685782657597e-03
1.618750000000000000e+01,-7.519495677586350915e-03
1.620833333333333215e+01,-1.407067153253000434e-02
1.622916666666666430e+01,-6.489983948042716763e-03
1.625000000000000000e+01,-1.105748856152584088e-03
1.627083333333333215e+01,-9.012544927334557171e-03
1.629166666666666430e+01,-1.376371509497628827e-02
1.631250000000000000e+01,-4.883363883846692823e-03
1.633333333333333215e+01,1.494213655764205185e-03
1.635416666666666430e+01,-6.117738091678245893e-03
1.637500000000000000e+01,-1.130262068267119842e-02
1.639583333333333215e+01,-2.948928581884861441e-03
1.641666666666666430e+01,2.426255043402821259e-03
1.643750000000000000e+01,-6.683221142129337419e-03
1.645833333333333215e+01,-1.369337389804043542e-02
1.647916666666666430e+01,-7.514478626846142484e-03
1.650000000000000000e+01,-4.036703943701901338e-03
1.652083333333333215e+01,-7.576678846992469969e-03
1.654166666666666430e+01,-4.529523954607108348e-03
1.656250000000000000e+01,4.169239468336500588e-03
1.658333333333333215e+01,4.632305676889826064e-03
1.660416666666666430e+01,3.061945388320290364e-03
1.662500000000000000e+01,1.174529940779669122e-02
1.664583333333333215e+01,1.772535966713199157e-02
1.666666666666666430e+01,1.011485560672403979e-02
1.668750000000000000e+01,5.379375994419541111e-03
1.670833333333333215e+01,1.437195988283191013e-02
1.672916666666666430e+01,2.118278570047276224e-02
1.675000000000000000e+01,1.495044226525665300e-02
1.677083333333333215e+01,1.207501278421741278e-02
1.679166666666666430e+01,1.942068821067692574e-02
1.681250000000000000e+01,2.174682869148808831e-02
1.683333333333333215e+01,1.110615451496383202e-02
1.685416666666666430e+01,3.602831114875515699e-03
1.687500000000000000e+01,1.007647590574966071e-02
1.689583333333333215e+01,1.403467369119446029e-02
1.691666666666666430e+01,4.799673584136054591e-03
1.693750000000000000e+01,-1.996542703702506444e-03
1.695833333333333215e+01,4.576291223326252149e-03
1.697916666666666430e+01,7.979642450224625275e-03
1.700000000000000000e+01,-2.616527873532820733e-03
1.702083333333333215e+01,-1.103670915380363000e-02
1.704166666666666430e+01,-6.557834835166142205e-03
1.706250000000000000e+01,-5.439815636291127181e-03
1.708333333333333215e+01,-1.539894471617235701e-02
1.710416666666666430e+01,-2.093363289443531464e-02
1.712500000000000000e+01,-1.348817568263298294e-02
1.714583333333333215e+01,-9.123326905998721537e-03
1.716666666666666430e+01,-2.610442881502451039e-03
1.718750000000000000e+01,1.119295848144697021e-02
1.720833333333333215e+01,1.800385128381778652e-02
1.722916666666666430e+01,1.309053817634467723e-02
1.725000000000000000e+01,1.216554383459317323e-02
1.727083333333333215e+01,2.515214325738685322e-02
1.729166666666666430e+01,3.572264221451095650e-02
1.731250000000000000e+01,3.340427727949590170e-02
1.733333333333333215e+01,3.095997152052448742e-02
1.735416666666666430e+01,3.591658445862017102e-02
1.737500000000000000e+01,3.603922486206870279e-02
1.739583333333333215e+01,2.359904831844948994e-02
1.741666666666666430e+01,1.481997572850286479e-02
1.743750000000000000e+01,2.000447522894326785e-02
1.745833333333333215e+01,2.292281100864052013e-02
1.747916666666666430e+01,1.271075061622202115e-02
1.750000000000000000e+01,5.789245518997744241e-03
1.752083333333333215e+01,1.319976779096779240e-02
1.754166666666666430e+01,1.832387351021397617e-02
1.756250000000000000e+01,1.046081763342855166e-02
1.758333333333333215e+01,5.684265253275458743e-03
1.760416666666666430e+01,1.240505953462287328e-02
1.762500000000000000e+01,1.472433953007577789e-02
1.764583333333333215e+01,3.649036865979007720e-03
1.766666666666666430e+01,-5.153244321250644543e-03
1.768750000000000000e+01,-8.439669329273413127e-04
1.770833333333333215e+01,4.266321143668006205e-04
1.772916666666666430e+01,-1.232372836137803074e-02
1.775000000000000000e+01,-2.309449504452247906e-02
1.777083333333333215e+01,-2.097733903835663147e-02
1.779166666666666430e+01,-1.543549621954770287e-02
1.781250000000000000e+01,-1.973637472624850328e-02
1.783333333333333215e+01,-2.165363479439741390e-02
1.785416666666666430e+01,-1.048802535560945486e-02
1.787500000000000000e+01,-2.114618490317538273e-03
1.789583333333333215e+01,-7.450054785857198984e-03
1.791666666666666430e+01,-9.819737523188067779e-03
1.793750000000000000e+01,1.535540107883778252e-03
1.795833333333333215e+01,1.073098418463451324e-02
1.797916666666666430e+01,6.758594356679347229e-03
1.800000000000000000e+01,5.883150296446587081e-03
1.802083333333333215e+01,1.229930313392961320e-02
1.804166666666666430e+01,1.197634876183079934e-02
1.806250000000000000e+01,3.278622975546382091e-03
1.808333333333333215e+01,8.179786580925188684e-04
1.810416666666666430e+01,9.338891492323076610e-03
1.812500000000000000e+01,1.326427799298514343e-02
1.814583333333333215e+01,4.074923916864866408e-03
1.816666666666666430e+01,-2.486856313025655706e-03
1.818750000000000000e+01,4.394978988705403045e-03
1.820833333333333215e+01,8.727936442519212620e-03
1.822916666666666430e+01,-3.294888977820774811e-04
1.825000000000000000e+01,-6.736271242503333659e-03
1.827083333333333215e+01,3.055607106134904907e-04
1.829166666666666430e+01,5.076726640719308493e-03
1.831250000000000000e+01,-3.767164777808833329e-03
1.833333333333333215e+01,-9.832832426415659410e-03
1.835416666666666430e+01,-2.607628926192040886e-03
1.837500000000000000e+01,1.514201037600498628e-03
1.839583333333333215e+01,-8.736590310143132337e-03
1.841666666666666430e+01,-2.526346032361799498e-02
1.843750000000000000e+01,-3.430852813800351619e-02
1.845833333333333215e+01,-3.163980901414112368e-02
1.847916666666666430e+01,-3.315524493783093829e-02
1.850000000000000000e+01,-4.898992010300474292e-02
1.852083333333333215e+01,-6.256930260939659594e-02
1.854166666666666430e+01,-6.306579892255791131e-02
1.856250000000000000e+01,-5.203152740584859881e-02
1.858333333333333215e+01,-4.537007775002808302e-02
1.860416666666666430e+01,-5.222319556334449608e-02
1.862500000000000000e+01,-5.626437117490581258e-02
1.864583333333333215e+01,-4.630783016687365500e-02
1.866666666666666430e+01,-3.860318677070406074e-02
1.868750000000000000e+01,-4.189026262592315808e-02
1.870833333333333215e+01,-4.035760105112682489e-02
1.872916666666666430e+01,-2.480279827830621925e-02
1.875000000000000000e+01,-1.139387229691916047e-02
1.877083333333333215e+01,-1.113315934516715885e-02
1.879166666666666430e+01,-7.663683658558201155e-03
1.881250000000000000e+01,4.003532971254115079e-03
1.883333333333333215e+01,9.652834182117439946e-03
1.885416666666666430e+01,1.441085197019181937e-03
1.887500000000000000e+01,-4.292538614597121716e-03
1.889583333333333215e+01,3.432187884400272372e-03
1.891666666666666430e+01,8.330210498652840592e-03
1.893750000000000000e+01,1.164826538746069990e-03
1.895833333333333215e+01,-2.427551027300646133e-03
1.897916666666666430e+01,6.873457299335347659e-03
1.900000000000000000e+01,1.306615620522189221e-02
1.902083333333333215e+01,5.559515158476776089e-03
1.904166666666666430e+01,7.584332886525825296e-05
1.906250000000000000e+01,7.737262745906787684e-03
1.908333333333333215e+01,1.234574337396340121e-02
1.910416666666666430e+01,8.619550326073133900e-03
1.912500000000000000e+01,1.079630033177533636e-02
1.914583333333333215e+01,2.159189943953033347e-02
1.916666666666666430e+01,2.643079095289268057e-02
1.918750000000000000e+01,1.778501744763573422e-02
1.920833333333333215e+01,1.187685145606919013e-02
1.922916666666666430e+01,2.017550500415308395e-02
1.925000000000000000e+01,2.624033374826494069e-02
1.927083333333333215e+01,1.926583663240759650e-02
1.929166666666666430e+01,1.577686254303441518e-02
1.931250000000000000e+01,2.520074901100221101e-02
1.933333333333333215e+01,3.178492489780863212e-02
1.935416666666666430e+01,2.525205878417240146e-02
1.937500000000000000e+01,2.092533757592809907e-02
1.939583333333333215e+01,2.347073404643223310e-02
1.941666666666666430e+01,1.953658242823465979e-02
1.943750000000000000e+01,8.884248914445381368e-03
1.945833333333333215e+01,5.493649832336547530e-03
1.947916666666666430e+01,8.220159368583090584e-03
1.950000000000000000e+01,3.166425523686304880e-03
1.952083333333333215e+01,-2.985252196395323486e-03
1.954166666666666430e+01,1.703548435460220658e-03
1.956250000000000000e+01,3.264538259087844917e-03
1.958333333333333215e+01,-9.521253504917160521e-03
1.960416666666666430e+01,-2.017513191142547568e-02
1.962500000000000000e+01,-1.770999353075578334e-02
1.964583333333333215e+01,-1.514826969303174203e-02
1.966666666666666430e+01,-2.189576530955442135e-02
1.968750000000000000e+01,-2.406658663805162288e-02
1.970833333333333215e+01,-1.270475370474577655e-02
1.972916666666666430e+01,-3.737371425763601207e-03
1.975000000000000000e+01,-8.050860673757737063e-03
1.977083333333333215e+01,-9.430253741290596167e-03
1.979166666666666430e+01,1.707789469406974150e-03
1.981250000000000000e+01,9.850522158382647719e-03
1.983333333333333215e+01,5.084456187034514831e-03
1.985416666666666430e+01,3.425124251631168470e-03
1.987500000000000000e+01,1.590596742872867758e-02
1.989583333333333215e+01,2.601562586365709084e-02
1.991666666666666430e+01,2.297552352199679418e-02
1.993750000000000000e+01,1.657109607953864347e-02
1.995833333333333215e+01,1.982190856744998203e-02
1.997916666666666430e+01,1.997688064357647925e-02
2.000000000000000000e+01,6.514803649204076348e-03
2.002083333333333215e+01,-4.531899289536121464e-03
2.004166666666666430e+01,-2.513510930278441569e-03
2.006250000000000000e+01,-6.984501252444275500e-04
2.008333333333333215e+01,-8.569940326908510528e-03
2.010416666666666430e+01,-1.241790425804891775e-02
2.012500000000000000e+01,-3.197021569827593074e-03
2.014583333333333215e+01,2.947288354975593355e-03
2.016666666666666430e+01,-4.983017089016094150e-03
2.018750000000000000e+01,-1.020484091964947958e-02
2.020833333333333215e+01,-2.025382545420757220e-03
2.022916666666666430e+01,3.774429541096175830e-03
2.025000000000000000e+01,-3.656367592073761323e-03
2.027083333333333215e+01,-8.143985887515093822e-03
2.029166666666666430e+01,1.221101574167557944e-03
2.031250000000000000e+01,8.539256696277091815e-03
2.033333333333333215e+01,2.981462880553243430e-03
2.035416666666666430e+01,7.098668352233680843e-04
2.037500000000000000e+01,1.062931442284498207e-02
2.039583333333333215e+01,1.686389091144853414e-02
2.041666666666666430e+01,1.009927661985999398e-02
2.043750000000000000e+01,6.411505209899226974e-03
2.045833333333333215e+01,1.381833843370830657e-02
2.047916666666666430e+01,1.684261339266855673e-02
2.050000000000000000e+01,6.627698741029468266e-03
2.052083333333333215e+01,-1.020196022071090088e-03
2.054166666666666430e+01,4.791010631848063514e-03
2.056250000000000000e+01,7.448119412154489798e-03
2.058333333333333215e+01,-3.912013567683045312e-03
2.060416666666666430e+01,-1.322059823285006916e-02
2.062500000000000000e+01,-9.617198258548528486e-03
2.064583333333333215e+01,-9.036921001808135082e-03
2.066666666666666430e+01,-8.163032743733684635e-03
2.068750000000000000e+01,2.355881214893208904e-03
2.070833333333333215e+01,8.050689764740735777e-03
2.072916666666666430e+01,-1.330656172084531839e-04
2.075000000000000000e+01,-5.938638844562956452e-03
2.077083333333333215e+01,1.993400891415768230e-03
2.079166666666666430e+01,7.187293526206684109e-03
2.081250000000000000e+01,-8.079972237958111701e-04
2.083333333333333215e+01,-5.769538911988282039e-03
2.085416666666666430e+01,3.254491671189538391e-03
2.087500000000000000e+01,9.931901199285183765e-03
2.089583333333333215e+01,3.762046032116694947e-03
2.091666666666666430e+01,1.041499744618690042e-03
2.093750000000000000e+01,1.204206956828583752e-02
2.095833333333333215e+01,2.089025319912814899e-02
2.097916666666666430e+01,1.652659605645560512e-02
2.100000000000000000e+01,1.506397949451604955e-02
2.102083333333333215e+01,1.980119917885922107e-02
2.104166666666666430e+01,1.743568700898996335e-02
2.106250000000000000e+01,1.034958199072069825e-02
2.108333333333333215e+01,1.196189691941305748e-02
2.110416666666666430e+01,1.157419272017594543e-02
2.112500000000000000e+01,1.525860076738822738e-03
2.114583333333333215e+01,-2.998264736123010688e-03
2.116666666666666430e+01,6.365955299627853309e-03
2.118750000000000000e+01,1.351219087723594045e-02
2.120833333333333215e+01,7.050656652113144497e-03
2.122916666666666430e+01,3.398524113760824968e-03
2.125000000000000000e+01,8.950186756250706754e-03
2.127083333333333215e+01,8.800242568495214232e-03
2.129166666666666430e+01,-4.545081793581308600e-03
2.131250000000000000e+01,-1.502575872732092067e-02
2.133333333333333215e+01,-1.259122828426273780e-02
2.135416666666666430e+01,-1.079244554377663430e-02
2.137500000000000000e+01,-1.668185659915529667e-02
2.139583333333333215e+01,-1.761058189335421020e-02
2.141666666666666430e+01,-6.798855941022088727e-03
2.143750000000000000e+01,1.255749722483174050e-04
2.145833333333333215e+01,-6.475500812201750653e-03
2.147916666666666430e+01,-2.699095173141674228e-02
2.150000000000000000e+01,-4.448606210225140162e-02
2.152083333333333215e+01,-4.815067685913461404e-02
2.154166666666666430e+01,-4.841024185708511784e-02
2.156250000000000000e+01,-5.805369749473870966e-02
2.158333333333333215e+01,-6.469365872848212295e-02
2.160416666666666430e+01,-5.713288581794376958e-02
2.162500000000000000e+01,-5.181144076081931754e-02
2.164583333333333215e+01,-5.949010315747041422e-02
2.166666666666666430e+01,-6.396666269985766540e-02
2.168750000000000000e+01,-5.437677019235364478e-02
2.170833333333333215e+01,-4.731652364747942346e-02
2.172916666666666430e+01,-4.833366726184382123e-02
2.175000000000000000e+01,-4.346526068929558451e-02
2.177083333333333215e+01,-2.728856711441839805e-02
2.179166666666666430e+01,-1.556121869317749970e-02
2.181250000000000000e+01,-1.737505787635602178e-02
2.183333333333333215e+01,-1.689763459879333254e-02
2.185416666666666430e+01,-3.245160879030505909e-03
2.187500000000000000e+01,7.292663960120768056e-03
2.189583333333333215e+01,4.173133109443662343e-03
2.191666666666666430e+01,3.318844573620611128e-03
2.193750000000000000e+01,1.576380749447147539e-02
2.195833333333333215e+01,2.496988930919273250e-02
2.197916666666666430e+01,2.004873237853658022e-02
2.200000000000000000e+01,1.732262255694029876e-02
2.202083333333333215e+01,2.598608298366647182e-02
2.204166666666666430e+01,3.037248076616602330e-02
2.206250000000000000e+01,2.065070378305846818e-02
2.208333333333333215e+01,1.339529537071160355e-02
2.210416666666666430e+01,1.911200062235081376e-02
2.212500000000000000e+01,3.429850929572228480e-02
2.214583333333333215e+01,4.417066324111406511e-02
2.216666666666666430e+01,4.030781673368000889e-02
2.218750000000000000e+01,3.878975185056575403e-02
2.220833333333333215e+01,5.062436792560279925e-02
2.222916666666666430e+01,5.958508569449316727e-02
2.225000000000000000e+01,5.528125608308585154e-02
2.227083333333333215e+01,4.632719313353141771e-02
2.229166666666666430e+01,4.654129670991752343e-02
2.231250000000000000e+01,4.449213639737610582e-02
2.233333333333333215e+01,2.937234335592193296e-02
2.235416666666666430e+01,1.763877725402224206e-02
2.237500000000000000e+01,2.001770446232961978e-02
2.239583333333333215e+01,2.035276151283951090e-02
2.241666666666666430e+01,7.629519262335795853e-03
2.243750000000000000e+01,-1.852680576269516042e-03
2.245833333333333215e+01,2.540773828380488847e-03
2.247916666666666430e+01,4.783107313854854416e-03
2.250000000000000000e+01,-6.582506414416663433e-03
2.252083333333333215e+01,-1.519450953358437648e-02
2.254166666666666430e+01,-1.054828927518944304e-02
2.256250000000000000e+01,-8.846493086654723739e-03
2.258333333333333215e+01,-1.845843208373522046e-02
2.260416666666666430e+01,-2.387866820518384781e-02
2.262500000000000000e+01,-1.634157200844424396e-02
2.264583333333333215e+01,-1.217224202127962715e-02
2.266666666666666430e+01,-2.032845418756628469e-02
2.268750000000000000e+01,-2.539217576346895766e-02
2.270833333333333215e+01,-1.734359255464597641e-02
2.272916666666666430e+01,-1.250655373511525177e-02
2.275000000000000000e+01,-1.733274995235561250e-02
2.277083333333333215e+01,-1.715897841632509080e-02
2.279166666666666430e+01,-3.325238912872559554e-03
2.281250000000000000e+01,7.778153747247560160e-03
2.283333333333333215e+01,5.570562211167431020e-03
2.285416666666666430e+01,6.333518347118331261e-03
2.287500000000000000e+01,1.618730320549982907e-02
2.289583333333333215e+01,2.041600885685358746e-02
2.291666666666666430e+01,1.174396711365423979e-02
2.293750000000000000e+01,6.492404389600175268e-03
2.295833333333333215e+01,1.502146392158972520e-02
2.297916666666666430e+01,2.140208546959949248e-02
2.300000000000000000e+01,1.458997134598682272e-02
2.302083333333333215e+01,1.094892532547371219e-02
2.304166666666666430e+01,1.970742585060729704e-02
2.306250000000000000e+01,2.502727334816003124e-02
2.308333333333333215e+01,1.730567806794832894e-02
2.310416666666666430e+01,1.293822184414447109e-02
2.312500000000000000e+01,1.827920040493775239e-02
2.314583333333333215e+01,1.834546042758024298e-02
2.316666666666666430e+01,5.370810538042272361e-03
2.318750000000000000e+01,-4.553322348034635238e-03
2.320833333333333215e+01,-3.546168183992736236e-04
2.322916666666666430e+01,1.105303618478255777e-03
2.325000000000000000e+01,-1.097056004451911655e-02
2.327083333333333215e+01,-2.060749118049654688e-02
2.329166666666666430e+01,-1.683549638996385128e-02
2.331250000000000000e+01,-1.526091860525370658e-02
2.333333333333333215e+01,-2.036290958058151884e-02
2.335416666666666430e+01,-1.894427352971561271e-02
2.337500000000000000e+01,-1.057142944299270179e-02
2.339583333333333215e+01,-9.237937200790304407e-03
2.341666666666666430e+01,-1.369396013717075720e-02
2.343750000000000000e+01,-1.037717476428018024e-02
2.345833333333333215e+01,-4.854776796038283784e-03
2.347916666666666430e+01,-9.574704425506234268e-03
2.350000000000000000e+01,-1.211410363967108106e-02
2.352083333333333215e+01,-1.041637622076912106e-03
2.354166666666666430e+01,7.282494986535305304e-03
2.356250000000000000e+01,2.275672283636351236e-03
2.358333333333333215e+01,1.609719042753566490e-04
2.360416666666666430e+01,1.215374832090284317e-02
2.362500000000000000e+01,2.185192325259085674e-02
2.364583333333333215e+01,1.775826515749070328e-02
2.366666666666666430e+01,1.715853277379849814e-02
2.368750000000000000e+01,2.842640002535486501e-02
2.370833333333333215e+01,3.568407340028657837e-02
2.372916666666666430e+01,2.965179307123901736e-02
2.375000000000000000e+01,2.682745018599779277e-02
2.377083333333333215e+01,3.182244426233465234e-02
2.379166666666666430e+01,3.062429811339429167e-02
2.381250000000000000e+01,1.783375465650916328e-02
2.383333333333333215e+01,9.124441511366987445e-03
2.385416666666666430e+01,1.478548098765664412e-02
2.387500000000000000e+01,1.814462604256740497e-02
2.389583333333333215e+01,8.365429670850211066e-03
2.391666666666666430e+01,1.579759823178209866e-03
2.393750000000000000e+01,8.908939511560746288e-03
2.395833333333333215e+01,1.335167202794722806e-02
2.397916666666666430e+01,4.088161575941062949e-03
2.400000000000000000e+01,-2.835844840487013879e-03
2.402083333333333215e+01,3.543137651277168936e-03
2.404166666666666430e+01,7.055106015050357018e-03
2.406250000000000000e+01,-3.312683234788033060e-03
2.408333333333333215e+01,-1.161201048242508672e-02
2.410416666666666430e+01,-7.038456808767515858e-03
2.412500000000000000e+01,-5.680291616022879048e-03
2.414583333333333215e+01,-1.683991339228301312e-02
2.416666666666666430e+01,-2.447879409065478740e-02
2.418750000000000000e+01,-1.902679240368840979e-02
2.420833333333333215e+01,-1.637329865780182483e-02
2.422916666666666430e+01,-2.156031524418017958e-02
2.425000000000000000e+01,-2.014398993518635300e-02
2.427083333333333215e+01,-9.075060876105298796e-03
2.429166666666666430e+01,-2.860591201577809134e-03
2.431250000000000000e+01,-9.380384328357504672e-03
2.433333333333333215e+01,-2.831503049013369550e-02
2.435416666666666430e+01,-4.375590126349108294e-02
2.437500000000000000e+01,-4.556791900395330136e-02
2.439583333333333215e+01,-4.653884024378784207e-02
2.441666666666666430e+01,-5.506840793440580251e-02
2.443750000000000000e+01,-5.808435085967796063e-02
2.445833333333333215e+01,-4.694277233459252796e-02
2.447916666666666430e+01,-3.806414085614877318e-02
2.450000000000000000e+01,-4.219889646745059869e-02
2.452083333333333215e+01,-4.317281273849375711e-02
2.454166666666666430e+01,-2.992158192973623163e-02
2.456250000000000000e+01,-1.903605572846655755e-02
2.458333333333333215e+01,-2.138915011544972530e-02
2.460416666666666430e+01,-2.098696192528887866e-02
2.462500000000000000e+01,-1.173831352604101826e-02
2.464583333333333215e+01,-8.896178006549838174e-03
2.466666666666666430e+01,-1.739447025168010946e-02
2.468750000000000000e+01,-2.186751188496097870e-02
2.470833333333333215e+01,-1.293507933033625872e-02
2.472916666666666430e+01,-7.212103473514217510e-03
2.475000000000000000e+01,-1.549361011124732873e-02
2.477083333333333215e+01,-2.168028213163171458e-02
2.479166666666666430e+01,-1.494587664230456053e-02
2.481250000000000000e+01,-1.026137870287298012e-02
2.483333333333333215e+01,-1.410065340682338866e-02
2.485416666666666430e+01,-1.233367842196528459e-02
2.487500000000000000e+01,7.721204780033151527e-04
2.489583333333333215e+01,9.675663699458674286e-03
2.491666666666666430e+01,4.459573655584785773e-03
2.493750000000000000e+01,-1.471766255485634951e-02
2.495833333333333215e+01,-3.140389974729150546e-02
2.497916666666666430e+01,-3.526943293938762658e-02
2.500000000000000000e+01,-3.290418528568884310e-02
2.502083333333333215e+01,-3.816276479872220129e-02
2.504166666666666430e+01,-4.087130895996357594e-02
2.506250000000000000e+01,-3.307601201259666168e-02
2.508333333333333215e+01,-2.949814328901042768e-02
2.510416666666666430e+01,-3.921267853777423568e-02
2.512500000000000000e+01,-4.662708463877387327e-02
2.514583333333333215e+01,-4.072617944176022686e-02
2.516666666666666430e+01,-3.548022797507858345e-02
2.518750000000000000e+01,-3.846629284040695151e-02
2.520833333333333215e+01,-3.660147655755586343e-02
2.522916666666666430e+01,-2.166240037475107919e-02
2.525000000000000000e+01,-9.644398863606790454e-03
2.527083333333333215e+01,-1.192985722589140832e-02
2.529166666666666430e+01,-1.177951284616745621e-02
2.531250000000000000e+01,1.616427981651139423e-03
2.533333333333333215e+01,1.241372040844371596e-02
2.535416666666666430e+01,9.812467263656761418e-03
2.537500000000000000e+01,8.786368421491984673e-03
2.539583333333333215e+01,1.533301394154211288e-02
2.541666666666666430e+01,1.626133245437384051e-02
2.543750000000000000e+01,6.334155284001320024e-03
2.545833333333333215e+01,1.170695774041355126e-03
2.547916666666666430e+01,1.044080132344575758e-02
2.550000000000000000e+01,1.754916980677197549e-02
2.552083333333333215e+01,1.162440772088135441e-02
2.554166666666666430e+01,8.808494125973904965e-03
2.556250000000000000e+01,3.943796996504544961e-03
2.558333333333333215e+01,-1.409088268212271844e-02
2.560416666666666430e+01,-2.978210733816358952e-02
2.562500000000000000e+01,-3.268661910958393230e-02
2.564583333333333215e+01,-2.879949273179258432e-02
2.566666666666666430e+01,-3.127473438061221384e-02
2.568750000000000000e+01,-3.516183116801145647e-02
2.570833333333333215e+01,-2.944647870389310168e-02
2.572916666666666430e+01,-2.638924953669281870e-02
2.575000000000000000e+01,-3.501561512420232891e-02
2.577083333333333215e+01,-3.991625992951455121e-02
2.579166666666666430e+01,-3.125260737486539042e-02
2.581250000000000000e+01,-2.433169961579580501e-02
2.583333333333333215e+01,-3.038406671453730903e-02
2.585416666666666430e+01,-3.400038170241012625e-02
2.587500000000000000e+01,-2.325164320104407267e-02
2.589583333333333215e+01,-1.457357567907177284e-02
2.591666666666666430e+01,-1.930590974130030543e-02
2.593750000000000000e+01,-2.110235731698694231e-02
2.595833333333333215e+01,-8.816156185558633035e-03
2.597916666666666430e+01,1.248774509448174422e-03
2.600000000000000000e+01,-1.842699428350566548e-03
2.602083333333333215e+01,-1.495894404231551877e-03
2.604166666666666430e+01,1.169216204899374209e-02
2.606250000000000000e+01,2.185079882528145195e-02
2.608333333333333215e+01,1.862701138897338710e-02
2.610416666666666430e+01,1.653922349156511026e-02
2.612500000000000000e+01,2.148452404684537617e-02
2.614583333333333215e+01,2.000248695202436200e-02
2.616666666666666430e+01,1.083792839848092375e-02
2.618750000000000000e+01,8.413693463695004135e-03
2.620833333333333215e+01,1.420176551840001723e-02
2.622916666666666430e+01,1.318522162442286629e-02
2.625000000000000000e+01,2.156147561314221851e-03
2.627083333333333215e+01,-3.966232641350279399e-03
2.629166666666666430e+01,3.351736852466649045e-03
2.631250000000000000e+01,7.402384670596208471e-03
2.633333333333333215e+01,-2.644347870923017749e-03
2.635416666666666430e+01,-1.053162069180791152e-02
2.637500000000000000e+01,-5.558428126322684758e-03
2.639583333333333215e+01,-3.810366082477535145e-03
2.641666666666666430e+01,-1.389910264290589170e-02
2.643750000000000000e+01,-2.009808839431384900e-02
2.645833333333333215e+01,-1.308478675754276566e-02
2.647916666666666430e+01,-8.930888730344027984e-03
2.650000000000000000e+01,-1.788148817298257712e-02
2.652083333333333215e+01,-2.312896322983731129e-02
2.654166666666666430e+01,-1.441610140214679217e-02
2.656250000000000000e+01,-8.081031155369325716e-03
2.658333333333333215e+01,-1.496820766542644558e-02
2.660416666666666430e+01,-1.843320832985387292e-02
2.662500000000000000e+01,-7.486906438423988723e-03
2.664583333333333215e+01,1.249689479329590134e-03
2.666666666666666430e+01,-3.031613716340068702e-03
2.668750000000000000e+01,-4.173601761636807315e-03
2.670833333333333215e+01,8.880227225759778145e-03
2.672916666666666430e+01,1.942919117801825482e-02
2.675000000000000000e+01,1.663517292557410016e-02
2.677083333333333215e+01,1.270609445874476551e-02
2.679166666666666430e+01,1.941220146222174397e-02
2.681250000000000000e+01,2.257848363651075371e-02
2.683333333333333215e+01,1.173503128669828137e-02
2.685416666666666430e+01,3.188227575359551310e-03
2.687500000000000000e+01,7.649082415804856448e-03
2.689583333333333215e+01,8.750115222925763936e-03
2.691666666666666430e+01,-2.138629988434966218e-03
2.693750000000000000e+01,-9.186451869909233181e-03
2.695833333333333215e+01,-3.382927756470167739e-03
2.697916666666666430e+01,-8.016100860910995449e-04
2.700000000000000000e+01,-9.691281138929537520e-03
2.702083333333333215e+01,-1.459983661369989791e-02
2.704166666666666430e+01,-6.582597713057795896e-03
2.706250000000000000e+01,-1.483449091669125815e-03
2.708333333333333215e+01,-9.942390565031678298e-03
2.710416666666666430e+01,-1.642616411124995027e-02
2.712500000000000000e+01,-9.729607907041356446e-03
2.714583333333333215e+01,-6.043464159190317306e-03
2.716666666666666430e+01,-1.092921092047490113e-02
2.718750000000000000e+01,-9.931900361195875743e-03
2.720833333333333215e+01,2.542509995956796290e-03
2.722916666666666430e+01,1.089861268318776180e-02
2.725000000000000000e+01,6.071858996825191257e-03
2.727083333333333215e+01,4.366192645421942964e-03
2.729166666666666430e+01,1.478056875017504622e-02
2.731250000000000000e+01,2.186380453404604754e-02
2.733333333333333215e+01,1.603646951243211521e-02
2.735416666666666430e+01,1.328965058838893487e-02
2.737500000000000000e+01,1.798762337210712062e-02
2.739583333333333215e+01,1.641913411019796376e-02
2.741666666666666430e+01,5.639136729321473328e-03
2.743750000000000000e+01,6.377476055211544082e-04
2.745833333333333215e+01,9.097186566517522291e-03
2.747916666666666430e+01,1.476168702798423549e-02
2.750000000000000000e+01,6.531081477814234572e-03
2.752083333333333215e+01,8.230178513095993097e-04
2.754166666666666430e+01,8.155922847349436622e-03
2.756250000000000000e+01,1.221819175878477264e-02
2.758333333333333215e+01,2.412461445994878908e-03
2.760416666666666430e+01,-5.334310848293932587e-03
2.762500000000000000e+01,-6.450219446938936310e-05
2.764583333333333215e+01,2.575976151860190008e-03
2.766666666666666430e+01,-8.248141371230069754e-03
2.768750000000000000e+01,-1.619462962951958088e-02
2.770833333333333215e+01,-1.034010074018718896e-02
2.772916666666666430e+01,-7.716467389572660013e-03
2.775000000000000000e+01,-1.835770899412836332e-02
2.777083333333333215e+01,-2.585382158656227003e-02
2.779166666666666430e+01,-1.955556435453504119e-02
2.781250000000000000e+01,-1.570944303067497647e-02
2.783333333333333215e+01,-2.310239142320140784e-02
2.785416666666666430e+01,-2.631693190818915409e-02
2.787500000000000000e+01,-1.607479138228756418e-02
2.789583333333333215e+01,-7.778714540569603778e-03
2.791666666666666430e+01,-1.240955169681326638e-02
2.793750000000000000e+01,-1.406479433232942292e-02
2.795833333333333215e+01,-1.907341653106394818e-03
2.797916666666666430e+01,8.293592946805979776e-03
2.800000000000000000e+01,5.446246394486048935e-03
2.802083333333333215e+01,4.603408413991497139e-03
2.804166666666666430e+01,1.166257282841158191e-02
2.806250000000000000e+01,1.270612950463299341e-02
2.808333333333333215e+01,2.407974575087889427e-03
2.810416666666666430e+01,-3.720016382021822630e-03
2.812500000000000000e+01,4.183795379321265939e-03
2.814583333333333215e+01,9.535363794165628917e-03
2.816666666666666430e+01,1.544205671054506984e-03
2.818750000000000000e+01,-4.123554037239946998e-03
2.820833333333333215e+01,3.503697913120943502e-03
2.822916666666666430e+01,8.004234903163300052e-03
2.825000000000000000e+01,-1.483858534582549026e-03
2.827083333333333215e+01,-8.939329532771165057e-03
2.829166666666666430e+01,-3.519365096288067790e-03
2.831250000000000000e+01,-1.278111348158780846e-03
2.833333333333333215e+01,-1.139103096105354568e-02
2.835416666666666430e+01,-1.804244439971826319e-02
2.837500000000000000e+01,-1.152054938547958374e-02
2.839583333333333215e+01,-8.267909738046114176e-03
2.841666666666666430e+01,-1.371915755637170657e-02
2.843750000000000000e+01,-1.250877904630350729e-02
2.845833333333333215e+01,-1.901926412446972318e-04
2.847916666666666430e+01,7.750055482143528712e-03
2.850000000000000000e+01,1.994963687854868321e-03
2.852083333333333215e+01,-3.060039062250518183e-04
2.854166666666666430e+01,1.160679381589277241e-02
2.856250000000000000e+01,2.076673899879763127e-02
2.858333333333333215e+01,1.692145556264373213e-02
2.860416666666666430e+01,1.388352490050436330e-02
2.862500000000000000e+01,1.836039323523058070e-02
2.864583333333333215e+01,1.722507527827313659e-02
2.866666666666666430e+01,7.092672016200428538e-03
2.868750000000000000e+01,2.669737112644642463e-03
2.870833333333333215e+01,1.155410867410666328e-02
2.872916666666666430e+01,1.727454941668875657e-02
2.875000000000000000e+01,9.552803355215289810e-03
2.877083333333333215e+01,4.125127533219721983e-03
2.879166666666666430e+01,1.068235125719230356e-02
2.881250000000000000e+01,1.354952880436856473e-02
2.883333333333333215e+01,2.555224739101081589e-03
2.885416666666666430e+01,-6.344722401260313727e-03
2.887500000000000000e+01,-2.394597070530586191e-03
2.889583333333333215e+01,-1.767394878312570283e-03
2.891666666666666430e+01,-1.474989253557481769e-02
2.893750000000000000e+01,-2.487628154889244547e-02
2.895833333333333215e+01,-2.202179776418491247e-02
2.897916666666666430e+01,-1.762332407946670676e-02
2.900000000000000000e+01,-2.376581332507622657e-02
2.902083333333333215e+01,-2.699544560250226322e-02
2.904166666666666430e+01,-1.666800853800490256e-02
2.906250000000000000e+01,-8.486952089568353466e-03
2.908333333333333215e+01,-1.341296072925186357e-02
2.910416666666666430e+01,-1.537605072277049671e-02
2.912500000000000000e+01,-2.977090511887436029e-03
2.914583333333333215e+01,7.423422189024181557e-03
2.916666666666666430e+01,4.714020045574487082e-03
2.918750000000000000e+01,5.078320794684541145e-03
2.920833333333333215e+01,1.288870608567228154e-02
2.922916666666666430e+01,1.370675264682806073e-02
2.925000000000000000e+01,5.434479046026764737e-03
2.927083333333333215e+01,2.509812183611804734e-03
2.929166666666666430e+01,1.307449881968506325e-02
2.931250000000000000e+01,2.058536297188440223e-02
2.933333333333333215e+01,1.428433101729023949e-02
2.935416666666666430e+01,1.001752870919507023e-02
2.937500000000000000e+01,1.663718917642274461e-02
2.939583333333333215e+01,1.900909424392266747e-02
2.941666666666666430e+01,6.990986597023645180e-03
2.943750000000000000e+01,-3.027345690649314077e-03
2.945833333333333215e+01,1.643020938254208892e-04
2.947916666666666430e+01,4.021124557298883851e-04
2.950000000000000000e+01,-9.918848225033846666e-03
2.952083333333333215e+01,-1.532742938913258732e-02
2.954166666666666430e+01,-7.349778259524031125e-03
2.956250000000000000e+01,-2.015150169340195353e-03
2.958333333333333215e+01,-1.023908841417364712e-02
2.960416666666666430e+01,-1.520220920561118731e-02
2.962500000000000000e+01,-6.101340260062438833e-03
2.964583333333333215e+01,8.390069974043458520e-04
2.966666666666666430e+01,-5.075911356691694201e-03
2.968750000000000000e+01,-7.819525961786050888e-03
2.970833333333333215e+01,3.673702060711397325e-03
2.972916666666666430e+01,1.291495418995134391e-02
2.975000000000000000e+01,9.058070035625321800e-03
2.977083333333333215e+01,4.836042300429447410e-03
2.979166666666666430e+01,1.098550097215282399e-02
2.981250000000000000e+01,1.338014412254414157e-02
2.983333333333333215e+01,2.168010614420838155e-03
2.985416666666666430e+01,-6.775338565093919248e-03
2.987500000000000000e+01,-2.500978855122838913e-03
2.989583333333333215e+01,-9.582064132703855446e-04
2.991666666666666430e+01,-1.200924214589682223e-02
2.993750000000000000e+01,-2.024579926141217845e-02
2.995833333333333215e+01,-1.577345738681577847e-02
2.997916666666666430e+01,-1.456738296492007811e-02
3.000000000000000000e+01,-2.272296881328940421e-02
3.002083333333333215e+01,-2.522594371958822648e-02
3.004166666666666430e+01,-1.485940171803822041e-02
3.006250000000000000e+01,-7.071437168409484136e-03
3.008333333333333215e+01,-1.222071570786120373e-02
3.010416666666666430e+01,-1.445308812731444653e-02
3.012500000000000000e+01,-3.095900495252232407e-03
3.014583333333333215e+01,6.459905678882594399e-03
3.016666666666666430e+01,3.047583419154791147e-03
3.018750000000000000e+01,1.078938700800737309e-03
3.020833333333333215e+01,8.249936244634393720e-03
3.022916666666666430e+01,1.061787471847093489e-02
3.025000000000000000e+01,-3.492231140746245434e-04
3.027083333333333215e+01,-8.489315998599545818e-03
3.029166666666666430e+01,-2.204852543054184287e-03
3.031250000000000000e+01,1.646081816905592627e-03
3.033333333333333215e+01,-7.990174291947645807e-03
3.035416666666666430e+01,-1.499079231763296438e-02
3.037500000000000000e+01,-8.406507911098998892e-03
3.039583333333333215e+01,-5.049286418858499152e-03
3.041666666666666430e+01,-1.419088792224312834e-02
3.043750000000000000e+01,-2.024161263351751533e-02
3.045833333333333215e+01,-1.325511498157733344e-02
3.047916666666666430e+01,-9.136604405484267249e-03
3.050000000000000000e+01,-1.551558498239157154e-02
3.052083333333333215e+01,-1.725229730202565773e-02
3.054166666666666430e+01,-5.802022519469739355e-03
3.056250000000000000e+01,2.695210500034549757e-03
3.058333333333333215e+01,-3.026898963603623198e-03
3.060416666666666430e+01,-5.960989018629921261e-03
3.062500000000000000e+01,4.776275294967493104e-03
3.064583333333333215e+01,1.318364423070881447e-02
3.066666666666666430e+01,8.306487535456513749e-03
3.068750000000000000e+01,6.372657534600785836e-03
3.070833333333333215e+01,1.559536819816240323e-02
3.072916666666666430e+01,2.090385564564433904e-02
3.075000000000000000e+01,1.329579184406982223e-02
3.077083333333333215e+01,9.056341597080285258e-03
3.079166666666666430e+01,1.773210382209297956e-02
3.081250000000000000e+01,2.320011269210039972e-02
3.083333333333333215e+01,1.569129349142182189e-02
3.085416666666666430e+01,1.126332403810865503e-02
3.087500000000000000e+01,1.515244274272731229e-02
3.089583333333333215e+01,1.276557992596788482e-02
3.091666666666666430e+01,6.578161415313997507e-04
3.093750000000000000e+01,-6.619602727441367164e-03
3.095833333333333215e+01,-4.872102367752197843e-04
3.097916666666666430e+01,2.451017486659666771e-03
3.100000000000000000e+01,-8.640450807398974975e-03
3.102083333333333215e+01,-1.756383100344383399e-02
3.104166666666666430e+01,-1.362265160510605679e-02
3.106250000000000000e+01,-1.303659561213123610e-02
3.108333333333333215e+01,-1.971363214996478194e-02
3.110416666666666430e+01,-1.944942011786061561e-02
3.112500000000000000e+01,-1.068043764890073792e-02
3.114583333333333215e+01,-7.949196380574516732e-03
3.116666666666666430e+01,-1.611847230932712816e-02
3.118750000000000000e+01,-1.943793432529065598e-02
3.120833333333333215e+01,-9.247189482437500815e-03
3.122916666666666430e+01,-1.350099821919285023e-03
3.125000000000000000e+01,-6.657008031686393809e-03
3.127083333333333215e+01,-9.145716740809974044e-03
3.129166666666666430e+01,2.256100974446661415e-03
3.131250000000000000e+01,1.149581357157262659e-02
3.133333333333333215e+01,7.803214305796033617e-03
3.135416666666666430e+01,6.432335779026302630e-03
3.137500000000000000e+01,1.212946315508703701e-02
3.139583333333333215e+01,1.106528643423208662e-02
3.141666666666666430e+01,3.086420675783318069e-03
3.143750000000000000e+01,1.938880160775832131e-03
3.145833333333333215e+01,7.360027476807821413e-03
3.147916666666666430e+01,5.142476800106876578e-03
3.150000000000000000e+01,-7.080913362336011766e-04
3.152083333333333215e+01,2.196025906352875017e-03
3.154166666666666430e+01,1.867065577407968444e-03
3.156250000000000000e+01,-6.210179805771167370e-03
3.158333333333333215e+01,-8.205855880917675357e-03
3.160416666666666430e+01,2.619269959073522447e-04
3.162500000000000000e+01,3.868457844389697545e-03
3.164583333333333215e+01,-6.472169893497646369e-03
3.166666666666666430e+01,-1.473235168990843363e-02
3.168750000000000000e+01,-9.779247293651286907e-03
3.170833333333333215e+01,-7.957820126873259292e-03
3.172916666666666430e+01,-1.365476805739293184e-02
3.175000000000000000e+01,-1.273370996438363129e-02
3.177083333333333215e+01,-3.084870786316391313e-03
3.179166666666666430e+01,6.260535467816959881e-04
3.181250000000000000e+01,-8.812823198968628910e-03
3.183333333333333215e+01,-1.510837916551521255e-02
3.185416666666666430e+01,-7.199916892052874925e-03
3.187500000000000000e+01,-1.238117000930209852e-03
3.189583333333333215e+01,-8.263260473091324498e-03
3.191666666666666430e+01,-1.195802924518838371e-02
3.193750000000000000e+01,-1.706003241738430045e-03
3.195833333333333215e+01,6.449031858598337427e-03
3.197916666666666430e+01,1.324402441162267872e-03
3.200000000000000000e+01,-8.491420715433303920e-04
3.202083333333332860e+01,1.088805949596340777e-02
3.204166666666666430e+01,2.029291111326646246e-02
3.206250000000000000e+01,1.626008869767354287e-02
3.208333333333332860e+01,1.173504222684691213e-02
3.210416666666666430e+01,1.791887621616903084e-02
3.212500000000000000e+01,2.075392437244666724e-02
3.214583333333332860e+01,1.034820423278121938e-02
3.216666666666666430e+01,2.515316529749549862e-03
3.218750000000000000e+01,8.162349846261258285e-03
3.220833333333332860e+01,1.082729445038875006e-02
3.222916666666666430e+01,-3.121786289262780596e-04
3.225000000000000000e+01,-9.353763418299937404e-03
3.227083333333332860e+01,-5.602775910251792287e-03
3.229166666666666430e+01,-5.018605172017636014e-03
3.231250000000000000e+01,-1.124781504617157653e-02
3.233333333333332860e+01,-1.048340011179369792e-02
3.235416666666666430e+01,-2.941832517370240960e-03
3.237500000000000000e+01,-2.538562322662009374e-03
3.239583333333332860e+01,-7.864266717668797618e-03
3.241666666666666430e+01,-4.768454951105349955e-03
3.243750000000000000e+01,-7.741440396151116942e-04
3.245833333333332860e+01,-8.234353844065884706e-03
3.247916666666666430e+01,-1.318161851290894880e-02
3.250000000000000000e+01,-4.076910835170015172e-03
3.252083333333332860e+01,2.669906127274065521e-03
3.254166666666666430e+01,-3.757233867428405594e-03
3.256250000000000000e+01,-6.700816110207201068e-03
3.258333333333332860e+01,4.593253619730386199e-03
3.260416666666666430e+01,1.377522072374544673e-02
3.262500000000000000e+01,9.822302464229173968e-03
3.264583333333332860e+01,8.284821186529265497e-03
3.266666666666666430e+01,1.339153321231572810e-02
3.268750000000000000e+01,1.189088864344523683e-02
3.270833333333332860e+01,3.934519177175865162e-03
3.272916666666666430e+01,3.402800918286695911e-03
3.275000000000000000e+01,7.393053770150331654e-03
3.277083333333332860e+01,2.621808180392060008e-03
3.279166666666666430e+01,1.084280437292976969e-03
3.281250000000000000e+01,5.896556365861622961e-03
3.283333333333332860e+01,3.369670500316057204e-03
3.285416666666666430e+01,-3.036977382723471570e-03
3.287500000000000000e+01,-2.436806257042637629e-04
3.289583333333332860e+01,-6.240258558493993286e-04
3.291666666666666430e+01,-9.015651188762944038e-03
3.293750000000000000e+01,-1.122403373989685170e-02
3.295833333333332860e+01,-1.979266136604466812e-03
3.297916666666666430e+01,2.847363030775260703e-03
3.300000000000000000e+01,-6.714229673193074580e-03
3.302083333333332860e+01,-1.407839015516126023e-02
3.304166666666666430e+01,-7.939909931562839224e-03
3.306250000000000000e+01,-4.796410739316853480e-03
3.308333333333332860e+01,-1.547030221311915081e-02
3.310416666666666430e+01,-2.290404856182756688e-02
3.312500000000000000e+01,-1.565875510929111078e-02
3.314583333333332860e+01,-1.063432862546509310e-02
3.316666666666666430e+01,-1.912848160932177632e-02
3.318750000000000000e+01,-2.395413684478944066e-02
3.320833333333332860e+01,-1.432911188051581158e-02
3.322916666666666430e+01,-7.358997070484905173e-03
3.325000000000000000e+01,-1.399989911624977337e-02
3.327083333333332860e+01,-1.687237564273999860e-02
3.329166666666666430e+01,-6.432827029545563381e-03
3.331250000000000000e+01,5.986147324079308784e-04
3.333333333333332860e+01,-5.762081004953381949e-03
3.335416666666666430e+01,-8.959366789165413431e-03
3.337500000000000000e+01,6.935889122137594729e-04
3.339583333333332860e+01,7.035569306244420645e-03
3.341666666666666430e+01,-4.961148318541284139e-04
3.343750000000000000e+01,-5.873573096945098639e-03
3.345833333333332860e+01,1.558325324638842879e-03
3.347916666666666430e+01,5.560930986487988906e-03
3.350000000000000000e+01,-2.322078412276110809e-03
3.352083333333332860e+01,-6.641887163129212360e-03
3.354166666666666430e+01,2.262117572881893086e-03
3.356250000000000000e+01,7.900130294885232551e-03
3.358333333333332860e+01,-1.554837993866912157e-04
3.360416666666666430e+01,-5.630286082160938614e-03
3.362500000000000000e+01,2.394463911522260770e-03
3.364583333333332860e+01,8.013979630526820927e-03
3.366666666666666430e+01,1.054116493973079362e-03
3.368750000000000000e+01,-2.513550162249608092e-03
3.370833333333332860e+01,7.001577632640591971e-03
3.372916666666666430e+01,1.346986550226542817e-02
3.375000000000000000e+01,7.186311494180567042e-03
3.377083333333332860e+01,3.075342062432855333e-03
3.379166666666666430e+01,1.180673869725116024e-02
3.381250000000000000e+01,1.817884228727140172e-02
3.383333333333332860e+01,1.098984096066297524e-02
3.385416666666666430e+01,5.375958067854958757e-03
3.387500000000000000e+01,1.272261451593170202e-02
3.389583333333332860e+01,1.721435962428774849e-02
3.391666666666666430e+01,7.220503169846146339e-03
3.393750000000000000e+01,-7.398752627225252398e-04
3.395833333333332860e+01,4.556684511523273473e-03
3.397916666666666430e+01,6.955330279443073735e-03
3.400000000000000000e+01,-4.761402422442139078e-03
3.402083333333332860e+01,-1.401479711666080326e-02
3.404166666666666430e+01,-9.885121814573427992e-03
3.406250000000000000e+01,-8.471670554611746007e-03
3.408333333333332860e+01,-1.508183473890106936e-02
3.410416666666666430e+01,-1.545831730902974717e-02
3.412500000000000000e+01,-4.853275592528212036e-03
3.414583333333332860e+01,9.665977671376241786e-04
3.416666666666666430e+01,-7.079405036097949702e-03
3.418750000000000000e+01,-1.263842712915995599e-02
3.420833333333332860e+01,-4.639331595913194668e-03
3.422916666666666430e+01,6.577814101373866953e-04
3.425000000000000000e+01,-8.159819828594240543e-03
3.427083333333332860e+01,-1.444310471234772943e-02
3.429166666666666430e+01,-7.386226772006560318e-03
3.431250000000000000e+01,-2.855146211998511440e-03
3.433333333333332860e+01,-8.772931842042872366e-03
3.435416666666666430e+01,-9.231873544338685053e-03
3.437500000000000000e+01,4.373017186507349371e-03
3.439583333333332860e+01,1.484160593899844227e-02
3.441666666666666430e+01,1.171807309149114351e-02
3.443750000000000000e+01,1.208510007698547321e-02
3.445833333333332860e+01,1.671712658930035039e-02
3.447916666666666430e+01,1.214098017715960036e-02
3.450000000000000000e+01,1.035638305014891306e-02
3.452083333333332860e+01,1.712065703365408392e-02
3.454166666666666430e+01,1.669170726252043602e-02
3.456250000000000000e+01,6.442228523814422757e-03
3.458333333333332860e+01,1.879890836909855817e-03
3.460416666666666430e+01,9.980770977139100456e-03
3.462500000000000000e+01,1.460316245237725657e-02
3.464583333333332860e+01,5.510562135845986469e-03
3.466666666666666430e+01,-9.774787263032379790e-04
3.468750000000000000e+01,5.411564562627288293e-03
3.470833333333332860e+01,9.387420939617479795e-03
3.472916666666666430e+01,5.803447128692155066e-05
3.475000000000000000e+01,-6.165952934053179138e-03
3.477083333333332860e+01,1.473586444329259403e-03
3.479166666666666430e+01,6.501346481334440049e-03
3.481250000000000000e+01,-1.907426786053585330e-03
3.483333333333332860e+01,-6.827255324480573442e-03
3.485416666666666430e+01,2.588805594465862833e-03
3.487500000000000000e+01,9.693685634385162952e-03
3.489583333333332860e+01,3.466402642449060035e-03
3.491666666666666430e+01,-1.722799755058885543e-03
3.493750000000000000e+01,2.878389202260729727e-03
3.495833333333332860e+01,2.841616939328182444e-03
3.497916666666666430e+01,-1.028020029425596657e-02
3.500000000000000000e+01,-2.102641265703262055e-02
3.502083333333332860e+01,-1.874323410142140350e-02
3.504166666666666430e+01,-1.722418617935146667e-02
3.506250000000000000e+01,-2.370763828067187426e-02
3.508333333333332860e+01,-2.549946415241875070e-02
3.510416666666666430e+01,-1.431061647837951131e-02
3.512500000000000000e+01,-6.118695638083715589e-03
3.514583333333332860e+01,-1.245023533344646188e-02
3.516666666666666430e+01,-1.685483966836078332e-02
3.518750000000000000e+01,-8.047278085363047950e-03
3.520833333333332860e+01,-2.184549983298313906e-03
3.522916666666666430e+01,-1.062753266590607017e-02
3.525000000000000000e+01,-1.644997254922647700e-02
3.527083333333332860e+01,-8.723810164654489940e-03
3.529166666666666430e+01,-3.488328890780854636e-03
3.531250000000000000e+01,-1.165122958426886152e-02
3.533333333333332860e+01,-1.661444683399534994e-02
3.535416666666666430e+01,-7.510236789042506675e-03
3.537500000000000000e+01,-4.082795750461505071e-04
3.539583333333332860e+01,-6.504707751032946968e-03
3.541666666666666430e+01,-9.756098544758519051e-03
3.543750000000000000e+01,1.363749105248859145e-03
3.545833333333332860e+01,1.025791745019024974e-02
3.547916666666666430e+01,5.854977909870108868e-03
3.550000000000000000e+01,4.237747651527038958e-03
3.552083333333332860e+01,1.418750437604335453e-02
3.554166666666666430e+01,1.947466825990626371e-02
3.556250000000000000e+01,1.086606803997205127e-02
3.558333333333332860e+01,4.555108773350838650e-03
3.560416666666666430e+01,1.144476298480562662e-02
3.562500000000000000e+01,1.537008491271411176e-02
3.564583333333332860e+01,5.089188157460009139e-03
3.566666666666666430e+01,-3.312594161211808094e-03
3.568750000000000000e+01,8.767778896533926468e-04
3.570833333333332860e+01,1.854764601351368940e-03
3.572916666666666430e+01,-7.673939932712677339e-03
3.575000000000000000e+01,-1.243120852823299295e-02
3.577083333333332860e+01,-4.181053528240280190e-03
3.579166666666666430e+01,1.534142114906683401e-03
3.581250000000000000e+01,-6.155819616739719932e-03
3.583333333333332860e+01,-1.073873276844212674e-02
3.585416666666666430e+01,-1.446543396145748804e-03
3.587500000000000000e+01,5.626714670411236616e-03
3.589583333333332860e+01,-3.721010831069107919e-04
3.591666666666666430e+01,-3.031798380029938119e-03
3.593750000000000000e+01,7.762034248944165750e-03
3.595833333333332860e+01,1.570982427820006092e-02
3.597916666666666430e+01,1.064346052499234689e-02
3.600000000000000000e+01,7.246254446023149554e-03
3.602083333333332860e+01,1.205418371772965132e-02
3.604166666666666430e+01,1.091543244740745405e-02
3.606250000000000000e+01,-2.552918182993036355e-04
3.608333333333332860e+01,-6.806893806466828706e-03
3.610416666666666430e+01,-8.921778804895246536e-05
3.612500000000000000e+01,3.873023813063789216e-03
3.614583333333332860e+01,-5.906964693857465198e-03
3.616666666666666430e+01,-1.331330202377917216e-02
3.618750000000000000e+01,-7.671850685787489320e-03
3.620833333333332860e+01,-5.316501460738401810e-03
3.622916666666666430e+01,-1.585869628446896079e-02
3.625000000000000000e+01,-2.326569168539472862e-02
3.627083333333332860e+01,-1.760169576793590984e-02
3.629166666666666430e+01,-1.474977531767034979e-02
3.631250000000000000e+01,-1.894435685827930427e-02
3.633333333333332860e+01,-1.576692739994061537e-02
3.635416666666666430e+01,-6.988676299985257211e-03
3.637500000000000000e+01,-5.918067922168622659e-03
3.639583333333332860e+01,-7.156866060820110675e-03
3.641666666666666430e+01,2.140321472074634742e-03
3.643750000000000000e+01,9.195212224684208221e-03
3.645833333333332860e+01,3.334457740939987189e-03
3.647916666666666430e+01,1.788072493897240522e-04
3.650000000000000000e+01,1.054145009994390814e-02
3.652083333333332860e+01,1.780239419412261992e-02
3.654166666666666430e+01,1.121617236215008070e-02
3.656250000000000000e+01,6.897962922002889505e-03
3.658333333333332860e+01,1.382124226373723785e-02
3.660416666666666430e+01,1.612334999511908992e-02
3.662500000000000000e+01,4.110629812809691273e-03
3.664583333333332860e+01,-5.580181673330572752e-03
3.666666666666666430e+01,-2.328987740933697453e-03
3.668750000000000000e+01,-2.268791483176526604e-03
3.670833333333332860e+01,-1.122668185600033883e-02
3.672916666666666430e+01,-1.422173204646177795e-02
3.675000000000000000e+01,-4.031266039357201021e-03
3.677083333333332860e+01,3.813693127934527066e-03
3.679166666666666430e+01,-1.461856904863653066e-03
3.681250000000000000e+01,-3.964790311004879990e-03
3.683333333333332860e+01,4.108566728922229995e-03
3.685416666666666430e+01,8.130460402809595519e-03
3.687500000000000000e+01,-7.212362753817325991e-04
3.689583333333332860e+01,-6.369921909612363473e-03
3.691666666666666430e+01,2.280725113280195927e-03
3.693750000000000000e+01,8.629371013073136587e-03
3.695833333333332860e+01,1.908224918909457021e-03
3.697916666666666430e+01,-1.777125457924762404e-03
3.700000000000000000e+01,6.142226769238715890e-03
3.702083333333332860e+01,9.651778483391019667e-03
3.704166666666666430e+01,-3.752047690103317264e-04
3.706250000000000000e+01,-8.044732489814352891e-03
3.708333333333332860e+01,-2.414530902858855188e-03
3.710416666666666430e+01,2.543225116863612190e-04
3.712500000000000000e+01,-1.096349411522059419e-02
3.714583333333332860e+01,-2.015960645451441227e-02
3.716666666666666430e+01,-1.646983657144288765e-02
3.718750000000000000e+01,-1.375142720002031291e-02
3.720833333333332860e+01,-1.948041756112741177e-02
3.722916666666666430e+01,-2.008822936131258313e-02
3.725000000000000000e+01,-7.587789014320305524e-03
3.727083333333332860e+01,1.955022051370052579e-03
3.729166666666666430e+01,-2.584981138976569486e-03
3.731250000000000000e+01,-4.239276668084475917e-03
3.733333333333332860e+01,6.404283695348731049e-03
3.735416666666666430e+01,1.382860788869571221e-02
3.737500000000000000e+01,8.010355599534215928e-03
3.739583333333332860e+01,4.831647025548328755e-03
3.741666666666666430e+01,1.279870113616245718e-02
3.743750000000000000e+01,1.681953708525174562e-02
3.745833333333332860e+01,7.785733760613716518e-03
3.747916666666666430e+01,1.800750680844782512e-03
3.750000000000000000e+01,1.014343238550531254e-02
3.752083333333332860e+01,1.629658436628847809e-02
3.754166666666666430e+01,9.212990290194568790e-03
3.756250000000000000e+01,4.968052871413614589e-03
3.758333333333332860e+01,9.815053273548741616e-03
3.760416666666666430e+01,8.356062809326141733e-03
3.762500000000000000e+01,-4.651200087152793962e-03
3.764583333333332860e+01,-1.379314566963642241e-02
3.766666666666666430e+01,-9.723141487969556504e-03
3.768750000000000000e+01,-8.677530453807435346e-03
3.770833333333332860e+01,-1.849775596990231238e-02
3.772916666666666430e+01,-2.400905684512896418e-02
3.775000000000000000e+01,-1.655032688543952094e-02
3.777083333333332860e+01,-1.226091948078492609e-02
3.779166666666666430e+01,-2.195687528861458432e-02
3.781250000000000000e+01,-2.902692441111715677e-02
3.783333333333332860e+01,-2.291255101266176375e-02
3.785416666666666430e+01,-1.640661017465565308e-02
3.787500000000000000e+01,-2.052390476970662389e-02
3.789583333333332860e+01,-2.131987302881314245e-02
3.791666666666666430e+01,-8.418319904164988168e-03
3.793750000000000000e+01,2.165144747738029837e-03
3.795833333333332860e+01,-3.404335424684127578e-04
3.797916666666666430e+01,4.685182476089740848e-04
3.800000000000000000e+01,1.093151417132032580e-02
3.802083333333332860e+01,1.605126519063010404e-02
3.804166666666666430e+01,8.153481557027834198e-03
3.806250000000000000e+01,3.419443210419343716e-03
3.808333333333332860e+01,1.272493579700225037e-02
3.810416666666666430e+01,1.980832659004904198e-02
3.812500000000000000e+01,1.537674132558078562e-02
3.814583333333332860e+01,1.420687043996537481e-02
3.816666666666666430e+01,2.611196079227710160e-02
3.818750000000000000e+01,3.647188821342421672e-02
3.820833333333332860e+01,3.384992996417213185e-02
3.822916666666666430e+01,3.316691686099609154e-02
3.825000000000000000e+01,3.985874236913973523e-02
3.827083333333332860e+01,4.054381037806135263e-02
3.829166666666666430e+01,2.741370874598010945e-02
3.831250000000000000e+01,1.669044298141958774e-02
3.833333333333332860e+01,2.048222202599049926e-02
3.835416666666666430e+01,2.153041386365986756e-02
3.837500000000000000e+01,9.533087008361041878e-03
3.839583333333332860e+01,7.824045726502255231e-04
3.841666666666666430e+01,5.644741213889316843e-03
3.843750000000000000e+01,7.035648838616598288e-03
3.845833333333332860e+01,-2.748483867857775577e-03
3.847916666666666430e+01,-8.253758484464761638e-03
3.850000000000000000e+01,-1.615655415382827656e-03
3.852083333333332860e+01,1.190776581669013897e-03
3.854166666666666430e+01,-1.060202240839245268e-02
3.856250000000000000e+01,-1.999438307316988434e-02
3.858333333333332860e+01,-1.560401447135927565e-02
3.860416666666666430e+01,-1.413482468356001137e-02
3.862500000000000000e+01,-2.528400641531695914e-02
3.864583333333332860e+01,-3.235623680505334693e-02
3.866666666666666430e+01,-2.548258238241947471e-02
3.868750000000000000e+01,-2.152374747100422106e-02
3.870833333333332860e+01,-2.814153321254645596e-02
3.872916666666666430e+01,-2.940291238165367374e-02
3.875000000000000000e+01,-1.651983246234187824e-02
3.877083333333332860e+01,-6.136430004333642829e-03
3.879166666666666430e+01,-8.604960703814695799e-03
3.881250000000000000e+01,-7.835969269988078689e-03
3.883333333333332860e+01,1.542928753441967938e-03
3.885416666666666430e+01,4.816201300909487421e-03
3.887500000000000000e+01,-4.285179268211202451e-03
3.889583333333332860e+01,-1.048982408290813177e-02
3.891666666666666430e+01,-3.372708184209572378e-03
3.893750000000000000e+01,6.068964392984029909e-04
3.895833333333332860e+01,-7.970632032080175386e-03
3.897916666666666430e+01,-1.338409484491114715e-02
3.900000000000000000e+01,-5.742386334637204597e-03
3.902083333333332860e+01,-1.569169464707800485e-03
3.904166666666666430e+01,-8.459352315682131321e-03
3.906250000000000000e+01,-1.078087327046694729e-02
3.908333333333332860e+01,-2.178356523524524295e-04
3.910416666666666430e+01,7.102895192540702694e-03
3.912500000000000000e+01,5.566185110226228071e-04
3.914583333333332860e+01,-3.483059541680804099e-03
3.916666666666666430e+01,5.502578430433705328e-03
3.918750000000000000e+01,1.195394536200797969e-02
3.920833333333332860e+01,5.048800585618861553e-03
3.922916666666666430e+01,1.215368850380560114e-03
3.925000000000000000e+01,1.119627915608605549e-02
3.927083333333332860e+01,1.906079923979403165e-02
3.929166666666666430e+01,1.389453134334198668e-02
3.931250000000000000e+01,1.193998971130161464e-02
3.933333333333332860e+01,2.149968277836758826e-02
3.935416666666666430e+01,2.701614946258447392e-02
3.937500000000000000e+01,1.941061845458798632e-02
3.939583333333332860e+01,1.480149039090418971e-02
3.941666666666666430e+01,2.230364618102072607e-02
3.943750000000000000e+01,2.569711488030362520e-02
3.945833333333332860e+01,1.548478067856724413e-02
3.947916666666666430e+01,7.750584662870021492e-03
3.950000000000000000e+01,1.340476644018100474e-02
3.952083333333332860e+01,1.577129132676748438e-02
3.954166666666666430e+01,3.973019386938300354e-03
3.956250000000000000e+01,-5.669447721348937382e-03
3.958333333333332860e+01,-2.418002380420866074e-03
3.960416666666666430e+01,-2.322441717218990537e-03
3.962500000000000000e+01,-1.482355752062664359e-02
3.964583333333332860e+01,-2.386465057922340649e-02
3.966666666666666430e+01,-1.959250967132357413e-02
3.968750000000000000e+01,-1.811548146137972881e-02
3.970833333333332860e+01,-2.359727439794674295e-02
3.972916666666666430e+01,-2.127627060015370442e-02
3.975000000000000000e+01,-1.305014349760235184e-02
3.977083333333332860e+01,-1.256360388854689536e-02
3.979166666666666430e+01,-1.391562769086973107e-02
3.981250000000000000e+01,-4.379804522572300698e-03
3.983333333333332860e+01,3.179580889253664187e-03
3.985416666666666430e+01,-2.337679889267035935e-03
3.987500000000000000e+01,-4.656569113605540933e-03
3.989583333333332860e+01,6.865343249504976021e-03
3.991666666666666430e+01,1.622536538698006112e-02
3.993750000000000000e+01,1.225260631915490658e-02
3.995833333333332860e+01,8.355398621399267103e-03
3.997916666666666430e+01,1.412035327927436100e-02
4.000000000000000000e+01,1.588577010581862167e-02
4.002083333333332860e+01,4.676657488651810718e-03
4.004166666666666430e+01,-3.562601395749943542e-03
4.006250000000000000e+01,2.270586967650146861e-03
4.008333333333332860e+01,5.211556186755087958e-03
4.010416666666666430e+01,-5.585656774473371326e-03
4.012500000000000000e+01,-1.396476943902633973e-02
4.014583333333332860e+01,-8.910104686089671475e-03
4.016666666666666430e+01,-7.103456995545645233e-03
4.018750000000000000e+01,-1.359852975093609959e-02
4.020833333333332860e+01,-1.410358129238675762e-02
4.022916666666666430e+01,-3.010276296230143811e-03
4.025000000000000000e+01,3.921122361109261392e-03
4.027083333333332860e+01,-3.479168787039117836e-03
4.029166666666666430e+01,-8.706187713332119715e-03
4.031250000000000000e+01,-8.071393469892218725e-04
4.033333333333332860e+01,4.102638927274996836e-03
4.035416666666666430e+01,-5.180137941193164661e-03
4.037500000000000000e+01,-1.169273943657481510e-02
4.039583333333332860e+01,-4.628033478053252513e-03
4.041666666666666430e+01,6.080706023791570506e-05
4.043750000000000000e+01,-8.496286053672561650e-03
4.045833333333332860e+01,-1.399710779178120305e-02
4.047916666666666430e+01,-5.518310329627922409e-03
4.050000000000000000e+01,9.391619283248454778e-04
4.052083333333332860e+01,-5.477883402596976821e-03
4.054166666666666430e+01,-8.724289457676415518e-03
4.056250000000000000e+01,2.310815952705702440e-03
4.058333333333332860e+01,1.106311223139132965e-02
4.060416666666666430e+01,6.662621333368427996e-03
4.062500000000000000e+01,5.125611183971080960e-03
4.064583333333332860e+01,1.467102037918824146e-02
4.066666666666666430e+01,1.937519837530668476e-02
4.068750000000000000e+01,1.030659562619696580e-02
4.070833333333332860e+01,3.451612206674749533e-03
4.072916666666666430e+01,9.779614343976653426e-03
4.075000000000000000e+01,1.301504387275255817e-02
4.077083333333332860e+01,1.903145205985158151e-03
4.079166666666666430e+01,-7.903705759255493998e-03
4.081250000000000000e+01,-5.907758052215509627e-03
4.083333333333332860e+01,-5.325834401922613891e-03
4.085416666666666430e+01,-1.245498194420271640e-02
4.087500000000000000e+01,-1.401950834460553158e-02
4.089583333333332860e+01,-3.801325914240366935e-03
4.091666666666666430e+01,1.990484833155491042e-03
4.093750000000000000e+01,-7.045794954283918568e-03
4.095833333333332860e+01,-1.333774944985791598e-02
4.097916666666666430e+01,-5.664354960641621722e-03
4.100000000000000000e+01,-1.868216265870145144e-03
4.102083333333332860e+01,-1.230594496834525042e-02
4.104166666666666430e+01,-1.885575277125198929e-02
4.106250000000000000e+01,-1.063085654757970656e-02
4.108333333333332860e+01,-5.541149141095898407e-03
4.110416666666666430e+01,-1.373540593178206558e-02
4.112500000000000000e+01,-1.855380264792516609e-02
4.114583333333332860e+01,-9.493334635464544674e-03
4.116666666666666430e+01,-2.859157859022201219e-03
4.118750000000000000e+01,-8.836539151103878567e-03
4.120833333333332860e+01,-1.143323047234670077e-02
4.122916666666666430e+01,-2.588096510020659619e-03
4.125000000000000000e+01,2.773546837028335963e-03
4.127083333333332860e+01,-4.989769528292451253e-03
4.129166666666666430e+01,-9.660523918682641098e-03
4.131250000000000000e+01,-3.193998116885094786e-04
4.133333333333332860e+01,6.878837855746625964e-03
4.135416666666666430e+01,1.218345747509322471e-03
4.137500000000000000e+01,-1.043242292714086040e-03
4.139583333333332860e+01,4.156766439480773928e-03
4.141666666666666430e+01,2.361732383987841591e-03
4.143750000000000000e+01,-5.556991523894268953e-03
4.145833333333332860e+01,-5.770358123449025045e-03
4.147916666666666430e+01,-2.475870630527567898e-03
4.150000000000000000e+01,-8.016719487772711386e-03
4.152083333333332860e+01,-1.018120005721830958e-02
4.154166666666666430e+01,-1.613003538188925723e-03
4.156250000000000000e+01,2.325152112351450227e-03
4.158333333333332860e+01,-6.654450016105636911e-03
4.160416666666666430e+01,-1.250576477395097010e-02
4.162500000000000000e+01,-4.598063556139265172e-03
4.164583333333332860e+01,7.065583512271783433e-04
4.166666666666666430e+01,-7.667516037874592440e-03
4.168750000000000000e+01,-1.305398793493833288e-02
4.170833333333332860e+01,-4.337708680479448846e-03
4.172916666666666430e+01,2.366839199138804327e-03
4.175000000000000000e+01,-4.180886363400547479e-03
4.177083333333332860e+01,-7.655307695703497499e-03
4.179166666666666430e+01,2.588548625926750078e-03
4.181250000000000000e+01,1.054059075668733331e-02
4.183333333333332860e+01,4.519553217518867440e-03
4.185416666666666430e+01,8.690833485370387350e-04
4.187500000000000000e+01,8.341510751145904054e-03
4.189583333333332860e+01,1.142318431665786602e-02
4.191666666666666430e+01,2.985872387110420959e-04
4.193750000000000000e+01,-8.676914744310697258e-03
4.195833333333332860e+01,-4.688737072455263256e-03
4.197916666666666430e+01,-3.695795298485249087e-03
4.200000000000000000e+01,-1.299197637693525094e-02
4.202083333333332860e+01,-1.797695176225750160e-02
4.204166666666666430e+01,-9.733137217119528298e-03
4.206250000000000000e+01,-4.563495339595059416e-03
4.208333333333332860e+01,-1.294468982034957354e-02
4.210416666666666430e+01,-1.874588680292458773e-02
4.212500000000000000e+01,-1.053821454084295436e-02
4.214583333333332860e+01,-4.736984831835097838e-03
4.216666666666666430e+01,-1.214313975931819063e-02
4.218750000000000000e+01,-1.642422682522754959e-02
4.220833333333332860e+01,-6.458115426088093143e-03
4.222916666666666430e+01,1.550187907986443374e-03
4.225000000000000000e+01,-3.491369341186155526e-03
4.227083333333332860e+01,-5.200850036077234867e-03
4.229166666666666430e+01,7.010337496881571644e-03
4.231250000000000000e+01,1.702843008244758066e-02
4.233333333333332860e+01,1.370120365360284233e-02
4.235416666666666430e+01,9.864635986640394455e-03
4.237500000000000000e+01,1.529118050785826556e-02
4.239583333333332860e+01,1.670065933542354275e-02
4.241666666666666430e+01,4.296604798943177983e-03
4.243750000000000000e+01,-5.763741645213480043e-03
4.245833333333332860e+01,-2.885896603538617294e-03
4.247916666666666430e+01,-3.371061860379085968e-03
4.250000000000000000e+01,-1.068957782825030907e-02
4.252083333333332860e+01,-1.101298591276528988e-02
4.254166666666666430e+01,-3.969783404916852818e-03
4.256250000000000000e+01,-4.180679060524369883e-03
4.258333333333332860e+01,-9.885533014160211365e-03
4.260416666666666430e+01,-7.616111883400902838e-03
4.262500000000000000e+01,-3.694329536768390255e-03
4.264583333333332860e+01,-1.049837980844793572e-02
4.266666666666666430e+01,-1.418914402739915488e-02
4.268750000000000000e+01,-4.034658356262551572e-03
4.270833333333332860e+01,3.938358731145685104e-03
4.272916666666666430e+01,-1.233597403314929753e-03
4.275000000000000000e+01,-3.388653546643393463e-03
4.277083333333332860e+01,7.580513548467027532e-03
4.279166666666666430e+01,1.559776313939662332e-02
4.281250000000000000e+01,1.053765722130774705e-02
4.283333333333332860e+01,7.926289985534674259e-03
4.285416666666666430e+01,1.272472343718284403e-02
4.287500000000000000e+01,1.079000961533741441e-02
4.289583333333332860e+01,1.618447912422914855e-03
4.291666666666666430e+01,-1.112186858205963793e-03
4.293750000000000000e+01,4.741482246494089885e-03
4.295833333333332860e+01,4.286990989165966222e-03
4.297916666666666430e+01,-6.497398924757905384e-03
4.300000000000000000e+01,-1.276445304279359184e-02
4.302083333333332860e+01,-6.141525691295569508e-03
4.304166666666666430e+01,-2.744278296320765836e-03
4.306250000000000000e+01,-1.368559926209008196e-02
4.308333333333332860e+01,-2.246615740187257737e-02
4.310416666666666430e+01,-1.810727826569433901e-02
4.312500000000000000e+01,-1.368295168958304220e-02
4.314583333333332860e+01,-1.928994014802157958e-02
4.316666666666666430e+01,-2.065577365823078465e-02
4.318750000000000000e+01,-8.328624999265276177e-03
4.320833333333332860e+01,1.863465359388218100e-03
4.322916666666666430e+01,-8.430351780438892105e-04
4.325000000000000000e+01,-1.301608946667136930e-04
4.327083333333332860e+01,1.191304101351316549e-02
4.329166666666666430e+01,1.935618331051847801e-02
4.331250000000000000e+01,1.308047043900422389e-02
4.333333333333332860e+01,9.748459670172369973e-03
4.335416666666666430e+01,1.926154555372533092e-02
4.337500000000000000e+01,2.545480075362626174e-02
4.339583333333332860e+01,1.792042465523391651e-02
4.341666666666666430e+01,1.243405929205546219e-02
4.343750000000000000e+01,1.951396933032675460e-02
4.345833333333332860e+01,2.374078501066794605e-02
4.347916666666666430e+01,1.446656462657892883e-02
4.350000000000000000e+01,7.113579562486974615e-03
4.352083333333332860e+01,1.277757133392513206e-02
4.354166666666666430e+01,1.536453860561042516e-02
4.356250000000000000e+01,4.260638625118369147e-03
4.358333333333332860e+01,-4.508597869101485696e-03
4.360416666666666430e+01,5.703940920842537430e-04
4.362500000000000000e+01,3.052777017043299072e-03
4.364583333333332860e+01,-7.615541653952673240e-03
4.366666666666666430e+01,-1.520975860501884783e-02
4.368750000000000000e+01,-9.280473888801701529e-03
4.370833333333332860e+01,-5.972948410827120212e-03
4.372916666666666430e+01,-1.571451501270434634e-02
4.375000000000000000e+01,-2.212347524018131242e-02
4.377083333333332860e+01,-1.462562171937408471e-02
4.379166666666666430e+01,-9.164905532480645614e-03
4.381250000000000000e+01,-1.672264005795523131e-02
4.383333333333332860e+01,-2.117112871568779808e-02
4.385416666666666430e+01,-1.188279637411772220e-02
4.387500000000000000e+01,-4.715896447859366583e-03
4.389583333333332860e+01,-1.116331033276104709e-02
4.391666666666666430e+01,-1.496855856326221625e-02
4.393750000000000000e+01,-4.100798693885300029e-03
4.395833333333332860e+01,4.735021495208450483e-03
4.397916666666666430e+01,1.072827582850004175e-04
4.400000000000000000e+01,-1.723948449759713734e-03
4.402083333333332860e+01,5.511932361925047860e-03
4.404166666666666430e+01,6.180852313393968463e-03
4.406250000000000000e+01,-5.478332186739912416e-03
4.408333333333332860e+01,-1.344425213827253433e-02
4.410416666666666430e+01,-7.862354031784002731e-03
4.412500000000000000e+01,-5.722859345466024990e-03
4.414583333333332860e+01,-1.438501423803219964e-02
4.416666666666666430e+01,-1.847498816131663835e-02
4.418750000000000000e+01,-9.759088972584538044e-03
4.420833333333332860e+01,-4.363241861201377046e-03
4.422916666666666430e+01,-1.310711062066987655e-02
4.425000000000000000e+01,-1.943441120064951302e-02
4.427083333333332860e+01,-1.269574691786863607e-02
4.429166666666666430e+01,-8.760304919621991412e-03
4.431250000000000000e+01,-1.357761414616690844e-02
4.433333333333332860e+01,-1.210518847204902076e-02
4.435416666666666430e+01,1.662140455508121233e-04
4.437500000000000000e+01,8.279426909974095528e-03
4.439583333333332860e+01,3.273886428326826855e-03
4.441666666666666430e+01,1.055489717212861750e-03
4.443750000000000000e+01,1.301388739903989837e-02
4.445833333333332860e+01,2.270713510693124840e-02
4.447916666666666430e+01,1.926687540165241894e-02
4.450000000000000000e+01,1.378087915716110466e-02
4.452083333333332860e+01,1.904868463104717954e-02
4.454166666666666430e+01,2.190588846815134938e-02
4.456250000000000000e+01,1.174243668523511017e-02
4.458333333333332860e+01,4.211599588977085751e-03
4.460416666666666430e+01,1.019100493991454207e-02
4.462500000000000000e+01,1.306971345311800509e-02
4.464583333333332860e+01,2.106682584267592119e-03
4.466666666666666430e+01,-6.587509849425791063e-03
4.468750000000000000e+01,-2.143117979626925958e-03
4.470833333333332860e+01,-1.029631294574113402e-03
4.472916666666666430e+01,-1.317033063645734088e-02
4.475000000000000000e+01,-2.236616441193298166e-02
4.477083333333332860e+01,-1.851802091964104349e-02
4.479166666666666430e+01,-1.501229846215454584e-02
4.481250000000000000e+01,-2.061857184372569221e-02
4.483333333333332860e+01,-2.145749849750391847e-02
4.485416666666666430e+01,-8.856796610448438439e-03
4.487500000000000000e+01,1.252286512259358437e-03
4.489583333333332860e+01,-2.029414073840982158e-03
4.491666666666666430e+01,-2.072036889947328694e-03
4.493750000000000000e+01,6.077968502551483500e-03
4.495833333333332860e+01,8.187055340294607103e-03
4.497916666666666430e+01,-1.556293870130973393e-03
4.500000000000000000e+01,-7.484791793158493932e-03
4.502083333333332860e+01,8.356325549544212821e-04
4.504166666666666430e+01,6.875545049417956973e-03
4.506250000000000000e+01,-2.309452905674996457e-04
4.508333333333332860e+01,-4.472004841682544751e-03
4.510416666666666430e+01,5.202723280233109530e-03
4.512500000000000000e+01,1.192838883575341943e-02
4.514583333333332860e+01,4.921571775768992900e-03
4.516666666666666430e+01,1.335344089461515317e-04
4.518750000000000000e+01,8.529288615543171442e-03
4.520833333333332860e+01,1.380523758403091189e-02
4.522916666666666430e+01,4.832223981952044924e-03
4.525000000000000000e+01,-2.097248607117008917e-03
4.527083333333332860e+01,3.923541759321406107e-03
4.529166666666666430e+01,6.778218014708055003e-03
4.531250000000000000e+01,-4.559078506022122036e-03
4.533333333333332860e+01,-1.345204530896540983e-02
4.535416666666666430e+01,-9.232910890994474803e-03
4.537500000000000000e+01,-2.461158257639629431e-03
4.539583333333332860e+01,-5.166674177126288903e-03
4.541666666666666430e+01,-4.562552107329135263e-03
4.543750000000000000e+01,7.477724176414681304e-03
4.545833333333332860e+01,1.539278369571733286e-02
4.547916666666666430e+01,9.816005622934642280e-03
4.550000000000000000e+01,7.862177150732905032e-03
4.552083333333332860e+01,1.784756109893926787e-02
4.554166666666666430e+01,2.329168322623563145e-02
4.556250000000000000e+01,1.519953391911684978e-02
4.558333333333332860e+01,1.026058969100593181e-02
4.560416666666666430e+01,1.795450487369837020e-02
4.562500000000000000e+01,2.220539009393906332e-02
4.564583333333332860e+01,1.291371423304187548e-02
4.566666666666666430e+01,5.405545898917935195e-03
4.568750000000000000e+01,1.029373252662091169e-02
4.570833333333332860e+01,1.266323768843061713e-02
4.572916666666666430e+01,1.745156683000263212e-03
4.575000000000000000e+01,-7.320265765952783249e-03
4.577083333333332860e+01,-3.332448585206729003e-03
4.579166666666666430e+01,-2.342464230042477953e-03
4.581250000000000000e+01,-1.161277957047626708e-02
4.583333333333332860e+01,-1.622290605776044795e-02
4.585416666666666430e+01,-6.897837580414319450e-03
4.587500000000000000e+01,-5.792658107931908238e-05
4.589583333333332860e+01,-6.368105628692807656e-03
4.591666666666666430e+01,-9.546145631124901276e-03
4.593750000000000000e+01,1.233324782986813242e-03
4.595833333333332860e+01,9.952756155048425590e-03
4.597916666666666430e+01,1.532443086383685274e-02
4.600000000000000000e+01,2.866890991927157489e-02
4.602083333333332860e+01,3.847533200188092695e-02
4.604166666666666430e+01,3.415705941282766445e-02
4.606250000000000000e+01,3.209773648585670380e-02
4.608333333333332860e+01,4.318082856652720458e-02
4.610416666666666430e+01,5.063710253027389752e-02
4.612500000000000000e+01,4.365720477546342071e-02
4.614583333333332860e+01,3.900344271099063370e-02
4.616666666666666430e+01,4.777983394871863215e-02
4.618750000000000000e+01,5.293938441579172649e-02
4.620833333333332860e+01,4.381725202780929751e-02
4.622916666666666430e+01,3.746784560698121491e-02
4.625000000000000000e+01,4.313900304127549906e-02
4.627083333333332860e+01,4.413515220679244816e-02
4.629166666666666430e+01,3.185818596826153759e-02
4.631250000000000000e+01,2.281494032550026793e-02
4.633333333333332860e+01,2.756966551926569656e-02
4.635416666666666430e+01,2.938282915276286753e-02
4.637500000000000000e+01,1.806864156301240393e-02
4.639583333333332860e+01,9.770565452070060358e-03
4.641666666666666430e+01,1.403843573914959238e-02
4.643750000000000000e+01,1.473771652415948805e-02
4.645833333333332860e+01,2.254579144095760976e-03
4.647916666666666430e+01,-7.286460280488797799e-03
4.650000000000000000e+01,-2.735370954619748256e-03
4.652083333333332860e+01,-4.990640197141828866e-04
4.654166666666666430e+01,-1.120842830995539760e-02
4.656250000000000000e+01,-1.858869145135962422e-02
4.658333333333332860e+01,-1.188357744024633872e-02
4.660416666666666430e+01,-7.271197812553680667e-03
4.662500000000000000e+01,-1.579942435101398465e-02
4.664583333333332860e+01,-2.095588978036122194e-02
4.666666666666666430e+01,-1.224819587821280621e-02
4.668750000000000000e+01,-5.904347169524357120e-03
4.670833333333332860e+01,-1.325471313718077325e-02
4.672916666666666430e+01,-1.788617167241058140e-02
4.675000000000000000e+01,-9.237739847476871685e-03
4.677083333333332860e+01,-3.445371816215830191e-03
4.679166666666666430e+01,-1.176374475474084233e-02
4.681250000000000000e+01,-1.776259025461965693e-02
4.683333333333332860e+01,-1.051567763764246072e-02
4.685416666666666430e+01,-6.511087734442075337e-03
4.687500000000000000e+01,-1.394546532207316565e-02
4.689583333333332860e+01,-1.741411881951818522e-02
4.691666666666666430e+01,-7.683465853937735193e-03
4.693750000000000000e+01,-1.330600354813914069e-03
4.695833333333332860e+01,-8.887660443521114284e-03
4.697916666666666430e+01,-1.412124424571587281e-02
4.700000000000000000e+01,-5.659990081065907619e-03
4.702083333333332860e+01,1.204502402597533634e-04
4.704166666666666430e+01,-6.966688034292184070e-03
4.706250000000000000e+01,-1.085937870812336663e-02
4.708333333333332860e+01,-5.818384969444458750e-04
4.710416666666666430e+01,7.479640166927026095e-03
4.712500000000000000e+01,2.460069709994371079e-03
4.714583333333332860e+01,9.743823407427536568e-04
4.716666666666666430e+01,1.364293697408641530e-02
4.718750000000000000e+01,2.415667679141655921e-02
4.720833333333332860e+01,2.146883611536938574e-02
4.722916666666666430e+01,1.838904364350952766e-02
4.725000000000000000e+01,2.426928425799968619e-02
4.727083333333332860e+01,2.617634088407007342e-02
4.729166666666666430e+01,1.475929222244290115e-02
4.731250000000000000e+01,6.611637760910771960e-03
4.733333333333332860e+01,1.323681389867930464e-02
4.735416666666666430e+01,1.747131888907525049e-02
4.737500000000000000e+01,1.089977569897474831e-02
4.739583333333332860e+01,9.000892528422434202e-03
4.741666666666666430e+01,2.099718085358323605e-02
4.743750000000000000e+01,3.057029905406716958e-02
4.745833333333332860e+01,2.672282573807315334e-02
4.747916666666666430e+01,2.468004662823680348e-02
4.750000000000000000e+01,2.892216561112915391e-02
4.752083333333332860e+01,2.645142848468321276e-02
4.754166666666666430e+01,1.749465779614694377e-02
4.756250000000000000e+01,1.594915307346927991e-02
4.758333333333332860e+01,1.823839499081971252e-02
4.760416666666666430e+01,1.122451355524101135e-02
4.762500000000000000e+01,6.878135485167275777e-03
4.764583333333332860e+01,1.362580566676225256e-02
4.766666666666666430e+01,1.627174888374749093e-02
4.768750000000000000e+01,5.299500230032285278e-03
4.770833333333332860e+01,-2.925350217449681264e-03
4.772916666666666430e+01,2.084110723049279867e-03
4.775000000000000000e+01,4.024017494294405278e-03
4.777083333333332860e+01,-8.203498685701294396e-03
4.779166666666666430e+01,-1.845269371811095183e-02
4.781250000000000000e+01,-1.572925049229517355e-02
4.783333333333332860e+01,-1.292091274937139968e-02
4.785416666666666430e+01,-1.881857229873119125e-02
4.787500000000000000e+01,-2.063240183261155769e-02
4.789583333333332860e+01,-9.152874810949979123e-03
4.791666666666666430e+01,-6.762115331263397538e-04
4.793750000000000000e+01,-5.924837888489355511e-03
4.795833333333332860e+01,-8.676524806790968797e-03
4.797916666666666430e+01,2.625124809975453843e-03
4.800000000000000000e+01,1.151982750766573915e-02
4.802083333333332860e+01,7.296525736813899710e-03
4.804166666666666430e+01,6.025679593654095431e-03
4.806250000000000000e+01,1.794118376561934861e-02
4.808333333333332860e+01,2.765308897685934270e-02
4.810416666666666430e+01,2.459497887441765632e-02
4.812500000000000000e+01,2.020392713725640069e-02
4.814583333333332860e+01,2.540710973325530433e-02
4.816666666666666430e+01,2.766157101909981139e-02
4.818750000000000000e+01,1.637986092217395481e-02
4.820833333333332860e+01,7.852332023123794608e-03
4.822916666666666430e+01,1.292094154549150095e-02
4.825000000000000000e+01,1.523223990407269329e-02
4.827083333333332860e+01,3.485504641012915437e-03
4.829166666666666430e+01,-6.010298377268000550e-03
4.831250000000000000e+01,-2.527830719806915469e-03
4.833333333333332860e+01,-2.503024404366096991e-03
4.835416666666666430e+01,-1.049158587601491631e-02
4.837500000000000000e+01,-1.242509324887602559e-02
4.839583333333332860e+01,-2.497222160398716775e-03
4.841666666666666430e+01,3.374949787070080469e-03
4.843750000000000000e+01,-5.037321114916641293e-03
4.845833333333332860e+01,-1.116288123893971647e-02
4.847916666666666430e+01,-4.240612350405662326e-03
4.850000000000000000e+01,-5.056469885590387766e-04
4.852083333333332860e+01,-1.100210384774617106e-02
4.854166666666666430e+01,-1.910631693644778903e-02
4.856250000000000000e+01,-1.395447360930777460e-02
4.858333333333332860e+01,-1.002143270021656381e-02
4.860416666666666430e+01,-1.508196617760823761e-02
4.862500000000000000e+01,-1.448125564480656768e-02
4.864583333333332860e+01,-1.141592189052760076e-03
4.866666666666666430e+01,9.061966098259923927e-03
4.868750000000000000e+01,6.106532579561445295e-03
4.870833333333332860e+01,6.536315738237773870e-03
