0.000000000000000000e+00,1.310173480639732588e+04
2.083333333333333218e-02,1.330966910027036283e+04
4.166666666666666435e-02,1.411071949369942013e+04
6.250000000000000000e-02,1.444379741041843226e+04
8.333333333333332871e-02,1.403961637841370612e+04
1.041666666666666574e-01,1.404526460639103971e+04
1.250000000000000000e-01,1.503406407374044647e+04
1.458333333333333148e-01,1.466721306449276017e+04
1.666666666666666574e-01,1.339985047038055563e+04
1.875000000000000000e-01,1.412277151014421543e+04
2.083333333333333148e-01,1.537493036435469912e+04
2.291666666666666574e-01,1.469857337118358555e+04
2.500000000000000000e-01,1.331039226481345395e+04
2.708333333333333148e-01,1.473154873233467879e+04
2.916666666666666297e-01,1.567587233097891294e+04
3.125000000000000000e-01,1.395548811793957429e+04
3.333333333333333148e-01,1.333922672932301430e+04
3.541666666666666297e-01,1.521548778380069416e+04
3.750000000000000000e-01,1.530677878234420496e+04
3.958333333333333148e-01,1.333854550047199155e+04
4.166666666666666297e-01,1.360759113005423933e+04
4.375000000000000000e-01,1.549209638252218429e+04
4.583333333333333148e-01,1.514569240462805828e+04
4.791666666666666297e-01,1.348530997968058364e+04
5.000000000000000000e-01,1.397859999321950454e+04
5.208333333333332593e-01,1.522507699133168717e+04
5.416666666666666297e-01,1.505840556954614294e+04
5.625000000000000000e-01,1.376059925575964007e+04
5.833333333333332593e-01,1.378327356545062867e+04
6.041666666666666297e-01,1.461036259212033110e+04
6.250000000000000000e-01,1.576128067504057253e+04
6.458333333333332593e-01,1.482601410227445740e+04
6.666666666666666297e-01,1.372190823514938165e+04
6.875000000000000000e-01,1.459498104708112078e+04
7.083333333333332593e-01,1.582310728102110079e+04
7.291666666666666297e-01,1.399829096781585758e+04
7.500000000000000000e-01,1.333953169375071229e+04
7.708333333333332593e-01,1.515580086678139924e+04
7.916666666666666297e-01,1.520480040346122769e+04
8.125000000000000000e-01,1.371991854624361804e+04
8.333333333333332593e-01,1.463094338499441074e+04
8.541666666666666297e-01,1.491325848951569424e+04
8.750000000000000000e-01,1.378560088700599954e+04
8.958333333333332593e-01,1.460407772110158839e+04
9.166666666666666297e-01,1.530964630861559272e+04
9.375000000000000000e-01,1.388066153454326559e+04
9.583333333333332593e-01,1.394478267695515024e+04
9.791666666666666297e-01,1.508098831994933062e+04
1.000000000000000000e+00,1.459197350798157277e+04
1.020833333333333259e+00,1.333015850110238898e+04
1.041666666666666519e+00,1.468767418505776368e+04
1.062500000000000000e+00,1.542943160274000911e+04
1.083333333333333259e+00,1.363685782387798463e+04
1.104166666666666519e+00,1.429298650718973295e+04
1.125000000000000000e+00,1.530354641199776961e+04
1.145833333333333259e+00,1.458771232504703221e+04
1.166666666666666519e+00,1.331458375445545244e+04
1.187500000000000000e+00,1.473212577303116996e+04
1.208333333333333259e+00,1.520162759109235776e+04
1.229166666666666519e+00,1.361843745100366868e+04
1.250000000000000000e+00,1.422693561249519917e+04
1.270833333333333259e+00,1.530244872747625050e+04
1.291666666666666519e+00,1.432714932518978458e+04
1.312500000000000000e+00,1.358155529593967731e+04
1.333333333333333259e+00,1.520359519629784700e+04
1.354166666666666519e+00,1.489050660063018586e+04
1.375000000000000000e+00,1.384883248769815691e+04
1.395833333333333259e+00,1.403833140806283336e+04
1.416666666666666519e+00,1.530273608629909722e+04
1.437500000000000000e+00,1.433399680505198921e+04
1.458333333333333259e+00,1.360767635065272043e+04
1.479166666666666519e+00,1.519084921544720055e+04
1.500000000000000000e+00,1.490088032569082134e+04
1.520833333333333259e+00,1.349407359512643961e+04
1.541666666666666519e+00,1.425303064323107174e+04
1.562500000000000000e+00,1.530091012533205139e+04
1.583333333333333259e+00,1.436751512604079835e+04
1.604166666666666519e+00,1.388278919819209841e+04
1.625000000000000000e+00,1.510081152025781194e+04
1.645833333333333259e+00,1.494408662752006421e+04
1.666666666666666519e+00,1.358118217594292582e+04
1.687500000000000000e+00,1.387016365320568002e+04
1.708333333333333259e+00,1.530074584191168833e+04
1.729166666666666519e+00,1.469502666705369120e+04
1.750000000000000000e+00,1.358481731637366465e+04
1.770833333333333259e+00,1.469811907911590970e+04
1.791666666666666519e+00,1.493689466977321354e+04
1.812500000000000000e+00,1.441125687459168694e+04
1.833333333333333259e+00,1.399245136215457751e+04
1.854166666666666519e+00,1.443980320482243769e+04
1.875000000000000000e+00,1.447444609487697380e+04
1.895833333333333259e+00,1.444305488106842313e+04
1.916666666666666519e+00,1.506439657219858782e+04
1.937500000000000000e+00,1.412606495567394450e+04
1.958333333333333259e+00,1.381771002228028374e+04
1.979166666666666519e+00,1.505196206639516822e+04
2.000000000000000000e+00,1.530083895810070680e+04
2.020833333333333037e+00,1.351168869249777708e+04
2.041666666666666519e+00,1.358579319492674404e+04
2.062500000000000000e+00,1.593069757818324797e+04
2.083333333333333037e+00,1.494762577741010682e+04
2.104166666666666519e+00,1.317052310833067168e+04
2.125000000000000000e+00,1.459403054689606506e+04
2.145833333333333037e+00,1.633553814914971008e+04
2.166666666666666519e+00,1.430192734404085786e+04
2.187500000000000000e+00,1.285221446667414784e+04
2.208333333333333037e+00,1.531276284235810454e+04
2.229166666666666519e+00,1.536285826310449556e+04
2.250000000000000000e+00,1.345218413468126892e+04
2.270833333333333037e+00,1.380509045002907442e+04
2.291666666666666519e+00,1.531429083608811925e+04
2.312500000000000000e+00,1.492179943395876035e+04
2.333333333333333037e+00,1.366326207548347884e+04
2.354166666666666519e+00,1.444331656731664771e+04
2.375000000000000000e+00,1.460290299036259967e+04
2.395833333333333037e+00,1.444619170001647581e+04
2.416666666666666519e+00,1.469164752856075575e+04
2.437500000000000000e+00,1.444711095248705533e+04
2.458333333333333037e+00,1.357971897685894874e+04
2.479166666666666519e+00,1.499148862803557131e+04
2.500000000000000000e+00,1.530340392721639728e+04
2.520833333333333037e+00,1.371438062437778353e+04
2.541666666666666519e+00,1.358334656969994830e+04
2.562500000000000000e+00,1.559767293783920468e+04
2.583333333333333037e+00,1.519079202054815323e+04
2.604166666666666519e+00,1.277629347385356959e+04
2.625000000000000000e+00,1.449252936927153132e+04
2.645833333333333037e+00,1.616113264330070888e+04
2.666666666666666519e+00,1.402470061166809683e+04
2.687500000000000000e+00,1.273329384424357340e+04
2.708333333333333037e+00,1.522039352080264871e+04
2.729166666666666519e+00,1.571976581954653739e+04
2.750000000000000000e+00,1.358038493493435817e+04
2.770833333333333037e+00,1.336028013249509968e+04
2.791666666666666519e+00,1.530210573927274527e+04
2.812500000000000000e+00,1.498948621030096911e+04
2.833333333333333037e+00,1.358485493947028590e+04
2.854166666666666519e+00,1.431148664659931092e+04
2.875000000000000000e+00,1.498575726148465037e+04
2.895833333333333037e+00,1.444358141208354573e+04
2.916666666666666519e+00,1.421081657215055748e+04
2.937500000000000000e+00,1.463314938489846827e+04
2.958333333333333037e+00,1.437613981076861091e+04
2.979166666666666519e+00,1.444546025521718184e+04
3.000000000000000000e+00,1.507066726654193917e+04
3.020833333333333037e+00,1.412163213004263525e+04
3.041666666666666519e+00,1.358236163551013669e+04
3.062500000000000000e+00,1.505031988151303813e+04
3.083333333333333037e+00,1.530142767194401677e+04
3.104166666666666519e+00,1.354916498941968166e+04
3.125000000000000000e+00,1.370767255664343247e+04
3.145833333333333037e+00,1.584082255834579701e+04
3.166666666666666519e+00,1.501472833733864536e+04
3.187500000000000000e+00,1.272315736238476165e+04
3.208333333333333037e+00,1.424265699806956400e+04
3.229166666666666519e+00,1.583447359422215231e+04
3.250000000000000000e+00,1.433172415645784713e+04
3.270833333333333037e+00,1.291893024128964316e+04
3.291666666666666519e+00,1.513915385004756899e+04
3.312500000000000000e+00,1.581018562945950907e+04
3.333333333333333037e+00,1.347626385640857188e+04
3.354166666666666519e+00,1.332543303036490761e+04
3.375000000000000000e+00,1.530226161968575980e+04
3.395833333333333037e+00,1.525396716566976829e+04
3.416666666666666519e+00,1.336921798997181395e+04
3.437500000000000000e+00,1.416714292501424643e+04
3.458333333333333037e+00,1.495366078905335962e+04
3.479166666666666519e+00,1.444491363669276689e+04
3.500000000000000000e+00,1.433357647972719860e+04
3.520833333333333037e+00,1.444359425847773309e+04
3.541666666666666519e+00,1.444065386814267185e+04
3.562500000000000000e+00,1.453458179930453480e+04
3.583333333333333037e+00,1.528547952699999223e+04
3.604166666666666519e+00,1.402029600238136845e+04
3.625000000000000000e+00,1.358317868662803085e+04
3.645833333333333037e+00,1.527858965767458722e+04
3.666666666666666519e+00,1.530292178186581441e+04
3.687500000000000000e+00,1.395773171925152928e+04
3.708333333333333037e+00,1.435750963404044160e+04
3.729166666666666519e+00,1.648554663042151515e+04
3.750000000000000000e+00,1.484974074786639540e+04
3.770833333333333037e+00,1.285448843672069415e+04
3.791666666666666519e+00,1.470908900379205443e+04
3.812500000000000000e+00,1.595936500568194242e+04
3.833333333333333037e+00,1.376549643493207623e+04
3.854166666666666519e+00,1.314904897777241786e+04
3.875000000000000000e+00,1.531697357697628831e+04
3.895833333333333037e+00,1.548389575351458188e+04
3.916666666666666519e+00,1.341938008492177687e+04
3.937500000000000000e+00,1.386021235921673360e+04
3.958333333333333037e+00,1.526743958727419158e+04
3.979166666666666519e+00,1.455909041202731896e+04
4.000000000000000000e+00,1.406242204810301700e+04
4.020833333333333037e+00,1.449761227090735338e+04
4.041666666666666075e+00,1.447722153067199906e+04
4.062500000000000000e+00,1.444594728425057474e+04
4.083333333333333037e+00,1.491734276117870468e+04
4.104166666666666075e+00,1.443518570934115633e+04
4.125000000000000000e+00,1.358439928647614579e+04
4.145833333333333037e+00,1.504956626018445604e+04
4.166666666666666075e+00,1.530810896372313800e+04
4.187500000000000000e+00,1.357351115714621847e+04
4.208333333333333037e+00,1.345387718957778998e+04
4.229166666666666075e+00,1.559030499534444243e+04
4.250000000000000000e+00,1.507524822521300666e+04
4.270833333333333037e+00,1.272725233781865609e+04
4.291666666666666075e+00,1.437189661419414915e+04
4.312500000000000000e+00,1.616603058826726920e+04
4.333333333333333037e+00,1.432713286472560139e+04
4.354166666666666075e+00,1.272853969278908698e+04
4.375000000000000000e+00,1.516628195855621379e+04
4.395833333333333037e+00,1.577088314852210169e+04
4.416666666666666075e+00,1.346158539623754768e+04
4.437500000000000000e+00,1.334937484242894789e+04
4.458333333333333037e+00,1.530367793668873492e+04
4.479166666666666075e+00,1.523005686242485899e+04
4.500000000000000000e+00,1.354978298543602432e+04
4.520833333333333037e+00,1.439359200503669490e+04
4.541666666666666075e+00,1.496232127584915725e+04
4.562500000000000000e+00,1.444384897256406475e+04
4.583333333333333037e+00,1.413502361895119611e+04
4.604166666666666075e+00,1.444715350453564679e+04
4.625000000000000000e+00,1.423136542340968663e+04
4.645833333333333037e+00,1.449378257997022592e+04
4.666666666666666075e+00,1.525007212067449291e+04
4.687500000000000000e+00,1.398652443036722616e+04
4.708333333333333037e+00,1.396199678746883001e+04
4.729166666666666075e+00,1.517315006874961909e+04
4.750000000000000000e+00,1.495454916300464174e+04
4.770833333333333037e+00,1.329075423535037407e+04
4.791666666666666075e+00,1.423417388351695990e+04
4.812500000000000000e+00,1.615751190349413446e+04
4.833333333333333037e+00,1.381654514477318298e+04
4.854166666666666075e+00,1.272827439041053003e+04
4.875000000000000000e+00,1.530108280273986747e+04
4.895833333333333037e+00,1.616252077931376698e+04
4.916666666666666075e+00,1.299104073637668989e+04
4.937500000000000000e+00,1.300271303711779547e+04
4.958333333333333037e+00,1.616085824307012081e+04
4.979166666666666075e+00,1.550452053240042369e+04
5.000000000000000000e+00,1.272714474450689886e+04
5.020833333333333037e+00,1.361154414612121400e+04
5.041666666666666075e+00,1.595085570273362100e+04
5.062500000000000000e+00,1.461164181716461826e+04
5.083333333333333037e+00,1.300639020909587271e+04
5.104166666666666075e+00,1.444269529517280898e+04
5.125000000000000000e+00,1.548705962698174335e+04
5.145833333333333037e+00,1.442115183703208822e+04
5.166666666666666075e+00,1.368109901444776187e+04
5.187500000000000000e+00,1.465206514047181918e+04
5.208333333333333037e+00,1.452453265965775063e+04
5.229166666666666075e+00,1.485272620766176988e+04
5.250000000000000000e+00,1.444219757688948448e+04
5.270833333333333037e+00,1.373469685715841479e+04
5.291666666666666075e+00,1.444631144378098543e+04
5.312500000000000000e+00,1.540118388932833841e+04
5.333333333333333037e+00,1.444636383171777925e+04
5.354166666666666075e+00,1.285822093030679389e+04
5.375000000000000000e+00,1.477585514987016359e+04
5.395833333333333037e+00,1.616168956204802089e+04
5.416666666666666075e+00,1.384365253732493511e+04
5.437500000000000000e+00,1.292080326263090319e+04
5.458333333333333037e+00,1.524354032339177138e+04
5.479166666666666075e+00,1.616590288278731168e+04
5.500000000000000000e+00,1.311594771628887975e+04
5.520833333333333037e+00,1.292329939320744234e+04
5.541666666666666075e+00,1.590303313634927326e+04
5.562500000000000000e+00,1.550179568530059623e+04
5.583333333333333037e+00,1.272814789552566072e+04
5.604166666666666075e+00,1.356652265402720877e+04
5.625000000000000000e+00,1.616527800226525505e+04
5.645833333333333037e+00,1.477700335886362518e+04
5.666666666666666075e+00,1.292036670880479869e+04
5.687500000000000000e+00,1.444106925062977461e+04
5.708333333333333037e+00,1.557988556304536905e+04
5.729166666666666075e+00,1.444405747670519486e+04
5.750000000000000000e+00,1.347568696114878185e+04
5.770833333333333037e+00,1.444338067746301749e+04
5.791666666666666075e+00,1.492026057040025989e+04
5.812500000000000000e+00,1.457124171219637719e+04
5.833333333333333037e+00,1.444090554575372516e+04
5.854166666666666075e+00,1.381382228458429381e+04
5.875000000000000000e+00,1.444430243896628963e+04
5.895833333333333037e+00,1.529271555285698923e+04
5.916666666666666075e+00,1.444533491645663889e+04
5.937500000000000000e+00,1.357545792980278202e+04
5.958333333333333037e+00,1.471857794042794922e+04
5.979166666666666075e+00,1.599213635491436071e+04
6.000000000000000000e+00,1.376469062108770231e+04
6.020833333333333037e+00,1.272793681299046148e+04
6.041666666666666075e+00,1.539015976820853757e+04
6.062500000000000000e+00,1.601519786561810906e+04
6.083333333333333037e+00,1.286380490761323745e+04
6.104166666666666075e+00,1.308313192463534506e+04
6.125000000000000000e+00,1.616091694417266262e+04
6.145833333333333037e+00,1.508684505238725251e+04
6.166666666666666075e+00,1.272707196002837372e+04
6.187500000000000000e+00,1.411152977971451764e+04
6.208333333333333037e+00,1.614665278880629194e+04
6.229166666666666075e+00,1.350014433677932539e+04
6.250000000000000000e+00,1.316201097638671126e+04
6.270833333333333037e+00,1.573543108620380735e+04
6.291666666666666075e+00,1.544921917846606448e+04
6.312500000000000000e+00,1.277830403554853183e+04
6.333333333333333037e+00,1.393946170444708332e+04
6.354166666666666075e+00,1.615296783251063607e+04
6.375000000000000000e+00,1.450949555652508207e+04
6.395833333333333037e+00,1.313173781619691727e+04
6.416666666666666075e+00,1.444059014467992165e+04
6.437500000000000000e+00,1.548208244186100637e+04
6.458333333333333037e+00,1.439958709045326759e+04
6.479166666666666075e+00,1.365363292923439440e+04
6.500000000000000000e+00,1.444314975967010832e+04
6.520833333333333037e+00,1.414881543143800809e+04
6.541666666666666075e+00,1.486881909760196140e+04
6.562500000000000000e+00,1.461291510307764111e+04
6.583333333333333037e+00,1.407998662631018306e+04
6.604166666666666075e+00,1.445951119053594812e+04
6.625000000000000000e+00,1.522620031265529542e+04
6.645833333333333037e+00,1.485921903970632775e+04
6.666666666666666075e+00,1.333618983220534574e+04
6.687500000000000000e+00,1.490854768874726506e+04
6.708333333333333037e+00,1.523761654426366658e+04
6.729166666666666075e+00,1.392617976568029917e+04
6.750000000000000000e+00,1.359347821882569770e+04
6.770833333333333037e+00,1.532740452767990064e+04
6.791666666666666075e+00,1.500743253064644523e+04
6.812500000000000000e+00,1.358848995814274895e+04
6.833333333333333037e+00,1.460504134628464089e+04
6.854166666666666075e+00,1.531160640559235617e+04
6.875000000000000000e+00,1.380921211507381304e+04
6.895833333333333037e+00,1.369143131273119070e+04
6.916666666666666075e+00,1.572177175568788880e+04
6.937500000000000000e+00,1.463508770581605131e+04
6.958333333333333037e+00,1.273287996196050517e+04
6.979166666666666075e+00,1.446708251973204096e+04
7.000000000000000000e+00,1.616605788350102375e+04
7.020833333333333037e+00,1.392859829362015807e+04
7.041666666666666075e+00,1.298019400583294555e+04
7.062500000000000000e+00,1.530270564477310836e+04
7.083333333333333037e+00,1.543938111243386447e+04
7.104166666666666075e+00,1.328115611743640693e+04
7.125000000000000000e+00,1.368828415412835238e+04
7.145833333333333037e+00,1.550791971611532790e+04
7.166666666666666075e+00,1.460199305764880046e+04
7.187500000000000000e+00,1.399048706656676222e+04
7.208333333333333037e+00,1.444347709160043814e+04
7.229166666666666075e+00,1.456643616551710875e+04
7.250000000000000000e+00,1.444612600407213904e+04
7.270833333333333037e+00,1.473501804043822995e+04
7.291666666666666075e+00,1.439818041845610423e+04
7.312500000000000000e+00,1.358119037372977982e+04
7.333333333333333037e+00,1.499723213120333821e+04
7.354166666666666075e+00,1.530508705442832797e+04
7.375000000000000000e+00,1.370758576642584012e+04
7.395833333333333037e+00,1.358599724650548160e+04
7.416666666666666075e+00,1.562698981839038970e+04
7.437500000000000000e+00,1.517448516821341764e+04
7.458333333333333037e+00,1.272618118545287507e+04
7.479166666666666075e+00,1.451018864355020560e+04
7.500000000000000000e+00,1.616483785155845544e+04
7.520833333333333037e+00,1.410932692818244686e+04
7.541666666666666075e+00,1.275824808791832402e+04
7.562500000000000000e+00,1.523993765946807980e+04
7.583333333333333037e+00,1.556274811545608827e+04
7.604166666666666075e+00,1.358536004695996235e+04
7.625000000000000000e+00,1.343275394874527046e+04
7.645833333333333037e+00,1.530487130950144274e+04
7.666666666666666075e+00,1.508849612884791713e+04
7.687500000000000000e+00,1.332523827239827733e+04
7.708333333333333037e+00,1.439362621459625370e+04
7.729166666666666075e+00,1.493993372124230154e+04
7.750000000000000000e+00,1.444577926319807011e+04
7.770833333333333037e+00,1.437925498402998346e+04
7.791666666666666075e+00,1.455494167859435765e+04
7.812500000000000000e+00,1.407149798365010429e+04
7.833333333333333037e+00,1.460434409187734491e+04
7.854166666666666075e+00,1.530121094488934614e+04
7.875000000000000000e+00,1.381940828119366051e+04
7.895833333333333037e+00,1.384070316995577741e+04
7.916666666666666075e+00,1.534927029338306602e+04
7.937500000000000000e+00,1.530525173985713627e+04
7.958333333333333037e+00,1.298328344864448081e+04
7.979166666666666075e+00,1.345651904672296587e+04
8.000000000000000000e+00,1.505580222949845484e+04
8.020833333333332149e+00,1.461548219440759203e+04
8.041666666666666075e+00,1.349983074129628585e+04
8.062500000000000000e+00,1.442048535074370375e+04
8.083333333333332149e+00,1.556241270389880083e+04
8.104166666666666075e+00,1.384915531645628653e+04
8.125000000000000000e+00,1.387409906275475805e+04
8.145833333333332149e+00,1.529689520003100188e+04
8.166666666666666075e+00,1.469731709719622086e+04
8.187500000000000000e+00,1.358937825469105155e+04
8.208333333333332149e+00,1.483888216998697681e+04
8.229166666666666075e+00,1.530647629957812751e+04
8.250000000000000000e+00,1.354812064737075343e+04
8.270833333333332149e+00,1.382166330932813798e+04
8.291666666666666075e+00,1.572753593706646643e+04
8.312500000000000000e+00,1.475868802126630544e+04
8.333333333333332149e+00,1.272784337261112523e+04
8.354166666666666075e+00,1.434576788647522335e+04
8.375000000000000000e+00,1.616301944877514688e+04
8.395833333333332149e+00,1.412695966947792840e+04
8.416666666666666075e+00,1.282792311674368466e+04
8.437500000000000000e+00,1.529986117910690155e+04
8.458333333333332149e+00,1.533064743599790745e+04
8.479166666666666075e+00,1.358394916484852365e+04
8.500000000000000000e+00,1.369129414005191211e+04
8.520833333333332149e+00,1.530493189995092325e+04
8.541666666666666075e+00,1.476508371478044137e+04
8.562500000000000000e+00,1.362484910056267836e+04
8.583333333333332149e+00,1.471056829508729788e+04
8.604166666666666075e+00,1.469744388905778760e+04
8.625000000000000000e+00,1.444506311697159617e+04
8.645833333333332149e+00,1.447190864095349752e+04
8.666666666666666075e+00,1.444585007947546910e+04
8.687500000000000000e+00,1.397101537658620873e+04
8.708333333333332149e+00,1.473387435697893306e+04
8.729166666666666075e+00,1.530157565480059566e+04
8.750000000000000000e+00,1.379229738978492242e+04
8.770833333333332149e+00,1.381735758503166653e+04
8.791666666666666075e+00,1.522765381104238259e+04
8.812500000000000000e+00,1.530494467584370068e+04
8.833333333333332149e+00,1.300303416500734602e+04
8.854166666666666075e+00,1.385241240013148490e+04
8.875000000000000000e+00,1.616087001788054476e+04
8.895833333333332149e+00,1.468554853138637191e+04
8.916666666666666075e+00,1.272266222697830017e+04
8.937500000000000000e+00,1.433512522159378204e+04
8.958333333333332149e+00,1.597493742429334452e+04
8.979166666666666075e+00,1.354014921276952737e+04
9.000000000000000000e+00,1.305272814304094209e+04
9.020833333333332149e+00,1.547933147303911755e+04
9.041666666666666075e+00,1.549067693551631237e+04
9.062500000000000000e+00,1.358811447357289217e+04
9.083333333333332149e+00,1.399147182997997152e+04
9.104166666666666075e+00,1.530587994625680585e+04
9.125000000000000000e+00,1.466287450670437829e+04
9.145833333333332149e+00,1.363412976379406246e+04
9.166666666666666075e+00,1.444377518365146898e+04
9.187500000000000000e+00,1.481332603713909339e+04
9.208333333333332149e+00,1.444690581463747367e+04
9.229166666666666075e+00,1.448589796438315534e+04
9.250000000000000000e+00,1.444592841588716328e+04
9.270833333333332149e+00,1.388618554348139151e+04
9.291666666666666075e+00,1.476425406143042346e+04
9.312500000000000000e+00,1.530127642683839076e+04
9.333333333333332149e+00,1.393923863154763603e+04
9.354166666666666075e+00,1.366762033691298348e+04
9.375000000000000000e+00,1.585801411737184753e+04
9.395833333333332149e+00,1.545185151494899401e+04
9.416666666666666075e+00,1.288035656554855086e+04
9.437500000000000000e+00,1.419989230442903499e+04
9.458333333333332149e+00,1.621404029936068400e+04
9.479166666666666075e+00,1.455996788694501811e+04
9.500000000000000000e+00,1.274815541744316943e+04
9.520833333333332149e+00,1.478052009977587295e+04
9.541666666666666075e+00,1.546148114374911165e+04
9.562500000000000000e+00,1.358180675589210296e+04
9.583333333333332149e+00,1.381992287768218011e+04
9.604166666666666075e+00,1.530852276563015403e+04
9.625000000000000000e+00,1.454229382315708790e+04
9.645833333333332149e+00,1.368356134112161453e+04
9.666666666666666075e+00,1.515989320370532369e+04
9.687500000000000000e+00,1.493865944412984754e+04
9.708333333333332149e+00,1.357642705781278346e+04
9.729166666666666075e+00,1.384552096084405275e+04
9.750000000000000000e+00,1.530544426218973604e+04
9.770833333333332149e+00,1.490002959332043611e+04
9.791666666666666075e+00,1.359042674044994419e+04
9.812500000000000000e+00,1.444774325787851558e+04
9.833333333333332149e+00,1.504095030394582136e+04
9.854166666666666075e+00,1.444488225089503976e+04
9.875000000000000000e+00,1.420659730465901885e+04
9.895833333333332149e+00,1.444549257513436896e+04
9.916666666666666075e+00,1.468304040096653262e+04
9.937500000000000000e+00,1.444635429131463388e+04
9.958333333333332149e+00,1.492654474189583198e+04
9.979166666666666075e+00,1.413200617228731790e+04
1.000000000000000000e+01,1.358457110608263247e+04
1.002083333333333215e+01,1.504370105616803994e+04
1.004166666666666607e+01,1.530217294305153337e+04
1.006250000000000000e+01,1.355246561321410991e+04
1.008333333333333215e+01,1.387599589831154299e+04
1.010416666666666607e+01,1.580645089862913665e+04
1.012500000000000000e+01,1.492497569877184651e+04
1.014583333333333215e+01,1.272715053083318708e+04
1.016666666666666607e+01,1.416920350392290129e+04
1.018750000000000000e+01,1.630813338143646979e+04
1.020833333333333215e+01,1.440687328410771443e+04
1.022916666666666607e+01,1.280069262799147327e+04
1.025000000000000000e+01,1.519144420827658541e+04
1.027083333333333215e+01,1.517520211937245404e+04
1.029166666666666607e+01,1.346046234645765799e+04
1.031250000000000000e+01,1.403384736482864901e+04
1.033333333333333215e+01,1.531619151822322601e+04
1.035416666666666607e+01,1.405410290481153788e+04
1.037500000000000000e+01,1.415702436540785493e+04
1.039583333333333215e+01,1.530951094223661858e+04
1.041666666666666607e+01,1.447641313511776025e+04
1.043750000000000000e+01,1.358931050827481158e+04
1.045833333333333215e+01,1.461952656030464277e+04
1.047916666666666607e+01,1.530833556397418215e+04
1.050000000000000000e+01,1.391083593395967546e+04
1.052083333333333215e+01,1.388787973781184701e+04
1.054166666666666607e+01,1.531132080044623217e+04
1.056250000000000000e+01,1.465248058694374777e+04
1.058333333333333215e+01,1.358472309322255751e+04
1.060416666666666607e+01,1.463969530978027979e+04
1.062500000000000000e+01,1.537067007490307151e+04
1.064583333333333215e+01,1.361736943976477778e+04
1.066666666666666607e+01,1.442579540624408401e+04
1.068750000000000000e+01,1.530495009629996275e+04
1.070833333333333215e+01,1.435839297957070448e+04
1.072916666666666607e+01,1.358983830743005456e+04
1.075000000000000000e+01,1.481107156715953897e+04
1.077083333333333215e+01,1.530591107034418746e+04
1.079166666666666607e+01,1.362040557217475725e+04
1.081250000000000000e+01,1.401593966157076284e+04
1.083333333333333215e+01,1.511781390232295962e+04
1.085416666666666607e+01,1.454256798965042253e+04
1.087500000000000000e+01,1.365235989997834258e+04
1.089583333333333215e+01,1.483853039155616352e+04
1.091666666666666607e+01,1.515810174935799660e+04
1.093750000000000000e+01,1.349425315273438173e+04
1.095833333333333215e+01,1.392221997110628581e+04
1.097916666666666607e+01,1.534895375328509908e+04
1.100000000000000000e+01,1.492882458498855340e+04
1.102083333333333215e+01,1.394596221364054873e+04
1.104166666666666607e+01,1.410902961054326806e+04
1.106250000000000000e+01,1.533343387394284218e+04
1.108333333333333215e+01,1.445115103856198402e+04
1.110416666666666607e+01,1.414222850614581694e+04
1.112500000000000000e+01,1.444840416564896805e+04
1.114583333333333215e+01,1.439178762092626494e+04
1.116666666666666607e+01,1.444609473951916880e+04
1.118750000000000000e+01,1.503240135495729191e+04
1.120833333333333215e+01,1.412487610826782839e+04
1.122916666666666607e+01,1.358274879087693625e+04
1.125000000000000000e+01,1.511804772728795797e+04
1.127083333333333215e+01,1.530419440722905711e+04
1.129166666666666607e+01,1.338550135493154085e+04
1.131250000000000000e+01,1.386814664203316715e+04
1.133333333333333215e+01,1.611716400382170468e+04
1.135416666666666607e+01,1.476711430196713263e+04
1.137500000000000000e+01,1.272694956150922735e+04
1.139583333333333215e+01,1.430474465384600626e+04
1.141666666666666607e+01,1.598327119387741914e+04
1.143750000000000000e+01,1.392526694157348538e+04
1.145833333333333215e+01,1.280868212742835021e+04
1.147916666666666607e+01,1.524175990065453880e+04
1.150000000000000000e+01,1.560616596394997759e+04
1.152083333333333215e+01,1.358465835916305878e+04
1.154166666666666607e+01,1.360070250144842430e+04
1.156250000000000000e+01,1.530512910294606263e+04
1.158333333333333215e+01,1.473352551381164812e+04
1.160416666666666607e+01,1.385744787126415395e+04
1.162500000000000000e+01,1.444221357534889103e+04
1.164583333333333215e+01,1.469176634640930206e+04
1.166666666666666607e+01,1.444394116330568795e+04
1.168750000000000000e+01,1.445285152974044831e+04
1.170833333333333215e+01,1.482485373635272845e+04
1.172916666666666607e+01,1.416558902779065829e+04
1.175000000000000000e+01,1.335168413952918854e+04
1.177083333333333215e+01,1.511513683271975242e+04
1.179166666666666607e+01,1.445797055735537651e+04
1.181250000000000000e+01,1.346960918221872271e+04
1.183333333333333215e+01,1.462085310617215509e+04
1.185416666666666607e+01,1.502487427760916034e+04
1.187500000000000000e+01,1.355315384913944945e+04
1.189583333333333215e+01,1.414852517952241396e+04
1.191666666666666607e+01,1.529206475977169248e+04
1.193750000000000000e+01,1.454258065842706128e+04
1.195833333333333215e+01,1.368349321580917967e+04
1.197916666666666607e+01,1.492876026804682988e+04
1.200000000000000000e+01,1.527187881533113978e+04
1.202083333333333215e+01,1.363307225164729971e+04
1.204166666666666607e+01,1.402796955285624790e+04
1.206250000000000000e+01,1.529919173334412335e+04
1.208333333333333215e+01,1.476415846093100117e+04
1.210416666666666607e+01,1.339757363685289965e+04
1.212500000000000000e+01,1.424977009028423709e+04
1.214583333333333215e+01,1.530328792060126580e+04
1.216666666666666607e+01,1.439971136404487697e+04
1.218750000000000000e+01,1.359009681713593818e+04
1.220833333333333215e+01,1.506467617442238407e+04
1.222916666666666607e+01,1.500795987049341056e+04
1.225000000000000000e+01,1.358357756488419545e+04
1.227083333333333215e+01,1.444116291734778133e+04
1.229166666666666607e+01,1.530428749124076057e+04
1.231250000000000000e+01,1.439261907854361561e+04
1.233333333333333215e+01,1.358709974456130658e+04
1.235416666666666607e+01,1.508168442561270058e+04
1.237500000000000000e+01,1.504363337656311705e+04
1.239583333333333215e+01,1.317578324241062364e+04
1.241666666666666607e+01,1.405162250349608803e+04
1.243750000000000000e+01,1.575471722536702509e+04
1.245833333333333215e+01,1.476375663941029779e+04
1.247916666666666607e+01,1.272628570922930157e+04
1.250000000000000000e+01,1.444261967690976962e+04
1.252083333333333215e+01,1.611131741040462293e+04
1.254166666666666607e+01,1.405562415758134375e+04
1.256250000000000000e+01,1.272958843731162779e+04
1.258333333333333215e+01,1.518570450897661067e+04
1.260416666666666607e+01,1.572479203924440299e+04
1.262500000000000000e+01,1.357843269292629338e+04
1.264583333333333215e+01,1.340707450421825342e+04
1.266666666666666607e+01,1.529846135762457561e+04
1.268750000000000000e+01,1.477628069323884120e+04
1.270833333333333215e+01,1.360517709067249234e+04
1.272916666666666607e+01,1.437338627718822681e+04
1.275000000000000000e+01,1.473707089423292200e+04
1.277083333333333215e+01,1.444773572023943052e+04
1.279166666666666607e+01,1.450153343769158164e+04
1.281250000000000000e+01,1.469717343131898815e+04
1.283333333333333215e+01,1.408634152744574385e+04
1.285416666666666607e+01,1.473679964227227538e+04
1.287500000000000000e+01,1.530378868790944762e+04
1.289583333333333215e+01,1.379294229938307762e+04
1.291666666666666607e+01,1.358506610274123886e+04
1.293750000000000000e+01,1.528795682645580018e+04
1.295833333333333215e+01,1.529608808100538226e+04
1.297916666666666607e+01,1.296987050222729522e+04
1.300000000000000000e+01,1.418298448075780107e+04
1.302083333333333215e+01,1.616345737892949182e+04
1.304166666666666607e+01,1.449341747840386233e+04
1.306250000000000000e+01,1.272803830900643879e+04
1.308333333333333215e+01,1.486651911259063127e+04
1.310416666666666607e+01,1.552186911481167408e+04
1.312500000000000000e+01,1.358631035859613985e+04
1.314583333333333215e+01,1.337696569336016182e+04
1.316666666666666607e+01,1.530574828439415069e+04
1.318750000000000000e+01,1.525850015614781296e+04
1.320833333333333215e+01,1.353602212678095748e+04
1.322916666666666607e+01,1.454329167098981998e+04
1.325000000000000000e+01,1.499759681991462639e+04
1.327083333333333215e+01,1.405569316693172004e+04
1.329166666666666607e+01,1.423154845136576114e+04
1.331250000000000000e+01,1.538302924191631246e+04
1.333333333333333215e+01,1.418706668945954880e+04
1.335416666666666607e+01,1.367278137857771071e+04
1.337500000000000000e+01,1.525540712391047055e+04
1.339583333333333215e+01,1.487062054490162336e+04
1.341666666666666607e+01,1.359536734186644026e+04
1.343750000000000000e+01,1.436803505900854725e+04
1.345833333333333215e+01,1.542884172264647714e+04
1.347916666666666607e+01,1.413999598784929549e+04
1.350000000000000000e+01,1.371988876340998468e+04
1.352083333333333215e+01,1.530244358324024870e+04
1.354166666666666607e+01,1.471286236342506891e+04
1.356250000000000000e+01,1.368862119222530237e+04
1.358333333333333215e+01,1.432051088377373162e+04
1.360416666666666607e+01,1.530753157073961847e+04
1.362500000000000000e+01,1.421746710424011690e+04
1.364583333333333215e+01,1.387672917026006689e+04
1.366666666666666607e+01,1.468473806806332504e+04
1.368750000000000000e+01,1.468461918177651751e+04
1.370833333333333215e+01,1.444527645850400586e+04
1.372916666666666607e+01,1.447260835854353354e+04
1.375000000000000000e+01,1.444409065775111958e+04
1.377083333333333215e+01,1.389831921217470517e+04
1.379166666666666607e+01,1.468056110734080357e+04
1.381250000000000000e+01,1.529911624753646174e+04
1.383333333333333215e+01,1.389418599748897032e+04
1.385416666666666607e+01,1.378442395378519359e+04
1.387500000000000000e+01,1.483308805984988794e+04
1.389583333333333215e+01,1.530503776080484386e+04
1.391666666666666607e+01,1.368291186019897577e+04
1.393750000000000000e+01,1.359065319556530085e+04
1.395833333333333215e+01,1.593590607366699624e+04
1.397916666666666607e+01,1.486604837479543858e+04
1.400000000000000000e+01,1.272312165116879623e+04
1.402083333333333215e+01,1.424739802979199158e+04
1.404166666666666607e+01,1.616229997443955654e+04
1.406250000000000000e+01,1.478252038611603712e+04
1.408333333333333215e+01,1.304999475229444579e+04
1.410416666666666607e+01,1.514534713086732518e+04
1.412500000000000000e+01,1.581766104445874225e+04
1.414583333333333215e+01,1.335135005633853143e+04
1.416666666666666607e+01,1.383444882222256638e+04
1.418750000000000000e+01,1.540894467748927127e+04
1.420833333333333215e+01,1.495579028340439618e+04
1.422916666666666607e+01,1.360472118737244455e+04
1.425000000000000000e+01,1.484247661843076639e+04
1.427083333333333215e+01,1.510365886684002544e+04
1.429166666666666607e+01,1.358785016020287003e+04
1.431250000000000000e+01,1.417763602141138836e+04
1.433333333333333215e+01,1.530426509222457753e+04
1.435416666666666607e+01,1.446163276468406548e+04
1.437500000000000000e+01,1.373733158825945793e+04
1.439583333333333215e+01,1.519267709917538014e+04
1.441666666666666607e+01,1.499015711416327031e+04
1.443750000000000000e+01,1.347593236501228967e+04
1.445833333333333215e+01,1.440388214317663733e+04
1.447916666666666607e+01,1.530944781094748396e+04
1.450000000000000000e+01,1.406479358356860757e+04
1.452083333333333215e+01,1.362601657318812431e+04
1.454166666666666607e+01,1.530516138480906011e+04
1.456250000000000000e+01,1.470233607346883218e+04
1.458333333333333215e+01,1.358530648574113366e+04
1.460416666666666607e+01,1.434444047167654571e+04
1.462500000000000000e+01,1.530591523714273717e+04
1.464583333333333215e+01,1.381903844079822375e+04
1.466666666666666607e+01,1.397485121040439844e+04
1.468750000000000000e+01,1.530295822772735482e+04
1.470833333333333215e+01,1.458122899009037792e+04
1.472916666666666607e+01,1.358377172569933828e+04
1.475000000000000000e+01,1.475848242906977248e+04
1.477083333333333215e+01,1.531264197059332218e+04
1.479166666666666607e+01,1.358164895365641860e+04
1.481250000000000000e+01,1.432468709984304951e+04
1.483333333333333215e+01,1.524361486649103244e+04
1.485416666666666607e+01,1.443445242521238833e+04
1.487500000000000000e+01,1.408732834991867639e+04
1.489583333333333215e+01,1.492051646671757044e+04
1.491666666666666607e+01,1.441482120711277094e+04
1.493750000000000000e+01,1.358273228888183803e+04
1.495833333333333215e+01,1.491734504671284230e+04
1.497916666666666607e+01,1.527201926753143198e+04
1.500000000000000000e+01,1.371631370114978563e+04
1.502083333333333215e+01,1.339449207605888296e+04
1.504166666666666607e+01,1.523787504030555283e+04
1.506250000000000000e+01,1.530925498977815369e+04
1.508333333333333215e+01,1.293880482491813018e+04
1.510416666666666607e+01,1.389122689893544521e+04
1.512500000000000000e+01,1.616465241698058890e+04
1.514583333333333215e+01,1.467270179270919471e+04
1.516666666666666607e+01,1.272498640595517281e+04
1.518750000000000000e+01,1.453034844523652646e+04
1.520833333333333215e+01,1.616587764603047253e+04
1.522916666666666607e+01,1.345432513221951012e+04
1.525000000000000000e+01,1.310274540578328015e+04
1.527083333333333215e+01,1.544486685641300573e+04
1.529166666666666607e+01,1.539530599634460668e+04
1.531250000000000000e+01,1.358797406175260403e+04
1.533333333333333215e+01,1.381806527308696241e+04
1.535416666666666607e+01,1.523770685326669263e+04
1.537500000000000000e+01,1.447106238105653028e+04
1.539583333333333215e+01,1.411395105811431495e+04
1.541666666666666607e+01,1.453459355127285380e+04
1.543750000000000000e+01,1.451201559231068313e+04
1.545833333333333215e+01,1.444541341283514703e+04
1.547916666666666607e+01,1.481225354189001155e+04
1.550000000000000000e+01,1.465858089997505886e+04
1.552083333333333215e+01,1.377846611949398357e+04
1.554166666666666607e+01,1.466254248579849809e+04
1.556250000000000000e+01,1.530772307412371811e+04
1.558333333333333215e+01,1.419575610865074850e+04
1.560416666666666607e+01,1.334217834251431123e+04
1.562500000000000000e+01,1.482385156176946839e+04
1.564583333333333215e+01,1.446521183687728262e+04
1.566666666666666607e+01,1.339987688610983969e+04
1.568750000000000000e+01,1.430627396738651078e+04
1.570833333333333215e+01,1.523129853282458862e+04
1.572916666666666607e+01,1.402032092196161102e+04
1.575000000000000000e+01,1.371840490559302270e+04
1.577083333333333215e+01,1.559866268521403981e+04
1.579166666666666607e+01,1.473785074326618269e+04
1.581250000000000000e+01,1.317895616032466205e+04
1.583333333333333215e+01,1.437382259166754011e+04
1.585416666666666607e+01,1.566824941978868083e+04
1.587500000000000000e+01,1.412498059409342022e+04
1.589583333333333215e+01,1.303643879872810066e+04
1.591666666666666607e+01,1.530097558742475303e+04
1.593750000000000000e+01,1.557652229918221929e+04
1.595833333333333215e+01,1.358339646029059440e+04
1.597916666666666607e+01,1.361363770252594986e+04
1.600000000000000000e+01,1.530278000686006999e+04
1.602083333333333215e+01,1.490247383920050925e+04
1.604166666666666430e+01,1.337522865052725683e+04
1.606250000000000000e+01,1.444386747381460009e+04
1.608333333333333215e+01,1.506384760787976120e+04
1.610416666666666430e+01,1.444512122084667499e+04
1.612500000000000000e+01,1.402828391117645879e+04
1.614583333333333215e+01,1.456467330454308467e+04
1.616666666666666430e+01,1.465505043965954974e+04
1.618750000000000000e+01,1.465845346873738163e+04
1.620833333333333215e+01,1.444403077547742942e+04
1.622916666666666430e+01,1.379190028178797729e+04
1.625000000000000000e+01,1.444481124068451390e+04
1.627083333333333215e+01,1.532900136330898385e+04
1.629166666666666430e+01,1.444568026760825160e+04
1.631250000000000000e+01,1.308481288469898209e+04
1.633333333333333215e+01,1.471880888790637255e+04
1.635416666666666430e+01,1.615870389823816731e+04
1.637500000000000000e+01,1.383150139477110133e+04
1.639583333333333215e+01,1.321749053275017286e+04
1.641666666666666430e+01,1.558922728138230013e+04
1.643750000000000000e+01,1.635724451826344739e+04
1.645833333333333215e+01,1.320114113023759637e+04
1.647916666666666430e+01,1.300229573184795663e+04
1.650000000000000000e+01,1.616587049555616977e+04
1.652083333333333215e+01,1.521190927388879209e+04
1.654166666666666430e+01,1.274676545210512631e+04
1.656250000000000000e+01,1.402802093914365469e+04
1.658333333333333215e+01,1.617585210305543660e+04
1.660416666666666430e+01,1.372622111433309692e+04
1.662500000000000000e+01,1.302369680139380580e+04
1.664583333333333215e+01,1.557070081283315812e+04
1.666666666666666430e+01,1.555597954125308752e+04
1.668750000000000000e+01,1.335648665974522373e+04
1.670833333333333215e+01,1.355331449977662851e+04
1.672916666666666430e+01,1.530607488466327777e+04
1.675000000000000000e+01,1.488907751508407819e+04
1.677083333333333215e+01,1.373689532612991752e+04
1.679166666666666430e+01,1.465959656333378734e+04
1.681250000000000000e+01,1.471990135817698319e+04
1.683333333333333215e+01,1.444347213951325830e+04
1.685416666666666430e+01,1.443859933420854577e+04
1.687500000000000000e+01,1.444668782177871981e+04
1.689583333333333215e+01,1.421525851828505256e+04
1.691666666666666430e+01,1.469480900111351730e+04
1.693750000000000000e+01,1.526442783597699236e+04
1.695833333333333215e+01,1.379343967182007691e+04
1.697916666666666430e+01,1.358653973859902908e+04
1.700000000000000000e+01,1.539612900753831855e+04
1.702083333333333215e+01,1.530539058395183019e+04
1.704166666666666430e+01,1.290942455584560230e+04
1.706250000000000000e+01,1.392334527070998229e+04
1.708333333333333215e+01,1.599357779504920472e+04
1.710416666666666430e+01,1.467742575033223329e+04
1.712500000000000000e+01,1.272533417523945900e+04
1.714583333333333215e+01,1.450808987000360139e+04
1.716666666666666430e+01,1.487895784978240408e+04
1.718750000000000000e+01,1.390900644162367462e+04
1.720833333333333215e+01,1.373767589532912825e+04
1.722916666666666430e+01,1.513299851505722836e+04
1.725000000000000000e+01,1.460719194351012993e+04
1.727083333333333215e+01,1.354893740580299709e+04
1.729166666666666430e+01,1.452526313928673699e+04
1.731250000000000000e+01,1.529020805232100247e+04
1.733333333333333215e+01,1.404053263320007682e+04
1.735416666666666430e+01,1.373338474456618133e+04
1.737500000000000000e+01,1.530435588506786735e+04
1.739583333333333215e+01,1.502236263103275633e+04
1.741666666666666430e+01,1.359264286542993432e+04
1.743750000000000000e+01,1.403467930064862594e+04
1.745833333333333215e+01,1.530951864565648430e+04
1.747916666666666430e+01,1.466188164352454260e+04
1.750000000000000000e+01,1.379311715113270475e+04
1.752083333333333215e+01,1.444530685746599556e+04
1.754166666666666430e+01,1.468131985671031725e+04
1.756250000000000000e+01,1.444402585386978899e+04
1.758333333333333215e+01,1.449779606139458338e+04
1.760416666666666430e+01,1.457570452211850716e+04
1.762500000000000000e+01,1.382383764837383569e+04
1.764583333333333215e+01,1.479507462282264896e+04
1.766666666666666430e+01,1.530280869083555808e+04
1.768750000000000000e+01,1.403511596255114637e+04
1.770833333333333215e+01,1.358895834990369622e+04
1.772916666666666430e+01,1.556314018015182228e+04
1.775000000000000000e+01,1.523068397864037615e+04
1.777083333333333215e+01,1.276662572094941788e+04
1.779166666666666430e+01,1.375633524073808076e+04
1.781250000000000000e+01,1.616434273526865945e+04
1.783333333333333215e+01,1.430249711830259912e+04
1.785416666666666430e+01,1.272797522684618889e+04
1.787500000000000000e+01,1.490444895259955592e+04
1.789583333333333215e+01,1.593264507218551080e+04
1.791666666666666430e+01,1.357766590917617214e+04
1.793750000000000000e+01,1.337061920670866675e+04
1.795833333333333215e+01,1.530141952591000518e+04
1.797916666666666430e+01,1.491056617208580064e+04
1.800000000000000000e+01,1.358809986717851643e+04
1.802083333333333215e+01,1.467758309590051067e+04
1.804166666666666430e+01,1.492059721118761445e+04
1.806250000000000000e+01,1.420219159992500499e+04
1.808333333333333215e+01,1.423078286754176588e+04
1.810416666666666430e+01,1.461469551568429961e+04
1.812500000000000000e+01,1.434199836178503028e+04
1.814583333333333215e+01,1.444670332472482551e+04
1.816666666666666430e+01,1.512425903575040502e+04
1.818750000000000000e+01,1.410326443064568957e+04
1.820833333333333215e+01,1.396911224161860082e+04
1.822916666666666430e+01,1.508411781825423895e+04
1.825000000000000000e+01,1.489659358084730411e+04
1.827083333333333215e+01,1.344799521033640485e+04
1.829166666666666430e+01,1.437473963188246489e+04
1.831250000000000000e+01,1.582225730188151283e+04
1.833333333333333215e+01,1.405600714599689672e+04
1.835416666666666430e+01,1.272466784282919252e+04
1.837500000000000000e+01,1.542996346960150549e+04
1.839583333333333215e+01,1.638846129692990144e+04
1.841666666666666430e+01,1.403831522066148682e+04
1.843750000000000000e+01,1.282855589416785006e+04
1.845833333333333215e+01,1.524300887379725827e+04
1.847916666666666430e+01,1.587047734519797086e+04
1.850000000000000000e+01,1.360953465535416035e+04
1.852083333333333215e+01,1.335790065477594180e+04
1.854166666666666430e+01,1.531624353877260728e+04
1.856250000000000000e+01,1.444133555221330244e+04
1.858333333333333215e+01,1.369256409222455113e+04
1.860416666666666430e+01,1.509167211137356571e+04
1.862500000000000000e+01,1.479952243381701192e+04
1.864583333333333215e+01,1.358816739706266890e+04
1.866666666666666430e+01,1.472529262118209954e+04
1.868750000000000000e+01,1.512799724877622066e+04
1.870833333333333215e+01,1.358546056118704291e+04
1.872916666666666430e+01,1.403512905471526392e+04
1.875000000000000000e+01,1.531011700233965530e+04
1.877083333333333215e+01,1.459191987932015036e+04
1.879166666666666430e+01,1.359108048673476515e+04
1.881250000000000000e+01,1.500059392871522869e+04
1.883333333333333215e+01,1.527897658886391218e+04
1.885416666666666430e+01,1.358325560829438837e+04
1.887500000000000000e+01,1.414337113551197399e+04
1.889583333333333215e+01,1.511991834816365008e+04
1.891666666666666430e+01,1.454741679553893118e+04
1.893750000000000000e+01,1.347814367758795925e+04
1.895833333333333215e+01,1.479373229388027175e+04
1.897916666666666430e+01,1.518610015870302595e+04
1.900000000000000000e+01,1.386404195102561425e+04
1.902083333333333215e+01,1.422470814226051880e+04
1.904166666666666430e+01,1.530316159823083581e+04
1.906250000000000000e+01,1.444927418975880209e+04
1.908333333333333215e+01,1.359665826002839094e+04
1.910416666666666430e+01,1.470120964984677994e+04
1.912500000000000000e+01,1.508900855841033263e+04
1.914583333333333215e+01,1.386763018243221086e+04
1.916666666666666430e+01,1.414350043874193216e+04
1.918750000000000000e+01,1.544402871761761344e+04
1.920833333333333215e+01,1.460446222614929138e+04
1.922916666666666430e+01,1.358716620589104059e+04
1.925000000000000000e+01,1.465569252287044947e+04
1.927083333333333215e+01,1.530739118197741482e+04
1.929166666666666430e+01,1.367915663480013609e+04
1.931250000000000000e+01,1.375025406659407963e+04
1.933333333333333215e+01,1.530529354062812854e+04
1.935416666666666430e+01,1.470228199149336069e+04
1.937500000000000000e+01,1.364244829150094301e+04
1.939583333333333215e+01,1.498889897441509675e+04
1.941666666666666430e+01,1.524063604155729990e+04
1.943750000000000000e+01,1.330045760912528931e+04
1.945833333333333215e+01,1.414444499442783126e+04
1.947916666666666430e+01,1.568265564667580475e+04
1.950000000000000000e+01,1.442329701363675485e+04
1.952083333333333215e+01,1.289709115639882657e+04
1.954166666666666430e+01,1.500720211693435704e+04
1.956250000000000000e+01,1.581495321631260231e+04
1.958333333333333215e+01,1.358375281516489486e+04
1.960416666666666430e+01,1.331616125450365507e+04
1.962500000000000000e+01,1.530491321936111854e+04
1.964583333333333215e+01,1.512256552399329303e+04
1.966666666666666430e+01,1.344193433983781506e+04
1.968750000000000000e+01,1.412928420888028995e+04
1.970833333333333215e+01,1.497886780068427834e+04
1.972916666666666430e+01,1.444547982104010953e+04
1.975000000000000000e+01,1.435503801117957119e+04
1.977083333333333215e+01,1.462663652967716189e+04
1.979166666666666430e+01,1.417820901335089729e+04
1.981250000000000000e+01,1.458892749043036019e+04
1.983333333333333215e+01,1.530130595331886434e+04
1.985416666666666430e+01,1.381620218258741079e+04
1.987500000000000000e+01,1.335973056404807357e+04
1.989583333333333215e+01,1.519719232245056264e+04
1.991666666666666430e+01,1.521714340909277234e+04
1.993750000000000000e+01,1.326411027978080529e+04
1.995833333333333215e+01,1.390164989425621025e+04
1.997916666666666430e+01,1.614128288754702953e+04
2.000000000000000000e+01,1.450138536009964082e+04
2.002083333333333215e+01,1.272001533121332614e+04
2.004166666666666430e+01,1.480320753779953156e+04
2.006250000000000000e+01,1.560255249204751453e+04
2.008333333333333215e+01,1.344074581805015623e+04
2.010416666666666430e+01,1.343345379174543268e+04
2.012500000000000000e+01,1.530450212572385135e+04
2.014583333333333215e+01,1.529996468435221323e+04
2.016666666666666430e+01,1.358619663388105619e+04
2.018750000000000000e+01,1.408251088313490254e+04
2.020833333333333215e+01,1.504599849448872919e+04
2.022916666666666430e+01,1.444126071679983943e+04
2.025000000000000000e+01,1.439552775525350080e+04
2.027083333333333215e+01,1.458175204773085716e+04
2.029166666666666430e+01,1.431148358638777427e+04
2.031250000000000000e+01,1.444512200544212828e+04
2.033333333333333215e+01,1.516662308558573932e+04
2.035416666666666430e+01,1.405847661559029802e+04
2.037500000000000000e+01,1.369156145999474757e+04
2.039583333333333215e+01,1.501251137543896402e+04
2.041666666666666430e+01,1.530236447682161088e+04
2.043750000000000000e+01,1.350547446531872993e+04
2.045833333333333215e+01,1.373484681067814745e+04
2.047916666666666430e+01,1.560891302460417864e+04
2.050000000000000000e+01,1.495562998903137850e+04
2.052083333333333215e+01,1.291147303046830348e+04
2.054166666666666430e+01,1.427121419014382627e+04
2.056250000000000000e+01,1.616443203250344959e+04
2.058333333333333215e+01,1.426319380944421937e+04
2.060416666666666430e+01,1.274609010831185515e+04
2.062500000000000000e+01,1.518941381575216656e+04
2.064583333333333215e+01,1.546526014648222554e+04
2.066666666666666430e+01,1.289086434787110193e+04
2.068750000000000000e+01,1.368169774551182854e+04
2.070833333333333215e+01,1.619539522870602377e+04
2.072916666666666430e+01,1.513798867471565973e+04
2.075000000000000000e+01,1.273834101463888874e+04
2.077083333333333215e+01,1.433150682821167720e+04
2.079166666666666430e+01,1.571143686615043043e+04
2.081250000000000000e+01,1.444596589373385359e+04
2.083333333333333215e+01,1.337450136778511296e+04
2.085416666666666430e+01,1.444375269805916469e+04
2.087500000000000000e+01,1.511322597927971583e+04
2.089583333333333215e+01,1.444467873239629989e+04
2.091666666666666430e+01,1.433432811207535633e+04
2.093750000000000000e+01,1.444502416876253119e+04
2.095833333333333215e+01,1.444446810878928591e+04
2.097916666666666430e+01,1.447377892461248121e+04
2.100000000000000000e+01,1.445865420624720355e+04
2.102083333333333215e+01,1.472946413193620901e+04
2.104166666666666430e+01,1.444704348682197087e+04
2.106250000000000000e+01,1.463108454248638373e+04
2.108333333333333215e+01,1.412925229602658874e+04
2.110416666666666430e+01,1.444426633223249155e+04
2.112500000000000000e+01,1.484910457066821982e+04
2.114583333333333215e+01,1.444702918767047231e+04
2.116666666666666430e+01,1.363231757455152183e+04
2.118750000000000000e+01,1.444545808355180998e+04
2.120833333333333215e+01,1.582925111532361552e+04
2.122916666666666430e+01,1.412937063802948251e+04
2.125000000000000000e+01,1.294074094305968538e+04
2.127083333333333215e+01,1.511503709538190742e+04
2.129166666666666430e+01,1.611749006185359030e+04
2.131250000000000000e+01,1.335465711390351498e+04
2.133333333333333215e+01,1.274953060942113734e+04
2.135416666666666430e+01,1.594081404045919044e+04
2.137500000000000000e+01,1.523040641086540199e+04
2.139583333333333215e+01,1.272706671420880957e+04
2.141666666666666430e+01,1.349811107690715289e+04
2.143750000000000000e+01,1.586749655561587861e+04
2.145833333333333215e+01,1.483414632122667172e+04
2.147916666666666430e+01,1.352456598833404496e+04
2.150000000000000000e+01,1.438008063611971011e+04
2.152083333333333215e+01,1.468302024560727295e+04
2.154166666666666430e+01,1.412396597156102143e+04
2.156250000000000000e+01,1.454234934659240753e+04
2.158333333333333215e+01,1.469463779999839244e+04
2.160416666666666430e+01,1.368005823785887333e+04
2.162500000000000000e+01,1.485799682363343527e+04
2.164583333333333215e+01,1.530559027075767153e+04
2.166666666666666430e+01,1.370839491756256757e+04
2.168750000000000000e+01,1.358601995777659613e+04
2.170833333333333215e+01,1.536201648290283265e+04
2.172916666666666430e+01,1.504778556017801384e+04
2.175000000000000000e+01,1.281165213496700380e+04
2.177083333333333215e+01,1.402115558385431359e+04
2.179166666666666430e+01,1.616976919878440822e+04
2.181250000000000000e+01,1.492997239050233111e+04
2.183333333333333215e+01,1.272482846970440005e+04
2.185416666666666430e+01,1.373276473189757962e+04
2.187500000000000000e+01,1.616790194479186539e+04
2.189583333333333215e+01,1.477323952890735018e+04
2.191666666666666430e+01,1.272663248629677037e+04
2.193750000000000000e+01,1.432747729127907587e+04
2.195833333333333215e+01,1.616752091080812897e+04
2.197916666666666430e+01,1.415206801955941046e+04
2.200000000000000000e+01,1.283433324118538076e+04
2.202083333333333215e+01,1.537675421341096808e+04
2.204166666666666430e+01,1.557319652460082943e+04
2.206250000000000000e+01,1.358448659729971405e+04
2.208333333333333215e+01,1.353988437842625717e+04
2.210416666666666430e+01,1.530592160400549983e+04
2.212500000000000000e+01,1.399558264963353577e+04
2.214583333333333215e+01,1.363255946474097800e+04
2.216666666666666430e+01,1.553914184748258049e+04
2.218750000000000000e+01,1.476424705932441066e+04
2.220833333333333215e+01,1.341932751943048424e+04
2.222916666666666430e+01,1.418569210147747435e+04
2.225000000000000000e+01,1.529344094619123280e+04
2.227083333333333215e+01,1.497941698163801993e+04
2.229166666666666430e+01,1.358654645933151187e+04
2.231250000000000000e+01,1.456875599338322354e+04
2.233333333333333215e+01,1.530591090282964433e+04
2.235416666666666430e+01,1.390053132421583723e+04
2.237500000000000000e+01,1.377438957545050653e+04
2.239583333333333215e+01,1.530395609911382053e+04
2.241666666666666430e+01,1.467848050608269841e+04
2.243750000000000000e+01,1.358658779864346434e+04
2.245833333333333215e+01,1.428551204673079337e+04
2.247916666666666430e+01,1.530531380973719934e+04
2.250000000000000000e+01,1.384385370011705527e+04
2.252083333333333215e+01,1.399732702178932959e+04
2.254166666666666430e+01,1.530340420976933819e+04
2.256250000000000000e+01,1.467900667657548547e+04
2.258333333333333215e+01,1.344126237644082357e+04
2.260416666666666430e+01,1.451857272942966301e+04
2.262500000000000000e+01,1.530313338963029310e+04
2.264583333333333215e+01,1.391069345522214644e+04
2.266666666666666430e+01,1.414661413323857778e+04
2.268750000000000000e+01,1.530242446341850882e+04
2.270833333333333215e+01,1.442404000454250490e+04
2.272916666666666430e+01,1.358726897491834097e+04
2.275000000000000000e+01,1.449146762929507531e+04
2.277083333333333215e+01,1.530566306968388744e+04
2.279166666666666430e+01,1.381748313011215942e+04
2.281250000000000000e+01,1.396424124801765720e+04
2.283333333333333215e+01,1.535742482503427527e+04
2.285416666666666430e+01,1.464468641750125607e+04
2.287500000000000000e+01,1.386628446238749530e+04
2.289583333333333215e+01,1.465822941309181624e+04
2.291666666666666430e+01,1.531128474208615444e+04
2.293750000000000000e+01,1.362759713738128266e+04
2.295833333333333215e+01,1.364565387914173334e+04
2.297916666666666430e+01,1.530426299222357193e+04
2.300000000000000000e+01,1.510138138049411282e+04
2.302083333333333215e+01,1.358883959758441051e+04
2.304166666666666430e+01,1.378997571843447076e+04
2.306250000000000000e+01,1.551515237250751306e+04
2.308333333333333215e+01,1.461196876684776726e+04
2.310416666666666430e+01,1.391315836588572711e+04
2.312500000000000000e+01,1.468458157582691638e+04
2.314583333333333215e+01,1.470425061095761339e+04
2.316666666666666430e+01,1.444420773263034425e+04
2.318750000000000000e+01,1.446888268742790751e+04
2.320833333333333215e+01,1.444674169898469700e+04
2.322916666666666430e+01,1.387809593596898776e+04
2.325000000000000000e+01,1.472606422408472645e+04
2.327083333333333215e+01,1.530295518414589969e+04
2.329166666666666430e+01,1.380828901643934660e+04
2.331250000000000000e+01,1.353332698252347109e+04
2.333333333333333215e+01,1.496982299604106447e+04
2.335416666666666430e+01,1.530695925734696721e+04
2.337500000000000000e+01,1.343941418241732390e+04
2.339583333333333215e+01,1.398823310389915423e+04
2.341666666666666430e+01,1.571553678070820024e+04
2.343750000000000000e+01,1.470573938252851804e+04
2.345833333333333215e+01,1.330189780082442667e+04
2.347916666666666430e+01,1.449785021130624227e+04
2.350000000000000000e+01,1.530471879520718721e+04
2.352083333333333215e+01,1.389350931469315401e+04
2.354166666666666430e+01,1.390147485963600047e+04
2.356250000000000000e+01,1.530189970145737243e+04
2.358333333333333215e+01,1.464994390874885357e+04
2.360416666666666430e+01,1.358153594078695824e+04
2.362500000000000000e+01,1.458997822594312311e+04
2.364583333333333215e+01,1.663401064967561615e+04
2.366666666666666430e+01,1.448040843956709432e+04
2.368750000000000000e+01,1.471870794900197143e+04
2.370833333333333215e+01,1.563981068902178231e+04
2.372916666666666430e+01,1.490994942046534197e+04
2.375000000000000000e+01,1.372016774332955174e+04
2.377083333333333215e+01,1.454981101420957202e+04
2.379166666666666430e+01,1.536301325132159764e+04
2.381250000000000000e+01,1.420885701391737894e+04
2.383333333333333215e+01,1.397262824648443711e+04
2.385416666666666430e+01,1.446355877686900931e+04
2.387500000000000000e+01,1.492486146650501905e+04
2.389583333333333215e+01,1.445517924729431616e+04
2.391666666666666430e+01,1.447449023698844394e+04
2.393750000000000000e+01,1.445115409171673309e+04
2.395833333333333215e+01,1.366412810163333779e+04
2.397916666666666430e+01,1.490096214011539269e+04
2.400000000000000000e+01,1.530511302660805450e+04
2.402083333333333215e+01,1.370421544611119316e+04
2.404166666666666430e+01,1.382983181034162772e+04
2.406250000000000000e+01,1.555584094059931886e+04
2.408333333333333215e+01,1.522112971999713773e+04
2.410416666666666430e+01,1.276345718664036758e+04
2.412500000000000000e+01,1.412582740110576924e+04
2.414583333333333215e+01,1.607473891830242792e+04
2.416666666666666430e+01,1.441257021902310589e+04
2.418750000000000000e+01,1.272905009948024963e+04
2.420833333333333215e+01,1.487935525871606296e+04
2.422916666666666430e+01,1.562899037977166518e+04
2.425000000000000000e+01,1.334086661649998132e+04
2.427083333333333215e+01,1.363710051583051245e+04
2.429166666666666430e+01,1.530831718623338020e+04
2.431250000000000000e+01,1.434883212837382962e+04
2.433333333333333215e+01,1.399968751597914525e+04
2.435416666666666430e+01,1.404497373502524715e+04
2.437500000000000000e+01,1.421229899934753848e+04
2.439583333333333215e+01,1.418362056249078159e+04
2.441666666666666430e+01,1.452319747645209645e+04
2.443750000000000000e+01,1.441163019489969884e+04
2.445833333333333215e+01,1.397315192547914194e+04
2.447916666666666430e+01,1.446573742823243447e+04
2.450000000000000000e+01,1.529722064329002387e+04
2.452083333333333215e+01,1.380737680408685264e+04
2.454166666666666430e+01,1.358277077204327725e+04
2.456250000000000000e+01,1.531937805286608273e+04
2.458333333333333215e+01,1.530574818031971517e+04
2.460416666666666430e+01,1.310447535428689662e+04
2.462500000000000000e+01,1.402488844329195126e+04
2.464583333333333215e+01,1.616167408929857265e+04
2.466666666666666430e+01,1.465921334655862302e+04
2.468750000000000000e+01,1.272638473400910516e+04
2.470833333333333215e+01,1.424888941710756626e+04
2.472916666666666430e+01,1.616347164152990081e+04
2.475000000000000000e+01,1.433684790672658710e+04
2.477083333333333215e+01,1.272630393961846858e+04
2.479166666666666430e+01,1.509593101870393366e+04
2.481250000000000000e+01,1.547779066971544307e+04
2.483333333333333215e+01,1.331821624790283749e+04
2.485416666666666430e+01,1.352088452031327324e+04
2.487500000000000000e+01,1.540043362117313518e+04
2.489583333333333215e+01,1.524626786805782467e+04
2.491666666666666430e+01,1.358962339732859255e+04
2.493750000000000000e+01,1.547173412817753706e+04
2.495833333333333215e+01,1.505936197134145914e+04
2.497916666666666430e+01,1.272780680763341297e+04
2.500000000000000000e+01,1.367355183499506893e+04
2.502083333333333215e+01,1.616628925208387591e+04
2.504166666666666430e+01,1.436168261619706391e+04
2.506250000000000000e+01,1.287587789405061994e+04
2.508333333333333215e+01,1.509708690458683486e+04
2.510416666666666430e+01,1.574227026869146357e+04
2.512500000000000000e+01,1.307543710154180371e+04
2.514583333333333215e+01,1.350720832121573039e+04
2.516666666666666430e+01,1.602774840567388310e+04
2.518750000000000000e+01,1.421324428639200050e+04
2.520833333333333215e+01,1.293653322781139650e+04
2.522916666666666430e+01,1.521873424666560823e+04
2.525000000000000000e+01,1.531619849435725337e+04
2.527083333333333215e+01,1.359368249861287404e+04
2.529166666666666430e+01,1.382434272288504144e+04
2.531250000000000000e+01,1.526285884758595057e+04
2.533333333333333215e+01,1.454840789365465753e+04
2.535416666666666430e+01,1.420242004057949816e+04
2.537500000000000000e+01,1.472352704417934001e+04
2.539583333333333215e+01,1.482040201181686280e+04
2.541666666666666430e+01,1.444905062582483515e+04
2.543750000000000000e+01,1.457992628023737780e+04
2.545833333333333215e+01,1.440070940641010748e+04
2.547916666666666430e+01,1.358753921070386423e+04
2.550000000000000000e+01,1.498357642194671280e+04
2.552083333333333215e+01,1.530033537913676264e+04
2.554166666666666430e+01,1.364606666103524913e+04
2.556250000000000000e+01,1.410852767784319440e+04
2.558333333333333215e+01,1.531481482688415781e+04
2.560416666666666430e+01,1.506395698723166424e+04
2.562500000000000000e+01,1.280024297282058615e+04
2.564583333333333215e+01,1.347787027126954490e+04
2.566666666666666430e+01,1.562951497428341099e+04
2.568750000000000000e+01,1.462766498336429140e+04
2.570833333333333215e+01,1.272750843992577938e+04
2.572916666666666430e+01,1.504342689335940668e+04
2.575000000000000000e+01,1.573898565655077618e+04
2.577083333333333215e+01,1.358658765578459861e+04
2.579166666666666430e+01,1.351412498340833190e+04
2.581250000000000000e+01,1.530648087970848792e+04
2.583333333333333215e+01,1.483816872641459850e+04
2.585416666666666430e+01,1.340405558600341465e+04
2.587500000000000000e+01,1.444584571523353952e+04
2.589583333333333215e+01,1.518966061808769155e+04
2.591666666666666430e+01,1.445509882113729691e+04
2.593750000000000000e+01,1.364797560823863023e+04
2.595833333333333215e+01,1.470806457244970807e+04
2.597916666666666430e+01,1.461763173936294697e+04
2.600000000000000000e+01,1.482071769082659739e+04
2.602083333333333215e+01,1.444437924782868868e+04
2.604166666666666430e+01,1.378854709313137209e+04
2.606250000000000000e+01,1.444692530399921816e+04
2.608333333333333215e+01,1.547764662329905332e+04
2.610416666666666430e+01,1.446276589451128166e+04
2.612500000000000000e+01,1.416255820185085031e+04
2.614583333333333215e+01,1.533310497674941507e+04
2.616666666666666430e+01,1.521886971970903687e+04
2.618750000000000000e+01,1.372217603265903381e+04
2.620833333333333215e+01,1.398659403249442403e+04
2.622916666666666430e+01,1.594091192696001963e+04
2.625000000000000000e+01,1.480237033893991247e+04
2.627083333333333215e+01,1.274959792405030748e+04
2.629166666666666430e+01,1.430209880640117990e+04
2.631250000000000000e+01,1.617113898159115706e+04
2.633333333333333215e+01,1.422787466726535058e+04
2.635416666666666430e+01,1.278565573946484801e+04
2.637500000000000000e+01,1.525394467771072959e+04
2.639583333333333215e+01,1.565324454540173974e+04
2.641666666666666430e+01,1.345601840620687290e+04
2.643750000000000000e+01,1.347971454544093285e+04
2.645833333333333215e+01,1.530428990156327200e+04
2.647916666666666430e+01,1.492416174316671822e+04
2.650000000000000000e+01,1.366317314391394757e+04
2.652083333333333215e+01,1.444102931730223281e+04
2.654166666666666430e+01,1.463379946605787336e+04
2.656250000000000000e+01,1.444623511281415267e+04
2.658333333333333215e+01,1.462198035386084302e+04
2.660416666666666430e+01,1.443516629020182518e+04
2.662500000000000000e+01,1.359678281746807261e+04
2.664583333333333215e+01,1.495190848551972158e+04
2.666666666666666430e+01,1.530422456070948101e+04
2.668750000000000000e+01,1.373606391291074397e+04
2.670833333333333215e+01,1.358610478841956865e+04
2.672916666666666430e+01,1.550423158101113222e+04
2.675000000000000000e+01,1.526112959055183092e+04
2.677083333333333215e+01,1.298918086313350432e+04
2.679166666666666430e+01,1.412892156182906183e+04
2.681250000000000000e+01,1.616218878618720191e+04
2.683333333333333215e+01,1.444875133446033215e+04
2.685416666666666430e+01,1.272839758859259018e+04
2.687500000000000000e+01,1.461204498782884912e+04
2.689583333333333215e+01,1.581366808844827756e+04
2.691666666666666430e+01,1.339662099824297547e+04
2.693750000000000000e+01,1.326281197277516185e+04
2.695833333333333215e+01,1.527706196951535458e+04
2.697916666666666430e+01,1.528359308729687109e+04
2.700000000000000000e+01,1.345367164767574650e+04
2.702083333333333215e+01,1.452090538331745120e+04
2.704166666666666430e+01,1.507076518216739350e+04
2.706250000000000000e+01,1.392627519598237632e+04
2.708333333333333215e+01,1.423653232340985051e+04
2.710416666666666430e+01,1.530399663958976817e+04
2.712500000000000000e+01,1.438703366075229133e+04
2.714583333333333215e+01,1.358877314022017526e+04
2.716666666666666430e+01,1.484390087981543547e+04
2.718750000000000000e+01,1.495909683400958238e+04
2.720833333333333215e+01,1.371697126995379585e+04
2.722916666666666430e+01,1.427431984625397308e+04
2.725000000000000000e+01,1.530719998711797598e+04
2.727083333333333215e+01,1.432849506365921479e+04
2.729166666666666430e+01,1.369382334047891345e+04
2.731250000000000000e+01,1.517937578113446580e+04
2.733333333333333215e+01,1.491908502285893701e+04
2.735416666666666430e+01,1.339205405623706611e+04
2.737500000000000000e+01,1.445310085095078830e+04
2.739583333333333215e+01,1.530695756936502585e+04
2.741666666666666430e+01,1.405847956201420675e+04
2.743750000000000000e+01,1.363972453995302567e+04
2.745833333333333215e+01,1.521860538665919375e+04
2.747916666666666430e+01,1.484419142792006824e+04
2.750000000000000000e+01,1.365707008517820577e+04
2.752083333333333215e+01,1.437121401996858185e+04
2.754166666666666430e+01,1.530450073043274824e+04
2.756250000000000000e+01,1.411995483093175790e+04
2.758333333333333215e+01,1.393825522100873422e+04
2.760416666666666430e+01,1.530243732457082660e+04
2.762500000000000000e+01,1.471205488966698977e+04
2.764583333333333215e+01,1.376392192976243678e+04
2.766666666666666430e+01,1.425677004939287508e+04
2.768750000000000000e+01,1.479174634572726063e+04
2.770833333333333215e+01,1.401022790038327730e+04
2.772916666666666430e+01,1.374077078674847144e+04
2.775000000000000000e+01,1.534291179242392536e+04
2.777083333333333215e+01,1.466908591134962990e+04
2.779166666666666430e+01,1.357720007317400814e+04
2.781250000000000000e+01,1.460783428271836237e+04
2.783333333333333215e+01,1.523181830646656817e+04
2.785416666666666430e+01,1.353892234320577700e+04
2.787500000000000000e+01,1.371520539652915249e+04
2.789583333333333215e+01,1.530584456220985885e+04
2.791666666666666430e+01,1.493501692754346732e+04
2.793750000000000000e+01,1.359089142476064808e+04
2.795833333333333215e+01,1.415543755397829955e+04
2.797916666666666430e+01,1.530926090414171267e+04
2.800000000000000000e+01,1.440152963612587337e+04
2.802083333333333215e+01,1.395392648879216722e+04
2.804166666666666430e+01,1.475172215523973500e+04
2.806250000000000000e+01,1.465678943707280268e+04
2.808333333333333215e+01,1.435435118019551373e+04
2.810416666666666430e+01,1.455175468360609739e+04
2.812500000000000000e+01,1.444699421813103254e+04
2.814583333333333215e+01,1.401218168664068435e+04
2.816666666666666430e+01,1.482311500785751559e+04
2.818750000000000000e+01,1.530265515315221273e+04
2.820833333333333215e+01,1.376469447891742675e+04
2.822916666666666430e+01,1.358375577083687676e+04
2.825000000000000000e+01,1.544317860638837010e+04
2.827083333333333215e+01,1.530046167361597691e+04
2.829166666666666430e+01,1.281457288801958202e+04
2.831250000000000000e+01,1.398866473308742934e+04
2.833333333333333215e+01,1.605368042595858424e+04
2.835416666666666430e+01,1.465398557803661970e+04
2.837500000000000000e+01,1.272393629323679488e+04
2.839583333333333215e+01,1.511540507594478186e+04
2.841666666666666430e+01,1.623297642272575831e+04
2.843750000000000000e+01,1.379398263388915075e+04
2.845833333333333215e+01,1.341766411258709195e+04
2.847916666666666430e+01,1.539888746443522177e+04
2.850000000000000000e+01,1.555699337708204257e+04
2.852083333333333215e+01,1.362494592361972173e+04
2.854166666666666430e+01,1.371220421182839345e+04
2.856250000000000000e+01,1.550180987464932696e+04
2.858333333333333215e+01,1.462597982574641719e+04
2.860416666666666430e+01,1.407976882501453292e+04
2.862500000000000000e+01,1.469734979328886766e+04
2.864583333333333215e+01,1.468768542261857874e+04
2.866666666666666430e+01,1.424641292555559266e+04
2.868750000000000000e+01,1.453377340838367672e+04
2.870833333333333215e+01,1.448012107347601705e+04
2.872916666666666430e+01,1.377510594057871640e+04
2.875000000000000000e+01,1.481811190725089546e+04
2.877083333333333215e+01,1.530249031595527777e+04
2.879166666666666430e+01,1.379906674111642496e+04
2.881250000000000000e+01,1.380181296923771151e+04
2.883333333333333215e+01,1.551013997570512220e+04
2.885416666666666430e+01,1.525284889906134413e+04
2.887500000000000000e+01,1.278794326503988486e+04
2.889583333333333215e+01,1.407484824761443815e+04
2.891666666666666430e+01,1.613417010066275907e+04
2.893750000000000000e+01,1.419756144489974031e+04
2.895833333333333215e+01,1.272907518727764182e+04
2.897916666666666430e+01,1.467329775078981038e+04
2.900000000000000000e+01,1.605412084907847384e+04
2.902083333333333215e+01,1.348694081270754759e+04
2.904166666666666430e+01,1.334151256911801465e+04
2.906250000000000000e+01,1.530553456192461454e+04
2.908333333333333215e+01,1.515459578349705407e+04
2.910416666666666430e+01,1.345599188488972504e+04
2.912500000000000000e+01,1.440715315502403610e+04
2.914583333333333215e+01,1.488811702666641941e+04
2.916666666666666430e+01,1.447150922992839696e+04
2.918750000000000000e+01,1.428722093568459604e+04
2.920833333333333215e+01,1.481255235558760251e+04
2.922916666666666430e+01,1.428500177132414319e+04
2.925000000000000000e+01,1.427580510147332097e+04
2.927083333333333215e+01,1.519679404304521813e+04
2.929166666666666430e+01,1.398378067333846411e+04
2.931250000000000000e+01,1.358654258709286296e+04
2.933333333333333215e+01,1.522190752127372252e+04
2.935416666666666430e+01,1.530740909557141276e+04
2.937500000000000000e+01,1.345379234050111336e+04
2.939583333333333215e+01,1.394134074686920940e+04
2.941666666666666430e+01,1.616305903100438445e+04
2.943750000000000000e+01,1.469796806051865497e+04
2.945833333333333215e+01,1.272931917761045406e+04
2.947916666666666430e+01,1.444619273881576373e+04
2.950000000000000000e+01,1.597331199287572963e+04
2.952083333333333215e+01,1.363948868199775097e+04
2.954166666666666430e+01,1.296838170268464091e+04
2.956250000000000000e+01,1.544410800601054143e+04
2.958333333333333215e+01,1.548880924975877133e+04
2.960416666666666430e+01,1.358578610477908296e+04
2.962500000000000000e+01,1.373678453537384121e+04
2.964583333333333215e+01,1.528922066929611901e+04
2.966666666666666430e+01,1.451561983780875744e+04
2.968750000000000000e+01,1.387394681369204045e+04
2.970833333333333215e+01,1.444318301752410844e+04
2.972916666666666430e+01,1.460943940244927217e+04
2.975000000000000000e+01,1.444419653049379849e+04
2.977083333333333215e+01,1.478990808004520295e+04
2.979166666666666430e+01,1.448838077544551561e+04
2.981250000000000000e+01,1.370705002472441993e+04
2.983333333333333215e+01,1.494141057587300747e+04
2.985416666666666430e+01,1.530234992343862177e+04
2.987500000000000000e+01,1.367192444316758338e+04
2.989583333333333215e+01,1.391873562071987180e+04
2.991666666666666430e+01,1.559021851549105122e+04
2.993750000000000000e+01,1.493030026114025532e+04
2.995833333333333215e+01,1.262011701762858138e+04
2.997916666666666430e+01,1.413073644144304490e+04
3.000000000000000000e+01,1.587087307426842381e+04
3.002083333333333215e+01,1.430737693122254495e+04
3.004166666666666430e+01,1.273945691641929807e+04
3.006250000000000000e+01,1.510607476353213497e+04
3.008333333333333215e+01,1.535293795829323790e+04
3.010416666666666430e+01,1.358583131763743950e+04
3.012500000000000000e+01,1.352762756055690988e+04
3.014583333333333215e+01,1.530579348591925736e+04
3.016666666666666430e+01,1.489752679416249521e+04
3.018750000000000000e+01,1.381879586647673204e+04
3.020833333333333215e+01,1.467851672589930240e+04
3.022916666666666430e+01,1.472164615538397629e+04
3.025000000000000000e+01,1.444137783071319791e+04
3.027083333333333215e+01,1.412935753257134638e+04
3.029166666666666430e+01,1.445052106495594489e+04
3.031250000000000000e+01,1.430053589649670175e+04
3.033333333333333215e+01,1.467604847136951867e+04
3.035416666666666430e+01,1.520547045972157503e+04
3.037500000000000000e+01,1.381000228106862050e+04
3.039583333333333215e+01,1.358758499616762492e+04
3.041666666666666430e+01,1.527266362323382054e+04
3.043750000000000000e+01,1.530915552796841439e+04
3.045833333333333215e+01,1.310218194504019993e+04
3.047916666666666430e+01,1.412281613858120545e+04
3.050000000000000000e+01,1.596505752243035022e+04
3.052083333333333215e+01,1.458124019369590314e+04
3.054166666666666430e+01,1.272872580058379390e+04
3.056250000000000000e+01,1.450521220648630333e+04
3.058333333333333215e+01,1.616672508684815693e+04
3.060416666666666430e+01,1.381472949942815831e+04
3.062500000000000000e+01,1.306109082527865030e+04
3.064583333333333215e+01,1.509698485617497499e+04
3.066666666666666430e+01,1.538435134982785894e+04
3.068750000000000000e+01,1.328587595942863845e+04
3.070833333333333215e+01,1.374477054456353289e+04
3.072916666666666430e+01,1.527459265820276778e+04
3.075000000000000000e+01,1.468386703927336930e+04
3.077083333333333215e+01,1.385272839386724445e+04
3.079166666666666430e+01,1.450713708303112435e+04
3.081250000000000000e+01,1.467479693560087617e+04
3.083333333333333215e+01,1.443906613309274326e+04
3.085416666666666430e+01,1.450409205996786113e+04
3.087500000000000000e+01,1.474085091654648204e+04
3.089583333333333215e+01,1.409437495236713585e+04
3.091666666666666430e+01,1.460617969383340824e+04
3.093750000000000000e+01,1.522368905190944861e+04
3.095833333333333215e+01,1.376634759413639040e+04
3.097916666666666430e+01,1.358843786865504808e+04
3.100000000000000000e+01,1.543769364290157682e+04
3.102083333333333215e+01,1.530540306964168849e+04
3.104166666666666430e+01,1.284878896016522776e+04
3.106250000000000000e+01,1.396209843835753782e+04
3.108333333333333215e+01,1.579329183671173087e+04
3.110416666666666430e+01,1.467526608384961946e+04
3.112500000000000000e+01,1.296214375623044543e+04
3.114583333333333215e+01,1.453834046383418536e+04
3.116666666666666430e+01,1.600353416724011913e+04
3.118750000000000000e+01,1.376396339570876080e+04
3.120833333333333215e+01,1.312313349172374728e+04
3.122916666666666430e+01,1.530195319065620060e+04
3.125000000000000000e+01,1.530514260608008044e+04
3.127083333333333215e+01,1.335142984281620375e+04
3.129166666666666430e+01,1.387407042029745571e+04
3.131250000000000000e+01,1.530142317637851738e+04
3.133333333333333215e+01,1.445618080962741806e+04
3.135416666666666430e+01,1.421292301812680307e+04
3.137500000000000000e+01,1.478699747587932870e+04
3.139583333333333215e+01,1.443350934984016203e+04
3.141666666666666430e+01,1.412292556379193775e+04
3.143750000000000000e+01,1.497794207642485344e+04
3.145833333333333215e+01,1.462287979567585353e+04
3.147916666666666430e+01,1.362689688795468101e+04
3.150000000000000000e+01,1.458521691578896207e+04
3.152083333333333215e+01,1.532255448338221686e+04
3.154166666666666430e+01,1.470677629012223042e+04
3.156250000000000000e+01,1.327631022552827926e+04
3.158333333333333215e+01,1.509697206069472304e+04
3.160416666666666430e+01,1.511270801044895052e+04
3.162500000000000000e+01,1.358924591656788471e+04
3.164583333333333215e+01,1.421951155892386305e+04
3.166666666666666430e+01,1.530515602123865392e+04
3.168750000000000000e+01,1.443803062043461250e+04
3.170833333333333215e+01,1.358780201971578572e+04
3.172916666666666430e+01,1.469107120066144125e+04
3.175000000000000000e+01,1.502072383516955597e+04
3.177083333333333215e+01,1.385791452189965275e+04
3.179166666666666430e+01,1.426834961381930771e+04
3.181250000000000000e+01,1.530524841385507898e+04
3.183333333333333215e+01,1.431937007939792602e+04
3.185416666666666430e+01,1.358996707291045459e+04
3.187500000000000000e+01,1.523404408070438149e+04
3.189583333333333215e+01,1.487103582073694997e+04
3.191666666666666430e+01,1.358204278012830036e+04
3.193750000000000000e+01,1.419860430678197008e+04
3.195833333333333215e+01,1.530407675072773418e+04
3.197916666666666430e+01,1.431570309567037111e+04
3.200000000000000000e+01,1.359582086318642178e+04
3.202083333333332860e+01,1.482402791344398065e+04
3.204166666666666430e+01,1.487897144189807659e+04
3.206250000000000000e+01,1.413241349176073709e+04
3.208333333333332860e+01,1.444619589163613273e+04
3.210416666666666430e+01,1.451870256633243480e+04
3.212500000000000000e+01,1.437400013435916117e+04
3.214583333333332860e+01,1.450830850098534574e+04
3.216666666666666430e+01,1.520138582926502932e+04
3.218750000000000000e+01,1.393247804695267041e+04
3.220833333333332860e+01,1.367262833510373093e+04
3.222916666666666430e+01,1.527053354591533207e+04
3.225000000000000000e+01,1.530490449509290556e+04
3.227083333333332860e+01,1.274290827689203797e+04
3.229166666666666430e+01,1.353244590375710322e+04
3.231250000000000000e+01,1.562095448493026925e+04
3.233333333333332860e+01,1.463592729085909014e+04
3.235416666666666430e+01,1.300652734380216134e+04
3.237500000000000000e+01,1.441932726866298617e+04
3.239583333333332860e+01,1.568945492884323903e+04
3.241666666666666430e+01,1.393514845055001206e+04
3.243750000000000000e+01,1.376531356541317655e+04
3.245833333333332860e+01,1.551557739310295801e+04
3.247916666666666430e+01,1.466314261002643252e+04
3.250000000000000000e+01,1.340494019626077716e+04
3.252083333333332860e+01,1.459060303985246355e+04
3.254166666666666430e+01,1.530728464163632088e+04
3.256250000000000000e+01,1.372517644268682488e+04
3.258333333333332860e+01,1.400170194696684121e+04
3.260416666666666430e+01,1.530220813798735253e+04
3.262500000000000000e+01,1.463766103887614736e+04
3.264583333333332860e+01,1.358049624212757408e+04
3.266666666666666430e+01,1.460378116186484840e+04
3.268750000000000000e+01,1.528123206902959646e+04
3.270833333333332860e+01,1.379026885897682951e+04
3.272916666666666430e+01,1.406610641369914811e+04
3.275000000000000000e+01,1.495975789117448949e+04
3.277083333333332860e+01,1.463575404469660498e+04
3.279166666666666430e+01,1.358777700370345337e+04
3.281250000000000000e+01,1.510172966201467716e+04
3.283333333333332860e+01,1.524236541094455606e+04
3.285416666666666430e+01,1.307500630677893423e+04
3.287500000000000000e+01,1.414610729416654794e+04
3.289583333333332860e+01,1.616202873146227648e+04
3.291666666666666430e+01,1.417361066523931731e+04
3.293750000000000000e+01,1.272861241823398086e+04
3.295833333333332860e+01,1.489582445448669387e+04
3.297916666666666430e+01,1.602940319508281391e+04
3.300000000000000000e+01,1.358170985393333831e+04
3.302083333333332860e+01,1.329351653771050405e+04
3.304166666666666430e+01,1.609165662314211295e+04
3.306250000000000000e+01,1.574153537677430722e+04
3.308333333333332860e+01,1.451210646482994707e+04
3.310416666666666430e+01,1.436860696952584112e+04
3.312500000000000000e+01,1.427738048198685647e+04
3.314583333333332860e+01,1.452683591974744195e+04
3.316666666666666430e+01,1.500142902651750046e+04
3.318750000000000000e+01,1.447809128125676216e+04
3.320833333333332860e+01,1.372420251621787975e+04
3.322916666666666430e+01,1.446162011942199752e+04
3.325000000000000000e+01,1.537763131422219885e+04
3.327083333333332860e+01,1.444674179939220994e+04
3.329166666666666430e+01,1.276579391893810680e+04
3.331250000000000000e+01,1.485449583947431529e+04
3.333333333333332860e+01,1.594440216705630519e+04
3.335416666666666430e+01,1.382999200800886319e+04
3.337500000000000000e+01,1.273101433911927597e+04
3.339583333333332860e+01,1.527067901364194768e+04
3.341666666666666430e+01,1.617580122486552864e+04
3.343750000000000000e+01,1.309760976484325874e+04
3.345833333333332860e+01,1.291565195048779788e+04
3.347916666666666430e+01,1.616864397853347691e+04
3.350000000000000000e+01,1.545369022943417804e+04
3.352083333333332860e+01,1.273069518516652897e+04
3.354166666666666430e+01,1.351638478601232055e+04
3.356250000000000000e+01,1.616971970170336135e+04
3.358333333333332860e+01,1.487018251631843668e+04
3.360416666666666430e+01,1.287195715762165128e+04
3.362500000000000000e+01,1.385056931886401799e+04
3.364583333333332860e+01,1.452182840259553268e+04
3.366666666666666430e+01,1.423168197597081598e+04
3.368750000000000000e+01,1.425248988617988653e+04
3.370833333333332860e+01,1.477456619404960293e+04
3.372916666666666430e+01,1.401039468495372057e+04
3.375000000000000000e+01,1.460931412339406597e+04
3.377083333333332860e+01,1.528533587291765434e+04
3.379166666666666430e+01,1.374390050026095923e+04
3.381250000000000000e+01,1.387194720427810171e+04
3.383333333333332860e+01,1.546127931850685127e+04
3.385416666666666430e+01,1.527908810784093657e+04
3.387500000000000000e+01,1.280721024540806320e+04
3.389583333333332860e+01,1.403526222401203995e+04
3.391666666666666430e+01,1.616345518732119672e+04
3.393750000000000000e+01,1.462275686538493028e+04
3.395833333333332860e+01,1.273223903035035983e+04
3.397916666666666430e+01,1.459004152369207804e+04
3.400000000000000000e+01,1.616601362512058768e+04
3.402083333333332860e+01,1.328950947937449018e+04
3.404166666666666430e+01,1.313960510083054032e+04
3.406250000000000000e+01,1.561532063838037720e+04
3.408333333333332860e+01,1.516355067753833282e+04
3.410416666666666430e+01,1.305682351066107367e+04
3.412500000000000000e+01,1.393211516470539209e+04
3.414583333333332860e+01,1.609679681409587283e+04
3.416666666666666430e+01,1.411197036679062148e+04
3.418750000000000000e+01,1.325031625379633260e+04
3.420833333333332860e+01,1.490414093068406873e+04
3.422916666666666430e+01,1.533176388012737152e+04
3.425000000000000000e+01,1.365287792479083146e+04
3.427083333333332860e+01,1.428770711182114974e+04
3.429166666666666430e+01,1.511382687728482051e+04
3.431250000000000000e+01,1.449680859900997166e+04
3.433333333333332860e+01,1.489961851298555484e+04
3.435416666666666430e+01,1.448564179090377002e+04
3.437500000000000000e+01,1.343708162789674316e+04
3.439583333333332860e+01,1.427381878566990417e+04
3.441666666666666430e+01,1.582832270188581970e+04
3.443750000000000000e+01,1.404255294199918717e+04
3.445833333333332860e+01,1.318642107336994377e+04
3.447916666666666430e+01,1.514427256856306121e+04
3.450000000000000000e+01,1.531207895436347826e+04
3.452083333333332860e+01,1.359247993598519679e+04
3.454166666666666430e+01,1.365617291549332003e+04
3.456250000000000000e+01,1.593595310392264219e+04
3.458333333333332860e+01,1.468909165232862142e+04
3.460416666666666430e+01,1.272993534303870183e+04
3.462500000000000000e+01,1.436767179919180489e+04
3.464583333333332860e+01,1.616954222012915852e+04
3.466666666666666430e+01,1.383094628562233265e+04
3.468750000000000000e+01,1.283548202862359176e+04
3.470833333333332860e+01,1.530582884226661554e+04
3.472916666666666430e+01,1.565509713660705165e+04
3.475000000000000000e+01,1.359323555348679656e+04
3.477083333333332860e+01,1.339272726329530997e+04
3.479166666666666430e+01,1.553321230854526220e+04
3.481250000000000000e+01,1.516519826465847655e+04
3.483333333333332860e+01,1.358915811268824109e+04
3.485416666666666430e+01,1.430252269748363688e+04
3.487500000000000000e+01,1.489046076455066577e+04
3.489583333333332860e+01,1.481866319925277639e+04
3.491666666666666430e+01,1.477147017877926919e+04
3.493750000000000000e+01,1.480972044843362528e+04
3.495833333333332860e+01,1.428568295625737301e+04
3.497916666666666430e+01,1.462478005242906147e+04
3.500000000000000000e+01,1.534576100251354728e+04
3.502083333333332860e+01,1.412151836677763276e+04
3.504166666666666430e+01,1.359893128234157484e+04
3.506250000000000000e+01,1.506276551275269594e+04
3.508333333333332860e+01,1.531641390336071345e+04
3.510416666666666430e+01,1.321355007815135468e+04
3.512500000000000000e+01,1.370648585983151133e+04
3.514583333333332860e+01,1.616404619073854337e+04
3.516666666666666430e+01,1.473876953517877701e+04
3.518750000000000000e+01,1.272857219465749949e+04
3.520833333333332860e+01,1.438901471530794879e+04
3.522916666666666430e+01,1.616538649993741274e+04
3.525000000000000000e+01,1.402780172377231065e+04
3.527083333333332860e+01,1.293562977676008086e+04
3.529166666666666430e+01,1.530653672583402295e+04
3.531250000000000000e+01,1.545669377718124451e+04
3.533333333333332860e+01,1.358612885078115869e+04
3.535416666666666430e+01,1.381789597165281521e+04
3.537500000000000000e+01,1.523380053845130897e+04
3.539583333333332860e+01,1.421310807648502669e+04
3.541666666666666430e+01,1.414364501181060768e+04
3.543750000000000000e+01,1.444499083123811215e+04
3.545833333333332860e+01,1.448915063154876407e+04
3.547916666666666430e+01,1.444844453689696456e+04
3.550000000000000000e+01,1.483561334044447722e+04
3.552083333333332860e+01,1.440228103276930051e+04
3.554166666666666430e+01,1.358495567568274782e+04
3.556250000000000000e+01,1.508927813604920448e+04
3.558333333333332860e+01,1.530510058358935567e+04
3.560416666666666430e+01,1.349945863147268028e+04
3.562500000000000000e+01,1.384735702509812836e+04
3.564583333333332860e+01,1.607391407261124186e+04
3.566666666666666430e+01,1.423556781636697997e+04
3.568750000000000000e+01,1.238673157327864465e+04
3.570833333333332860e+01,1.407739328034552454e+04
3.572916666666666430e+01,1.585101872597961119e+04
3.575000000000000000e+01,1.386952582360941597e+04
3.577083333333332860e+01,1.273538712496295921e+04
3.579166666666666430e+01,1.519829551051412272e+04
3.581250000000000000e+01,1.563395793296251941e+04
3.583333333333332860e+01,1.357167903343943181e+04
3.585416666666666430e+01,1.349032307031840901e+04
3.587500000000000000e+01,1.529840992705717872e+04
3.589583333333332860e+01,1.494035010440312908e+04
3.591666666666666430e+01,1.370374264399132880e+04
3.593750000000000000e+01,1.448744971591472495e+04
3.595833333333332860e+01,1.471987290471937740e+04
3.597916666666666430e+01,1.444060803397804557e+04
3.600000000000000000e+01,1.448466173162202540e+04
3.602083333333332860e+01,1.470272497116497834e+04
3.604166666666666430e+01,1.398324681546122883e+04
3.606250000000000000e+01,1.451076142087650078e+04
3.608333333333332860e+01,1.530371358559775035e+04
3.610416666666666430e+01,1.381314092692542908e+04
3.612500000000000000e+01,1.388945409390605346e+04
3.614583333333332860e+01,1.543158162470386378e+04
3.616666666666666430e+01,1.505937908628097648e+04
3.618750000000000000e+01,1.284177686506892496e+04
3.620833333333332860e+01,1.397901824322668836e+04
3.622916666666666430e+01,1.608772451052769611e+04
3.625000000000000000e+01,1.468659097652348646e+04
3.627083333333332860e+01,1.272499395834623283e+04
3.629166666666666430e+01,1.447798141698750987e+04
3.631250000000000000e+01,1.579908993714589451e+04
3.633333333333332860e+01,1.384577177972607024e+04
3.635416666666666430e+01,1.349843175496770345e+04
3.637500000000000000e+01,1.530707121150623061e+04
3.639583333333332860e+01,1.485130236186805996e+04
3.641666666666666430e+01,1.358694318465270771e+04
3.643750000000000000e+01,1.474416488705701340e+04
3.645833333333332860e+01,1.523228864139426150e+04
3.647916666666666430e+01,1.283459363014573319e+04
3.650000000000000000e+01,1.404564276179313674e+04
3.652083333333332860e+01,1.604235231152717824e+04
3.654166666666666430e+01,1.446908908585533572e+04
3.656250000000000000e+01,1.270379628706954463e+04
3.658333333333332860e+01,1.492443595876789186e+04
3.660416666666666430e+01,1.599185067119684027e+04
3.662500000000000000e+01,1.357636689739264330e+04
3.664583333333332860e+01,1.328782399146554235e+04
3.666666666666666430e+01,1.530224831768513468e+04
3.668750000000000000e+01,1.534633610008659889e+04
3.670833333333332860e+01,1.332527546063792761e+04
3.672916666666666430e+01,1.397531718471076965e+04
3.675000000000000000e+01,1.510682945271536300e+04
3.677083333333332860e+01,1.444204019519589929e+04
3.679166666666666430e+01,1.440830127357334641e+04
3.681250000000000000e+01,1.463651634662819561e+04
3.683333333333332860e+01,1.444242653206565592e+04
3.685416666666666430e+01,1.445323600120739502e+04
3.687500000000000000e+01,1.520634757413665648e+04
3.689583333333332860e+01,1.403049927592519452e+04
3.691666666666666430e+01,1.358430615718990157e+04
3.693750000000000000e+01,1.489037502312520883e+04
3.695833333333332860e+01,1.530424751642298725e+04
3.697916666666666430e+01,1.349912008222801160e+04
3.700000000000000000e+01,1.371391047968620478e+04
3.702083333333332860e+01,1.594442532150913030e+04
3.704166666666666430e+01,1.493759498874455676e+04
3.706250000000000000e+01,1.272484272580539982e+04
3.708333333333332860e+01,1.427095132232959077e+04
3.710416666666666430e+01,1.602716337347458102e+04
3.712500000000000000e+01,1.427549396104523839e+04
3.714583333333332860e+01,1.273918831447583943e+04
3.716666666666666430e+01,1.519549049215294508e+04
3.718750000000000000e+01,1.562906221388735503e+04
3.720833333333332860e+01,1.335163840393510691e+04
3.722916666666666430e+01,1.338907393152810255e+04
3.725000000000000000e+01,1.525671607867358034e+04
3.727083333333332860e+01,1.503603633626845840e+04
3.729166666666666430e+01,1.359076584749801259e+04
3.731250000000000000e+01,1.434732420876557080e+04
3.733333333333332860e+01,1.489211125252232523e+04
3.735416666666666430e+01,1.444052726097953928e+04
3.737500000000000000e+01,1.431608326300255067e+04
3.739583333333332860e+01,1.481886493863675787e+04
3.741666666666666430e+01,1.433896230405513415e+04
3.743750000000000000e+01,1.426009797302115112e+04
3.745833333333332860e+01,1.525950355909904101e+04
3.747916666666666430e+01,1.407708372958039035e+04
3.750000000000000000e+01,1.358566098802394117e+04
3.752083333333332860e+01,1.518749666365866506e+04
3.754166666666666430e+01,1.530344367686749320e+04
3.756250000000000000e+01,1.328103822719607706e+04
3.758333333333332860e+01,1.396030558939160983e+04
3.760416666666666430e+01,1.615867852264213070e+04
3.762500000000000000e+01,1.452316577966180193e+04
3.764583333333332860e+01,1.272994789889672757e+04
3.766666666666666430e+01,1.456344577116464279e+04
3.768750000000000000e+01,1.595506950886307095e+04
3.770833333333332860e+01,1.358538932782382835e+04
3.772916666666666430e+01,1.308836940223026613e+04
3.775000000000000000e+01,1.530318040569190271e+04
3.777083333333332860e+01,1.549485000444242178e+04
3.779166666666666430e+01,1.357548743723995722e+04
3.781250000000000000e+01,1.373962793148339188e+04
3.783333333333332860e+01,1.525281919502331948e+04
3.785416666666666430e+01,1.441154210407092251e+04
3.787500000000000000e+01,1.414350524918153678e+04
3.789583333333332860e+01,1.468737253400542977e+04
3.791666666666666430e+01,1.443942997241220655e+04
3.793750000000000000e+01,1.430580737810818755e+04
3.795833333333332860e+01,1.496948053090758185e+04
3.797916666666666430e+01,1.419921370257018862e+04
3.800000000000000000e+01,1.382651435009120542e+04
3.802083333333332860e+01,1.501972170283130617e+04
3.804166666666666430e+01,1.530080320166163074e+04
3.806250000000000000e+01,1.470784759106183628e+04
3.808333333333332860e+01,1.370218936165888226e+04
3.810416666666666430e+01,1.494060005100570561e+04
3.812500000000000000e+01,1.517354475242284025e+04
3.814583333333332860e+01,1.314173258212418659e+04
3.816666666666666430e+01,1.426958518480112616e+04
3.818750000000000000e+01,1.533308935516465863e+04
3.820833333333332860e+01,1.436543576237868547e+04
3.822916666666666430e+01,1.365390808048056351e+04
3.825000000000000000e+01,1.506220396086068286e+04
3.827083333333332860e+01,1.488039844958883623e+04
3.829166666666666430e+01,1.394663136037398363e+04
3.831250000000000000e+01,1.442208063711565046e+04
3.833333333333332860e+01,1.465818486038815172e+04
3.835416666666666430e+01,1.402700442585395649e+04
3.837500000000000000e+01,1.466642882567354900e+04
3.839583333333332860e+01,1.531637580218679796e+04
3.841666666666666430e+01,1.369007816355430259e+04
3.843750000000000000e+01,1.359066256534075728e+04
3.845833333333332860e+01,1.546144722089757488e+04
3.847916666666666430e+01,1.518413457005591408e+04
3.850000000000000000e+01,1.343998028950907246e+04
3.852083333333332860e+01,1.468954763871036994e+04
3.854166666666666430e+01,1.642876165323051464e+04
3.856250000000000000e+01,1.444580565102967739e+04
3.858333333333332860e+01,1.291501985441270153e+04
3.860416666666666430e+01,1.558021833608963789e+04
3.862500000000000000e+01,1.566546112558640380e+04
3.864583333333332860e+01,1.331903597808075938e+04
3.866666666666666430e+01,1.344371962885245739e+04
3.868750000000000000e+01,1.561173681022791061e+04
3.870833333333332860e+01,1.486793306944420692e+04
3.872916666666666430e+01,1.347507459876604480e+04
3.875000000000000000e+01,1.445084698540369209e+04
3.877083333333332860e+01,1.469557408525875144e+04
3.879166666666666430e+01,1.444977239466094761e+04
3.881250000000000000e+01,1.444644229057125267e+04
3.883333333333332860e+01,1.483762423836012022e+04
3.885416666666666430e+01,1.410909274843952880e+04
3.887500000000000000e+01,1.463491722772115827e+04
3.889583333333332860e+01,1.530582677807131404e+04
3.891666666666666430e+01,1.384841826138820397e+04
3.893750000000000000e+01,1.359067786814037390e+04
3.895833333333332860e+01,1.520259993504425802e+04
3.897916666666666430e+01,1.530602304251579335e+04
3.900000000000000000e+01,1.316905134406178695e+04
3.902083333333332860e+01,1.374403600739519970e+04
3.904166666666666430e+01,1.599196708643619058e+04
3.906250000000000000e+01,1.465300604326536995e+04
3.908333333333332860e+01,1.272656325471567106e+04
3.910416666666666430e+01,1.442033260196130141e+04
3.912500000000000000e+01,1.616714057512456202e+04
3.914583333333332860e+01,1.364168464680352190e+04
3.916666666666666430e+01,1.292848954403167590e+04
3.918750000000000000e+01,1.544199024313293557e+04
3.920833333333332860e+01,1.552267843932680989e+04
3.922916666666666430e+01,1.355328730797022945e+04
3.925000000000000000e+01,1.350855463719323234e+04
3.927083333333332860e+01,1.529315985133534559e+04
3.929166666666666430e+01,1.491023687057266943e+04
3.931250000000000000e+01,1.371514370014516317e+04
3.933333333333332860e+01,1.459266208110901061e+04
3.935416666666666430e+01,1.472164362621827604e+04
3.937500000000000000e+01,1.444377983088449764e+04
3.939583333333332860e+01,1.443225959497897566e+04
3.941666666666666430e+01,1.455715443465056887e+04
3.943750000000000000e+01,1.393657013273275152e+04
3.945833333333332860e+01,1.473712493429768074e+04
3.947916666666666430e+01,1.530657891840080265e+04
3.950000000000000000e+01,1.366930347714352683e+04
3.952083333333332860e+01,1.358595341284312963e+04
3.954166666666666430e+01,1.566402280759250789e+04
3.956250000000000000e+01,1.514242473927733226e+04
3.958333333333332860e+01,1.272679709644029572e+04
3.960416666666666430e+01,1.418725599983783832e+04
3.962500000000000000e+01,1.607522806203578148e+04
3.964583333333332860e+01,1.440790013541559529e+04
3.966666666666666430e+01,1.272804311107318426e+04
3.968750000000000000e+01,1.509749006968660615e+04
3.970833333333332860e+01,1.548673465039896837e+04
3.972916666666666430e+01,1.358579934328260788e+04
3.975000000000000000e+01,1.390425685200523731e+04
3.977083333333332860e+01,1.530968602208795710e+04
3.979166666666666430e+01,1.438959992057750424e+04
3.981250000000000000e+01,1.372470263870424969e+04
3.983333333333332860e+01,1.530489268442718094e+04
3.985416666666666430e+01,1.473048154661479566e+04
3.987500000000000000e+01,1.352708585317452525e+04
3.989583333333332860e+01,1.412133300905258147e+04
3.991666666666666430e+01,1.530707760094323385e+04
3.993750000000000000e+01,1.431986169437859280e+04
3.995833333333332860e+01,1.399581434050926327e+04
3.997916666666666430e+01,1.490253345152588008e+04
4.000000000000000000e+01,1.449069158315686582e+04
4.002083333333332860e+01,1.435440116988397858e+04
4.004166666666666430e+01,1.452781202818457314e+04
4.006250000000000000e+01,1.441095223446944510e+04
4.008333333333332860e+01,1.364854567074865190e+04
4.010416666666666430e+01,1.485767299635931704e+04
4.012500000000000000e+01,1.529313665919010236e+04
4.014583333333332860e+01,1.375782836532689907e+04
4.016666666666666430e+01,1.358118157998019524e+04
4.018750000000000000e+01,1.511558435128415294e+04
4.020833333333332860e+01,1.530475439837515660e+04
4.022916666666666430e+01,1.298075052978221356e+04
4.025000000000000000e+01,1.392605381008970653e+04
4.027083333333332860e+01,1.616154997220824589e+04
4.029166666666666430e+01,1.467343141315286994e+04
4.031250000000000000e+01,1.272531950488461371e+04
4.033333333333332860e+01,1.466836633396671823e+04
4.035416666666666430e+01,1.616470950341038042e+04
4.037500000000000000e+01,1.383594707801257755e+04
4.039583333333332860e+01,1.305544914438496198e+04
4.041666666666666430e+01,1.530346076674781580e+04
4.043750000000000000e+01,1.524050637524258127e+04
4.045833333333332860e+01,1.352155813645374656e+04
4.047916666666666430e+01,1.380152539345416517e+04
4.050000000000000000e+01,1.524699379511818552e+04
4.052083333333332860e+01,1.448069655283286920e+04
4.054166666666666430e+01,1.409498014461511775e+04
4.056250000000000000e+01,1.444239661938878635e+04
4.058333333333332860e+01,1.453656238477406077e+04
4.060416666666666430e+01,1.444609873596303441e+04
4.062500000000000000e+01,1.474426896312589815e+04
4.064583333333332860e+01,1.448547887420327243e+04
4.066666666666666430e+01,1.359691596401074639e+04
4.068750000000000000e+01,1.507410406010261795e+04
4.070833333333332860e+01,1.530265174424826910e+04
4.072916666666666430e+01,1.365126664738685940e+04
4.075000000000000000e+01,1.364030800426804853e+04
4.077083333333332860e+01,1.603730798613864681e+04
4.079166666666666430e+01,1.182898318688321160e+04
4.081250000000000000e+01,1.137622663625208043e+04
4.083333333333332860e+01,1.410487183737629675e+04
4.085416666666666430e+01,1.538174087617260375e+04
4.087500000000000000e+01,1.320813624841651108e+04
4.089583333333332860e+01,1.262022770961835340e+04
4.091666666666666430e+01,1.572287091988995235e+04
4.093750000000000000e+01,1.580916981802676310e+04
4.095833333333332860e+01,1.296497948354388063e+04
4.097916666666666430e+01,1.330377458762659444e+04
4.100000000000000000e+01,1.614864781047312863e+04
4.102083333333332860e+01,1.518075185782936751e+04
4.104166666666666430e+01,1.428852308626415470e+04
4.106250000000000000e+01,1.541719688845434212e+04
4.108333333333332860e+01,1.624546026925034676e+04
4.110416666666666430e+01,1.484186272933759756e+04
4.112500000000000000e+01,1.364993231523126087e+04
4.114583333333332860e+01,1.460712802542416102e+04
4.116666666666666430e+01,1.515715058353377754e+04
4.118750000000000000e+01,1.451965083391207736e+04
4.120833333333332860e+01,1.451031258321587666e+04
4.122916666666666430e+01,1.443310720925270289e+04
4.125000000000000000e+01,1.446397318816700135e+04
4.127083333333332860e+01,1.460397329670162799e+04
4.129166666666666430e+01,1.445975891628948739e+04
4.131250000000000000e+01,1.425366834805062172e+04
4.133333333333332860e+01,1.443597093727992615e+04
4.135416666666666430e+01,1.523531742949744148e+04
4.137500000000000000e+01,1.399029348766760086e+04
4.139583333333332860e+01,1.393212514881176685e+04
4.141666666666666430e+01,1.472451720131554248e+04
4.143750000000000000e+01,1.495026494677177106e+04
4.145833333333332860e+01,1.388274661829750767e+04
4.147916666666666430e+01,1.413722647036467242e+04
4.150000000000000000e+01,1.521516471734307561e+04
4.152083333333332860e+01,1.423906122097143816e+04
4.154166666666666430e+01,1.376357102091737397e+04
4.156250000000000000e+01,1.507790166389115984e+04
4.158333333333332860e+01,1.530371753504413573e+04
4.160416666666666430e+01,1.349929978900542119e+04
4.162500000000000000e+01,1.350864530011187890e+04
4.164583333333332860e+01,1.566351002334797158e+04
4.166666666666666430e+01,1.583430393235758311e+04
4.168750000000000000e+01,1.384952778676101298e+04
4.170833333333332860e+01,1.452928995416056569e+04
4.172916666666666430e+01,1.551637637021180126e+04
4.175000000000000000e+01,1.464445374072169943e+04
4.177083333333332860e+01,1.367074066726089950e+04
4.179166666666666430e+01,1.490595904248660736e+04
4.181250000000000000e+01,1.521070582112290504e+04
4.183333333333332860e+01,1.360025931284842591e+04
4.185416666666666430e+01,1.417098218474520036e+04
4.187500000000000000e+01,1.523686048291549741e+04
4.189583333333332860e+01,1.452047549211238947e+04
4.191666666666666430e+01,1.359000761869019334e+04
4.193750000000000000e+01,1.487676055440433629e+04
4.195833333333332860e+01,1.513383141795757547e+04
4.197916666666666430e+01,1.394562641805996827e+04
4.200000000000000000e+01,1.404357184213381697e+04
4.202083333333332860e+01,1.530661828978299673e+04
4.204166666666666430e+01,1.439230869620784506e+04
4.206250000000000000e+01,1.358795543834571436e+04
4.208333333333332860e+01,1.510014922210961231e+04
4.210416666666666430e+01,1.497259120193218041e+04
4.212500000000000000e+01,1.358245917085818292e+04
4.214583333333332860e+01,1.427853528483644186e+04
4.216666666666666430e+01,1.530525833891472575e+04
4.218750000000000000e+01,1.428786351551520420e+04
4.220833333333332860e+01,1.361572025157338794e+04
4.222916666666666430e+01,1.525892681661939059e+04
4.225000000000000000e+01,1.482787273290305166e+04
4.227083333333332860e+01,1.358527156291159554e+04
4.229166666666666430e+01,1.399610833584220381e+04
4.231250000000000000e+01,1.530817359279833181e+04
4.233333333333332860e+01,1.442192861194782381e+04
4.235416666666666430e+01,1.387824187956622700e+04
4.237500000000000000e+01,1.535425439724830721e+04
4.239583333333332860e+01,1.473302529534633140e+04
4.241666666666666430e+01,1.310730100612064780e+04
4.243750000000000000e+01,1.419445861469273950e+04
4.245833333333332860e+01,1.512186659759233589e+04
4.247916666666666430e+01,1.380035198020749522e+04
4.250000000000000000e+01,1.341126487523654214e+04
4.252083333333332860e+01,1.526043429436733641e+04
4.254166666666666430e+01,1.492251501051946616e+04
4.256250000000000000e+01,1.357058345262868534e+04
4.258333333333332860e+01,1.416745117429360471e+04
4.260416666666666430e+01,1.529276739002358954e+04
4.262500000000000000e+01,1.429800704574523479e+04
4.264583333333332860e+01,1.403959158186616332e+04
4.266666666666666430e+01,1.444205808945594981e+04
4.268750000000000000e+01,1.457021159478915069e+04
4.270833333333332860e+01,1.444432260277130263e+04
4.272916666666666430e+01,1.486642871455786371e+04
4.275000000000000000e+01,1.448971677931310478e+04
4.277083333333332860e+01,1.364818491170566631e+04
4.279166666666666430e+01,1.501112801867056987e+04
4.281250000000000000e+01,1.530311043141740447e+04
4.283333333333332860e+01,1.363572566288318558e+04
4.285416666666666430e+01,1.391600040687969522e+04
4.287500000000000000e+01,1.556849004424158920e+04
4.289583333333332860e+01,1.475510784733629407e+04
4.291666666666666430e+01,1.272869334487008382e+04
4.293750000000000000e+01,1.448434849454456344e+04
4.295833333333332860e+01,1.616545151972064923e+04
4.297916666666666430e+01,1.411442212141885102e+04
4.300000000000000000e+01,1.272906249594390829e+04
4.302083333333332860e+01,1.515853689548461261e+04
4.304166666666666430e+01,1.578588405226300529e+04
4.306250000000000000e+01,1.358204595078035345e+04
4.308333333333332860e+01,1.334600569923055082e+04
4.310416666666666430e+01,1.530186618845515841e+04
4.312500000000000000e+01,1.502503447944778600e+04
4.314583333333332860e+01,1.347487070648685403e+04
4.316666666666666430e+01,1.424984992214908198e+04
4.318750000000000000e+01,1.489554429788402922e+04
4.320833333333332860e+01,1.395152744660418466e+04
4.322916666666666430e+01,1.488557958938559386e+04
4.325000000000000000e+01,1.426157131063629276e+04
4.327083333333332860e+01,1.322537722337792366e+04
4.329166666666666430e+01,1.425715981628931695e+04
4.331250000000000000e+01,1.606122765022787644e+04
4.333333333333332860e+01,1.380063513289530601e+04
4.335416666666666430e+01,1.270860689710344013e+04
4.337500000000000000e+01,1.528891998564693495e+04
4.339583333333332860e+01,1.613978115577442804e+04
4.341666666666666430e+01,1.296046817220835146e+04
4.343750000000000000e+01,1.301201061509795909e+04
4.345833333333332860e+01,1.584932979383944257e+04
4.347916666666666430e+01,1.556353339063368912e+04
4.350000000000000000e+01,1.272845121481174283e+04
4.352083333333332860e+01,1.348298268119118438e+04
4.354166666666666430e+01,1.616854897455598257e+04
4.356250000000000000e+01,1.495787928392147660e+04
4.358333333333332860e+01,1.278529463339495851e+04
4.360416666666666430e+01,1.444267641287110382e+04
4.362500000000000000e+01,1.563340260426757959e+04
4.364583333333332860e+01,1.444447930871908829e+04
4.366666666666666430e+01,1.338861685674357068e+04
4.368750000000000000e+01,1.479929136929787637e+04
4.370833333333332860e+01,1.509352528532667566e+04
4.372916666666666430e+01,1.426462936490439461e+04
4.375000000000000000e+01,1.439415828641187909e+04
4.377083333333332860e+01,1.406542562555699624e+04
4.379166666666666430e+01,1.444388532736602428e+04
4.381250000000000000e+01,1.513873378965194570e+04
4.383333333333332860e+01,1.444416632902190031e+04
4.385416666666666430e+01,1.338573839280053289e+04
4.387500000000000000e+01,1.444384623681232915e+04
4.389583333333332860e+01,1.615365723489656011e+04
4.391666666666666430e+01,1.418996457191133959e+04
4.393750000000000000e+01,1.376980588083388284e+04
4.395833333333332860e+01,1.527379994414593602e+04
4.397916666666666430e+01,1.537664204464732029e+04
4.400000000000000000e+01,1.341837471609117711e+04
4.402083333333332860e+01,1.391672172166687960e+04
4.404166666666666430e+01,1.614373549834939695e+04
4.406250000000000000e+01,1.470256065579307688e+04
4.408333333333332860e+01,1.273345237128908411e+04
4.410416666666666430e+01,1.433880381128335648e+04
4.412500000000000000e+01,1.616632541119866437e+04
4.414583333333332860e+01,1.398867878487815688e+04
4.416666666666666430e+01,1.280908479483998235e+04
4.418750000000000000e+01,1.526913648598244254e+04
4.420833333333332860e+01,1.552462718030590258e+04
4.422916666666666430e+01,1.358593221515772893e+04
4.425000000000000000e+01,1.354496870502389356e+04
4.427083333333332860e+01,1.530298066032871066e+04
4.429166666666666430e+01,1.485864017609283837e+04
4.431250000000000000e+01,1.353842301710638640e+04
4.433333333333332860e+01,1.444381310905788632e+04
4.435416666666666430e+01,1.476348358406856642e+04
4.437500000000000000e+01,1.444683175557309733e+04
4.439583333333332860e+01,1.462749570146097176e+04
4.441666666666666430e+01,1.478785849967871400e+04
4.443750000000000000e+01,1.364200403447791177e+04
4.445833333333332860e+01,1.455552031713918041e+04
4.447916666666666430e+01,1.530480696422585243e+04
4.450000000000000000e+01,1.434011903923652062e+04
4.452083333333332860e+01,1.359018259632660556e+04
4.454166666666666430e+01,1.512818670446338365e+04
4.456250000000000000e+01,1.514908098669399260e+04
4.458333333333332860e+01,1.277107888481043119e+04
4.460416666666666430e+01,1.392772814133643988e+04
4.462500000000000000e+01,1.612301444473601441e+04
4.464583333333332860e+01,1.456484075455728816e+04
4.466666666666666430e+01,1.271247099021225949e+04
4.468750000000000000e+01,1.466610079619869430e+04
4.470833333333332860e+01,1.611785107314522247e+04
4.472916666666666430e+01,1.353014261073952002e+04
4.475000000000000000e+01,1.324968878712902006e+04
4.477083333333332860e+01,1.530003160151575867e+04
4.479166666666666430e+01,1.523531803504281197e+04
4.481250000000000000e+01,1.341597969978292167e+04
4.483333333333332860e+01,1.394964060131559381e+04
4.485416666666666430e+01,1.510909549813701960e+04
4.487500000000000000e+01,1.444404143699767519e+04
4.489583333333332860e+01,1.430207669191840250e+04
4.491666666666666430e+01,1.444409977938753582e+04
4.493750000000000000e+01,1.450835147554612195e+04
4.495833333333332860e+01,1.449866728640375004e+04
4.497916666666666430e+01,1.520574042442588689e+04
4.500000000000000000e+01,1.406241907027268826e+04
4.502083333333332860e+01,1.358379873662885075e+04
4.504166666666666430e+01,1.520234513789171615e+04
4.506250000000000000e+01,1.530383367668414576e+04
4.508333333333332860e+01,1.326960644898286046e+04
4.510416666666666430e+01,1.368538548625551994e+04
4.512500000000000000e+01,1.614870402074434242e+04
4.514583333333332860e+01,1.470824398408129127e+04
4.516666666666666430e+01,1.272289191981564727e+04
4.518750000000000000e+01,1.417978077816504447e+04
4.520833333333332860e+01,1.616424186198511597e+04
4.522916666666666430e+01,1.389727011734658663e+04
4.525000000000000000e+01,1.300023633687933761e+04
4.527083333333332860e+01,1.530296073199703096e+04
4.529166666666666430e+01,1.552932755290620116e+04
4.531250000000000000e+01,1.358380539888146450e+04
4.533333333333332860e+01,1.364445366107945301e+04
4.535416666666666430e+01,1.530428691942730802e+04
4.537500000000000000e+01,1.445982306041853008e+04
4.539583333333332860e+01,1.478260330502358192e+04
4.541666666666666430e+01,1.458127504229232363e+04
4.543750000000000000e+01,1.390330699621476379e+04
4.545833333333332860e+01,1.446539109460058899e+04
4.547916666666666430e+01,1.540280595455575167e+04
4.550000000000000000e+01,1.446335163781335723e+04
4.552083333333332860e+01,1.295686580594339830e+04
4.554166666666666430e+01,1.455076524736923602e+04
4.556250000000000000e+01,1.605230517204952048e+04
4.558333333333332860e+01,1.377396394734504793e+04
4.560416666666666430e+01,1.273286550604904915e+04
4.562500000000000000e+01,1.542410012500333687e+04
4.564583333333332860e+01,1.616251791671067986e+04
4.566666666666666430e+01,1.276393293172958874e+04
4.568750000000000000e+01,1.316061720384081855e+04
4.570833333333332860e+01,1.575234662669914542e+04
4.572916666666666430e+01,1.552997693270601667e+04
4.575000000000000000e+01,1.273484502739446907e+04
4.577083333333332860e+01,1.371558982950548670e+04
4.579166666666666430e+01,1.617600762935290186e+04
4.581250000000000000e+01,1.464173530367500643e+04
4.583333333333332860e+01,1.293130674627886401e+04
4.585416666666666430e+01,1.444512952298675373e+04
4.587500000000000000e+01,1.551627983527250763e+04
4.589583333333332860e+01,1.444854148687175257e+04
4.591666666666666430e+01,1.363222326106928449e+04
4.593750000000000000e+01,1.451547592546954911e+04
4.595833333333332860e+01,1.464125897634095236e+04
4.597916666666666430e+01,1.452897348803700152e+04
4.600000000000000000e+01,1.549870392595652447e+04
4.602083333333332860e+01,1.477047721659601666e+04
4.604166666666666430e+01,1.366687058167940268e+04
4.606250000000000000e+01,1.471429557698495046e+04
4.608333333333332860e+01,1.532301681245604777e+04
4.610416666666666430e+01,1.360670075826204629e+04
4.612500000000000000e+01,1.411682631267196484e+04
4.614583333333332860e+01,1.531357596828603710e+04
4.616666666666666430e+01,1.472437194970181736e+04
4.618750000000000000e+01,1.358982376100392867e+04
4.620833333333332860e+01,1.442366233362943240e+04
4.622916666666666430e+01,1.522750649064783283e+04
4.625000000000000000e+01,1.405486392376783260e+04
4.627083333333332860e+01,1.366052039880107623e+04
4.629166666666666430e+01,1.530302335946188759e+04
4.631250000000000000e+01,1.494664580834194203e+04
4.633333333333332860e+01,1.359196196985755159e+04
4.635416666666666430e+01,1.399000490280708254e+04
4.637500000000000000e+01,1.530249052255766946e+04
4.639583333333332860e+01,1.491520370298338457e+04
4.641666666666666430e+01,1.366114396121578829e+04
4.643750000000000000e+01,1.408361637703250744e+04
4.645833333333332860e+01,1.530329586420950000e+04
4.647916666666666430e+01,1.470882090202829932e+04
4.650000000000000000e+01,1.359083926807721946e+04
4.652083333333332860e+01,1.450548683619384246e+04
4.654166666666666430e+01,1.490225010666832532e+04
4.656250000000000000e+01,1.364899480705749374e+04
4.658333333333332860e+01,1.369528204344155893e+04
4.660416666666666430e+01,1.519259552617150621e+04
4.662500000000000000e+01,1.459104952402167328e+04
4.664583333333332860e+01,1.354146025006605123e+04
4.666666666666666430e+01,1.455981439361572484e+04
4.668750000000000000e+01,1.528777697211295890e+04
4.670833333333332860e+01,1.374879235292556768e+04
4.672916666666666430e+01,1.395470541070790932e+04
4.675000000000000000e+01,1.529637638974840957e+04
4.677083333333332860e+01,1.472012584812226123e+04
4.679166666666666430e+01,1.358181730227611115e+04
4.681250000000000000e+01,1.444426210131469634e+04
4.683333333333332860e+01,1.525167238658668430e+04
4.685416666666666430e+01,1.402982349386005808e+04
4.687500000000000000e+01,1.362453706275967124e+04
4.689583333333332860e+01,1.530145385567261837e+04
4.691666666666666430e+01,1.469216670637835341e+04
4.693750000000000000e+01,1.358417210059839999e+04
4.695833333333332860e+01,1.455545212562003508e+04
4.697916666666666430e+01,1.530270121451386876e+04
4.700000000000000000e+01,1.377888213296058530e+04
4.702083333333332860e+01,1.398702165365178371e+04
4.704166666666666430e+01,1.538765920169788296e+04
4.706250000000000000e+01,1.459997917753569709e+04
4.708333333333332860e+01,1.358198065859153212e+04
4.710416666666666430e+01,1.470921925086218107e+04
4.712500000000000000e+01,1.525587843811730272e+04
4.714583333333332860e+01,1.360237283828481304e+04
4.716666666666666430e+01,1.413240274657234477e+04
4.718750000000000000e+01,1.530116227492520193e+04
4.720833333333332860e+01,1.452892100934241898e+04
4.722916666666666430e+01,1.377166663540880836e+04
4.725000000000000000e+01,1.460110726931025420e+04
4.727083333333332860e+01,1.512566847786888684e+04
4.729166666666666430e+01,1.408254770616021779e+04
4.731250000000000000e+01,1.502157734545183848e+04
4.733333333333332860e+01,1.492436057996165982e+04
4.735416666666666430e+01,1.491962841145578932e+04
4.737500000000000000e+01,1.450424263442305164e+04
4.739583333333332860e+01,1.501016995102771034e+04
4.741666666666666430e+01,1.405423455629960154e+04
4.743750000000000000e+01,1.424466046765339343e+04
4.745833333333332860e+01,1.511776009911123401e+04
4.747916666666666430e+01,1.454562085118376490e+04
4.750000000000000000e+01,1.376131461979369487e+04
4.752083333333332860e+01,1.449865354352634313e+04
4.754166666666666430e+01,1.566274721066674465e+04
4.756250000000000000e+01,1.395436345083145716e+04
4.758333333333332860e+01,1.358648570240164554e+04
4.760416666666666430e+01,1.530024381970013201e+04
4.762500000000000000e+01,1.487796538223530297e+04
4.764583333333332860e+01,1.316593135162992257e+04
4.766666666666666430e+01,1.464822441382272518e+04
4.768750000000000000e+01,1.590193901712505249e+04
4.770833333333332860e+01,1.377198968384759428e+04
4.772916666666666430e+01,1.282067187559241574e+04
4.775000000000000000e+01,1.540299171419868799e+04
4.777083333333332860e+01,1.616410079318037242e+04
4.779166666666666430e+01,1.283808622148854556e+04
4.781250000000000000e+01,1.310007079259923557e+04
4.783333333333332860e+01,1.598009002716597024e+04
4.785416666666666430e+01,1.524768554478462465e+04
4.787500000000000000e+01,1.272796810752266538e+04
4.789583333333332860e+01,1.370639034140764852e+04
4.791666666666666430e+01,1.612467809742027021e+04
4.793750000000000000e+01,1.434827214966863903e+04
4.795833333333332860e+01,1.315598324384535226e+04
4.797916666666666430e+01,1.444462156865359793e+04
4.800000000000000000e+01,1.539041842963903400e+04
4.802083333333332860e+01,1.444765591569563549e+04
4.804166666666666430e+01,1.394670952937590118e+04
4.806250000000000000e+01,1.387177638702243712e+04
4.808333333333332860e+01,1.406161851905665026e+04
4.810416666666666430e+01,1.448309557348850285e+04
4.812500000000000000e+01,1.450894995927951095e+04
4.814583333333332860e+01,1.351204667661408530e+04
4.816666666666666430e+01,1.437536071314801302e+04
4.818750000000000000e+01,1.575324615655017624e+04
4.820833333333332860e+01,1.409474077913898145e+04
4.822916666666666430e+01,1.293554823268933615e+04
4.825000000000000000e+01,1.516973951558363115e+04
4.827083333333332860e+01,1.608265831345241168e+04
4.829166666666666430e+01,1.322087271933207376e+04
4.831250000000000000e+01,1.284872564166164739e+04
4.833333333333332860e+01,1.615901743360497858e+04
4.835416666666666430e+01,1.480401506297523520e+04
4.837500000000000000e+01,1.272871556300231896e+04
4.839583333333332860e+01,1.414653322278359337e+04
4.841666666666666430e+01,1.616760490353879504e+04
4.843750000000000000e+01,1.384712440154191427e+04
4.845833333333332860e+01,1.327642271065150999e+04
4.847916666666666430e+01,1.530356535355005690e+04
4.850000000000000000e+01,1.553864873780576818e+04
4.852083333333332860e+01,1.358405199542075934e+04
4.854166666666666430e+01,1.363673983838025742e+04
4.856250000000000000e+01,1.530214907513944490e+04
4.858333333333332860e+01,1.459679423919801411e+04
4.860416666666666430e+01,1.371687158571618784e+04
4.862500000000000000e+01,1.444165378130330646e+04
4.864583333333332860e+01,1.463743050457219942e+04
4.866666666666666430e+01,1.444639411362080500e+04
4.868750000000000000e+01,1.470384335618100886e+04
4.870833333333332860e+01,1.438324393326326754e+04
