0.000000000000000000e+00,9.460173860052948996e-07
2.083333333333333218e-02,2.265474556898053321e-05
4.166666666666666435e-02,1.305608053988967687e-04
6.250000000000000000e-02,4.210228870485485013e-04
8.333333333333332871e-02,9.709626641108078148e-04
1.041666666666666574e-01,1.807967260135684429e-03
1.250000000000000000e-01,2.950322428452228571e-03
1.458333333333333148e-01,4.447381543768759438e-03
1.666666666666666574e-01,6.335196127254355894e-03
1.875000000000000000e-01,8.599245754063782055e-03
2.083333333333333148e-01,1.121619425756340861e-02
2.291666666666666574e-01,1.419762188645834478e-02
2.500000000000000000e-01,1.754605481423911206e-02
2.708333333333333148e-01,2.121425407129669607e-02
2.916666666666666297e-01,2.514777151406360003e-02
3.125000000000000000e-01,2.934151913770861875e-02
3.333333333333333148e-01,3.379973265299397733e-02
3.541666666666666297e-01,3.847827265684194281e-02
3.750000000000000000e-01,4.332503724798678069e-02
3.958333333333333148e-01,4.833044086080781621e-02
4.166666666666666297e-01,5.348445247062721952e-02
4.375000000000000000e-01,5.872725081695460286e-02
4.583333333333333148e-01,6.399155226688391096e-02
4.791666666666666297e-01,6.925980155170764763e-02
5.000000000000000000e-01,7.452287739678124801e-02
5.208333333333332593e-01,7.973139529004077963e-02
5.416666666666666297e-01,8.483918414555567666e-02
5.625000000000000000e-01,8.985019603421001699e-02
5.833333333333332593e-01,9.477572655530876189e-02
6.041666666666666297e-01,9.957636497079822013e-02
6.250000000000000000e-01,1.042129862146058406e-01
6.458333333333332593e-01,1.087038343959442210e-01
6.666666666666666297e-01,1.130760478686991255e-01
6.875000000000000000e-01,1.173069123866904429e-01
7.083333333333332593e-01,1.213650772834499458e-01
7.291666666666666297e-01,1.252689139375590122e-01
7.500000000000000000e-01,1.290456886998173625e-01
7.708333333333332593e-01,1.326731387516049965e-01
7.916666666666666297e-01,1.361198862760129857e-01
8.125000000000000000e-01,1.394011580063053701e-01
8.333333333333332593e-01,1.425409928275328808e-01
8.541666666666666297e-01,1.455379324240742844e-01
8.750000000000000000e-01,1.484090366002799588e-01
8.958333333333332593e-01,1.511848871416549556e-01
9.166666666666666297e-01,1.538658042015831617e-01
9.375000000000000000e-01,1.564524683768246938e-01
9.583333333333332593e-01,1.589936405573669498e-01
9.791666666666666297e-01,1.615458260660007084e-01
1.000000000000000000e+00,1.641170938263684931e-01
1.020833333333333259e+00,1.667070636807640449e-01
1.041666666666666519e+00,1.693454395894493369e-01
1.062500000000000000e+00,1.720488543487767030e-01
1.083333333333333259e+00,1.747938971876756009e-01
1.104166666666666519e+00,1.775628400812875596e-01
1.125000000000000000e+00,1.803895160186372859e-01
1.145833333333333259e+00,1.833174672363015456e-01
1.166666666666666519e+00,1.863437327413039191e-01
1.187500000000000000e+00,1.894446800743490866e-01
1.208333333333333259e+00,1.926272142177329894e-01
1.229166666666666519e+00,1.959046560658829483e-01
1.250000000000000000e+00,1.992423421031955522e-01
1.270833333333333259e+00,2.025967074539960222e-01
1.291666666666666519e+00,2.059708190088602175e-01
1.312500000000000000e+00,2.093734797620160348e-01
1.333333333333333259e+00,2.127635831904743091e-01
1.354166666666666519e+00,2.160891073448776567e-01
1.375000000000000000e+00,2.193446803264731126e-01
1.395833333333333259e+00,2.225511798414882003e-01
1.416666666666666519e+00,2.257055732280492943e-01
1.437500000000000000e+00,2.287981064032163225e-01
1.458333333333333259e+00,2.318646737633626720e-01
1.479166666666666519e+00,2.349468832518092909e-01
1.500000000000000000e+00,2.380379229349347259e-01
1.520833333333333259e+00,2.411235946631019866e-01
1.541666666666666519e+00,2.442310296857594099e-01
1.562500000000000000e+00,2.473877721122075823e-01
1.583333333333333259e+00,2.505737431760559630e-01
1.604166666666666519e+00,2.537631179318278751e-01
1.625000000000000000e+00,2.569791870123760424e-01
1.645833333333333259e+00,2.602549067511688574e-01
1.666666666666666519e+00,2.635777355475151795e-01
1.687500000000000000e+00,2.669289935601763530e-01
1.708333333333333259e+00,2.703205375430340340e-01
1.729166666666666519e+00,2.737502421130419417e-01
1.750000000000000000e+00,2.771859956369056577e-01
1.770833333333333259e+00,2.806117066779442726e-01
1.791666666666666519e+00,2.840385186181452748e-01
1.812500000000000000e+00,2.874574724132373804e-01
1.833333333333333259e+00,2.908528351461344141e-01
1.854166666666666519e+00,2.942423968986263572e-01
1.875000000000000000e+00,2.976353068134313662e-01
1.895833333333333259e+00,3.009949656324549805e-01
1.916666666666666519e+00,3.042841718248605054e-01
1.937500000000000000e+00,3.075124446882328555e-01
1.958333333333333259e+00,3.106946177883876392e-01
1.979166666666666519e+00,3.138070802330570896e-01
2.000000000000000000e+00,3.168329447239906504e-01
2.020833333333333037e+00,3.198037972687162167e-01
2.041666666666666519e+00,3.227565950709407328e-01
2.062500000000000000e+00,3.256780905495329503e-01
2.083333333333333037e+00,3.285472684099127183e-01
2.104166666666666519e+00,3.313919320901507204e-01
2.125000000000000000e+00,3.342481258675522593e-01
2.145833333333333037e+00,3.371020359643099318e-01
2.166666666666666519e+00,3.399338983314239560e-01
2.187500000000000000e+00,3.427765157342467228e-01
2.208333333333333037e+00,3.456720013743473374e-01
2.229166666666666519e+00,3.486160360553052784e-01
2.250000000000000000e+00,3.515986296445584580e-01
2.270833333333333037e+00,3.546519549012303596e-01
2.291666666666666519e+00,3.578074689763978689e-01
2.312500000000000000e+00,3.610484928488187362e-01
2.333333333333333037e+00,3.643523334943123970e-01
2.354166666666666519e+00,3.677426567112704880e-01
2.375000000000000000e+00,3.712457645345239032e-01
2.395833333333333037e+00,3.748374311881202403e-01
2.416666666666666519e+00,3.784847607601430353e-01
2.437500000000000000e+00,3.822013543258287460e-01
2.458333333333333037e+00,3.860060387674511539e-01
2.479166666666666519e+00,3.898655833531486925e-01
2.500000000000000000e+00,3.937373608833992789e-01
2.520833333333333037e+00,3.976252079923234817e-01
2.541666666666666519e+00,4.015382203107233927e-01
2.562500000000000000e+00,4.054350223396179231e-01
2.583333333333333037e+00,4.092657505117753836e-01
2.604166666666666519e+00,4.130288401496339246e-01
2.625000000000000000e+00,4.167335903968834021e-01
2.645833333333333037e+00,4.203603183403081811e-01
2.666666666666666519e+00,4.239025117226361550e-01
2.687500000000000000e+00,4.273920955429049151e-01
2.708333333333333037e+00,4.308520098828811928e-01
2.729166666666666519e+00,4.342577821124249393e-01
2.750000000000000000e+00,4.375802210932908665e-01
2.770833333333333037e+00,4.408417458972233582e-01
2.791666666666666519e+00,4.440740558059511622e-01
2.812500000000000000e+00,4.472622101246102599e-01
2.833333333333333037e+00,4.503855622596321662e-01
2.854166666666666519e+00,4.534735329601945475e-01
2.875000000000000000e+00,4.565639237502456815e-01
2.895833333333333037e+00,4.596456926037048585e-01
2.916666666666666519e+00,4.627000321287902951e-01
2.937500000000000000e+00,4.657554431288501995e-01
2.958333333333333037e+00,4.688470404022594407e-01
2.979166666666666519e+00,4.719600727432052834e-01
3.000000000000000000e+00,4.750707679699643360e-01
3.020833333333333037e+00,4.782010115259183736e-01
3.041666666666666519e+00,4.813774352657640421e-01
3.062500000000000000e+00,4.845750065629060854e-01
3.083333333333333037e+00,4.877592057058149355e-01
3.104166666666666519e+00,4.909420809543499353e-01
3.125000000000000000e+00,4.941415484430251581e-01
3.145833333333333037e+00,4.973320730072072204e-01
3.166666666666666519e+00,5.004885622900241415e-01
3.187500000000000000e+00,5.036357834925531129e-01
3.208333333333333037e+00,5.068061736043116827e-01
3.229166666666666519e+00,5.099848877605573927e-01
3.250000000000000000e+00,5.131499310759914945e-01
3.270833333333333037e+00,5.163284838421312584e-01
3.291666666666666519e+00,5.195561794738292605e-01
3.312500000000000000e+00,5.228223996740070101e-01
3.333333333333333037e+00,5.261115488794120276e-01
3.354166666666666519e+00,5.294536200073930443e-01
3.375000000000000000e+00,5.328809314045885870e-01
3.395833333333333037e+00,5.363782853612177881e-01
3.416666666666666519e+00,5.399244177883905094e-01
3.437500000000000000e+00,5.435363855487957974e-01
3.458333333333333037e+00,5.472242496088978170e-01
3.479166666666666519e+00,5.509474715239819353e-01
3.500000000000000000e+00,5.546576901233800649e-01
3.520833333333333037e+00,5.583536335121938032e-01
3.541666666666666519e+00,5.620407242434620754e-01
3.562500000000000000e+00,5.656892025651099054e-01
3.583333333333333037e+00,5.692800854403201605e-01
3.604166666666666519e+00,5.728423626977612315e-01
3.625000000000000000e+00,5.764099107295168611e-01
3.645833333333333037e+00,5.799658426853147031e-01
3.666666666666666519e+00,5.834841527566639874e-01
3.687500000000000000e+00,5.869857684774200113e-01
3.708333333333333037e+00,5.904978792495036988e-01
3.729166666666666519e+00,5.939933433047159816e-01
3.750000000000000000e+00,5.974380907054076539e-01
3.770833333333333037e+00,6.008512261140434019e-01
3.791666666666666519e+00,6.042607336528905693e-01
3.812500000000000000e+00,6.076507048386694532e-01
3.833333333333333037e+00,6.110039369368291950e-01
3.854166666666666519e+00,6.143548267317431311e-01
3.875000000000000000e+00,6.177473312639220060e-01
3.895833333333333037e+00,6.211790306675301077e-01
3.916666666666666519e+00,6.246418735203229655e-01
3.937500000000000000e+00,6.281690151440628700e-01
3.958333333333333037e+00,6.317908972545769331e-01
3.979166666666666519e+00,6.354891032957118435e-01
4.000000000000000000e+00,6.392381410376465345e-01
4.020833333333333037e+00,6.430605745723890765e-01
4.041666666666666075e+00,6.469852532080652141e-01
4.062500000000000000e+00,6.509908528222831947e-01
4.083333333333333037e+00,6.550470865458322134e-01
4.104166666666666075e+00,6.591696459466249713e-01
4.125000000000000000e+00,6.633799016705790308e-01
4.145833333333333037e+00,6.676481126141579070e-01
4.166666666666666075e+00,6.719350503440070232e-01
4.187500000000000000e+00,6.762479014594691140e-01
4.208333333333333037e+00,6.805995121803533054e-01
4.229166666666666075e+00,6.849528431345366375e-01
4.250000000000000000e+00,6.892625646865488953e-01
4.270833333333333037e+00,6.935314936817290610e-01
4.291666666666666075e+00,6.977704890984446351e-01
4.312500000000000000e+00,7.019515651056892347e-01
4.333333333333333037e+00,7.060516831742694732e-01
4.354166666666666075e+00,7.100997485213491611e-01
4.375000000000000000e+00,7.141338805008068391e-01
4.395833333333333037e+00,7.181467179796129363e-01
4.416666666666666075e+00,7.221257163695516956e-01
4.437500000000000000e+00,7.261030087790185661e-01
4.458333333333333037e+00,7.301118826028920594e-01
4.479166666666666075e+00,7.341380708196851845e-01
4.500000000000000000e+00,7.381616202702745433e-01
4.520833333333333037e+00,7.422106829866402800e-01
4.541666666666666075e+00,7.463193147136309991e-01
4.562500000000000000e+00,7.504729083475903950e-01
4.583333333333333037e+00,7.546486170008900318e-01
4.604166666666666075e+00,7.588633069398122988e-01
4.625000000000000000e+00,7.631301023996914790e-01
4.645833333333333037e+00,7.674100783207191689e-01
4.666666666666666075e+00,7.716550187061016475e-01
4.687500000000000000e+00,7.758624780804702636e-01
4.708333333333333037e+00,7.800380745800626903e-01
4.729166666666666075e+00,7.841597033054196197e-01
4.750000000000000000e+00,7.882210088831260730e-01
4.770833333333333037e+00,7.922459577318903268e-01
4.791666666666666075e+00,7.962418921314278197e-01
4.812500000000000000e+00,8.001946726767965590e-01
4.833333333333333037e+00,8.041187435612558998e-01
4.854166666666666075e+00,8.080356361991555270e-01
4.875000000000000000e+00,8.119188767015063091e-01
4.895833333333333037e+00,8.157359140583207990e-01
4.916666666666666075e+00,8.195054074741989769e-01
4.937500000000000000e+00,8.232570626591708685e-01
4.958333333333333037e+00,8.269736369495594985e-01
4.979166666666666075e+00,8.306329409591757251e-01
5.000000000000000000e+00,8.342644228987513566e-01
5.020833333333333037e+00,8.379076416555165663e-01
5.041666666666666075e+00,8.415544653382180940e-01
5.062500000000000000e+00,8.451894209313127737e-01
5.083333333333333037e+00,8.488461870989628677e-01
5.104166666666666075e+00,8.525661971413370788e-01
5.125000000000000000e+00,8.563409964487237458e-01
5.145833333333333037e+00,8.601525535046574689e-01
5.166666666666666075e+00,8.640297871552510278e-01
5.187500000000000000e+00,8.680066984588823420e-01
5.208333333333333037e+00,8.720667484877029363e-01
5.229166666666666075e+00,8.761829358330873729e-01
5.250000000000000000e+00,8.803744387818209782e-01
5.270833333333333037e+00,8.846643490333468973e-01
5.291666666666666075e+00,8.890242701036650264e-01
5.312500000000000000e+00,8.934158065177939534e-01
5.333333333333333037e+00,8.978483874485756466e-01
5.354166666666666075e+00,9.023380338229549658e-01
5.375000000000000000e+00,9.068506666893603185e-01
5.395833333333333037e+00,9.113450296827553254e-01
5.416666666666666075e+00,9.158300046526052229e-01
5.437500000000000000e+00,9.203238576474214172e-01
5.458333333333333037e+00,9.247961936826103457e-01
5.479166666666666075e+00,9.292098133146508010e-01
5.500000000000000000e+00,9.335786134310205542e-01
5.520833333333333037e+00,9.379274270925233026e-01
5.541666666666666075e+00,9.422339157849591862e-01
5.562500000000000000e+00,9.464697968126210004e-01
5.583333333333333037e+00,9.506571065926535669e-01
5.604166666666666075e+00,9.548278275247601421e-01
5.625000000000000000e+00,9.589663260718108706e-01
5.645833333333333037e+00,9.630507367373115635e-01
5.666666666666666075e+00,9.671096195983510668e-01
5.687500000000000000e+00,9.711794682946969237e-01
5.708333333333333037e+00,9.752470008316146410e-01
5.729166666666666075e+00,9.792895387971286558e-01
5.750000000000000000e+00,9.833327456083392759e-01
5.770833333333333037e+00,9.874085174507194473e-01
5.791666666666666075e+00,9.914976008636923188e-01
5.812500000000000000e+00,9.955700785570674727e-01
5.833333333333333037e+00,9.996432505036856320e-01
5.854166666666666075e+00,1.003739161104123312e+00
5.875000000000000000e+00,1.007827845281142887e+00
5.895833333333333037e+00,1.011869184036945812e+00
5.916666666666666075e+00,1.015870767388776574e+00
5.937500000000000000e+00,1.019847620042970471e+00
5.958333333333333037e+00,1.023780834663916339e+00
5.979166666666666075e+00,1.027663885424094259e+00
6.000000000000000000e+00,1.031533141683509847e+00
6.020833333333333037e+00,1.035422802496704264e+00
6.041666666666666075e+00,1.039317536033466993e+00
6.062500000000000000e+00,1.043196043876555290e+00
6.083333333333333037e+00,1.047088021289102944e+00
6.104166666666666075e+00,1.051033523926909741e+00
6.125000000000000000e+00,1.055025571379373472e+00
6.145833333333333037e+00,1.059050608213462086e+00
6.166666666666666075e+00,1.063125774743242102e+00
6.187500000000000000e+00,1.067252673802763452e+00
6.208333333333333037e+00,1.071403701182426893e+00
6.229166666666666075e+00,1.075569606815934165e+00
6.250000000000000000e+00,1.079758786865288922e+00
6.270833333333333037e+00,1.083945417000426570e+00
6.291666666666666075e+00,1.088097847156521469e+00
6.312500000000000000e+00,1.092233799672692518e+00
6.333333333333333037e+00,1.096380436473534115e+00
6.354166666666666075e+00,1.100517192473698724e+00
6.375000000000000000e+00,1.104617243709749008e+00
6.395833333333333037e+00,1.108703994351899924e+00
6.416666666666666075e+00,1.112807843132775254e+00
6.437500000000000000e+00,1.116908670977303730e+00
6.458333333333333037e+00,1.120976759570960324e+00
6.479166666666666075e+00,1.125030826176654397e+00
6.500000000000000000e+00,1.129095590034279395e+00
6.520833333333333037e+00,1.133143690652204771e+00
6.541666666666666075e+00,1.137129891312628427e+00
6.562500000000000000e+00,1.141048144001681086e+00
6.583333333333333037e+00,1.144898123730121675e+00
6.604166666666666075e+00,1.148628597937128237e+00
6.625000000000000000e+00,1.152179627738173728e+00
6.645833333333333037e+00,1.155540385559397976e+00
6.666666666666666075e+00,1.158732929599462391e+00
6.687500000000000000e+00,1.161762085307443737e+00
6.708333333333333037e+00,1.164623967455148623e+00
6.729166666666666075e+00,1.167352698225181395e+00
6.750000000000000000e+00,1.169980927144086413e+00
6.770833333333333037e+00,1.172490740544979593e+00
6.791666666666666075e+00,1.174854633053684427e+00
6.812500000000000000e+00,1.177091404062621471e+00
6.833333333333333037e+00,1.179226704944241977e+00
6.854166666666666075e+00,1.181256980298195147e+00
6.875000000000000000e+00,1.183194423019607866e+00
6.895833333333333037e+00,1.185077310165119080e+00
6.916666666666666075e+00,1.186923690162640321e+00
6.937500000000000000e+00,1.188737688492977007e+00
6.958333333333333037e+00,1.190555296445315658e+00
6.979166666666666075e+00,1.192411642369516356e+00
7.000000000000000000e+00,1.194294262639965298e+00
7.020833333333333037e+00,1.196185551985695650e+00
7.041666666666666075e+00,1.198119546796882595e+00
7.062500000000000000e+00,1.200139709774924901e+00
7.083333333333333037e+00,1.202243068758522604e+00
7.104166666666666075e+00,1.204416794403116109e+00
7.125000000000000000e+00,1.206676656377553725e+00
7.145833333333333037e+00,1.209026266583396847e+00
7.166666666666666075e+00,1.211431377732113734e+00
7.187500000000000000e+00,1.213866113740085906e+00
7.208333333333333037e+00,1.216354432747881020e+00
7.229166666666666075e+00,1.218926311174921118e+00
7.250000000000000000e+00,1.221561356421260847e+00
7.270833333333333037e+00,1.224230569345181374e+00
7.291666666666666075e+00,1.226950986954230549e+00
7.312500000000000000e+00,1.229744166961200369e+00
7.333333333333333037e+00,1.232579546309113816e+00
7.354166666666666075e+00,1.235417251433614139e+00
7.375000000000000000e+00,1.238263935948712424e+00
7.395833333333333037e+00,1.241131396956826949e+00
7.416666666666666075e+00,1.243980951080789321e+00
7.437500000000000000e+00,1.246765614386702303e+00
7.458333333333333037e+00,1.249486681844694802e+00
7.479166666666666075e+00,1.252153824629610446e+00
7.500000000000000000e+00,1.254744497262383129e+00
7.520833333333333037e+00,1.257249228335431068e+00
7.541666666666666075e+00,1.259702891025817673e+00
7.562500000000000000e+00,1.262138516898003715e+00
7.583333333333333037e+00,1.264542376147110181e+00
7.604166666666666075e+00,1.266895825935444142e+00
7.625000000000000000e+00,1.269231244266321168e+00
7.645833333333333037e+00,1.271590164517266697e+00
7.666666666666666075e+00,1.273967185817484582e+00
7.687500000000000000e+00,1.276350291002076975e+00
7.708333333333333037e+00,1.278760930125153461e+00
7.729166666666666075e+00,1.281207861696058048e+00
7.750000000000000000e+00,1.283657019389860654e+00
7.770833333333333037e+00,1.286077989296288582e+00
7.791666666666666075e+00,1.288488622059829281e+00
7.812500000000000000e+00,1.290912585705268123e+00
7.833333333333333037e+00,1.293322694292978081e+00
7.854166666666666075e+00,1.295682535436450511e+00
7.875000000000000000e+00,1.298001544848091493e+00
7.895833333333333037e+00,1.300294567272834101e+00
7.916666666666666075e+00,1.302539658727481120e+00
7.937500000000000000e+00,1.304723724665726170e+00
7.958333333333333037e+00,1.306882999047477290e+00
7.979166666666666075e+00,1.309059174837470030e+00
8.000000000000000000e+00,1.311244374559525916e+00
8.020833333333332149e+00,1.313379564583974091e+00
8.041666666666666075e+00,1.315398543101537143e+00
8.062500000000000000e+00,1.317283015786838707e+00
8.083333333333332149e+00,1.319025033227747778e+00
8.104166666666666075e+00,1.320587019225103687e+00
8.125000000000000000e+00,1.321946744621981029e+00
8.145833333333332149e+00,1.323131755898152129e+00
8.166666666666666075e+00,1.324177849340358870e+00
8.187500000000000000e+00,1.325074643005085040e+00
8.208333333333332149e+00,1.325806604438992675e+00
8.229166666666666075e+00,1.326407799130720599e+00
8.250000000000000000e+00,1.326921998121530777e+00
8.270833333333332149e+00,1.327346614693084126e+00
8.291666666666666075e+00,1.327671637919026093e+00
8.312500000000000000e+00,1.327931244728394189e+00
8.333333333333332149e+00,1.328161430074175753e+00
8.354166666666666075e+00,1.328351082475430767e+00
8.375000000000000000e+00,1.328482527890177511e+00
8.395833333333332149e+00,1.328588526293597916e+00
8.416666666666666075e+00,1.328711644588423724e+00
8.437500000000000000e+00,1.328846526888762591e+00
8.458333333333332149e+00,1.328978544488784719e+00
8.479166666666666075e+00,1.329127450126619925e+00
8.500000000000000000e+00,1.329304535128279063e+00
8.520833333333332149e+00,1.329473809400388840e+00
8.541666666666666075e+00,1.329595278716767082e+00
8.562500000000000000e+00,1.329675450396137437e+00
8.583333333333332149e+00,1.329728048795960405e+00
8.604166666666666075e+00,1.329730543134431509e+00
8.625000000000000000e+00,1.329667786187208378e+00
8.645833333333332149e+00,1.329572902111293864e+00
8.666666666666666075e+00,1.329485800250196803e+00
8.687500000000000000e+00,1.329396286787981163e+00
8.708333333333332149e+00,1.329284510897405625e+00
8.729166666666666075e+00,1.329179170485043304e+00
8.750000000000000000e+00,1.329117864098019242e+00
8.770833333333332149e+00,1.329091114637361848e+00
8.791666666666666075e+00,1.329081073658583412e+00
8.812500000000000000e+00,1.329112295149054601e+00
8.833333333333332149e+00,1.329210209006176147e+00
8.854166666666666075e+00,1.329353685041605004e+00
8.875000000000000000e+00,1.329515588692600447e+00
8.895833333333332149e+00,1.329720048824594825e+00
8.916666666666666075e+00,1.330002327968499154e+00
8.937500000000000000e+00,1.330350852220833824e+00
8.958333333333332149e+00,1.330738676233441220e+00
8.979166666666666075e+00,1.331172030400300743e+00
9.000000000000000000e+00,1.331657688434014331e+00
9.020833333333332149e+00,1.332153393592153234e+00
9.041666666666666075e+00,1.332608832502714336e+00
9.062500000000000000e+00,1.333021554079127258e+00
9.083333333333332149e+00,1.333397597705514359e+00
9.104166666666666075e+00,1.333708761696954737e+00
9.125000000000000000e+00,1.333937092049726880e+00
9.145833333333332149e+00,1.334112557534181676e+00
9.166666666666666075e+00,1.334271345215960469e+00
9.187500000000000000e+00,1.334398812018458891e+00
9.208333333333332149e+00,1.334469413472559207e+00
9.229166666666666075e+00,1.334504189015894182e+00
9.250000000000000000e+00,1.334531069300705308e+00
9.270833333333332149e+00,1.334527971244069855e+00
9.291666666666666075e+00,1.334463300266867325e+00
9.312500000000000000e+00,1.334354143188791753e+00
9.333333333333332149e+00,1.334226871262772729e+00
9.354166666666666075e+00,1.334061075619043635e+00
9.375000000000000000e+00,1.333827545269005155e+00
9.395833333333332149e+00,1.333550263818489068e+00
9.416666666666666075e+00,1.333265436715760810e+00
9.437500000000000000e+00,1.332962075700385940e+00
9.458333333333332149e+00,1.332622709155186547e+00
9.479166666666666075e+00,1.332281263734483856e+00
9.500000000000000000e+00,1.331982370199070065e+00
9.520833333333332149e+00,1.331723584790247328e+00
9.541666666666666075e+00,1.331493808453897643e+00
9.562500000000000000e+00,1.331311247153349031e+00
9.583333333333332149e+00,1.331178867127063015e+00
9.604166666666666075e+00,1.331071484784699832e+00
9.625000000000000000e+00,1.330982615089379539e+00
9.645833333333332149e+00,1.330919115983503209e+00
9.666666666666666075e+00,1.330856149862420734e+00
9.687500000000000000e+00,1.330765860078640062e+00
9.708333333333332149e+00,1.330666517813665628e+00
9.729166666666666075e+00,1.330581379624847349e+00
9.750000000000000000e+00,1.330483557446012766e+00
9.770833333333332149e+00,1.330336667190230804e+00
9.791666666666666075e+00,1.330150589337260270e+00
9.812500000000000000e+00,1.329942376982903296e+00
9.833333333333332149e+00,1.329690386779077249e+00
9.854166666666666075e+00,1.329377866053767621e+00
9.875000000000000000e+00,1.329035670047487017e+00
9.895833333333332149e+00,1.328700885684819921e+00
9.916666666666666075e+00,1.328359943362766415e+00
9.937500000000000000e+00,1.327989045501039023e+00
9.958333333333332149e+00,1.327611685819674703e+00
9.979166666666666075e+00,1.327258626488299731e+00
1.000000000000000000e+01,1.326911876789955036e+00
1.002083333333333215e+01,1.326545371962460029e+00
1.004166666666666607e+01,1.326183015273268984e+00
1.006250000000000000e+01,1.325858338173997231e+00
1.008333333333333215e+01,1.325558280126109212e+00
1.010416666666666607e+01,1.325262337063816354e+00
1.012500000000000000e+01,1.325000302527633567e+00
1.014583333333333215e+01,1.324812493079376319e+00
1.016666666666666607e+01,1.324692890451449667e+00
1.018750000000000000e+01,1.324627491802822021e+00
1.020833333333333215e+01,1.324649868609276915e+00
1.022916666666666607e+01,1.324803216246533744e+00
1.025000000000000000e+01,1.325082701442115374e+00
1.027083333333333215e+01,1.325473776331484332e+00
1.029166666666666607e+01,1.325989696295568177e+00
1.031250000000000000e+01,1.326627002129495692e+00
1.033333333333333215e+01,1.327355659175110780e+00
1.035416666666666607e+01,1.328165426845942854e+00
1.037500000000000000e+01,1.329052567153940823e+00
1.039583333333333215e+01,1.329985143046052531e+00
1.041666666666666607e+01,1.330942190437997663e+00
1.043750000000000000e+01,1.331938849337650943e+00
1.045833333333333215e+01,1.332980919960769395e+00
1.047916666666666607e+01,1.334029195523019906e+00
1.050000000000000000e+01,1.335043329044143023e+00
1.052083333333333215e+01,1.336031001399423213e+00
1.054166666666666607e+01,1.337007761453252730e+00
1.056250000000000000e+01,1.337942220342945410e+00
1.058333333333333215e+01,1.338797239845229692e+00
1.060416666666666607e+01,1.339585184131425022e+00
1.062500000000000000e+01,1.340328606991728178e+00
1.064583333333333215e+01,1.341008027984943451e+00
1.066666666666666607e+01,1.341604575106366992e+00
1.068750000000000000e+01,1.342149942265830509e+00
1.070833333333333215e+01,1.342685572920681691e+00
1.072916666666666607e+01,1.343206709150633671e+00
1.075000000000000000e+01,1.343702565999595366e+00
1.077083333333333215e+01,1.344212110926479076e+00
1.079166666666666607e+01,1.344783294986527045e+00
1.081250000000000000e+01,1.345415856049579917e+00
1.083333333333333215e+01,1.346095354789787146e+00
1.085416666666666607e+01,1.346837967042961548e+00
1.087500000000000000e+01,1.347652707696372243e+00
1.089583333333333215e+01,1.348501117627466162e+00
1.091666666666666607e+01,1.349338818804908247e+00
1.093750000000000000e+01,1.350167866345580725e+00
1.095833333333333215e+01,1.350995306563479437e+00
1.097916666666666607e+01,1.351777714504159178e+00
1.100000000000000000e+01,1.352462434961015925e+00
1.102083333333333215e+01,1.353044604054079780e+00
1.104166666666666607e+01,1.353544372723090250e+00
1.106250000000000000e+01,1.353954047491460644e+00
1.108333333333333215e+01,1.354258282012197556e+00
1.110416666666666607e+01,1.354488567963439527e+00
1.112500000000000000e+01,1.354682268591212990e+00
1.114583333333333215e+01,1.354825913294515738e+00
1.116666666666666607e+01,1.354895789252485550e+00
1.118750000000000000e+01,1.354915342070929896e+00
1.120833333333333215e+01,1.354915601891317767e+00
1.122916666666666607e+01,1.354879168679153256e+00
1.125000000000000000e+01,1.354780930142739592e+00
1.127083333333333215e+01,1.354645830688376851e+00
1.129166666666666607e+01,1.354508502804718795e+00
1.131250000000000000e+01,1.354357150446882985e+00
1.133333333333333215e+01,1.354173061134698708e+00
1.135416666666666607e+01,1.353988504033083240e+00
1.137500000000000000e+01,1.353846539660477744e+00
1.139583333333333215e+01,1.353744051831171191e+00
1.141666666666666607e+01,1.353671050150492938e+00
1.143750000000000000e+01,1.353657910674475273e+00
1.145833333333333215e+01,1.353732633219822290e+00
1.147916666666666607e+01,1.353874307523422083e+00
1.150000000000000000e+01,1.354053792639129616e+00
1.152083333333333215e+01,1.354289511107665822e+00
1.154166666666666607e+01,1.354606940809216731e+00
1.156250000000000000e+01,1.354981234152912384e+00
1.158333333333333215e+01,1.355377403123817937e+00
1.160416666666666607e+01,1.355806044642123398e+00
1.162500000000000000e+01,1.356283791750446888e+00
1.164583333333333215e+01,1.356775765699585801e+00
1.166666666666666607e+01,1.357236336845088154e+00
1.168750000000000000e+01,1.357666311117891933e+00
1.170833333333333215e+01,1.358074280328347427e+00
1.172916666666666607e+01,1.358439630713390134e+00
1.175000000000000000e+01,1.358757393123770640e+00
1.177083333333333215e+01,1.359026346157145460e+00
1.179166666666666607e+01,1.359205127016513748e+00
1.181250000000000000e+01,1.359254015435125362e+00
1.183333333333333215e+01,1.359182683010540016e+00
1.185416666666666607e+01,1.359010816041126057e+00
1.187500000000000000e+01,1.358712082341569705e+00
1.189583333333333215e+01,1.358255499103748987e+00
1.191666666666666607e+01,1.357659981608883237e+00
1.193750000000000000e+01,1.356954782347806976e+00
1.195833333333333215e+01,1.356122899165235429e+00
1.197916666666666607e+01,1.355141373680938788e+00
1.200000000000000000e+01,1.354036379413178226e+00
1.202083333333333215e+01,1.352843124495943794e+00
1.204166666666666607e+01,1.351552135146377731e+00
1.206250000000000000e+01,1.350148173849995414e+00
1.208333333333333215e+01,1.348663640302751210e+00
1.210416666666666607e+01,1.347137453800759666e+00
1.212500000000000000e+01,1.345562063449294854e+00
1.214583333333333215e+01,1.343923920783790971e+00
1.216666666666666607e+01,1.342256922783042983e+00
1.218750000000000000e+01,1.340600610720215080e+00
1.220833333333333215e+01,1.338944242920778516e+00
1.222916666666666607e+01,1.337266382908166795e+00
1.225000000000000000e+01,1.335591321098320128e+00
1.227083333333333215e+01,1.333948755142706499e+00
1.229166666666666607e+01,1.332329760138923236e+00
1.231250000000000000e+01,1.330730358224216037e+00
1.233333333333333215e+01,1.329194760649847762e+00
1.235416666666666607e+01,1.327773285843945938e+00
1.237500000000000000e+01,1.326467115962150833e+00
1.239583333333333215e+01,1.325268821495286797e+00
1.241666666666666607e+01,1.324197058656696901e+00
1.243750000000000000e+01,1.323253114845670098e+00
1.245833333333333215e+01,1.322412778919681564e+00
1.247916666666666607e+01,1.321674166132734252e+00
1.250000000000000000e+01,1.321040684925794961e+00
1.252083333333333215e+01,1.320482705480317209e+00
1.254166666666666607e+01,1.319980641531784071e+00
1.256250000000000000e+01,1.319558567488095857e+00
1.258333333333333215e+01,1.319239074803290723e+00
1.260416666666666607e+01,1.318997887014787151e+00
1.262500000000000000e+01,1.318806093208935604e+00
1.264583333333333215e+01,1.318685973795428623e+00
1.266666666666666607e+01,1.318669527751967552e+00
1.268750000000000000e+01,1.318741266345006657e+00
1.270833333333333215e+01,1.318870376673805467e+00
1.272916666666666607e+01,1.319061307229194790e+00
1.275000000000000000e+01,1.319321333716668487e+00
1.277083333333333215e+01,1.319607567502165457e+00
1.279166666666666607e+01,1.319868606491107155e+00
1.281250000000000000e+01,1.320099887567005137e+00
1.283333333333333215e+01,1.320304120586159424e+00
1.285416666666666607e+01,1.320445627116868081e+00
1.287500000000000000e+01,1.320494068919503272e+00
1.289583333333333215e+01,1.320466825832219859e+00
1.291666666666666607e+01,1.320386284894162765e+00
1.293750000000000000e+01,1.320224223726441881e+00
1.295833333333333215e+01,1.319943004548869148e+00
1.297916666666666607e+01,1.319552699447504418e+00
1.300000000000000000e+01,1.319076701270896379e+00
1.302083333333333215e+01,1.318506242560809838e+00
1.304166666666666607e+01,1.317838254305224943e+00
1.306250000000000000e+01,1.317121282850408415e+00
1.308333333333333215e+01,1.316412823998146298e+00
1.310416666666666607e+01,1.315723436727774809e+00
1.312500000000000000e+01,1.315044372856003507e+00
1.314583333333333215e+01,1.314400706526528628e+00
1.316666666666666607e+01,1.313825571669612113e+00
1.318750000000000000e+01,1.313305561124132215e+00
1.320833333333333215e+01,1.312821226689941723e+00
1.322916666666666607e+01,1.312398037575066123e+00
1.325000000000000000e+01,1.312064172389750372e+00
1.327083333333333215e+01,1.311799589137359057e+00
1.329166666666666607e+01,1.311577374699049781e+00
1.331250000000000000e+01,1.311417466502926565e+00
1.333333333333333215e+01,1.311344655390970448e+00
1.335416666666666607e+01,1.311335105112822808e+00
1.337500000000000000e+01,1.311358567237906447e+00
1.339583333333333215e+01,1.311433891678050578e+00
1.341666666666666607e+01,1.311586934276733007e+00
1.343750000000000000e+01,1.311794114427606406e+00
1.345833333333333215e+01,1.312022455580053482e+00
1.347916666666666607e+01,1.312286198902298029e+00
1.350000000000000000e+01,1.312605553883549936e+00
1.352083333333333215e+01,1.312950348280928159e+00
1.354166666666666607e+01,1.313279385586644477e+00
1.356250000000000000e+01,1.313597792424850752e+00
1.358333333333333215e+01,1.313922775805167475e+00
1.360416666666666607e+01,1.314240312251312437e+00
1.362500000000000000e+01,1.314542321522808255e+00
1.364583333333333215e+01,1.314865875368632864e+00
1.366666666666666607e+01,1.315251043718863144e+00
1.368750000000000000e+01,1.315686988506461930e+00
1.370833333333333215e+01,1.316153497384517035e+00
1.372916666666666607e+01,1.316676734615820354e+00
1.375000000000000000e+01,1.317289404919203211e+00
1.377083333333333215e+01,1.317974004558566614e+00
1.379166666666666607e+01,1.318703879921319322e+00
1.381250000000000000e+01,1.319501174637859098e+00
1.383333333333333215e+01,1.320396326410169463e+00
1.385416666666666607e+01,1.321372620958055633e+00
1.387500000000000000e+01,1.322404476219969593e+00
1.389583333333333215e+01,1.323498586561826729e+00
1.391666666666666607e+01,1.324650067827217503e+00
1.393750000000000000e+01,1.325819647946583135e+00
1.395833333333333215e+01,1.326979484698710854e+00
1.397916666666666607e+01,1.328148042460332023e+00
1.400000000000000000e+01,1.329345222051448117e+00
1.402083333333333215e+01,1.330543978935160965e+00
1.404166666666666607e+01,1.331711222753189761e+00
1.406250000000000000e+01,1.332864425602846348e+00
1.408333333333333215e+01,1.334030985867311392e+00
1.410416666666666607e+01,1.335186720490649570e+00
1.412500000000000000e+01,1.336283023927313351e+00
1.414583333333333215e+01,1.337300315912808513e+00
1.416666666666666607e+01,1.338227165114967532e+00
1.418750000000000000e+01,1.339026170305944952e+00
1.420833333333333215e+01,1.339679807142866386e+00
1.422916666666666607e+01,1.340199373121116810e+00
1.425000000000000000e+01,1.340579099180034817e+00
1.427083333333333215e+01,1.340806081466374478e+00
1.429166666666666607e+01,1.340907712256217632e+00
1.431250000000000000e+01,1.340909538323774575e+00
1.433333333333333215e+01,1.340785369024440010e+00
1.435416666666666607e+01,1.340499380656474893e+00
1.437500000000000000e+01,1.340062324584203379e+00
1.439583333333333215e+01,1.339500038010176697e+00
1.441666666666666607e+01,1.338810277243206226e+00
1.443750000000000000e+01,1.337997106084396037e+00
1.445833333333333215e+01,1.337109031106911150e+00
1.447916666666666607e+01,1.336196314713191224e+00
1.450000000000000000e+01,1.335261636564426979e+00
1.452083333333333215e+01,1.334301994176552597e+00
1.454166666666666607e+01,1.333356961643694882e+00
1.456250000000000000e+01,1.332466828991460739e+00
1.458333333333333215e+01,1.331624892474077893e+00
1.460416666666666607e+01,1.330818185788993357e+00
1.462500000000000000e+01,1.330073787994614065e+00
1.464583333333333215e+01,1.329415118610571378e+00
1.466666666666666607e+01,1.328816388502241708e+00
1.468750000000000000e+01,1.328243737975811634e+00
1.470833333333333215e+01,1.327710962145532747e+00
1.472916666666666607e+01,1.327238065414240609e+00
1.475000000000000000e+01,1.326795168102047562e+00
1.477083333333333215e+01,1.326342182368731581e+00
1.479166666666666607e+01,1.325885481148707967e+00
1.481250000000000000e+01,1.325436876196561586e+00
1.483333333333333215e+01,1.324965820190024068e+00
1.485416666666666607e+01,1.324442095015962106e+00
1.487500000000000000e+01,1.323884290378185113e+00
1.489583333333333215e+01,1.323345769070858546e+00
1.491666666666666607e+01,1.322864321625306872e+00
1.493750000000000000e+01,1.322436766193086699e+00
1.495833333333333215e+01,1.322064605862466768e+00
1.497916666666666607e+01,1.321797149701099849e+00
1.500000000000000000e+01,1.321687604362961288e+00
1.502083333333333215e+01,1.321741174749842651e+00
1.504166666666666607e+01,1.321945028157973434e+00
1.506250000000000000e+01,1.322313166507174342e+00
1.508333333333333215e+01,1.322854116520201018e+00
1.510416666666666607e+01,1.323529093580195326e+00
1.512500000000000000e+01,1.324294272919579907e+00
1.514583333333333215e+01,1.325157134038571938e+00
1.516666666666666607e+01,1.326135702168404817e+00
1.518750000000000000e+01,1.327201410399623915e+00
1.520833333333333215e+01,1.328319558416961366e+00
1.522916666666666607e+01,1.329505460025597774e+00
1.525000000000000000e+01,1.330783572094709433e+00
1.527083333333333215e+01,1.332130315417803912e+00
1.529166666666666607e+01,1.333513981929886683e+00
1.531250000000000000e+01,1.334947340832004725e+00
1.533333333333333215e+01,1.336445560457372395e+00
1.535416666666666607e+01,1.337972484173067134e+00
1.537500000000000000e+01,1.339481931658647929e+00
1.539583333333333215e+01,1.340973176984863180e+00
1.541666666666666607e+01,1.342451261922478656e+00
1.543750000000000000e+01,1.343875415532937101e+00
1.545833333333333215e+01,1.345201128788920508e+00
1.547916666666666607e+01,1.346431659610667575e+00
1.550000000000000000e+01,1.347578367371976116e+00
1.552083333333333215e+01,1.348625114285224358e+00
1.554166666666666607e+01,1.349573409196816343e+00
1.556250000000000000e+01,1.350449615543301674e+00
1.558333333333333215e+01,1.351257954722710375e+00
1.560416666666666607e+01,1.351998828555646570e+00
1.562500000000000000e+01,1.352705137602677077e+00
1.564583333333333215e+01,1.353396471709989779e+00
1.566666666666666607e+01,1.354045728399746684e+00
1.568750000000000000e+01,1.354620761815385155e+00
1.570833333333333215e+01,1.355138405079694186e+00
1.572916666666666607e+01,1.355625036921890736e+00
1.575000000000000000e+01,1.356060199926926391e+00
1.577083333333333215e+01,1.356416158395656657e+00
1.579166666666666607e+01,1.356714673317203745e+00
1.581250000000000000e+01,1.356985378426345257e+00
1.583333333333333215e+01,1.357209989485669732e+00
1.585416666666666607e+01,1.357362191920843397e+00
1.587500000000000000e+01,1.357464132049155170e+00
1.589583333333333215e+01,1.357545100265999061e+00
1.591666666666666607e+01,1.357587254872059557e+00
1.593750000000000000e+01,1.357566610779745275e+00
1.595833333333333215e+01,1.357506531865500854e+00
1.597916666666666607e+01,1.357437403614073279e+00
1.600000000000000000e+01,1.357343953053921526e+00
1.602083333333333215e+01,1.357207611749928544e+00
1.604166666666666430e+01,1.357056656513327519e+00
1.606250000000000000e+01,1.356925837625582831e+00
1.608333333333333215e+01,1.356799340037029511e+00
1.610416666666666430e+01,1.356651448585284525e+00
1.612500000000000000e+01,1.356503272569327123e+00
1.614583333333333215e+01,1.356382360481812377e+00
1.616666666666666430e+01,1.356272239448485850e+00
1.618750000000000000e+01,1.356154101600994144e+00
1.620833333333333215e+01,1.356056716702375597e+00
1.622916666666666430e+01,1.356013602108750771e+00
1.625000000000000000e+01,1.356007259033700674e+00
1.627083333333333215e+01,1.356010141241883016e+00
1.629166666666666430e+01,1.356041772361651798e+00
1.631250000000000000e+01,1.356127964907157812e+00
1.633333333333333215e+01,1.356244759921036991e+00
1.635416666666666430e+01,1.356360561583281443e+00
1.637500000000000000e+01,1.356492947770707724e+00
1.639583333333333215e+01,1.356670708034749762e+00
1.641666666666666430e+01,1.356871812695652491e+00
1.643750000000000000e+01,1.357066807715631818e+00
1.645833333333333215e+01,1.357279630045036045e+00
1.647916666666666430e+01,1.357545087895748015e+00
1.650000000000000000e+01,1.357850500597102661e+00
1.652083333333333215e+01,1.358174770229412021e+00
1.654166666666666430e+01,1.358526416915398993e+00
1.656250000000000000e+01,1.358901023923086315e+00
1.658333333333333215e+01,1.359266495673115971e+00
1.660416666666666430e+01,1.359610222608690799e+00
1.662500000000000000e+01,1.359938818723980480e+00
1.664583333333333215e+01,1.360227276258221707e+00
1.666666666666666430e+01,1.360445225069162101e+00
1.668750000000000000e+01,1.360610621698457257e+00
1.670833333333333215e+01,1.360749154823204243e+00
1.672916666666666430e+01,1.360836805608360178e+00
1.675000000000000000e+01,1.360840130498098599e+00
1.677083333333333215e+01,1.360771555747825268e+00
1.679166666666666430e+01,1.360649809448591263e+00
1.681250000000000000e+01,1.360454065601708784e+00
1.683333333333333215e+01,1.360167737902691742e+00
1.685416666666666430e+01,1.359822235873339835e+00
1.687500000000000000e+01,1.359455135879817922e+00
1.689583333333333215e+01,1.359053805772705514e+00
1.691666666666666430e+01,1.358596066973936090e+00
1.693750000000000000e+01,1.358107620989724484e+00
1.695833333333333215e+01,1.357622257749329764e+00
1.697916666666666430e+01,1.357126480511094968e+00
1.700000000000000000e+01,1.356600141529787917e+00
1.702083333333333215e+01,1.356073745276747733e+00
1.704166666666666430e+01,1.355587753488030733e+00
1.706250000000000000e+01,1.355137090253766941e+00
1.708333333333333215e+01,1.354710622345848492e+00
1.710416666666666430e+01,1.354339255124245023e+00
1.712500000000000000e+01,1.354052917472748474e+00
1.714583333333333215e+01,1.353833738291791100e+00
1.716666666666666430e+01,1.353653536025758219e+00
1.718750000000000000e+01,1.353490284078957329e+00
1.720833333333333215e+01,1.353294452360428890e+00
1.722916666666666430e+01,1.353029103487122908e+00
1.725000000000000000e+01,1.352702529286696320e+00
1.727083333333333215e+01,1.352324188992160670e+00
1.729166666666666430e+01,1.351854025695658379e+00
1.731250000000000000e+01,1.351241896769799444e+00
1.733333333333333215e+01,1.350484758269670182e+00
1.735416666666666430e+01,1.349595475046923898e+00
1.737500000000000000e+01,1.348560754563533415e+00
1.739583333333333215e+01,1.347374134420639358e+00
1.741666666666666430e+01,1.346075027442528604e+00
1.743750000000000000e+01,1.344706707692738812e+00
1.745833333333333215e+01,1.343261722055584917e+00
1.747916666666666430e+01,1.341723169967771190e+00
1.750000000000000000e+01,1.340120347205609797e+00
1.752083333333333215e+01,1.338488470867249980e+00
1.754166666666666430e+01,1.336811322756793929e+00
1.756250000000000000e+01,1.335062010424725942e+00
1.758333333333333215e+01,1.333260098175649055e+00
1.760416666666666430e+01,1.331431916277181937e+00
1.762500000000000000e+01,1.329560860048335957e+00
1.764583333333333215e+01,1.327630372988516161e+00
1.766666666666666430e+01,1.325673808485868799e+00
1.768750000000000000e+01,1.323733300295421467e+00
1.770833333333333215e+01,1.321804251810857034e+00
1.772916666666666430e+01,1.319875734441147586e+00
1.775000000000000000e+01,1.317987754533354039e+00
1.777083333333333215e+01,1.316190577087371638e+00
1.779166666666666430e+01,1.314487715174843974e+00
1.781250000000000000e+01,1.312858133298012486e+00
1.783333333333333215e+01,1.311307523355274229e+00
1.785416666666666430e+01,1.309849234192315137e+00
1.787500000000000000e+01,1.308449588919756934e+00
1.789583333333333215e+01,1.307067731038246583e+00
1.791666666666666430e+01,1.305711692603601426e+00
1.793750000000000000e+01,1.304397333084126975e+00
1.795833333333333215e+01,1.303090449346340218e+00
1.797916666666666430e+01,1.301747525458605059e+00
1.800000000000000000e+01,1.300371484594050386e+00
1.802083333333333215e+01,1.298972637289677712e+00
1.804166666666666430e+01,1.297530183877690035e+00
1.806250000000000000e+01,1.296037418834482757e+00
1.808333333333333215e+01,1.294522883750768294e+00
1.810416666666666430e+01,1.293004802303992840e+00
1.812500000000000000e+01,1.291458233093466967e+00
1.814583333333333215e+01,1.289859877158511692e+00
1.816666666666666430e+01,1.288234996010222844e+00
1.818750000000000000e+01,1.286616516102976338e+00
1.820833333333333215e+01,1.284989258183836025e+00
1.822916666666666430e+01,1.283329513123129928e+00
1.825000000000000000e+01,1.281662084290360548e+00
1.827083333333333215e+01,1.280019367530990326e+00
1.829166666666666430e+01,1.278385297023699518e+00
1.831250000000000000e+01,1.276735150879535929e+00
1.833333333333333215e+01,1.275092271081881501e+00
1.835416666666666430e+01,1.273487955213639777e+00
1.837500000000000000e+01,1.271905350879174668e+00
1.839583333333333215e+01,1.270321176130744467e+00
1.841666666666666430e+01,1.268766046749196130e+00
1.843750000000000000e+01,1.267306113199718087e+00
1.845833333333333215e+01,1.265987619396656383e+00
1.847916666666666430e+01,1.264810612121314515e+00
1.850000000000000000e+01,1.263775229850390369e+00
1.852083333333333215e+01,1.262933572388071024e+00
1.854166666666666430e+01,1.262347912861170762e+00
1.856250000000000000e+01,1.262030713519422642e+00
1.858333333333333215e+01,1.261947164444507941e+00
1.860416666666666430e+01,1.262062632788292449e+00
1.862500000000000000e+01,1.262391451037256695e+00
1.864583333333333215e+01,1.262955607258060553e+00
1.866666666666666430e+01,1.263727407372112532e+00
1.868750000000000000e+01,1.264668895654181835e+00
1.870833333333333215e+01,1.265782709955532770e+00
1.872916666666666430e+01,1.267068229190605910e+00
1.875000000000000000e+01,1.268473905083983500e+00
1.877083333333333215e+01,1.269938179043329063e+00
1.879166666666666430e+01,1.271445881551596546e+00
1.881250000000000000e+01,1.272988637368376308e+00
1.883333333333333215e+01,1.274524422899990128e+00
1.885416666666666430e+01,1.276022825738897248e+00
1.887500000000000000e+01,1.277504018445929201e+00
1.889583333333333215e+01,1.278997189093870501e+00
1.891666666666666430e+01,1.280483565012423330e+00
1.893750000000000000e+01,1.281937060980918419e+00
1.895833333333333215e+01,1.283375485244984793e+00
1.897916666666666430e+01,1.284819702082700577e+00
1.900000000000000000e+01,1.286243506262738423e+00
1.902083333333333215e+01,1.287615166320184912e+00
1.904166666666666430e+01,1.288952659308554516e+00
1.906250000000000000e+01,1.290283796551615625e+00
1.908333333333333215e+01,1.291589666463256014e+00
1.910416666666666430e+01,1.292844395607765762e+00
1.912500000000000000e+01,1.294056365267656439e+00
1.914583333333333215e+01,1.295223446623113839e+00
1.916666666666666430e+01,1.296308225450910845e+00
1.918750000000000000e+01,1.297283460774178554e+00
1.920833333333333215e+01,1.298172209564334656e+00
1.922916666666666430e+01,1.299004191678147402e+00
1.925000000000000000e+01,1.299759305634791584e+00
1.927083333333333215e+01,1.300407016282233430e+00
1.929166666666666430e+01,1.300963280967920577e+00
1.931250000000000000e+01,1.301449250891721698e+00
1.933333333333333215e+01,1.301837949872583389e+00
1.935416666666666430e+01,1.302096641682537470e+00
1.937500000000000000e+01,1.302239460941324145e+00
1.939583333333333215e+01,1.302290526652393199e+00
1.941666666666666430e+01,1.302245435115187311e+00
1.943750000000000000e+01,1.302112833606263065e+00
1.945833333333333215e+01,1.301931953417674759e+00
1.947916666666666430e+01,1.301726315446394278e+00
1.950000000000000000e+01,1.301489629822281113e+00
1.952083333333333215e+01,1.301233331308206731e+00
1.954166666666666430e+01,1.300984151558672641e+00
1.956250000000000000e+01,1.300734605061371951e+00
1.958333333333333215e+01,1.300472814671485455e+00
1.960416666666666430e+01,1.300238201196140420e+00
1.962500000000000000e+01,1.300080561748337304e+00
1.964583333333333215e+01,1.300002550116587496e+00
1.966666666666666430e+01,1.299991367013993759e+00
1.968750000000000000e+01,1.300065065199609515e+00
1.970833333333333215e+01,1.300239192510254327e+00
1.972916666666666430e+01,1.300479514047220508e+00
1.975000000000000000e+01,1.300743158314298098e+00
1.977083333333333215e+01,1.301034375580041536e+00
1.979166666666666430e+01,1.301364643195711546e+00
1.981250000000000000e+01,1.301699214450886766e+00
1.983333333333333215e+01,1.301998571726868503e+00
1.985416666666666430e+01,1.302269388217158985e+00
1.987500000000000000e+01,1.302524206050831079e+00
1.989583333333333215e+01,1.302725749245900566e+00
1.991666666666666430e+01,1.302826565666233449e+00
1.993750000000000000e+01,1.302826402662415450e+00
1.995833333333333215e+01,1.302749681333026599e+00
1.997916666666666430e+01,1.302594762457164768e+00
2.000000000000000000e+01,1.302355374519162057e+00
2.002083333333333215e+01,1.302074582189939100e+00
2.004166666666666430e+01,1.301803893633916909e+00
2.006250000000000000e+01,1.301548106747512978e+00
2.008333333333333215e+01,1.301297170372877510e+00
2.010416666666666430e+01,1.301073891187856768e+00
2.012500000000000000e+01,1.300900463460904710e+00
2.014583333333333215e+01,1.300751503585269919e+00
2.016666666666666430e+01,1.300595491929815051e+00
2.018750000000000000e+01,1.300451153988043007e+00
2.020833333333333215e+01,1.300346153938841898e+00
2.022916666666666430e+01,1.300259522580175187e+00
2.025000000000000000e+01,1.300161900305871754e+00
2.027083333333333215e+01,1.300070970465943665e+00
2.029166666666666430e+01,1.300011247132161207e+00
2.031250000000000000e+01,1.299957065805182888e+00
2.033333333333333215e+01,1.299872894974272386e+00
2.035416666666666430e+01,1.299768571685716800e+00
2.037500000000000000e+01,1.299659684770324564e+00
2.039583333333333215e+01,1.299516686997509218e+00
2.041666666666666430e+01,1.299307200907728888e+00
2.043750000000000000e+01,1.299046234087309903e+00
2.045833333333333215e+01,1.298755510371937705e+00
2.047916666666666430e+01,1.298414939458019113e+00
2.050000000000000000e+01,1.298005331321800515e+00
2.052083333333333215e+01,1.297556521436406873e+00
2.054166666666666430e+01,1.297105982810633940e+00
2.056250000000000000e+01,1.296643323027701467e+00
2.058333333333333215e+01,1.296151561197515401e+00
2.060416666666666430e+01,1.295664606107043371e+00
2.062500000000000000e+01,1.295226355157828468e+00
2.064583333333333215e+01,1.294835024231023590e+00
2.066666666666666430e+01,1.294480813827322718e+00
2.068750000000000000e+01,1.294162727137642577e+00
2.070833333333333215e+01,1.293846389007649700e+00
2.072916666666666430e+01,1.293500971747076900e+00
2.075000000000000000e+01,1.293146844350479219e+00
2.077083333333333215e+01,1.292813280858047253e+00
2.079166666666666430e+01,1.292481368146478182e+00
2.081250000000000000e+01,1.292123484539990930e+00
2.083333333333333215e+01,1.291759789715004381e+00
2.085416666666666430e+01,1.291416745354412310e+00
2.087500000000000000e+01,1.291070906078074065e+00
2.089583333333333215e+01,1.290688643033248484e+00
2.091666666666666430e+01,1.290282819070779574e+00
2.093750000000000000e+01,1.289871043937339312e+00
2.095833333333333215e+01,1.289420418956961578e+00
2.097916666666666430e+01,1.288888923083079563e+00
2.100000000000000000e+01,1.288281253793804870e+00
2.102083333333333215e+01,1.287610475676320254e+00
2.104166666666666430e+01,1.286861493685016899e+00
2.106250000000000000e+01,1.286035727707683263e+00
2.108333333333333215e+01,1.285159482316120316e+00
2.110416666666666430e+01,1.284237298785436021e+00
2.112500000000000000e+01,1.283265863546533936e+00
2.114583333333333215e+01,1.282278215393258369e+00
2.116666666666666430e+01,1.281300605923542779e+00
2.118750000000000000e+01,1.280307504172003119e+00
2.120833333333333215e+01,1.279264186801378989e+00
2.122916666666666430e+01,1.278183683472388754e+00
2.125000000000000000e+01,1.277087645967680096e+00
2.127083333333333215e+01,1.275961508423090196e+00
2.129166666666666430e+01,1.274798999030390956e+00
2.131250000000000000e+01,1.273642952448312604e+00
2.133333333333333215e+01,1.272543395016783929e+00
2.135416666666666430e+01,1.271502962043162377e+00
2.137500000000000000e+01,1.270510514274420188e+00
2.139583333333333215e+01,1.269583262570161075e+00
2.141666666666666430e+01,1.268731573304382465e+00
2.143750000000000000e+01,1.267920785275320039e+00
2.145833333333333215e+01,1.267115886222510479e+00
2.147916666666666430e+01,1.266333679618445895e+00
2.150000000000000000e+01,1.265645861925985827e+00
2.152083333333333215e+01,1.265131849893559979e+00
2.154166666666666430e+01,1.264820830071525348e+00
2.156250000000000000e+01,1.264716114650488832e+00
2.158333333333333215e+01,1.264847023828580497e+00
2.160416666666666430e+01,1.265247123408621555e+00
2.162500000000000000e+01,1.265898491575225382e+00
2.164583333333333215e+01,1.266773897701079843e+00
2.166666666666666430e+01,1.267891662549498921e+00
2.168750000000000000e+01,1.269276352491033322e+00
2.170833333333333215e+01,1.270901691558904645e+00
2.172916666666666430e+01,1.272731443025169273e+00
2.175000000000000000e+01,1.274762441980848759e+00
2.177083333333333215e+01,1.276980698000542924e+00
2.179166666666666430e+01,1.279329050484850239e+00
2.181250000000000000e+01,1.281750720639515118e+00
2.183333333333333215e+01,1.284239663018592825e+00
2.185416666666666430e+01,1.286798464279941712e+00
2.187500000000000000e+01,1.289382803351793561e+00
2.189583333333333215e+01,1.291942064306885740e+00
2.191666666666666430e+01,1.294475635387012158e+00
2.193750000000000000e+01,1.296991739714059344e+00
2.195833333333333215e+01,1.299451677470831124e+00
2.197916666666666430e+01,1.301810754891741473e+00
2.200000000000000000e+01,1.304075273329754703e+00
2.202083333333333215e+01,1.306261748098112019e+00
2.204166666666666430e+01,1.308345733319517867e+00
2.206250000000000000e+01,1.310302174235013384e+00
2.208333333333333215e+01,1.312157625409435813e+00
2.210416666666666430e+01,1.313948318963477524e+00
2.212500000000000000e+01,1.315663105923293719e+00
2.214583333333333215e+01,1.317248083002585002e+00
2.216666666666666430e+01,1.318654507905533846e+00
2.218750000000000000e+01,1.319884427540867655e+00
2.220833333333333215e+01,1.320947807004608121e+00
2.222916666666666430e+01,1.321808322114464307e+00
2.225000000000000000e+01,1.322422694872073423e+00
2.227083333333333215e+01,1.322797250835880067e+00
2.229166666666666430e+01,1.322965672593938491e+00
2.231250000000000000e+01,1.322939195530643763e+00
2.233333333333333215e+01,1.322721716106625367e+00
2.235416666666666430e+01,1.322363873964200076e+00
2.237500000000000000e+01,1.321921463656791085e+00
2.239583333333333215e+01,1.321398950354251367e+00
2.241666666666666430e+01,1.320790450185987508e+00
2.243750000000000000e+01,1.320136413287484656e+00
2.245833333333333215e+01,1.319482903228349047e+00
2.247916666666666430e+01,1.318825382158087534e+00
2.250000000000000000e+01,1.318150038230468724e+00
2.252083333333333215e+01,1.317490819517010525e+00
2.254166666666666430e+01,1.316889879409288922e+00
2.256250000000000000e+01,1.316341107663418164e+00
2.258333333333333215e+01,1.315831586368625405e+00
2.260416666666666430e+01,1.315390476223821548e+00
2.262500000000000000e+01,1.315047271522540306e+00
2.264583333333333215e+01,1.314783386589651659e+00
2.266666666666666430e+01,1.314574778659969523e+00
2.268750000000000000e+01,1.314443845419606571e+00
2.270833333333333215e+01,1.314417027298749208e+00
2.272916666666666430e+01,1.314473769665188030e+00
2.275000000000000000e+01,1.314586900993670371e+00
2.277083333333333215e+01,1.314767798546100597e+00
2.279166666666666430e+01,1.315021763306109204e+00
2.281250000000000000e+01,1.315304265348890222e+00
2.283333333333333215e+01,1.315562407358627395e+00
2.285416666666666430e+01,1.315791797783770090e+00
2.287500000000000000e+01,1.315995359477006410e+00
2.289583333333333215e+01,1.316140113362419539e+00
2.291666666666666430e+01,1.316200790602321868e+00
2.293750000000000000e+01,1.316200919247259460e+00
2.295833333333333215e+01,1.316168996123726176e+00
2.297916666666666430e+01,1.316082722121733273e+00
2.300000000000000000e+01,1.315910622189083501e+00
2.302083333333333215e+01,1.315667891074079554e+00
2.304166666666666430e+01,1.315376039148163256e+00
2.306250000000000000e+01,1.315010389978869432e+00
2.308333333333333215e+01,1.314543138358039709e+00
2.310416666666666430e+01,1.313993534531703533e+00
2.312500000000000000e+01,1.313386495197107040e+00
2.314583333333333215e+01,1.312708758207386195e+00
2.316666666666666430e+01,1.311953623061742569e+00
2.318750000000000000e+01,1.311162721907289219e+00
2.320833333333333215e+01,1.310383394049234207e+00
2.322916666666666430e+01,1.309612638452800404e+00
2.325000000000000000e+01,1.308839060093206497e+00
2.327083333333333215e+01,1.308100203559890318e+00
2.329166666666666430e+01,1.307441396825993030e+00
2.331250000000000000e+01,1.306860698457256165e+00
2.333333333333333215e+01,1.306345751629628182e+00
2.335416666666666430e+01,1.305912490363452694e+00
2.337500000000000000e+01,1.305562761006563655e+00
2.339583333333333215e+01,1.305267247923900031e+00
2.341666666666666430e+01,1.305011544941474089e+00
2.343750000000000000e+01,1.304809921196663058e+00
2.345833333333333215e+01,1.304657625844666491e+00
2.347916666666666430e+01,1.304531718770067350e+00
2.350000000000000000e+01,1.304440302268479179e+00
2.352083333333333215e+01,1.304398581226452025e+00
2.354166666666666430e+01,1.304373718233425405e+00
2.356250000000000000e+01,1.304324871526276297e+00
2.358333333333333215e+01,1.304259687371284393e+00
2.360416666666666430e+01,1.304192174014359162e+00
2.362500000000000000e+01,1.304086230531113610e+00
2.364583333333333215e+01,1.303885033308711083e+00
2.366666666666666430e+01,1.303589454131272030e+00
2.368750000000000000e+01,1.303214727756021318e+00
2.370833333333333215e+01,1.302725077198143566e+00
2.372916666666666430e+01,1.302084571954834624e+00
2.375000000000000000e+01,1.301307155467156029e+00
2.377083333333333215e+01,1.300413492115193970e+00
2.379166666666666430e+01,1.299389528154105689e+00
2.381250000000000000e+01,1.298233844752027188e+00
2.383333333333333215e+01,1.296989646776628646e+00
2.385416666666666430e+01,1.295699956335825132e+00
2.387500000000000000e+01,1.294355903480959746e+00
2.389583333333333215e+01,1.292938662857788801e+00
2.391666666666666430e+01,1.291476294831915395e+00
2.393750000000000000e+01,1.290002674461764087e+00
2.395833333333333215e+01,1.288501567432339234e+00
2.397916666666666430e+01,1.286948906908235379e+00
2.400000000000000000e+01,1.285370286973700038e+00
2.402083333333333215e+01,1.283799705464524932e+00
2.404166666666666430e+01,1.282224021088255839e+00
2.406250000000000000e+01,1.280623227317420731e+00
2.408333333333333215e+01,1.279027292825287265e+00
2.410416666666666430e+01,1.277475665400864324e+00
2.412500000000000000e+01,1.275962178699116656e+00
2.414583333333333215e+01,1.274475387276553962e+00
2.416666666666666430e+01,1.273049802889133497e+00
2.418750000000000000e+01,1.271723373372367627e+00
2.420833333333333215e+01,1.270486183066910968e+00
2.422916666666666430e+01,1.269320795853887907e+00
2.425000000000000000e+01,1.268241927744772513e+00
2.427083333333333215e+01,1.267251475174215658e+00
2.429166666666666430e+01,1.266311540130914848e+00
2.431250000000000000e+01,1.265389046593919042e+00
2.433333333333333215e+01,1.264499621707078525e+00
2.435416666666666430e+01,1.263708580420039862e+00
2.437500000000000000e+01,1.263086493535532373e+00
2.439583333333333215e+01,1.262656155794020574e+00
2.441666666666666430e+01,1.262420971349989651e+00
2.443750000000000000e+01,1.262409496968424749e+00
2.445833333333333215e+01,1.262641781102435967e+00
2.447916666666666430e+01,1.263085131241062031e+00
2.450000000000000000e+01,1.263697413088156640e+00
2.452083333333333215e+01,1.264481972837073975e+00
2.454166666666666430e+01,1.265448374212470695e+00
2.456250000000000000e+01,1.266555188681571797e+00
2.458333333333333215e+01,1.267751263527637562e+00
2.460416666666666430e+01,1.269032484504338143e+00
2.462500000000000000e+01,1.270402700483204361e+00
2.464583333333333215e+01,1.271831786930738284e+00
2.466666666666666430e+01,1.273299395694936997e+00
2.468750000000000000e+01,1.274830014018653257e+00
2.470833333333333215e+01,1.276448060709078236e+00
2.472916666666666430e+01,1.278130060105981292e+00
2.475000000000000000e+01,1.279845697256559056e+00
2.477083333333333215e+01,1.281615545654656962e+00
2.479166666666666430e+01,1.283470224802646387e+00
2.481250000000000000e+01,1.285394405626132164e+00
2.483333333333333215e+01,1.287363328918447181e+00
2.485416666666666430e+01,1.289384730426635928e+00
2.487500000000000000e+01,1.291458192118644099e+00
2.489583333333333215e+01,1.293539820436340859e+00
2.491666666666666430e+01,1.295585730364199328e+00
2.493750000000000000e+01,1.297605822404935383e+00
2.495833333333333215e+01,1.299666896257240634e+00
2.497916666666666430e+01,1.301844958006188158e+00
2.500000000000000000e+01,1.304168043707044200e+00
2.502083333333333215e+01,1.306631560667517178e+00
2.504166666666666430e+01,1.309246609103159820e+00
2.506250000000000000e+01,1.312030329224707526e+00
2.508333333333333215e+01,1.314959506069233397e+00
2.510416666666666430e+01,1.318012491652617246e+00
2.512500000000000000e+01,1.321217110869687739e+00
2.514583333333333215e+01,1.324609367993206943e+00
2.516666666666666430e+01,1.328177458063821481e+00
2.518750000000000000e+01,1.331895666161041047e+00
2.520833333333333215e+01,1.335768322560503929e+00
2.522916666666666430e+01,1.339793519956213430e+00
2.525000000000000000e+01,1.343921258985841360e+00
2.527083333333333215e+01,1.348095542020856685e+00
2.529166666666666430e+01,1.352310913184865182e+00
2.531250000000000000e+01,1.356571983300533635e+00
2.533333333333333215e+01,1.360835973739146443e+00
2.535416666666666430e+01,1.365052231870114818e+00
2.537500000000000000e+01,1.369217873060100787e+00
2.539583333333333215e+01,1.373342403039743420e+00
2.541666666666666430e+01,1.377405292064465048e+00
2.543750000000000000e+01,1.381395586847663282e+00
2.545833333333333215e+01,1.385344004111837668e+00
2.547916666666666430e+01,1.389279076806391178e+00
2.550000000000000000e+01,1.393176664974417722e+00
2.552083333333333215e+01,1.397001682898921571e+00
2.554166666666666430e+01,1.400765314404075035e+00
2.556250000000000000e+01,1.404488753433676740e+00
2.558333333333333215e+01,1.408188444505376946e+00
2.560416666666666430e+01,1.411925220094720768e+00
2.562500000000000000e+01,1.415769278226938876e+00
2.564583333333333215e+01,1.419744388809464963e+00
2.566666666666666430e+01,1.423839503714245946e+00
2.568750000000000000e+01,1.428055650139980148e+00
2.570833333333333215e+01,1.432410437894327648e+00
2.572916666666666430e+01,1.436890224803959226e+00
2.575000000000000000e+01,1.441476200153066545e+00
2.577083333333333215e+01,1.446194048296977064e+00
2.579166666666666430e+01,1.451070195191774381e+00
2.581250000000000000e+01,1.456080299814910495e+00
2.583333333333333215e+01,1.461191169781351107e+00
2.585416666666666430e+01,1.466415700526231491e+00
2.587500000000000000e+01,1.471773232008612320e+00
2.589583333333333215e+01,1.477232709718039994e+00
2.591666666666666430e+01,1.482753976179538080e+00
2.593750000000000000e+01,1.488343382339193166e+00
2.595833333333333215e+01,1.494013317733651203e+00
2.597916666666666430e+01,1.499727103919222815e+00
2.600000000000000000e+01,1.505437872427510815e+00
2.602083333333333215e+01,1.511144524466581984e+00
2.604166666666666430e+01,1.516851341667670994e+00
2.606250000000000000e+01,1.522515966355498351e+00
2.608333333333333215e+01,1.528091014984562124e+00
2.610416666666666430e+01,1.533576458328752556e+00
2.612500000000000000e+01,1.538982145846776506e+00
2.614583333333333215e+01,1.544292787268695788e+00
2.616666666666666430e+01,1.549507978035355782e+00
2.618750000000000000e+01,1.554661105127181919e+00
2.620833333333333215e+01,1.559771953313199733e+00
2.622916666666666430e+01,1.564824447773898397e+00
2.625000000000000000e+01,1.569814588447474346e+00
2.627083333333333215e+01,1.574779131419335565e+00
2.629166666666666430e+01,1.579750438652621103e+00
2.631250000000000000e+01,1.584712229034250131e+00
2.633333333333333215e+01,1.589641138733694170e+00
2.635416666666666430e+01,1.594564755708862691e+00
2.637500000000000000e+01,1.599521273441215197e+00
2.639583333333333215e+01,1.604503333977928436e+00
2.641666666666666430e+01,1.609497273484456814e+00
2.643750000000000000e+01,1.614533361047668425e+00
2.645833333333333215e+01,1.619643628441996830e+00
2.647916666666666430e+01,1.624812252557473080e+00
2.650000000000000000e+01,1.630016237228752107e+00
2.652083333333333215e+01,1.635279213495181239e+00
2.654166666666666430e+01,1.640629487822977239e+00
2.656250000000000000e+01,1.646045168640082546e+00
2.658333333333333215e+01,1.651494512603290721e+00
2.660416666666666430e+01,1.656992208065708683e+00
2.662500000000000000e+01,1.662559283603308957e+00
2.664583333333333215e+01,1.668164577273655302e+00
2.666666666666666430e+01,1.673766072915428893e+00
2.668750000000000000e+01,1.679367978211341983e+00
2.670833333333333215e+01,1.684980859334383130e+00
2.672916666666666430e+01,1.690564750553969153e+00
2.675000000000000000e+01,1.696069654381896052e+00
2.677083333333333215e+01,1.701493857388665765e+00
2.679166666666666430e+01,1.706854843091376361e+00
2.681250000000000000e+01,1.712137296842593637e+00
2.683333333333333215e+01,1.717321786221768454e+00
2.685416666666666430e+01,1.722439318409633602e+00
2.687500000000000000e+01,1.727531366603326513e+00
2.689583333333333215e+01,1.732593802988290799e+00
2.691666666666666430e+01,1.737615621578462166e+00
2.693750000000000000e+01,1.742630169012938657e+00
2.695833333333333215e+01,1.747673951035872975e+00
2.697916666666666430e+01,1.752736763839309431e+00
2.700000000000000000e+01,1.757801277776154469e+00
2.702083333333333215e+01,1.762893347335653838e+00
2.704166666666666430e+01,1.768040461296134680e+00
2.706250000000000000e+01,1.773221614081896158e+00
2.708333333333333215e+01,1.778409258835145668e+00
2.710416666666666430e+01,1.783625840809722973e+00
2.712500000000000000e+01,1.788903404283813892e+00
2.714583333333333215e+01,1.794226569856025577e+00
2.716666666666666430e+01,1.799572682125302636e+00
2.718750000000000000e+01,1.804954648197147904e+00
2.720833333333333215e+01,1.810375315755116787e+00
2.722916666666666430e+01,1.815792948732415812e+00
2.725000000000000000e+01,1.821165355944271980e+00
2.727083333333333215e+01,1.826499469788919416e+00
2.729166666666666430e+01,1.831808409797104575e+00
2.731250000000000000e+01,1.837059727987643498e+00
2.733333333333333215e+01,1.842217234136502180e+00
2.735416666666666430e+01,1.847292337489792047e+00
2.737500000000000000e+01,1.852303792280312722e+00
2.739583333333333215e+01,1.857237884495837710e+00
2.741666666666666430e+01,1.862093651878480971e+00
2.743750000000000000e+01,1.866908477265668553e+00
2.745833333333333215e+01,1.871711561563311754e+00
2.747916666666666430e+01,1.876480841730947313e+00
2.750000000000000000e+01,1.881187128181559531e+00
2.752083333333333215e+01,1.885851215851027440e+00
2.754166666666666430e+01,1.890503285131673872e+00
2.756250000000000000e+01,1.895125705865573273e+00
2.758333333333333215e+01,1.899695315366463522e+00
2.760416666666666430e+01,1.904239802210875965e+00
2.762500000000000000e+01,1.908796994410974612e+00
2.764583333333333215e+01,1.913357543760596524e+00
2.766666666666666430e+01,1.917904602926054247e+00
2.768750000000000000e+01,1.922468590086031881e+00
2.770833333333333215e+01,1.927087962856049108e+00
2.772916666666666430e+01,1.931752576312956604e+00
2.775000000000000000e+01,1.936444669876136615e+00
2.777083333333333215e+01,1.941195429915155035e+00
2.779166666666666430e+01,1.946042907864742322e+00
2.781250000000000000e+01,1.950974380898200966e+00
2.783333333333333215e+01,1.955966676578272168e+00
2.785416666666666430e+01,1.961040032320603421e+00
2.787500000000000000e+01,1.966214703942722464e+00
2.789583333333333215e+01,1.971460082971271399e+00
2.791666666666666430e+01,1.976736185724723427e+00
2.793750000000000000e+01,1.982050337131246565e+00
2.795833333333333215e+01,1.987415399370003888e+00
2.797916666666666430e+01,1.992793309020926218e+00
2.800000000000000000e+01,1.998136990387396228e+00
2.802083333333333215e+01,2.003445704519127624e+00
2.804166666666666430e+01,2.008727605047490705e+00
2.806250000000000000e+01,2.013960207257355695e+00
2.808333333333333215e+01,2.019132957108408899e+00
2.810416666666666430e+01,2.024279036877089322e+00
2.812500000000000000e+01,2.029430528371375608e+00
2.814583333333333215e+01,2.034568649521026451e+00
2.816666666666666430e+01,2.039666079709951507e+00
2.818750000000000000e+01,2.044743667090436201e+00
2.820833333333333215e+01,2.049829646873091438e+00
2.822916666666666430e+01,2.054905088755679010e+00
2.825000000000000000e+01,2.059945695747115391e+00
2.827083333333333215e+01,2.064978180877417469e+00
2.829166666666666430e+01,2.070038178786524075e+00
2.831250000000000000e+01,2.075115710754078968e+00
2.833333333333333215e+01,2.080196227034688761e+00
2.835416666666666430e+01,2.085310805756634522e+00
2.837500000000000000e+01,2.090492496894186480e+00
2.839583333333333215e+01,2.095729238095554781e+00
2.841666666666666430e+01,2.101001459075505728e+00
2.843750000000000000e+01,2.106323935710700646e+00
2.845833333333333215e+01,2.111698437727763888e+00
2.847916666666666430e+01,2.117082743203352546e+00
2.850000000000000000e+01,2.122437917489886416e+00
2.852083333333333215e+01,2.127774156927342730e+00
2.854166666666666430e+01,2.133107038290247726e+00
2.856250000000000000e+01,2.138400924177115581e+00
2.858333333333333215e+01,2.143611870514039008e+00
2.860416666666666430e+01,2.148742901054574439e+00
2.862500000000000000e+01,2.153810313078002192e+00
2.864583333333333215e+01,2.158802763182801066e+00
2.866666666666666430e+01,2.163717204657421789e+00
2.868750000000000000e+01,2.168588071212567137e+00
2.870833333333333215e+01,2.173440911970257794e+00
2.872916666666666430e+01,2.178251114105985931e+00
2.875000000000000000e+01,2.182988900052300174e+00
2.877083333333333215e+01,2.187674049557409184e+00
2.879166666666666430e+01,2.192334042399632033e+00
2.881250000000000000e+01,2.196952753914043210e+00
2.883333333333333215e+01,2.201512492042660529e+00
2.885416666666666430e+01,2.206045869557044181e+00
2.887500000000000000e+01,2.210594199818093131e+00
2.889583333333333215e+01,2.215153289833253325e+00
2.891666666666666430e+01,2.219714498383591472e+00
2.893750000000000000e+01,2.224318583178520825e+00
2.895833333333333215e+01,2.229013656693402456e+00
2.897916666666666430e+01,2.233799935698686401e+00
2.900000000000000000e+01,2.238659170973043455e+00
2.902083333333333215e+01,2.243605444618508749e+00
2.904166666666666430e+01,2.248657109539447863e+00
2.906250000000000000e+01,2.253783197015694295e+00
2.908333333333333215e+01,2.258944794783056320e+00
2.910416666666666430e+01,2.264149715937924690e+00
2.912500000000000000e+01,2.269411247728661429e+00
2.914583333333333215e+01,2.274690775639601537e+00
2.916666666666666430e+01,2.279940390541006057e+00
2.918750000000000000e+01,2.285158866553919310e+00
2.920833333333333215e+01,2.290350824818076614e+00
2.922916666666666430e+01,2.295489744713069769e+00
2.925000000000000000e+01,2.300564603092568827e+00
2.927083333333333215e+01,2.305602803036630011e+00
2.929166666666666430e+01,2.310623232571621610e+00
2.931250000000000000e+01,2.315595074751225724e+00
2.933333333333333215e+01,2.320481777254064681e+00
2.935416666666666430e+01,2.325297417847991266e+00
2.937500000000000000e+01,2.330064974435764658e+00
2.939583333333333215e+01,2.334767028064890670e+00
2.941666666666666430e+01,2.339388336420787695e+00
2.943750000000000000e+01,2.343965625038187284e+00
2.945833333333333215e+01,2.348544642866478682e+00
2.947916666666666430e+01,2.353124559509645053e+00
2.950000000000000000e+01,2.357698829524487394e+00
2.952083333333333215e+01,2.362300671505150440e+00
2.954166666666666430e+01,2.366958857325340393e+00
2.956250000000000000e+01,2.371653160817593697e+00
2.958333333333333215e+01,2.376356610014254578e+00
2.960416666666666430e+01,2.381089930629961771e+00
2.962500000000000000e+01,2.385879180396205168e+00
2.964583333333333215e+01,2.390699367334145453e+00
2.966666666666666430e+01,2.395516624892823021e+00
2.968750000000000000e+01,2.400342710458423401e+00
2.970833333333333215e+01,2.405194074316229891e+00
2.972916666666666430e+01,2.410036294933778578e+00
2.975000000000000000e+01,2.414825994019654587e+00
2.977083333333333215e+01,2.419567284405916396e+00
2.979166666666666430e+01,2.424279403545076317e+00
2.981250000000000000e+01,2.428947770421239216e+00
2.983333333333333215e+01,2.433556966576132297e+00
2.985416666666666430e+01,2.438141670794123694e+00
2.987500000000000000e+01,2.442744262409400235e+00
2.989583333333333215e+01,2.447360023984746835e+00
2.991666666666666430e+01,2.451977359128344691e+00
2.993750000000000000e+01,2.456629462995966851e+00
2.995833333333333215e+01,2.461354323119535170e+00
2.997916666666666430e+01,2.466145790883025324e+00
3.000000000000000000e+01,2.470992439000660124e+00
3.002083333333333215e+01,2.475919404149314218e+00
3.004166666666666430e+01,2.480943688697395899e+00
3.006250000000000000e+01,2.486033018871456779e+00
3.008333333333333215e+01,2.491148483515783774e+00
3.010416666666666430e+01,2.496299309029148539e+00
3.012500000000000000e+01,2.501500354527816050e+00
3.014583333333333215e+01,2.506715893017592567e+00
3.016666666666666430e+01,2.511901951513009656e+00
3.018750000000000000e+01,2.517060927309044516e+00
3.020833333333333215e+01,2.522204441964801980e+00
3.022916666666666430e+01,2.527310318910684028e+00
3.025000000000000000e+01,2.532363882197972149e+00
3.027083333333333215e+01,2.537398820105242425e+00
3.029166666666666430e+01,2.542454190534032765e+00
3.031250000000000000e+01,2.547518983349473132e+00
3.033333333333333215e+01,2.552573248826282448e+00
3.035416666666666430e+01,2.557644563428404183e+00
3.037500000000000000e+01,2.562767156658977807e+00
3.039583333333333215e+01,2.567927660475186169e+00
3.041666666666666430e+01,2.573106789307041176e+00
3.043750000000000000e+01,2.578332109495461211e+00
3.045833333333333215e+01,2.583634375551572493e+00
3.047916666666666430e+01,2.588997267622269671e+00
3.050000000000000000e+01,2.594398426149246095e+00
3.052083333333333215e+01,2.599854901517816064e+00
3.054166666666666430e+01,2.605379148560881042e+00
3.056250000000000000e+01,2.610935488480406796e+00
3.058333333333333215e+01,2.616483198132867116e+00
3.060416666666666430e+01,2.622031862913660305e+00
3.062500000000000000e+01,2.627598519531112231e+00
3.064583333333333215e+01,2.633151256969563647e+00
3.066666666666666430e+01,2.638650758083587178e+00
3.068750000000000000e+01,2.644103334250752724e+00
3.070833333333333215e+01,2.649522147110756176e+00
3.072916666666666430e+01,2.654878741786599772e+00
3.075000000000000000e+01,2.660145716374068936e+00
3.077083333333333215e+01,2.665342328254257875e+00
3.079166666666666430e+01,2.670492206132748070e+00
3.081250000000000000e+01,2.675571535567697001e+00
3.083333333333333215e+01,2.680552202351328628e+00
3.085416666666666430e+01,2.685453329010638601e+00
3.087500000000000000e+01,2.690300004429957870e+00
3.089583333333333215e+01,2.695083365510045237e+00
3.091666666666666430e+01,2.699805914207952462e+00
3.093750000000000000e+01,2.704509880990085602e+00
3.095833333333333215e+01,2.709231432742831291e+00
3.097916666666666430e+01,2.713957961276428854e+00
3.100000000000000000e+01,2.718671580700123158e+00
3.102083333333333215e+01,2.723405449982084114e+00
3.104166666666666430e+01,2.728201474818987560e+00
3.106250000000000000e+01,2.733055842126715707e+00
3.108333333333333215e+01,2.737959462139452516e+00
3.110416666666666430e+01,2.742934440461769707e+00
3.112500000000000000e+01,2.747987540643086035e+00
3.114583333333333215e+01,2.753089067521569344e+00
3.116666666666666430e+01,2.758220054010331435e+00
3.118750000000000000e+01,2.763404552881251863e+00
3.120833333333333215e+01,2.768662664355528769e+00
3.122916666666666430e+01,2.773963901057439063e+00
3.125000000000000000e+01,2.779270218381537649e+00
3.127083333333333215e+01,2.784590858442596684e+00
3.129166666666666430e+01,2.789941351000875258e+00
3.131250000000000000e+01,2.795287404403303810e+00
3.133333333333333215e+01,2.800586161719687883e+00
3.135416666666666430e+01,2.805840808947877463e+00
3.137500000000000000e+01,2.811062554881591957e+00
3.139583333333333215e+01,2.816233769169501855e+00
3.141666666666666430e+01,2.821351094610061505e+00
3.143750000000000000e+01,2.826443187819858593e+00
3.145833333333333215e+01,2.831523515576567007e+00
3.147916666666666430e+01,2.836574573384564868e+00
3.150000000000000000e+01,2.841596519286783362e+00
3.152083333333333215e+01,2.846613869410151043e+00
3.154166666666666430e+01,2.851625517579389868e+00
3.156250000000000000e+01,2.856625269292319746e+00
3.158333333333333215e+01,2.861640402266371286e+00
3.160416666666666430e+01,2.866687331165444608e+00
3.162500000000000000e+01,2.871739545276860817e+00
3.164583333333333215e+01,2.876773978219260730e+00
3.166666666666666430e+01,2.881820625242612621e+00
3.168750000000000000e+01,2.886919425376111015e+00
3.170833333333333215e+01,2.892062525279059493e+00
3.172916666666666430e+01,2.897234628077983487e+00
3.175000000000000000e+01,2.902453489254498642e+00
3.177083333333333215e+01,2.907723637108187820e+00
3.179166666666666430e+01,2.913012020564257565e+00
3.181250000000000000e+01,2.918294966591472139e+00
3.183333333333333215e+01,2.923599196723741134e+00
3.185416666666666430e+01,2.928957279440618233e+00
3.187500000000000000e+01,2.934349798650802033e+00
3.189583333333333215e+01,2.939745796584782855e+00
3.191666666666666430e+01,2.945161631389600743e+00
3.193750000000000000e+01,2.950618979816884924e+00
3.195833333333333215e+01,2.956087626689567482e+00
3.197916666666666430e+01,2.961527508346096127e+00
3.200000000000000000e+01,2.966946801130954992e+00
3.202083333333332860e+01,2.972360399739927050e+00
3.204166666666666430e+01,2.977732353900707896e+00
3.206250000000000000e+01,2.983018573279198282e+00
3.208333333333332860e+01,2.988223527380150291e+00
3.210416666666666430e+01,2.993367620721642197e+00
3.212500000000000000e+01,2.998436761838465969e+00
3.214583333333332860e+01,3.003414439502235300e+00
3.216666666666666430e+01,3.008332143561555760e+00
3.218750000000000000e+01,3.013227893047712769e+00
3.220833333333332860e+01,3.018091722465086946e+00
3.222916666666666430e+01,3.022907628755563181e+00
3.225000000000000000e+01,3.027709836241049057e+00
3.227083333333332860e+01,3.032539639352141769e+00
3.229166666666666430e+01,3.037393943375561900e+00
3.231250000000000000e+01,3.042265314575738344e+00
3.233333333333332860e+01,3.047175179215477758e+00
3.235416666666666430e+01,3.052128236403746087e+00
3.237500000000000000e+01,3.057098423385442132e+00
3.239583333333332860e+01,3.062076365756086993e+00
3.241666666666666430e+01,3.067080478101027463e+00
3.243750000000000000e+01,3.072107669565068200e+00
3.245833333333332860e+01,3.077139958598838376e+00
3.247916666666666430e+01,3.082196506030689953e+00
3.250000000000000000e+01,3.087302351114187715e+00
3.252083333333332860e+01,3.092432460513149461e+00
3.254166666666666430e+01,3.097552483635820586e+00
3.256250000000000000e+01,3.102675900490083460e+00
3.258333333333332860e+01,3.107821034391786696e+00
3.260416666666666430e+01,3.112953835855528872e+00
3.262500000000000000e+01,3.118029576143833914e+00
3.264583333333332860e+01,3.123051254655691888e+00
3.266666666666666430e+01,3.128031519481011546e+00
3.268750000000000000e+01,3.132954033957192408e+00
3.270833333333332860e+01,3.137817039399502406e+00
3.272916666666666430e+01,3.142649035363457966e+00
3.275000000000000000e+01,3.147461491153022095e+00
3.277083333333332860e+01,3.152240510383420791e+00
3.279166666666666430e+01,3.156995998956980465e+00
3.281250000000000000e+01,3.161742433325912316e+00
3.283333333333332860e+01,3.166464452056440226e+00
3.285416666666666430e+01,3.171163060911325271e+00
3.287500000000000000e+01,3.175863162895188108e+00
3.289583333333332860e+01,3.180565695048288788e+00
3.291666666666666430e+01,3.185265031461428364e+00
3.293750000000000000e+01,3.189988668222835777e+00
3.295833333333332860e+01,3.194753527116172442e+00
3.297916666666666430e+01,3.199532997558499403e+00
3.300000000000000000e+01,3.204299553592211414e+00
3.302083333333332860e+01,3.209077924802210990e+00
3.304166666666666430e+01,3.213908322932391926e+00
3.306250000000000000e+01,3.218779502397699499e+00
3.308333333333332860e+01,3.223669323364085848e+00
3.310416666666666430e+01,3.228607044735077647e+00
3.312500000000000000e+01,3.233627991031194693e+00
3.314583333333332860e+01,3.238716421470697604e+00
3.316666666666666430e+01,3.243846258951585071e+00
3.318750000000000000e+01,3.249037191633133759e+00
3.320833333333332860e+01,3.254313859110310680e+00
3.322916666666666430e+01,3.259651526063385152e+00
3.325000000000000000e+01,3.265016074524299317e+00
3.327083333333332860e+01,3.270419512123603045e+00
3.329166666666666430e+01,3.275880409600614662e+00
3.331250000000000000e+01,3.281369414863318124e+00
3.333333333333332860e+01,3.286850614239182455e+00
3.335416666666666430e+01,3.292335983321306170e+00
3.337500000000000000e+01,3.297846019010918006e+00
3.339583333333332860e+01,3.303354668820663420e+00
3.341666666666666430e+01,3.308830204764967142e+00
3.343750000000000000e+01,3.314290279317064769e+00
3.345833333333332860e+01,3.319762774261733274e+00
3.347916666666666430e+01,3.325230441750544941e+00
3.350000000000000000e+01,3.330671280622387709e+00
3.352083333333332860e+01,3.336106831899227743e+00
3.354166666666666430e+01,3.341560465405701397e+00
3.356250000000000000e+01,3.347009196647617646e+00
3.358333333333332860e+01,3.352424259220493141e+00
3.360416666666666430e+01,3.357825400876287780e+00
3.362500000000000000e+01,3.363239295761001113e+00
3.364583333333332860e+01,3.368647851498598911e+00
3.366666666666666430e+01,3.374024969551468800e+00
3.368750000000000000e+01,3.379387800437595235e+00
3.370833333333332860e+01,3.384758469524846713e+00
3.372916666666666430e+01,3.390110621399383017e+00
3.375000000000000000e+01,3.395411049419700511e+00
3.377083333333332860e+01,3.400674784174471110e+00
3.379166666666666430e+01,3.405923843940739992e+00
3.381250000000000000e+01,3.411133010180174452e+00
3.383333333333332860e+01,3.416270646283528833e+00
3.385416666666666430e+01,3.421354313371729017e+00
3.387500000000000000e+01,3.426410098360047840e+00
3.389583333333332860e+01,3.431418789371158073e+00
3.391666666666666430e+01,3.436356864472246642e+00
3.393750000000000000e+01,3.441252090859914681e+00
3.395833333333332860e+01,3.446141097500710959e+00
3.397916666666666430e+01,3.451013805152479019e+00
3.400000000000000000e+01,3.455854837215059927e+00
3.402083333333332860e+01,3.460698897054556689e+00
3.404166666666666430e+01,3.465589476494076671e+00
3.406250000000000000e+01,3.470522501767271173e+00
3.408333333333332860e+01,3.475486262173546059e+00
3.410416666666666430e+01,3.480501211635765202e+00
3.412500000000000000e+01,3.485575820204534825e+00
3.414583333333332860e+01,3.490676173699993168e+00
3.416666666666666430e+01,3.495771229182378370e+00
3.418750000000000000e+01,3.500880323708294384e+00
3.420833333333332860e+01,3.506031488163819265e+00
3.422916666666666430e+01,3.511205489932830215e+00
3.425000000000000000e+01,3.516375027571629008e+00
3.427083333333332860e+01,3.521562429390201920e+00
3.429166666666666430e+01,3.526800011015062353e+00
3.431250000000000000e+01,3.532072227931025488e+00
3.433333333333332860e+01,3.537353676898115307e+00
3.435416666666666430e+01,3.542656197102510340e+00
3.437500000000000000e+01,3.547986644340773488e+00
3.439583333333332860e+01,3.553301921346758263e+00
3.441666666666666430e+01,3.558551370790366430e+00
3.443750000000000000e+01,3.563732317045574582e+00
3.445833333333332860e+01,3.568851616496322432e+00
3.447916666666666430e+01,3.573894216548576530e+00
3.450000000000000000e+01,3.578867255488118460e+00
3.452083333333332860e+01,3.583783946165060019e+00
3.454166666666666430e+01,3.588624817799773048e+00
3.456250000000000000e+01,3.593382582532125280e+00
3.458333333333332860e+01,3.598091623977639486e+00
3.460416666666666430e+01,3.602779474786383496e+00
3.462500000000000000e+01,3.607425359363868100e+00
3.464583333333332860e+01,3.612003632566481937e+00
3.466666666666666430e+01,3.616539453015100936e+00
3.468750000000000000e+01,3.621066456919580290e+00
3.470833333333332860e+01,3.625570720726123852e+00
3.472916666666666430e+01,3.630031997524932219e+00
3.475000000000000000e+01,3.634477396874909783e+00
3.477083333333332860e+01,3.638939357678394160e+00
3.479166666666666430e+01,3.643399986271933955e+00
3.481250000000000000e+01,3.647833925346564587e+00
3.483333333333332860e+01,3.652262954758879854e+00
3.485416666666666430e+01,3.656713579324121444e+00
3.487500000000000000e+01,3.661160229500597385e+00
3.489583333333332860e+01,3.665566420331947128e+00
3.491666666666666430e+01,3.669945699785565285e+00
3.493750000000000000e+01,3.674325493634747364e+00
3.495833333333332860e+01,3.678696477691686617e+00
3.497916666666666430e+01,3.683052585650121280e+00
3.500000000000000000e+01,3.687437913193282402e+00
3.502083333333332860e+01,3.691903203490055407e+00
3.504166666666666430e+01,3.696451015103054960e+00
3.506250000000000000e+01,3.701070930535827586e+00
3.508333333333332860e+01,3.705783393493301325e+00
3.510416666666666430e+01,3.710601037030548000e+00
3.512500000000000000e+01,3.715488708763934778e+00
3.514583333333332860e+01,3.720406817865995475e+00
3.516666666666666430e+01,3.725367665507535619e+00
3.518750000000000000e+01,3.730393253262164865e+00
3.520833333333332860e+01,3.735459110170045172e+00
3.522916666666666430e+01,3.740535669076576752e+00
3.525000000000000000e+01,3.745643801312217303e+00
3.527083333333332860e+01,3.750812570187479711e+00
3.529166666666666430e+01,3.756022528155893436e+00
3.531250000000000000e+01,3.761246672263198310e+00
3.533333333333332860e+01,3.766505380446452556e+00
3.535416666666666430e+01,3.771824608335864859e+00
3.537500000000000000e+01,3.777179072935740844e+00
3.539583333333332860e+01,3.782534370508280119e+00
3.541666666666666430e+01,3.787902775620461071e+00
3.543750000000000000e+01,3.793302508777196103e+00
3.545833333333332860e+01,3.798700849859509177e+00
3.547916666666666430e+01,3.804056064325171516e+00
3.550000000000000000e+01,3.809373623587114288e+00
3.552083333333332860e+01,3.814665444668198013e+00
3.554166666666666430e+01,3.819901223712760974e+00
3.556250000000000000e+01,3.825052744433481866e+00
3.558333333333332860e+01,3.830142998319942649e+00
3.560416666666666430e+01,3.835203430473249409e+00
3.562500000000000000e+01,3.840218620665690086e+00
3.564583333333332860e+01,3.845166986616492810e+00
3.566666666666666430e+01,3.850078578900904436e+00
3.568750000000000000e+01,3.854991742233951690e+00
3.570833333333332860e+01,3.859901582729770464e+00
3.572916666666666430e+01,3.864798231799639439e+00
3.575000000000000000e+01,3.869711202521281646e+00
3.577083333333332860e+01,3.874666828779147920e+00
3.579166666666666430e+01,3.879643445038150062e+00
3.581250000000000000e+01,3.884612656334016645e+00
3.583333333333332860e+01,3.889593476979514186e+00
3.585416666666666430e+01,3.894610758780649107e+00
3.587500000000000000e+01,3.899638955008580155e+00
3.589583333333332860e+01,3.904643951959272830e+00
3.591666666666666430e+01,3.909637737815719660e+00
3.593750000000000000e+01,3.914637193375187341e+00
3.595833333333332860e+01,3.919609981906927221e+00
3.597916666666666430e+01,3.924517533915081291e+00
3.600000000000000000e+01,3.929368471684520081e+00
3.602083333333332860e+01,3.934181564881154447e+00
3.604166666666666430e+01,3.938944604240145253e+00
3.606250000000000000e+01,3.943655048651522499e+00
3.608333333333332860e+01,3.948351242048224297e+00
3.610416666666666430e+01,3.953066869744816803e+00
3.612500000000000000e+01,3.957787001817240746e+00
3.614583333333332860e+01,3.962489763938354059e+00
3.616666666666666430e+01,3.967202567351226339e+00
3.618750000000000000e+01,3.971961140907417143e+00
3.620833333333332860e+01,3.976754854414719986e+00
3.622916666666666430e+01,3.981568264312710603e+00
3.625000000000000000e+01,3.986433247616655073e+00
3.627083333333332860e+01,3.991386197984876816e+00
3.629166666666666430e+01,3.996416170268530355e+00
3.631250000000000000e+01,4.001505150127956156e+00
3.633333333333332860e+01,4.006664573243825522e+00
3.635416666666666430e+01,4.011889845185130810e+00
3.637500000000000000e+01,4.017147737680769382e+00
3.639583333333332860e+01,4.022424211835730290e+00
3.641666666666666430e+01,4.027723663614566796e+00
3.643750000000000000e+01,4.033018941741082664e+00
3.645833333333332860e+01,4.038274451916188390e+00
3.647916666666666430e+01,4.043502037310697794e+00
3.650000000000000000e+01,4.048720638647218095e+00
3.652083333333332860e+01,4.053901392993945585e+00
3.654166666666666430e+01,4.059007932664036922e+00
3.656250000000000000e+01,4.064053384978677741e+00
3.658333333333332860e+01,4.069061325446920563e+00
3.660416666666666430e+01,4.074014870515887843e+00
3.662500000000000000e+01,4.078897374748407856e+00
3.664583333333332860e+01,4.083744589099049804e+00
3.666666666666666430e+01,4.088603252760529827e+00
3.668750000000000000e+01,4.093473868702688812e+00
3.670833333333332860e+01,4.098349425667161761e+00
3.672916666666666430e+01,4.103258763371607110e+00
3.675000000000000000e+01,4.108222607870993137e+00
3.677083333333332860e+01,4.113211588284488407e+00
3.679166666666666430e+01,4.118187473838125001e+00
3.681250000000000000e+01,4.123158923009562216e+00
3.683333333333332860e+01,4.128142555615361253e+00
3.685416666666666430e+01,4.133114177652746690e+00
3.687500000000000000e+01,4.138050650829486976e+00
3.689583333333332860e+01,4.142975254006077357e+00
3.691666666666666430e+01,4.147917308972471240e+00
3.693750000000000000e+01,4.152855103366254852e+00
3.695833333333332860e+01,4.157756255986201133e+00
3.697916666666666430e+01,4.162635153323327231e+00
3.700000000000000000e+01,4.167513509948312489e+00
3.702083333333332860e+01,4.172370106969722769e+00
3.704166666666666430e+01,4.177183248760981016e+00
3.706250000000000000e+01,4.181981161264338276e+00
3.708333333333332860e+01,4.186801211474834084e+00
3.710416666666666430e+01,4.191633767360043450e+00
3.712500000000000000e+01,4.196461603618510949e+00
3.714583333333332860e+01,4.201317851690678395e+00
3.716666666666666430e+01,4.206246197648856544e+00
3.718750000000000000e+01,4.211244443642558011e+00
3.720833333333332860e+01,4.216297364670857029e+00
3.722916666666666430e+01,4.221419974873427350e+00
3.725000000000000000e+01,4.226621136670856593e+00
3.727083333333332860e+01,4.231861945159795191e+00
3.729166666666666430e+01,4.237096840325985880e+00
3.731250000000000000e+01,4.242329888150775830e+00
3.733333333333332860e+01,4.247574495420107787e+00
3.735416666666666430e+01,4.252798585069633930e+00
3.737500000000000000e+01,4.257965621046852611e+00
3.739583333333332860e+01,4.263086525546020411e+00
3.741666666666666430e+01,4.268180774909737352e+00
3.743750000000000000e+01,4.273225669784213920e+00
3.745833333333332860e+01,4.278198235186906118e+00
3.747916666666666430e+01,4.283123176664803466e+00
3.750000000000000000e+01,4.288031261040043951e+00
3.752083333333332860e+01,4.292902324596458818e+00
3.754166666666666430e+01,4.297705439393540772e+00
3.756250000000000000e+01,4.302456393666441059e+00
3.758333333333332860e+01,4.307179079201816307e+00
3.760416666666666430e+01,4.311862382555550433e+00
3.762500000000000000e+01,4.316504215391590016e+00
3.764583333333332860e+01,4.321147670667071061e+00
3.766666666666666430e+01,4.325837057953319409e+00
3.768750000000000000e+01,4.330569255646650184e+00
3.770833333333332860e+01,4.335333494129698373e+00
3.772916666666666430e+01,4.340160328612583385e+00
3.775000000000000000e+01,4.345079374643777470e+00
3.777083333333332860e+01,4.350072950454160647e+00
3.779166666666666430e+01,4.355117197588880273e+00
3.781250000000000000e+01,4.360238149630644600e+00
3.783333333333332860e+01,4.365471459094062645e+00
3.785416666666666430e+01,4.370804774870723719e+00
3.787500000000000000e+01,4.376208657905715782e+00
3.789583333333332860e+01,4.381688377783767407e+00
3.791666666666666430e+01,4.387252960993143880e+00
3.793750000000000000e+01,4.392861699554350352e+00
3.795833333333332860e+01,4.398464433929644812e+00
3.797916666666666430e+01,4.404057374395793367e+00
3.800000000000000000e+01,4.409643759049205691e+00
3.802083333333332860e+01,4.415188963766939700e+00
3.804166666666666430e+01,4.420664277744453585e+00
3.806250000000000000e+01,4.426088609495150372e+00
3.808333333333332860e+01,4.431487392773166611e+00
3.810416666666666430e+01,4.436834641815525337e+00
3.812500000000000000e+01,4.442093084569401107e+00
3.814583333333332860e+01,4.447270495414263003e+00
3.816666666666666430e+01,4.452378412364211613e+00
3.818750000000000000e+01,4.457378069665134390e+00
3.820833333333332860e+01,4.462221260533781653e+00
3.822916666666666430e+01,4.466907367472352064e+00
3.825000000000000000e+01,4.471444634212895508e+00
3.827083333333332860e+01,4.475810720374236773e+00
3.829166666666666430e+01,4.479997911557297208e+00
3.831250000000000000e+01,4.484048734354648680e+00
3.833333333333332860e+01,4.488012497857764238e+00
3.835416666666666430e+01,4.491888920832119325e+00
3.837500000000000000e+01,4.495669413689793892e+00
3.839583333333332860e+01,4.499391392110129395e+00
3.841666666666666430e+01,4.503097189092183150e+00
3.843750000000000000e+01,4.506781432046749636e+00
3.845833333333332860e+01,4.510432120927386990e+00
3.847916666666666430e+01,4.514079952685648323e+00
3.850000000000000000e+01,4.517756339241509878e+00
3.852083333333332860e+01,4.521445281628289514e+00
3.854166666666666430e+01,4.525128218047633766e+00
3.856250000000000000e+01,4.528841348407626199e+00
3.858333333333332860e+01,4.532629713674151795e+00
3.860416666666666430e+01,4.536488820736904515e+00
3.862500000000000000e+01,4.540407068485108333e+00
3.864583333333332860e+01,4.544417835132923855e+00
3.866666666666666430e+01,4.548556522726369344e+00
3.868750000000000000e+01,4.552808936344363566e+00
3.870833333333332860e+01,4.557152315889417160e+00
3.872916666666666430e+01,4.561603261512720664e+00
3.875000000000000000e+01,4.566174338937408095e+00
3.877083333333332860e+01,4.570825436197747393e+00
3.879166666666666430e+01,4.575506731242414915e+00
3.881250000000000000e+01,4.580214979828555855e+00
3.883333333333332860e+01,4.584953755888836469e+00
3.885416666666666430e+01,4.589691446306222389e+00
3.887500000000000000e+01,4.594406334187501884e+00
3.889583333333332860e+01,4.599124778991870777e+00
3.891666666666666430e+01,4.603877917633341532e+00
3.893750000000000000e+01,4.608649428144923732e+00
3.895833333333332860e+01,4.613416470746821041e+00
3.897916666666666430e+01,4.618202773783626647e+00
3.900000000000000000e+01,4.623036270118556779e+00
3.902083333333332860e+01,4.627898457791826736e+00
3.904166666666666430e+01,4.632765017711900413e+00
3.906250000000000000e+01,4.637653914664196186e+00
3.908333333333332860e+01,4.642581599409895787e+00
3.910416666666666430e+01,4.647516841262127052e+00
3.912500000000000000e+01,4.652422516977929412e+00
3.914583333333332860e+01,4.657311923154969335e+00
3.916666666666666430e+01,4.662207741172810671e+00
3.918750000000000000e+01,4.667084947264096506e+00
3.920833333333332860e+01,4.671911576690415124e+00
3.922916666666666430e+01,4.676703071265514211e+00
3.925000000000000000e+01,4.681481288051648093e+00
3.927083333333332860e+01,4.686217804613035831e+00
3.929166666666666430e+01,4.690874962287121086e+00
3.931250000000000000e+01,4.695461034454291749e+00
3.933333333333332860e+01,4.699990173384427372e+00
3.935416666666666430e+01,4.704433356782989684e+00
3.937500000000000000e+01,4.708761648881613304e+00
3.939583333333332860e+01,4.712993823636493218e+00
3.941666666666666430e+01,4.717154844117320778e+00
3.943750000000000000e+01,4.721225566417122543e+00
3.945833333333332860e+01,4.725185767586276064e+00
3.947916666666666430e+01,4.729064595993097697e+00
3.950000000000000000e+01,4.732899690634829959e+00
3.952083333333332860e+01,4.736681555349121275e+00
3.954166666666666430e+01,4.740394461408826032e+00
3.956250000000000000e+01,4.744073948680947339e+00
3.958333333333332860e+01,4.747765570931411716e+00
3.960416666666666430e+01,4.751469118900303101e+00
3.962500000000000000e+01,4.755178687727365627e+00
3.964583333333332860e+01,4.758934389219148464e+00
3.966666666666666430e+01,4.762779985772957581e+00
3.968750000000000000e+01,4.766711194923010986e+00
3.970833333333332860e+01,4.770715655167976799e+00
3.972916666666666430e+01,4.774809819886725926e+00
3.975000000000000000e+01,4.778993322442523173e+00
3.977083333333332860e+01,4.783236301222842712e+00
3.979166666666666430e+01,4.787526853171229391e+00
3.981250000000000000e+01,4.791869916496127146e+00
3.983333333333332860e+01,4.796237963117112812e+00
3.985416666666666430e+01,4.800594304466138773e+00
3.987500000000000000e+01,4.804948605704329800e+00
3.989583333333332860e+01,4.809316334247868419e+00
3.991666666666666430e+01,4.813662657781749843e+00
3.993750000000000000e+01,4.817943502883401230e+00
3.995833333333332860e+01,4.822162197125460459e+00
3.997916666666666430e+01,4.826337571755878741e+00
4.000000000000000000e+01,4.830456525916184241e+00
4.002083333333332860e+01,4.834506125353997597e+00
4.004166666666666430e+01,4.838519769689377803e+00
4.006250000000000000e+01,4.842537214105698595e+00
4.008333333333332860e+01,4.846548793919418507e+00
4.010416666666666430e+01,4.850536658214616104e+00
4.012500000000000000e+01,4.854532333652941567e+00
4.014583333333332860e+01,4.858575824654927544e+00
4.016666666666666430e+01,4.862660223062929887e+00
4.018750000000000000e+01,4.866771086583283612e+00
4.020833333333332860e+01,4.870928307266102486e+00
4.022916666666666430e+01,4.875140996086674505e+00
4.025000000000000000e+01,4.879374093309136740e+00
4.027083333333332860e+01,4.883592099252351382e+00
4.029166666666666430e+01,4.887811599310920130e+00
4.031250000000000000e+01,4.892059316858283324e+00
4.033333333333332860e+01,4.896315404371822666e+00
4.035416666666666430e+01,4.900553996245783139e+00
4.037500000000000000e+01,4.904799420402818910e+00
4.039583333333332860e+01,4.909084674282087057e+00
4.041666666666666430e+01,4.913393711813151654e+00
4.043750000000000000e+01,4.917701901882852944e+00
4.045833333333332860e+01,4.922031681165283779e+00
4.047916666666666430e+01,4.926411881576913565e+00
4.050000000000000000e+01,4.930820673076911298e+00
4.052083333333332860e+01,4.935226335321552860e+00
4.054166666666666430e+01,4.939642505456455446e+00
4.056250000000000000e+01,4.944088215792701746e+00
4.058333333333332860e+01,4.948531451337792042e+00
4.060416666666666430e+01,4.952930295465480803e+00
4.062500000000000000e+01,4.957289761364303438e+00
4.064583333333332860e+01,4.961621919099458822e+00
4.066666666666666430e+01,4.965897643284312046e+00
4.068750000000000000e+01,4.970090433244102712e+00
4.070833333333332860e+01,4.974224877897387209e+00
4.072916666666666430e+01,4.978334680882492869e+00
4.075000000000000000e+01,4.982406803550833985e+00
4.077083333333332860e+01,4.986422176910124904e+00
4.079166666666666430e+01,4.990414371553932860e+00
4.081250000000000000e+01,4.994422640827424154e+00
4.083333333333332860e+01,4.998451237232375277e+00
4.085416666666666430e+01,5.002496659632821085e+00
4.087500000000000000e+01,5.006581016120727590e+00
4.089583333333332860e+01,5.010717228431510684e+00
4.091666666666666430e+01,5.014875563172989104e+00
4.093750000000000000e+01,5.019026842611599371e+00
4.095833333333332860e+01,5.023192481693850908e+00
4.097916666666666430e+01,5.027403405118308299e+00
4.100000000000000000e+01,5.031643424144569998e+00
4.102083333333332860e+01,5.035890487087981704e+00
4.104166666666666430e+01,5.040180072458905869e+00
4.106250000000000000e+01,5.044552613236016114e+00
4.108333333333332860e+01,5.048982841302552593e+00
4.110416666666666430e+01,5.053437052823848141e+00
4.112500000000000000e+01,5.057935692749792267e+00
4.114583333333332860e+01,5.062506112727595209e+00
4.116666666666666430e+01,5.067123329879990479e+00
4.118750000000000000e+01,5.071752335965471481e+00
4.120833333333332860e+01,5.076405832669508733e+00
4.122916666666666430e+01,5.081101381818212914e+00
4.125000000000000000e+01,5.085812053938632893e+00
4.127083333333332860e+01,5.090509674973666243e+00
4.129166666666666430e+01,5.095213928562816186e+00
4.131250000000000000e+01,5.099950309830817652e+00
4.133333333333332860e+01,5.104693432660278418e+00
4.135416666666666430e+01,5.109408432295031943e+00
4.137500000000000000e+01,5.114105898887603807e+00
4.139583333333332860e+01,5.118802643738744607e+00
4.141666666666666430e+01,5.123483740992396562e+00
4.143750000000000000e+01,5.128147607313387368e+00
4.145833333333332860e+01,5.132822357310753425e+00
4.147916666666666430e+01,5.137519021106162320e+00
4.150000000000000000e+01,5.142225663760321197e+00
4.152083333333332860e+01,5.146954252266675134e+00
4.154166666666666430e+01,5.151720372994576636e+00
4.156250000000000000e+01,5.156498416322845557e+00
4.158333333333332860e+01,5.161265203472913399e+00
4.160416666666666430e+01,5.166045384326961809e+00
4.162500000000000000e+01,5.170869556113640186e+00
4.164583333333332860e+01,5.175718381678560576e+00
4.166666666666666430e+01,5.180563907868390494e+00
4.168750000000000000e+01,5.185429541740462334e+00
4.170833333333332860e+01,5.190344740442970561e+00
4.172916666666666430e+01,5.195284982973740640e+00
4.175000000000000000e+01,5.200216024524823233e+00
4.177083333333332860e+01,5.205152025233679147e+00
4.179166666666666430e+01,5.210113269082967236e+00
4.181250000000000000e+01,5.215069925060809020e+00
4.183333333333332860e+01,5.219984056084204127e+00
4.185416666666666430e+01,5.224866592006423005e+00
4.187500000000000000e+01,5.229737963240117082e+00
4.189583333333332860e+01,5.234577624607019253e+00
4.191666666666666430e+01,5.239366796572921814e+00
4.193750000000000000e+01,5.244137571048592683e+00
4.195833333333332860e+01,5.248932702496025726e+00
4.197916666666666430e+01,5.253748655347906471e+00
4.200000000000000000e+01,5.258575232874878935e+00
4.202083333333332860e+01,5.263441970806046477e+00
4.204166666666666430e+01,5.268375672101834439e+00
4.206250000000000000e+01,5.273355210784016478e+00
4.208333333333332860e+01,5.278353165922802681e+00
4.210416666666666430e+01,5.283391168838825536e+00
4.212500000000000000e+01,5.288498278589535140e+00
4.214583333333332860e+01,5.293654386963522640e+00
4.216666666666666430e+01,5.298830056930460941e+00
4.218750000000000000e+01,5.304042859939001708e+00
4.220833333333332860e+01,5.309316093872010534e+00
4.222916666666666430e+01,5.314622486739255969e+00
4.225000000000000000e+01,5.319923543488674689e+00
4.227083333333332860e+01,5.325226861826969582e+00
4.229166666666666430e+01,5.330545389899142172e+00
4.231250000000000000e+01,5.335841565261368658e+00
4.233333333333332860e+01,5.341068485088464435e+00
4.235416666666666430e+01,5.346226653006309171e+00
4.237500000000000000e+01,5.351333971419761859e+00
4.239583333333332860e+01,5.356377980619055457e+00
4.241666666666666430e+01,5.361349873283894674e+00
4.243750000000000000e+01,5.366287065918890598e+00
4.245833333333332860e+01,5.371234807330869110e+00
4.247916666666666430e+01,5.376194663589296319e+00
4.250000000000000000e+01,5.381162373319835268e+00
4.252083333333332860e+01,5.386162608301442667e+00
4.254166666666666430e+01,5.391204889514946252e+00
4.256250000000000000e+01,5.396266780083927017e+00
4.258333333333332860e+01,5.401339777417087262e+00
4.260416666666666430e+01,5.406443487218767885e+00
4.262500000000000000e+01,5.411578105501900993e+00
4.264583333333332860e+01,5.416727279694231179e+00
4.266666666666666430e+01,5.421907115124555254e+00
4.268750000000000000e+01,5.427138800576210009e+00
4.270833333333332860e+01,5.432393188436733134e+00
4.272916666666666430e+01,5.437631962989947887e+00
4.275000000000000000e+01,5.442863326983951033e+00
4.277083333333332860e+01,5.448101805898701855e+00
4.279166666666666430e+01,5.453314173953622834e+00
4.281250000000000000e+01,5.458461461608079546e+00
4.283333333333332860e+01,5.463551702398685705e+00
4.285416666666666430e+01,5.468601655875044543e+00
4.287500000000000000e+01,5.473598205963114083e+00
4.289583333333332860e+01,5.478540955325676975e+00
4.291666666666666430e+01,5.483462476930962559e+00
4.293750000000000000e+01,5.488382205925126378e+00
4.295833333333332860e+01,5.493283743509551620e+00
4.297916666666666430e+01,5.498160919477338204e+00
4.300000000000000000e+01,5.503049699964896568e+00
4.302083333333332860e+01,5.507982496848491394e+00
4.304166666666666430e+01,5.512944670379976486e+00
4.306250000000000000e+01,5.517916479840403454e+00
4.308333333333332860e+01,5.522929512943128394e+00
4.310416666666666430e+01,5.528025519968861268e+00
4.312500000000000000e+01,5.533199001142985907e+00
4.314583333333332860e+01,5.538429437432450975e+00
4.316666666666666430e+01,5.543729214730173993e+00
4.318750000000000000e+01,5.549110081384828419e+00
4.320833333333332860e+01,5.554532473050222130e+00
4.322916666666666430e+01,5.559949877812399244e+00
4.325000000000000000e+01,5.565360113377005646e+00
4.327083333333332860e+01,5.570766393453423504e+00
4.329166666666666430e+01,5.576130051767135498e+00
4.331250000000000000e+01,5.581412917900523851e+00
4.333333333333332860e+01,5.586626660620998663e+00
4.335416666666666430e+01,5.591791913511036327e+00
4.337500000000000000e+01,5.596882051268504910e+00
4.339583333333332860e+01,5.601864401958703610e+00
4.341666666666666430e+01,5.606756919133910166e+00
4.343750000000000000e+01,5.611588484086397877e+00
4.345833333333332860e+01,5.616341429751502190e+00
4.347916666666666430e+01,5.620992240062394174e+00
4.350000000000000000e+01,5.625567002901425084e+00
4.352083333333332860e+01,5.630101635714007458e+00
4.354166666666666430e+01,5.634585198637796388e+00
4.356250000000000000e+01,5.639000968120542190e+00
4.358333333333332860e+01,5.643382233653817970e+00
4.360416666666666430e+01,5.647770734773809309e+00
4.362500000000000000e+01,5.652159473251750832e+00
4.364583333333332860e+01,5.656532184637298677e+00
4.366666666666666430e+01,5.660920311152131568e+00
4.368750000000000000e+01,5.665361776229632440e+00
4.370833333333332860e+01,5.669845455260314360e+00
4.372916666666666430e+01,5.674351736550444336e+00
4.375000000000000000e+01,5.678908634833288893e+00
4.377083333333332860e+01,5.683549162290576717e+00
4.379166666666666430e+01,5.688255285753095691e+00
4.381250000000000000e+01,5.692998842655668135e+00
4.383333333333332860e+01,5.697798689558481122e+00
4.385416666666666430e+01,5.702679385253010658e+00
4.387500000000000000e+01,5.707615073550345919e+00
4.389583333333332860e+01,5.712571813019907907e+00
4.391666666666666430e+01,5.717563594658879644e+00
4.393750000000000000e+01,5.722610686465193552e+00
4.395833333333332860e+01,5.727680243378006963e+00
4.397916666666666430e+01,5.732730263829227013e+00
4.400000000000000000e+01,5.737766810315313215e+00
4.402083333333332860e+01,5.742802853356255177e+00
4.404166666666666430e+01,5.747816692896077662e+00
4.406250000000000000e+01,5.752798168963167313e+00
4.408333333333332860e+01,5.757784254876374241e+00
4.410416666666666430e+01,5.762813788450443120e+00
4.412500000000000000e+01,5.767877908317789348e+00
4.414583333333332860e+01,5.772961382808579955e+00
4.416666666666666430e+01,5.778090557719660403e+00
4.418750000000000000e+01,5.783289003980025988e+00
4.420833333333332860e+01,5.788533091174843825e+00
4.422916666666666430e+01,5.793794464389391052e+00
4.425000000000000000e+01,5.799095661638315136e+00
4.427083333333332860e+01,5.804468437604883846e+00
4.429166666666666430e+01,5.809897341475168453e+00
4.431250000000000000e+01,5.815359836209041511e+00
4.433333333333332860e+01,5.820868069462439287e+00
4.435416666666666430e+01,5.826423426343629863e+00
4.437500000000000000e+01,5.831983671301216532e+00
4.439583333333332860e+01,5.837508862620188310e+00
4.441666666666666430e+01,5.843006816293379480e+00
4.443750000000000000e+01,5.848491738174576682e+00
4.445833333333332860e+01,5.853927703235064506e+00
4.447916666666666430e+01,5.859269252893840374e+00
4.450000000000000000e+01,5.864518604209956187e+00
4.452083333333332860e+01,5.869698024103897183e+00
4.454166666666666430e+01,5.874798192129838448e+00
4.456250000000000000e+01,5.879803506439259309e+00
4.458333333333332860e+01,5.884743877223891140e+00
4.460416666666666430e+01,5.889655097785962745e+00
4.462500000000000000e+01,5.894525836049274936e+00
4.464583333333332860e+01,5.899338554461971640e+00
4.466666666666666430e+01,5.904125770261630102e+00
4.468750000000000000e+01,5.908928637907841619e+00
4.470833333333332860e+01,5.913742085102244417e+00
4.472916666666666430e+01,5.918555807515208045e+00
4.475000000000000000e+01,5.923408109877069450e+00
4.477083333333332860e+01,5.928342979240151855e+00
4.479166666666666430e+01,5.933356875750590120e+00
4.481250000000000000e+01,5.938432626889832200e+00
4.483333333333332860e+01,5.943584194046003688e+00
4.485416666666666430e+01,5.948821210855014918e+00
4.487500000000000000e+01,5.954103780331903906e+00
4.489583333333332860e+01,5.959384387337220979e+00
4.491666666666666430e+01,5.964662729141662290e+00
4.493750000000000000e+01,5.969945411953512249e+00
4.495833333333332860e+01,5.975204935552621777e+00
4.497916666666666430e+01,5.980425491461697440e+00
4.500000000000000000e+01,5.985636306801137785e+00
4.502083333333332860e+01,5.990867988774193797e+00
4.504166666666666430e+01,5.996099834938199535e+00
4.506250000000000000e+01,6.001301767023774936e+00
4.508333333333332860e+01,6.006490633936242496e+00
4.510416666666666430e+01,6.011689416962935795e+00
4.512500000000000000e+01,6.016871678965224568e+00
4.514583333333332860e+01,6.022003666928050336e+00
4.516666666666666430e+01,6.027101719418443970e+00
4.518750000000000000e+01,6.032190738567328125e+00
4.520833333333332860e+01,6.037248613362226735e+00
4.522916666666666430e+01,6.042247617223868161e+00
4.525000000000000000e+01,6.047211569581886437e+00
4.527083333333332860e+01,6.052173895402725101e+00
4.529166666666666430e+01,6.057122277982139202e+00
4.531250000000000000e+01,6.062039321074481180e+00
4.533333333333332860e+01,6.066958407734992953e+00
4.535416666666666430e+01,6.071922046112031346e+00
4.537500000000000000e+01,6.076924492281980505e+00
4.539583333333332860e+01,6.081938006851706824e+00
4.541666666666666430e+01,6.086963168389956991e+00
4.543750000000000000e+01,6.092004151747156371e+00
4.545833333333332860e+01,6.097021857164836689e+00
4.547916666666666430e+01,6.101977330873699756e+00
4.550000000000000000e+01,6.106880109623026520e+00
4.552083333333332860e+01,6.111746469613104082e+00
4.554166666666666430e+01,6.116547454904162073e+00
4.556250000000000000e+01,6.121252275341361404e+00
4.558333333333332860e+01,6.125880696378491308e+00
4.560416666666666430e+01,6.130461331067873942e+00
4.562500000000000000e+01,6.134974734341291480e+00
4.564583333333332860e+01,6.139395592614381947e+00
4.566666666666666430e+01,6.143750117294180413e+00
4.568750000000000000e+01,6.148075962432543839e+00
4.570833333333332860e+01,6.152363830868040395e+00
4.572916666666666430e+01,6.156597592841323241e+00
4.575000000000000000e+01,6.160810492945793193e+00
4.577083333333332860e+01,6.165045251650526303e+00
4.579166666666666430e+01,6.169297434743414854e+00
4.581250000000000000e+01,6.173556028009612895e+00
4.583333333333332860e+01,6.177850550511919892e+00
4.585416666666666430e+01,6.182206409599070973e+00
4.587500000000000000e+01,6.186598036066414785e+00
4.589583333333332860e+01,6.190990411084398737e+00
4.591666666666666430e+01,6.195396497617133846e+00
4.593750000000000000e+01,6.199835349549641883e+00
4.595833333333332860e+01,6.204275033601181377e+00
4.597916666666666430e+01,6.208670260377345151e+00
4.600000000000000000e+01,6.212995905968201171e+00
4.602083333333332860e+01,6.217206507149009020e+00
4.604166666666666430e+01,6.221255589051324364e+00
4.606250000000000000e+01,6.225147753172208809e+00
4.608333333333332860e+01,6.228897226325512015e+00
4.610416666666666430e+01,6.232471845119972542e+00
4.612500000000000000e+01,6.235835959670580131e+00
4.614583333333332860e+01,6.239003859316600398e+00
4.616666666666666430e+01,6.242000000236013868e+00
4.618750000000000000e+01,6.244802949422891380e+00
4.620833333333332860e+01,6.247386412494969399e+00
4.622916666666666430e+01,6.249773269674996357e+00
4.625000000000000000e+01,6.251995800928105140e+00
4.627083333333332860e+01,6.254043671029835494e+00
4.629166666666666430e+01,6.255905226498434502e+00
4.631250000000000000e+01,6.257618048306547998e+00
4.633333333333332860e+01,6.259225995504462681e+00
4.635416666666666430e+01,6.260724313872374047e+00
4.637500000000000000e+01,6.262099312342272128e+00
4.639583333333332860e+01,6.263384608308706802e+00
4.641666666666666430e+01,6.264620497902122942e+00
4.643750000000000000e+01,6.265802379217928930e+00
4.645833333333332860e+01,6.266921465015327541e+00
4.647916666666666430e+01,6.268016546924675580e+00
4.650000000000000000e+01,6.269132582100653828e+00
4.652083333333332860e+01,6.270265201959356105e+00
4.654166666666666430e+01,6.271400142198729100e+00
4.656250000000000000e+01,6.272567541602115604e+00
4.658333333333332860e+01,6.273802925787833829e+00
4.660416666666666430e+01,6.275094091007993313e+00
4.662500000000000000e+01,6.276418154652612991e+00
4.664583333333332860e+01,6.277796983001675990e+00
4.666666666666666430e+01,6.279257776883774511e+00
4.668750000000000000e+01,6.280778684659010125e+00
4.670833333333332860e+01,6.282328920363497105e+00
4.672916666666666430e+01,6.283924845946919469e+00
4.675000000000000000e+01,6.285591227347162580e+00
4.677083333333332860e+01,6.287305401672798055e+00
4.679166666666666430e+01,6.289038507141917478e+00
4.681250000000000000e+01,6.290810736963033278e+00
4.683333333333332860e+01,6.292651984114391084e+00
4.685416666666666430e+01,6.294545651806745745e+00
4.687500000000000000e+01,6.296469302799018841e+00
4.689583333333332860e+01,6.298442446923576910e+00
4.691666666666666430e+01,6.300484696253620953e+00
4.693750000000000000e+01,6.302569044969781764e+00
4.695833333333332860e+01,6.304662944936087143e+00
4.697916666666666430e+01,6.306783531619719163e+00
4.700000000000000000e+01,6.308956903035682906e+00
4.702083333333332860e+01,6.311161666242529833e+00
4.704166666666666430e+01,6.313368176651135144e+00
4.706250000000000000e+01,6.315592920305748592e+00
4.708333333333332860e+01,6.317857081576605971e+00
4.710416666666666430e+01,6.320132284752529195e+00
4.712500000000000000e+01,6.322379995481615111e+00
4.714583333333332860e+01,6.324607515110225009e+00
4.716666666666666430e+01,6.326826736139026686e+00
4.718750000000000000e+01,6.328998988727734698e+00
4.720833333333332860e+01,6.331075734489469475e+00
4.722916666666666430e+01,6.333055033519931598e+00
4.725000000000000000e+01,6.334951795825973342e+00
4.727083333333332860e+01,6.336751087253479575e+00
4.729166666666666430e+01,6.338439340520057641e+00
4.731250000000000000e+01,6.340046971441133827e+00
4.733333333333332860e+01,6.341614994301560948e+00
4.735416666666666430e+01,6.343131667817254460e+00
4.737500000000000000e+01,6.344573279059900095e+00
4.739583333333332860e+01,6.345957911023767828e+00
4.741666666666666430e+01,6.347300815487159298e+00
4.743750000000000000e+01,6.348565677537702179e+00
4.745833333333332860e+01,6.349706953993251801e+00
4.747916666666666430e+01,6.350727318828648826e+00
4.750000000000000000e+01,6.351641152719591510e+00
4.752083333333332860e+01,6.352436066581280905e+00
4.754166666666666430e+01,6.353113853822394574e+00
4.756250000000000000e+01,6.353706997437276627e+00
4.758333333333332860e+01,6.354231817732054921e+00
4.760416666666666430e+01,6.354681092806480081e+00
4.762500000000000000e+01,6.355073039681911951e+00
4.764583333333332860e+01,6.355431962315659433e+00
4.766666666666666430e+01,6.355740566978408168e+00
4.768750000000000000e+01,6.355981861137249389e+00
4.770833333333332860e+01,6.356188408485123453e+00
4.772916666666666430e+01,6.356400868105643198e+00
4.775000000000000000e+01,6.356611452966515863e+00
4.777083333333332860e+01,6.356806277240513836e+00
4.779166666666666430e+01,6.357022792968233027e+00
4.781250000000000000e+01,6.357309568481902318e+00
4.783333333333332860e+01,6.357667933649826075e+00
4.785416666666666430e+01,6.358083373702105412e+00
4.787500000000000000e+01,6.358571983196164012e+00
4.789583333333332860e+01,6.359147433840663943e+00
4.791666666666666430e+01,6.359774603785200320e+00
4.793750000000000000e+01,6.360411757473050542e+00
4.795833333333332860e+01,6.361067340523666402e+00
4.797916666666666430e+01,6.361757567789338097e+00
4.800000000000000000e+01,6.362448703576215614e+00
4.802083333333332860e+01,6.363097160837224209e+00
4.804166666666666430e+01,6.363707207799237153e+00
4.806250000000000000e+01,6.364291552735585888e+00
4.808333333333332860e+01,6.364815883964178411e+00
4.810416666666666430e+01,6.365235108382701235e+00
4.812500000000000000e+01,6.365547946337702712e+00
4.814583333333332860e+01,6.365772200722002339e+00
4.816666666666666430e+01,6.365895886393926340e+00
4.818750000000000000e+01,6.365903937718294436e+00
4.820833333333332860e+01,6.365829846163506112e+00
4.822916666666666430e+01,6.365715008728190405e+00
4.825000000000000000e+01,6.365551832375675012e+00
4.827083333333332860e+01,6.365325593138356552e+00
4.829166666666666430e+01,6.365071919486905649e+00
4.831250000000000000e+01,6.364836721866569569e+00
4.833333333333332860e+01,6.364618809082303486e+00
4.835416666666666430e+01,6.364411016135824717e+00
4.837500000000000000e+01,6.364240445853040384e+00
4.839583333333332860e+01,6.364122311191674264e+00
4.841666666666666430e+01,6.364026391157592499e+00
4.843750000000000000e+01,6.363921700752668720e+00
4.845833333333332860e+01,6.363829309710896887e+00
4.847916666666666430e+01,6.363779565986984466e+00
4.850000000000000000e+01,6.363756442154172355e+00
4.852083333333332860e+01,6.363739153789992109e+00
4.854166666666666430e+01,6.363757853672765918e+00
4.856250000000000000e+01,6.363851580497411398e+00
4.858333333333332860e+01,6.364011637246130171e+00
4.860416666666666430e+01,6.364217934494061701e+00
4.862500000000000000e+01,6.364482552789197278e+00
4.864583333333332860e+01,6.364809746041576233e+00
4.866666666666666430e+01,6.365155407519692332e+00
4.868750000000000000e+01,6.365471348463407786e+00
4.870833333333332860e+01,6.365756215611439117e+00
