0.000000000000000000e+00,0.000000000000000000e+00
2.083333333333333218e-02,1.073206440954249441e+00
4.166666666666666435e-02,1.116192421857710837e+00
6.250000000000000000e-02,5.632922285276202867e-01
8.333333333333332871e-02,5.554399417317388288e-01
1.041666666666666574e-01,6.438694890332099519e-01
1.250000000000000000e-01,1.950711241686757802e-01
1.458333333333333148e-01,-8.071303039493882281e-03
1.666666666666666574e-01,3.642368988771029770e-01
1.875000000000000000e-01,1.935215911042478254e-01
2.083333333333333148e-01,-4.574190129489354995e-01
2.291666666666666574e-01,-3.171066184958877265e-01
2.500000000000000000e-01,6.619311516619830194e-02
2.708333333333333148e-01,-2.429948666541728031e-01
2.916666666666666297e-01,-8.923421374458888611e-01
3.125000000000000000e-01,-7.370950013785653177e-01
3.333333333333333148e-01,-7.434836875419204016e-02
3.541666666666666297e-01,-1.981508997521496118e-01
3.750000000000000000e-01,-8.548321311769748743e-01
3.958333333333333148e-01,-7.242250647247425732e-01
4.166666666666666297e-01,-8.658407421869107612e-02
4.375000000000000000e-01,-2.392933354616386121e-01
4.583333333333333148e-01,-5.343315549575810008e-01
4.791666666666666297e-01,-1.821989951033182731e-01
5.000000000000000000e-01,1.724548249750960660e-01
5.208333333333332593e-01,-1.779894922203515972e-01
5.416666666666666297e-01,-3.095388951280064194e-01
5.625000000000000000e-01,1.688987829492946680e-01
5.833333333333332593e-01,4.289310238555441024e-02
6.041666666666666297e-01,-4.836441052267048679e-01
6.250000000000000000e-01,-2.525907607032459867e-01
6.458333333333332593e-01,4.164322314771423672e-01
6.666666666666666297e-01,2.975784573383652987e-01
6.875000000000000000e-01,-3.251127786920405272e-01
7.083333333333332593e-01,-1.634501651256916044e-01
7.291666666666666297e-01,5.192925282841194257e-01
7.500000000000000000e-01,4.018171533248480198e-01
7.708333333333332593e-01,-2.222171376224576500e-01
7.916666666666666297e-01,-8.175868828885189676e-02
8.125000000000000000e-01,5.874851628094396316e-01
8.333333333333332593e-01,4.483569809676452023e-01
8.541666666666666297e-01,-2.142403297309373733e-01
8.750000000000000000e-01,-9.477938020552226228e-02
8.958333333333332593e-01,2.727334162488014302e-01
9.166666666666666297e-01,-6.793180168777368522e-02
9.375000000000000000e-01,-4.297865704702005241e-01
9.583333333333332593e-01,-1.024599870012486563e-01
9.791666666666666297e-01,2.935867852735990491e-01
1.000000000000000000e+00,-7.959433913598809585e-03
1.020833333333333259e+00,-4.678588700799720668e-01
1.041666666666666519e+00,-2.011783504408454770e-01
1.062500000000000000e+00,4.288440360063283108e-01
1.083333333333333259e+00,3.036952086537410000e-01
1.104166666666666519e+00,-3.440483372602474721e-01
1.125000000000000000e+00,-1.985261868317033107e-01
1.145833333333333259e+00,4.677649063606530433e-01
1.166666666666666519e+00,3.515919153239740469e-01
1.187500000000000000e+00,-2.841205839162353475e-01
1.208333333333333259e+00,-1.275807527366501493e-01
1.229166666666666519e+00,2.655916321333079422e-01
1.250000000000000000e+00,-4.479648594627963498e-02
1.270833333333333259e+00,-4.939005568426030890e-01
1.291666666666666519e+00,-2.334088698697819875e-01
1.312500000000000000e+00,4.394309110212730185e-01
1.333333333333333259e+00,3.059562086604782349e-01
1.354166666666666519e+00,-3.296549062921959594e-01
1.375000000000000000e+00,-2.082617061023833982e-01
1.395833333333333259e+00,4.150965937514624615e-01
1.416666666666666519e+00,2.568626375067650791e-01
1.437500000000000000e+00,-3.983502091427009173e-01
1.458333333333333259e+00,-2.899798364601995915e-01
1.479166666666666519e+00,3.593264852561155465e-01
1.500000000000000000e+00,2.345409723142319880e-01
1.520833333333333259e+00,-4.086943325694609164e-01
1.541666666666666519e+00,-2.751654653696103958e-01
1.562500000000000000e+00,4.009318534557273495e-01
1.583333333333333259e+00,2.916569076556123075e-01
1.604166666666666519e+00,-3.457997897881384675e-01
1.625000000000000000e+00,-1.823824397760565041e-01
1.645833333333333259e+00,3.768996696502258104e-01
1.666666666666666519e+00,1.903841788635003696e-01
1.687500000000000000e+00,-4.496824313009142315e-01
1.708333333333333259e+00,-2.857435815015687552e-01
1.729166666666666519e+00,3.841630989232106552e-01
1.750000000000000000e+00,2.675862224476699969e-01
1.770833333333333259e+00,-3.733060531223471035e-01
1.791666666666666519e+00,-2.307255140618619249e-01
1.812500000000000000e+00,3.918350496076834499e-01
1.833333333333333259e+00,2.387405866474882066e-01
1.854166666666666519e+00,-4.235392368135748598e-01
1.875000000000000000e+00,-3.075685762261436973e-01
1.895833333333333259e+00,3.266657653643971204e-01
1.916666666666666519e+00,1.577579246670307300e-01
1.937500000000000000e+00,-5.241212210958817730e-01
1.958333333333333259e+00,-4.167876203826120229e-01
1.979166666666666519e+00,2.260602791875862827e-01
2.000000000000000000e+00,7.594273644604986051e-02
2.020833333333333037e+00,-4.180633697275203398e-01
2.041666666666666519e+00,-1.856750442050100203e-01
2.062500000000000000e+00,4.729478132676081525e-01
2.083333333333333037e+00,3.474765765663712647e-01
2.104166666666666519e+00,-2.859710476301743354e-01
2.125000000000000000e+00,-1.350519071451389275e-01
2.145833333333333037e+00,5.262680045415528696e-01
2.166666666666666519e+00,4.176514713814027946e-01
2.187500000000000000e+00,-2.174565422185545105e-01
2.208333333333333037e+00,-5.627708010397557137e-02
2.229166666666666519e+00,3.624019324148383125e-01
2.250000000000000000e+00,8.596047552772870248e-02
2.270833333333333037e+00,-5.604669491820369887e-01
2.291666666666666519e+00,-4.104768065557833356e-01
2.312500000000000000e+00,2.335053107021307361e-01
2.333333333333333037e+00,8.999657705134755936e-02
2.354166666666666519e+00,-3.326950528192216261e-01
2.375000000000000000e+00,-5.570871883183403650e-02
2.395833333333333037e+00,5.666665057451933940e-01
2.416666666666666519e+00,4.011083081309684273e-01
2.437500000000000000e+00,-2.698811734016776653e-01
2.458333333333333037e+00,-1.718133884730069227e-01
2.479166666666666519e+00,4.594062012590860999e-01
2.500000000000000000e+00,2.991216078630094533e-01
2.520833333333333037e+00,-3.691429725240176762e-01
2.541666666666666519e+00,-2.558184063606687708e-01
2.562500000000000000e+00,3.979041969858573280e-01
2.583333333333333037e+00,2.607097835228766036e-01
2.604166666666666519e+00,-3.780203184755335788e-01
2.625000000000000000e+00,-2.341186052606563095e-01
2.645833333333333037e+00,4.235727608119296828e-01
2.666666666666666519e+00,3.060536742358568318e-01
2.687500000000000000e+00,-3.223131897555374104e-01
2.708333333333333037e+00,-1.892995758292334574e-01
2.729166666666666519e+00,1.378205075124492585e-01
2.750000000000000000e+00,-1.828666006067526661e-01
2.770833333333333037e+00,-4.055038248596972705e-01
2.791666666666666519e+00,2.609896925432067874e-02
2.812500000000000000e+00,-6.779959512149634493e-02
2.833333333333333037e+00,-3.954455509440868433e-01
2.854166666666666519e+00,-8.307521609026211062e-02
2.875000000000000000e+00,3.121597841848963162e-01
2.895833333333333037e+00,5.772831891531896020e-03
2.916666666666666519e+00,-4.063380849976276354e-01
2.937500000000000000e+00,-1.336993894721923704e-01
2.958333333333333037e+00,4.916282465965604587e-01
2.979166666666666519e+00,3.422897832917206618e-01
3.000000000000000000e+00,-3.494072413065548721e-01
3.020833333333333037e+00,-2.475829989948903909e-01
3.041666666666666519e+00,3.791796398488656017e-01
3.062500000000000000e+00,2.332213073151990779e-01
3.083333333333333037e+00,-4.519952972198739705e-01
3.104166666666666519e+00,-3.380635847156268636e-01
3.125000000000000000e+00,2.964473420752541388e-01
3.145833333333333037e+00,1.564498273336481227e-01
3.166666666666666519e+00,-3.375233459898536736e-01
3.187500000000000000e+00,-8.693542072431412193e-02
3.208333333333333037e+00,5.710767884334941868e-01
3.229166666666666519e+00,4.572520866736646816e-01
3.250000000000000000e+00,-2.037424232452537676e-01
3.270833333333333037e+00,-7.860468500940116510e-01
3.291666666666666519e+00,-5.923799663723980924e-01
3.312500000000000000e+00,1.140293752836556429e-01
3.333333333333333037e+00,-1.436545729606636401e-02
3.354166666666666519e+00,-5.409405444702612975e-01
3.375000000000000000e+00,-2.890684873558136969e-01
3.395833333333333037e+00,3.900332843552010154e-01
3.416666666666666519e+00,2.143168910554660300e-01
3.437500000000000000e+00,-4.656513585505913655e-01
3.458333333333333037e+00,-3.148194106914514734e-01
3.479166666666666519e+00,2.947531039327483393e-01
3.500000000000000000e+00,3.819486522966563102e-01
3.520833333333333037e+00,-8.891357565626667459e-02
3.541666666666666519e+00,1.681559492534989708e-02
3.562500000000000000e+00,6.275749142942332881e-01
3.583333333333333037e+00,4.852789605137789453e-01
3.604166666666666519e+00,-1.682877783049559484e-01
3.625000000000000000e+00,-7.683581312042850331e-02
3.645833333333333037e+00,5.613180389735468179e-01
3.666666666666666519e+00,4.239952619702077596e-01
3.687500000000000000e+00,-2.363894391976414378e-01
3.708333333333333037e+00,-1.146593192000724959e-01
3.729166666666666519e+00,5.524635657640861730e-01
3.750000000000000000e+00,4.269558328653008661e-01
3.770833333333333037e+00,-2.095502096843978312e-01
3.791666666666666519e+00,-6.382316416083019806e-02
3.812500000000000000e+00,4.565005637853495890e-01
3.833333333333333037e+00,2.509511789492149259e-01
3.854166666666666519e+00,-3.701118116000209346e-01
3.875000000000000000e+00,-2.068316396909943844e-01
3.895833333333333037e+00,4.049756895817637203e-01
3.916666666666666519e+00,2.732160697336927790e-01
3.937500000000000000e+00,-3.581650135890256936e-01
3.958333333333333037e+00,-2.111044558755064693e-01
3.979166666666666519e+00,1.194709405666703472e-01
4.000000000000000000e+00,-2.080171773719330930e-01
4.020833333333333037e+00,-4.941843707428420496e-01
4.041666666666666075e+00,-1.228300626597032541e-01
4.062500000000000000e+00,7.245345521525846377e-02
4.083333333333333037e+00,-3.629145158019561612e-01
4.104166666666666075e+00,-2.522222342994486777e-01
4.125000000000000000e+00,3.803999862747542982e-01
4.145833333333333037e+00,2.257543215845029261e-01
4.166666666666666075e+00,-4.646830965337253039e-01
4.187500000000000000e+00,-3.540864756193657925e-01
4.208333333333333037e+00,2.665526529741547024e-01
4.229166666666666075e+00,1.146612119935439822e-01
4.250000000000000000e+00,-5.589961436131258843e-01
4.270833333333333037e+00,-4.336348134965297696e-01
4.291666666666666075e+00,2.003783312429332497e-01
4.312500000000000000e+00,2.040069532060572732e-01
4.333333333333333037e+00,-2.608832915557166010e-01
4.354166666666666075e+00,-5.148122212977157552e-02
4.375000000000000000e+00,6.164949251042994849e-01
4.395833333333333037e+00,5.019946843900141564e-01
4.416666666666666075e+00,-1.257801271396926102e-01
4.437500000000000000e+00,2.580895240605270841e-02
4.458333333333333037e+00,3.930966440344330626e-01
4.479166666666666075e+00,6.996857232375690294e-02
4.500000000000000000e+00,-3.740710205203296446e-01
4.520833333333333037e+00,-1.120703412514564012e-01
4.541666666666666075e+00,5.627300921409992274e-01
4.562500000000000000e+00,4.406803977060938515e-01
4.583333333333333037e+00,-2.091953946538327724e-01
4.604166666666666075e+00,-1.987284233399616851e-01
4.625000000000000000e+00,2.612412698222932872e-01
4.645833333333333037e+00,4.370337162735066228e-02
4.666666666666666075e+00,-6.241367793910421735e-01
4.687500000000000000e+00,-5.109420762559193641e-01
4.708333333333333037e+00,1.080235876762750402e-01
4.729166666666666075e+00,3.214334886444226991e-02
4.750000000000000000e+00,-3.315432643686749836e-01
4.770833333333333037e+00,-3.955844941470504361e-02
4.791666666666666075e+00,4.228885695553534219e-01
4.812500000000000000e+00,1.748842844240193761e-01
4.833333333333333037e+00,-4.954220089350843681e-01
4.854166666666666075e+00,-3.568224151038242864e-01
4.875000000000000000e+00,3.058770497484977202e-01
4.895833333333333037e+00,9.008984375148068047e-01
4.916666666666666075e+00,7.311169628070363080e-01
4.937500000000000000e+00,8.234209013009735623e-02
4.958333333333333037e+00,1.836495349784851294e-01
4.979166666666666075e+00,3.436601664356424557e-01
5.000000000000000000e+00,-7.523178678114228468e-02
5.020833333333333037e+00,5.364978288251442962e-04
5.041666666666666075e+00,1.932314042522653708e-01
5.062500000000000000e+00,-2.044152621962183058e-01
5.083333333333333037e+00,-1.011552740259294980e-01
5.104166666666666075e+00,1.632282941515270647e-01
5.125000000000000000e+00,-2.380605013010356763e-01
5.145833333333333037e+00,-2.391678813363682377e-01
5.166666666666666075e+00,1.746060599448809869e-01
5.187500000000000000e+00,-7.595748640963484455e-02
5.208333333333333037e+00,-6.620481784836647066e-01
5.229166666666666075e+00,-4.627481571796251969e-01
5.250000000000000000e+00,2.055971900237081318e-01
5.270833333333333037e+00,8.001679611991807661e-02
5.291666666666666075e+00,-5.409684576844271398e-01
5.312500000000000000e+00,-4.189258955845714949e-01
5.333333333333333037e+00,2.236596224421290580e-01
5.354166666666666075e+00,7.795423135914428259e-02
5.375000000000000000e+00,-4.711891592590858879e-01
5.395833333333333037e+00,-2.732900223884134339e-01
5.416666666666666075e+00,3.670975880135751712e-01
5.437500000000000000e+00,2.045151415519012583e-01
5.458333333333333037e+00,-4.721085633622764677e-01
5.479166666666666075e+00,-3.451756033534781332e-01
5.500000000000000000e+00,2.734019357176635245e-01
5.520833333333333037e+00,3.092087849616859119e-01
5.541666666666666075e+00,-2.098936780609780006e-01
5.562500000000000000e+00,-6.898288511931638389e-02
5.583333333333333037e+00,5.776196879035291332e-01
5.604166666666666075e+00,4.649229192207050554e-01
5.625000000000000000e+00,-1.722886700550321781e-01
5.645833333333333037e+00,-2.764832766355586682e-02
5.666666666666666075e+00,6.466019383269707710e-01
5.687500000000000000e+00,5.450373820646688960e-01
5.708333333333333037e+00,-7.473170857993849392e-02
5.729166666666666075e+00,-3.201596485491148836e-01
5.750000000000000000e+00,1.061267995543295206e-01
5.770833333333333037e+00,-3.642013897321272342e-03
5.791666666666666075e+00,-4.901211144164273614e-01
5.812500000000000000e+00,-2.552745012710716521e-01
5.833333333333333037e+00,4.211257942683481748e-01
5.854166666666666075e+00,2.892306861878868318e-01
5.875000000000000000e+00,-3.699490245799473831e-01
5.895833333333333037e+00,-2.506355413161073242e-01
5.916666666666666075e+00,3.921903510966494588e-01
5.937500000000000000e+00,2.398094208214841538e-01
5.958333333333333037e+00,-4.391910777477384675e-01
5.979166666666666075e+00,-3.315434086275199643e-01
6.000000000000000000e+00,2.874367624918199304e-01
6.020833333333333037e+00,1.382174987915214814e-01
6.041666666666666075e+00,-5.457478072333763475e-01
6.062500000000000000e+00,-4.305722837857430818e-01
6.083333333333333037e+00,2.066947938216484038e-01
6.104166666666666075e+00,7.463336863484916484e-02
6.125000000000000000e+00,-5.424659203395301166e-01
6.145833333333333037e+00,-3.748661214165492361e-01
6.166666666666666075e+00,2.855030697536188322e-01
6.187500000000000000e+00,1.571465844304090198e-01
6.208333333333333037e+00,-3.055120227460713656e-01
6.229166666666666075e+00,-2.446738571189743805e-02
6.250000000000000000e+00,6.605681430369698681e-01
6.270833333333333037e+00,5.460782770098768779e-01
6.291666666666666075e+00,-7.277086200029933560e-02
6.312500000000000000e+00,-9.604727750858657598e-02
6.333333333333333037e+00,3.737169187006010862e-01
6.354166666666666075e+00,1.894600945604035247e-01
6.375000000000000000e+00,-4.467708819509115248e-01
6.395833333333333037e+00,-3.239280388427217550e-01
6.416666666666666075e+00,3.218617798373506478e-01
6.437500000000000000e+00,1.726430172117280892e-01
6.458333333333333037e+00,-4.983437668283666744e-01
6.479166666666666075e+00,-3.816757476011971573e-01
6.500000000000000000e+00,2.493203584914785442e-01
6.520833333333333037e+00,1.228304214926136811e-01
6.541666666666666075e+00,-5.421416326945744935e-01
6.562500000000000000e+00,-4.233640122264641370e-01
6.583333333333333037e+00,2.269385829778016728e-01
6.604166666666666075e+00,9.501747593382042778e-02
6.625000000000000000e+00,-6.029647361292217456e-01
6.645833333333333037e+00,-4.958451753024833430e-01
6.666666666666666075e+00,1.648397337497865545e-01
6.687500000000000000e+00,1.408044188941214303e-01
6.708333333333333037e+00,-2.634162634674740433e-01
6.729166666666666075e+00,2.468938228677164393e-02
6.750000000000000000e+00,6.818151431466092927e-01
6.770833333333333037e+00,5.325631660164562575e-01
6.791666666666666075e+00,-1.157252116856856416e-01
6.812500000000000000e+00,5.542472834000122806e-02
6.833333333333333037e+00,4.595323902674135486e-01
6.854166666666666075e+00,1.501704796794775532e-01
6.875000000000000000e+00,-3.639032199861594874e-01
6.895833333333333037e+00,-1.470416975805648452e-01
6.916666666666666075e+00,5.233380350892037347e-01
6.937500000000000000e+00,3.941889022132111786e-01
6.958333333333333037e+00,-2.556188935098341330e-01
6.979166666666666075e+00,-1.348264422265540996e-01
7.000000000000000000e+00,5.131278899049868114e-01
7.020833333333333037e+00,3.765525532081582250e-01
7.041666666666666075e+00,-2.862904118299284262e-01
7.062500000000000000e+00,-1.543268083309495553e-01
7.083333333333333037e+00,3.356260429966034242e-01
7.104166666666666075e+00,9.338768527390584051e-02
7.125000000000000000e+00,-5.791025710903772161e-01
7.145833333333333037e+00,-4.573467755672862567e-01
7.166666666666666075e+00,1.724594007338599855e-01
7.187500000000000000e+00,1.758376354529033597e-02
7.208333333333333037e+00,-3.793433936825642006e-01
7.229166666666666075e+00,-1.020782975705800955e-01
7.250000000000000000e+00,5.134023060405098482e-01
7.270833333333333037e+00,3.430420564889232748e-01
7.291666666666666075e+00,-3.246846452032982056e-01
7.312500000000000000e+00,-2.121509763751296129e-01
7.333333333333333037e+00,4.407886367185174237e-01
7.354166666666666075e+00,3.018557664996910361e-01
7.375000000000000000e+00,-3.367074822267788758e-01
7.395833333333333037e+00,-1.915164943874809178e-01
7.416666666666666075e+00,4.440419387118056394e-01
7.437500000000000000e+00,3.124212115168460979e-01
7.458333333333333037e+00,-3.118591322270791721e-01
7.479166666666666075e+00,-1.449581614483504977e-01
7.500000000000000000e+00,1.754659745923760616e-01
7.520833333333333037e+00,-1.593591627424302826e-01
7.541666666666666075e+00,-3.787617189457462286e-01
7.562500000000000000e+00,5.591184973985962453e-02
7.583333333333333037e+00,-6.667159960337804003e-02
7.604166666666666075e+00,-3.944663574983026111e-01
7.625000000000000000e+00,-6.005040368718514432e-02
7.645833333333333037e+00,3.005811317924011461e-01
7.666666666666666075e+00,-3.692581642214440296e-02
7.687500000000000000e+00,-3.273480164075408538e-01
7.708333333333333037e+00,3.913078065835526309e-02
7.729166666666666075e+00,2.233510725356467608e-01
7.750000000000000000e+00,-2.319537792737679516e-01
7.770833333333333037e+00,-1.341921613470671293e-01
7.791666666666666075e+00,5.018097880638991981e-01
7.812500000000000000e+00,3.375053403866741242e-01
7.833333333333333037e+00,-3.336684718464549837e-01
7.854166666666666075e+00,-2.218687530020147236e-01
7.875000000000000000e+00,4.134283289033091058e-01
7.895833333333333037e+00,2.657988578021582282e-01
7.916666666666666075e+00,-4.220049940160072177e-01
7.937500000000000000e+00,-3.085545660345799801e-01
7.958333333333333037e+00,3.258724800743166838e-01
7.979166666666666075e+00,1.828352889353321853e-01
8.000000000000000000e+00,-4.990044456455736688e-01
8.020833333333332149e+00,-3.986458656770239251e-01
8.041666666666666075e+00,2.417151148338024247e-01
8.062500000000000000e+00,1.432229259448087877e-01
8.083333333333332149e+00,-2.078694068251835392e-01
8.104166666666666075e+00,8.993522689663704939e-02
8.125000000000000000e+00,4.682652814820650322e-01
8.145833333333332149e+00,1.363066500239605294e-01
8.166666666666666075e+00,-2.954631093423789046e-01
8.187500000000000000e+00,-1.666854512137259936e-02
8.208333333333332149e+00,5.901408401767643808e-01
8.229166666666666075e+00,4.300906255258529765e-01
8.250000000000000000e+00,-2.038302981319844165e-01
8.270833333333332149e+00,-5.264412382672614688e-02
8.291666666666666075e+00,3.029638241556261713e-01
8.312500000000000000e+00,-9.496709798791469481e-03
8.333333333333332149e+00,-4.512281744609923373e-01
8.354166666666666075e+00,-1.713406570560163100e-01
8.375000000000000000e+00,1.450781391620946659e-01
8.395833333333332149e+00,-2.208947332913555328e-01
8.416666666666666075e+00,-3.106948707579518243e-01
8.437500000000000000e+00,1.758059049828194775e-01
8.458333333333332149e+00,3.924719798799810450e-02
8.479166666666666075e+00,-6.128872843830347472e-01
8.500000000000000000e+00,-4.832370756444576143e-01
8.520833333333332149e+00,1.734612902236725152e-01
8.541666666666666075e+00,1.198113537673427542e-01
8.562500000000000000e+00,-2.710373828687053788e-01
8.583333333333332149e+00,1.122829162081767640e-02
8.604166666666666075e+00,5.801410677774877511e-01
8.625000000000000000e+00,3.934478328323504082e-01
8.645833333333332149e+00,-2.333367273564251887e-01
8.666666666666666075e+00,-8.812357709777261794e-02
8.687500000000000000e+00,5.843945188560845105e-01
8.708333333333332149e+00,4.539985043981281665e-01
8.729166666666666075e+00,-1.899774352994517412e-01
8.750000000000000000e+00,-1.576053800262529614e-01
8.770833333333332149e+00,2.950557294643603168e-01
8.791666666666666075e+00,5.991303840539616288e-02
8.812500000000000000e+00,-6.082114213651599322e-01
8.833333333333332149e+00,-4.930516513266326450e-01
8.854166666666666075e+00,1.287325669946196016e-01
8.875000000000000000e+00,8.923082240495495976e-02
8.895833333333332149e+00,-3.113240620861665864e-01
8.916666666666666075e+00,-6.048822041922685688e-02
8.937500000000000000e+00,5.319575698313305789e-01
8.958333333333332149e+00,3.684897533200596209e-01
8.979166666666666075e+00,-3.019619907528598990e-01
9.000000000000000000e+00,-1.657853725776333165e-01
9.020833333333332149e+00,4.910714392623858338e-01
9.041666666666666075e+00,3.733124509896207366e-01
9.062500000000000000e+00,-2.717232855886864140e-01
9.083333333333332149e+00,-1.268548235277816016e-01
9.104166666666666075e+00,3.181588215129654285e-01
9.125000000000000000e+00,5.336472357611285466e-02
9.145833333333332149e+00,-5.627203451661598743e-01
9.166666666666666075e+00,-4.024057951021660084e-01
9.187500000000000000e+00,2.762793024187061297e-01
9.208333333333332149e+00,1.564733196728902431e-01
9.229166666666666075e+00,-4.658193390302105552e-01
9.250000000000000000e+00,-3.290783949793515961e-01
9.270833333333332149e+00,3.289545916376767076e-01
9.291666666666666075e+00,1.910697510808707644e-01
9.312500000000000000e+00,-4.652903199026110492e-01
9.333333333333332149e+00,-3.514010318246388320e-01
9.354166666666666075e+00,2.879406136317747000e-01
9.375000000000000000e+00,1.356327858057515823e-01
9.395833333333332149e+00,-1.904460357155324801e-01
9.416666666666666075e+00,1.582400746201289843e-01
9.437500000000000000e+00,3.809763757762375525e-01
9.458333333333332149e+00,-3.756951222044811745e-02
9.479166666666666075e+00,6.987552862511695051e-02
9.500000000000000000e+00,4.357009151708342021e-01
9.520833333333332149e+00,9.096232361945397193e-02
9.541666666666666075e+00,-3.021010565611844667e-01
9.562500000000000000e+00,2.475029821396704244e-03
9.583333333333332149e+00,4.518228533343779940e-01
9.604166666666666075e+00,1.854338235501680754e-01
9.625000000000000000e+00,-4.483030948908265367e-01
9.645833333333332149e+00,-2.982454389544466622e-01
9.666666666666666075e+00,3.767773923084271614e-01
9.687500000000000000e+00,2.808875921325745262e-01
9.708333333333332149e+00,-3.499009680795610588e-01
9.729166666666666075e+00,-1.842287775651518800e-01
9.750000000000000000e+00,4.881319221782851048e-01
9.770833333333332149e+00,3.758121386464917668e-01
9.791666666666666075e+00,-2.656797525036233565e-01
9.812500000000000000e+00,-1.090652836799159697e-01
9.833333333333332149e+00,1.898404588871657750e-01
9.854166666666666075e+00,-1.789586585451802825e-01
9.875000000000000000e+00,-3.120547449642505633e-01
9.895833333333332149e+00,1.643513145781017593e-01
9.916666666666666075e+00,5.287510823577243335e-02
9.937500000000000000e+00,-5.928024882059700351e-01
9.958333333333332149e+00,-4.424918610147295928e-01
9.979166666666666075e+00,2.068547594422510683e-01
1.000000000000000000e+01,7.611040684826342329e-02
1.002083333333333215e+01,-4.466230663724009009e-01
1.004166666666666607e+01,-2.301371576400215169e-01
1.006250000000000000e+01,4.073612817211084147e-01
1.008333333333333215e+01,2.604884660693275178e-01
1.010416666666666607e+01,-4.178782952068916257e-01
1.012500000000000000e+01,-3.196387128582235393e-01
1.014583333333333215e+01,3.139446347747777977e-01
1.016666666666666607e+01,1.469839476248772370e-01
1.018750000000000000e+01,-1.604714469653053532e-01
1.020833333333333215e+01,1.954781021610578207e-01
1.022916666666666607e+01,3.657953906990829562e-01
1.025000000000000000e+01,-1.049550919575729935e-01
1.027083333333333215e+01,-7.970811672911345958e-03
1.029166666666666607e+01,6.219620966166732323e-01
1.031250000000000000e+01,4.574492348001472641e-01
1.033333333333333215e+01,-2.151136127391658492e-01
1.035416666666666607e+01,-1.129781821058827573e-01
1.037500000000000000e+01,3.344248962909484035e-01
1.039583333333333215e+01,5.680602671670176296e-02
1.041666666666666607e+01,-5.983850904111234215e-01
1.043750000000000000e+01,-4.808635303171207021e-01
1.045833333333333215e+01,1.851265197133429574e-01
1.047916666666666607e+01,6.620821106471261319e-02
1.050000000000000000e+01,-3.795760813352091478e-01
1.052083333333333215e+01,-1.126155779955587272e-01
1.054166666666666607e+01,5.495958508712917023e-01
1.056250000000000000e+01,4.308287364311783607e-01
1.058333333333333215e+01,-2.051600367375083778e-01
1.060416666666666607e+01,-6.193071540909866890e-02
1.062500000000000000e+01,2.337243596364377840e-01
1.064583333333333215e+01,-1.083516096543855056e-01
1.066666666666666607e+01,-3.001951665435265149e-01
1.068750000000000000e+01,1.462473186597038621e-01
1.070833333333333215e+01,2.336080713316146529e-02
1.072916666666666607e+01,-4.795698615967294298e-01
1.075000000000000000e+01,-2.733553675711598574e-01
1.077083333333333215e+01,3.687431877035438066e-01
1.079166666666666607e+01,2.284981133241539286e-01
1.081250000000000000e+01,-4.291347553329726283e-01
1.083333333333333215e+01,-3.208897351827039168e-01
1.085416666666666607e+01,3.107463422855195057e-01
1.087500000000000000e+01,1.611585339651808169e-01
1.089583333333333215e+01,-4.832060782110982888e-01
1.091666666666666607e+01,-3.483040206277937534e-01
1.093750000000000000e+01,2.745479242076831472e-01
1.095833333333333215e+01,2.041302966154858733e-01
1.097916666666666607e+01,-2.054295739818188249e-01
1.100000000000000000e+01,5.779668848996927233e-02
1.102083333333333215e+01,6.083979781922217445e-01
1.104166666666666607e+01,4.249632679014520020e-01
1.106250000000000000e+01,-2.309869029258052875e-01
1.108333333333333215e+01,-9.018146805606212790e-02
1.110416666666666607e+01,5.688678901510556551e-01
1.112500000000000000e+01,4.542495209595117656e-01
1.114583333333333215e+01,-1.841964161772802755e-01
1.116666666666666607e+01,-1.536871609689997031e-01
1.118750000000000000e+01,2.602522058769014546e-01
1.120833333333333215e+01,2.481100969647276333e-02
1.122916666666666607e+01,-5.932794266602723354e-01
1.125000000000000000e+01,-4.412243239692489327e-01
1.127083333333333215e+01,2.338274390217066068e-01
1.129166666666666607e+01,1.136966016649850336e-01
1.131250000000000000e+01,-5.173420728648805422e-01
1.133333333333333215e+01,-3.890879133795032141e-01
1.135416666666666607e+01,2.663703519110436346e-01
1.137500000000000000e+01,1.288939093463097874e-01
1.139583333333333215e+01,-4.205470719606690944e-01
1.141666666666666607e+01,-2.284608335196407769e-01
1.143750000000000000e+01,4.108780522780007827e-01
1.145833333333333215e+01,2.520634761624181985e-01
1.147916666666666607e+01,-4.333034839546532346e-01
1.150000000000000000e+01,-3.188299082482490276e-01
1.152083333333333215e+01,2.985690353961925059e-01
1.154166666666666607e+01,2.193941120962727420e-01
1.156250000000000000e+01,-1.818326719434597283e-01
1.158333333333333215e+01,9.090028140319397765e-02
1.160416666666666607e+01,5.697864034493343999e-01
1.162500000000000000e+01,3.413553351920659562e-01
1.164583333333333215e+01,-3.082880446739634239e-01
1.166666666666666607e+01,-1.743943040079183326e-01
1.168750000000000000e+01,4.852389156379758317e-01
1.170833333333333215e+01,3.689859894341096513e-01
1.172916666666666607e+01,-2.592868431818096120e-01
1.175000000000000000e+01,-1.020965793758472351e-01
1.177083333333333215e+01,4.845249084554364982e-01
1.179166666666666607e+01,3.057942762191022124e-01
1.181250000000000000e+01,-3.199596175257828357e-01
1.183333333333333215e+01,-1.761860036823368891e-01
1.185416666666666607e+01,2.863796238005766881e-01
1.187500000000000000e+01,2.129724045861342008e-02
1.189583333333333215e+01,-6.226820126935168620e-01
1.191666666666666607e+01,-5.002784243482334414e-01
1.193750000000000000e+01,1.450796056992352256e-01
1.195833333333333215e+01,-2.410439304514795655e-04
1.197916666666666607e+01,-4.673970804585078076e-01
1.200000000000000000e+01,-2.298438844863297803e-01
1.202083333333333215e+01,3.926914523584100203e-01
1.204166666666666607e+01,2.453895891506343019e-01
1.206250000000000000e+01,-4.464576661016088077e-01
1.208333333333333215e+01,-3.418940902007439053e-01
1.210416666666666607e+01,2.919351196078852073e-01
1.212500000000000000e+01,1.473193362195803491e-01
1.214583333333333215e+01,-3.842055883241386471e-01
1.216666666666666607e+01,-1.656680504298709555e-01
1.218750000000000000e+01,4.652089634929312822e-01
1.220833333333333215e+01,3.324655888830330142e-01
1.222916666666666607e+01,-3.231842515519477432e-01
1.225000000000000000e+01,-1.825117549259995531e-01
1.227083333333333215e+01,4.755665379312836727e-01
1.229166666666666607e+01,3.625652856475723440e-01
1.231250000000000000e+01,-2.743274043003622875e-01
1.233333333333333215e+01,-1.236084195572181577e-01
1.235416666666666607e+01,5.583012008777121782e-01
1.237500000000000000e+01,4.495492967265241058e-01
1.239583333333333215e+01,-1.957595950965458076e-01
1.241666666666666607e+01,-4.863366369379051868e-02
1.243750000000000000e+01,3.748899251436087487e-01
1.245833333333333215e+01,7.278592929426441760e-02
1.247916666666666607e+01,-5.720990488841773969e-01
1.250000000000000000e+01,-4.461455872170825288e-01
1.252083333333333215e+01,2.097293886956484443e-01
1.254166666666666607e+01,6.067762730477967159e-02
1.256250000000000000e+01,-4.119046525478292642e-01
1.258333333333333215e+01,-1.597366918319918228e-01
1.260416666666666607e+01,4.784443843816920117e-01
1.262500000000000000e+01,3.166635120175762541e-01
1.264583333333333215e+01,-3.695937595252046237e-01
1.266666666666666607e+01,-2.513422059560385113e-01
1.268750000000000000e+01,3.713857020604442449e-01
1.270833333333333215e+01,2.291888506658732172e-01
1.272916666666666607e+01,-4.427934251659639830e-01
1.275000000000000000e+01,-3.129163082955396802e-01
1.277083333333333215e+01,3.432858162508002353e-01
1.279166666666666607e+01,2.235153262503230542e-01
1.281250000000000000e+01,-4.225300367164530058e-01
1.283333333333333215e+01,-2.711793222318091834e-01
1.285416666666666607e+01,4.040473239259125826e-01
1.287500000000000000e+01,2.869408479926712774e-01
1.289583333333333215e+01,-3.283634696561180677e-01
1.291666666666666607e+01,-1.714645583048062250e-01
1.293750000000000000e+01,5.018584049703186389e-01
1.295833333333333215e+01,3.775333415641463075e-01
1.297916666666666607e+01,-2.503321252958188303e-01
1.300000000000000000e+01,-1.257992614350136318e-01
1.302083333333333215e+01,2.708431148384381482e-01
1.304166666666666607e+01,-4.079724234173717767e-02
1.306250000000000000e+01,-5.097716934599070271e-01
1.308333333333333215e+01,-2.619948833645765474e-01
1.310416666666666607e+01,3.756182558169265939e-01
1.312500000000000000e+01,2.155158195492628548e-01
1.314583333333333215e+01,-4.714012042620226439e-01
1.316666666666666607e+01,-3.539427069809035764e-01
1.318750000000000000e+01,2.671604217009617699e-01
1.320833333333333215e+01,1.218060974140480757e-01
1.322916666666666607e+01,-5.170520249946611857e-01
1.325000000000000000e+01,-3.616844703154783458e-01
1.327083333333333215e+01,2.917538104033911561e-01
1.329166666666666607e+01,1.731450654062990091e-01
1.331250000000000000e+01,-2.841259609616438864e-01
1.333333333333333215e+01,-2.589376245569025015e-02
1.335416666666666607e+01,6.347704990503932887e-01
1.337500000000000000e+01,5.027949509597809952e-01
1.339583333333333215e+01,-1.291309361660801236e-01
1.341666666666666607e+01,1.445173163486411505e-02
1.343750000000000000e+01,3.245546467156754100e-01
1.345833333333333215e+01,-3.721241591117582792e-02
1.347916666666666607e+01,-2.651548468065151321e-01
1.350000000000000000e+01,1.582763227705452636e-01
1.352083333333333215e+01,4.552452352992808482e-02
1.354166666666666607e+01,-4.022085763096677757e-01
1.356250000000000000e+01,-1.373104630422022909e-01
1.358333333333333215e+01,5.374384643635148340e-01
1.360416666666666607e+01,4.177142631123133554e-01
1.362500000000000000e+01,-2.127017330007394680e-01
1.364583333333333215e+01,-2.224774894724862173e-01
1.366666666666666607e+01,2.747735133803365093e-01
1.368750000000000000e+01,8.539134361818065400e-02
1.370833333333333215e+01,-5.797518992283035022e-01
1.372916666666666607e+01,-4.600810038855657202e-01
1.375000000000000000e+01,1.816546861623135611e-01
1.377083333333333215e+01,2.403413830264133216e-02
1.379166666666666607e+01,-4.668177779961463214e-01
1.381250000000000000e+01,-2.236180390801848772e-01
1.383333333333333215e+01,3.952498939552273050e-01
1.385416666666666607e+01,2.433328793533809375e-01
1.387500000000000000e+01,-4.347980678888777595e-01
1.389583333333333215e+01,-3.118002832118542678e-01
1.391666666666666607e+01,3.274155055028366013e-01
1.393750000000000000e+01,2.010317527937399429e-01
1.395833333333333215e+01,-3.882606214318359283e-01
1.397916666666666607e+01,-1.922341594536329523e-01
1.400000000000000000e+01,4.805160188988421011e-01
1.402083333333333215e+01,3.629827477468700603e-01
1.404166666666666607e+01,-2.633495172541784890e-01
1.406250000000000000e+01,-1.028673521329647456e-01
1.408333333333333215e+01,5.816955482851955406e-01
1.410416666666666607e+01,4.647620852896693355e-01
1.412500000000000000e+01,-1.585507339795645676e-01
1.414583333333333215e+01,-1.655181057611546103e-02
1.416666666666666607e+01,3.230779427228577805e-01
1.418750000000000000e+01,-3.304296734507669586e-02
1.420833333333333215e+01,-3.587447001304757133e-01
1.422916666666666607e+01,-2.024756870508807871e-02
1.425000000000000000e+01,2.272611632132962578e-01
1.427083333333333215e+01,-1.843298129482527081e-01
1.429166666666666607e+01,-1.283539531535044798e-01
1.431250000000000000e+01,3.088358296569132522e-01
1.433333333333333215e+01,2.923442097630035708e-02
1.435416666666666607e+01,1.119203487757175208e-01
1.437500000000000000e+01,7.523383249594703948e-01
1.439583333333333215e+01,6.317370594682252261e-01
1.441666666666666607e+01,-1.510239095691179312e-02
1.443750000000000000e+01,-6.088880440933841509e-02
1.445833333333333215e+01,3.419044274856294363e-01
1.447916666666666607e+01,1.257142979993159937e-01
1.450000000000000000e+01,-5.433629468671065110e-01
1.452083333333333215e+01,-3.936917733149234433e-01
1.454166666666666607e+01,2.923740896674749123e-01
1.456250000000000000e+01,1.697906401727277137e-01
1.458333333333333215e+01,-4.927704358716016309e-01
1.460416666666666607e+01,-3.340291949603754196e-01
1.462500000000000000e+01,3.145344637106706198e-01
1.464583333333333215e+01,1.654551562135285758e-01
1.466666666666666607e+01,-4.569680529313151496e-01
1.468750000000000000e+01,-2.941884111685159620e-01
1.470833333333333215e+01,5.997045848646764821e-02
1.472916666666666607e+01,-2.764423989523852043e-01
1.475000000000000000e+01,-5.065082336763852000e-01
1.477083333333333215e+01,-1.089790500170502441e-01
1.479166666666666607e+01,-6.511493426113569571e-02
1.481250000000000000e+01,-5.277919060145648267e-01
1.483333333333333215e+01,-3.469482960992472664e-01
1.485416666666666607e+01,2.948377674286406513e-01
1.487500000000000000e+01,1.545002524580600112e-01
1.489583333333333215e+01,-5.225347665122680452e-01
1.491666666666666607e+01,-4.177707469410735786e-01
1.493750000000000000e+01,2.161120850248533509e-01
1.495833333333333215e+01,1.282155394444024488e-01
1.497916666666666607e+01,-1.834518519103067180e-01
1.500000000000000000e+01,1.326421979611517310e-01
1.502083333333333215e+01,4.369487554620464786e-01
1.504166666666666607e+01,4.927851299273569574e-02
1.506250000000000000e+01,-5.185851072536556972e-02
1.508333333333333215e+01,4.488243154138915614e-01
1.510416666666666607e+01,3.057454793902334433e-01
1.512500000000000000e+01,-3.560987291886198447e-01
1.514583333333333215e+01,-2.372594705224544409e-01
1.516666666666666607e+01,4.122174984966124889e-01
1.518750000000000000e+01,2.579770680682153539e-01
1.520833333333333215e+01,-3.945195538555243964e-01
1.522916666666666607e+01,-2.670713569021705425e-01
1.525000000000000000e+01,3.974464227859128007e-01
1.527083333333333215e+01,2.746641108947677212e-01
1.529166666666666607e+01,-3.623747081321437302e-01
1.531250000000000000e+01,-2.169550196473336579e-01
1.533333333333333215e+01,4.583512108989465927e-01
1.535416666666666607e+01,3.567100209423168522e-01
1.537500000000000000e+01,-2.759031621977807158e-01
1.539583333333333215e+01,-1.079550241616416550e-01
1.541666666666666607e+01,5.674468262523035822e-01
1.543750000000000000e+01,4.558423878428508047e-01
1.545833333333333215e+01,-1.882474261225129397e-01
1.547916666666666607e+01,-1.520055587707461187e-01
1.550000000000000000e+01,2.136668313666290620e-01
1.552083333333333215e+01,-5.658178146211911841e-02
1.554166666666666607e+01,-5.217242578283280974e-01
1.556250000000000000e+01,-2.657841159258361730e-01
1.558333333333333215e+01,3.667440701381554646e-01
1.560416666666666607e+01,2.145852794242956996e-01
1.562500000000000000e+01,-4.592078488601347153e-01
1.564583333333333215e+01,-3.644693332674854291e-01
1.566666666666666607e+01,2.662197208422077965e-01
1.568750000000000000e+01,1.034115215639984930e-01
1.570833333333333215e+01,-5.679537528111653355e-01
1.572916666666666607e+01,-4.560014516014224695e-01
1.575000000000000000e+01,1.921038302183434021e-01
1.577083333333333215e+01,8.393064953951104301e-02
1.579166666666666607e+01,-2.221770705506463661e-01
1.581250000000000000e+01,1.284299184699829732e-01
1.583333333333333215e+01,3.149039597102772370e-01
1.585416666666666607e+01,-1.183326661301259547e-01
1.587500000000000000e+01,3.850506560700453496e-02
1.589583333333333215e+01,4.540335997652266142e-01
1.591666666666666607e+01,1.602273670763887103e-01
1.593750000000000000e+01,-4.481257281039959794e-01
1.595833333333333215e+01,-2.895402906491932327e-01
1.597916666666666607e+01,3.857654906310057363e-01
1.600000000000000000e+01,2.596627821766951394e-01
1.602083333333333215e+01,-3.805120909892322212e-01
1.604166666666666430e+01,-2.573922870038538036e-01
1.606250000000000000e+01,3.907422210402833884e-01
1.608333333333333215e+01,2.483370000268231848e-01
1.610416666666666430e+01,-4.182316184357117161e-01
1.612500000000000000e+01,-3.011836916134545405e-01
1.614583333333333215e+01,3.092443200643059664e-01
1.616666666666666430e+01,1.944651328526970924e-01
1.618750000000000000e+01,-1.755533046344181503e-01
1.620833333333333215e+01,1.239606728147224501e-01
1.622916666666666430e+01,4.222049725307724377e-01
1.625000000000000000e+01,6.089700448785716203e-02
1.627083333333333215e+01,-1.674447306059866358e-01
1.629166666666666430e+01,2.443837947451870662e-01
1.631250000000000000e+01,9.846977775849632963e-02
1.633333333333333215e+01,-3.128911259772977349e-01
1.635416666666666430e+01,-1.412299683260977157e-02
1.637500000000000000e+01,4.338958465028592837e-01
1.639583333333333215e+01,1.899197923645156438e-01
1.641666666666666430e+01,-4.258826839525592933e-01
1.643750000000000000e+01,-2.668556846504339664e-01
1.645833333333333215e+01,3.961510155811696077e-01
1.647916666666666430e+01,2.991261246275946917e-01
1.650000000000000000e+01,-3.356601028860726199e-01
1.652083333333333215e+01,-1.859675293234445415e-01
1.654166666666666430e+01,4.174199591591490899e-01
1.656250000000000000e+01,2.603053903555329063e-01
1.658333333333333215e+01,-4.028280508299615925e-01
1.660416666666666430e+01,-2.775378652663572643e-01
1.662500000000000000e+01,3.573573819783316674e-01
1.664583333333333215e+01,2.099199210882278788e-01
1.666666666666666430e+01,-4.584538725432089068e-01
1.668750000000000000e+01,-3.554110459354242746e-01
1.670833333333333215e+01,2.674902056509266268e-01
1.672916666666666430e+01,1.049195816358663158e-01
1.675000000000000000e+01,-5.627653307634458146e-01
1.677083333333333215e+01,-4.628114466092124735e-01
1.679166666666666430e+01,1.732423772581001276e-01
1.681250000000000000e+01,2.210302485357559799e-02
1.683333333333333215e+01,-3.942368279954181487e-01
1.685416666666666430e+01,-1.130688550626160194e-01
1.687500000000000000e+01,5.502225752662239788e-01
1.689583333333333215e+01,4.257374127478025239e-01
1.691666666666666430e+01,-2.095547018171512454e-01
1.693750000000000000e+01,-6.214194402467897171e-02
1.695833333333333215e+01,3.380859402520839940e-01
1.697916666666666430e+01,5.670865829311051709e-02
1.700000000000000000e+01,-4.865800821083257066e-01
1.702083333333333215e+01,-2.705478342127581870e-01
1.704166666666666430e+01,3.974638626449639722e-01
1.706250000000000000e+01,2.978560727858641788e-01
1.708333333333333215e+01,-3.379011493691445045e-01
1.710416666666666430e+01,-1.872408121578296170e-01
1.712500000000000000e+01,4.669519115125124742e-01
1.714583333333333215e+01,3.458558864932315124e-01
1.716666666666666430e+01,-3.181491802976750272e-01
1.718750000000000000e+01,-1.948196012068361682e-01
1.720833333333333215e+01,4.425757297083183772e-01
1.722916666666666430e+01,2.987528345454155687e-01
1.725000000000000000e+01,-3.725912538082822856e-01
1.727083333333333215e+01,-2.663365753363756694e-01
1.729166666666666430e+01,3.613552286238096434e-01
1.731250000000000000e+01,1.943811753660125430e-01
1.733333333333333215e+01,-4.789938811089166082e-01
1.735416666666666430e+01,-3.750341816905548575e-01
1.737500000000000000e+01,2.640886679887803901e-01
1.739583333333333215e+01,1.057574292301531882e-01
1.741666666666666430e+01,-5.588840356494398920e-01
1.743750000000000000e+01,-4.369468358792297780e-01
1.745833333333333215e+01,2.177935816654789636e-01
1.747916666666666430e+01,1.246600691173899711e-01
1.750000000000000000e+01,-2.335160680570954606e-01
1.752083333333333215e+01,8.439304191860405591e-02
1.754166666666666430e+01,4.643419366947191818e-01
1.756250000000000000e+01,1.682473757527815084e-01
1.758333333333333215e+01,-3.611212362023564215e-01
1.760416666666666430e+01,-1.256258828976050956e-01
1.762500000000000000e+01,5.485970237925088533e-01
1.764583333333333215e+01,4.370301675017604914e-01
1.766666666666666430e+01,-2.071231609806244711e-01
1.768750000000000000e+01,-5.252123134815744887e-02
1.770833333333333215e+01,4.001950592668270801e-01
1.772916666666666430e+01,1.367187346172953621e-01
1.775000000000000000e+01,-5.306461724402751212e-01
1.777083333333333215e+01,-4.124122694454811500e-01
1.779166666666666430e+01,2.262191704730428521e-01
1.781250000000000000e+01,7.850987075035412155e-02
1.783333333333333215e+01,-3.538030843824985783e-01
1.785416666666666430e+01,-8.928941255538226651e-02
1.787500000000000000e+01,5.521628244882703651e-01
1.789583333333333215e+01,3.927753921529118508e-01
1.791666666666666430e+01,-2.786716025324323387e-01
1.793750000000000000e+01,-1.686081769981320755e-01
1.795833333333333215e+01,4.728012385245852212e-01
1.797916666666666430e+01,3.212616744863175944e-01
1.800000000000000000e+01,-3.275041210819603643e-01
1.802083333333333215e+01,-1.925637993550146920e-01
1.804166666666666430e+01,3.374567236980887674e-01
1.806250000000000000e+01,1.270754636283773498e-01
1.808333333333333215e+01,-5.053419175260315255e-01
1.810416666666666430e+01,-3.482386690839603394e-01
1.812500000000000000e+01,3.297762816561008448e-01
1.814583333333333215e+01,2.348351333258642537e-01
1.816666666666666430e+01,-3.973676401936966363e-01
1.818750000000000000e+01,-2.352112538958260890e-01
1.820833333333333215e+01,4.199289754174448941e-01
1.822916666666666430e+01,2.972496252313355791e-01
1.825000000000000000e+01,-3.511795811478993778e-01
1.827083333333333215e+01,-1.983530185713249239e-01
1.829166666666666430e+01,2.210970431799585412e-01
1.831250000000000000e+01,-7.565935491132554092e-02
1.833333333333333215e+01,-5.572772897045952245e-01
1.835416666666666430e+01,-3.247476551085614060e-01
1.837500000000000000e+01,2.939473547867679781e-01
1.839583333333333215e+01,1.300438205319313090e-01
1.841666666666666430e+01,-5.348566028905503700e-01
1.843750000000000000e+01,-4.368270658499792680e-01
1.845833333333333215e+01,1.974437461130540972e-01
1.847916666666666430e+01,1.988068494089377802e-01
1.850000000000000000e+01,-2.245587257723390961e-01
1.852083333333333215e+01,-1.648355740202617215e-02
1.854166666666666430e+01,6.448282683435481166e-01
1.856250000000000000e+01,5.180339588807987283e-01
1.858333333333333215e+01,-1.307614339715403862e-01
1.860416666666666430e+01,7.901056425298327857e-03
1.862500000000000000e+01,3.610087845291817810e-01
1.864583333333333215e+01,4.781519996521613192e-02
1.866666666666666430e+01,-3.692283816935680862e-01
1.868750000000000000e+01,-6.628557196388082384e-02
1.870833333333333215e+01,4.502533752485625151e-01
1.872916666666666430e+01,2.447430990177075771e-01
1.875000000000000000e+01,-3.942886937453496943e-01
1.877083333333333215e+01,-2.390494603250097050e-01
1.879166666666666430e+01,4.142243870838543396e-01
1.881250000000000000e+01,2.843336809694764211e-01
1.883333333333333215e+01,-3.769946572587388745e-01
1.885416666666666430e+01,-2.497610754238794306e-01
1.887500000000000000e+01,3.926294170460879474e-01
1.889583333333333215e+01,2.486037358667579633e-01
1.891666666666666430e+01,-4.203812706935154964e-01
1.893750000000000000e+01,-3.227237496338917211e-01
1.895833333333333215e+01,3.072044753992713706e-01
1.897916666666666430e+01,1.503481114827220910e-01
1.900000000000000000e+01,-5.180559050138718868e-01
1.902083333333333215e+01,-4.075528033281798357e-01
1.904166666666666430e+01,2.364279298490753745e-01
1.906250000000000000e+01,8.319449241536133743e-02
1.908333333333333215e+01,-5.047141415267504261e-01
1.910416666666666430e+01,-3.321286693284135061e-01
1.912500000000000000e+01,3.304955877629914829e-01
1.914583333333333215e+01,2.088967072051628460e-01
1.916666666666666430e+01,-4.290737120635403912e-01
1.918750000000000000e+01,-2.807395951333997441e-01
1.920833333333333215e+01,3.992783805802940233e-01
1.922916666666666430e+01,3.020446288250077660e-01
1.925000000000000000e+01,-3.332027804456575426e-01
1.927083333333333215e+01,-1.748821006785885868e-01
1.929166666666666430e+01,4.947279388986306481e-01
1.931250000000000000e+01,3.838275278621408049e-01
1.933333333333333215e+01,-2.615562367327739501e-01
1.935416666666666430e+01,-1.126945849598210703e-01
1.937500000000000000e+01,5.353850467407110791e-01
1.939583333333333215e+01,4.038921996538765713e-01
1.941666666666666430e+01,-2.532657643880696918e-01
1.943750000000000000e+01,-1.297306286607639580e-01
1.945833333333333215e+01,5.113452278160031117e-01
1.947916666666666430e+01,3.605697610031562417e-01
1.950000000000000000e+01,-3.209918336314203646e-01
1.952083333333333215e+01,-2.252358715010172596e-01
1.954166666666666430e+01,4.092457155621308518e-01
1.956250000000000000e+01,2.456493525053888294e-01
1.958333333333333215e+01,-4.252447636787736185e-01
1.960416666666666430e+01,-3.128925945503683304e-01
1.962500000000000000e+01,3.367797368606874064e-01
1.964583333333333215e+01,1.897783939231729999e-01
1.966666666666666430e+01,-4.619904193060114239e-01
1.968750000000000000e+01,-3.234227343302192859e-01
1.970833333333333215e+01,3.399968633740061419e-01
1.972916666666666430e+01,2.273333297948842147e-01
1.975000000000000000e+01,-4.023195083001686045e-01
1.977083333333333215e+01,-2.328107829346181268e-01
1.979166666666666430e+01,4.049806969845055615e-01
1.981250000000000000e+01,2.710676060584423785e-01
1.983333333333333215e+01,-3.697441029551137293e-01
1.985416666666666430e+01,-2.118744277659914688e-01
1.987500000000000000e+01,-1.691929510694809846e-01
1.989583333333333215e+01,-6.274364883135545856e-01
1.991666666666666430e+01,-4.342175052926149359e-01
1.993750000000000000e+01,2.402114313187989070e-01
1.995833333333333215e+01,8.106037648871158852e-02
1.997916666666666430e+01,-6.045820458188989610e-01
2.000000000000000000e+01,-4.717503301348139888e-01
2.002083333333333215e+01,1.665882990457691060e-01
2.004166666666666430e+01,1.532404038905020860e-01
2.006250000000000000e+01,-1.967256488379245383e-01
2.008333333333333215e+01,7.858491398569222852e-02
2.010416666666666430e+01,5.284426247037286029e-01
2.012500000000000000e+01,2.914999699464355665e-01
2.014583333333333215e+01,-3.484451097872313663e-01
2.016666666666666430e+01,-2.144106182328844867e-01
2.018750000000000000e+01,4.365667906407807997e-01
2.020833333333333215e+01,3.272913383739053939e-01
2.022916666666666430e+01,-2.722474557835369846e-01
2.025000000000000000e+01,-1.049146808962164723e-01
2.027083333333333215e+01,5.726476853815041235e-01
2.029166666666666430e+01,4.656267642138632867e-01
2.031250000000000000e+01,-1.553506559118661423e-01
2.033333333333333215e+01,-6.508455165110692275e-03
2.035416666666666430e+01,6.761747413596215228e-01
2.037500000000000000e+01,5.584724321749779952e-01
2.039583333333333215e+01,-7.789114087953535881e-02
2.041666666666666430e+01,-2.098831654410974745e-01
2.043750000000000000e+01,2.723787488174677640e-01
2.045833333333333215e+01,1.251545603085696401e-01
2.047916666666666430e+01,-5.403371750272968344e-01
2.050000000000000000e+01,-4.225969348092385447e-01
2.052083333333333215e+01,2.135738949199910142e-01
2.054166666666666430e+01,5.687610223914452146e-02
2.056250000000000000e+01,-5.444269452611885107e-01
2.058333333333333215e+01,-3.766442240480244452e-01
2.060416666666666430e+01,2.470394608987958596e-01
2.062500000000000000e+01,9.928207147312376191e-02
2.064583333333333215e+01,-3.733376161384490688e-01
2.066666666666666430e+01,-1.132818573243905003e-01
2.068750000000000000e+01,5.279009906153109277e-01
2.070833333333333215e+01,3.995870033455214410e-01
2.072916666666666430e+01,-2.569961292066991199e-01
2.075000000000000000e+01,-1.180131479146583617e-01
2.077083333333333215e+01,5.194497988606954220e-01
2.079166666666666430e+01,3.746117531037347348e-01
2.081250000000000000e+01,-2.625116334402776697e-01
2.083333333333333215e+01,-1.023648941049613292e-01
2.085416666666666430e+01,2.152215582081301870e-01
2.087500000000000000e+01,-1.457970754452081741e-01
2.089583333333333215e+01,-3.414029832331541559e-01
2.091666666666666430e+01,8.987499620900453456e-02
2.093750000000000000e+01,-2.360012839949356123e-02
2.095833333333333215e+01,-5.193590686790011679e-01
2.097916666666666430e+01,-2.762205983383137498e-01
2.100000000000000000e+01,3.662302631160477273e-01
2.102083333333333215e+01,2.276047114487326772e-01
2.104166666666666430e+01,-4.457778554844455954e-01
2.106250000000000000e+01,-3.354904899716555366e-01
2.108333333333333215e+01,3.033881735977268512e-01
2.110416666666666430e+01,1.506386135034015195e-01
2.112500000000000000e+01,-5.232368663452835467e-01
2.114583333333333215e+01,-4.143164494791679586e-01
2.116666666666666430e+01,2.267318749548900558e-01
2.118750000000000000e+01,2.586186529409784662e-01
2.120833333333333215e+01,-2.029097333147914517e-01
2.122916666666666430e+01,-3.497641160846959307e-02
2.125000000000000000e+01,6.192461178834506308e-01
2.127083333333333215e+01,4.813696447096654230e-01
2.129166666666666430e+01,-1.552978672567834617e-01
2.131250000000000000e+01,-8.906854521369116789e-03
2.133333333333333215e+01,4.977886985482075088e-01
2.135416666666666430e+01,2.821383238320691600e-01
2.137500000000000000e+01,-3.442444282590910731e-01
2.139583333333333215e+01,-1.773101726859768190e-01
2.141666666666666430e+01,4.960463792881686373e-01
2.143750000000000000e+01,3.911664259610290739e-01
2.145833333333333215e+01,-2.492468608387534146e-01
2.147916666666666430e+01,-1.937135472155944727e-01
2.150000000000000000e+01,1.829068400301103181e-01
2.152083333333333215e+01,-8.898795224871125509e-02
2.154166666666666430e+01,-5.606202256921404281e-01
2.156250000000000000e+01,-3.077652180160059259e-01
2.158333333333333215e+01,3.236114214280367274e-01
2.160416666666666430e+01,1.711529218523657470e-01
2.162500000000000000e+01,-5.015878610079128608e-01
2.164583333333333215e+01,-4.065191743315017536e-01
2.166666666666666430e+01,2.242656000773937397e-01
2.168750000000000000e+01,5.992648849800864125e-02
2.170833333333333215e+01,-6.282067457322125792e-01
2.172916666666666430e+01,-5.008750115376786605e-01
2.175000000000000000e+01,1.782178723945038734e-01
2.177083333333333215e+01,4.547728331285511016e-02
2.179166666666666430e+01,-4.216987619596048176e-01
2.181250000000000000e+01,-1.682921246141709792e-01
2.183333333333333215e+01,5.050639328948998141e-01
2.185416666666666430e+01,3.885617440684823731e-01
2.187500000000000000e+01,-2.529892088029042085e-01
2.189583333333333215e+01,-1.059729709351733273e-01
2.191666666666666430e+01,5.725908468347219449e-01
2.193750000000000000e+01,4.689764808245286409e-01
2.195833333333333215e+01,-1.711535986122942887e-01
2.197916666666666430e+01,-2.143063695414643144e-03
2.200000000000000000e+01,3.894382596505046035e-01
2.202083333333333215e+01,8.391511738322661451e-02
2.204166666666666430e+01,-4.455694266707401208e-01
2.206250000000000000e+01,-2.126688055501322616e-01
2.208333333333333215e+01,4.326800898557288666e-01
2.210416666666666430e+01,2.919303502561407804e-01
2.212500000000000000e+01,-3.766056611182191927e-01
2.214583333333333215e+01,-2.628283373372021781e-01
2.216666666666666430e+01,3.709994318354215004e-01
2.218750000000000000e+01,2.080707411722035327e-01
2.220833333333333215e+01,-4.615561028601125049e-01
2.222916666666666430e+01,-3.493900326287845415e-01
2.225000000000000000e+01,2.945596306281147991e-01
2.227083333333333215e+01,1.357023761517382465e-01
2.229166666666666430e+01,-3.313045892535830816e-01
2.231250000000000000e+01,-6.976476248090951460e-02
2.233333333333333215e+01,5.553766839517781939e-01
2.235416666666666430e+01,3.991166281145113182e-01
2.237500000000000000e+01,-2.819512300151145179e-01
2.239583333333333215e+01,-1.668065877379317219e-01
2.241666666666666430e+01,4.567900837110471235e-01
2.243750000000000000e+01,3.134993079062367016e-01
2.245833333333333215e+01,-3.577986270106296995e-01
2.247916666666666430e+01,-2.218547624732276624e-01
2.250000000000000000e+01,4.347663918989350673e-01
2.252083333333333215e+01,3.167624791395602379e-01
2.254166666666666430e+01,-3.289463541395588608e-01
2.256250000000000000e+01,-1.922622342242116811e-01
2.258333333333333215e+01,3.514556793313926009e-01
2.260416666666666430e+01,1.543458073598362734e-01
2.262500000000000000e+01,-4.674079363035612555e-01
2.264583333333333215e+01,-3.116720639036527629e-01
2.266666666666666430e+01,3.726997099189874874e-01
2.268750000000000000e+01,2.599471045743750874e-01
2.270833333333333215e+01,-3.680620071195115361e-01
2.272916666666666430e+01,-2.275250507706963465e-01
2.275000000000000000e+01,2.709666188349497129e-01
2.277083333333333215e+01,2.369791433875609310e-02
2.279166666666666430e+01,-6.314800567137598408e-01
2.281250000000000000e+01,-5.107558111276712109e-01
2.283333333333333215e+01,1.363510440492307074e-01
2.285416666666666430e+01,-1.547264942920562047e-02
2.287500000000000000e+01,-3.197612447942020930e-01
2.289583333333333215e+01,3.911884823482891793e-02
2.291666666666666430e+01,2.945790451838204427e-01
2.293750000000000000e+01,-1.009171539841152154e-01
2.295833333333333215e+01,-5.174597322069429683e-03
2.297916666666666430e+01,4.224850349331532029e-01
2.300000000000000000e+01,1.270015549660090115e-01
2.302083333333333215e+01,-4.300088009218860363e-01
2.304166666666666430e+01,-2.445655176004498110e-01
2.306250000000000000e+01,4.155954417045324423e-01
2.308333333333333215e+01,2.906610786446808259e-01
2.310416666666666430e+01,-3.476117521717367875e-01
2.312500000000000000e+01,-2.047328020866013842e-01
2.314583333333333215e+01,4.695780458625354870e-01
2.316666666666666430e+01,3.638701635997013684e-01
2.318750000000000000e+01,-2.699896907816264902e-01
2.320833333333333215e+01,-1.001114670120752670e-01
2.322916666666666430e+01,5.766506937763064000e-01
2.325000000000000000e+01,4.642732487029407884e-01
2.327083333333333215e+01,-1.798830784641539671e-01
2.329166666666666430e+01,-9.518842570730964847e-02
2.331250000000000000e+01,2.232487570617962824e-01
2.333333333333333215e+01,-9.931826772960847260e-02
2.335416666666666430e+01,-3.707408084092637113e-01
2.337500000000000000e+01,1.548162578314297988e-02
2.339583333333333215e+01,4.597526835204002182e-02
2.341666666666666430e+01,-4.358262828691795154e-01
2.343750000000000000e+01,-2.743848120297864845e-01
2.345833333333333215e+01,3.436864727743004222e-01
2.347916666666666430e+01,1.876503061791238158e-01
2.350000000000000000e+01,-4.913204092213013241e-01
2.352083333333333215e+01,-3.745239779259422752e-01
2.354166666666666430e+01,2.531881656613986231e-01
2.356250000000000000e+01,1.155658124424641248e-01
2.358333333333333215e+01,-4.792645739144851813e-01
2.360416666666666430e+01,-9.090115993079226353e-01
2.362500000000000000e+01,-6.692373513062528367e-01
2.364583333333333215e+01,-3.551510857595341353e-02
2.366666666666666430e+01,-7.104672111701371140e-02
2.368750000000000000e+01,-2.941513646622321287e-01
2.370833333333333215e+01,4.800312058552602679e-02
2.372916666666666430e+01,3.206632247477189113e-01
2.375000000000000000e+01,-5.021539860188939386e-03
2.377083333333333215e+01,3.471711515307596141e-02
2.379166666666666430e+01,5.353640089529829726e-01
2.381250000000000000e+01,3.868887702473235990e-01
2.383333333333333215e+01,-2.445057048914659470e-01
2.385416666666666430e+01,-1.408663437552016839e-01
2.387500000000000000e+01,4.938232083740283218e-01
2.389583333333333215e+01,4.015747098724257724e-01
2.391666666666666430e+01,-2.691305374897269287e-01
2.393750000000000000e+01,-1.640425505400123773e-01
2.395833333333333215e+01,4.873295229928803485e-01
2.397916666666666430e+01,3.747152825793302888e-01
2.400000000000000000e+01,-2.964424364290406677e-01
2.402083333333333215e+01,-1.752909111200340320e-01
2.404166666666666430e+01,4.692870046572569231e-01
2.406250000000000000e+01,3.411498707981885925e-01
2.408333333333333215e+01,-2.081738330426555483e-01
2.410416666666666430e+01,5.898663905729337187e-03
2.412500000000000000e+01,6.642599628699337178e-01
2.414583333333333215e+01,5.363166060003785596e-01
2.416666666666666430e+01,-1.017529480247998941e-01
2.418750000000000000e+01,5.113828866215336388e-02
2.420833333333333215e+01,3.876510205957934829e-01
2.422916666666666430e+01,4.451201072433236261e-02
2.425000000000000000e+01,-3.768796677543148621e-01
2.427083333333333215e+01,-8.956983938202484063e-02
2.429166666666666430e+01,3.925124076595994937e-01
2.431250000000000000e+01,1.414891942510149714e-01
2.433333333333333215e+01,-4.863949556891092318e-01
2.435416666666666430e+01,-3.574922980285574203e-01
2.437500000000000000e+01,2.954329224363744233e-01
2.439583333333333215e+01,1.524724849890065626e-01
2.441666666666666430e+01,-5.096030547590133519e-01
2.443750000000000000e+01,-3.924794830930832257e-01
2.445833333333333215e+01,2.475681777018434726e-01
2.447916666666666430e+01,9.619253643397751574e-02
2.450000000000000000e+01,-5.839069552072855274e-01
2.452083333333333215e+01,-4.711786520099331410e-01
2.454166666666666430e+01,1.492915817158206315e-01
2.456250000000000000e+01,1.278291195774089450e-01
2.458333333333333215e+01,-3.062780591237326266e-01
2.460416666666666430e+01,-8.091197931173932378e-02
2.462500000000000000e+01,5.565798494542852914e-01
2.464583333333333215e+01,4.301832281977783223e-01
2.466666666666666430e+01,-2.218141694313249812e-01
2.468750000000000000e+01,-7.506662686159237818e-02
2.470833333333333215e+01,4.666378164282589114e-01
2.472916666666666430e+01,2.698098015285519402e-01
2.475000000000000000e+01,-3.612743915198728950e-01
2.477083333333333215e+01,-2.043184636755270567e-01
2.479166666666666430e+01,4.848534709659236830e-01
2.481250000000000000e+01,3.726395707286465631e-01
2.483333333333333215e+01,-2.501381080942345347e-01
2.485416666666666430e+01,-2.400932928613329076e-01
2.487500000000000000e+01,2.292158941690005947e-01
2.489583333333333215e+01,2.503180446524583269e-02
2.491666666666666430e+01,-6.181990278462368149e-01
2.493750000000000000e+01,-4.972425237344428872e-01
2.495833333333333215e+01,1.479228656257773888e-01
2.497916666666666430e+01,-1.029258718046308085e-03
2.500000000000000000e+01,-4.198152541948602101e-01
2.502083333333333215e+01,-1.371458671083262415e-01
2.504166666666666430e+01,4.855535243090732256e-01
2.506250000000000000e+01,3.328697837379275271e-01
2.508333333333333215e+01,-3.425827041467718326e-01
2.510416666666666430e+01,-2.225023486357469438e-01
2.512500000000000000e+01,4.030856027585373869e-01
2.514583333333333215e+01,2.615442586487838894e-01
2.516666666666666430e+01,-3.880349659697170939e-01
2.518750000000000000e+01,-2.517435622013804997e-01
2.520833333333333215e+01,2.496624271647031879e-01
2.522916666666666430e+01,4.426504264657141197e-02
2.525000000000000000e+01,-5.869279200540655772e-01
2.527083333333333215e+01,-4.390193132068367365e-01
2.529166666666666430e+01,2.378001062467128834e-01
2.531250000000000000e+01,1.332738752300218210e-01
2.533333333333333215e+01,-4.203754517434103444e-01
2.535416666666666430e+01,-2.257590263780927531e-01
2.537500000000000000e+01,4.559103500126903130e-01
2.539583333333333215e+01,3.398342425195355898e-01
2.541666666666666430e+01,-2.878971088751234308e-01
2.543750000000000000e+01,-1.524579949715909599e-01
2.545833333333333215e+01,5.098499038259338700e-01
2.547916666666666430e+01,3.699672295310919568e-01
2.550000000000000000e+01,-2.900699191235769359e-01
2.552083333333333215e+01,-1.749449022525418063e-01
2.554166666666666430e+01,4.644236790122353020e-01
2.556250000000000000e+01,3.205908930096748599e-01
2.558333333333333215e+01,-3.538107708664628426e-01
2.560416666666666430e+01,-2.442885979417134534e-01
2.562500000000000000e+01,3.748318073149052299e-01
2.564583333333333215e+01,2.247393414733017403e-01
2.566666666666666430e+01,-2.893683271356776721e-01
2.568750000000000000e+01,-6.136001433342058720e-02
2.570833333333333215e+01,5.741591733254174379e-01
2.572916666666666430e+01,4.420531022900905938e-01
2.575000000000000000e+01,-2.237355606643934847e-01
2.577083333333333215e+01,-8.651360129991393644e-02
2.579166666666666430e+01,5.702491368480591127e-01
2.581250000000000000e+01,4.473488570950859833e-01
2.583333333333333215e+01,-1.933979359112933949e-01
2.585416666666666430e+01,-2.250104468414437786e-01
2.587500000000000000e+01,2.403465565169351503e-01
2.589583333333333215e+01,6.618167768044913579e-02
2.591666666666666430e+01,-5.520932129640361286e-01
2.593750000000000000e+01,-3.987564739417847059e-01
2.595833333333333215e+01,2.795335431237153667e-01
2.597916666666666430e+01,1.582419118915350809e-01
2.600000000000000000e+01,-4.738463834696472476e-01
2.602083333333333215e+01,-3.466768400799857819e-01
2.604166666666666430e+01,3.066585616336641174e-01
2.606250000000000000e+01,1.596940754909860205e-01
2.608333333333333215e+01,-5.075618699723010163e-01
2.610416666666666430e+01,-3.867048253861148921e-01
2.612500000000000000e+01,2.547619867761939383e-01
2.614583333333333215e+01,9.103471816829369900e-02
2.616666666666666430e+01,-5.943884364142838495e-01
2.618750000000000000e+01,-4.750920105987980202e-01
2.620833333333333215e+01,1.432018255080494407e-01
2.622916666666666430e+01,2.950832405420565352e-01
2.625000000000000000e+01,-1.755860076579424667e-01
2.627083333333333215e+01,-4.475028476204850891e-02
2.629166666666666430e+01,6.021480937177497994e-01
2.631250000000000000e+01,4.814028958866942154e-01
2.633333333333333215e+01,-1.636436776083560196e-01
2.635416666666666430e+01,-1.921593956457297997e-02
2.637500000000000000e+01,4.399699694570048392e-01
2.639583333333333215e+01,1.890557554787984929e-01
2.641666666666666430e+01,-4.303953974447009001e-01
2.643750000000000000e+01,-2.744076908515988289e-01
2.645833333333333215e+01,4.115401464028631828e-01
2.647916666666666430e+01,3.015034622812668430e-01
2.650000000000000000e+01,-3.269870660951292862e-01
2.652083333333333215e+01,-1.852294698924809024e-01
2.654166666666666430e+01,4.957966099895076972e-01
2.656250000000000000e+01,3.785388375258847971e-01
2.658333333333333215e+01,-2.662069438381982622e-01
2.660416666666666430e+01,-1.643968015922328274e-01
2.662500000000000000e+01,2.048676514887758926e-01
2.664583333333333215e+01,-8.894932041063682848e-02
2.666666666666666430e+01,-5.145156102926986552e-01
2.668750000000000000e+01,-2.121694663726541585e-01
2.670833333333333215e+01,4.078333567966225814e-01
2.672916666666666430e+01,2.584324715338842116e-01
2.675000000000000000e+01,-4.059759616306533592e-01
2.677083333333333215e+01,-2.828497397498483945e-01
2.679166666666666430e+01,3.533402387026561287e-01
2.681250000000000000e+01,2.070459249638532118e-01
2.683333333333333215e+01,-4.669600024856862541e-01
2.685416666666666430e+01,-3.660110434399379553e-01
2.687500000000000000e+01,2.645519686744708387e-01
2.689583333333333215e+01,9.803943522585867321e-02
2.691666666666666430e+01,-5.764122977993200170e-01
2.693750000000000000e+01,-4.670436298160085542e-01
2.695833333333333215e+01,1.763178942898339652e-01
2.697916666666666430e+01,1.258658380276982958e-01
2.700000000000000000e+01,-2.222535057207851716e-01
2.702083333333333215e+01,6.721941898179301100e-02
2.704166666666666430e+01,4.787765045791390062e-01
2.706250000000000000e+01,1.872403886719438693e-01
2.708333333333333215e+01,-3.696935055944979287e-01
2.710416666666666430e+01,-1.671002595792465961e-01
2.712500000000000000e+01,5.076651431594290109e-01
2.714583333333333215e+01,4.159960631928075747e-01
2.716666666666666430e+01,-2.117612737877984652e-01
2.718750000000000000e+01,-4.722130908809091948e-02
2.720833333333333215e+01,5.036417464705071900e-01
2.722916666666666430e+01,3.101167429058444003e-01
2.725000000000000000e+01,-3.290251752551627829e-01
2.727083333333333215e+01,-1.746824531324568386e-01
2.729166666666666430e+01,5.047922885890636646e-01
2.731250000000000000e+01,3.841661743517204020e-01
2.733333333333333215e+01,-2.421239792251529965e-01
2.735416666666666430e+01,-2.535037176074560472e-01
2.737500000000000000e+01,2.398985574436073021e-01
2.739583333333333215e+01,5.534456544035376568e-02
2.741666666666666430e+01,-5.968772534867647916e-01
2.743750000000000000e+01,-4.793244991431298563e-01
2.745833333333333215e+01,1.641255246278270075e-01
2.747916666666666430e+01,1.525216649168238334e-02
2.750000000000000000e+01,-5.068766660616744746e-01
2.752083333333333215e+01,-2.949228651916663280e-01
2.754166666666666430e+01,3.256429459462556464e-01
2.756250000000000000e+01,1.729058813487790169e-01
2.758333333333333215e+01,-5.050136995740730494e-01
2.760416666666666430e+01,-3.890355700217028589e-01
2.762500000000000000e+01,2.384531800361609499e-01
2.764583333333333215e+01,3.056050932598369796e-01
2.766666666666666430e+01,-2.262864912934620942e-01
2.768750000000000000e+01,-9.170033513693826022e-02
2.770833333333333215e+01,5.666995870893734022e-01
2.772916666666666430e+01,4.465650902522599885e-01
2.775000000000000000e+01,-1.966655981466284842e-01
2.777083333333333215e+01,-4.263237998277177865e-02
2.779166666666666430e+01,6.375471905330001299e-01
2.781250000000000000e+01,5.266669641420227421e-01
2.783333333333333215e+01,-9.182679732692616836e-02
2.785416666666666430e+01,-1.737728804612311828e-01
2.787500000000000000e+01,3.409034470988351329e-01
2.789583333333333215e+01,2.139542827537783687e-01
2.791666666666666430e+01,-4.209865870090127027e-01
2.793750000000000000e+01,-2.927597409006174045e-01
2.795833333333333215e+01,3.617310733532295153e-01
2.797916666666666430e+01,2.238251738875816632e-01
2.800000000000000000e+01,-4.352274002683654830e-01
2.802083333333333215e+01,-3.183927910015625362e-01
2.804166666666666430e+01,3.172793519503558368e-01
2.806250000000000000e+01,1.636680817298462043e-01
2.808333333333333215e+01,-5.264621906249649097e-01
2.810416666666666430e+01,-4.193196126127872736e-01
2.812500000000000000e+01,2.088364823200548615e-01
2.814583333333333215e+01,6.259950020934887394e-02
2.816666666666666430e+01,-6.225924944517488013e-01
2.818750000000000000e+01,-5.078221019061195385e-01
2.820833333333333215e+01,1.294280000589436708e-01
2.822916666666666430e+01,1.808338280522044095e-01
2.825000000000000000e+01,-3.254439699447455592e-01
2.827083333333333215e+01,-1.672313212876538890e-01
2.829166666666666430e+01,4.913404352833051769e-01
2.831250000000000000e+01,3.704554778947559135e-01
2.833333333333333215e+01,-2.688788501052346014e-01
2.835416666666666430e+01,-1.152901876847567952e-01
2.837500000000000000e+01,5.719874148457004814e-01
2.839583333333333215e+01,4.667180557404348451e-01
2.841666666666666430e+01,-1.583716309547128220e-01
2.843750000000000000e+01,-1.339079701246810583e-02
2.845833333333333215e+01,3.712231701490089630e-01
2.847916666666666430e+01,5.804238949417572790e-02
2.850000000000000000e+01,-4.628274664502269875e-01
2.852083333333333215e+01,-2.492673270336883129e-01
2.854166666666666430e+01,4.188128753688442618e-01
2.856250000000000000e+01,2.764427133911210310e-01
2.858333333333333215e+01,-3.861480894353714333e-01
2.860416666666666430e+01,-2.694215243419820771e-01
2.862500000000000000e+01,3.707229878010906976e-01
2.864583333333333215e+01,2.174580369949467018e-01
2.866666666666666430e+01,-4.636809724469073135e-01
2.868750000000000000e+01,-3.532576633538075939e-01
2.870833333333333215e+01,2.646938114877140924e-01
2.872916666666666430e+01,1.123685248838704742e-01
2.875000000000000000e+01,-4.869408563155859238e-01
2.877083333333333215e+01,-3.136257887231934660e-01
2.879166666666666430e+01,3.174244324842452891e-01
2.881250000000000000e+01,1.898273833619170681e-01
2.883333333333333215e+01,-3.775612022161165537e-01
2.885416666666666430e+01,-1.741485367209193169e-01
2.887500000000000000e+01,4.915790316606311605e-01
2.889583333333333215e+01,3.715443381372441345e-01
2.891666666666666430e+01,-2.699772843654594245e-01
2.893750000000000000e+01,-1.127753210782268256e-01
2.895833333333333215e+01,5.688418636318730570e-01
2.897916666666666430e+01,4.514740817455369370e-01
2.900000000000000000e+01,-1.671109516602907186e-01
2.902083333333333215e+01,-1.777510357204140079e-02
2.904166666666666430e+01,2.712450679303655132e-01
2.906250000000000000e+01,-1.097325972091800772e-01
2.908333333333333215e+01,-2.532946309045939759e-01
2.910416666666666430e+01,2.007297423375529466e-01
2.912500000000000000e+01,6.558928825203513835e-02
2.914583333333333215e+01,-5.965444085363686977e-01
2.916666666666666430e+01,-4.763869580832257866e-01
2.918750000000000000e+01,-3.352848215480557226e-01
2.920833333333333215e+01,-7.819703346055288939e-01
2.922916666666666430e+01,-6.415585118657258779e-01
2.925000000000000000e+01,-1.460611285552582128e-02
2.927083333333333215e+01,-1.650799326233594044e-01
2.929166666666666430e+01,-3.415947115645657783e-01
2.931250000000000000e+01,1.146798321671139709e-01
2.933333333333333215e+01,1.189397283187453302e-01
2.935416666666666430e+01,-1.935177612525986746e-01
2.937500000000000000e+01,9.492766523809226253e-02
2.939583333333333215e+01,5.790136379584027715e-01
2.941666666666666430e+01,3.365806310580529148e-01
2.943750000000000000e+01,-3.010010262283887572e-01
2.945833333333333215e+01,-1.536990962956673590e-01
2.947916666666666430e+01,5.109067666698448029e-01
2.950000000000000000e+01,4.011204152935108347e-01
2.952083333333333215e+01,-2.335288666180343475e-01
2.954166666666666430e+01,-6.853306672631587215e-02
2.956250000000000000e+01,6.045934606285565671e-01
2.958333333333333215e+01,4.985425370202776207e-01
2.960416666666666430e+01,-1.444119186207265260e-01
2.962500000000000000e+01,5.446913652020046737e-03
2.964583333333333215e+01,6.538642323613071961e-01
2.966666666666666430e+01,5.215224984639914574e-01
2.968750000000000000e+01,-1.475933385812460419e-01
2.970833333333333215e+01,-3.044879900502783787e-02
2.972916666666666430e+01,5.218189182821969530e-01
2.975000000000000000e+01,3.161514599378562607e-01
2.977083333333333215e+01,-3.523884413069689470e-01
2.979166666666666430e+01,-2.460242289442850228e-01
2.981250000000000000e+01,3.872658188038589078e-01
2.983333333333333215e+01,2.234105426296539854e-01
2.985416666666666430e+01,-4.480393404009138658e-01
2.987500000000000000e+01,-3.439118833055728186e-01
2.989583333333333215e+01,2.980463808208437815e-01
2.991666666666666430e+01,1.515261219494411504e-01
2.993750000000000000e+01,-4.975804987236310817e-01
2.995833333333333215e+01,-3.694604305280683731e-01
2.997916666666666430e+01,2.938774376411701361e-01
3.000000000000000000e+01,1.728827458784953086e-01
3.002083333333333215e+01,-4.676528430471912356e-01
3.004166666666666430e+01,-3.230866928167052676e-01
3.006250000000000000e+01,3.568652991893509485e-01
3.008333333333333215e+01,2.575794572891678680e-01
3.010416666666666430e+01,-3.756894495031986025e-01
3.012500000000000000e+01,-2.081942592954464932e-01
3.014583333333333215e+01,3.062197023305840426e-01
3.016666666666666430e+01,9.047014418407839376e-02
3.018750000000000000e+01,-5.508223986570619513e-01
3.020833333333333215e+01,-3.971402111415843761e-01
3.022916666666666430e+01,2.557605084727055944e-01
3.025000000000000000e+01,1.335166830480845057e-01
3.027083333333333215e+01,-5.223916532476338137e-01
3.029166666666666430e+01,-3.966294543834109065e-01
3.031250000000000000e+01,2.460711557107824188e-01
3.033333333333333215e+01,1.084917495107872165e-01
3.035416666666666430e+01,-2.314268151851323618e-01
3.037500000000000000e+01,9.962306123311415185e-02
3.039583333333333215e+01,4.611506010279560752e-01
3.041666666666666430e+01,1.107680094338064636e-01
3.043750000000000000e+01,-2.086438248510778803e-01
3.045833333333333215e+01,1.339817677221024628e-01
3.047916666666666430e+01,3.769005262687876723e-01
3.050000000000000000e+01,-4.566688700556522512e-02
3.052083333333333215e+01,3.436291115147799280e-02
3.054166666666666430e+01,4.088946980085406135e-01
3.056250000000000000e+01,1.239053524636752057e-01
3.058333333333333215e+01,-4.058447018633976611e-01
3.060416666666666430e+01,-1.902990113286325280e-01
3.062500000000000000e+01,4.681931777679341211e-01
3.064583333333333215e+01,3.352553653955048230e-01
3.066666666666666430e+01,-3.047173925311845166e-01
3.068750000000000000e+01,-1.649364136847671081e-01
3.070833333333333215e+01,5.109470327062677342e-01
3.072916666666666430e+01,3.893307629366065115e-01
3.075000000000000000e+01,-2.523496401161659519e-01
3.077083333333333215e+01,-1.744152733841981551e-01
3.079166666666666430e+01,2.215310664036052035e-01
3.081250000000000000e+01,-3.748223572511294455e-02
3.083333333333333215e+01,-6.148184081752858798e-01
3.085416666666666430e+01,-4.205670206293722346e-01
3.087500000000000000e+01,2.519066410055287308e-01
3.089583333333333215e+01,1.425033907840910219e-01
3.091666666666666430e+01,-5.003043754825747813e-01
3.093750000000000000e+01,-3.388650234172854159e-01
3.095833333333333215e+01,3.157460225637193640e-01
3.097916666666666430e+01,1.852076071274735281e-01
3.100000000000000000e+01,-4.761516699086048021e-01
3.102083333333333215e+01,-3.513042747572722169e-01
3.104166666666666430e+01,2.819041131865466232e-01
3.106250000000000000e+01,1.314340743846390547e-01
3.108333333333333215e+01,2.269097487230565535e-01
3.110416666666666430e+01,8.297779873100967762e-01
3.112500000000000000e+01,6.733518081022785706e-01
3.114583333333333215e+01,-8.630624830772537504e-03
3.116666666666666430e+01,9.888831393624858412e-02
3.118750000000000000e+01,7.239797854422894696e-01
3.120833333333333215e+01,5.798393597679776246e-01
3.122916666666666430e+01,-1.037296994124102811e-01
3.125000000000000000e+01,2.059927731327959588e-02
3.127083333333333215e+01,4.173988682162755870e-01
3.129166666666666430e+01,1.198211443145846822e-01
3.131250000000000000e+01,-5.333432256186000364e-01
3.133333333333333215e+01,-3.709900591059068775e-01
3.135416666666666430e+01,3.059383988373987062e-01
3.137500000000000000e+01,1.854125873764550514e-01
3.139583333333333215e+01,-4.375858221494628442e-01
3.141666666666666430e+01,-2.748389414910767936e-01
3.143750000000000000e+01,2.910501607109927669e-02
3.145833333333333215e+01,-3.389342369821219947e-01
3.147916666666666430e+01,-4.921187950973006098e-01
3.150000000000000000e+01,-3.541065277913357789e-02
3.152083333333333215e+01,-1.459593281611695770e-01
3.154166666666666430e+01,-7.619038979922259092e-01
3.156250000000000000e+01,-6.041202991663335853e-01
3.158333333333333215e+01,3.885695711521439111e-02
3.160416666666666430e+01,-5.738332827615164056e-02
3.162500000000000000e+01,-3.832540462542640691e-01
3.164583333333333215e+01,-5.839587161774567603e-02
3.166666666666666430e+01,3.534019715698795139e-01
3.168750000000000000e+01,4.025099741960996846e-02
3.170833333333333215e+01,-3.820244193326592930e-01
3.172916666666666430e+01,-1.041518970875036088e-01
3.175000000000000000e+01,5.347093335060101316e-01
3.177083333333333215e+01,3.733864752441644619e-01
3.179166666666666430e+01,-2.939929745312772624e-01
3.181250000000000000e+01,-1.836253070454444136e-01
3.183333333333333215e+01,4.694035865741965630e-01
3.185416666666666430e+01,3.343021549738594000e-01
3.187500000000000000e+01,-3.079874888047720027e-01
3.189583333333333215e+01,-1.698049228956613199e-01
3.191666666666666430e+01,5.023760576904121589e-01
3.193750000000000000e+01,3.910952816039853230e-01
3.195833333333333215e+01,-2.445996900219042647e-01
3.197916666666666430e+01,-8.033355513626630473e-02
3.200000000000000000e+01,2.393921560011733063e-01
3.202083333333332860e+01,-1.068641028781909807e-01
3.204166666666666430e+01,-3.477694761345664354e-01
3.206250000000000000e+01,7.871143618356118976e-02
3.208333333333332860e+01,-1.096371825625912233e-02
3.210416666666666430e+01,-4.006138501905680549e-01
3.212500000000000000e+01,-8.439301478821449598e-02
3.214583333333332860e+01,4.099212584353927324e-01
3.216666666666666430e+01,1.879170008838259576e-01
3.218750000000000000e+01,-4.468173426776309021e-01
3.220833333333332860e+01,-2.844428420639213417e-01
3.222916666666666430e+01,3.851838708069496020e-01
3.225000000000000000e+01,2.725896901829348851e-01
3.227083333333332860e+01,-3.720015352239310902e-01
3.229166666666666430e+01,-2.326060003016631184e-01
3.231250000000000000e+01,4.074982357943928157e-01
3.233333333333332860e+01,2.664705210483837572e-01
3.235416666666666430e+01,-4.025773578058974289e-01
3.237500000000000000e+01,-2.902897494705261039e-01
3.239583333333332860e+01,3.373454161837452503e-01
3.241666666666666430e+01,1.710678794416152781e-01
3.243750000000000000e+01,-5.037943666024904399e-01
3.245833333333332860e+01,-4.030944887340632832e-01
3.247916666666666430e+01,2.310204552643217446e-01
3.250000000000000000e+01,1.655714972088039028e-01
3.252083333333332860e+01,-2.076539141928544496e-01
3.254166666666666430e+01,6.092331631937961123e-02
3.256250000000000000e+01,5.392136841917983814e-01
3.258333333333332860e+01,2.843563402677518059e-01
3.260416666666666430e+01,-3.596923654248341817e-01
3.262500000000000000e+01,-2.180812595289420563e-01
3.264583333333332860e+01,4.486788254242745633e-01
3.266666666666666430e+01,3.397207759191854803e-01
3.268750000000000000e+01,-2.887858827507088222e-01
3.270833333333332860e+01,-1.208174586546265916e-01
3.272916666666666430e+01,5.487129655599815026e-01
3.275000000000000000e+01,4.369383917668930861e-01
3.277083333333332860e+01,-2.036123200492956364e-01
3.279166666666666430e+01,-1.254334345980829823e-01
3.281250000000000000e+01,2.401137444796902498e-01
3.283333333333332860e+01,-4.871828902654767868e-02
3.285416666666666430e+01,-4.930592645586520661e-01
3.287500000000000000e+01,-2.238161447210301191e-01
3.289583333333332860e+01,4.544323005967901841e-01
3.291666666666666430e+01,3.336410481536195571e-01
3.293750000000000000e+01,-2.970576835285161921e-01
3.295833333333332860e+01,-2.611782005826467357e-01
3.297916666666666430e+01,3.296394676608243590e-01
3.300000000000000000e+01,1.877396363816492275e-01
3.302083333333332860e+01,-4.734256274659925934e-01
3.304166666666666430e+01,-3.545996808702152059e-01
3.306250000000000000e+01,2.839248930047159614e-01
3.308333333333332860e+01,1.422490858723586549e-01
3.310416666666666430e+01,-5.300646536372731754e-01
3.312500000000000000e+01,-4.046492252804875234e-01
3.314583333333332860e+01,2.244032514303533066e-01
3.316666666666666430e+01,7.836274318967020869e-02
3.318750000000000000e+01,-3.376083181590926463e-01
3.320833333333332860e+01,-5.758764557175363730e-02
3.322916666666666430e+01,5.594283335608079000e-01
3.325000000000000000e+01,3.805414175200022564e-01
3.327083333333332860e+01,-2.982628656180272286e-01
3.329166666666666430e+01,-1.921581046273688198e-01
3.331250000000000000e+01,4.487139194893432492e-01
3.333333333333332860e+01,2.936647610725228730e-01
3.335416666666666430e+01,-3.634387572560150437e-01
3.337500000000000000e+01,-2.377044836139362571e-01
3.339583333333332860e+01,4.220297448885362845e-01
3.341666666666666430e+01,2.982605233214143947e-01
3.343750000000000000e+01,-3.361169097684955642e-01
3.345833333333332860e+01,-1.868386927731510161e-01
3.347916666666666430e+01,3.332936187376521198e-01
3.350000000000000000e+01,1.305401418590096674e-01
3.352083333333332860e+01,-5.068289142123669766e-01
3.354166666666666430e+01,-3.469496490500365571e-01
3.356250000000000000e+01,3.257046523244346847e-01
3.358333333333332860e+01,2.168954752168371913e-01
3.360416666666666430e+01,-4.274002196623419847e-01
3.362500000000000000e+01,-2.720670013386327080e-01
3.364583333333332860e+01,3.808941214006569265e-01
3.366666666666666430e+01,2.455153051407283904e-01
3.368750000000000000e+01,-4.191729021794760035e-01
3.370833333333332860e+01,-3.003963798821145947e-01
3.372916666666666430e+01,3.315533730694903980e-01
3.375000000000000000e+01,1.741715962145287122e-01
3.377083333333332860e+01,-5.007238270322356133e-01
3.379166666666666430e+01,-3.990440091988999294e-01
3.381250000000000000e+01,2.384984709921148249e-01
3.383333333333332860e+01,7.344921323674569180e-02
3.385416666666666430e+01,-3.642642672044775765e-01
3.387500000000000000e+01,-9.202755378170979217e-02
3.389583333333332860e+01,5.489965043638769249e-01
3.391666666666666430e+01,4.029425325684878878e-01
3.393750000000000000e+01,-2.492970616539910700e-01
3.395833333333332860e+01,-1.142035779377133936e-01
3.397916666666666430e+01,5.438017423154902774e-01
3.400000000000000000e+01,4.258794337292867715e-01
3.402083333333332860e+01,-2.035007016929382406e-01
3.404166666666666430e+01,-1.072629910015866078e-01
3.406250000000000000e+01,2.312529327708056082e-01
3.408333333333332860e+01,-6.474245080609819514e-02
3.410416666666666430e+01,-4.222568394289147875e-01
3.412500000000000000e+01,-7.491583848173621885e-02
3.414583333333332860e+01,2.645806557586705132e-01
3.416666666666666430e+01,-7.201576784197794012e-02
3.418750000000000000e+01,-3.686311326405926625e-01
3.420833333333332860e+01,-1.471892762682391886e-03
3.422916666666666430e+01,1.755885226866565341e-01
3.425000000000000000e+01,-2.766402732349874660e-01
3.427083333333332860e+01,-1.687224595039800157e-01
3.429166666666666430e+01,4.547617528521162855e-01
3.431250000000000000e+01,3.042463876339609463e-01
3.433333333333332860e+01,-3.863864959902133522e-01
3.435416666666666430e+01,-2.795763662481748346e-01
3.437500000000000000e+01,3.523083772066737396e-01
3.439583333333332860e+01,2.072755857854692019e-01
3.441666666666666430e+01,-4.748065450604491700e-01
3.443750000000000000e+01,-3.539680315925404219e-01
3.445833333333332860e+01,2.810819864397966494e-01
3.447916666666666430e+01,1.561244680357982140e-01
3.450000000000000000e+01,-4.385210814579155181e-01
3.452083333333332860e+01,-2.589875988195498024e-01
3.454166666666666430e+01,4.039701603548616626e-01
3.456250000000000000e+01,2.930556097546825889e-01
3.458333333333332860e+01,-3.377738829889869177e-01
3.460416666666666430e+01,-1.843152304816643716e-01
3.462500000000000000e+01,5.065232022363846953e-01
3.464583333333332860e+01,3.980692261032247603e-01
3.466666666666666430e+01,-2.262166189757653656e-01
3.468750000000000000e+01,-7.877863601729725995e-02
3.470833333333332860e+01,5.991936577139918008e-01
3.472916666666666430e+01,4.738529450242270902e-01
3.475000000000000000e+01,-1.669927581393286231e-01
3.477083333333332860e+01,-1.733689367652201385e-01
3.479166666666666430e+01,2.975585993514068273e-01
3.481250000000000000e+01,9.261632773886491199e-02
3.483333333333332860e+01,-5.753311088392956130e-01
3.485416666666666430e+01,-4.611499002024253002e-01
3.487500000000000000e+01,1.612669517449545620e-01
3.489583333333332860e+01,4.240321444778344384e-03
3.491666666666666430e+01,-4.116570220690893289e-01
3.493750000000000000e+01,-1.189040067467295042e-01
3.495833333333332860e+01,4.875269667676107033e-01
3.497916666666666430e+01,3.330999310669718882e-01
3.500000000000000000e+01,-3.387130017478863220e-01
3.502083333333332860e+01,-2.026658962471170611e-01
3.504166666666666430e+01,4.545538734374348633e-01
3.506250000000000000e+01,3.354725422738109031e-01
3.508333333333332860e+01,-3.115530657410404691e-01
3.510416666666666430e+01,-1.725080015325578531e-01
3.512500000000000000e+01,4.492697669145778172e-01
3.514583333333332860e+01,3.052905663288401072e-01
3.516666666666666430e+01,-3.130601668562366102e-01
3.518750000000000000e+01,-1.565531387896900717e-01
3.520833333333332860e+01,2.069689544773232193e-01
3.522916666666666430e+01,-1.203999019817402205e-01
3.525000000000000000e+01,-4.710429374004517222e-01
3.527083333333332860e+01,-1.470966112828054340e-01
3.529166666666666430e+01,2.737757433259800921e-01
3.531250000000000000e+01,-3.087798266347284437e-02
3.533333333333332860e+01,-5.445190876156199566e-01
3.535416666666666430e+01,-3.297981185568770179e-01
3.537500000000000000e+01,3.125936247231256848e-01
3.539583333333332860e+01,1.707924927236549872e-01
3.541666666666666430e+01,-4.997744191538345815e-01
3.543750000000000000e+01,-3.899424330725538845e-01
3.545833333333332860e+01,2.286665913032034370e-01
3.547916666666666430e+01,1.515276725761100507e-01
3.550000000000000000e+01,-2.318675993246840372e-01
3.552083333333332860e+01,5.074001207214262621e-02
3.554166666666666430e+01,5.634254304551118420e-01
3.556250000000000000e+01,3.490296854214972599e-01
3.558333333333332860e+01,-3.155510510046683481e-01
3.560416666666666430e+01,-1.718861745051574741e-01
3.562500000000000000e+01,4.918762578379713979e-01
3.564583333333332860e+01,3.737802003032386078e-01
3.566666666666666430e+01,-2.673676985747247548e-01
3.568750000000000000e+01,-1.118678030969264270e-01
3.570833333333332860e+01,5.698839014721799323e-01
3.572916666666666430e+01,4.561805771087042438e-01
3.575000000000000000e+01,-1.606616611484464885e-01
3.577083333333332860e+01,-2.559423062755921130e-01
3.579166666666666430e+01,2.529727136851050995e-01
3.581250000000000000e+01,1.292963480780469077e-01
3.583333333333332860e+01,-5.039143752025344591e-01
3.585416666666666430e+01,-3.787376618823563579e-01
3.587500000000000000e+01,2.711526714449802866e-01
3.589583333333332860e+01,1.401005889407950233e-01
3.591666666666666430e+01,-5.166063246783425544e-01
3.593750000000000000e+01,-3.940149763728765242e-01
3.595833333333332860e+01,2.405709831526894604e-01
3.597916666666666430e+01,8.295608499242769496e-02
3.600000000000000000e+01,-5.709735170566813123e-01
3.602083333333332860e+01,-4.347049928894555215e-01
3.604166666666666430e+01,1.876731787573091559e-01
3.606250000000000000e+01,2.143456469474254722e-01
3.608333333333332860e+01,-2.659111393965716830e-01
3.610416666666666430e+01,-8.397587638266934551e-02
3.612500000000000000e+01,5.623736645006069956e-01
3.614583333333332860e+01,4.436876641808766841e-01
3.616666666666666430e+01,-1.998721427401445316e-01
3.618750000000000000e+01,-5.145646714839959002e-02
3.620833333333332860e+01,6.036482127029856315e-01
3.622916666666666430e+01,4.796057090522181099e-01
3.625000000000000000e+01,-1.413154794066653897e-01
3.627083333333332860e+01,-1.774974998434263318e-01
3.629166666666666430e+01,3.031465954475677793e-01
3.631250000000000000e+01,1.380402134301201289e-01
3.633333333333332860e+01,-4.881984097041438542e-01
3.635416666666666430e+01,-3.468952162601273703e-01
3.637500000000000000e+01,3.219950629755197191e-01
3.639583333333332860e+01,1.851449601799328992e-01
3.641666666666666430e+01,-4.721614743780402357e-01
3.643750000000000000e+01,-3.564331866534017346e-01
3.645833333333332860e+01,2.850824746659592623e-01
3.647916666666666430e+01,1.341026972148749163e-01
3.650000000000000000e+01,-5.423605293554802920e-01
3.652083333333332860e+01,-4.285816279516604377e-01
3.654166666666666430e+01,1.920750164195213217e-01
3.656250000000000000e+01,6.468271487844162726e-02
3.658333333333332860e+01,-2.528891643513216936e-01
3.660416666666666430e+01,9.620963868974241606e-02
3.662500000000000000e+01,3.314236150750515808e-01
3.664583333333332860e+01,-5.890722271876383531e-02
3.666666666666666430e+01,1.179871574298163583e-02
3.668750000000000000e+01,4.155290556255925583e-01
3.670833333333332860e+01,1.476732025800123194e-01
3.672916666666666430e+01,-4.403034879862134932e-01
3.675000000000000000e+01,-2.599631651110307917e-01
3.677083333333332860e+01,3.874873364148004873e-01
3.679166666666666430e+01,2.552399392935502109e-01
3.681250000000000000e+01,-4.055643270234814413e-01
3.683333333333332860e+01,-2.741256059314852167e-01
3.685416666666666430e+01,3.762707517076717689e-01
3.687500000000000000e+01,2.887829636456598625e-01
3.689583333333332860e+01,-3.295284848055322069e-01
3.691666666666666430e+01,-2.211098132726477261e-01
3.693750000000000000e+01,3.260920806324623111e-01
3.695833333333332860e+01,1.930596739241670357e-01
3.697916666666666430e+01,-4.814205197309731621e-01
3.700000000000000000e+01,-4.103135543787431727e-01
3.702083333333332860e+01,2.498512288188384778e-01
3.704166666666666430e+01,1.764827604547297979e-01
3.706250000000000000e+01,-5.090969544549426296e-01
3.708333333333332860e+01,-4.259094348865714030e-01
3.710416666666666430e+01,2.385603878443928738e-01
3.712500000000000000e+01,2.138892084881541256e-01
3.714583333333332860e+01,-3.243863704146309201e-01
3.716666666666666430e+01,-1.506494765910893485e-01
3.718750000000000000e+01,4.992151971491682327e-01
3.720833333333332860e+01,3.890188597870759546e-01
3.722916666666666430e+01,-2.719840408558083511e-01
3.725000000000000000e+01,-1.331658318131002383e-01
3.727083333333332860e+01,5.166183423542314301e-01
3.729166666666666430e+01,3.863051475627584663e-01
3.731250000000000000e+01,-2.695580744907175585e-01
3.733333333333332860e+01,-1.134449369757059706e-01
3.735416666666666430e+01,5.498702755702261635e-01
3.737500000000000000e+01,4.204757902161341820e-01
3.739583333333332860e+01,-2.056818674354661258e-01
3.741666666666666430e+01,-2.822205904671090670e-02
3.743750000000000000e+01,4.175132195561702675e-01
3.745833333333332860e+01,1.440475271455620709e-01
3.747916666666666430e+01,-4.673683957518878218e-01
3.750000000000000000e+01,-2.896567622316121859e-01
3.752083333333332860e+01,4.008898915576640798e-01
3.754166666666666430e+01,2.998432391867409397e-01
3.756250000000000000e+01,-3.139806941258995177e-01
3.758333333333332860e+01,-1.478133490237040493e-01
3.760416666666666430e+01,3.015102758562692165e-01
3.762500000000000000e+01,3.873191226262118203e-02
3.764583333333332860e+01,-5.837435834845554616e-01
3.766666666666666430e+01,-4.212322383343682919e-01
3.768750000000000000e+01,2.718409228098966901e-01
3.770833333333332860e+01,1.767693424331283902e-01
3.772916666666666430e+01,-4.368973141260217852e-01
3.775000000000000000e+01,-2.689397778104670733e-01
3.777083333333332860e+01,4.204507705267849227e-01
3.779166666666666430e+01,3.183142102361225523e-01
3.781250000000000000e+01,-2.942989780477745509e-01
3.783333333333332860e+01,-1.238830349419406396e-01
3.785416666666666430e+01,3.870442833613759737e-01
3.787500000000000000e+01,1.661244241419871648e-01
3.789583333333332860e+01,-4.464772092345552501e-01
3.791666666666666430e+01,-2.732003065865765690e-01
3.793750000000000000e+01,4.178740712327458917e-01
3.795833333333332860e+01,3.172726670743303834e-01
3.797916666666666430e+01,-2.961517995854387464e-01
3.800000000000000000e+01,-1.265482879865621191e-01
3.802083333333332860e+01,3.008643155982164141e-01
3.804166666666666430e+01,2.775277973137094123e-02
3.806250000000000000e+01,-5.808762927540935816e-01
3.808333333333332860e+01,-4.103785910190655417e-01
3.810416666666666430e+01,2.817645614617070304e-01
3.812500000000000000e+01,1.866829969970565661e-01
3.814583333333332860e+01,-4.275366866871888050e-01
3.816666666666666430e+01,-2.625168568852142004e-01
3.818750000000000000e+01,4.301443579793737815e-01
3.820833333333332860e+01,3.372173431575306024e-01
3.822916666666666430e+01,-2.777474162849553618e-01
3.825000000000000000e+01,-1.156216486487566530e-01
3.827083333333332860e+01,5.773526412470684210e-01
3.829166666666666430e+01,4.869890266586111016e-01
3.831250000000000000e+01,-1.288158915345664068e-01
3.833333333333332860e+01,-1.999190050722326750e-01
3.835416666666666430e+01,3.345226243919595110e-01
3.837500000000000000e+01,2.443727982451076586e-01
3.839583333333332860e+01,-3.718422800205964385e-01
3.841666666666666430e+01,-2.172793294599281166e-01
3.843750000000000000e+01,4.084962323930447226e-01
3.845833333333332860e+01,2.651645406400109928e-01
3.847916666666666430e+01,-3.621163043279505001e-01
3.850000000000000000e+01,-2.160556601274065680e-01
3.852083333333332860e+01,2.394510460241541794e-01
3.854166666666666430e+01,-4.545078204627239771e-03
3.856250000000000000e+01,-6.191258958168596171e-01
3.858333333333332860e+01,-4.553969824375893038e-01
3.860416666666666430e+01,2.378712174650562672e-01
3.862500000000000000e+01,1.452951174631507969e-01
3.864583333333332860e+01,-4.692340720232061058e-01
3.866666666666666430e+01,-3.050928628600981241e-01
3.868750000000000000e+01,3.877307506165262319e-01
3.870833333333332860e+01,2.943189462449897764e-01
3.872916666666666430e+01,-3.203322699533942552e-01
3.875000000000000000e+01,-1.563997475346781130e-01
3.877083333333332860e+01,5.358861987909696589e-01
3.879166666666666430e+01,4.411812758972384341e-01
3.881250000000000000e+01,-1.742626832844396123e-01
3.883333333333332860e+01,-7.628298824181667381e-02
3.885416666666666430e+01,2.937687129632013949e-01
3.887500000000000000e+01,1.422625139782612846e-02
3.889583333333332860e+01,-4.469947486595157171e-01
3.891666666666666430e+01,-1.789796783202117769e-01
3.893750000000000000e+01,5.125465990627398050e-01
3.895833333333332860e+01,4.150389276543718919e-01
3.897916666666666430e+01,-1.988460652618793401e-01
3.900000000000000000e+01,-2.140168889604722180e-01
3.902083333333332860e+01,2.669057198241648887e-01
3.904166666666666430e+01,1.091580452012176072e-01
3.906250000000000000e+01,-5.038852622315821428e-01
3.908333333333332860e+01,-3.319719057463365042e-01
3.910416666666666430e+01,3.592439947267462852e-01
3.912500000000000000e+01,2.577971125170542832e-01
3.914583333333332860e+01,-3.550553841862935656e-01
3.916666666666666430e+01,-1.817912498169265700e-01
3.918750000000000000e+01,4.013632126553220436e-01
3.920833333333332860e+01,2.267633087005593850e-01
3.922916666666666430e+01,-3.857621783734830334e-01
3.925000000000000000e+01,-2.115951834037733958e-01
3.927083333333332860e+01,4.027395673141601629e-01
3.929166666666666430e+01,2.478223872535478822e-01
3.931250000000000000e+01,-3.643126575151258706e-01
3.933333333333332860e+01,-1.876461417639609108e-01
3.935416666666666430e+01,2.916663769932332229e-01
3.937500000000000000e+01,4.498522856478445742e-02
3.939583333333332860e+01,-5.664905053805785462e-01
3.941666666666666430e+01,-4.006858047473406681e-01
3.943750000000000000e+01,2.805871247414973846e-01
3.945833333333332860e+01,1.765462442125597664e-01
3.947916666666666430e+01,-4.389788056636345082e-01
3.950000000000000000e+01,-2.748104456386138983e-01
3.952083333333332860e+01,4.187449001760663592e-01
3.954166666666666430e+01,3.166336141797901904e-01
3.956250000000000000e+01,-3.106961286313893456e-01
3.958333333333332860e+01,-1.574906786241327128e-01
3.960416666666666430e+01,5.324861233751269074e-01
3.962500000000000000e+01,4.416691038387065005e-01
3.964583333333332860e+01,-1.734878010876629850e-01
3.966666666666666430e+01,-7.444052472390985664e-02
3.968750000000000000e+01,2.897527785578605797e-01
3.970833333333332860e+01,5.500613348813215842e-03
3.972916666666666430e+01,-4.376894822889633163e-01
3.975000000000000000e+01,-1.562515648812627667e-01
3.977083333333332860e+01,5.232851746740494470e-01
3.979166666666666430e+01,4.156426886911674945e-01
3.981250000000000000e+01,-1.976013615398075352e-01
3.983333333333332860e+01,-2.557298569859791648e-01
3.985416666666666430e+01,2.652921800587659806e-01
3.987500000000000000e+01,1.545995962868891849e-01
3.989583333333332860e+01,-4.588757164935985400e-01
3.991666666666666430e+01,-2.911792469822006013e-01
3.993750000000000000e+01,4.013058343827277108e-01
3.995833333333332860e+01,3.086026977315490805e-01
3.997916666666666430e+01,-3.065878464614825161e-01
4.000000000000000000e+01,-2.005156369399791749e-01
4.002083333333332860e+01,2.016074266687060690e-01
4.004166666666666430e+01,-6.300866501681266774e-02
4.006250000000000000e+01,-5.698459757408123050e-01
4.008333333333332860e+01,-3.349234270307268058e-01
4.010416666666666430e+01,3.588793374854683527e-01
4.012500000000000000e+01,2.673033090455753102e-01
4.014583333333332860e+01,-3.471503566219706349e-01
4.016666666666666430e+01,-1.800023438203826598e-01
4.018750000000000000e+01,5.067898154937902078e-01
4.020833333333332860e+01,4.026304869811045961e-01
4.022916666666666430e+01,-2.100703306148529736e-01
4.025000000000000000e+01,-2.223552666814325451e-01
4.027083333333332860e+01,2.712825670383424148e-01
4.029166666666666430e+01,1.221588984856424587e-01
4.031250000000000000e+01,-4.912646209624744187e-01
4.033333333333332860e+01,-3.248129237244827827e-01
4.035416666666666430e+01,3.682793816458801439e-01
4.037500000000000000e+01,2.609737704166074646e-01
4.039583333333332860e+01,-3.669618335039614432e-01
4.041666666666666430e+01,-2.211102056553518880e-01
4.043750000000000000e+01,4.595405902927021669e-01
4.045833333333332860e+01,3.519957388460513981e-01
4.047916666666666430e+01,-2.740036176908086096e-01
4.050000000000000000e+01,-1.187694341865460912e-01
4.052083333333332860e+01,2.577694246705409253e-01
4.054166666666666430e+01,-4.383064591165032609e-02
4.056250000000000000e+01,-4.556645675214658908e-01
4.058333333333332860e+01,-1.539823647921814698e-01
4.060416666666666430e+01,4.576201742866552458e-01
4.062500000000000000e+01,3.073743837609316243e-01
4.064583333333332860e+01,-3.065621960603843732e-01
4.066666666666666430e+01,-1.384935449964587728e-01
4.068750000000000000e+01,3.208126124204846996e-01
4.070833333333332860e+01,6.824060898202238823e-02
4.072916666666666430e+01,-5.450709910596813756e-01
4.075000000000000000e+01,-3.747141666778117663e-01
4.077083333333332860e+01,3.168987584390307588e-01
4.079166666666666430e+01,2.168582208878501727e-01
4.081250000000000000e+01,-3.961827052616065936e-01
4.083333333333332860e+01,-2.242537732840243492e-01
4.085416666666666430e+01,4.664818098771555954e-01
4.087500000000000000e+01,3.643204840189369076e-01
4.089583333333332860e+01,-2.485575445447034126e-01
4.091666666666666430e+01,-7.493095166792619610e-02
4.093750000000000000e+01,4.094108818467534494e-01
4.095833333333332860e+01,1.685235514414464841e-01
4.097916666666666430e+01,-4.437808878519890476e-01
4.100000000000000000e+01,-2.808802442549083178e-01
4.102083333333332860e+01,4.011051810590282596e-01
4.104166666666666430e+01,3.006589375426416133e-01
4.106250000000000000e+01,-3.150344326794978778e-01
4.108333333333332860e+01,-1.540663091628585724e-01
4.110416666666666430e+01,4.825709695816197686e-01
4.112500000000000000e+01,3.395146172914730309e-01
4.114583333333332860e+01,-2.922928769145627936e-01
4.116666666666666430e+01,-1.644494347322490169e-01
4.118750000000000000e+01,2.719699124793502065e-01
4.120833333333332860e+01,-1.473411233543175936e-02
4.122916666666666430e+01,-6.209500476420870552e-01
4.125000000000000000e+01,-4.750714561848500272e-01
4.127083333333332860e+01,1.846508089089313187e-01
4.129166666666666430e+01,4.621093335155185278e-02
4.131250000000000000e+01,-3.498952436823298817e-01
4.133333333333332860e+01,-5.739963572040018835e-02
4.135416666666666430e+01,5.347013698031410911e-01
4.137500000000000000e+01,3.456305815684964644e-01
4.139583333333332860e+01,-3.090023029946764588e-01
4.141666666666666430e+01,-1.856082647453646262e-01
4.143750000000000000e+01,4.719631411831264334e-01
4.145833333333332860e+01,3.293071200193207204e-01
4.147916666666666430e+01,-3.181451603869301925e-01
4.150000000000000000e+01,-1.994928809405264181e-01
4.152083333333332860e+01,4.520139881649047897e-01
4.154166666666666430e+01,3.161113146906313620e-01
4.156250000000000000e+01,-3.312118345155822818e-01
4.158333333333332860e+01,-2.154524519056839893e-01
4.160416666666666430e+01,4.295387527144591822e-01
4.162500000000000000e+01,2.847751964985359985e-01
4.164583333333332860e+01,-3.633902204026941973e-01
4.166666666666666430e+01,-2.451199199854346422e-01
4.168750000000000000e+01,3.276730241463874371e-01
4.170833333333332860e+01,1.351753218770760934e-01
4.172916666666666430e+01,-5.108519038146449587e-01
4.175000000000000000e+01,-3.896755297568551546e-01
4.177083333333332860e+01,2.695549155435882915e-01
4.179166666666666430e+01,1.300495953806653227e-01
4.181250000000000000e+01,-5.170352412550894838e-01
4.183333333333332860e+01,-3.939768520691171449e-01
4.185416666666666430e+01,2.647948876950259600e-01
4.187500000000000000e+01,1.266675342633234447e-01
4.189583333333332860e+01,-5.179940569508174608e-01
4.191666666666666430e+01,-3.931988052438130099e-01
4.193750000000000000e+01,2.652177685600825563e-01
4.195833333333332860e+01,1.524842868109582694e-01
4.197916666666666430e+01,-1.706201041873807167e-01
4.200000000000000000e+01,1.567335755065202840e-01
4.202083333333332860e+01,4.324591457706888908e-01
4.204166666666666430e+01,3.384946238713903988e-02
4.206250000000000000e+01,-1.138939528820503977e-02
4.208333333333332860e+01,4.718644018864612266e-01
4.210416666666666430e+01,3.138585221498614297e-01
4.212500000000000000e+01,-3.441364705246429123e-01
4.214583333333332860e+01,-1.938923731980073950e-01
4.216666666666666430e+01,4.600137989436198227e-01
4.218750000000000000e+01,3.330661174662324919e-01
4.220833333333332860e+01,-3.348198825802461975e-01
4.222916666666666430e+01,-1.970512602257933343e-01
4.225000000000000000e+01,4.513709567549386570e-01
4.227083333333332860e+01,3.249626393215859776e-01
4.229166666666666430e+01,-3.410750024304585182e-01
4.231250000000000000e+01,-2.231069078229021008e-01
4.233333333333332860e+01,4.104972639321303185e-01
4.235416666666666430e+01,2.569225475731929942e-01
4.237500000000000000e+01,-4.213514493669305305e-01
4.239583333333332860e+01,-3.295138928696109692e-01
4.241666666666666430e+01,2.841338091377748620e-01
4.243750000000000000e+01,1.156681663294285844e-01
4.245833333333332860e+01,-5.630332647170550597e-01
4.247916666666666430e+01,-4.710691554157381833e-01
4.250000000000000000e+01,1.379774134521580820e-01
4.252083333333332860e+01,-2.992641510612985278e-02
4.254166666666666430e+01,-3.414084324096705036e-01
4.256250000000000000e+01,-4.657000016288853628e-03
4.258333333333332860e+01,3.142600126194501353e-01
4.260416666666666430e+01,-5.099586034012028313e-02
4.262500000000000000e+01,-1.707568388249297575e-01
4.264583333333332860e+01,3.001222627944594712e-01
4.266666666666666430e+01,1.321658798724003603e-01
4.268750000000000000e+01,-4.823006368999398497e-01
4.270833333333332860e+01,-3.298726882041849162e-01
4.272916666666666430e+01,2.827087650175404421e-01
4.275000000000000000e+01,1.150232147518093773e-01
4.277083333333332860e+01,-1.726541677806241737e-01
4.279166666666666430e+01,1.957784813731301143e-01
4.281250000000000000e+01,2.825917062766308829e-01
4.283333333333332860e+01,-2.413197729896321420e-01
4.285416666666666430e+01,-1.481447912557464219e-01
4.287500000000000000e+01,4.765304536518388812e-01
4.289583333333332860e+01,3.044413429924530679e-01
4.291666666666666430e+01,-3.728959919230441233e-01
4.293750000000000000e+01,-2.647561441108656766e-01
4.295833333333332860e+01,3.732871694236332138e-01
4.297916666666666430e+01,2.145279619018655159e-01
4.300000000000000000e+01,-3.346958548436960723e-01
4.302083333333332860e+01,-1.472196479769811162e-01
4.304166666666666430e+01,5.050509972166306039e-01
4.306250000000000000e+01,3.712089767075059665e-01
4.308333333333332860e+01,-2.667977529777430523e-01
4.310416666666666430e+01,-1.420907721608784258e-01
4.312500000000000000e+01,5.148354540487343201e-01
4.314583333333332860e+01,3.790746676483253697e-01
4.316666666666666430e+01,-2.576113634878591796e-01
4.318750000000000000e+01,-1.339829740423998661e-01
4.320833333333332860e+01,3.662182237531941276e-01
4.322916666666666430e+01,1.281403418051145215e-01
4.325000000000000000e+01,-5.103936711069180232e-01
4.327083333333332860e+01,-3.855996081062463832e-01
4.329166666666666430e+01,2.754697221539343932e-01
4.331250000000000000e+01,1.529369587639258510e-01
4.333333333333332860e+01,-4.837461047264264291e-01
4.335416666666666430e+01,-3.579081555612708687e-01
4.337500000000000000e+01,3.038863253225998484e-01
4.339583333333332860e+01,1.674120504550148381e-01
4.341666666666666430e+01,-4.750582925458709527e-01
4.343750000000000000e+01,-3.496789194997531602e-01
4.345833333333332860e+01,3.122512432381161496e-01
4.347916666666666430e+01,1.759383384519014881e-01
4.350000000000000000e+01,-4.712365522289828079e-01
4.352083333333332860e+01,-3.445078570042797161e-01
4.354166666666666430e+01,3.116351379757854589e-01
4.356250000000000000e+01,1.642653521731557986e-01
4.358333333333332860e+01,-3.169255201456341320e-01
4.360416666666666430e+01,-7.700152512310007302e-02
4.362500000000000000e+01,5.891571155246606573e-01
4.364583333333332860e+01,4.511980170257401390e-01
4.366666666666666430e+01,-1.961983021114326320e-01
4.368750000000000000e+01,-7.049578468552487875e-02
4.370833333333332860e+01,5.252672753347807921e-01
4.372916666666666430e+01,3.558668028710531561e-01
4.375000000000000000e+01,-2.818887349541552845e-01
4.377083333333332860e+01,-1.565779566734967765e-01
4.379166666666666430e+01,3.757981843967015401e-01
4.381250000000000000e+01,1.562209750795938157e-01
4.383333333333332860e+01,-4.786839474229288571e-01
4.385416666666666430e+01,-3.552205821447708689e-01
4.387500000000000000e+01,2.945896844506725731e-01
4.389583333333332860e+01,1.605380899163068587e-01
4.391666666666666430e+01,-4.704308364894485561e-01
4.393750000000000000e+01,-3.472427843375702206e-01
4.395833333333332860e+01,3.036957026704493745e-01
4.397916666666666430e+01,1.687580033628196252e-01
4.400000000000000000e+01,-4.686409836584531363e-01
4.402083333333332860e+01,-3.437393236767272153e-01
4.404166666666666430e+01,3.185572922404606433e-01
4.406250000000000000e+01,2.031429113850737322e-01
4.408333333333332860e+01,-4.305502316789919792e-01
4.410416666666666430e+01,-2.832678066220877811e-01
4.412500000000000000e+01,3.955013154731938929e-01
4.414583333333332860e+01,3.026409373800394986e-01
4.416666666666666430e+01,-3.231768940201413809e-01
4.418750000000000000e+01,-1.581352348782247563e-01
4.420833333333332860e+01,5.310535538314025139e-01
4.422916666666666430e+01,4.380950744934486440e-01
4.425000000000000000e+01,-1.849548772259369533e-01
4.427083333333332860e+01,-2.499303999058914705e-02
4.429166666666666430e+01,2.641109009772052985e-01
4.431250000000000000e+01,-9.720429620486656375e-02
4.433333333333332860e+01,-2.537967936969712790e-01
4.435416666666666430e+01,2.277629579896090495e-01
4.437500000000000000e+01,1.330042300807907085e-01
4.439583333333332860e+01,-4.805012147660447930e-01
4.441666666666666430e+01,-3.094552096445493117e-01
4.443750000000000000e+01,3.812040586258759189e-01
4.445833333333332860e+01,2.766007011064611221e-01
4.447916666666666430e+01,-3.358990455296684274e-01
4.450000000000000000e+01,-1.727425197696968728e-01
4.452083333333332860e+01,4.998527898664240077e-01
4.454166666666666430e+01,3.796990810680434536e-01
4.456250000000000000e+01,-2.420405326492042486e-01
4.458333333333332860e+01,-1.883392146452981808e-01
4.460416666666666430e+01,2.185322076103350386e-01
4.462500000000000000e+01,-1.925223156280600478e-02
4.464583333333332860e+01,-5.829084957367277608e-01
4.466666666666666430e+01,-3.798509919075976349e-01
4.468750000000000000e+01,3.092601173215310251e-01
4.470833333333332860e+01,2.082272527680257834e-01
4.472916666666666430e+01,-4.047258896509163262e-01
4.475000000000000000e+01,-2.341395199846499076e-01
4.477083333333332860e+01,4.572689643116255032e-01
4.479166666666666430e+01,3.593328495904481445e-01
4.481250000000000000e+01,-2.545336589724752629e-01
4.483333333333332860e+01,-8.774628000728713906e-02
4.485416666666666430e+01,3.338707813521556433e-01
4.487500000000000000e+01,5.952693413124031385e-02
4.489583333333332860e+01,-5.499785550983533611e-01
4.491666666666666430e+01,-3.824876643500576545e-01
4.493750000000000000e+01,3.104591073091025333e-01
4.495833333333332860e+01,2.185563922297042161e-01
4.497916666666666430e+01,-3.962558175292952845e-01
4.500000000000000000e+01,-2.346448256222732620e-01
4.502083333333332860e+01,4.585535752185826430e-01
4.504166666666666430e+01,3.689975229094597520e-01
4.506250000000000000e+01,-2.466102578927717726e-01
4.508333333333332860e+01,-8.807021342723485302e-02
4.510416666666666430e+01,5.545811158879163649e-01
4.512500000000000000e+01,4.339305355048951318e-01
4.514583333333332860e+01,-1.823963676492739439e-01
4.516666666666666430e+01,-1.831176071263270755e-01
4.518750000000000000e+01,2.923968856453640908e-01
4.520833333333332860e+01,1.222815101368594504e-01
4.522916666666666430e+01,-5.010680450311424394e-01
4.525000000000000000e+01,-3.422979401314120707e-01
4.527083333333332860e+01,3.509350115035202444e-01
4.529166666666666430e+01,2.561806351520782288e-01
4.531250000000000000e+01,-3.573232417690470619e-01
4.533333333333332860e+01,-1.952513484382302766e-01
4.535416666666666430e+01,3.859736352136518001e-01
4.537500000000000000e+01,2.154490469344683412e-01
4.539583333333332860e+01,-3.974543035571769800e-01
4.541666666666666430e+01,-2.257950577934786651e-01
4.543750000000000000e+01,3.892211792546270699e-01
4.545833333333332860e+01,2.398125729460650057e-01
4.547916666666666430e+01,-3.739168696395356872e-01
4.550000000000000000e+01,-2.063376125735917055e-01
4.552083333333332860e+01,2.873375535471274222e-01
4.554166666666666430e+01,6.051284265389017536e-02
4.556250000000000000e+01,-5.537310656450412649e-01
4.558333333333332860e+01,-3.892799437542918684e-01
4.560416666666666430e+01,3.038628438958860256e-01
4.562500000000000000e+01,2.122847375529900438e-01
4.564583333333332860e+01,-4.027625015919497065e-01
4.566666666666666430e+01,-2.420606370373025451e-01
4.568750000000000000e+01,4.513325791109723539e-01
4.570833333333332860e+01,3.559641229452256139e-01
4.572916666666666430e+01,-2.643068122510308093e-01
4.575000000000000000e+01,-1.030813182800323496e-01
4.577083333333332860e+01,3.702203888466127912e-01
4.579166666666666430e+01,1.295359868109374757e-01
4.581250000000000000e+01,-4.842246254434210417e-01
4.583333333333332860e+01,-3.147654579509143735e-01
4.585416666666666430e+01,3.758004033690810486e-01
4.587500000000000000e+01,2.723952638596229270e-01
4.589583333333332860e+01,-3.396493851684936338e-01
4.591666666666666430e+01,-1.685854199401308762e-01
4.593750000000000000e+01,5.156350803378610959e-01
4.595833333333332860e+01,4.080424937409075636e-01
4.597916666666666430e+01,-2.041493579235140743e-01
4.600000000000000000e+01,-1.369329620185431584e-01
4.602083333333332860e+01,2.441783870234723597e-01
4.604166666666666430e+01,-1.591570130035538377e-02
4.606250000000000000e+01,-4.904288786952002988e-01
4.608333333333332860e+01,-2.267272196813571450e-01
4.610416666666666430e+01,4.647385376952692382e-01
4.612500000000000000e+01,3.659506767524877136e-01
4.614583333333332860e+01,-2.479849927725433778e-01
4.616666666666666430e+01,-1.323127260823427631e-01
4.618750000000000000e+01,2.262071508576561363e-01
4.620833333333332860e+01,-6.771179570990937258e-02
4.622916666666666430e+01,-4.367395836462616421e-01
4.625000000000000000e+01,-1.089010309802898452e-01
4.627083333333332860e+01,3.437791016697912538e-01
4.629166666666666430e+01,9.061799766357528374e-02
4.631250000000000000e+01,-5.237650680775903789e-01
4.633333333333332860e+01,-3.589777924012523824e-01
4.635416666666666430e+01,3.337171233420395122e-01
4.637500000000000000e+01,2.398899703868133393e-01
4.639583333333332860e+01,-3.745717547353766830e-01
4.641666666666666430e+01,-2.099368967592291080e-01
4.643750000000000000e+01,4.824585035958731116e-01
4.645833333333332860e+01,3.884450432184409774e-01
4.647916666666666430e+01,-2.262780138428127641e-01
4.650000000000000000e+01,-6.206759025141103669e-02
4.652083333333332860e+01,4.182577886007787793e-01
4.654166666666666430e+01,1.834919068699202294e-01
4.656250000000000000e+01,-4.310163585170262990e-01
4.658333333333332860e+01,-2.666805413244927037e-01
4.660416666666666430e+01,4.256115616633726617e-01
4.662500000000000000e+01,3.316383593977287880e-01
4.664583333333332860e+01,-2.829254996645963471e-01
4.666666666666666430e+01,-1.181300301112484519e-01
4.668750000000000000e+01,3.434313230278974172e-01
4.670833333333332860e+01,9.561652523320204877e-02
4.672916666666666430e+01,-5.185785872130994623e-01
4.675000000000000000e+01,-3.528804914816299210e-01
4.677083333333332860e+01,3.394418228177206731e-01
4.679166666666666430e+01,2.442289100999199269e-01
4.681250000000000000e+01,-3.699049874890494305e-01
4.683333333333332860e+01,-2.032333406871431603e-01
4.685416666666666430e+01,4.888262276118853222e-01
4.687500000000000000e+01,3.925985781200720948e-01
4.689583333333332860e+01,-2.216139248314542287e-01
4.691666666666666430e+01,-1.857140263076474951e-01
4.693750000000000000e+01,2.516909590151156229e-01
4.695833333333332860e+01,4.431270468748549352e-02
4.697916666666666430e+01,-5.694331915633226160e-01
4.700000000000000000e+01,-4.017620827737981015e-01
4.702083333333332860e+01,2.905693307623911092e-01
4.704166666666666430e+01,1.942838203469683944e-01
4.706250000000000000e+01,-4.196034191319404916e-01
4.708333333333332860e+01,-2.522181985957683281e-01
4.710416666666666430e+01,4.398409508958854852e-01
4.712500000000000000e+01,3.434434537457434766e-01
4.714583333333332860e+01,-2.707234338358617265e-01
4.716666666666666430e+01,-1.042803757638446627e-01
4.718750000000000000e+01,4.791055117407950759e-01
4.720833333333332860e+01,3.110379237398915864e-01
4.722916666666666430e+01,-3.031838129138946236e-01
4.725000000000000000e+01,-1.366787153496413221e-01
4.727083333333332860e+01,3.698017532945934716e-01
4.729166666666666430e+01,1.506034835476204314e-01
4.731250000000000000e+01,-4.634176113684872478e-01
4.733333333333332860e+01,-2.968657065357334646e-01
4.735416666666666430e+01,3.950069962899936393e-01
4.737500000000000000e+01,2.989168193986250222e-01
4.739583333333332860e+01,-3.151458764187567985e-01
4.741666666666666430e+01,-1.480559574942082457e-01
4.743750000000000000e+01,2.935424518357385715e-01
4.745833333333332860e+01,3.051543752114571628e-02
4.747916666666666430e+01,-5.831259625322903206e-01
4.750000000000000000e+01,-4.150239966874844644e-01
4.752083333333332860e+01,2.768847510134860856e-01
4.754166666666666430e+01,1.793291618336561866e-01
4.756250000000000000e+01,-4.342029471781381211e-01
4.758333333333332860e+01,-2.649205698685734856e-01
4.760416666666666430e+01,4.267210498668437268e-01
4.762500000000000000e+01,3.279471225781849242e-01
4.764583333333332860e+01,-2.856429029925195984e-01
4.766666666666666430e+01,-1.161233323391099026e-01
4.768750000000000000e+01,5.749229355438141287e-01
4.770833333333332860e+01,4.753933251995524079e-01
4.772916666666666430e+01,-1.383282527974132592e-01
4.775000000000000000e+01,-1.895702519126006291e-01
4.777083333333332860e+01,3.068352975800499594e-01
4.779166666666666430e+01,1.764985670491876213e-01
4.781250000000000000e+01,-4.369863553271074452e-01
4.783333333333332860e+01,-2.677025997776535382e-01
4.785416666666666430e+01,4.240720292320651064e-01
4.787500000000000000e+01,3.266063569824594337e-01
4.789583333333332860e+01,-2.873470601898884258e-01
4.791666666666666430e+01,-1.630552148259721557e-01
4.793750000000000000e+01,1.883383571050011307e-01
4.795833333333332860e+01,-1.149648311367093695e-01
4.797916666666666430e+01,-4.418407270989060942e-01
4.800000000000000000e+01,-8.487679946082371529e-02
4.802083333333332860e+01,2.175501488536335515e-01
4.804166666666666430e+01,-1.380414486478185321e-01
4.806250000000000000e+01,-2.471557233293668610e-01
4.808333333333332860e+01,2.487561507531231841e-01
4.810416666666666430e+01,1.497358417232511063e-01
4.812500000000000000e+01,-4.692111411847730285e-01
4.814583333333332860e+01,-2.990215594166654722e-01
4.816666666666666430e+01,3.863198300913797123e-01
4.818750000000000000e+01,2.922585812024843799e-01
4.820833333333332860e+01,-3.254438090447057674e-01
4.822916666666666430e+01,-1.549899242500313301e-01
4.825000000000000000e+01,5.195719379089400736e-01
4.827083333333332860e+01,4.154243505892429855e-01
4.829166666666666430e+01,-2.032595040712665835e-01
4.831250000000000000e+01,-1.288501708443410554e-01
4.833333333333332860e+01,2.540102985959888926e-01
4.835416666666666430e+01,5.577084297298640081e-03
4.837500000000000000e+01,-5.068659269292563607e-01
4.839583333333332860e+01,-2.747472471832868024e-01
4.841666666666666430e+01,4.033096407404170858e-01
4.843750000000000000e+01,3.125128397425550042e-01
4.845833333333332860e+01,-2.973241376154709403e-01
4.847916666666666430e+01,-1.286617645101532093e-01
4.850000000000000000e+01,3.836705957940796941e-01
4.852083333333332860e+01,1.764625162189401020e-01
4.854166666666666430e+01,-4.438082138168044644e-01
4.856250000000000000e+01,-2.879534221387208826e-01
4.858333333333332860e+01,3.981796120693705809e-01
4.860416666666666430e+01,3.047870090853947445e-01
4.862500000000000000e+01,-3.185822538980186414e-01
4.864583333333332860e+01,-1.474931394985910804e-01
4.866666666666666430e+01,3.637850560827041724e-01
4.868750000000000000e+01,1.486873447761109523e-01
4.870833333333332860e+01,-4.756411894665765194e-01
4.872916666666666430e+01,-3.102283549969497289e-01
4.875000000000000000e+01,3.715854730820905560e-01
4.877083333333332860e+01,2.701203302886860946e-01
4.879166666666666430e+01,-3.508282712392377656e-01
4.881250000000000000e+01,-1.810181771170482068e-01
4.883333333333332860e+01,4.435411963659062207e-01
4.885416666666666430e+01,3.125617776148801319e-01
4.887500000000000000e+01,-2.965875817795086689e-01
4.889583333333332860e+01,-1.287651062729555651e-01
4.891666666666666430e+01,2.046461045427667436e-01
4.893750000000000000e+01,-1.141778883682366685e-01
4.895833333333332860e+01,-3.719954765994915591e-01
4.897916666666666430e+01,2.758294181265053685e-02
4.900000000000000000e+01,5.311719247067733796e-02
4.902083333333332860e+01,-4.115230273273029482e-01
4.904166666666666430e+01,-1.959993939069633040e-01
4.906250000000000000e+01,4.944356616227075230e-01
4.908333333333332860e+01,3.913576511505583166e-01
4.910416666666666430e+01,-2.216130039065605795e-01
4.912500000000000000e+01,-4.973641285962041025e-02
4.914583333333332860e+01,2.536091696824307462e-01
4.916666666666666430e+01,-1.039690871906909092e-01
4.918750000000000000e+01,-2.447900343125482547e-01
4.920833333333332860e+01,2.398146284110972692e-01
4.922916666666666430e+01,1.473397619393250479e-01
4.925000000000000000e+01,-4.746365856454305421e-01
4.927083333333332860e+01,-3.085057646590706470e-01
4.929166666666666430e+01,3.682010182563291711e-01
4.931250000000000000e+01,2.646009372281913352e-01
4.933333333333332860e+01,-3.587284320542258875e-01
4.935416666666666430e+01,-1.924194119268598513e-01
4.937500000000000000e+01,4.916010090031969759e-01
4.939583333333332860e+01,4.002883776748451528e-01
4.941666666666666430e+01,-2.119751808983893204e-01
4.943750000000000000e+01,-4.418940516800952401e-02
4.945833333333332860e+01,2.376103455622647631e-01
4.947916666666666430e+01,-1.214550267287684698e-01
4.950000000000000000e+01,-2.385585206392964452e-01
4.952083333333332860e+01,2.640204768108137534e-01
4.954166666666666430e+01,1.542031847195512451e-01
