0.000000000000000000e+00,2.477962963575094935e-04
2.083333333333333218e-02,2.897540103105620060e-03
4.166666666666666435e-02,1.043721664163503940e-02
6.250000000000000000e-02,2.233017778108178572e-02
8.333333333333332871e-02,3.633244601297678372e-02
1.041666666666666574e-01,5.283298064687544371e-02
1.250000000000000000e-01,7.172268630428189906e-02
1.458333333333333148e-01,9.104988516050831204e-02
1.666666666666666574e-01,1.105589258847446549e-01
1.875000000000000000e-01,1.316317355362805197e-01
2.083333333333333148e-01,1.529411978639198255e-01
2.291666666666666574e-01,1.721723825532933405e-01
2.500000000000000000e-01,1.904511000652503450e-01
2.708333333333333148e-01,2.088829840276028860e-01
2.916666666666666297e-01,2.256847307650901580e-01
3.125000000000000000e-01,2.386301557781651816e-01
3.333333333333333148e-01,2.489585670758722447e-01
3.541666666666666297e-01,2.590769109793662484e-01
3.750000000000000000e-01,2.677916637848408721e-01
3.958333333333333148e-01,2.727176416904368850e-01
4.166666666666666297e-01,2.751029813061902640e-01
4.375000000000000000e-01,2.772053262415527519e-01
4.583333333333333148e-01,2.779333826249061890e-01
4.791666666666666297e-01,2.765513004910082895e-01
5.000000000000000000e-01,2.747705217744400574e-01
5.208333333333332593e-01,2.735682507023247112e-01
5.416666666666666297e-01,2.713487237131946839e-01
5.625000000000000000e-01,2.681418237477720123e-01
5.833333333333332593e-01,2.657351576289411765e-01
6.041666666666666297e-01,2.630616198068261857e-01
6.250000000000000000e-01,2.583474485557694655e-01
6.458333333333332593e-01,2.531430197380334923e-01
6.666666666666666297e-01,2.497948588345244580e-01
6.875000000000000000e-01,2.472250439523085708e-01
7.083333333333332593e-01,2.432012894281656845e-01
7.291666666666666297e-01,2.390341610227592339e-01
7.500000000000000000e-01,2.372191847557636735e-01
7.708333333333332593e-01,2.366010721217499391e-01
7.916666666666666297e-01,2.349530916489999399e-01
8.125000000000000000e-01,2.335072891917662763e-01
8.333333333333332593e-01,2.346866492998122278e-01
8.541666666666666297e-01,2.372054344950572657e-01
8.750000000000000000e-01,2.387368141511572173e-01
8.958333333333332593e-01,2.402282414224156670e-01
9.166666666666666297e-01,2.427336405903074701e-01
9.375000000000000000e-01,2.445579871739434752e-01
9.583333333333332593e-01,2.447181786628888078e-01
9.791666666666666297e-01,2.448091417896740285e-01
1.000000000000000000e+00,2.460392285535965284e-01
1.020833333333333259e+00,2.468177799062827582e-01
1.041666666666666519e+00,2.456597550945299191e-01
1.062500000000000000e+00,2.441603688596729604e-01
1.083333333333333259e+00,2.445872128150770874e-01
1.104166666666666519e+00,2.457713732376055615e-01
1.125000000000000000e+00,2.453774852992852695e-01
1.145833333333333259e+00,2.446971267158637442e-01
1.166666666666666519e+00,2.461009250677287097e-01
1.187500000000000000e+00,2.484667776231241076e-01
1.208333333333333259e+00,2.495463657984411388e-01
1.229166666666666519e+00,2.504720281394582360e-01
1.250000000000000000e+00,2.524003749645102324e-01
1.270833333333333259e+00,2.537388969608255218e-01
1.291666666666666519e+00,2.530343617837705339e-01
1.312500000000000000e+00,2.518871921657575008e-01
1.333333333333333259e+00,2.527395513046391540e-01
1.354166666666666519e+00,2.541844790504817486e-01
1.375000000000000000e+00,2.542976382106929001e-01
1.395833333333333259e+00,2.540597347141239082e-01
1.416666666666666519e+00,2.556143753431299737e-01
1.437500000000000000e+00,2.576757688215127184e-01
1.458333333333333259e+00,2.579509319742004925e-01
1.479166666666666519e+00,2.575489355094717769e-01
1.500000000000000000e+00,2.587749762201968506e-01
1.520833333333333259e+00,2.604163983992953679e-01
1.541666666666666519e+00,2.602439753332487227e-01
1.562500000000000000e+00,2.594898674968966201e-01
1.583333333333333259e+00,2.605529939901536918e-01
1.604166666666666519e+00,2.622928514736425076e-01
1.625000000000000000e+00,2.625064947070061550e-01
1.645833333333333259e+00,2.624623979194345980e-01
1.666666666666666519e+00,2.640100858492798186e-01
1.687500000000000000e+00,2.658077410578814082e-01
1.708333333333333259e+00,2.656489661369081934e-01
1.729166666666666519e+00,2.648520087820557256e-01
1.750000000000000000e+00,2.657909248527226542e-01
1.770833333333333259e+00,2.673486652974472744e-01
1.791666666666666519e+00,2.672326813744609897e-01
1.812500000000000000e+00,2.666821986147096535e-01
1.833333333333333259e+00,2.678635027602334073e-01
1.854166666666666519e+00,2.695150848183344716e-01
1.875000000000000000e+00,2.692625451560216598e-01
1.895833333333333259e+00,2.682643663307114901e-01
1.916666666666666519e+00,2.687099346039895087e-01
1.937500000000000000e+00,2.692399760662991803e-01
1.958333333333333259e+00,2.674632126675964283e-01
1.979166666666666519e+00,2.644854631837314507e-01
2.000000000000000000e+00,2.625212285682630986e-01
2.020833333333333037e+00,2.604176819546161759e-01
2.041666666666666519e+00,2.565817974398102441e-01
2.062500000000000000e+00,2.524835799634889688e-01
2.083333333333333037e+00,2.505009133574005453e-01
2.104166666666666519e+00,2.494266219593191947e-01
2.125000000000000000e+00,2.470651211583597129e-01
2.145833333333333037e+00,2.446818479725623441e-01
2.166666666666666519e+00,2.446383692820134903e-01
2.187500000000000000e+00,2.458298919824435658e-01
2.208333333333333037e+00,2.460419453145211155e-01
2.229166666666666519e+00,2.464495551949377472e-01
2.250000000000000000e+00,2.482817626365281527e-01
2.270833333333333037e+00,2.499186154265591320e-01
2.291666666666666519e+00,2.490954060305095863e-01
2.312500000000000000e+00,2.470820384816847237e-01
2.333333333333333037e+00,2.461282331042874139e-01
2.354166666666666519e+00,2.451429800147862381e-01
2.375000000000000000e+00,2.428403749310480975e-01
2.395833333333333037e+00,2.408301944289077401e-01
2.416666666666666519e+00,2.413061360917500564e-01
2.437500000000000000e+00,2.429136905793529977e-01
2.458333333333333037e+00,2.432664734101006032e-01
2.479166666666666519e+00,2.434439028879755440e-01
2.500000000000000000e+00,2.456555584906058576e-01
2.520833333333333037e+00,2.485531403774552117e-01
2.541666666666666519e+00,2.498085736958100544e-01
2.562500000000000000e+00,2.505131989108112522e-01
2.583333333333333037e+00,2.529898084032272676e-01
2.604166666666666519e+00,2.560201640139188051e-01
2.625000000000000000e+00,2.573664121732059940e-01
2.645833333333333037e+00,2.582716049696456850e-01
2.666666666666666519e+00,2.610608815646319192e-01
2.687500000000000000e+00,2.646016550464749817e-01
2.708333333333333037e+00,2.666874874689020847e-01
2.729166666666666519e+00,2.683202780109388286e-01
2.750000000000000000e+00,2.703744636699698667e-01
2.770833333333333037e+00,2.713427418404633085e-01
2.791666666666666519e+00,2.708878625204679813e-01
2.812500000000000000e+00,2.707104557145270651e-01
2.833333333333333037e+00,2.698659813010270137e-01
2.854166666666666519e+00,2.674658018457651831e-01
2.875000000000000000e+00,2.651553293992979787e-01
2.895833333333333037e+00,2.641008420101467746e-01
2.916666666666666519e+00,2.626115692432554050e-01
2.937500000000000000e+00,2.594555473771582021e-01
2.958333333333333037e+00,2.563120459152354313e-01
2.979166666666666519e+00,2.553716986907599296e-01
3.000000000000000000e+00,2.552512514044334435e-01
3.020833333333333037e+00,2.534991298503651569e-01
3.041666666666666519e+00,2.512732476346871691e-01
3.062500000000000000e+00,2.507694860548863036e-01
3.083333333333333037e+00,2.506333144481833752e-01
3.104166666666666519e+00,2.484440209562178425e-01
3.125000000000000000e+00,2.453718154623885372e-01
3.145833333333333037e+00,2.436425633222394638e-01
3.166666666666666519e+00,2.420808921394882185e-01
3.187500000000000000e+00,2.390941344627275644e-01
3.208333333333333037e+00,2.363546826772557063e-01
3.229166666666666519e+00,2.361661955896430798e-01
3.250000000000000000e+00,2.375111363370226158e-01
3.270833333333333037e+00,2.371658927658648885e-01
3.291666666666666519e+00,2.332179564349210754e-01
3.312500000000000000e+00,2.273294317031920864e-01
3.333333333333333037e+00,2.219840878196514544e-01
3.354166666666666519e+00,2.160437052653729206e-01
3.375000000000000000e+00,2.079128989774667313e-01
3.395833333333333037e+00,1.991846476850689940e-01
3.416666666666666519e+00,1.920874724539823608e-01
3.437500000000000000e+00,1.853453841597577922e-01
3.458333333333333037e+00,1.765608203100683671e-01
3.479166666666666519e+00,1.669266843141613554e-01
3.500000000000000000e+00,1.588361346314055289e-01
3.520833333333333037e+00,1.520679241049946173e-01
3.541666666666666519e+00,1.447895001210178223e-01
3.562500000000000000e+00,1.381738846773298557e-01
3.583333333333333037e+00,1.344196313276038168e-01
3.604166666666666519e+00,1.322234253329718223e-01
3.625000000000000000e+00,1.292011590287628631e-01
3.645833333333333037e+00,1.264608990036899805e-01
3.666666666666666519e+00,1.262362151468581495e-01
3.687500000000000000e+00,1.272716174281708634e-01
3.708333333333333037e+00,1.272803582850844939e-01
3.729166666666666519e+00,1.274009276031148052e-01
3.750000000000000000e+00,1.299639594163222167e-01
3.770833333333333037e+00,1.338091164006126321e-01
3.791666666666666519e+00,1.367298336587656760e-01
3.812500000000000000e+00,1.398855569209820349e-01
3.833333333333333037e+00,1.449480372331138633e-01
3.854166666666666519e+00,1.505555130605022440e-01
3.875000000000000000e+00,1.545474557928542825e-01
3.895833333333333037e+00,1.582025214937391178e-01
3.916666666666666519e+00,1.636590463229601611e-01
3.937500000000000000e+00,1.696893451559388366e-01
3.958333333333333037e+00,1.741493898236876892e-01
3.979166666666666519e+00,1.780984077184614989e-01
4.000000000000000000e+00,1.823472935530728312e-01
4.020833333333333037e+00,1.853234039398776178e-01
4.041666666666666075e+00,1.864244927173641930e-01
4.062500000000000000e+00,1.873332231268759751e-01
4.083333333333333037e+00,1.881825722232859655e-01
4.104166666666666075e+00,1.873274015918791890e-01
4.125000000000000000e+00,1.859773845799480296e-01
4.145833333333333037e+00,1.863423163862235055e-01
4.166666666666666075e+00,1.869945899456898208e-01
4.187500000000000000e+00,1.855017201772319324e-01
4.208333333333333037e+00,1.830573078511940344e-01
4.229166666666666075e+00,1.818463051850553458e-01
4.250000000000000000e+00,1.805027885770099927e-01
4.270833333333333037e+00,1.766559106190655482e-01
4.291666666666666075e+00,1.715768052898217766e-01
4.312500000000000000e+00,1.675756904522506530e-01
4.333333333333333037e+00,1.640450324849970776e-01
4.354166666666666075e+00,1.593710282212234541e-01
4.375000000000000000e+00,1.551661656620556551e-01
4.395833333333333037e+00,1.537278991797744743e-01
4.416666666666666075e+00,1.538693538136560734e-01
4.437500000000000000e+00,1.533765632833845594e-01
4.458333333333333037e+00,1.534188360162281328e-01
4.479166666666666075e+00,1.549790440235659095e-01
4.500000000000000000e+00,1.563150417455755892e-01
4.520833333333333037e+00,1.560617927133096383e-01
4.541666666666666075e+00,1.559289504997491416e-01
4.562500000000000000e+00,1.582971186691297105e-01
4.583333333333333037e+00,1.619263131772231967e-01
4.604166666666666075e+00,1.645273737721433538e-01
4.625000000000000000e+00,1.667096191603140987e-01
4.645833333333333037e+00,1.700135768040929585e-01
4.666666666666666075e+00,1.728570233349125407e-01
4.687500000000000000e+00,1.729295154479055519e-01
4.708333333333333037e+00,1.714172379748477582e-01
4.729166666666666075e+00,1.705313602995978395e-01
4.750000000000000000e+00,1.693752273049265733e-01
4.770833333333333037e+00,1.669040072574920208e-01
4.791666666666666075e+00,1.647751511237235678e-01
4.812500000000000000e+00,1.644367187098843275e-01
4.833333333333333037e+00,1.642345249296422172e-01
4.854166666666666075e+00,1.618107818706701895e-01
4.875000000000000000e+00,1.585420176451457219e-01
4.895833333333333037e+00,1.572598091919169272e-01
4.916666666666666075e+00,1.596376443427997283e-01
4.937500000000000000e+00,1.647888687079140380e-01
4.958333333333333037e+00,1.703310313990242519e-01
4.979166666666666075e+00,1.769559686488427763e-01
5.000000000000000000e+00,1.849540117312835630e-01
5.020833333333333037e+00,1.925668579027764171e-01
5.041666666666666075e+00,2.003369076204973287e-01
5.062500000000000000e+00,2.087188532231995519e-01
5.083333333333333037e+00,2.162818454745254471e-01
5.104166666666666075e+00,2.236121930556254356e-01
5.125000000000000000e+00,2.313117207191556779e-01
5.145833333333333037e+00,2.378545508491231864e-01
5.166666666666666075e+00,2.437227115034402980e-01
5.187500000000000000e+00,2.502524197101479442e-01
5.208333333333333037e+00,2.558823829528188432e-01
5.229166666666666075e+00,2.585489287301026562e-01
5.250000000000000000e+00,2.597233584493513492e-01
5.270833333333333037e+00,2.618082407995743210e-01
5.291666666666666075e+00,2.635658620692272747e-01
5.312500000000000000e+00,2.628039846800728219e-01
5.333333333333333037e+00,2.608116142410330518e-01
5.354166666666666075e+00,2.598340766218354414e-01
5.375000000000000000e+00,2.585160905944595688e-01
5.395833333333333037e+00,2.550805175466912544e-01
5.416666666666666075e+00,2.510322876948045123e-01
5.437500000000000000e+00,2.486306618844490168e-01
5.458333333333333037e+00,2.464886790887902690e-01
5.479166666666666075e+00,2.422358698503404295e-01
5.500000000000000000e+00,2.371204951125202576e-01
5.520833333333333037e+00,2.334498628721421165e-01
5.541666666666666075e+00,2.306564560053132040e-01
5.562500000000000000e+00,2.268653821913276247e-01
5.583333333333333037e+00,2.234347838415376708e-01
5.604166666666666075e+00,2.225907762041551552e-01
5.625000000000000000e+00,2.230978131880883841e-01
5.645833333333333037e+00,2.227181468102567841e-01
5.666666666666666075e+00,2.228890165453422667e-01
5.687500000000000000e+00,2.259733237077889978e-01
5.708333333333333037e+00,2.307501060672858262e-01
5.729166666666666075e+00,2.348387231343978254e-01
5.750000000000000000e+00,2.379269820684931924e-01
5.770833333333333037e+00,2.415946864233075864e-01
5.791666666666666075e+00,2.447026816506175650e-01
5.812500000000000000e+00,2.457352702224878949e-01
5.833333333333333037e+00,2.463411531330081949e-01
5.854166666666666075e+00,2.488683065968922137e-01
5.875000000000000000e+00,2.519840462954082705e-01
5.895833333333333037e+00,2.534489910786015265e-01
5.916666666666666075e+00,2.544835152315518823e-01
5.937500000000000000e+00,2.573408889779489339e-01
5.958333333333333037e+00,2.605581291957830836e-01
5.979166666666666075e+00,2.617812524017969489e-01
6.000000000000000000e+00,2.622219541098050333e-01
6.020833333333333037e+00,2.640141639465341528e-01
6.041666666666666075e+00,2.657556005825905121e-01
6.062500000000000000e+00,2.650471113882304497e-01
6.083333333333333037e+00,2.631730970518914026e-01
6.104166666666666075e+00,2.623269544882118054e-01
6.125000000000000000e+00,2.612216090820857484e-01
6.145833333333333037e+00,2.577587688091405038e-01
6.166666666666666075e+00,2.533315738945550177e-01
6.187500000000000000e+00,2.501634446770735765e-01
6.208333333333333037e+00,2.471447980737656869e-01
6.229166666666666075e+00,2.428518013076420845e-01
6.250000000000000000e+00,2.391205387949205396e-01
6.270833333333333037e+00,2.383393508858449306e-01
6.291666666666666075e+00,2.392809638116181192e-01
6.312500000000000000e+00,2.396851093058170457e-01
6.333333333333333037e+00,2.401116941814133987e-01
6.354166666666666075e+00,2.421831822132194945e-01
6.375000000000000000e+00,2.444202256095892867e-01
6.395833333333333037e+00,2.446008551204531256e-01
6.416666666666666075e+00,2.439905807085505640e-01
6.437500000000000000e+00,2.448412036459218233e-01
6.458333333333333037e+00,2.457195206124174747e-01
6.479166666666666075e+00,2.443094878573688622e-01
6.500000000000000000e+00,2.418409077740193425e-01
6.520833333333333037e+00,2.405727826859004326e-01
6.541666666666666075e+00,2.393935264550875464e-01
6.562500000000000000e+00,2.359850027739366363e-01
6.583333333333333037e+00,2.315294405304491876e-01
6.604166666666666075e+00,2.282139007508619533e-01
6.625000000000000000e+00,2.246229527278395810e-01
6.645833333333333037e+00,2.184105116306576111e-01
6.666666666666666075e+00,2.107858824429461875e-01
6.687500000000000000e+00,2.040439992741753805e-01
6.708333333333333037e+00,1.974743123987377502e-01
6.729166666666666075e+00,1.898944279691287540e-01
6.750000000000000000e+00,1.830422559790609305e-01
6.770833333333333037e+00,1.790444493505596590e-01
6.791666666666666075e+00,1.766701815636949058e-01
6.812500000000000000e+00,1.736642814871204032e-01
6.833333333333333037e+00,1.713200627998314185e-01
6.854166666666666075e+00,1.707807007728835147e-01
6.875000000000000000e+00,1.703182451590497803e-01
6.895833333333333037e+00,1.682331913630622511e-01
6.916666666666666075e+00,1.660898150099549553e-01
6.937500000000000000e+00,1.662753361814960917e-01
6.958333333333333037e+00,1.674578730501578017e-01
6.979166666666666075e+00,1.673932212520213569e-01
7.000000000000000000e+00,1.673194200055749259e-01
7.020833333333333037e+00,1.695117150678289164e-01
7.041666666666666075e+00,1.726867021118504986e-01
7.062500000000000000e+00,1.745727310741813365e-01
7.083333333333333037e+00,1.763022455340516326e-01
7.104166666666666075e+00,1.794103416225957537e-01
7.125000000000000000e+00,1.823444733366238746e-01
7.145833333333333037e+00,1.827136420150241303e-01
7.166666666666666075e+00,1.816897604848834724e-01
7.187500000000000000e+00,1.814397612191841480e-01
7.208333333333333037e+00,1.808591720252331059e-01
7.229166666666666075e+00,1.788402679815828122e-01
7.250000000000000000e+00,1.769715611430537350e-01
7.270833333333333037e+00,1.773229849068446717e-01
7.291666666666666075e+00,1.785631935777687862e-01
7.312500000000000000e+00,1.783931640975467137e-01
7.333333333333333037e+00,1.778851564454267120e-01
7.354166666666666075e+00,1.792975916606301956e-01
7.375000000000000000e+00,1.814347246159860594e-01
7.395833333333333037e+00,1.821169175690538766e-01
7.416666666666666075e+00,1.825367919475557599e-01
7.437500000000000000e+00,1.848778439637936144e-01
7.458333333333333037e+00,1.879934491988237699e-01
7.479166666666666075e+00,1.897485361381231472e-01
7.500000000000000000e+00,1.912576605520109607e-01
7.520833333333333037e+00,1.932697544304474158e-01
7.541666666666666075e+00,1.942465580323403940e-01
7.562500000000000000e+00,1.939226079162676142e-01
7.583333333333333037e+00,1.939551483780700691e-01
7.604166666666666075e+00,1.932375300669448848e-01
7.625000000000000000e+00,1.909860998414563138e-01
7.645833333333333037e+00,1.889269836904245159e-01
7.666666666666666075e+00,1.879984218497652848e-01
7.687500000000000000e+00,1.864924617138514484e-01
7.708333333333333037e+00,1.837943398349798085e-01
7.729166666666666075e+00,1.816261595478209645e-01
7.750000000000000000e+00,1.801402758537616611e-01
7.770833333333333037e+00,1.774672279800786900e-01
7.791666666666666075e+00,1.747475440483885756e-01
7.812500000000000000e+00,1.742922359108175501e-01
7.833333333333333037e+00,1.747116718000568669e-01
7.854166666666666075e+00,1.735816827419301156e-01
7.875000000000000000e+00,1.720911213348924607e-01
7.895833333333333037e+00,1.725161148981889658e-01
7.916666666666666075e+00,1.734742037139227755e-01
7.937500000000000000e+00,1.725371833785513676e-01
7.958333333333333037e+00,1.709020499044322239e-01
7.979166666666666075e+00,1.707392358707773838e-01
8.000000000000000000e+00,1.707416697392257765e-01
8.020833333333332149e+00,1.685319512077304571e-01
8.041666666666666075e+00,1.651775813549443694e-01
8.062500000000000000e+00,1.628961807307981180e-01
8.083333333333332149e+00,1.608731291861413837e-01
8.104166666666666075e+00,1.581882484319063753e-01
8.125000000000000000e+00,1.563377904268376806e-01
8.145833333333332149e+00,1.562784269726869013e-01
8.166666666666666075e+00,1.563510695446582721e-01
8.187500000000000000e+00,1.553010810769930583e-01
8.208333333333332149e+00,1.546609085064341582e-01
8.229166666666666075e+00,1.564913927761007739e-01
8.250000000000000000e+00,1.595428079786515851e-01
8.270833333333332149e+00,1.616494371050035683e-01
8.291666666666666075e+00,1.639046981942404446e-01
8.312500000000000000e+00,1.672621500410133855e-01
8.333333333333332149e+00,1.701541664696736567e-01
8.354166666666666075e+00,1.712432269075621072e-01
8.375000000000000000e+00,1.719460310159773575e-01
8.395833333333332149e+00,1.731110306396909382e-01
8.416666666666666075e+00,1.731445848673776877e-01
8.437500000000000000e+00,1.721923429119543436e-01
8.458333333333332149e+00,1.721107481496883251e-01
8.479166666666666075e+00,1.717075531893486329e-01
8.500000000000000000e+00,1.685595010806168192e-01
8.520833333333332149e+00,1.638827867479504263e-01
8.541666666666666075e+00,1.601037806310858791e-01
8.562500000000000000e+00,1.565466984320664223e-01
8.583333333333332149e+00,1.519189253042529109e-01
8.604166666666666075e+00,1.477831178201284845e-01
8.625000000000000000e+00,1.461246530076604488e-01
8.645833333333332149e+00,1.456573612979865373e-01
8.666666666666666075e+00,1.441290828576600458e-01
8.687500000000000000e+00,1.427218251462652743e-01
8.708333333333332149e+00,1.438967061032667971e-01
8.729166666666666075e+00,1.465226541319498699e-01
8.750000000000000000e+00,1.482267112987425695e-01
8.770833333333332149e+00,1.495841232993302405e-01
8.791666666666666075e+00,1.521789591504880135e-01
8.812500000000000000e+00,1.545148836836306994e-01
8.833333333333332149e+00,1.541791301754045218e-01
8.854166666666666075e+00,1.521934916407960137e-01
8.875000000000000000e+00,1.508853951221152678e-01
8.895833333333332149e+00,1.496714385094671529e-01
8.916666666666666075e+00,1.472031690156434536e-01
8.937500000000000000e+00,1.449006991838076852e-01
8.958333333333332149e+00,1.449027657844795258e-01
8.979166666666666075e+00,1.459732383446962212e-01
9.000000000000000000e+00,1.456337934593333883e-01
9.020833333333332149e+00,1.450664465450301477e-01
9.041666666666666075e+00,1.466429072200262917e-01
9.062500000000000000e+00,1.492937116885865168e-01
9.083333333333332149e+00,1.506863948324015656e-01
9.104166666666666075e+00,1.518902631738174858e-01
9.125000000000000000e+00,1.543447817195201521e-01
9.145833333333332149e+00,1.565779279673723545e-01
9.166666666666666075e+00,1.563516359477921946e-01
9.187500000000000000e+00,1.548938920219075088e-01
9.208333333333332149e+00,1.547206678985355854e-01
9.229166666666666075e+00,1.547695758371394614e-01
9.250000000000000000e+00,1.527688557610656361e-01
9.270833333333332149e+00,1.498527598129664462e-01
9.291666666666666075e+00,1.484645264685456600e-01
9.312500000000000000e+00,1.474191793023225672e-01
9.333333333333332149e+00,1.443223299280371741e-01
9.354166666666666075e+00,1.402458381850181512e-01
9.375000000000000000e+00,1.374958028140259303e-01
9.395833333333332149e+00,1.350698314084369245e-01
9.416666666666666075e+00,1.320801409125060555e-01
9.437500000000000000e+00,1.300183768279276619e-01
9.458333333333332149e+00,1.293176418711383668e-01
9.479166666666666075e+00,1.284069019603736039e-01
9.500000000000000000e+00,1.281738095340634875e-01
9.520833333333332149e+00,1.295461784805735095e-01
9.541666666666666075e+00,1.308472261653497448e-01
9.562500000000000000e+00,1.310521007927193948e-01
9.583333333333332149e+00,1.316974910067031379e-01
9.604166666666666075e+00,1.341165295590918405e-01
9.625000000000000000e+00,1.367518861204460034e-01
9.645833333333332149e+00,1.374438495372653779e-01
9.666666666666666075e+00,1.374369434547161595e-01
9.687500000000000000e+00,1.390705838575125031e-01
9.708333333333332149e+00,1.412969618692228868e-01
9.729166666666666075e+00,1.420054390058554938e-01
9.750000000000000000e+00,1.424939393721047498e-01
9.770833333333332149e+00,1.451238338268126538e-01
9.791666666666666075e+00,1.488175944274354179e-01
9.812500000000000000e+00,1.513713022859507207e-01
9.833333333333332149e+00,1.538031707133962478e-01
9.854166666666666075e+00,1.567935061673842445e-01
9.875000000000000000e+00,1.588073769941397428e-01
9.895833333333332149e+00,1.598640532287991245e-01
9.916666666666666075e+00,1.617237786160481972e-01
9.937500000000000000e+00,1.632607291851161935e-01
9.958333333333332149e+00,1.622585654371135333e-01
9.979166666666666075e+00,1.599705722042724376e-01
1.000000000000000000e+01,1.585891174448364471e-01
1.002083333333333215e+01,1.570288233204070183e-01
1.004166666666666607e+01,1.536514593548778118e-01
1.006250000000000000e+01,1.498716721105888550e-01
1.008333333333333215e+01,1.478535938359276658e-01
1.010416666666666607e+01,1.463515151180172780e-01
1.012500000000000000e+01,1.430379264780405335e-01
1.014583333333333215e+01,1.389638981073488821e-01
1.016666666666666607e+01,1.362342409935048126e-01
1.018750000000000000e+01,1.337723582680411250e-01
1.020833333333333215e+01,1.308474190680777582e-01
1.022916666666666607e+01,1.289946999865012600e-01
1.025000000000000000e+01,1.283364507294623980e-01
1.027083333333333215e+01,1.271356938919906421e-01
1.029166666666666607e+01,1.264293930431722446e-01
1.031250000000000000e+01,1.283463381252260282e-01
1.033333333333333215e+01,1.315720868414262390e-01
1.035416666666666607e+01,1.338233891442524304e-01
1.037500000000000000e+01,1.360167938049094416e-01
1.039583333333333215e+01,1.394984991768710436e-01
1.041666666666666607e+01,1.425960571546690814e-01
1.043750000000000000e+01,1.431053290883194939e-01
1.045833333333333215e+01,1.421516075420208025e-01
1.047916666666666607e+01,1.420334043088687381e-01
1.050000000000000000e+01,1.416966383951286934e-01
1.052083333333333215e+01,1.398933485520562625e-01
1.054166666666666607e+01,1.381988689731056263e-01
1.056250000000000000e+01,1.389207425507374138e-01
1.058333333333333215e+01,1.409576930458374677e-01
1.060416666666666607e+01,1.421500754718967863e-01
1.062500000000000000e+01,1.434799169258671736e-01
1.064583333333333215e+01,1.455895738160240815e-01
1.066666666666666607e+01,1.469436405422225311e-01
1.068750000000000000e+01,1.473973779816891705e-01
1.070833333333333215e+01,1.486406034813884114e-01
1.072916666666666607e+01,1.494565042559937718e-01
1.075000000000000000e+01,1.482041763015436997e-01
1.077083333333333215e+01,1.464128560756069453e-01
1.079166666666666607e+01,1.463470993916570206e-01
1.081250000000000000e+01,1.465852921738496351e-01
1.083333333333333215e+01,1.448250062860136911e-01
1.085416666666666607e+01,1.423115968565683842e-01
1.087500000000000000e+01,1.412300649962987820e-01
1.089583333333333215e+01,1.401582196957437410e-01
1.091666666666666607e+01,1.368965082369438258e-01
1.093750000000000000e+01,1.327460308839889247e-01
1.095833333333333215e+01,1.299218073421606612e-01
1.097916666666666607e+01,1.274733046713768803e-01
1.100000000000000000e+01,1.241805758874533205e-01
1.102083333333333215e+01,1.216907711633449102e-01
1.104166666666666607e+01,1.218445248223922611e-01
1.106250000000000000e+01,1.231724693536866144e-01
1.108333333333333215e+01,1.233735465736586906e-01
1.110416666666666607e+01,1.238580185865891664e-01
1.112500000000000000e+01,1.269224136353628851e-01
1.114583333333333215e+01,1.312988851480342278e-01
1.116666666666666607e+01,1.347324934165314014e-01
1.118750000000000000e+01,1.379815885684799737e-01
1.120833333333333215e+01,1.423536154732530090e-01
1.122916666666666607e+01,1.462622716672798695e-01
1.125000000000000000e+01,1.475354335860566968e-01
1.127083333333333215e+01,1.475440563878661904e-01
1.129166666666666607e+01,1.486454520602750184e-01
1.131250000000000000e+01,1.495775005566203353e-01
1.133333333333333215e+01,1.481593441306893744e-01
1.135416666666666607e+01,1.456916964973445083e-01
1.137500000000000000e+01,1.444527096474319261e-01
1.139583333333333215e+01,1.431663078050510740e-01
1.141666666666666607e+01,1.400594184388862518e-01
1.143750000000000000e+01,1.366115758312804740e-01
1.145833333333333215e+01,1.350096793864667966e-01
1.147916666666666607e+01,1.338129036169868891e-01
1.150000000000000000e+01,1.306253922869256012e-01
1.152083333333333215e+01,1.266640802666129384e-01
1.154166666666666607e+01,1.241432618525556836e-01
1.156250000000000000e+01,1.221225504436092985e-01
1.158333333333333215e+01,1.194099426243270257e-01
1.160416666666666607e+01,1.176624173854690369e-01
1.162500000000000000e+01,1.183822994185061567e-01
1.164583333333333215e+01,1.199722167143087298e-01
1.166666666666666607e+01,1.201721944949979415e-01
1.168750000000000000e+01,1.202760315463164975e-01
1.170833333333333215e+01,1.225492614818409209e-01
1.172916666666666607e+01,1.257456030167245220e-01
1.175000000000000000e+01,1.277043417120598545e-01
1.177083333333333215e+01,1.298209474861698742e-01
1.179166666666666607e+01,1.340330433776263652e-01
1.181250000000000000e+01,1.389125816756067999e-01
1.183333333333333215e+01,1.422644521599656098e-01
1.185416666666666607e+01,1.453892640515601353e-01
1.187500000000000000e+01,1.496680430359446368e-01
1.189583333333333215e+01,1.534290422333849935e-01
1.191666666666666607e+01,1.544682917967095670e-01
1.193750000000000000e+01,1.540431563163135176e-01
1.195833333333333215e+01,1.544141756440480517e-01
1.197916666666666607e+01,1.542577629214231527e-01
1.200000000000000000e+01,1.521463391984693991e-01
1.202083333333333215e+01,1.497117243009767895e-01
1.204166666666666607e+01,1.490994914178025432e-01
1.206250000000000000e+01,1.488524799252631536e-01
1.208333333333333215e+01,1.465669471471824636e-01
1.210416666666666607e+01,1.434402956852399158e-01
1.212500000000000000e+01,1.416298494710111766e-01
1.214583333333333215e+01,1.398001156263013744e-01
1.216666666666666607e+01,1.362800162795062275e-01
1.218750000000000000e+01,1.326335767952673828e-01
1.220833333333333215e+01,1.310657762099783907e-01
1.222916666666666607e+01,1.302651576976622538e-01
1.225000000000000000e+01,1.279334174722906448e-01
1.227083333333333215e+01,1.255026811908553086e-01
1.229166666666666607e+01,1.252460833000704765e-01
1.231250000000000000e+01,1.259218637825020026e-01
1.233333333333333215e+01,1.253167411282183619e-01
1.235416666666666607e+01,1.248844217942449430e-01
1.237500000000000000e+01,1.269983047097841267e-01
1.239583333333333215e+01,1.309188069467457360e-01
1.241666666666666607e+01,1.336077137298696260e-01
1.243750000000000000e+01,1.365104191883218521e-01
1.245833333333333215e+01,1.408507006161298647e-01
1.247916666666666607e+01,1.447794529297716237e-01
1.250000000000000000e+01,1.460656652633927632e-01
1.252083333333333215e+01,1.460449703207938321e-01
1.254166666666666607e+01,1.470155203150037559e-01
1.256250000000000000e+01,1.476483007163887640e-01
1.258333333333333215e+01,1.465425652262287159e-01
1.260416666666666607e+01,1.453447769704427628e-01
1.262500000000000000e+01,1.463059900353928522e-01
1.264583333333333215e+01,1.479957086762404561e-01
1.266666666666666607e+01,1.479929348496190622e-01
1.268750000000000000e+01,1.475739223540763201e-01
1.270833333333333215e+01,1.489021215160853118e-01
1.272916666666666607e+01,1.506091507291023035e-01
1.275000000000000000e+01,1.503335438025346638e-01
1.277083333333333215e+01,1.494163380418462306e-01
1.279166666666666607e+01,1.500995221490100950e-01
1.281250000000000000e+01,1.511270792505574334e-01
1.283333333333333215e+01,1.502705584689134621e-01
1.285416666666666607e+01,1.489391024208482350e-01
1.287500000000000000e+01,1.494643403569378970e-01
1.289583333333333215e+01,1.506239786956723170e-01
1.291666666666666607e+01,1.502773423573346701e-01
1.293750000000000000e+01,1.498241742663486975e-01
1.295833333333333215e+01,1.516340176465430789e-01
1.297916666666666607e+01,1.544085605147594020e-01
1.300000000000000000e+01,1.559414357618533475e-01
1.302083333333333215e+01,1.573734641501597642e-01
1.304166666666666607e+01,1.598481351911840709e-01
1.306250000000000000e+01,1.615305251357957161e-01
1.308333333333333215e+01,1.610306498872564884e-01
1.310416666666666607e+01,1.599836149350989944e-01
1.312500000000000000e+01,1.606381486168896588e-01
1.314583333333333215e+01,1.615631244558632107e-01
1.316666666666666607e+01,1.603458770584098025e-01
1.318750000000000000e+01,1.582417225829034213e-01
1.320833333333333215e+01,1.574252109778556119e-01
1.322916666666666607e+01,1.565235944481052910e-01
1.325000000000000000e+01,1.533293265711639930e-01
1.327083333333333215e+01,1.493042421257969599e-01
1.329166666666666607e+01,1.466893793330252826e-01
1.331250000000000000e+01,1.443545385985774698e-01
1.333333333333333215e+01,1.408768954043137789e-01
1.335416666666666607e+01,1.379180492324438290e-01
1.337500000000000000e+01,1.377301148807359710e-01
1.339583333333333215e+01,1.390835032771407243e-01
1.341666666666666607e+01,1.398073332761683996e-01
1.343750000000000000e+01,1.409659967692034610e-01
1.345833333333333215e+01,1.432527070376696521e-01
1.347916666666666607e+01,1.450656145393164065e-01
1.350000000000000000e+01,1.461095557340550133e-01
1.352083333333333215e+01,1.479895063530796417e-01
1.354166666666666607e+01,1.495768428719689569e-01
1.356250000000000000e+01,1.494957288455924516e-01
1.358333333333333215e+01,1.494359128483837840e-01
1.360416666666666607e+01,1.517497238791938874e-01
1.362500000000000000e+01,1.551963903917560339e-01
1.364583333333333215e+01,1.575034145564769839e-01
1.366666666666666607e+01,1.593178108864032327e-01
1.368750000000000000e+01,1.623546995368814749e-01
1.370833333333333215e+01,1.650388791389937881e-01
1.372916666666666607e+01,1.651024023386758188e-01
1.375000000000000000e+01,1.637931064868084763e-01
1.377083333333333215e+01,1.633619815095203875e-01
1.379166666666666607e+01,1.625137804667652619e-01
1.381250000000000000e+01,1.597308117375277337e-01
1.383333333333333215e+01,1.566233997904281083e-01
1.385416666666666607e+01,1.553577266227210985e-01
1.387500000000000000e+01,1.545056947679938619e-01
1.389583333333333215e+01,1.517006185474240598e-01
1.391666666666666607e+01,1.482501375771549390e-01
1.393750000000000000e+01,1.463650364867826181e-01
1.395833333333333215e+01,1.447980704494306881e-01
1.397916666666666607e+01,1.415173908989461882e-01
1.400000000000000000e+01,1.380864243906655964e-01
1.402083333333333215e+01,1.368023664160664399e-01
1.404166666666666607e+01,1.364498645916225605e-01
1.406250000000000000e+01,1.348590086386119158e-01
1.408333333333333215e+01,1.334786490515242063e-01
1.410416666666666607e+01,1.347137647496043644e-01
1.412500000000000000e+01,1.373075220723888323e-01
1.414583333333333215e+01,1.390735229088220781e-01
1.416666666666666607e+01,1.412078955526799295e-01
1.418750000000000000e+01,1.445632597958305121e-01
1.420833333333333215e+01,1.472631823288389485e-01
1.422916666666666607e+01,1.485632589944616277e-01
1.425000000000000000e+01,1.501273278526797650e-01
1.427083333333333215e+01,1.524142991045088491e-01
1.429166666666666607e+01,1.536466308417763771e-01
1.431250000000000000e+01,1.547146981981872838e-01
1.433333333333333215e+01,1.570876451650795869e-01
1.435416666666666607e+01,1.592514161120480998e-01
1.437500000000000000e+01,1.623786720552629348e-01
1.439583333333333215e+01,1.686341294062869700e-01
1.441666666666666607e+01,1.769303551358559490e-01
1.443750000000000000e+01,1.849834300198011927e-01
1.445833333333333215e+01,1.931960937245637555e-01
1.447916666666666607e+01,2.027569613213164312e-01
1.450000000000000000e+01,2.122822239135423172e-01
1.452083333333333215e+01,2.195029285439174804e-01
1.454166666666666607e+01,2.256684566332587405e-01
1.456250000000000000e+01,2.331319413637037707e-01
1.458333333333333215e+01,2.407826501311087219e-01
1.460416666666666607e+01,2.463675920384707230e-01
1.462500000000000000e+01,2.510432471826030687e-01
1.464583333333333215e+01,2.571717289664552375e-01
1.466666666666666607e+01,2.636112655104152491e-01
1.468750000000000000e+01,2.680795335025819570e-01
1.470833333333333215e+01,2.716462610333566507e-01
1.472916666666666607e+01,2.753291852415320484e-01
1.475000000000000000e+01,2.776519648183848332e-01
1.477083333333333215e+01,2.781197451066904636e-01
1.479166666666666607e+01,2.783070532396093033e-01
1.481250000000000000e+01,2.778694333861656540e-01
1.483333333333333215e+01,2.752112519425629067e-01
1.485416666666666607e+01,2.716538827529138556e-01
1.487500000000000000e+01,2.693770137667301778e-01
1.489583333333333215e+01,2.671485007684319402e-01
1.491666666666666607e+01,2.626470278522302637e-01
1.493750000000000000e+01,2.569393832862483795e-01
1.495833333333333215e+01,2.522066531843883408e-01
1.497916666666666607e+01,2.476988268748497590e-01
1.500000000000000000e+01,2.426336896585748470e-01
1.502083333333333215e+01,2.385471395797642002e-01
1.504166666666666607e+01,2.360405970999072955e-01
1.506250000000000000e+01,2.335076274047217515e-01
1.508333333333333215e+01,2.311555201156199335e-01
1.510416666666666607e+01,2.307565701422979176e-01
1.512500000000000000e+01,2.310368324774787763e-01
1.514583333333333215e+01,2.296940162350371295e-01
1.516666666666666607e+01,2.278971076393088435e-01
1.518750000000000000e+01,2.278727839706813085e-01
1.520833333333333215e+01,2.283530844185490682e-01
1.522916666666666607e+01,2.271278598800478832e-01
1.525000000000000000e+01,2.253394964523472987e-01
1.527083333333333215e+01,2.252978747633217482e-01
1.529166666666666607e+01,2.258430758119203963e-01
1.531250000000000000e+01,2.248249905907077906e-01
1.533333333333333215e+01,2.234604519827315394e-01
1.535416666666666607e+01,2.240928664932010927e-01
1.537500000000000000e+01,2.256519945770571467e-01
1.539583333333333215e+01,2.260159592814309504e-01
1.541666666666666607e+01,2.264915744788935648e-01
1.543750000000000000e+01,2.294191114835197887e-01
1.545833333333333215e+01,2.337139839771902872e-01
1.547916666666666607e+01,2.371524180025120221e-01
1.550000000000000000e+01,2.403038678871121658e-01
1.552083333333333215e+01,2.442089094186314924e-01
1.554166666666666607e+01,2.474337062140249399e-01
1.556250000000000000e+01,2.485533005274666030e-01
1.558333333333333215e+01,2.491192282803061653e-01
1.560416666666666607e+01,2.512601621329825230e-01
1.562500000000000000e+01,2.537500178564883746e-01
1.564583333333333215e+01,2.542356926874854706e-01
1.566666666666666607e+01,2.537593402104635354e-01
1.568750000000000000e+01,2.544547868653384004e-01
1.570833333333333215e+01,2.550191901791792337e-01
1.572916666666666607e+01,2.531434504553807252e-01
1.575000000000000000e+01,2.499040102026049426e-01
1.577083333333333215e+01,2.475267337261726763e-01
1.579166666666666607e+01,2.451508939873687787e-01
1.581250000000000000e+01,2.420977827903672275e-01
1.583333333333333215e+01,2.398840995326790571e-01
1.585416666666666607e+01,2.386793704420274442e-01
1.587500000000000000e+01,2.368664604088753789e-01
1.589583333333333215e+01,2.357041629625512280e-01
1.591666666666666607e+01,2.363760212462999166e-01
1.593750000000000000e+01,2.371332843293552650e-01
1.595833333333333215e+01,2.358631623343732664e-01
1.597916666666666607e+01,2.339756498371313442e-01
1.600000000000000000e+01,2.338594907093475561e-01
1.602083333333333215e+01,2.341897748697121528e-01
1.604166666666666430e+01,2.327421429817792820e-01
1.606250000000000000e+01,2.307838050102314631e-01
1.608333333333333215e+01,2.305639776984516054e-01
1.610416666666666430e+01,2.307371157383971971e-01
1.612500000000000000e+01,2.290033781018765147e-01
1.614583333333333215e+01,2.267070232053601531e-01
1.616666666666666430e+01,2.257433880507555557e-01
1.618750000000000000e+01,2.251468910018794289e-01
1.620833333333333215e+01,2.238487733867980112e-01
1.622916666666666430e+01,2.233852510917187506e-01
1.625000000000000000e+01,2.244945910586959581e-01
1.627083333333333215e+01,2.255094015111067107e-01
1.629166666666666430e+01,2.260130375571604011e-01
1.631250000000000000e+01,2.277457932986803046e-01
1.633333333333333215e+01,2.295502446597994517e-01
1.635416666666666430e+01,2.300521663915391368e-01
1.637500000000000000e+01,2.308868102752136275e-01
1.639583333333333215e+01,2.336281997673468058e-01
1.641666666666666430e+01,2.366996622710122733e-01
1.643750000000000000e+01,2.377914779962103375e-01
1.645833333333333215e+01,2.383209577774358379e-01
1.647916666666666430e+01,2.408053879317139101e-01
1.650000000000000000e+01,2.440632240738804526e-01
1.652083333333333215e+01,2.457584327797921464e-01
1.654166666666666430e+01,2.472193817928509674e-01
1.656250000000000000e+01,2.506176532848535254e-01
1.658333333333333215e+01,2.546240571083465132e-01
1.660416666666666430e+01,2.567264198807135966e-01
1.662500000000000000e+01,2.581985268254687882e-01
1.664583333333333215e+01,2.613497204471205704e-01
1.666666666666666430e+01,2.648910181750236958e-01
1.668750000000000000e+01,2.662643387390805638e-01
1.670833333333333215e+01,2.666377736813857480e-01
1.672916666666666430e+01,2.683187632377647680e-01
1.675000000000000000e+01,2.698786811424807031e-01
1.677083333333333215e+01,2.688212108768666120e-01
1.679166666666666430e+01,2.663069887892108856e-01
1.681250000000000000e+01,2.646837563905951596e-01
1.683333333333333215e+01,2.627242406189055912e-01
1.685416666666666430e+01,2.590922719788769091e-01
1.687500000000000000e+01,2.554832398804380844e-01
1.689583333333333215e+01,2.544001523133101461e-01
1.691666666666666430e+01,2.545820355504579413e-01
1.693750000000000000e+01,2.537028150763699363e-01
1.695833333333333215e+01,2.529238363152503388e-01
1.697916666666666430e+01,2.535573644888982625e-01
1.700000000000000000e+01,2.539621178974411642e-01
1.702083333333333215e+01,2.521954331294238294e-01
1.704166666666666430e+01,2.498433040257571902e-01
1.706250000000000000e+01,2.493987101931921524e-01
1.708333333333333215e+01,2.497121799918701757e-01
1.710416666666666430e+01,2.484267318088394516e-01
1.712500000000000000e+01,2.469206825680915207e-01
1.714583333333333215e+01,2.475904266445829172e-01
1.716666666666666430e+01,2.492146721197098236e-01
1.718750000000000000e+01,2.492996072525201778e-01
1.720833333333333215e+01,2.491039714128488458e-01
1.722916666666666430e+01,2.509459213479136586e-01
1.725000000000000000e+01,2.535337596252913994e-01
1.727083333333333215e+01,2.543265520055548734e-01
1.729166666666666430e+01,2.545041081603288124e-01
1.731250000000000000e+01,2.563594032740897921e-01
1.733333333333333215e+01,2.584603393869172594e-01
1.735416666666666430e+01,2.583215885218917984e-01
1.737500000000000000e+01,2.570904684955028774e-01
1.739583333333333215e+01,2.571100152830999019e-01
1.741666666666666430e+01,2.570084825229983494e-01
1.743750000000000000e+01,2.543846040725895596e-01
1.745833333333333215e+01,2.504599813826773880e-01
1.747916666666666430e+01,2.476965178437132986e-01
1.750000000000000000e+01,2.451042106703989754e-01
1.752083333333333215e+01,2.416101395945642050e-01
1.754166666666666430e+01,2.388609033985130414e-01
1.756250000000000000e+01,2.380477750065292109e-01
1.758333333333333215e+01,2.375031908573906336e-01
1.760416666666666430e+01,2.353962305952060352e-01
1.762500000000000000e+01,2.333452972685042814e-01
1.764583333333333215e+01,2.337807580489876802e-01
1.766666666666666430e+01,2.355258940531692602e-01
1.768750000000000000e+01,2.362194845201474602e-01
1.770833333333333215e+01,2.371021428545877774e-01
1.772916666666666430e+01,2.396528030676231269e-01
1.775000000000000000e+01,2.422336366567502119e-01
1.777083333333333215e+01,2.423361680555546904e-01
1.779166666666666430e+01,2.412068878844465247e-01
1.781250000000000000e+01,2.411595377603009405e-01
1.783333333333333215e+01,2.410083031473125026e-01
1.785416666666666430e+01,2.394077865562510565e-01
1.787500000000000000e+01,2.379973097903740620e-01
1.789583333333333215e+01,2.390746749430141538e-01
1.791666666666666430e+01,2.412323988346001535e-01
1.793750000000000000e+01,2.420619767544847090e-01
1.795833333333333215e+01,2.427232433282182356e-01
1.797916666666666430e+01,2.455644064575244201e-01
1.800000000000000000e+01,2.492047356060391183e-01
1.802083333333333215e+01,2.512789494633840270e-01
1.804166666666666430e+01,2.529884821240193093e-01
1.806250000000000000e+01,2.561919651572914236e-01
1.808333333333333215e+01,2.594184369432318005e-01
1.810416666666666430e+01,2.603559900687432704e-01
1.812500000000000000e+01,2.603616986054218541e-01
1.814583333333333215e+01,2.619911509120937954e-01
1.816666666666666430e+01,2.641053300044642893e-01
1.818750000000000000e+01,2.644052085748009318e-01
1.820833333333333215e+01,2.642751947114185818e-01
1.822916666666666430e+01,2.661192934911560948e-01
1.825000000000000000e+01,2.687273538086202840e-01
1.827083333333333215e+01,2.697235739238776353e-01
1.829166666666666430e+01,2.702974262963758201e-01
1.831250000000000000e+01,2.717705874413871014e-01
1.833333333333333215e+01,2.725176449844851634e-01
1.835416666666666430e+01,2.708378500167967773e-01
1.837500000000000000e+01,2.682660725256612033e-01
1.839583333333333215e+01,2.670997929821655181e-01
1.841666666666666430e+01,2.659202895821227708e-01
1.843750000000000000e+01,2.622250015445634075e-01
1.845833333333333215e+01,2.571919181310549640e-01
1.847916666666666430e+01,2.532130860190551780e-01
1.850000000000000000e+01,2.497140095644289626e-01
1.852083333333333215e+01,2.451754256846458424e-01
1.854166666666666430e+01,2.410654228332999305e-01
1.856250000000000000e+01,2.398641118159764440e-01
1.858333333333333215e+01,2.403152530882692317e-01
1.860416666666666430e+01,2.400711990472018109e-01
1.862500000000000000e+01,2.402534137266365000e-01
1.864583333333333215e+01,2.418956390192933403e-01
1.866666666666666430e+01,2.433262355539653754e-01
1.868750000000000000e+01,2.432195255703617498e-01
1.870833333333333215e+01,2.433105259630840567e-01
1.872916666666666430e+01,2.453938711630780090e-01
1.875000000000000000e+01,2.479977272050830905e-01
1.877083333333333215e+01,2.487987352088079085e-01
1.879166666666666430e+01,2.491497917259867245e-01
1.881250000000000000e+01,2.514297988903667624e-01
1.883333333333333215e+01,2.544205517247463688e-01
1.885416666666666430e+01,2.556337602423940369e-01
1.887500000000000000e+01,2.563207802839493343e-01
1.889583333333333215e+01,2.588015479130562624e-01
1.891666666666666430e+01,2.617772491762788700e-01
1.893750000000000000e+01,2.627287463459824224e-01
1.895833333333333215e+01,2.627929386534367806e-01
1.897916666666666430e+01,2.642640143168880074e-01
1.900000000000000000e+01,2.657943810208700519e-01
1.902083333333333215e+01,2.649739494246931004e-01
1.904166666666666430e+01,2.629685317420130675e-01
1.906250000000000000e+01,2.621347340572708351e-01
1.908333333333333215e+01,2.611587258002393552e-01
1.910416666666666430e+01,2.579618175743008113e-01
1.912500000000000000e+01,2.539058549065651427e-01
1.914583333333333215e+01,2.514565695472323337e-01
1.916666666666666430e+01,2.493457228072363807e-01
1.918750000000000000e+01,2.452937598448395318e-01
1.920833333333333215e+01,2.406050198298446963e-01
1.922916666666666430e+01,2.378174096676138050e-01
1.925000000000000000e+01,2.358079222859505442e-01
1.927083333333333215e+01,2.322697904851091788e-01
1.929166666666666430e+01,2.285541306447470278e-01
1.931250000000000000e+01,2.270662017040135094e-01
1.933333333333333215e+01,2.266608121409312560e-01
1.935416666666666430e+01,2.249549542311084227e-01
1.937500000000000000e+01,2.232971618994560037e-01
1.939583333333333215e+01,2.240378728115290097e-01
1.941666666666666430e+01,2.259187832156978326e-01
1.943750000000000000e+01,2.265511017458723686e-01
1.945833333333333215e+01,2.272092709981473058e-01
1.947916666666666430e+01,2.301788492097444905e-01
1.950000000000000000e+01,2.341340499411335985e-01
1.952083333333333215e+01,2.365394962047930039e-01
1.954166666666666430e+01,2.384974244045668379e-01
1.956250000000000000e+01,2.423288809478172101e-01
1.958333333333333215e+01,2.466157193247849044e-01
1.960416666666666430e+01,2.489357023067864105e-01
1.962500000000000000e+01,2.504229793756803657e-01
1.964583333333333215e+01,2.534831045292825213e-01
1.966666666666666430e+01,2.568070113988347170e-01
1.968750000000000000e+01,2.580277612326560277e-01
1.970833333333333215e+01,2.584390129133831149e-01
1.972916666666666430e+01,2.605018413883886108e-01
1.975000000000000000e+01,2.630340633319662169e-01
1.977083333333333215e+01,2.637550134352821818e-01
1.979166666666666430e+01,2.640523956686499640e-01
1.981250000000000000e+01,2.661941732392352211e-01
1.983333333333333215e+01,2.689250427238488728e-01
1.985416666666666430e+01,2.699663617699870066e-01
1.987500000000000000e+01,2.704399247380295246e-01
1.989583333333333215e+01,2.697442062775821103e-01
1.991666666666666430e+01,2.662593193865516183e-01
1.993750000000000000e+01,2.615168180780917395e-01
1.995833333333333215e+01,2.579660970976779266e-01
1.997916666666666430e+01,2.543025675920502771e-01
2.000000000000000000e+01,2.480342095271302061e-01
2.002083333333333215e+01,2.402915477508955344e-01
2.004166666666666430e+01,2.334187059090617744e-01
2.006250000000000000e+01,2.269606112899717199e-01
2.008333333333333215e+01,2.197423479827671222e-01
2.010416666666666430e+01,2.131715450683105140e-01
2.012500000000000000e+01,2.088234104680934122e-01
2.014583333333333215e+01,2.052116182324350002e-01
2.016666666666666430e+01,1.999355595620249948e-01
2.018750000000000000e+01,1.942727983856496199e-01
2.020833333333333215e+01,1.905489313073676638e-01
2.022916666666666430e+01,1.877296567721913334e-01
2.025000000000000000e+01,1.836543895297796380e-01
2.027083333333333215e+01,1.796866724786482516e-01
2.029166666666666430e+01,1.782758566506974229e-01
2.031250000000000000e+01,1.783570482881254582e-01
2.033333333333333215e+01,1.777029275736816682e-01
2.035416666666666430e+01,1.775692633566350320e-01
2.037500000000000000e+01,1.804266468787663336e-01
2.039583333333333215e+01,1.851663713475313056e-01
2.041666666666666430e+01,1.893414787584534742e-01
2.043750000000000000e+01,1.929208569862341516e-01
2.045833333333333215e+01,1.977457212554709076e-01
2.047916666666666430e+01,2.025293817161399057e-01
2.050000000000000000e+01,2.049259835864599144e-01
2.052083333333333215e+01,2.059947100504893602e-01
2.054166666666666430e+01,2.080494251440415110e-01
2.056250000000000000e+01,2.098358041236054461e-01
2.058333333333333215e+01,2.092517844654638859e-01
2.060416666666666430e+01,2.075491353441934750e-01
2.062500000000000000e+01,2.069727640467171059e-01
2.064583333333333215e+01,2.063829728642590233e-01
2.066666666666666430e+01,2.042622011812710858e-01
2.068750000000000000e+01,2.021628107605369096e-01
2.070833333333333215e+01,2.023699085499082173e-01
2.072916666666666430e+01,2.037419209403280862e-01
2.075000000000000000e+01,2.039394668395815291e-01
2.077083333333333215e+01,2.041642539512404375e-01
2.079166666666666430e+01,2.066854744749595518e-01
2.081250000000000000e+01,2.103010097432893299e-01
2.083333333333333215e+01,2.127300442583088536e-01
2.085416666666666430e+01,2.150436118418656561e-01
2.087500000000000000e+01,2.180607128197090960e-01
2.089583333333333215e+01,2.202239029157513628e-01
2.091666666666666430e+01,2.212055166297557385e-01
2.093750000000000000e+01,2.226601264966041605e-01
2.095833333333333215e+01,2.235653337663775775e-01
2.097916666666666430e+01,2.223354860419526902e-01
2.100000000000000000e+01,2.205168168402715234e-01
2.102083333333333215e+01,2.203342329153320789e-01
2.104166666666666430e+01,2.205584680429920896e-01
2.106250000000000000e+01,2.188135927874460540e-01
2.108333333333333215e+01,2.162353722169093884e-01
2.110416666666666430e+01,2.150078218045010092e-01
2.112500000000000000e+01,2.138303085932627134e-01
2.114583333333333215e+01,2.103503010520750560e-01
2.116666666666666430e+01,2.056738818510781830e-01
2.118750000000000000e+01,2.020814686315477171e-01
2.120833333333333215e+01,1.992256984471213466e-01
2.122916666666666430e+01,1.954927254380504076e-01
2.125000000000000000e+01,1.921619839090374093e-01
2.127083333333333215e+01,1.915384344378703863e-01
2.129166666666666430e+01,1.924077012793278529e-01
2.131250000000000000e+01,1.925576792685176064e-01
2.133333333333333215e+01,1.931317600978318394e-01
2.135416666666666430e+01,1.957730412436130274e-01
2.137500000000000000e+01,1.990617114961213963e-01
2.139583333333333215e+01,2.008237044105347646e-01
2.141666666666666430e+01,2.023960296787541413e-01
2.143750000000000000e+01,2.061536859898146501e-01
2.145833333333333215e+01,2.109760586066683763e-01
2.147916666666666430e+01,2.146301427783573190e-01
2.150000000000000000e+01,2.177849449311181074e-01
2.152083333333333215e+01,2.215964632810017154e-01
2.154166666666666430e+01,2.246044047965540247e-01
2.156250000000000000e+01,2.253046013836733918e-01
2.158333333333333215e+01,2.252560572723003585e-01
2.160416666666666430e+01,2.266403698369602038e-01
2.162500000000000000e+01,2.282003373446614136e-01
2.164583333333333215e+01,2.275371090571463029e-01
2.166666666666666430e+01,2.257218468682098411e-01
2.168750000000000000e+01,2.248270845658605910e-01
2.170833333333333215e+01,2.235564364797911763e-01
2.172916666666666430e+01,2.193425872557382694e-01
2.175000000000000000e+01,2.136337298606383883e-01
2.177083333333333215e+01,2.088704845408476118e-01
2.179166666666666430e+01,2.038541551295636745e-01
2.181250000000000000e+01,1.971684323425014207e-01
2.183333333333333215e+01,1.903479549578429575e-01
2.185416666666666430e+01,1.858040961155881243e-01
2.187500000000000000e+01,1.823118680008169179e-01
2.189583333333333215e+01,1.777110710378529412e-01
2.191666666666666430e+01,1.732346723933973209e-01
2.193750000000000000e+01,1.712720529344332054e-01
2.195833333333333215e+01,1.707461460286616162e-01
2.197916666666666430e+01,1.694778703508422468e-01
2.200000000000000000e+01,1.686336922593445753e-01
2.202083333333333215e+01,1.692687928593607227e-01
2.204166666666666430e+01,1.697959052386879553e-01
2.206250000000000000e+01,1.685033562316695377e-01
2.208333333333333215e+01,1.668943277164543215e-01
2.210416666666666430e+01,1.671928853597209053e-01
2.212500000000000000e+01,1.681887191810192417e-01
2.214583333333333215e+01,1.675144418775575406e-01
2.216666666666666430e+01,1.663112293799985375e-01
2.218750000000000000e+01,1.667425943339813921e-01
2.220833333333333215e+01,1.674902732967956387e-01
2.222916666666666430e+01,1.661986270554120515e-01
2.225000000000000000e+01,1.639572481959159223e-01
2.227083333333333215e+01,1.630145764178679846e-01
2.229166666666666430e+01,1.622102394266520531e-01
2.231250000000000000e+01,1.600526002004528936e-01
2.233333333333333215e+01,1.580882761509334877e-01
2.235416666666666430e+01,1.585743370687264509e-01
2.237500000000000000e+01,1.602480169405305355e-01
2.239583333333333215e+01,1.605999812857452635e-01
2.241666666666666430e+01,1.607172767909548772e-01
2.243750000000000000e+01,1.628459163516031982e-01
2.245833333333333215e+01,1.657975291418109787e-01
2.247916666666666430e+01,1.670956666963501203e-01
2.250000000000000000e+01,1.679514168526115847e-01
2.252083333333333215e+01,1.707330535142652372e-01
2.254166666666666430e+01,1.743328184607584319e-01
2.256250000000000000e+01,1.764325638546856978e-01
2.258333333333333215e+01,1.781617933587409108e-01
2.260416666666666430e+01,1.814118731992649947e-01
2.262500000000000000e+01,1.848475731819012313e-01
2.264583333333333215e+01,1.862186775201212230e-01
2.266666666666666430e+01,1.867999741429959559e-01
2.268750000000000000e+01,1.890837119182039450e-01
2.270833333333333215e+01,1.920044821372736965e-01
2.272916666666666430e+01,1.932832829226585059e-01
2.275000000000000000e+01,1.940328846648611272e-01
2.277083333333333215e+01,1.959009004196627657e-01
2.279166666666666430e+01,1.973450361590524116e-01
2.281250000000000000e+01,1.960133495833066841e-01
2.283333333333333215e+01,1.929980339274320333e-01
2.285416666666666430e+01,1.906348410110940972e-01
2.287500000000000000e+01,1.879054962446262134e-01
2.289583333333333215e+01,1.840238088353826351e-01
2.291666666666666430e+01,1.805834219269226715e-01
2.293750000000000000e+01,1.781735598270449139e-01
2.295833333333333215e+01,1.752478398278758953e-01
2.297916666666666430e+01,1.727331742737017728e-01
2.300000000000000000e+01,1.718571787956124364e-01
2.302083333333333215e+01,1.709891552114984059e-01
2.304166666666666430e+01,1.683105532091994094e-01
2.306250000000000000e+01,1.651533643805135620e-01
2.308333333333333215e+01,1.638403232634258466e-01
2.310416666666666430e+01,1.631805418466073243e-01
2.312500000000000000e+01,1.610057637402459441e-01
2.314583333333333215e+01,1.585258820654323331e-01
2.316666666666666430e+01,1.581128866857728077e-01
2.318750000000000000e+01,1.586617044521040631e-01
2.320833333333333215e+01,1.580285218648460055e-01
2.322916666666666430e+01,1.575465511434978316e-01
2.325000000000000000e+01,1.595655677959375573e-01
2.327083333333333215e+01,1.629978124191221178e-01
2.329166666666666430e+01,1.656208043277302977e-01
2.331250000000000000e+01,1.681865723106097388e-01
2.333333333333333215e+01,1.714971608489499755e-01
2.335416666666666430e+01,1.740580516428595070e-01
2.337500000000000000e+01,1.753019572019783590e-01
2.339583333333333215e+01,1.768320866435428018e-01
2.341666666666666430e+01,1.781063955124280174e-01
2.343750000000000000e+01,1.774586519228880666e-01
2.345833333333333215e+01,1.762154801055312026e-01
2.347916666666666430e+01,1.765397276872432419e-01
2.350000000000000000e+01,1.770598726666414435e-01
2.352083333333333215e+01,1.753722356529118509e-01
2.354166666666666430e+01,1.727116585324260656e-01
2.356250000000000000e+01,1.712860412487925421e-01
2.358333333333333215e+01,1.702080667989516183e-01
2.360416666666666430e+01,1.670162138093223836e-01
2.362500000000000000e+01,1.602393006832450173e-01
2.364583333333333215e+01,1.510490447574123485e-01
2.366666666666666430e+01,1.417329757248305122e-01
2.368750000000000000e+01,1.317575518659004907e-01
2.370833333333333215e+01,1.205679473089209530e-01
2.372916666666666430e+01,1.099170789156565103e-01
2.375000000000000000e+01,1.004205993523196588e-01
2.377083333333333215e+01,9.066449414059975231e-02
2.379166666666666430e+01,8.146795703278782164e-02
2.381250000000000000e+01,7.467037758490077670e-02
2.383333333333333215e+01,6.892476733495286889e-02
2.385416666666666430e+01,6.189903671518766359e-02
2.387500000000000000e+01,5.486957093631784910e-02
2.389583333333333215e+01,5.006264107119038492e-02
2.391666666666666430e+01,4.632552038508994802e-02
2.393750000000000000e+01,4.131576107717437746e-02
2.395833333333333215e+01,3.621255088675162659e-02
2.397916666666666430e+01,3.324537522769736159e-02
2.400000000000000000e+01,3.123603493526582592e-02
2.402083333333333215e+01,2.784711190039203255e-02
2.404166666666666430e+01,2.427450822747492798e-02
2.406250000000000000e+01,2.274312048091239186e-02
2.408333333333333215e+01,2.214948182188185288e-02
2.410416666666666430e+01,2.066327809511766395e-02
2.412500000000000000e+01,1.973641282223270732e-02
2.414583333333333215e+01,2.171057426842500082e-02
2.416666666666666430e+01,2.546457847540212205e-02
2.418750000000000000e+01,2.869767249122775685e-02
2.420833333333333215e+01,3.249713040007018439e-02
2.422916666666666430e+01,3.776597179413163780e-02
2.425000000000000000e+01,4.286597063633271198e-02
2.427083333333333215e+01,4.643808249567806662e-02
2.429166666666666430e+01,5.005778404174062585e-02
2.431250000000000000e+01,5.528182619015504368e-02
2.433333333333333215e+01,6.062699031277225814e-02
2.435416666666666430e+01,6.380134411012566842e-02
2.437500000000000000e+01,6.596867721174369537e-02
2.439583333333333215e+01,6.951604249411802439e-02
2.441666666666666430e+01,7.316202067534652298e-02
2.443750000000000000e+01,7.456957090694338319e-02
2.445833333333333215e+01,7.482029705348279547e-02
2.447916666666666430e+01,7.621262267759434939e-02
2.450000000000000000e+01,7.746244389854402279e-02
2.452083333333333215e+01,7.610293854197644481e-02
2.454166666666666430e+01,7.321332374003909627e-02
2.456250000000000000e+01,7.111212027751524778e-02
2.458333333333333215e+01,6.918766899500643219e-02
2.460416666666666430e+01,6.597917446277294651e-02
2.462500000000000000e+01,6.294102879447921461e-02
2.464583333333333215e+01,6.236775305160388583e-02
2.466666666666666430e+01,6.311853269965012059e-02
2.468750000000000000e+01,6.283400324127123848e-02
2.470833333333333215e+01,6.270726353605696191e-02
2.472916666666666430e+01,6.456379710279361306e-02
2.475000000000000000e+01,6.705807812507531829e-02
2.477083333333333215e+01,6.793488100298068766e-02
2.479166666666666430e+01,6.848890396155618565e-02
2.481250000000000000e+01,7.121337795260317127e-02
2.483333333333333215e+01,7.503610184153543250e-02
2.485416666666666430e+01,7.761741237241640001e-02
2.487500000000000000e+01,7.953902930075905375e-02
2.489583333333333215e+01,8.245215997635724214e-02
2.491666666666666430e+01,8.495184107500323989e-02
2.493750000000000000e+01,8.472996367755254721e-02
2.495833333333333215e+01,8.291500876370136441e-02
2.497916666666666430e+01,8.183171220217050346e-02
2.500000000000000000e+01,8.035778665158403722e-02
2.502083333333333215e+01,7.721880177299064729e-02
2.504166666666666430e+01,7.400836477436230354e-02
2.506250000000000000e+01,7.295061832951689473e-02
2.508333333333333215e+01,7.277357299434907001e-02
2.510416666666666430e+01,7.100607115717282036e-02
2.512500000000000000e+01,6.877894379900412192e-02
2.514583333333333215e+01,6.836485468142676492e-02
2.516666666666666430e+01,6.853113749923601949e-02
2.518750000000000000e+01,6.703035645163479828e-02
2.520833333333333215e+01,6.490399372181961113e-02
2.522916666666666430e+01,6.378181102493153676e-02
2.525000000000000000e+01,6.234934612439368279e-02
2.527083333333333215e+01,5.831567813358344565e-02
2.529166666666666430e+01,5.297818715146419832e-02
2.531250000000000000e+01,4.874782339477187060e-02
2.533333333333333215e+01,4.461333045368220951e-02
2.535416666666666430e+01,3.868315977390893168e-02
2.537500000000000000e+01,3.231085173746908040e-02
2.539583333333333215e+01,2.801455548360536410e-02
2.541666666666666430e+01,2.464233026771470852e-02
2.543750000000000000e+01,1.997557938169797903e-02
2.545833333333333215e+01,1.517655094683010783e-02
2.547916666666666430e+01,1.266096703128012473e-02
2.550000000000000000e+01,1.119283676427450941e-02
2.552083333333333215e+01,8.392148965253498974e-03
2.554166666666666430e+01,5.373337620465492952e-03
2.556250000000000000e+01,4.423990306000652808e-03
2.558333333333333215e+01,4.297485279144050950e-03
2.560416666666666430e+01,2.542425097848959471e-03
2.562500000000000000e+01,2.298635272710802227e-04
2.564583333333333215e+01,-4.128107580629303535e-04
2.566666666666666430e+01,-5.666560783689681248e-04
2.568750000000000000e+01,-1.933521436435269329e-03
2.570833333333333215e+01,-3.049812766789780812e-03
2.572916666666666430e+01,-1.648625880587109007e-03
2.575000000000000000e+01,1.100317533378815252e-03
2.577083333333333215e+01,2.800385053241868233e-03
2.579166666666666430e+01,4.662120963011018651e-03
2.581250000000000000e+01,9.042147318403758599e-03
2.583333333333333215e+01,1.480517697332637064e-02
2.585416666666666430e+01,1.957956939100529564e-02
2.587500000000000000e+01,2.371430208148231009e-02
2.589583333333333215e+01,2.890139457915904403e-02
2.591666666666666430e+01,3.389808635835546424e-02
2.593750000000000000e+01,3.645513707226930022e-02
2.595833333333333215e+01,3.785823289596993574e-02
2.597916666666666430e+01,4.056458143647947295e-02
2.600000000000000000e+01,4.345475077893342503e-02
2.602083333333333215e+01,4.424699742756707521e-02
2.604166666666666430e+01,4.408807919411364407e-02
2.606250000000000000e+01,4.534315096254858818e-02
2.608333333333333215e+01,4.674348033172810724e-02
2.610416666666666430e+01,4.592778464213775197e-02
2.612500000000000000e+01,4.399151847439276147e-02
2.614583333333333215e+01,4.319739110661549586e-02
2.616666666666666430e+01,4.225354285335494731e-02
2.618750000000000000e+01,3.867140527122184257e-02
2.620833333333333215e+01,3.352104145490415049e-02
2.622916666666666430e+01,2.924950166652103348e-02
2.625000000000000000e+01,2.593823724507993839e-02
2.627083333333333215e+01,2.175785578305299700e-02
2.629166666666666430e+01,1.790018468788943246e-02
2.631250000000000000e+01,1.667437999571823662e-02
2.633333333333333215e+01,1.697138259911894903e-02
2.635416666666666430e+01,1.647613365756582862e-02
2.637500000000000000e+01,1.632523979634853059e-02
2.639583333333333215e+01,1.798467671183154315e-02
2.641666666666666430e+01,1.996680300825735832e-02
2.643750000000000000e+01,2.004821397119824558e-02
2.645833333333333215e+01,1.952103106338959684e-02
2.647916666666666430e+01,2.087550011828733995e-02
2.650000000000000000e+01,2.301794567151228821e-02
2.652083333333333215e+01,2.369236048191690480e-02
2.654166666666666430e+01,2.414162509935940254e-02
2.656250000000000000e+01,2.681231570032099193e-02
2.658333333333333215e+01,3.054899404270422156e-02
2.660416666666666430e+01,3.303194591900222160e-02
2.662500000000000000e+01,3.515010378916575556e-02
2.664583333333333215e+01,3.804290875137206901e-02
2.666666666666666430e+01,4.012527331316786960e-02
2.668750000000000000e+01,4.008134017088693657e-02
2.670833333333333215e+01,3.967890039126798635e-02
2.672916666666666430e+01,4.112006891205833431e-02
2.675000000000000000e+01,4.312557543922247716e-02
2.677083333333333215e+01,4.323708930855589549e-02
2.679166666666666430e+01,4.268727040939476747e-02
2.681250000000000000e+01,4.375826459714655253e-02
2.683333333333333215e+01,4.515737657592577836e-02
2.685416666666666430e+01,4.438997160610191201e-02
2.687500000000000000e+01,4.258965082028156462e-02
2.689583333333333215e+01,4.201312318212715308e-02
2.691666666666666430e+01,4.127683321891539164e-02
2.693750000000000000e+01,3.793200146664036515e-02
2.695833333333333215e+01,3.314762769725759783e-02
2.697916666666666430e+01,2.927261432655984402e-02
2.700000000000000000e+01,2.561751748434913309e-02
2.702083333333333215e+01,2.109819669645016105e-02
2.704166666666666430e+01,1.724996614857789157e-02
2.706250000000000000e+01,1.540316359405244362e-02
2.708333333333333215e+01,1.386774491023735380e-02
2.710416666666666430e+01,1.072512316721683547e-02
2.712500000000000000e+01,7.429297648272797060e-03
2.714583333333333215e+01,6.504419025724171056e-03
2.716666666666666430e+01,6.821292393507562973e-03
2.718750000000000000e+01,6.158223639316454806e-03
2.720833333333333215e+01,5.808634179050116766e-03
2.722916666666666430e+01,7.621870626423864377e-03
2.725000000000000000e+01,1.020284050325163949e-02
2.727083333333333215e+01,1.128054546617035352e-02
2.729166666666666430e+01,1.219436304648174006e-02
2.731250000000000000e+01,1.536360613383719667e-02
2.733333333333333215e+01,1.961447914144804142e-02
2.735416666666666430e+01,2.262715380017694955e-02
2.737500000000000000e+01,2.499422198220895702e-02
2.739583333333333215e+01,2.844892803458741806e-02
2.741666666666666430e+01,3.152696273155861095e-02
2.743750000000000000e+01,3.194358949738259484e-02
2.745833333333333215e+01,3.088506691816170907e-02
2.747916666666666430e+01,3.063097793807994032e-02
2.750000000000000000e+01,2.990685529263559933e-02
2.752083333333333215e+01,2.701299624712326028e-02
2.754166666666666430e+01,2.341004173850563114e-02
2.756250000000000000e+01,2.129455890957725195e-02
2.758333333333333215e+01,1.932835751461410220e-02
2.760416666666666430e+01,1.510999849838200876e-02
2.762500000000000000e+01,9.806380930751548708e-03
2.764583333333333215e+01,5.781433324820815095e-03
2.766666666666666430e+01,2.638721428682298115e-03
2.768750000000000000e+01,-1.568834677709481269e-03
2.770833333333333215e+01,-5.555799683464872525e-03
2.772916666666666430e+01,-7.047485047642365781e-03
2.775000000000000000e+01,-7.207085198347654501e-03
2.777083333333333215e+01,-8.315228824944755764e-03
2.779166666666666430e+01,-8.994206348722116537e-03
2.781250000000000000e+01,-6.835457891556960715e-03
2.783333333333333215e+01,-2.990606445876392485e-03
2.785416666666666430e+01,2.072086005170850186e-04
2.787500000000000000e+01,3.072365419088690479e-03
2.789583333333333215e+01,7.488928802209290046e-03
2.791666666666666430e+01,1.224180115331972678e-02
2.793750000000000000e+01,1.508232866689372502e-02
2.795833333333333215e+01,1.723503850468498244e-02
2.797916666666666430e+01,2.103354305840746119e-02
2.800000000000000000e+01,2.518084212040697795e-02
2.802083333333333215e+01,2.739369310842542857e-02
2.804166666666666430e+01,2.881755889847056190e-02
2.806250000000000000e+01,3.172093428218759892e-02
2.808333333333333215e+01,3.470189549225739106e-02
2.810416666666666430e+01,3.530670247473382400e-02
2.812500000000000000e+01,3.471225294797852107e-02
2.814583333333333215e+01,3.510973997489390958e-02
2.816666666666666430e+01,3.515164900578911927e-02
2.818750000000000000e+01,3.241837215473066663e-02
2.820833333333333215e+01,2.810862137883369735e-02
2.822916666666666430e+01,2.457291200214221927e-02
2.825000000000000000e+01,2.139741000100817483e-02
2.827083333333333215e+01,1.676172472421098500e-02
2.829166666666666430e+01,1.201582264733540469e-02
2.831250000000000000e+01,9.430885012037398818e-03
2.833333333333333215e+01,7.851807948578926055e-03
2.835416666666666430e+01,4.999228410032297704e-03
2.837500000000000000e+01,2.273433620742939306e-03
2.839583333333333215e+01,2.112650499105753893e-03
2.841666666666666430e+01,3.349971821765566383e-03
2.843750000000000000e+01,3.793018366465603520e-03
2.845833333333333215e+01,4.628692377060482019e-03
2.847916666666666430e+01,6.909921890951040667e-03
2.850000000000000000e+01,8.932131715979528541e-03
2.852083333333333215e+01,9.006343443079078623e-03
2.854166666666666430e+01,8.624098654673124920e-03
2.856250000000000000e+01,1.015104700381289429e-02
2.858333333333333215e+01,1.224242158466189515e-02
2.860416666666666430e+01,1.258300731867012003e-02
2.862500000000000000e+01,1.234179770979258045e-02
2.864583333333333215e+01,1.378684659315301819e-02
2.866666666666666430e+01,1.553519926680155261e-02
2.868750000000000000e+01,1.517864235860557492e-02
2.870833333333333215e+01,1.386652648468547980e-02
2.872916666666666430e+01,1.378022873453690206e-02
2.875000000000000000e+01,1.362220736366781711e-02
2.877083333333333215e+01,1.133296607869598537e-02
2.879166666666666430e+01,8.276981757924397817e-03
2.881250000000000000e+01,6.694493260378972001e-03
2.883333333333333215e+01,5.409108210478268640e-03
2.885416666666666430e+01,2.483035813527569718e-03
2.887500000000000000e+01,-5.453951858402964446e-04
2.889583333333333215e+01,-1.371489020049003948e-03
2.891666666666666430e+01,-1.161551670029765644e-03
2.893750000000000000e+01,-2.186600960245360138e-03
2.895833333333333215e+01,-3.103887196533919833e-03
2.897916666666666430e+01,-1.486029573394071412e-03
2.900000000000000000e+01,1.504748355265251008e-03
2.902083333333333215e+01,3.656183999262897603e-03
2.904166666666666430e+01,6.095723154612935242e-03
2.906250000000000000e+01,9.473784838063992186e-03
2.908333333333333215e+01,1.207743559554854372e-02
2.910416666666666430e+01,1.391222829446388080e-02
2.912500000000000000e+01,1.670408616407575292e-02
2.914583333333333215e+01,1.921668507788050831e-02
2.916666666666666430e+01,1.903878410446448177e-02
2.918750000000000000e+01,1.699439472269108700e-02
2.920833333333333215e+01,1.322839778908840684e-02
2.922916666666666430e+01,6.032434085281543693e-03
2.925000000000000000e+01,-3.358382664482545410e-03
2.927083333333333215e+01,-1.262046621446850057e-02
2.929166666666666430e+01,-2.282827814826825230e-02
2.931250000000000000e+01,-3.410550984158723653e-02
2.933333333333333215e+01,-4.474959152921234584e-02
2.935416666666666430e+01,-5.513792601602320043e-02
2.937500000000000000e+01,-6.620696202143709630e-02
2.939583333333333215e+01,-7.644224264642605904e-02
2.941666666666666430e+01,-8.424557951245037479e-02
2.943750000000000000e+01,-9.122059063657950162e-02
2.945833333333333215e+01,-9.950334862222062760e-02
2.947916666666666430e+01,-1.078927882657028520e-01
2.950000000000000000e+01,-1.140085009082099227e-01
2.952083333333333215e+01,-1.189413005019639147e-01
2.954166666666666430e+01,-1.249070953629630581e-01
2.956250000000000000e+01,-1.305372900212362075e-01
2.958333333333333215e+01,-1.335118850721997985e-01
2.960416666666666430e+01,-1.348971160056203489e-01
2.962500000000000000e+01,-1.369658627601054723e-01
2.964583333333333215e+01,-1.384223661800456084e-01
2.966666666666666430e+01,-1.370283848350788425e-01
2.968750000000000000e+01,-1.339784435823528908e-01
2.970833333333333215e+01,-1.316648709211113155e-01
2.972916666666666430e+01,-1.289419949797350473e-01
2.975000000000000000e+01,-1.240309358269278683e-01
2.977083333333333215e+01,-1.183413411813471205e-01
2.979166666666666430e+01,-1.142546149442239117e-01
2.981250000000000000e+01,-1.106954698095406059e-01
2.983333333333333215e+01,-1.054492028373817947e-01
2.985416666666666430e+01,-9.987948117935360748e-02
2.987500000000000000e+01,-9.630984048061043412e-02
2.989583333333333215e+01,-9.367771791196655151e-02
2.991666666666666430e+01,-8.970297007901863184e-02
2.993750000000000000e+01,-8.568748070770024206e-02
2.995833333333333215e+01,-8.387403830257504633e-02
2.997916666666666430e+01,-8.305553657622483099e-02
3.000000000000000000e+01,-8.089729215354912739e-02
3.002083333333333215e+01,-7.857315300034348193e-02
3.004166666666666430e+01,-7.829069374450624286e-02
3.006250000000000000e+01,-7.879114103850134998e-02
3.008333333333333215e+01,-7.767094349209023585e-02
3.010416666666666430e+01,-7.601257552991062816e-02
3.012500000000000000e+01,-7.599076406398289074e-02
3.014583333333333215e+01,-7.635782743237808090e-02
3.016666666666666430e+01,-7.546323269873884965e-02
3.018750000000000000e+01,-7.471462415079824226e-02
3.020833333333333215e+01,-7.635647377394218227e-02
3.022916666666666430e+01,-7.907870778915454535e-02
3.025000000000000000e+01,-8.061462183094550427e-02
3.027083333333333215e+01,-8.214284855370898586e-02
3.029166666666666430e+01,-8.597266624798627355e-02
3.031250000000000000e+01,-9.092027063038198020e-02
3.033333333333333215e+01,-9.474955318466023180e-02
3.035416666666666430e+01,-9.852835369566709245e-02
3.037500000000000000e+01,-1.030931556859079751e-01
3.039583333333333215e+01,-1.068398579176281921e-01
3.041666666666666430e+01,-1.088213429546642658e-01
3.043750000000000000e+01,-1.107091539396858199e-01
3.045833333333333215e+01,-1.132769506803502774e-01
3.047916666666666430e+01,-1.149349644864438441e-01
3.050000000000000000e+01,-1.152801031899756135e-01
3.052083333333333215e+01,-1.159712100608226160e-01
3.054166666666666430e+01,-1.160854856724890388e-01
3.056250000000000000e+01,-1.145530683547539841e-01
3.058333333333333215e+01,-1.130019651813773535e-01
3.060416666666666430e+01,-1.131731101303297404e-01
3.062500000000000000e+01,-1.135741295263705264e-01
3.064583333333333215e+01,-1.119043738038769803e-01
3.066666666666666430e+01,-1.093930680494896446e-01
3.068750000000000000e+01,-1.082775651239489545e-01
3.070833333333333215e+01,-1.072831708425947272e-01
3.072916666666666430e+01,-1.040218564132637385e-01
3.075000000000000000e+01,-9.965613983642124252e-02
3.077083333333333215e+01,-9.648560184850334120e-02
3.079166666666666430e+01,-9.367718167094080117e-02
3.081250000000000000e+01,-9.006172637055828711e-02
3.083333333333333215e+01,-8.715859634337146111e-02
3.085416666666666430e+01,-8.687228845764803642e-02
3.087500000000000000e+01,-8.778983958010455613e-02
3.089583333333333215e+01,-8.756248027194879491e-02
3.091666666666666430e+01,-8.727107191378960516e-02
3.093750000000000000e+01,-8.914196389614367777e-02
3.095833333333333215e+01,-9.186664797817725714e-02
3.097916666666666430e+01,-9.318615604042364275e-02
3.100000000000000000e+01,-9.426371204506395207e-02
3.102083333333333215e+01,-9.743551917608567203e-02
3.104166666666666430e+01,-1.015497993485000028e-01
3.106250000000000000e+01,-1.043901844838028559e-01
3.108333333333333215e+01,-1.066391612822733537e-01
3.110416666666666430e+01,-1.074868533701070494e-01
3.112500000000000000e+01,-1.048023974674303638e-01
3.114583333333333215e+01,-9.986778307429539092e-02
3.116666666666666430e+01,-9.510207066537434972e-02
3.118750000000000000e+01,-8.928842918207413604e-02
3.120833333333333215e+01,-8.030790354589652236e-02
3.122916666666666430e+01,-6.943663061691937588e-02
3.125000000000000000e+01,-5.916181991498501574e-02
3.127083333333333215e+01,-4.829908701936628385e-02
3.129166666666666430e+01,-3.575829046006262502e-02
3.131250000000000000e+01,-2.334576665263833964e-02
3.133333333333333215e+01,-1.323098241661415167e-02
3.135416666666666430e+01,-4.143192280400022180e-03
3.137500000000000000e+01,6.360020405242111652e-03
3.139583333333333215e+01,1.703784674178180497e-02
3.141666666666666430e+01,2.573813686891774505e-02
3.143750000000000000e+01,3.365109185383766133e-02
3.145833333333333215e+01,4.146025657866323627e-02
3.147916666666666430e+01,4.752544182863212979e-02
3.150000000000000000e+01,5.175242667999793711e-02
3.152083333333333215e+01,5.599251335806337826e-02
3.154166666666666430e+01,5.907869400286921285e-02
3.156250000000000000e+01,5.877434035156840764e-02
3.158333333333333215e+01,5.643770579965470824e-02
3.160416666666666430e+01,5.442785982549348811e-02
3.162500000000000000e+01,5.181302454698921006e-02
3.164583333333333215e+01,4.766683595233829618e-02
3.166666666666666430e+01,4.367593138344053050e-02
3.168750000000000000e+01,4.110832077037129134e-02
3.170833333333333215e+01,3.828684858521567286e-02
3.172916666666666430e+01,3.391500396219363639e-02
3.175000000000000000e+01,2.967793558924530783e-02
3.177083333333333215e+01,2.784690397265678768e-02
3.179166666666666430e+01,2.706213545400201412e-02
3.181250000000000000e+01,2.486687000050692709e-02
3.183333333333333215e+01,2.243384185149351062e-02
3.185416666666666430e+01,2.216707325271480983e-02
3.187500000000000000e+01,2.278030633123847085e-02
3.189583333333333215e+01,2.195602446312025849e-02
3.191666666666666430e+01,2.096890681149174776e-02
3.193750000000000000e+01,2.230685192858766763e-02
3.195833333333333215e+01,2.478409890454918649e-02
3.197916666666666430e+01,2.611927276151904814e-02
3.200000000000000000e+01,2.748983003304089970e-02
3.202083333333332860e+01,2.971101993718804415e-02
3.204166666666666430e+01,3.113771132596106217e-02
3.206250000000000000e+01,3.131958465096115057e-02
3.208333333333332860e+01,3.198646928000295486e-02
3.210416666666666430e+01,3.219889254516817428e-02
3.212500000000000000e+01,3.077825387830014636e-02
3.214583333333332860e+01,2.946707820305031686e-02
3.216666666666666430e+01,2.992440478948566254e-02
3.218750000000000000e+01,3.066321989705883544e-02
3.220833333333332860e+01,2.939315537534098466e-02
3.222916666666666430e+01,2.749618041884706321e-02
3.225000000000000000e+01,2.736790080162313996e-02
3.227083333333332860e+01,2.784987056164716507e-02
3.229166666666666430e+01,2.659549902942930089e-02
3.231250000000000000e+01,2.490140242814133445e-02
3.233333333333332860e+01,2.507850695133384197e-02
3.235416666666666430e+01,2.585211719745169473e-02
3.237500000000000000e+01,2.474075284530608335e-02
3.239583333333332860e+01,2.291736924950730711e-02
3.241666666666666430e+01,2.265064489829483885e-02
3.243750000000000000e+01,2.254166010226976019e-02
3.245833333333332860e+01,2.010556683850836870e-02
3.247916666666666430e+01,1.648517572019075894e-02
3.250000000000000000e+01,1.399943922938136354e-02
3.252083333333332860e+01,1.186623130968790518e-02
3.254166666666666430e+01,8.879519205487917261e-03
3.256250000000000000e+01,6.573255097907605704e-03
3.258333333333332860e+01,6.553441119986049869e-03
3.260416666666666430e+01,7.208987629189122712e-03
3.262500000000000000e+01,6.214159592656127648e-03
3.264583333333332860e+01,4.838068789585057983e-03
3.266666666666666430e+01,5.568880634652304679e-03
3.268750000000000000e+01,7.240313377786513835e-03
3.270833333333332860e+01,7.592438476330547886e-03
3.272916666666666430e+01,8.014960331555720172e-03
3.275000000000000000e+01,1.090938797583329914e-02
3.277083333333332860e+01,1.509264350763841675e-02
3.279166666666666430e+01,1.828380035610257387e-02
3.281250000000000000e+01,2.131734791516986735e-02
3.283333333333332860e+01,2.527418345353704687e-02
3.285416666666666430e+01,2.856811153444373946e-02
3.287500000000000000e+01,2.980072598695020572e-02
3.289583333333332860e+01,3.068081939925968935e-02
3.291666666666666430e+01,3.361599424574949341e-02
3.293750000000000000e+01,3.739705730388468569e-02
3.295833333333332860e+01,3.973299966402084327e-02
3.297916666666666430e+01,4.142480145094313421e-02
3.300000000000000000e+01,4.462374302591862879e-02
3.302083333333332860e+01,4.799286037863218640e-02
3.304166666666666430e+01,4.925022474496743713e-02
3.306250000000000000e+01,4.955224402205521406e-02
3.308333333333332860e+01,5.115696162006725528e-02
3.310416666666666430e+01,5.279203800745880387e-02
3.312500000000000000e+01,5.207369571618213760e-02
3.314583333333332860e+01,5.019255368969798015e-02
3.316666666666666430e+01,4.936160782581895667e-02
3.318750000000000000e+01,4.844852441544460209e-02
3.320833333333332860e+01,4.622916931453889544e-02
3.322916666666666430e+01,4.431543656274940235e-02
3.325000000000000000e+01,4.481714318570153427e-02
3.327083333333332860e+01,4.635040626830939925e-02
3.329166666666666430e+01,4.655308766307697521e-02
3.331250000000000000e+01,4.650537333271156926e-02
3.333333333333332860e+01,4.842066971156975402e-02
3.335416666666666430e+01,5.100826708148892275e-02
3.337500000000000000e+01,5.197626575253622150e-02
3.339583333333332860e+01,5.245586486203682869e-02
3.341666666666666430e+01,5.478916680685610302e-02
3.343750000000000000e+01,5.781353018346060274e-02
3.345833333333332860e+01,5.932293929529292020e-02
3.347916666666666430e+01,6.052051099347496160e-02
3.350000000000000000e+01,6.310506561783922608e-02
3.352083333333332860e+01,6.570010277405879950e-02
3.354166666666666430e+01,6.609734643507450547e-02
3.356250000000000000e+01,6.559595381826649474e-02
3.358333333333332860e+01,6.655067195287782400e-02
3.360416666666666430e+01,6.786635800208437597e-02
3.362500000000000000e+01,6.731086604477293234e-02
3.364583333333332860e+01,6.616522205230750131e-02
3.366666666666666430e+01,6.670169988509527803e-02
3.368750000000000000e+01,6.774276520548722091e-02
3.370833333333332860e+01,6.692266882900577141e-02
3.372916666666666430e+01,6.539521611791164479e-02
3.375000000000000000e+01,6.534257816373033323e-02
3.377083333333332860e+01,6.546394819579050284e-02
3.379166666666666430e+01,6.338345548283419451e-02
3.381250000000000000e+01,6.018560875193972731e-02
3.383333333333332860e+01,5.803672150406558039e-02
3.385416666666666430e+01,5.577539501032170721e-02
3.387500000000000000e+01,5.206636258774992310e-02
3.389583333333332860e+01,4.848922407125526302e-02
3.391666666666666430e+01,4.730982573216974130e-02
3.393750000000000000e+01,4.728891928098664932e-02
3.395833333333332860e+01,4.613382046658392327e-02
3.397916666666666430e+01,4.502293817152541039e-02
3.400000000000000000e+01,4.630028629475078927e-02
3.402083333333332860e+01,4.883557419730689270e-02
3.404166666666666430e+01,5.041869376426685867e-02
3.406250000000000000e+01,5.189669554178079347e-02
3.408333333333332860e+01,5.419350193823614659e-02
3.410416666666666430e+01,5.579852997092104444e-02
3.412500000000000000e+01,5.579900323262020068e-02
3.414583333333332860e+01,5.586544388045554949e-02
3.416666666666666430e+01,5.685361455668800496e-02
3.418750000000000000e+01,5.720707009889801353e-02
3.420833333333332860e+01,5.623709915196144216e-02
3.422916666666666430e+01,5.558123370438811800e-02
3.425000000000000000e+01,5.534238935073269861e-02
3.427083333333332860e+01,5.380149683179604597e-02
3.429166666666666430e+01,5.213989913050656039e-02
3.431250000000000000e+01,5.253883345540575484e-02
3.433333333333332860e+01,5.359762804089635013e-02
3.435416666666666430e+01,5.287397495131886810e-02
3.437500000000000000e+01,5.155122869285058695e-02
3.439583333333332860e+01,5.181320026003528867e-02
3.441666666666666430e+01,5.230858742924839738e-02
3.443750000000000000e+01,5.063181220925089265e-02
3.445833333333332860e+01,4.802562122036019981e-02
3.447916666666666430e+01,4.672446939206392758e-02
3.450000000000000000e+01,4.553090719377146656e-02
3.452083333333332860e+01,4.237627847656001701e-02
3.454166666666666430e+01,3.876050699227568536e-02
3.456250000000000000e+01,3.698916065066434194e-02
3.458333333333332860e+01,3.589594626890712376e-02
3.460416666666666430e+01,3.325270553461135564e-02
3.462500000000000000e+01,3.047324628817280057e-02
3.464583333333332860e+01,3.000499617487747267e-02
3.466666666666666430e+01,3.065104200843661586e-02
3.468750000000000000e+01,3.023039052196131379e-02
3.470833333333332860e+01,3.009402378086424232e-02
3.472916666666666430e+01,3.263768363294428793e-02
3.475000000000000000e+01,3.659083527066469416e-02
3.477083333333332860e+01,3.963356494354301068e-02
3.479166666666666430e+01,4.234113177678600071e-02
3.481250000000000000e+01,4.635198152418512629e-02
3.483333333333332860e+01,5.010801147437184827e-02
3.485416666666666430e+01,5.130085430241607819e-02
3.487500000000000000e+01,5.109418711669878183e-02
3.489583333333332860e+01,5.167146326634510650e-02
3.491666666666666430e+01,5.180490560800731642e-02
3.493750000000000000e+01,5.027988753171419578e-02
3.495833333333332860e+01,4.881584499969671143e-02
3.497916666666666430e+01,4.953233240211445121e-02
3.500000000000000000e+01,5.107015714112875249e-02
3.502083333333332860e+01,5.103898457192584948e-02
3.504166666666666430e+01,5.078756096893668331e-02
3.506250000000000000e+01,5.260946414333694116e-02
3.508333333333332860e+01,5.528363061570720771e-02
3.510416666666666430e+01,5.655091129883831058e-02
3.512500000000000000e+01,5.766141501700901978e-02
3.514583333333332860e+01,6.075609717844311641e-02
3.516666666666666430e+01,6.456184508358681073e-02
3.518750000000000000e+01,6.690789407441653791e-02
3.520833333333332860e+01,6.901554152221500704e-02
3.522916666666666430e+01,7.184996094781584408e-02
3.525000000000000000e+01,7.374800654815470702e-02
3.527083333333332860e+01,7.376878909082427993e-02
3.529166666666666430e+01,7.363242459612216739e-02
3.531250000000000000e+01,7.458214902126134027e-02
3.533333333333332860e+01,7.485456204389143164e-02
3.535416666666666430e+01,7.280662563264207743e-02
3.537500000000000000e+01,6.994016791404834843e-02
3.539583333333332860e+01,6.850489329983833198e-02
3.541666666666666430e+01,6.719642827713294408e-02
3.543750000000000000e+01,6.364473167337063308e-02
3.545833333333332860e+01,5.902571063340875807e-02
3.547916666666666430e+01,5.556649590491165303e-02
3.550000000000000000e+01,5.233499711394493797e-02
3.552083333333332860e+01,4.822750635797456303e-02
3.554166666666666430e+01,4.484962456003731279e-02
3.556250000000000000e+01,4.385828965429818677e-02
3.558333333333332860e+01,4.374102214582587661e-02
3.560416666666666430e+01,4.215487505656884126e-02
3.562500000000000000e+01,4.046374105674759025e-02
3.564583333333332860e+01,4.097538894959475847e-02
3.566666666666666430e+01,4.249557910634886582e-02
3.568750000000000000e+01,4.277975912052459778e-02
3.570833333333332860e+01,4.321493373803463045e-02
3.572916666666666430e+01,4.620851816815052526e-02
3.575000000000000000e+01,5.059550345942641358e-02
3.577083333333332860e+01,5.403654224442802634e-02
3.579166666666666430e+01,5.678372928709289613e-02
3.581250000000000000e+01,6.071561720702280812e-02
3.583333333333332860e+01,6.460265642872681235e-02
3.585416666666666430e+01,6.620452617239321047e-02
3.587500000000000000e+01,6.675139783917451164e-02
3.589583333333332860e+01,6.855006667928514874e-02
3.591666666666666430e+01,7.033782338623213726e-02
3.593750000000000000e+01,6.983615434810043487e-02
3.595833333333332860e+01,6.824288086578526868e-02
3.597916666666666430e+01,6.777138277775958397e-02
3.600000000000000000e+01,6.704449969486682426e-02
3.602083333333332860e+01,6.378361946007241046e-02
3.604166666666666430e+01,5.922900110763051201e-02
3.606250000000000000e+01,5.569955986898240952e-02
3.608333333333332860e+01,5.265700578985553493e-02
3.610416666666666430e+01,4.841948135831760508e-02
3.612500000000000000e+01,4.444131223131823905e-02
3.614583333333332860e+01,4.298735637080564054e-02
3.616666666666666430e+01,4.285580264783287602e-02
3.618750000000000000e+01,4.176643620551041824e-02
3.620833333333332860e+01,4.109700629916469145e-02
3.622916666666666430e+01,4.312863039848976315e-02
3.625000000000000000e+01,4.665217181265263885e-02
3.627083333333332860e+01,4.936845980093202552e-02
3.629166666666666430e+01,5.172154974070632127e-02
3.631250000000000000e+01,5.540207117613626248e-02
3.633333333333332860e+01,5.910369352536369580e-02
3.635416666666666430e+01,6.060701096208275657e-02
3.637500000000000000e+01,6.123899612719671537e-02
3.639583333333332860e+01,6.337630925694742734e-02
3.641666666666666430e+01,6.566516442688140331e-02
3.643750000000000000e+01,6.581378269089094291e-02
3.645833333333332860e+01,6.501409277766928563e-02
3.647916666666666430e+01,6.552473012086773574e-02
3.650000000000000000e+01,6.596411811780775181e-02
3.652083333333332860e+01,6.395507566876537653e-02
3.654166666666666430e+01,6.066646439828998066e-02
3.656250000000000000e+01,5.832328395192167697e-02
3.658333333333332860e+01,5.588062380539685070e-02
3.660416666666666430e+01,5.254054952153731917e-02
3.662500000000000000e+01,4.997857610889158003e-02
3.664583333333332860e+01,4.862746972538675022e-02
3.666666666666666430e+01,4.687731559257993230e-02
3.668750000000000000e+01,4.556858143335401623e-02
3.670833333333332860e+01,4.601164885968439533e-02
3.672916666666666430e+01,4.655254706531908315e-02
3.675000000000000000e+01,4.513424989155326306e-02
3.677083333333332860e+01,4.285585492256262924e-02
3.679166666666666430e+01,4.254518068603287823e-02
3.681250000000000000e+01,4.269152460281950417e-02
3.683333333333332860e+01,4.076342986606756869e-02
3.685416666666666430e+01,3.823514504812224740e-02
3.687500000000000000e+01,3.751392640014041685e-02
3.689583333333332860e+01,3.737788064611915345e-02
3.691666666666666430e+01,3.552377113619135940e-02
3.693750000000000000e+01,3.332368010994607443e-02
3.695833333333332860e+01,3.267235733022866989e-02
3.697916666666666430e+01,3.215757424676336101e-02
3.700000000000000000e+01,2.934200018386209571e-02
3.702083333333332860e+01,2.554559445607720164e-02
3.704166666666666430e+01,2.310050954607251530e-02
3.706250000000000000e+01,2.075296443057208368e-02
3.708333333333332860e+01,1.606134856623976995e-02
3.710416666666666430e+01,1.032180706152008645e-02
3.712500000000000000e+01,5.886915973204870367e-03
3.714583333333332860e+01,1.894438507647469658e-03
3.716666666666666430e+01,-3.542500812752381097e-03
3.718750000000000000e+01,-8.981887585821583114e-03
3.720833333333332860e+01,-1.212156230043518433e-02
3.722916666666666430e+01,-1.413010764326344017e-02
3.725000000000000000e+01,-1.741554328153321896e-02
3.727083333333332860e+01,-2.068323027650063525e-02
3.729166666666666430e+01,-2.162192524907546529e-02
3.731250000000000000e+01,-2.140112601369214065e-02
3.733333333333332860e+01,-2.242995482575583371e-02
3.735416666666666430e+01,-2.341217834184083219e-02
3.737500000000000000e+01,-2.195848214198693402e-02
3.739583333333332860e+01,-1.920789760975137594e-02
3.741666666666666430e+01,-1.740883954739803896e-02
3.743750000000000000e+01,-1.531984887682865532e-02
3.745833333333332860e+01,-1.155553952227327680e-02
3.747916666666666430e+01,-7.694174837621388721e-03
3.750000000000000000e+01,-5.908477995469037583e-03
3.752083333333332860e+01,-4.776232293984206817e-03
3.754166666666666430e+01,-1.814428516215215630e-03
3.756250000000000000e+01,1.886487868158962531e-03
3.758333333333332860e+01,4.150882720835013043e-03
3.760416666666666430e+01,6.253756151066285421e-03
3.762500000000000000e+01,9.572127756068582460e-03
3.764583333333332860e+01,1.250359956990525559e-02
3.766666666666666430e+01,1.286004698930667649e-02
3.768750000000000000e+01,1.203706968330197670e-02
3.770833333333332860e+01,1.251049064088173915e-02
3.772916666666666430e+01,1.321633403173970954e-02
3.775000000000000000e+01,1.198483903814178027e-02
3.777083333333332860e+01,1.019081384552304043e-02
3.779166666666666430e+01,1.031055325446816884e-02
3.781250000000000000e+01,1.128305174988098077e-02
3.783333333333332860e+01,1.092992864978485461e-02
3.785416666666666430e+01,1.051494177135999485e-02
3.787500000000000000e+01,1.171770389622986408e-02
3.789583333333332860e+01,1.312970330875276592e-02
3.791666666666666430e+01,1.256842856855601778e-02
3.793750000000000000e+01,1.141801877833312738e-02
3.795833333333332860e+01,1.217152924139531904e-02
3.797916666666666430e+01,1.377521129988580270e-02
3.800000000000000000e+01,1.404226904188606018e-02
3.802083333333332860e+01,1.419734589615949567e-02
3.804166666666666430e+01,1.553799255740720593e-02
3.806250000000000000e+01,1.649839908810574532e-02
3.808333333333332860e+01,1.491411204024590577e-02
3.810416666666666430e+01,1.216309962503052053e-02
3.812500000000000000e+01,1.074655663932459586e-02
3.814583333333332860e+01,9.625563540671172938e-03
3.816666666666666430e+01,6.608379713051783580e-03
3.818750000000000000e+01,3.058014717950184071e-03
3.820833333333332860e+01,1.476534276569578270e-03
3.822916666666666430e+01,8.300120088368764153e-04
3.825000000000000000e+01,-1.077799235369529150e-03
3.827083333333332860e+01,-2.892415477942111412e-03
3.829166666666666430e+01,-2.108996762728511127e-03
3.831250000000000000e+01,2.433869492652855214e-04
3.833333333333332860e+01,1.832029523054828609e-03
3.835416666666666430e+01,2.960723021278514281e-03
3.837500000000000000e+01,5.656588746048051182e-03
3.839583333333332860e+01,8.886127062442244692e-03
3.841666666666666430e+01,1.044678608249814504e-02
3.843750000000000000e+01,1.164225912448907212e-02
3.845833333333332860e+01,1.465992602710449941e-02
3.847916666666666430e+01,1.825938868122258668e-02
3.850000000000000000e+01,2.019626649918511083e-02
3.852083333333332860e+01,2.162781157945153215e-02
3.854166666666666430e+01,2.401241202746233483e-02
3.856250000000000000e+01,2.589019189195699774e-02
3.858333333333332860e+01,2.505725199029965392e-02
3.860416666666666430e+01,2.284191742477321985e-02
3.862500000000000000e+01,2.176618277639748300e-02
3.864583333333332860e+01,2.083298880441823014e-02
3.866666666666666430e+01,1.783352135679265593e-02
3.868750000000000000e+01,1.408567400673678589e-02
3.870833333333332860e+01,1.211228844342160903e-02
3.872916666666666430e+01,1.092327341514639887e-02
3.875000000000000000e+01,8.304856130942641496e-03
3.877083333333332860e+01,5.562758921234061370e-03
3.879166666666666430e+01,5.221615115391118299e-03
3.881250000000000000e+01,6.290307453550716271e-03
3.883333333333332860e+01,6.510027846276046463e-03
3.885416666666666430e+01,6.721714834334084621e-03
3.887500000000000000e+01,8.059633399433187989e-03
3.889583333333332860e+01,9.082963472097877605e-03
3.891666666666666430e+01,8.266514855648150403e-03
3.893750000000000000e+01,7.201303676028271601e-03
3.895833333333332860e+01,8.417992460263347410e-03
3.897916666666666430e+01,1.094723849849437054e-02
3.900000000000000000e+01,1.246065619387971141e-02
3.902083333333332860e+01,1.336109003172107450e-02
3.904166666666666430e+01,1.542158430575471875e-02
3.906250000000000000e+01,1.750658159021315635e-02
3.908333333333332860e+01,1.739197927074889391e-02
3.910416666666666430e+01,1.636074613762196830e-02
3.912500000000000000e+01,1.695267954696770552e-02
3.914583333333332860e+01,1.821157185911924034e-02
3.916666666666666430e+01,1.790913049941831106e-02
3.918750000000000000e+01,1.725911244549311122e-02
3.920833333333332860e+01,1.831340781747464383e-02
3.922916666666666430e+01,1.990963518820098796e-02
3.925000000000000000e+01,1.981637488545045026e-02
3.927083333333332860e+01,1.925528783520670181e-02
3.929166666666666430e+01,2.042702429240835990e-02
3.931250000000000000e+01,2.223904543344402615e-02
3.933333333333332860e+01,2.245720066703682169e-02
3.935416666666666430e+01,2.222394217607309708e-02
3.937500000000000000e+01,2.312865001334850693e-02
3.939583333333332860e+01,2.381710780174276301e-02
3.941666666666666430e+01,2.205413629934575848e-02
3.943750000000000000e+01,1.909353666039306438e-02
3.945833333333332860e+01,1.749892490483181615e-02
3.947916666666666430e+01,1.630115985684892077e-02
3.950000000000000000e+01,1.323823531825405429e-02
3.952083333333332860e+01,9.577515746331187810e-03
3.954166666666666430e+01,7.867111244876545673e-03
3.956250000000000000e+01,7.025433505391220392e-03
3.958333333333332860e+01,4.754211703633050637e-03
3.960416666666666430e+01,2.295715994669523217e-03
3.962500000000000000e+01,2.199442663758298996e-03
3.964583333333332860e+01,3.535884902089798248e-03
3.966666666666666430e+01,4.027797019879295753e-03
3.968750000000000000e+01,4.470555458184294513e-03
3.970833333333332860e+01,5.992090401564779088e-03
3.972916666666666430e+01,7.195679826713092045e-03
3.975000000000000000e+01,6.614952122686640693e-03
3.977083333333332860e+01,5.823309226268144449e-03
3.979166666666666430e+01,7.316479772189289806e-03
3.981250000000000000e+01,1.014929829658565465e-02
3.983333333333332860e+01,1.195144718105503427e-02
3.985416666666666430e+01,1.294609223233634046e-02
3.987500000000000000e+01,1.518025359600151496e-02
3.989583333333332860e+01,1.770034548764334859e-02
3.991666666666666430e+01,1.825420827117662029e-02
3.993750000000000000e+01,1.808616681215828234e-02
3.995833333333332860e+01,1.976400355065350764e-02
3.997916666666666430e+01,2.236844497187275363e-02
4.000000000000000000e+01,2.361500517182679032e-02
4.002083333333332860e+01,2.435461507596790517e-02
4.004166666666666430e+01,2.587648522088205338e-02
4.006250000000000000e+01,2.674046630262623403e-02
4.008333333333332860e+01,2.518129505156962294e-02
4.010416666666666430e+01,2.264766574529811227e-02
4.012500000000000000e+01,2.170068405129915723e-02
4.014583333333332860e+01,2.144402592183583534e-02
4.016666666666666430e+01,1.962910501731149338e-02
4.018750000000000000e+01,1.746303500654359034e-02
4.020833333333332860e+01,1.748582910177957223e-02
4.022916666666666430e+01,1.879861076367442957e-02
4.025000000000000000e+01,1.905106685931472546e-02
4.027083333333332860e+01,1.863212307137714074e-02
4.029166666666666430e+01,1.945957770033071577e-02
4.031250000000000000e+01,2.049596602626141753e-02
4.033333333333332860e+01,1.947144849811947159e-02
4.035416666666666430e+01,1.760433691052925784e-02
4.037500000000000000e+01,1.745740628681856366e-02
4.039583333333332860e+01,1.795537295097565308e-02
4.041666666666666430e+01,1.676406233443379287e-02
4.043750000000000000e+01,1.510026310087311981e-02
4.045833333333332860e+01,1.553530584929770260e-02
4.047916666666666430e+01,1.701957462808159974e-02
4.050000000000000000e+01,1.722358351488888217e-02
4.052083333333332860e+01,1.717889646411765656e-02
4.054166666666666430e+01,1.806425290215529431e-02
4.056250000000000000e+01,1.849900424074504834e-02
4.058333333333332860e+01,1.712984176362972524e-02
4.060416666666666430e+01,1.550867967915805709e-02
4.062500000000000000e+01,1.584597121914478948e-02
4.064583333333332860e+01,1.710458958815116309e-02
4.066666666666666430e+01,1.702024538826185304e-02
4.068750000000000000e+01,1.665458753616258503e-02
4.070833333333332860e+01,1.752928093209482965e-02
4.072916666666666430e+01,1.831201511514923483e-02
4.075000000000000000e+01,1.673864201745230151e-02
4.077083333333332860e+01,1.399947054625275134e-02
4.079166666666666430e+01,1.267664108223695921e-02
4.081250000000000000e+01,1.190535458994176898e-02
4.083333333333332860e+01,9.418002772875463252e-03
4.085416666666666430e+01,6.394452115514663929e-03
4.087500000000000000e+01,5.416959839480946400e-03
4.089583333333332860e+01,5.626464726833000328e-03
4.091666666666666430e+01,4.751300168713535298e-03
4.093750000000000000e+01,3.847528449663929588e-03
4.095833333333332860e+01,4.562129963416073318e-03
4.097916666666666430e+01,5.635831107540060191e-03
4.100000000000000000e+01,4.798936007540138826e-03
4.102083333333332860e+01,3.248016369862705404e-03
4.104166666666666430e+01,3.597381427495345303e-03
4.106250000000000000e+01,4.967707655695116284e-03
4.108333333333332860e+01,5.058705681500988600e-03
4.110416666666666430e+01,5.013964259588405553e-03
4.112500000000000000e+01,7.142334670929607193e-03
4.114583333333332860e+01,1.023088188809663512e-02
4.116666666666666430e+01,1.190412261482990189e-02
4.118750000000000000e+01,1.326173145784921570e-02
4.120833333333332860e+01,1.579571659742202636e-02
4.122916666666666430e+01,1.766900284355543693e-02
4.125000000000000000e+01,1.661349352274816074e-02
4.127083333333332860e+01,1.398574337769188485e-02
4.129166666666666430e+01,1.237066528019075372e-02
4.131250000000000000e+01,1.052745822328070117e-02
4.133333333333332860e+01,7.123972324781168222e-03
4.135416666666666430e+01,3.886493701292256884e-03
4.137500000000000000e+01,3.089156449290840663e-03
4.139583333333332860e+01,3.224032113045137860e-03
4.141666666666666430e+01,1.842659255281178105e-03
4.143750000000000000e+01,2.218608244996990041e-04
4.145833333333332860e+01,9.423056231907182660e-04
4.147916666666666430e+01,2.603730244849420967e-03
4.150000000000000000e+01,2.729276693817604162e-03
4.152083333333332860e+01,2.572289343615874642e-03
4.154166666666666430e+01,4.605433157138414182e-03
4.156250000000000000e+01,7.419807644167990268e-03
4.158333333333332860e+01,8.563268870189367360e-03
4.160416666666666430e+01,9.280171118166506347e-03
4.162500000000000000e+01,1.206041382477279419e-02
4.164583333333332860e+01,1.549205243632286073e-02
4.166666666666666430e+01,1.712544644686358336e-02
4.168750000000000000e+01,1.816220688868059804e-02
4.170833333333332860e+01,2.076000932555724376e-02
4.172916666666666430e+01,2.338621255212460989e-02
4.175000000000000000e+01,2.359984161133584293e-02
4.177083333333332860e+01,2.265078201371152969e-02
4.179166666666666430e+01,2.308905193722482485e-02
4.181250000000000000e+01,2.353929798296798548e-02
4.183333333333332860e+01,2.156198094903634746e-02
4.185416666666666430e+01,1.840596274960950782e-02
4.187500000000000000e+01,1.661554765474705306e-02
4.189583333333332860e+01,1.483179078080812743e-02
4.191666666666666430e+01,1.063030700029768405e-02
4.193750000000000000e+01,5.256378070769208120e-03
4.195833333333332860e+01,1.263540795350978282e-03
4.197916666666666430e+01,-2.407194069240948999e-03
4.200000000000000000e+01,-6.765590777856230961e-03
4.202083333333332860e+01,-1.018551780794463811e-02
4.204166666666666430e+01,-1.188196135868389673e-02
4.206250000000000000e+01,-1.363222496269567499e-02
4.208333333333332860e+01,-1.517650521466198422e-02
4.210416666666666430e+01,-1.475438813640442270e-02
4.212500000000000000e+01,-1.348453251758610985e-02
4.214583333333332860e+01,-1.369499847785024364e-02
4.216666666666666430e+01,-1.421291477908212357e-02
4.218750000000000000e+01,-1.270009077397155073e-02
4.220833333333332860e+01,-1.019286839781400819e-02
4.222916666666666430e+01,-9.172653878670788269e-03
4.225000000000000000e+01,-8.524291501650897718e-03
4.227083333333332860e+01,-5.917803053790625725e-03
4.229166666666666430e+01,-2.396379357449024070e-03
4.231250000000000000e+01,-4.213028155954687921e-04
4.233333333333332860e+01,1.131426322190188421e-03
4.235416666666666430e+01,4.569666326875622929e-03
4.237500000000000000e+01,8.593123068901933892e-03
4.239583333333332860e+01,1.061816017481388187e-02
4.241666666666666430e+01,1.176932848215953356e-02
4.243750000000000000e+01,1.434506150189247126e-02
4.245833333333332860e+01,1.688993911910934356e-02
4.247916666666666430e+01,1.678427616905027800e-02
4.250000000000000000e+01,1.516086426050394093e-02
4.252083333333332860e+01,1.430908019172825833e-02
4.254166666666666430e+01,1.298428001378580318e-02
4.256250000000000000e+01,1.023833045500637667e-02
4.258333333333332860e+01,7.776584740437033315e-03
4.260416666666666430e+01,6.541566693137635356e-03
4.262500000000000000e+01,4.830739000115834986e-03
4.264583333333332860e+01,2.648159175132209272e-03
4.266666666666666430e+01,1.823686537412621492e-03
4.268750000000000000e+01,1.137574890590819328e-03
4.270833333333332860e+01,-1.602242068746258501e-03
4.272916666666666430e+01,-5.300563177652259546e-03
4.275000000000000000e+01,-7.726816786926988916e-03
4.277083333333332860e+01,-9.915493207181873270e-03
4.279166666666666430e+01,-1.261292243716555066e-02
4.281250000000000000e+01,-1.437628226216010677e-02
4.283333333333332860e+01,-1.534646956133603121e-02
4.285416666666666430e+01,-1.738004397948244434e-02
4.287500000000000000e+01,-1.945913903267885298e-02
4.289583333333332860e+01,-1.953338864800854835e-02
4.291666666666666430e+01,-1.891185348813615927e-02
4.293750000000000000e+01,-1.994306077037234781e-02
4.295833333333332860e+01,-2.160017173282708508e-02
4.297916666666666430e+01,-2.168029743491247871e-02
4.300000000000000000e+01,-2.135547069112787855e-02
4.302083333333332860e+01,-2.244480720533906237e-02
4.304166666666666430e+01,-2.367053629919798133e-02
4.306250000000000000e+01,-2.264649229464396618e-02
4.308333333333332860e+01,-2.053455591201700306e-02
4.310416666666666430e+01,-1.967025452488219139e-02
4.312500000000000000e+01,-1.900900789552766035e-02
4.314583333333332860e+01,-1.607752737659305306e-02
4.316666666666666430e+01,-1.200132357010751626e-02
4.318750000000000000e+01,-9.110270668814951511e-03
4.320833333333332860e+01,-6.446665885621786704e-03
4.322916666666666430e+01,-2.237157798748817556e-03
4.325000000000000000e+01,2.087042766363682474e-03
4.327083333333332860e+01,4.203523840964501837e-03
4.329166666666666430e+01,5.162964840034044850e-03
4.331250000000000000e+01,7.432930802754677754e-03
4.333333333333332860e+01,9.896720636177847724e-03
4.335416666666666430e+01,1.021493525973819587e-02
4.337500000000000000e+01,9.420388237753478389e-03
4.339583333333332860e+01,9.995461819012559784e-03
4.341666666666666430e+01,1.083414725896231223e-02
4.343750000000000000e+01,9.604483621409773061e-03
4.345833333333332860e+01,7.341514831957805104e-03
4.347916666666666430e+01,6.523657511169763182e-03
4.350000000000000000e+01,6.044771486215306730e-03
4.352083333333332860e+01,3.576695720207523788e-03
4.354166666666666430e+01,1.379408895142988315e-04
4.356250000000000000e+01,-1.941807662292415393e-03
4.358333333333332860e+01,-3.716371350359458457e-03
4.360416666666666430e+01,-6.770101892288656747e-03
4.362500000000000000e+01,-9.755562907229026887e-03
4.364583333333332860e+01,-1.018111903177319928e-02
4.366666666666666430e+01,-9.134623917326801026e-03
4.368750000000000000e+01,-8.960536180412351573e-03
4.370833333333332860e+01,-8.684553000263850811e-03
4.372916666666666430e+01,-6.140884017249902994e-03
4.375000000000000000e+01,-2.565285422742319930e-03
4.377083333333332860e+01,-3.230912220890097943e-04
4.379166666666666430e+01,1.510030937993510868e-03
4.381250000000000000e+01,4.863382624132505522e-03
4.383333333333332860e+01,8.415426968145942044e-03
4.385416666666666430e+01,9.817469954308419289e-03
4.387500000000000000e+01,1.007081770706853494e-02
4.389583333333332860e+01,1.167427234863744820e-02
4.391666666666666430e+01,1.355893333400988963e-02
4.393750000000000000e+01,1.338061928489489398e-02
4.395833333333332860e+01,1.214333530004059643e-02
4.397916666666666430e+01,1.234260695996863659e-02
4.400000000000000000e+01,1.290917426330716496e-02
4.402083333333332860e+01,1.150371514867092569e-02
4.404166666666666430e+01,9.132294073527634504e-03
4.406250000000000000e+01,8.283792367856666894e-03
4.408333333333332860e+01,7.852187938252768937e-03
4.410416666666666430e+01,5.490822359504848003e-03
4.412500000000000000e+01,2.424012238577571889e-03
4.414583333333332860e+01,1.244953431096005496e-03
4.416666666666666430e+01,8.052225337432400041e-04
4.418750000000000000e+01,-1.236292805889238101e-03
4.420833333333332860e+01,-3.374171793515299070e-03
4.422916666666666430e+01,-2.911754928098154657e-03
4.425000000000000000e+01,-1.018748814943971990e-03
4.427083333333332860e+01,-5.321996745212678520e-05
4.429166666666666430e+01,1.123690771565832164e-03
4.431250000000000000e+01,3.297763347681754043e-03
4.433333333333332860e+01,4.764577668804983492e-03
4.435416666666666430e+01,5.279660126111362060e-03
4.437500000000000000e+01,6.796700301520170948e-03
4.439583333333332860e+01,8.453586068803666670e-03
4.441666666666666430e+01,7.989693483520521333e-03
4.443750000000000000e+01,6.591261974424717299e-03
4.445833333333332860e+01,6.834560727155067003e-03
4.447916666666666430e+01,7.853908925818517059e-03
4.450000000000000000e+01,7.392937697184544937e-03
4.452083333333332860e+01,6.665835678079042731e-03
4.454166666666666430e+01,8.229100546342477812e-03
4.456250000000000000e+01,1.105656256182286495e-02
4.458333333333332860e+01,1.275139798026809698e-02
4.460416666666666430e+01,1.386258776142709759e-02
4.462500000000000000e+01,1.580480138299887594e-02
4.464583333333332860e+01,1.731936211871607650e-02
4.466666666666666430e+01,1.636426653314764640e-02
4.468750000000000000e+01,1.424239162762468668e-02
4.470833333333332860e+01,1.353745920702260561e-02
4.472916666666666430e+01,1.336560672920538741e-02
4.475000000000000000e+01,1.146050156240505970e-02
4.477083333333332860e+01,9.028063314250826116e-03
4.479166666666666430e+01,8.646716689352025587e-03
4.481250000000000000e+01,9.430188115037461266e-03
4.483333333333332860e+01,9.112174683027331537e-03
4.485416666666666430e+01,8.744097198764571796e-03
4.487500000000000000e+01,9.674342541080266367e-03
4.489583333333332860e+01,1.048394816234067030e-02
4.491666666666666430e+01,8.930410902211381730e-03
4.493750000000000000e+01,6.230648726175505234e-03
4.495833333333332860e+01,4.964299124622295264e-03
4.497916666666666430e+01,4.247908546884133357e-03
4.500000000000000000e+01,1.816991934327373288e-03
4.502083333333332860e+01,-1.125463062053635608e-03
4.504166666666666430e+01,-2.001353926696688556e-03
4.506250000000000000e+01,-1.692485683838194054e-03
4.508333333333332860e+01,-2.465748031024915955e-03
4.510416666666666430e+01,-3.151952890681083540e-03
4.512500000000000000e+01,-1.404152918332418013e-03
4.514583333333332860e+01,1.796576565182501310e-03
4.516666666666666430e+01,4.093075146631785545e-03
4.518750000000000000e+01,5.913837970598972635e-03
4.520833333333332860e+01,8.996581730703749266e-03
4.522916666666666430e+01,1.213304041761165131e-02
4.525000000000000000e+01,1.301293055914097205e-02
4.527083333333332860e+01,1.281762574524506967e-02
4.529166666666666430e+01,1.412006139373626901e-02
4.531250000000000000e+01,1.606072912698695149e-02
4.533333333333332860e+01,1.638290995440042433e-02
4.535416666666666430e+01,1.622739503582604562e-02
4.537500000000000000e+01,1.772376537025390289e-02
4.539583333333332860e+01,1.980294817909386898e-02
4.541666666666666430e+01,2.019170452681677552e-02
4.543750000000000000e+01,2.003033438216961226e-02
4.545833333333332860e+01,2.156117103412224026e-02
4.547916666666666430e+01,2.377139075717178349e-02
4.550000000000000000e+01,2.438641164622487589e-02
4.552083333333332860e+01,2.447056307138793102e-02
4.554166666666666430e+01,2.571404208328028143e-02
4.556250000000000000e+01,2.686898620290384745e-02
4.558333333333332860e+01,2.565941185403965846e-02
4.560416666666666430e+01,2.325711149782097240e-02
4.562500000000000000e+01,2.225891610526872788e-02
4.564583333333332860e+01,2.181906597806177947e-02
4.566666666666666430e+01,1.965745171248275622e-02
4.568750000000000000e+01,1.693307129527272040e-02
4.570833333333332860e+01,1.623370912961450210e-02
4.572916666666666430e+01,1.664195379689799303e-02
4.575000000000000000e+01,1.584415929223650585e-02
4.577083333333332860e+01,1.485873682545947247e-02
4.579166666666666430e+01,1.527878512562662501e-02
4.581250000000000000e+01,1.584640840015992189e-02
4.583333333333332860e+01,1.428317867503491739e-02
4.585416666666666430e+01,1.172153508879308741e-02
4.587500000000000000e+01,1.075764708715258935e-02
4.589583333333332860e+01,1.057542088784897000e-02
4.591666666666666430e+01,8.896304600664994150e-03
4.593750000000000000e+01,6.875793241272337881e-03
4.595833333333332860e+01,7.129849124050887353e-03
4.597916666666666430e+01,8.837808311355567145e-03
4.600000000000000000e+01,9.644467970220112901e-03
4.602083333333332860e+01,1.006229073191089625e-02
4.604166666666666430e+01,1.141329330521165253e-02
4.606250000000000000e+01,1.249003612547271158e-02
4.608333333333332860e+01,1.161913757672133375e-02
4.610416666666666430e+01,1.020100349403135244e-02
4.612500000000000000e+01,1.084669358152358029e-02
4.614583333333332860e+01,1.274858967782404803e-02
4.616666666666666430e+01,1.358024789850010780e-02
4.618750000000000000e+01,1.405848379322638050e-02
4.620833333333332860e+01,1.534016032136348989e-02
4.622916666666666430e+01,1.617014850790903652e-02
4.625000000000000000e+01,1.534942738258602765e-02
4.627083333333332860e+01,1.433103989238528227e-02
4.629166666666666430e+01,1.464027549002454819e-02
4.631250000000000000e+01,1.501305660847860809e-02
4.633333333333332860e+01,1.314987060683890305e-02
4.635416666666666430e+01,1.015418711842882953e-02
4.637500000000000000e+01,8.644982660367188723e-03
4.639583333333332860e+01,7.840648783605248806e-03
4.641666666666666430e+01,5.438517844057984447e-03
4.643750000000000000e+01,2.531242167938322057e-03
4.645833333333332860e+01,1.738071948596203644e-03
4.647916666666666430e+01,2.284147578350677506e-03
4.650000000000000000e+01,1.862812255614650254e-03
4.652083333333332860e+01,1.437670195551579320e-03
4.654166666666666430e+01,2.668350680076558325e-03
4.656250000000000000e+01,4.368261001496158251e-03
4.658333333333332860e+01,4.229248565024998699e-03
4.660416666666666430e+01,3.327327464205541777e-03
4.662500000000000000e+01,4.288525340844796460e-03
4.664583333333332860e+01,6.353622076214027019e-03
4.666666666666666430e+01,7.211308340254841270e-03
4.668750000000000000e+01,7.799198849423605480e-03
4.670833333333332860e+01,9.700211289474047413e-03
4.672916666666666430e+01,1.170516866273695923e-02
4.675000000000000000e+01,1.150163775641577409e-02
4.677083333333332860e+01,1.015219842502865927e-02
4.679166666666666430e+01,1.028994954504002142e-02
4.681250000000000000e+01,1.117133453003798897e-02
4.683333333333332860e+01,1.048030776821359290e-02
4.685416666666666430e+01,9.270731190169401864e-03
4.687500000000000000e+01,1.017589977105879361e-02
4.689583333333332860e+01,1.245880321349507325e-02
4.691666666666666430e+01,1.372672291046766156e-02
4.693750000000000000e+01,1.434665553240547890e-02
4.695833333333332860e+01,1.594458756515961667e-02
4.697916666666666430e+01,1.745987584309522528e-02
4.700000000000000000e+01,1.657109557555975360e-02
4.702083333333332860e+01,1.432152898588872139e-02
4.704166666666666430e+01,1.335466167296172312e-02
4.706250000000000000e+01,1.294790251785300772e-02
4.708333333333332860e+01,1.077702040215747746e-02
4.710416666666666430e+01,7.875034790546620728e-03
4.712500000000000000e+01,6.884666025589633934e-03
4.714583333333332860e+01,7.090320093530614459e-03
4.716666666666666430e+01,6.164355446092288811e-03
4.718750000000000000e+01,5.066847039357413353e-03
4.720833333333332860e+01,5.950662957542219786e-03
4.722916666666666430e+01,7.893394315703468334e-03
4.725000000000000000e+01,8.565182642204322017e-03
4.727083333333332860e+01,8.876567884551819082e-03
4.729166666666666430e+01,1.063582140682439378e-02
4.731250000000000000e+01,1.277538517361062262e-02
4.733333333333332860e+01,1.296378883590019668e-02
4.735416666666666430e+01,1.220857386269388715e-02
4.737500000000000000e+01,1.316113999201842626e-02
4.739583333333332860e+01,1.512847421515606423e-02
4.741666666666666430e+01,1.577628996917188400e-02
4.743750000000000000e+01,1.596325977347289038e-02
4.745833333333332860e+01,1.721059678130332227e-02
4.747916666666666430e+01,1.833787895083750785e-02
4.750000000000000000e+01,1.700947597625416391e-02
4.752083333333332860e+01,1.422051175549722199e-02
4.754166666666666430e+01,1.262961440506036627e-02
4.756250000000000000e+01,1.155879020590917620e-02
4.758333333333332860e+01,8.669474687555611334e-03
4.760416666666666430e+01,4.948793702348481399e-03
4.762500000000000000e+01,3.053897071524613351e-03
4.764583333333332860e+01,2.313475325604221703e-03
4.766666666666666430e+01,3.861461214738250028e-04
4.768750000000000000e+01,-1.752539610814802390e-03
4.770833333333332860e+01,-1.445073434254902280e-03
4.772916666666666430e+01,6.433655507203313350e-04
4.775000000000000000e+01,2.044683494079756105e-03
4.777083333333332860e+01,2.724203717429830515e-03
4.779166666666666430e+01,4.702650863432281461e-03
4.781250000000000000e+01,7.227456818965003610e-03
4.783333333333332860e+01,7.951400218453110597e-03
4.785416666666666430e+01,7.841803395156093232e-03
4.787500000000000000e+01,9.565507815452437348e-03
4.789583333333332860e+01,1.247008718641515537e-02
4.791666666666666430e+01,1.418244975455342817e-02
4.793750000000000000e+01,1.529275992089008766e-02
4.795833333333332860e+01,1.698148247237556835e-02
4.797916666666666430e+01,1.814614516384936357e-02
4.800000000000000000e+01,1.770594536888700152e-02
4.802083333333332860e+01,1.693879112750544189e-02
4.804166666666666430e+01,1.675735463787297180e-02
4.806250000000000000e+01,1.603981968268992572e-02
4.808333333333332860e+01,1.467351174612466398e-02
4.810416666666666430e+01,1.421336998674704519e-02
4.812500000000000000e+01,1.383673787291542223e-02
4.814583333333332860e+01,1.179957016177592480e-02
4.816666666666666430e+01,9.205470418181269446e-03
4.818750000000000000e+01,8.033955197203106885e-03
4.820833333333332860e+01,7.420553725376180000e-03
4.822916666666666430e+01,5.632927596430355871e-03
4.825000000000000000e+01,3.795637275347487575e-03
4.827083333333332860e+01,4.051214478888676140e-03
4.829166666666666430e+01,5.608266381206699659e-03
4.831250000000000000e+01,6.637998603511580109e-03
4.833333333333332860e+01,7.672122746209313060e-03
4.835416666666666430e+01,9.476530462215472864e-03
4.837500000000000000e+01,1.079490222520919189e-02
4.839583333333332860e+01,1.033636892951651787e-02
4.841666666666666430e+01,9.381368285285223568e-03
4.843750000000000000e+01,9.899449307677502669e-03
4.845833333333332860e+01,1.103111465746070725e-02
4.847916666666666430e+01,1.106715868339638691e-02
4.850000000000000000e+01,1.100403601303064256e-02
4.852083333333332860e+01,1.203588260840953404e-02
4.854166666666666430e+01,1.297283999086737069e-02
4.856250000000000000e+01,1.214038215354175040e-02
4.858333333333332860e+01,1.079309433130200974e-02
4.860416666666666430e+01,1.096804876578989091e-02
4.862500000000000000e+01,1.182147166359772371e-02
4.864583333333332860e+01,1.165241626865988304e-02
4.866666666666666430e+01,1.143775609574069693e-02
4.868750000000000000e+01,1.232201931648104452e-02
4.870833333333332860e+01,1.311163547795215351e-02
4.872916666666666430e+01,1.212717685175653502e-02
4.875000000000000000e+01,1.053480959852440627e-02
4.877083333333332860e+01,1.043907283197723253e-02
4.879166666666666430e+01,1.106559686897232164e-02
4.881250000000000000e+01,1.071743692147003081e-02
4.883333333333332860e+01,1.042255849841986631e-02
4.885416666666666430e+01,1.185777443338338968e-02
4.887500000000000000e+01,1.407683200342248024e-02
4.889583333333332860e+01,1.539618609528541938e-02
4.891666666666666430e+01,1.668700692464229751e-02
4.893750000000000000e+01,1.837197039232086118e-02
4.895833333333332860e+01,1.915625583326557857e-02
4.897916666666666430e+01,1.893440034776303765e-02
4.900000000000000000e+01,1.909198979238691321e-02
4.902083333333332860e+01,1.871476485725359282e-02
4.904166666666666430e+01,1.643763367743848736e-02
4.906250000000000000e+01,1.423711760133769370e-02
4.908333333333332860e+01,1.428024388240966593e-02
4.910416666666666430e+01,1.504005057669044985e-02
4.912500000000000000e+01,1.462875208877319894e-02
4.914583333333332860e+01,1.468970992906609013e-02
4.916666666666666430e+01,1.569184153602458387e-02
4.918750000000000000e+01,1.564088202486961857e-02
4.920833333333332860e+01,1.477699453378438811e-02
4.922916666666666430e+01,1.544865621495741109e-02
4.925000000000000000e+01,1.638493907475229577e-02
4.927083333333332860e+01,1.500909359088986421e-02
4.929166666666666430e+01,1.282051965061791962e-02
4.931250000000000000e+01,1.244182693412821186e-02
4.933333333333332860e+01,1.250901189428503014e-02
4.935416666666666430e+01,1.049944154893956393e-02
4.937500000000000000e+01,8.068941341112401827e-03
4.939583333333332860e+01,8.173817763247511956e-03
4.941666666666666430e+01,9.550598002719177734e-03
4.943750000000000000e+01,9.633591138520330999e-03
4.945833333333332860e+01,9.827343466341766087e-03
4.947916666666666430e+01,1.126631262537570316e-02
4.950000000000000000e+01,1.216495654308450379e-02
4.952083333333332860e+01,1.216449422124075454e-02
4.954166666666666430e+01,1.337289832295450454e-02
