0.000000000000000000e+00,-9.166859702426546908e-02
2.083333333333333218e-02,-4.705035851453642781e-02
4.166666666666666435e-02,4.685410588651031660e-02
6.250000000000000000e-02,-8.603514471499598693e-02
8.333333333333332871e-02,-6.037661627158773942e-02
1.041666666666666574e-01,1.161328046031897543e-01
1.250000000000000000e-01,-5.340751774203584407e-02
1.458333333333333148e-01,-1.981521502464233531e-01
1.666666666666666574e-01,1.451226064658358017e-01
1.875000000000000000e-01,1.598126028024076939e-01
2.083333333333333148e-01,-2.602874798231186726e-01
2.291666666666666574e-01,-8.591720941929953392e-02
2.500000000000000000e-01,2.885041026199272052e-01
2.708333333333333148e-01,-1.268104669768841120e-01
2.916666666666666297e-01,-2.982455921431865775e-01
3.125000000000000000e-01,2.617665620222711098e-01
3.333333333333333148e-01,1.277702937688596774e-01
3.541666666666666297e-01,-3.633003589662643362e-01
3.750000000000000000e-01,1.212063567644660472e-01
3.958333333333333148e-01,2.971448118380162762e-01
4.166666666666666297e-01,-3.566836238377905088e-01
4.375000000000000000e-01,-7.666342969882730674e-02
4.583333333333333148e-01,4.526945629171958974e-01
4.791666666666666297e-01,-2.281917610703332044e-01
5.000000000000000000e-01,-3.498101433924415971e-01
5.208333333333332593e-01,4.169893136467817119e-01
5.416666666666666297e-01,1.021352403202127196e-01
5.625000000000000000e-01,-5.176575540921489749e-01
5.833333333333332593e-01,2.078385319796088315e-01
6.041666666666666297e-01,4.409673675305749718e-01
6.250000000000000000e-01,-3.023164332105693908e-01
6.458333333333332593e-01,-2.543671652810050587e-01
6.666666666666666297e-01,4.679223981858057213e-01
6.875000000000000000e-01,-4.386996270181617308e-02
7.083333333333332593e-01,-5.014676632548273894e-01
7.291666666666666297e-01,2.651577830737773533e-01
7.500000000000000000e-01,3.662298372992766060e-01
7.708333333333332593e-01,-3.810534655642810464e-01
7.916666666666666297e-01,-1.543041880694572821e-01
8.125000000000000000e-01,5.583388853386987982e-01
8.333333333333332593e-01,-2.062309063350686866e-01
8.541666666666666297e-01,-4.602155328030114734e-01
8.750000000000000000e-01,2.689380863856185577e-01
8.958333333333332593e-01,3.300408093464162196e-01
9.166666666666666297e-01,-4.186180258160099310e-01
9.375000000000000000e-01,-7.236238673388749321e-02
9.583333333333332593e-01,5.041598407593670395e-01
9.791666666666666297e-01,-2.497470951864028121e-01
1.000000000000000000e+00,-3.990484031336842263e-01
1.020833333333333259e+00,3.655714942112033849e-01
1.041666666666666519e+00,1.800283912195721203e-01
1.062500000000000000e+00,-5.265319098807188514e-01
1.083333333333333259e+00,1.654202840627479743e-01
1.104166666666666519e+00,4.975592576775965115e-01
1.125000000000000000e+00,-2.729560870985376919e-01
1.145833333333333259e+00,-3.497079114226089303e-01
1.166666666666666519e+00,3.918301352098456647e-01
1.187500000000000000e+00,1.261599709369705391e-01
1.208333333333333259e+00,-5.304279716753386165e-01
1.229166666666666519e+00,2.373043539484425146e-01
1.250000000000000000e+00,4.229858497398701900e-01
1.270833333333333259e+00,-3.343665347404821686e-01
1.291666666666666519e+00,-2.435157019874573114e-01
1.312500000000000000e+00,5.273790192103575691e-01
1.333333333333333259e+00,-1.001391835786607787e-01
1.354166666666666519e+00,-4.802182870581301888e-01
1.375000000000000000e+00,2.348311814099441064e-01
1.395833333333333259e+00,3.591262326748414502e-01
1.416666666666666519e+00,-3.987961207341554903e-01
1.437500000000000000e+00,-1.524979728216613872e-01
1.458333333333333259e+00,5.528930555154423221e-01
1.479166666666666519e+00,-1.985162198146175616e-01
1.500000000000000000e+00,-5.053613502906814103e-01
1.520833333333333259e+00,2.314762964316668115e-01
1.541666666666666519e+00,4.164849983891917851e-01
1.562500000000000000e+00,-3.434352129926944164e-01
1.583333333333333259e+00,-2.478447302147084863e-01
1.604166666666666519e+00,4.910129807834996418e-01
1.625000000000000000e+00,-5.852074326673467608e-02
1.645833333333333259e+00,-5.162957138627620735e-01
1.666666666666666519e+00,2.224240358943490592e-01
1.687500000000000000e+00,4.075438341718946589e-01
1.708333333333333259e+00,-3.481206439065601677e-01
1.729166666666666519e+00,-2.067789900960879113e-01
1.750000000000000000e+00,5.284642173565682333e-01
1.770833333333333259e+00,-1.340499398474348236e-01
1.791666666666666519e+00,-5.012027505250702397e-01
1.812500000000000000e+00,2.515937300503615637e-01
1.833333333333333259e+00,3.849089344810889823e-01
1.854166666666666519e+00,-3.743428414410729932e-01
1.875000000000000000e+00,-1.786933505281449730e-01
1.895833333333333259e+00,5.325303679560584591e-01
1.916666666666666519e+00,-1.736027279003370116e-01
1.937500000000000000e+00,-4.858276782856689735e-01
1.958333333333333259e+00,2.513526906735554789e-01
1.979166666666666519e+00,3.439455895830456078e-01
2.000000000000000000e+00,-4.022621881437653535e-01
2.020833333333333037e+00,-1.081972136738663659e-01
2.041666666666666519e+00,5.131141603695983378e-01
2.062500000000000000e+00,-2.484299413522848832e-01
2.083333333333333037e+00,-3.924567655938239752e-01
2.104166666666666519e+00,3.496108328859078851e-01
2.125000000000000000e+00,1.899236234041523086e-01
2.145833333333333037e+00,-5.290986581901135910e-01
2.166666666666666519e+00,1.495239749573782084e-01
2.187500000000000000e+00,4.863928395377333791e-01
2.208333333333333037e+00,-2.837670539069897524e-01
2.229166666666666519e+00,-3.581552256478329199e-01
2.250000000000000000e+00,3.888286565151481966e-01
2.270833333333333037e+00,1.105038346211680012e-01
2.291666666666666519e+00,-5.213669402413850795e-01
2.312500000000000000e+00,2.329884169975759423e-01
2.333333333333333037e+00,4.130158773697130137e-01
2.354166666666666519e+00,-3.558407518729818642e-01
2.375000000000000000e+00,-2.247789078624658210e-01
2.395833333333333037e+00,5.323425477655917559e-01
2.416666666666666519e+00,-1.369875514716618059e-01
2.437500000000000000e+00,-5.231436448164639152e-01
2.458333333333333037e+00,2.223527527051990249e-01
2.479166666666666519e+00,4.219794274022670710e-01
2.500000000000000000e+00,-3.372807861643869476e-01
2.520833333333333037e+00,-2.418312398837904331e-01
2.541666666666666519e+00,4.918501416420026917e-01
2.562500000000000000e+00,-9.303171836252807636e-02
2.583333333333333037e+00,-5.028364173844386276e-01
2.604166666666666519e+00,2.536291416475648930e-01
2.625000000000000000e+00,3.802105818731134623e-01
2.645833333333333037e+00,-3.985435718061213217e-01
2.666666666666666519e+00,-1.653560137246517514e-01
2.687500000000000000e+00,5.495469933568200016e-01
2.708333333333333037e+00,-2.062498807770761222e-01
2.729166666666666519e+00,-4.784762381419092603e-01
2.750000000000000000e+00,2.703782822184789270e-01
2.770833333333333037e+00,3.561470301202129263e-01
2.791666666666666519e+00,-4.166265949460614681e-01
2.812500000000000000e+00,-9.827669463244582959e-02
2.833333333333333037e+00,5.361243164797634408e-01
2.854166666666666519e+00,-2.195064351430426053e-01
2.875000000000000000e+00,-4.715738722256736515e-01
2.895833333333333037e+00,3.118188582499108463e-01
2.916666666666666519e+00,3.100799030229273168e-01
2.937500000000000000e+00,-4.493892412305026118e-01
2.958333333333333037e+00,-6.708996213064309655e-02
2.979166666666666519e+00,5.689606595502540998e-01
3.000000000000000000e+00,-1.934812726696850671e-01
3.020833333333333037e+00,-5.110989734269980600e-01
3.041666666666666519e+00,2.311709506301294625e-01
3.062500000000000000e+00,4.299752584770243913e-01
3.083333333333333037e+00,-3.322668418631126164e-01
3.104166666666666519e+00,-2.620288644514405796e-01
3.125000000000000000e+00,4.861816542642066752e-01
3.145833333333333037e+00,-3.325231994869741470e-02
3.166666666666666519e+00,-5.360580517174640125e-01
3.187500000000000000e+00,2.279955803269087811e-01
3.208333333333333037e+00,4.231137294037840557e-01
3.229166666666666519e+00,-3.220450934771467155e-01
3.250000000000000000e+00,-3.316641534873743802e-01
3.270833333333333037e+00,4.324169280129626092e-01
3.291666666666666519e+00,-1.345437747119021532e-02
3.312500000000000000e+00,-5.611952470233733115e-01
3.333333333333333037e+00,1.503296284788579185e-01
3.354166666666666519e+00,4.174552088767765068e-01
3.375000000000000000e+00,-2.918958242425189198e-01
3.395833333333333037e+00,-3.470457954724169292e-01
3.416666666666666519e+00,3.629897630516057960e-01
3.437500000000000000e+00,5.718623656808946576e-03
3.458333333333333037e+00,-4.350309512002332180e-01
3.479166666666666519e+00,2.261610670129578782e-01
3.500000000000000000e+00,2.045302691493215141e-01
3.520833333333333037e+00,-5.481997342842139798e-01
3.541666666666666519e+00,1.142709231312436791e-01
3.562500000000000000e+00,4.817916194973868582e-01
3.583333333333333037e+00,-3.361754096072797626e-01
3.604166666666666519e+00,-3.739057960626590571e-01
3.625000000000000000e+00,3.998814578701999078e-01
3.645833333333333037e+00,1.235152494696159509e-01
3.666666666666666519e+00,-5.894588379581837678e-01
3.687500000000000000e+00,1.545867851391841408e-01
3.708333333333333037e+00,5.466163911045659463e-01
3.729166666666666519e+00,-2.270563906383733510e-01
3.750000000000000000e+00,-4.858187927876954637e-01
3.770833333333333037e+00,2.732312358611421743e-01
3.791666666666666519e+00,3.407843401617197121e-01
3.812500000000000000e+00,-4.425614724542284995e-01
3.833333333333333037e+00,-9.759886014999231973e-02
3.854166666666666519e+00,5.535367387469523059e-01
3.875000000000000000e+00,-2.438331208821908347e-01
3.895833333333333037e+00,-4.891911890296868348e-01
3.916666666666666519e+00,2.837120437001695028e-01
3.937500000000000000e+00,3.376786119397347519e-01
3.958333333333333037e+00,-4.611337250075975835e-01
3.979166666666666519e+00,-7.443466341789306551e-02
4.000000000000000000e+00,5.505795647402913495e-01
4.020833333333333037e+00,-1.969767170081541952e-01
4.041666666666666075e+00,-5.096195249134661820e-01
4.062500000000000000e+00,2.481340107500643322e-01
4.083333333333333037e+00,3.866906167730210786e-01
4.104166666666666075e+00,-3.623609074490743431e-01
4.125000000000000000e+00,-2.045743408321341328e-01
4.145833333333333037e+00,5.604687070643512570e-01
4.166666666666666075e+00,-1.865499224758614127e-01
4.187500000000000000e+00,-4.963726304178546767e-01
4.208333333333333037e+00,2.599011530743100540e-01
4.229166666666666075e+00,3.796610326026520488e-01
4.250000000000000000e+00,-4.032967711597677529e-01
4.270833333333333037e+00,-1.389524627467830509e-01
4.291666666666666075e+00,5.267413043585265076e-01
4.312500000000000000e+00,-2.109521895605030450e-01
4.333333333333333037e+00,-4.621553560196304811e-01
4.354166666666666075e+00,2.931908091695309970e-01
4.375000000000000000e+00,2.772395422723499259e-01
4.395833333333333037e+00,-4.559715088373378356e-01
4.416666666666666075e+00,2.528585521143100756e-03
4.437500000000000000e+00,5.144361452100836285e-01
4.458333333333333037e+00,-2.481130637769265734e-01
4.479166666666666075e+00,-3.973450728084829686e-01
4.500000000000000000e+00,3.573165391808512670e-01
4.520833333333333037e+00,2.055446621323335499e-01
4.541666666666666075e+00,-5.577868573616111547e-01
4.562500000000000000e+00,1.521359758918828797e-01
4.583333333333333037e+00,5.061103676971092646e-01
4.604166666666666075e+00,-2.403396857026084132e-01
4.625000000000000000e+00,-4.064285441371842111e-01
4.645833333333333037e+00,3.471460589444489986e-01
4.666666666666666075e+00,1.870540511974257969e-01
4.687500000000000000e+00,-5.146916257215824464e-01
4.708333333333333037e+00,1.377778236366093145e-01
4.729166666666666075e+00,4.907356485997343976e-01
4.750000000000000000e+00,-2.752259019020136810e-01
4.770833333333333037e+00,-3.535706361586647972e-01
4.791666666666666075e+00,4.017332630809786753e-01
4.812500000000000000e+00,1.239474224414057746e-01
4.833333333333333037e+00,-5.574150079661506219e-01
4.854166666666666075e+00,2.013931944455941425e-01
4.875000000000000000e+00,4.577451726350711958e-01
4.895833333333333037e+00,-2.598539295723560349e-01
4.916666666666666075e+00,-4.667524691334443698e-01
4.937500000000000000e+00,3.087686560858428075e-01
4.958333333333333037e+00,1.661775372361514180e-01
4.979166666666666075e+00,-5.565196921937366481e-01
5.000000000000000000e+00,1.460149340335388513e-01
5.020833333333333037e+00,3.692338617579997151e-01
5.041666666666666075e+00,-3.620184017058908910e-01
5.062500000000000000e+00,-2.047312878856918927e-01
5.083333333333333037e+00,4.290018884589000825e-01
5.104166666666666075e+00,-1.578154460422245275e-01
5.125000000000000000e+00,-4.260120784288707330e-01
5.145833333333333037e+00,3.250213596510919123e-01
5.166666666666666075e+00,1.807453216543512542e-01
5.187500000000000000e+00,-4.849802258260326182e-01
5.208333333333333037e+00,9.590784714985382819e-02
5.229166666666666075e+00,4.027405718289346903e-01
5.250000000000000000e+00,-4.020720798697355325e-01
5.270833333333333037e+00,-1.664202632690708894e-01
5.291666666666666075e+00,5.428462977430583702e-01
5.312500000000000000e+00,-2.119345005099409762e-01
5.333333333333333037e+00,-4.941795766287924163e-01
5.354166666666666075e+00,2.795920584684158383e-01
5.375000000000000000e+00,3.426114811685197492e-01
5.395833333333333037e+00,-3.973018058051861479e-01
5.416666666666666075e+00,-1.095985531175014960e-01
5.437500000000000000e+00,5.128848544830370004e-01
5.458333333333333037e+00,-2.757206536212918335e-01
5.479166666666666075e+00,-3.837861680854280921e-01
5.500000000000000000e+00,3.859488464780496675e-01
5.520833333333333037e+00,1.400306539612682921e-01
5.541666666666666075e+00,-5.655848365641431563e-01
5.562500000000000000e+00,2.008274402542473414e-01
5.583333333333333037e+00,4.749138752439446276e-01
5.604166666666666075e+00,-2.737582091654071070e-01
5.625000000000000000e+00,-3.697638329935779566e-01
5.645833333333333037e+00,4.112108973716139815e-01
5.666666666666666075e+00,1.191744085129969877e-01
5.687500000000000000e+00,-5.545469494449652981e-01
5.708333333333333037e+00,1.961692593181942335e-01
5.729166666666666075e+00,4.879374683452486483e-01
5.750000000000000000e+00,-2.846448429285987070e-01
5.770833333333333037e+00,-3.526169025967118009e-01
5.791666666666666075e+00,4.009820800610419678e-01
5.812500000000000000e+00,1.329010702563274970e-01
5.833333333333333037e+00,-5.538778247182498671e-01
5.854166666666666075e+00,1.974319388619318605e-01
5.875000000000000000e+00,4.630362682727688917e-01
5.895833333333333037e+00,-2.692197301823022748e-01
5.916666666666666075e+00,-3.430665500198513129e-01
5.937500000000000000e+00,4.163576955521303136e-01
5.958333333333333037e+00,7.459268781695570227e-02
5.979166666666666075e+00,-5.160631322666682230e-01
6.000000000000000000e+00,2.230843286581373486e-01
6.020833333333333037e+00,4.391575074738229278e-01
6.041666666666666075e+00,-3.192449793482562415e-01
6.062500000000000000e+00,-2.723502108199450933e-01
6.083333333333333037e+00,4.670932433775633053e-01
6.104166666666666075e+00,-2.725733076628017448e-03
6.125000000000000000e+00,-5.272416524464274001e-01
6.145833333333333037e+00,2.158941521319367729e-01
6.166666666666666075e+00,4.238055563641172641e-01
6.187500000000000000e+00,-3.061168480643176038e-01
6.208333333333333037e+00,-2.578848065100354248e-01
6.229166666666666075e+00,4.914031240474990847e-01
6.250000000000000000e+00,-8.329862340429546042e-02
6.270833333333333037e+00,-4.877021584811721544e-01
6.291666666666666075e+00,2.658237101285986226e-01
6.312500000000000000e+00,3.670783631861836982e-01
6.333333333333333037e+00,-4.071599252129398661e-01
6.354166666666666075e+00,-1.181507444001205775e-01
6.375000000000000000e+00,5.231211685588477156e-01
6.395833333333333037e+00,-2.192523401218817447e-01
6.416666666666666075e+00,-4.537098199624138850e-01
6.437500000000000000e+00,3.098141162180062524e-01
6.458333333333333037e+00,2.664359377093267756e-01
6.479166666666666075e+00,-4.694460129409351312e-01
6.500000000000000000e+00,2.492937703735337296e-02
6.520833333333333037e+00,5.690262530545069364e-01
6.541666666666666075e+00,-2.031196810205505854e-01
6.562500000000000000e+00,-4.682497784977276978e-01
6.583333333333333037e+00,2.651918786183516397e-01
6.604166666666666075e+00,4.252102040350599355e-01
6.625000000000000000e+00,-3.241571125114059426e-01
6.645833333333333037e+00,-2.392589755399827101e-01
6.666666666666666075e+00,4.898948404716964022e-01
6.687500000000000000e+00,1.443258227115912229e-03
6.708333333333333037e+00,-4.890809601804609330e-01
6.729166666666666075e+00,2.189278951455435052e-01
6.750000000000000000e+00,3.972337692433448586e-01
6.770833333333333037e+00,-2.998309297343831337e-01
6.791666666666666075e+00,-1.945602025949149660e-01
6.812500000000000000e+00,4.793840525735166280e-01
6.833333333333333037e+00,-1.176924771799097297e-01
6.854166666666666075e+00,-4.267019609441485839e-01
6.875000000000000000e+00,3.286199353359056108e-01
6.895833333333333037e+00,2.544073182329101290e-01
6.916666666666666075e+00,-5.157013551248756933e-01
6.937500000000000000e+00,8.727444057022624990e-02
6.958333333333333037e+00,5.026999227577891860e-01
6.979166666666666075e+00,-2.340384445104032318e-01
7.000000000000000000e+00,-4.106716055129960852e-01
7.020833333333333037e+00,3.375868912127971688e-01
7.041666666666666075e+00,2.075756153652201785e-01
7.062500000000000000e+00,-5.121777817006581968e-01
7.083333333333333037e+00,1.241323950803210341e-01
7.104166666666666075e+00,4.877965752081935835e-01
7.125000000000000000e+00,-2.797233803845119438e-01
7.145833333333333037e+00,-3.546593905925111700e-01
7.166666666666666075e+00,3.985279863529841982e-01
7.187500000000000000e+00,1.045455038805522263e-01
7.208333333333333037e+00,-5.332849023487411522e-01
7.229166666666666075e+00,2.193545910129562904e-01
7.250000000000000000e+00,4.309531475317356919e-01
7.270833333333333037e+00,-3.358986291698962123e-01
7.291666666666666075e+00,-2.562723053322472078e-01
7.312500000000000000e+00,4.828248304615406217e-01
7.333333333333333037e+00,-6.995884056420782759e-02
7.354166666666666075e+00,-5.035605253929992253e-01
7.375000000000000000e+00,2.518702452648086121e-01
7.395833333333333037e+00,3.796169214482664200e-01
7.416666666666666075e+00,-3.997728595142199803e-01
7.437500000000000000e+00,-1.576999616330914677e-01
7.458333333333333037e+00,5.528221820885219628e-01
7.479166666666666075e+00,-2.258534716993294555e-01
7.500000000000000000e+00,-4.758247974460965701e-01
7.520833333333333037e+00,2.764766958136584130e-01
7.541666666666666075e+00,3.363764998688549834e-01
7.562500000000000000e+00,-4.318258093356547311e-01
7.583333333333333037e+00,-7.360065249487342254e-02
7.604166666666666075e+00,5.337828195109395324e-01
7.625000000000000000e+00,-2.088565928042054320e-01
7.645833333333333037e+00,-4.651169940996826568e-01
7.666666666666666075e+00,2.959958772146201733e-01
7.687500000000000000e+00,3.177875354575904199e-01
7.708333333333333037e+00,-4.250703361212283538e-01
7.729166666666666075e+00,-6.925443721427106125e-02
7.750000000000000000e+00,5.370611156188668245e-01
7.770833333333333037e+00,-2.080837431094814394e-01
7.791666666666666075e+00,-4.376889725804529174e-01
7.812500000000000000e+00,3.253173932396018486e-01
7.833333333333333037e+00,2.629145002704591505e-01
7.854166666666666075e+00,-4.805594153675267211e-01
7.875000000000000000e+00,3.598660937060020604e-02
7.895833333333333037e+00,5.244179820496690514e-01
7.916666666666666075e+00,-2.387705896266565930e-01
7.937500000000000000e+00,-4.317872675679879091e-01
7.958333333333333037e+00,3.100890892913946151e-01
7.979166666666666075e+00,2.778251975912738869e-01
8.000000000000000000e+00,-4.839406717661645652e-01
8.020833333333332149e+00,1.118705189279500800e-02
8.041666666666666075e+00,5.364431132247342582e-01
8.062500000000000000e+00,-2.338389907580518678e-01
8.083333333333332149e+00,-4.473690329140172506e-01
8.104166666666666075e+00,2.949453164296581553e-01
8.125000000000000000e+00,2.860112331824483656e-01
8.145833333333332149e+00,-4.652864528046261050e-01
8.166666666666666075e+00,4.349436621543911752e-03
8.187500000000000000e+00,5.061761884934123934e-01
8.208333333333332149e+00,-2.696482572283263046e-01
8.229166666666666075e+00,-3.863214181029819283e-01
8.250000000000000000e+00,3.668951339446994142e-01
8.270833333333332149e+00,1.683531953776685741e-01
8.291666666666666075e+00,-5.333852429577523591e-01
8.312500000000000000e+00,1.698333024157760440e-01
8.333333333333332149e+00,4.874588665143047006e-01
8.354166666666666075e+00,-2.772418602156114242e-01
8.375000000000000000e+00,-3.503529965895041398e-01
8.395833333333332149e+00,4.062685484739319008e-01
8.416666666666666075e+00,1.136604122752588597e-01
8.437500000000000000e+00,-5.273150374907978888e-01
8.458333333333332149e+00,2.288212793991679928e-01
8.479166666666666075e+00,4.591599498459684736e-01
8.500000000000000000e+00,-3.034840241924187110e-01
8.520833333333332149e+00,-2.864104994471438070e-01
8.541666666666666075e+00,4.600737002725912572e-01
8.562500000000000000e+00,6.256285292212587779e-03
8.583333333333332149e+00,-5.353179507158303263e-01
8.604166666666666075e+00,2.147738309945636803e-01
8.625000000000000000e+00,4.605581549877806324e-01
8.645833333333332149e+00,-2.785401031716134845e-01
8.666666666666666075e+00,-3.384543063776161431e-01
8.687500000000000000e+00,4.249343178212368621e-01
8.708333333333332149e+00,8.460455591164305067e-02
8.729166666666666075e+00,-5.184659578728120222e-01
8.750000000000000000e+00,2.187904851408923601e-01
8.770833333333332149e+00,4.379813542271467353e-01
8.791666666666666075e+00,-3.160305532600823364e-01
8.812500000000000000e+00,-2.458300488265434958e-01
8.833333333333332149e+00,4.913224713658570497e-01
8.854166666666666075e+00,-5.706366086169277485e-02
8.875000000000000000e+00,-5.193564553774199233e-01
8.895833333333332149e+00,2.518203964227391234e-01
8.916666666666666075e+00,3.963893523502481919e-01
8.937500000000000000e+00,-3.591276912168081537e-01
8.958333333333332149e+00,-1.958367925055461145e-01
8.979166666666666075e+00,5.658337649749207721e-01
9.000000000000000000e+00,-1.873737383561541736e-01
9.020833333333332149e+00,-4.911774869687331457e-01
9.041666666666666075e+00,2.550726537379773839e-01
9.062500000000000000e+00,3.896646362268163521e-01
9.083333333333332149e+00,-3.734169539335339683e-01
9.104166666666666075e+00,-1.698115619007623811e-01
9.125000000000000000e+00,5.291557923738861025e-01
9.145833333333332149e+00,-1.624857077970438268e-01
9.166666666666666075e+00,-4.801329022357441190e-01
9.187500000000000000e+00,2.972784299080636350e-01
9.208333333333332149e+00,3.188491867338718033e-01
9.229166666666666075e+00,-4.341498719568698261e-01
9.250000000000000000e+00,-5.309850948116476288e-02
9.270833333333332149e+00,5.561616899472708875e-01
9.291666666666666075e+00,-2.260511386421357738e-01
9.312500000000000000e+00,-4.620620023219187966e-01
9.333333333333332149e+00,2.921517488582768829e-01
9.354166666666666075e+00,3.349456427645642886e-01
9.375000000000000000e+00,-4.423395237683697134e-01
9.395833333333332149e+00,-7.290319124839246545e-02
9.416666666666666075e+00,5.292157315988019750e-01
9.437500000000000000e+00,-2.309359296246149829e-01
9.458333333333332149e+00,-4.325741042102935752e-01
9.479166666666666075e+00,3.035565192182307914e-01
9.500000000000000000e+00,2.718836832821487914e-01
9.520833333333332149e+00,-4.851055507408557621e-01
9.541666666666666075e+00,2.603621000693176479e-02
9.562500000000000000e+00,5.165407620701805147e-01
9.583333333333332149e+00,-2.527877222268000157e-01
9.604166666666666075e+00,-4.166101791412241129e-01
9.625000000000000000e+00,3.373485827474426157e-01
9.645833333333332149e+00,2.262975286170124944e-01
9.666666666666666075e+00,-5.466891500509432067e-01
9.687500000000000000e+00,1.164671291382236018e-01
9.708333333333332149e+00,5.165425905289853237e-01
9.729166666666666075e+00,-2.501102300185408800e-01
9.750000000000000000e+00,-4.053604436141037271e-01
9.770833333333332149e+00,3.413206159785857063e-01
9.791666666666666075e+00,2.201194586267533615e-01
9.812500000000000000e+00,-5.395826759725420585e-01
9.833333333333332149e+00,1.309553451558063131e-01
9.854166666666666075e+00,5.034844892878458378e-01
9.875000000000000000e+00,-2.526558101794652011e-01
9.895833333333332149e+00,-4.010533385627109149e-01
9.916666666666666075e+00,3.505523995184327557e-01
9.937500000000000000e+00,2.003373844084713473e-01
9.958333333333332149e+00,-5.472544869120127276e-01
9.979166666666666075e+00,1.450687575683727859e-01
1.000000000000000000e+01,5.154583062160904561e-01
1.002083333333333215e+01,-2.541831711160417173e-01
1.004166666666666607e+01,-4.219949106386869930e-01
1.006250000000000000e+01,3.285609048915247299e-01
1.008333333333333215e+01,2.470575417089327375e-01
1.010416666666666607e+01,-5.251302879972452597e-01
1.012500000000000000e+01,6.978669220948963137e-02
1.014583333333333215e+01,5.236262161333841147e-01
1.016666666666666607e+01,-2.456173918698361935e-01
1.018750000000000000e+01,-4.155050673409111384e-01
1.020833333333333215e+01,3.307340077461023986e-01
1.022916666666666607e+01,2.462802619183515340e-01
1.025000000000000000e+01,-5.212141859990692128e-01
1.027083333333333215e+01,7.569205931160699619e-02
1.029166666666666607e+01,5.264046905864476766e-01
1.031250000000000000e+01,-2.382871035792824554e-01
1.033333333333333215e+01,-4.446060978862601543e-01
1.035416666666666607e+01,2.975631217762323422e-01
1.037500000000000000e+01,2.882819762193332691e-01
1.039583333333333215e+01,-4.765100628992712251e-01
1.041666666666666607e+01,-1.558470117357076135e-02
1.043750000000000000e+01,5.545231079421213405e-01
1.045833333333333215e+01,-2.071876648719092051e-01
1.047916666666666607e+01,-5.007260674799156597e-01
1.050000000000000000e+01,2.447989407877401991e-01
1.052083333333333215e+01,3.923070887105649662e-01
1.054166666666666607e+01,-3.602359440871124585e-01
1.056250000000000000e+01,-2.075100868790352993e-01
1.058333333333333215e+01,5.392971130919753664e-01
1.060416666666666607e+01,-1.443344769662705529e-01
1.062500000000000000e+01,-5.129887327158516586e-01
1.064583333333333215e+01,2.416592565234612355e-01
1.066666666666666607e+01,4.103818861596115197e-01
1.068750000000000000e+01,-3.702999572114848981e-01
1.070833333333333215e+01,-1.884659228317982493e-01
1.072916666666666607e+01,5.418457516866976853e-01
1.075000000000000000e+01,-1.702461516941832786e-01
1.077083333333333215e+01,-5.233812550784504580e-01
1.079166666666666607e+01,2.593102671402900405e-01
1.081250000000000000e+01,4.010991888274388351e-01
1.083333333333333215e+01,-3.549466666881943011e-01
1.085416666666666607e+01,-2.294839922299338753e-01
1.087500000000000000e+01,5.517942763097151149e-01
1.089583333333333215e+01,-1.373437762595907663e-01
1.091666666666666607e+01,-5.258750480151409556e-01
1.093750000000000000e+01,2.283490414961888426e-01
1.095833333333333215e+01,4.461981226083868712e-01
1.097916666666666607e+01,-3.251424580311627621e-01
1.100000000000000000e+01,-2.653170290171313894e-01
1.102083333333333215e+01,4.895408438765014303e-01
1.104166666666666607e+01,-4.172748347850810391e-02
1.106250000000000000e+01,-5.466688230387078962e-01
1.108333333333333215e+01,2.297568006559055631e-01
1.110416666666666607e+01,4.430944608773368376e-01
1.112500000000000000e+01,-3.104921754198261552e-01
1.114583333333333215e+01,-3.014132683849148342e-01
1.116666666666666607e+01,4.759510204848146908e-01
1.118750000000000000e+01,7.469522696682176499e-03
1.120833333333333215e+01,-5.250493086984098223e-01
1.122916666666666607e+01,2.369809539090353967e-01
1.125000000000000000e+01,4.193485319666960254e-01
1.127083333333333215e+01,-3.577787010367637910e-01
1.129166666666666607e+01,-2.169026881530477513e-01
1.131250000000000000e+01,5.295540472446108593e-01
1.133333333333333215e+01,-1.228218289158219678e-01
1.135416666666666607e+01,-5.273760304281303046e-01
1.137500000000000000e+01,2.356052483836104383e-01
1.139583333333333215e+01,4.159233056582986032e-01
1.141666666666666607e+01,-3.289149093982458583e-01
1.143750000000000000e+01,-2.594578683745987768e-01
1.145833333333333215e+01,5.088886095848438318e-01
1.147916666666666607e+01,-8.844773392571499138e-02
1.150000000000000000e+01,-5.045199512709946932e-01
1.152083333333333215e+01,2.585446509404205617e-01
1.154166666666666607e+01,3.805195596913846234e-01
1.156250000000000000e+01,-3.919608906297552542e-01
1.158333333333333215e+01,-1.505918758514967204e-01
1.160416666666666607e+01,5.235279346136635370e-01
1.162500000000000000e+01,-1.988117208706989825e-01
1.164583333333333215e+01,-4.678249870249441278e-01
1.166666666666666607e+01,2.882127679718830549e-01
1.168750000000000000e+01,3.040605845354526493e-01
1.170833333333333215e+01,-4.403777024254328376e-01
1.172916666666666607e+01,-6.231003808217593087e-02
1.175000000000000000e+01,5.405962676572366732e-01
1.177083333333333215e+01,-2.356669033005569236e-01
1.179166666666666607e+01,-4.483204333125823671e-01
1.181250000000000000e+01,3.090756489970601928e-01
1.183333333333333215e+01,2.907593239161614385e-01
1.185416666666666607e+01,-4.794910199487487090e-01
1.187500000000000000e+01,6.241105047128436834e-03
1.189583333333333215e+01,5.166889891649226740e-01
1.191666666666666607e+01,-2.236544169317548625e-01
1.193750000000000000e+01,-4.432502315664326731e-01
1.195833333333333215e+01,3.325032742659301821e-01
1.197916666666666607e+01,2.617787869332222628e-01
1.200000000000000000e+01,-4.948920164340628869e-01
1.202083333333333215e+01,1.970871252259437378e-02
1.204166666666666607e+01,5.617603042635511690e-01
1.206250000000000000e+01,-1.968513521382202758e-01
1.208333333333333215e+01,-5.085209080119021952e-01
1.210416666666666607e+01,2.340475813133581773e-01
1.212500000000000000e+01,4.391992260458098540e-01
1.214583333333333215e+01,-3.295469749131432202e-01
1.216666666666666607e+01,-2.558054996158546368e-01
1.218750000000000000e+01,4.991789770217104349e-01
1.220833333333333215e+01,-5.507538471305790939e-02
1.222916666666666607e+01,-5.462251077246613740e-01
1.225000000000000000e+01,2.233414586613424180e-01
1.227083333333333215e+01,4.411551869264624948e-01
1.229166666666666607e+01,-3.049343310287887521e-01
1.231250000000000000e+01,-3.055118444200308758e-01
1.233333333333333215e+01,4.662951210563436311e-01
1.235416666666666607e+01,-1.887311378549388907e-03
1.237500000000000000e+01,-5.222121569079767323e-01
1.239583333333333215e+01,2.866929370950743738e-01
1.241666666666666607e+01,3.974791117488762904e-01
1.243750000000000000e+01,-3.944874112477521066e-01
1.245833333333333215e+01,-1.694367168339969421e-01
1.247916666666666607e+01,5.392665309827562314e-01
1.250000000000000000e+01,-1.864898827735474995e-01
1.252083333333333215e+01,-4.895850718998130402e-01
1.254166666666666607e+01,2.708819940344067145e-01
1.256250000000000000e+01,3.442456834317441650e-01
1.258333333333333215e+01,-3.891824434546425904e-01
1.260416666666666607e+01,-1.160034161644352413e-01
1.262500000000000000e+01,5.150529077549662604e-01
1.264583333333333215e+01,-2.577076504595258166e-01
1.266666666666666607e+01,-3.843401927089122316e-01
1.268750000000000000e+01,3.653930857544239741e-01
1.270833333333333215e+01,1.812663934352605200e-01
1.272916666666666607e+01,-5.576545744091409018e-01
1.275000000000000000e+01,1.892712050588221673e-01
1.277083333333333215e+01,4.760171379175915929e-01
1.279166666666666607e+01,-2.624672638602738584e-01
1.281250000000000000e+01,-3.658448558147610052e-01
1.283333333333333215e+01,3.905502797677760096e-01
1.285416666666666607e+01,1.106655429974048033e-01
1.287500000000000000e+01,-5.050047488516651306e-01
1.289583333333333215e+01,2.216847660390259822e-01
1.291666666666666607e+01,4.104814592693641351e-01
1.293750000000000000e+01,-3.708943474127621709e-01
1.295833333333333215e+01,-1.915887080205827542e-01
1.297916666666666607e+01,5.358404522058729524e-01
1.300000000000000000e+01,-1.635235793039594154e-01
1.302083333333333215e+01,-5.023889127879045402e-01
1.304166666666666607e+01,2.606204500439587846e-01
1.306250000000000000e+01,3.603161555448093356e-01
1.308333333333333215e+01,-3.764305182914259307e-01
1.310416666666666607e+01,-1.440085006216547392e-01
1.312500000000000000e+01,5.264514496142737032e-01
1.314583333333333215e+01,-2.333028380349295994e-01
1.316666666666666607e+01,-4.173023947750848506e-01
1.318750000000000000e+01,3.394614128142042775e-01
1.320833333333333215e+01,2.336794676209542065e-01
1.322916666666666607e+01,-5.432896523822714485e-01
1.325000000000000000e+01,1.224640470118682212e-01
1.327083333333333215e+01,4.985122507869319541e-01
1.329166666666666607e+01,-2.342636662869898578e-01
1.331250000000000000e+01,-4.073821766575833614e-01
1.333333333333333215e+01,3.441056717895550898e-01
1.335416666666666607e+01,1.971214785967329575e-01
1.337500000000000000e+01,-5.229800715788341936e-01
1.339583333333333215e+01,1.351461483334203406e-01
1.341666666666666607e+01,4.896858572948412647e-01
1.343750000000000000e+01,-2.733351818738914973e-01
1.345833333333333215e+01,-3.751183748991429034e-01
1.347916666666666607e+01,3.882595923389380310e-01
1.350000000000000000e+01,1.383221870598902448e-01
1.352083333333333215e+01,-5.203860921428693498e-01
1.354166666666666607e+01,2.005596060800293456e-01
1.356250000000000000e+01,4.425209486246950985e-01
1.358333333333333215e+01,-3.353047258712898437e-01
1.360416666666666607e+01,-2.625484516678768254e-01
1.362500000000000000e+01,4.923728488145395765e-01
1.364583333333333215e+01,-4.749040283850668176e-02
1.366666666666666607e+01,-5.342408581855806471e-01
1.368750000000000000e+01,2.224035381190438976e-01
1.370833333333333215e+01,4.136083457801416063e-01
1.372916666666666607e+01,-3.196871200136897073e-01
1.375000000000000000e+01,-2.434466539446487610e-01
1.377083333333333215e+01,5.147184265173647688e-01
1.379166666666666607e+01,-9.997215823852428906e-02
1.381250000000000000e+01,-5.003860602320439055e-01
1.383333333333333215e+01,2.575172064949247108e-01
1.385416666666666607e+01,3.835340771467844467e-01
1.387500000000000000e+01,-3.912623086494069757e-01
1.389583333333333215e+01,-1.565114227444529549e-01
1.391666666666666607e+01,5.200963281442425590e-01
1.393750000000000000e+01,-1.823851619122386913e-01
1.395833333333333215e+01,-4.568462761814696682e-01
1.397916666666666607e+01,2.920820788337321616e-01
1.400000000000000000e+01,2.882486686169232204e-01
1.402083333333333215e+01,-4.418210486058550268e-01
1.404166666666666607e+01,-1.957808074780792440e-02
1.406250000000000000e+01,5.170100121387938286e-01
1.408333333333333215e+01,-2.575401712644022068e-01
1.410416666666666607e+01,-3.910536433878191720e-01
1.412500000000000000e+01,3.662159897665121511e-01
1.414583333333333215e+01,1.902077034017012613e-01
1.416666666666666607e+01,-5.511220037731321408e-01
1.418750000000000000e+01,1.831079325571763061e-01
1.420833333333333215e+01,4.796551983638412953e-01
1.422916666666666607e+01,-2.563148078448085343e-01
1.425000000000000000e+01,-3.645580156438495978e-01
1.427083333333333215e+01,3.904150138458236108e-01
1.429166666666666607e+01,1.472423486129060544e-01
1.431250000000000000e+01,-5.326111780501052717e-01
1.433333333333333215e+01,2.126091693464003118e-01
1.435416666666666607e+01,5.551498618099528493e-01
1.437500000000000000e+01,-1.767038400065805148e-01
1.439583333333333215e+01,-4.614153888767777989e-01
1.441666666666666607e+01,2.724107421122883288e-01
1.443750000000000000e+01,4.237935987848091002e-01
1.445833333333333215e+01,-3.099809607746855100e-01
1.447916666666666607e+01,-2.423737121202997336e-01
1.450000000000000000e+01,4.808801386786181187e-01
1.452083333333333215e+01,4.306935372273212881e-02
1.454166666666666607e+01,-4.860429656753231242e-01
1.456250000000000000e+01,2.492923330781560420e-01
1.458333333333333215e+01,4.096494264603219859e-01
1.460416666666666607e+01,-3.350579225015963836e-01
1.462500000000000000e+01,-1.590180448237394073e-01
1.464583333333333215e+01,5.103979728201450961e-01
1.466666666666666607e+01,-1.160679747475610174e-01
1.468750000000000000e+01,-4.546164674933661498e-01
1.470833333333333215e+01,3.205721190840402079e-01
1.472916666666666607e+01,2.934153580778257608e-01
1.475000000000000000e+01,-4.719722652298123933e-01
1.477083333333333215e+01,2.672508954217819865e-03
1.479166666666666607e+01,5.344336009778877239e-01
1.481250000000000000e+01,-2.233591930408448945e-01
1.483333333333333215e+01,-4.624618590110634031e-01
1.485416666666666607e+01,2.836290616382217689e-01
1.487500000000000000e+01,3.350665830387201671e-01
1.489583333333333215e+01,-4.377091742619172998e-01
1.491666666666666607e+01,-8.667798098936722873e-02
1.493750000000000000e+01,5.456203332743356782e-01
1.495833333333333215e+01,-2.315292277484085615e-01
1.497916666666666607e+01,-4.565667490038781140e-01
1.500000000000000000e+01,2.936609194892099151e-01
1.502083333333333215e+01,3.010353921638780350e-01
1.504166666666666607e+01,-4.643524954340327859e-01
1.506250000000000000e+01,-1.310484759074011241e-02
1.508333333333333215e+01,5.174804035130924351e-01
1.510416666666666607e+01,-2.299639966759647602e-01
1.512500000000000000e+01,-4.324595833677487011e-01
1.514583333333333215e+01,3.174101381751969209e-01
1.516666666666666607e+01,2.577998032157068353e-01
1.518750000000000000e+01,-5.118363629519331326e-01
1.520833333333333215e+01,5.534634262435703111e-02
1.522916666666666607e+01,5.336966405569237848e-01
1.525000000000000000e+01,-2.330533566047962302e-01
1.527083333333333215e+01,-4.467534269760450316e-01
1.529166666666666607e+01,2.975228950818300522e-01
1.531250000000000000e+01,2.907016750166179220e-01
1.533333333333333215e+01,-4.751310448860499580e-01
1.535416666666666607e+01,-4.217614417985612874e-03
1.537500000000000000e+01,5.235513951250683196e-01
1.539583333333333215e+01,-2.414905593830157793e-01
1.541666666666666607e+01,-4.245811513163263440e-01
1.543750000000000000e+01,3.208742993022085654e-01
1.545833333333333215e+01,2.441438515845416046e-01
1.547916666666666607e+01,-5.216771956558942103e-01
1.550000000000000000e+01,9.025962948697553723e-02
1.552083333333333215e+01,5.052229265545146175e-01
1.554166666666666607e+01,-2.510964385970226864e-01
1.556250000000000000e+01,-3.932027316598221134e-01
1.558333333333333215e+01,3.511710018027995872e-01
1.560416666666666607e+01,1.838337164900157861e-01
1.562500000000000000e+01,-5.404161913763176894e-01
1.564583333333333215e+01,1.726984200737647912e-01
1.566666666666666607e+01,4.784692121499971584e-01
1.568750000000000000e+01,-2.848715942425680270e-01
1.570833333333333215e+01,-3.461200691754200420e-01
1.572916666666666607e+01,3.965861903086663753e-01
1.575000000000000000e+01,9.801470107822929378e-02
1.577083333333333215e+01,-5.141218781095501233e-01
1.579166666666666607e+01,2.341264988238490052e-01
1.581250000000000000e+01,3.928744458696623587e-01
1.583333333333333215e+01,-3.530495473979577969e-01
1.585416666666666607e+01,-1.973743505732309389e-01
1.587500000000000000e+01,5.395402716754841288e-01
1.589583333333333215e+01,-1.675723342110458369e-01
1.591666666666666607e+01,-4.760605413153053966e-01
1.593750000000000000e+01,2.771114269192512247e-01
1.595833333333333215e+01,3.447931465293167519e-01
1.597916666666666607e+01,-4.247529420120614851e-01
1.600000000000000000e+01,-7.795644498114701060e-02
1.602083333333333215e+01,5.208035604215900394e-01
1.604166666666666430e+01,-2.230018740968388313e-01
1.606250000000000000e+01,-4.437983819881992087e-01
1.608333333333333215e+01,3.138065433605514154e-01
1.610416666666666430e+01,2.560684913394243867e-01
1.612500000000000000e+01,-4.809393688657639943e-01
1.614583333333333215e+01,2.330874796323526010e-02
1.616666666666666430e+01,5.269520627147974423e-01
1.618750000000000000e+01,-2.281446767722908886e-01
1.620833333333333215e+01,-4.030361465265323573e-01
1.622916666666666430e+01,3.503499553686607038e-01
1.625000000000000000e+01,2.025094683452987043e-01
1.627083333333333215e+01,-5.322615389497580285e-01
1.629166666666666430e+01,1.865961134562008905e-01
1.631250000000000000e+01,4.741515823837764154e-01
1.633333333333333215e+01,-2.912882896001341981e-01
1.635416666666666430e+01,-2.992810833476128862e-01
1.637500000000000000e+01,4.795977977982472384e-01
1.639583333333333215e+01,8.021932947468002340e-03
1.641666666666666430e+01,-5.378972734464464445e-01
1.643750000000000000e+01,2.547811096843961565e-01
1.645833333333333215e+01,4.592251619358868608e-01
1.647916666666666430e+01,-3.041681116102203930e-01
1.650000000000000000e+01,-2.902812432666628806e-01
1.652083333333333215e+01,4.929226899049536925e-01
1.654166666666666430e+01,-5.716778004008077341e-04
1.656250000000000000e+01,-5.402031507161033641e-01
1.658333333333333215e+01,2.194737036963634313e-01
1.660416666666666430e+01,4.621467834557873577e-01
1.662500000000000000e+01,-2.797028595531900752e-01
1.664583333333333215e+01,-3.077364072556436625e-01
1.666666666666666430e+01,4.595686099523798029e-01
1.668750000000000000e+01,1.896563060957046076e-02
1.670833333333333215e+01,-5.332235747642357637e-01
1.672916666666666430e+01,2.399543918199869563e-01
1.675000000000000000e+01,4.521796321952508135e-01
1.677083333333333215e+01,-3.012310157683703027e-01
1.679166666666666430e+01,-2.984818280795877299e-01
1.681250000000000000e+01,4.815509409537708230e-01
1.683333333333333215e+01,5.246058421355906387e-03
1.685416666666666430e+01,-5.359459999698126254e-01
1.687500000000000000e+01,2.262762832341657648e-01
1.689583333333333215e+01,4.518572121843577594e-01
1.691666666666666430e+01,-2.957088247587175145e-01
1.693750000000000000e+01,-2.909948209982320955e-01
1.695833333333333215e+01,4.719649944513704676e-01
1.697916666666666430e+01,4.017221348326091568e-03
1.700000000000000000e+01,-5.302592816684780219e-01
1.702083333333333215e+01,2.440437742699174684e-01
1.704166666666666430e+01,4.483921906186309481e-01
1.706250000000000000e+01,-3.021856142295777370e-01
1.708333333333333215e+01,-2.888078218508816075e-01
1.710416666666666430e+01,4.840879309911998440e-01
1.712500000000000000e+01,3.413715576713799438e-03
1.714583333333333215e+01,-5.475083363144986892e-01
1.716666666666666430e+01,2.166600344739330053e-01
1.718750000000000000e+01,4.776874645398040409e-01
1.720833333333333215e+01,-2.647137487115520660e-01
1.722916666666666430e+01,-3.440588085988682820e-01
1.725000000000000000e+01,4.203550681603157591e-01
1.727083333333333215e+01,9.712910668313215479e-02
1.729166666666666430e+01,-5.335368784762980487e-01
1.731250000000000000e+01,2.309504322007145671e-01
1.733333333333333215e+01,4.532622788280639692e-01
1.735416666666666430e+01,-2.890049902046487595e-01
1.737500000000000000e+01,-2.940998397237545303e-01
1.739583333333333215e+01,4.697187759433369969e-01
1.741666666666666430e+01,4.617751758306962162e-03
1.743750000000000000e+01,-5.236568605325534476e-01
1.745833333333333215e+01,2.372312680505569704e-01
1.747916666666666430e+01,4.230411917081045581e-01
1.750000000000000000e+01,-3.210530175160257182e-01
1.752083333333333215e+01,-2.384561656345984826e-01
1.754166666666666430e+01,5.135839159696962142e-01
1.756250000000000000e+01,-8.164628498196122020e-02
1.758333333333333215e+01,-5.096976156607635478e-01
1.760416666666666430e+01,2.468377035327115609e-01
1.762500000000000000e+01,4.057388530660573367e-01
1.764583333333333215e+01,-3.332593326069103190e-01
1.766666666666666430e+01,-2.121751613666323089e-01
1.768750000000000000e+01,5.280288996916437938e-01
1.770833333333333215e+01,-1.228887382749010992e-01
1.772916666666666430e+01,-4.996910600292495119e-01
1.775000000000000000e+01,2.604966926640786551e-01
1.777083333333333215e+01,3.877211610364289518e-01
1.779166666666666430e+01,-3.504700038552647223e-01
1.781250000000000000e+01,-1.932411624031037667e-01
1.783333333333333215e+01,5.316415736205408749e-01
1.785416666666666430e+01,-1.395419505202482868e-01
1.787500000000000000e+01,-4.993013688272206485e-01
1.789583333333333215e+01,2.621016783147036566e-01
1.791666666666666430e+01,3.788567140330561522e-01
1.793750000000000000e+01,-3.586160940297743460e-01
1.795833333333333215e+01,-1.693349322139767743e-01
1.797916666666666430e+01,5.359129534840360032e-01
1.800000000000000000e+01,-1.799439034867334475e-01
1.802083333333333215e+01,-4.818294155143131863e-01
1.804166666666666430e+01,2.930640803578872244e-01
1.806250000000000000e+01,3.525833896707966653e-01
1.808333333333333215e+01,-4.017841414699931946e-01
1.810416666666666430e+01,-1.096813509076570436e-01
1.812500000000000000e+01,5.536051346139382323e-01
1.814583333333333215e+01,-1.978112366774141262e-01
1.816666666666666430e+01,-4.728936920826138923e-01
1.818750000000000000e+01,2.966372913879353757e-01
1.820833333333333215e+01,3.413625285755643723e-01
1.822916666666666430e+01,-4.014053808630839715e-01
1.825000000000000000e+01,-8.162234595675542381e-02
1.827083333333333215e+01,5.084435786460024254e-01
1.829166666666666430e+01,-2.488126961036139506e-01
1.831250000000000000e+01,-3.768417314012225128e-01
1.833333333333333215e+01,3.955704999758901108e-01
1.835416666666666430e+01,1.441465747229425109e-01
1.837500000000000000e+01,-5.457239582054447258e-01
1.839583333333333215e+01,2.424041294494073129e-01
1.841666666666666430e+01,4.739198262118728966e-01
1.843750000000000000e+01,-2.897749431945263465e-01
1.845833333333333215e+01,-3.179225841573019573e-01
1.847916666666666430e+01,4.626602701388444205e-01
1.850000000000000000e+01,5.310239284429396633e-02
1.852083333333333215e+01,-5.344185741784472921e-01
1.854166666666666430e+01,2.290780142988246282e-01
1.856250000000000000e+01,4.480750975401375791e-01
1.858333333333333215e+01,-3.105704507722726326e-01
1.860416666666666430e+01,-2.750095265373190268e-01
1.862500000000000000e+01,4.848122907451568597e-01
1.864583333333333215e+01,-1.931522323165778265e-02
1.866666666666666430e+01,-5.333509603181543213e-01
1.868750000000000000e+01,2.425352391306082600e-01
1.870833333333333215e+01,4.455947593629157599e-01
1.872916666666666430e+01,-3.072174830972117521e-01
1.875000000000000000e+01,-2.722209103187845924e-01
1.877083333333333215e+01,4.998488068369539850e-01
1.879166666666666430e+01,-3.253978381023441002e-02
1.881250000000000000e+01,-5.269243075819445288e-01
1.883333333333333215e+01,2.424515449667525580e-01
1.885416666666666430e+01,4.244003055294674476e-01
1.887500000000000000e+01,-3.323598244668923840e-01
1.889583333333333215e+01,-2.332679610971903905e-01
1.891666666666666430e+01,5.323068581692060874e-01
1.893750000000000000e+01,-1.190368006298363479e-01
1.895833333333333215e+01,-5.067464528800803558e-01
1.897916666666666430e+01,2.492306368779515502e-01
1.900000000000000000e+01,4.015401307591647262e-01
1.902083333333333215e+01,-3.383459964333325742e-01
1.904166666666666430e+01,-2.052970177516534322e-01
1.906250000000000000e+01,5.302922123818019084e-01
1.908333333333333215e+01,-1.271141947222924895e-01
1.910416666666666430e+01,-5.039999246860159543e-01
1.912500000000000000e+01,2.510920247864105725e-01
1.914583333333333215e+01,3.987646805516278370e-01
1.916666666666666430e+01,-3.329223496559786666e-01
1.918750000000000000e+01,-2.095085403929477508e-01
1.920833333333333215e+01,5.288189078709302215e-01
1.922916666666666430e+01,-1.288446077253838085e-01
1.925000000000000000e+01,-4.865939191301981159e-01
1.927083333333333215e+01,2.617778955000994445e-01
1.929166666666666430e+01,3.779273107365731521e-01
1.931250000000000000e+01,-3.565968174168951399e-01
1.933333333333333215e+01,-1.550244053607665040e-01
1.935416666666666430e+01,5.297329636909664519e-01
1.937500000000000000e+01,-1.710109125152451115e-01
1.939583333333333215e+01,-4.744180135561046896e-01
1.941666666666666430e+01,2.757676869719146717e-01
1.943750000000000000e+01,3.608401257301645515e-01
1.945833333333333215e+01,-3.716133546757589556e-01
1.947916666666666430e+01,-1.365852341940331505e-01
1.950000000000000000e+01,5.334450801445220769e-01
1.952083333333333215e+01,-1.973654056703605941e-01
1.954166666666666430e+01,-4.461514155388786040e-01
1.956250000000000000e+01,3.043475829674281985e-01
1.958333333333333215e+01,3.006141872216230304e-01
1.960416666666666430e+01,-4.284799376647253077e-01
1.962500000000000000e+01,-1.933330137121047620e-02
1.964583333333333215e+01,5.043727691694722681e-01
1.966666666666666430e+01,-2.583334998918925263e-01
1.968750000000000000e+01,-3.734413860009540009e-01
1.970833333333333215e+01,4.023620791034123734e-01
1.972916666666666430e+01,1.540085486740162268e-01
1.975000000000000000e+01,-5.432490704956604022e-01
1.977083333333333215e+01,2.142336483931887026e-01
1.979166666666666430e+01,4.616271983957936365e-01
1.981250000000000000e+01,-2.838413733311586640e-01
1.983333333333333215e+01,-3.228977591346340326e-01
1.985416666666666430e+01,4.471737088999004350e-01
1.987500000000000000e+01,5.412280359251604722e-02
1.989583333333333215e+01,-5.130002122037116141e-01
1.991666666666666430e+01,2.500403763470206431e-01
1.993750000000000000e+01,4.608013283475170252e-01
1.995833333333333215e+01,-3.066286990150794978e-01
1.997916666666666430e+01,-2.414924739422188438e-01
2.000000000000000000e+01,4.915239362383392319e-01
2.002083333333333215e+01,-4.390664294619221752e-02
2.004166666666666430e+01,-4.613788916341463597e-01
2.006250000000000000e+01,3.404633090714056509e-01
2.008333333333333215e+01,2.982259302018211988e-01
2.010416666666666430e+01,-4.851866525051058421e-01
2.012500000000000000e+01,6.031645414144980177e-02
2.014583333333333215e+01,5.622210486060782442e-01
2.016666666666666430e+01,-2.099846938857493073e-01
2.018750000000000000e+01,-4.375252893968191170e-01
2.020833333333333215e+01,3.029551758377969639e-01
2.022916666666666430e+01,3.047659483660919433e-01
2.025000000000000000e+01,-4.559172068995094862e-01
2.027083333333333215e+01,2.552291159930566988e-03
2.029166666666666430e+01,5.124458567145071530e-01
2.031250000000000000e+01,-2.298517418410996327e-01
2.033333333333333215e+01,-4.288152638952767992e-01
2.035416666666666430e+01,3.386340191235693853e-01
2.037500000000000000e+01,2.535802736061369411e-01
2.039583333333333215e+01,-4.985216135536334470e-01
2.041666666666666430e+01,7.228034018711368414e-02
2.043750000000000000e+01,5.132357187945738586e-01
2.045833333333333215e+01,-2.329976466642753596e-01
2.047916666666666430e+01,-3.888581921303495004e-01
2.050000000000000000e+01,3.415561023948842090e-01
2.052083333333333215e+01,2.072775252750515274e-01
2.054166666666666430e+01,-5.397001071435441055e-01
2.056250000000000000e+01,1.645259320706059791e-01
2.058333333333333215e+01,4.906970727327714110e-01
2.060416666666666430e+01,-2.563150163339460441e-01
2.062500000000000000e+01,-3.866545691652715222e-01
2.064583333333333215e+01,3.761691378931276697e-01
2.066666666666666430e+01,1.714361970754283426e-01
2.068750000000000000e+01,-5.173216304701842017e-01
2.070833333333333215e+01,1.578440394449248385e-01
2.072916666666666430e+01,4.769396361173408039e-01
2.075000000000000000e+01,-2.732385543008742923e-01
2.077083333333333215e+01,-3.239257733250024418e-01
2.079166666666666430e+01,4.202609583400055415e-01
2.081250000000000000e+01,9.415793358305046823e-02
2.083333333333333215e+01,-5.437957516334827046e-01
2.085416666666666430e+01,2.236720538372187483e-01
2.087500000000000000e+01,4.412457106232312021e-01
2.089583333333333215e+01,-3.234749182763958508e-01
2.091666666666666430e+01,-2.681936357287493244e-01
2.093750000000000000e+01,4.747470395380976593e-01
2.095833333333333215e+01,-3.662752349639161742e-02
2.097916666666666430e+01,-5.154873264035335634e-01
2.100000000000000000e+01,2.313036716434571649e-01
2.102083333333333215e+01,4.160843893793294002e-01
2.104166666666666430e+01,-3.483634030791143976e-01
2.106250000000000000e+01,-2.424004784483834996e-01
2.108333333333333215e+01,4.953255821720393137e-01
2.110416666666666430e+01,-6.016091728207760558e-02
2.112500000000000000e+01,-5.201417108847170567e-01
2.114583333333333215e+01,2.215638377855247143e-01
2.116666666666666430e+01,4.228387039792844693e-01
2.118750000000000000e+01,-3.458601118538460195e-01
2.120833333333333215e+01,-2.322029386484945057e-01
2.122916666666666430e+01,5.130513396616290800e-01
2.125000000000000000e+01,-1.167250878035783757e-01
2.127083333333333215e+01,-4.884777950930058177e-01
2.129166666666666430e+01,2.651023785763483298e-01
2.131250000000000000e+01,3.557228572629934638e-01
2.133333333333333215e+01,-4.169727995288244893e-01
2.135416666666666430e+01,-1.126113524911021568e-01
2.137500000000000000e+01,5.446807475311038482e-01
2.139583333333333215e+01,-2.344461102792297358e-01
2.141666666666666430e+01,-4.652231020571507836e-01
2.143750000000000000e+01,2.880996664252664097e-01
2.145833333333333215e+01,3.046540109777832184e-01
2.147916666666666430e+01,-4.677240151706478777e-01
2.150000000000000000e+01,-1.101769275818924310e-02
2.152083333333333215e+01,5.156551169485872332e-01
2.154166666666666430e+01,-2.451248023332593118e-01
2.156250000000000000e+01,-4.014843160802230582e-01
2.158333333333333215e+01,3.478850645462223667e-01
2.160416666666666430e+01,1.958839303335568882e-01
2.162500000000000000e+01,-5.444052293479220150e-01
2.164583333333333215e+01,1.590881929915629600e-01
2.166666666666666430e+01,4.865159246008147753e-01
2.168750000000000000e+01,-3.225228103555068948e-01
2.170833333333333215e+01,-3.543009688979280036e-01
2.172916666666666430e+01,4.287102787331018572e-01
2.175000000000000000e+01,7.086626229546252875e-02
2.177083333333333215e+01,-5.692374746109432060e-01
2.179166666666666430e+01,1.711045290902206417e-01
2.181250000000000000e+01,4.966964720985270199e-01
2.183333333333333215e+01,-2.496227259421559541e-01
2.185416666666666430e+01,-3.942741929864625461e-01
2.187500000000000000e+01,3.312865168336720512e-01
2.189583333333333215e+01,2.047002677341026311e-01
2.191666666666666430e+01,-5.231646030597622010e-01
2.193750000000000000e+01,1.224671569788758907e-01
2.195833333333333215e+01,4.837577906535321937e-01
2.197916666666666430e+01,-2.692285494935569568e-01
2.200000000000000000e+01,-3.625155112244366484e-01
2.202083333333333215e+01,3.726918667502417959e-01
2.204166666666666430e+01,1.331215365436208553e-01
2.206250000000000000e+01,-5.181107864379427275e-01
2.208333333333333215e+01,2.006742688893969895e-01
2.210416666666666430e+01,4.317884045205770960e-01
2.212500000000000000e+01,-3.375968702360769291e-01
2.214583333333333215e+01,-2.595549169181742277e-01
2.216666666666666430e+01,4.816725088011840628e-01
2.218750000000000000e+01,-4.852496199428975310e-02
2.220833333333333215e+01,-5.055226919811973696e-01
2.222916666666666430e+01,2.345017711382339498e-01
2.225000000000000000e+01,4.062368679032246077e-01
2.227083333333333215e+01,-3.589256973851150945e-01
2.229166666666666430e+01,-1.963107011466949103e-01
2.231250000000000000e+01,5.410779328659776066e-01
2.233333333333333215e+01,-1.390923364420561803e-01
2.235416666666666430e+01,-5.157934485417914328e-01
2.237500000000000000e+01,2.553314552966030049e-01
2.239583333333333215e+01,3.934129613492488020e-01
2.241666666666666430e+01,-3.539780129793229646e-01
2.243750000000000000e+01,-1.987681626506770383e-01
2.245833333333333215e+01,5.646275082714671267e-01
2.247916666666666430e+01,-1.837598951850283602e-01
2.250000000000000000e+01,-4.978015800592545670e-01
2.252083333333333215e+01,2.522044276866693968e-01
2.254166666666666430e+01,3.984965080999341436e-01
2.256250000000000000e+01,-3.608059792643116825e-01
2.258333333333333215e+01,-1.841315216877672523e-01
2.260416666666666430e+01,5.366715152261131161e-01
2.262500000000000000e+01,-1.396403379136507417e-01
2.264583333333333215e+01,-5.129620897356410580e-01
2.266666666666666430e+01,2.620193094885931995e-01
2.268750000000000000e+01,3.933605398751273130e-01
2.270833333333333215e+01,-3.581490917578447064e-01
2.272916666666666430e+01,-2.026933113247649243e-01
2.275000000000000000e+01,5.539533532466742738e-01
2.277083333333333215e+01,-1.606637611609858796e-01
2.279166666666666430e+01,-4.916529153521526085e-01
2.281250000000000000e+01,2.508143568790658362e-01
2.283333333333333215e+01,3.938332374307863537e-01
2.285416666666666430e+01,-3.811287497815727399e-01
2.287500000000000000e+01,-1.819089234594001847e-01
2.289583333333333215e+01,5.410118399064542949e-01
2.291666666666666430e+01,-1.680783087309484780e-01
2.293750000000000000e+01,-4.988166113864539453e-01
2.295833333333333215e+01,2.497339360243279460e-01
2.297916666666666430e+01,3.805024607291546124e-01
2.300000000000000000e+01,-3.903356456017358367e-01
2.302083333333333215e+01,-1.678776173974844965e-01
2.304166666666666430e+01,5.456630975281648865e-01
2.306250000000000000e+01,-2.093973930166633801e-01
2.308333333333333215e+01,-4.750213238608522182e-01
2.310416666666666430e+01,2.658476328405598998e-01
2.312500000000000000e+01,3.412124198387547214e-01
2.314583333333333215e+01,-4.203997955817380117e-01
2.316666666666666430e+01,-9.755845486267906985e-02
2.318750000000000000e+01,5.281624651275454996e-01
2.320833333333333215e+01,-2.320677991238047078e-01
2.322916666666666430e+01,-4.345533471180209606e-01
2.325000000000000000e+01,3.067013970898837538e-01
2.327083333333333215e+01,2.644567987155295175e-01
2.329166666666666430e+01,-5.052941613653745279e-01
2.331250000000000000e+01,5.664775377489782160e-02
2.333333333333333215e+01,5.102372432859835216e-01
2.335416666666666430e+01,-2.388945074892562526e-01
2.337500000000000000e+01,-4.097112182533051428e-01
2.339583333333333215e+01,3.455687351641840710e-01
2.341666666666666430e+01,1.992683908590567321e-01
2.343750000000000000e+01,-5.186467752589736246e-01
2.345833333333333215e+01,1.300766192399725185e-01
2.347916666666666430e+01,4.943407580520959854e-01
2.350000000000000000e+01,-2.806382226287519321e-01
2.352083333333333215e+01,-3.524243258816769364e-01
2.354166666666666430e+01,3.988775620003159883e-01
2.356250000000000000e+01,1.251022130731496429e-01
2.358333333333333215e+01,-1.698619057405880151e-01
2.360416666666666430e+01,1.862062840543007303e-01
2.362500000000000000e+01,2.479980990846057110e-01
2.364583333333333215e+01,-2.718884814712161369e-01
2.366666666666666430e+01,4.919514673854638587e-02
2.368750000000000000e+01,4.006056205316200769e-01
2.370833333333333215e+01,-2.409536049243319322e-01
2.372916666666666430e+01,-1.624956311236829265e-01
2.375000000000000000e+01,5.375088800711029791e-01
2.377083333333333215e+01,-1.211591048528392889e-01
2.379166666666666430e+01,-4.793284929055713350e-01
2.381250000000000000e+01,3.382072805100125867e-01
2.383333333333333215e+01,4.045013385997140443e-01
2.385416666666666430e+01,-3.912784389221322656e-01
2.387500000000000000e+01,-1.695321310908523005e-01
2.389583333333333215e+01,6.045759543347226650e-01
2.391666666666666430e+01,-1.417981546821618366e-01
2.393750000000000000e+01,-5.935301946696518449e-01
2.395833333333333215e+01,1.423596807167464562e-01
2.397916666666666430e+01,6.320685000059502734e-01
2.400000000000000000e+01,-1.334028470158339086e-01
2.402083333333333215e+01,-6.257401173385402915e-01
2.404166666666666430e+01,1.236306282826362402e-01
2.406250000000000000e+01,6.429945907148418849e-01
2.408333333333333215e+01,-1.306589863549073305e-01
2.410416666666666430e+01,-6.352119618366627307e-01
2.412500000000000000e+01,1.297647594774765101e-01
2.414583333333333215e+01,6.189117899258089750e-01
2.416666666666666430e+01,-1.489202350381562956e-01
2.418750000000000000e+01,-5.866440714596017347e-01
2.420833333333333215e+01,1.820638952258010479e-01
2.422916666666666430e+01,5.357825079220830400e-01
2.425000000000000000e+01,-2.331487723098424891e-01
2.427083333333333215e+01,-4.392683073389220816e-01
2.429166666666666430e+01,3.404346552147333171e-01
2.431250000000000000e+01,2.506015780286524053e-01
2.433333333333333215e+01,-5.129047133249828860e-01
2.435416666666666430e+01,8.269257505628986593e-02
2.437500000000000000e+01,5.401512114681749077e-01
2.439583333333333215e+01,-2.193080952848707466e-01
2.441666666666666430e+01,-4.219069906637030742e-01
2.443750000000000000e+01,3.121463153594197237e-01
2.445833333333333215e+01,2.621423260233381458e-01
2.447916666666666430e+01,-4.940865081628846300e-01
2.450000000000000000e+01,7.299800025635737322e-02
2.452083333333333215e+01,4.985135290102490901e-01
2.454166666666666430e+01,-2.553220018709207451e-01
2.456250000000000000e+01,-3.851820455282767286e-01
2.458333333333333215e+01,3.840263304272342193e-01
2.460416666666666430e+01,1.683792740577635116e-01
2.462500000000000000e+01,-5.273928484347765178e-01
2.464583333333333215e+01,1.683002063361657141e-01
2.466666666666666430e+01,4.932433540767374724e-01
2.468750000000000000e+01,-2.754359153148979722e-01
2.470833333333333215e+01,-3.510011036841544918e-01
2.472916666666666430e+01,3.957671347828987107e-01
2.475000000000000000e+01,1.381316649540363373e-01
2.477083333333333215e+01,-5.512818816985465276e-01
2.479166666666666430e+01,2.254953538711563232e-01
2.481250000000000000e+01,4.587911392474033345e-01
2.483333333333333215e+01,-2.998923340034305163e-01
2.485416666666666430e+01,-3.100369018363492435e-01
2.487500000000000000e+01,4.663406329271536643e-01
2.489583333333333215e+01,1.461448814893052950e-02
2.491666666666666430e+01,-5.129693208681813665e-01
2.493750000000000000e+01,2.316036660312522921e-01
2.495833333333333215e+01,4.370813812272645316e-01
2.497916666666666430e+01,-3.350309086141480819e-01
2.500000000000000000e+01,-2.508714961143683198e-01
2.502083333333333215e+01,4.936566090717939836e-01
2.504166666666666430e+01,-5.403565201211860125e-02
2.506250000000000000e+01,-5.104867147107777781e-01
2.508333333333333215e+01,2.711252845321310279e-01
2.510416666666666430e+01,3.795322048204611831e-01
2.512500000000000000e+01,-3.757706206233061286e-01
2.514583333333333215e+01,-1.673386146076690784e-01
2.516666666666666430e+01,5.315463616312547934e-01
2.518750000000000000e+01,-1.873045243863941112e-01
2.520833333333333215e+01,-4.607986054759561911e-01
2.522916666666666430e+01,2.776428053173268240e-01
2.525000000000000000e+01,3.420846881711471221e-01
2.527083333333333215e+01,-4.181362655053179056e-01
2.529166666666666430e+01,-7.352859848747662908e-02
2.531250000000000000e+01,5.228711605364940729e-01
2.533333333333333215e+01,-2.079643967441185959e-01
2.535416666666666430e+01,-4.542122850422987690e-01
2.537500000000000000e+01,2.956814994102676120e-01
2.539583333333333215e+01,3.023610351233551596e-01
2.541666666666666430e+01,-4.327424182048636991e-01
2.543750000000000000e+01,-4.710734803778547641e-02
2.545833333333333215e+01,5.491411721223281583e-01
2.547916666666666430e+01,-2.324751760747465201e-01
2.550000000000000000e+01,-4.495033016684192306e-01
2.552083333333333215e+01,3.009937881029012829e-01
2.554166666666666430e+01,3.141443699855827609e-01
2.556250000000000000e+01,-4.502389022098636229e-01
2.558333333333333215e+01,-1.925729788309168966e-02
2.560416666666666430e+01,5.199673118625454116e-01
2.562500000000000000e+01,-2.296371672300279998e-01
2.564583333333333215e+01,-4.346710572810734141e-01
2.566666666666666430e+01,3.279500659716351740e-01
2.568750000000000000e+01,2.621233999265898951e-01
2.570833333333333215e+01,-4.773011838349023872e-01
2.572916666666666430e+01,2.398770761779744909e-02
2.575000000000000000e+01,5.324040630191942958e-01
2.577083333333333215e+01,-2.297445985094375698e-01
2.579166666666666430e+01,-4.236674100498486473e-01
2.581250000000000000e+01,3.253535140975788442e-01
2.583333333333333215e+01,2.720381305532868499e-01
2.585416666666666430e+01,-5.043045982859228893e-01
2.587500000000000000e+01,5.323793040698823753e-02
2.589583333333333215e+01,5.190817416357156322e-01
2.591666666666666430e+01,-2.439165772567652712e-01
2.593750000000000000e+01,-4.146049425362089424e-01
2.595833333333333215e+01,3.650365280969293247e-01
2.597916666666666430e+01,2.063563724772135288e-01
2.600000000000000000e+01,-5.324170415430491410e-01
2.602083333333333215e+01,1.404161716485304301e-01
2.604166666666666430e+01,5.209372148659039414e-01
2.606250000000000000e+01,-2.399106405658091301e-01
2.608333333333333215e+01,-3.891572432983015362e-01
2.610416666666666430e+01,3.443759098430461685e-01
2.612500000000000000e+01,1.962284011094538316e-01
2.614583333333333215e+01,-5.224895487723921761e-01
2.616666666666666430e+01,1.745690890026437569e-01
2.618750000000000000e+01,4.582400607337362985e-01
2.620833333333333215e+01,-3.107075748732338605e-01
2.622916666666666430e+01,-2.846138583907052433e-01
2.625000000000000000e+01,5.042739392398084552e-01
2.627083333333333215e+01,-3.665424699846933643e-02
2.629166666666666430e+01,-5.070822108186685551e-01
2.631250000000000000e+01,2.303719977259650054e-01
2.633333333333333215e+01,4.189496123856093490e-01
2.635416666666666430e+01,-3.400841929990230383e-01
2.637500000000000000e+01,-2.237959816724436057e-01
2.639583333333333215e+01,5.202894091319145708e-01
2.641666666666666430e+01,-8.908539728126749213e-02
2.643750000000000000e+01,-5.293758189112328649e-01
2.645833333333333215e+01,2.385021376187178299e-01
2.647916666666666430e+01,4.295502212063984082e-01
2.650000000000000000e+01,-3.154186496191724309e-01
2.652083333333333215e+01,-2.762870342638701349e-01
2.654166666666666430e+01,4.862790281655978708e-01
2.656250000000000000e+01,-1.999107500501262624e-02
2.658333333333333215e+01,-5.200196887109527211e-01
2.660416666666666430e+01,2.298578888784303942e-01
2.662500000000000000e+01,4.275911499525110737e-01
2.664583333333333215e+01,-3.251481457357958127e-01
2.666666666666666430e+01,-2.531071511457871348e-01
2.668750000000000000e+01,5.178769550821490375e-01
2.670833333333333215e+01,-6.438034007719109497e-02
2.672916666666666430e+01,-5.321851088711195832e-01
2.675000000000000000e+01,2.335966652387584663e-01
2.677083333333333215e+01,4.439574575002819823e-01
2.679166666666666430e+01,-3.002989342571046327e-01
2.681250000000000000e+01,-2.834618930875327236e-01
2.683333333333333215e+01,4.833340273266886200e-01
2.685416666666666430e+01,-1.195790440526572906e-02
2.687500000000000000e+01,-5.236099576464332550e-01
2.689583333333333215e+01,2.439368893400936378e-01
2.691666666666666430e+01,4.287220900059592887e-01
2.693750000000000000e+01,-3.182987432029826813e-01
2.695833333333333215e+01,-2.426158941827694093e-01
2.697916666666666430e+01,5.258347643726772880e-01
2.700000000000000000e+01,-9.416903135870635655e-02
2.702083333333333215e+01,-5.035971551877104213e-01
2.704166666666666430e+01,2.498868848449252167e-01
2.706250000000000000e+01,3.898052197434746513e-01
2.708333333333333215e+01,-3.541524751465223719e-01
2.710416666666666430e+01,-1.775415757612482937e-01
2.712500000000000000e+01,5.369533907282220131e-01
2.714583333333333215e+01,-1.710910202501163546e-01
2.716666666666666430e+01,-4.724185106597041384e-01
2.718750000000000000e+01,2.851864050165600073e-01
2.720833333333333215e+01,3.316168109761986615e-01
2.722916666666666430e+01,-4.093631062332505621e-01
2.725000000000000000e+01,-8.714754570605492967e-02
2.727083333333333215e+01,5.236030731580916253e-01
2.729166666666666430e+01,-2.496871084269592922e-01
2.731250000000000000e+01,-4.154416460981265602e-01
2.733333333333333215e+01,3.427148137310910836e-01
2.735416666666666430e+01,2.332347831374331770e-01
2.737500000000000000e+01,-5.453216404854208665e-01
2.739583333333333215e+01,1.284392960548583762e-01
2.741666666666666430e+01,5.022396658806295155e-01
2.743750000000000000e+01,-2.409695118335402342e-01
2.745833333333333215e+01,-4.154142649766120465e-01
2.747916666666666430e+01,3.557043238717465528e-01
2.750000000000000000e+01,2.079587560180844175e-01
2.752083333333333215e+01,-5.352216583739417555e-01
2.754166666666666430e+01,1.327339085453500822e-01
2.756250000000000000e+01,5.110784440360380820e-01
2.758333333333333215e+01,-2.724518820642176653e-01
2.760416666666666430e+01,-3.866844765350322399e-01
2.762500000000000000e+01,3.716257745706185167e-01
2.764583333333333215e+01,1.666011255778545586e-01
2.766666666666666430e+01,-5.407248442818630707e-01
2.768750000000000000e+01,1.902049096740924261e-01
2.770833333333333215e+01,4.547083511851126580e-01
2.772916666666666430e+01,-2.775836892945207079e-01
2.775000000000000000e+01,-3.260304396174686370e-01
2.777083333333333215e+01,4.375413363596435401e-01
2.779166666666666430e+01,4.189672970973834509e-02
2.781250000000000000e+01,-5.185721807697687424e-01
2.783333333333333215e+01,2.382098815740338049e-01
2.785416666666666430e+01,4.189289034277707824e-01
2.787500000000000000e+01,-3.610198015468744082e-01
2.789583333333333215e+01,-2.184175857699499068e-01
2.791666666666666430e+01,5.261818584524422526e-01
2.793750000000000000e+01,-1.193967778569930971e-01
2.795833333333333215e+01,-5.154044698047285378e-01
2.797916666666666430e+01,2.346541845002931559e-01
2.800000000000000000e+01,3.987825379984270557e-01
2.802083333333333215e+01,-3.340697079008027592e-01
2.804166666666666430e+01,-2.232557022661487700e-01
2.806250000000000000e+01,5.405527993507780460e-01
2.808333333333333215e+01,-1.395040703278008776e-01
2.810416666666666430e+01,-5.152395239441623920e-01
2.812500000000000000e+01,2.232728687828239855e-01
2.814583333333333215e+01,4.412170138267932917e-01
2.816666666666666430e+01,-3.216799819440039343e-01
2.818750000000000000e+01,-2.796081427617119752e-01
2.820833333333333215e+01,4.681026747477567973e-01
2.822916666666666430e+01,-8.909896446864629116e-03
2.825000000000000000e+01,-5.231526932391530327e-01
2.827083333333333215e+01,2.227212212143779568e-01
2.829166666666666430e+01,4.142553599721045532e-01
2.831250000000000000e+01,-3.182314776323137973e-01
2.833333333333333215e+01,-2.494650339515481763e-01
2.835416666666666430e+01,5.134774955082361814e-01
2.837500000000000000e+01,-9.237551207906760653e-02
2.839583333333333215e+01,-5.147034740908176254e-01
2.841666666666666430e+01,2.251219059572835690e-01
2.843750000000000000e+01,4.429898064009017977e-01
2.845833333333333215e+01,-3.158814788583010902e-01
2.847916666666666430e+01,-2.863370650142420537e-01
2.850000000000000000e+01,4.605169193618843804e-01
2.852083333333333215e+01,1.747834121605267022e-02
2.854166666666666430e+01,-5.481182774237013389e-01
2.856250000000000000e+01,2.147917592036000245e-01
2.858333333333333215e+01,4.483992773390694242e-01
2.860416666666666430e+01,-2.911862673226353060e-01
2.862500000000000000e+01,-3.174254835924792961e-01
2.864583333333333215e+01,4.467596550228917773e-01
2.866666666666666430e+01,2.118677340180823154e-02
2.868750000000000000e+01,-5.136146650261883551e-01
2.870833333333333215e+01,2.370780820194591521e-01
2.872916666666666430e+01,4.207168718669781482e-01
2.875000000000000000e+01,-3.508762474019616606e-01
2.877083333333333215e+01,-2.215014175196011736e-01
2.879166666666666430e+01,5.319937515572118469e-01
2.881250000000000000e+01,-1.177126367456330369e-01
2.883333333333333215e+01,-5.306983155351040482e-01
2.885416666666666430e+01,2.260857912021999594e-01
2.887500000000000000e+01,4.077872359867714125e-01
2.889583333333333215e+01,-3.224802103166241052e-01
2.891666666666666430e+01,-2.323067191808320109e-01
2.893750000000000000e+01,5.186206742959240668e-01
2.895833333333333215e+01,-1.269589080136482029e-01
2.897916666666666430e+01,-4.819527033814825501e-01
2.900000000000000000e+01,2.780012846743967203e-01
2.902083333333333215e+01,3.478087683979354527e-01
2.904166666666666430e+01,-4.175473792402950579e-01
2.906250000000000000e+01,-9.636965258853187610e-02
2.908333333333333215e+01,5.290757622530888327e-01
2.910416666666666430e+01,-2.043726909402947545e-01
2.912500000000000000e+01,-4.482293181912443414e-01
2.914583333333333215e+01,3.064272375829191208e-01
2.916666666666666430e+01,3.037040238604498676e-01
2.918750000000000000e+01,-4.878329156651193266e-01
2.920833333333333215e+01,8.419145725772278488e-03
2.922916666666666430e+01,5.345136590167536284e-01
2.925000000000000000e+01,-2.425414024143198732e-01
2.927083333333333215e+01,-4.643852417687849843e-01
2.929166666666666430e+01,3.223454696315214418e-01
2.931250000000000000e+01,2.561718239890786730e-01
2.933333333333333215e+01,-5.405103853443962159e-01
2.935416666666666430e+01,8.445215665672864414e-02
2.937500000000000000e+01,5.152473168047282392e-01
2.939583333333333215e+01,-2.170886272063724809e-01
2.941666666666666430e+01,-4.050525041977836027e-01
2.943750000000000000e+01,3.127399986315670954e-01
2.945833333333333215e+01,2.319278767315431367e-01
2.947916666666666430e+01,-5.131792624302576877e-01
2.950000000000000000e+01,8.947521895979614059e-02
2.952083333333333215e+01,4.835446326933658945e-01
2.954166666666666430e+01,-2.627382950553791563e-01
2.956250000000000000e+01,-3.903449221171307326e-01
2.958333333333333215e+01,3.441946228469051627e-01
2.960416666666666430e+01,1.873974798594983948e-01
2.962500000000000000e+01,-5.378799826536246886e-01
2.964583333333333215e+01,1.479178406735235096e-01
2.966666666666666430e+01,5.026885228679608408e-01
2.968750000000000000e+01,-2.555336239534876652e-01
2.970833333333333215e+01,-3.943434810746105912e-01
2.972916666666666430e+01,3.385585943280511878e-01
2.975000000000000000e+01,2.071675062199809791e-01
2.977083333333333215e+01,-5.268570241369013862e-01
2.979166666666666430e+01,1.277384709984895339e-01
2.981250000000000000e+01,4.839190057976837656e-01
2.983333333333333215e+01,-2.676691488607570446e-01
2.985416666666666430e+01,-3.846091026134000890e-01
2.987500000000000000e+01,3.515280166350593372e-01
2.989583333333333215e+01,1.788045620980556472e-01
2.991666666666666430e+01,-5.462649774997728747e-01
2.993750000000000000e+01,1.590397203778761426e-01
2.995833333333333215e+01,5.130570287701221588e-01
2.997916666666666430e+01,-2.465042026963797095e-01
3.000000000000000000e+01,-4.242614469031055213e-01
3.002083333333333215e+01,3.173285780644072851e-01
3.004166666666666430e+01,2.654458674716358990e-01
3.006250000000000000e+01,-4.982768431148615340e-01
3.008333333333333215e+01,3.859339566712662040e-02
3.010416666666666430e+01,5.248339412037070772e-01
3.012500000000000000e+01,-2.386778719126985415e-01
3.014583333333333215e+01,-4.226636969913164510e-01
3.016666666666666430e+01,3.196702172295982081e-01
3.018750000000000000e+01,2.480576935230497937e-01
3.020833333333333215e+01,-5.185997812338721813e-01
3.022916666666666430e+01,6.539057297235174870e-02
3.025000000000000000e+01,5.416178340785218204e-01
3.027083333333333215e+01,-2.161742109909261800e-01
3.029166666666666430e+01,-4.791290099924745971e-01
3.031250000000000000e+01,2.703601175928993516e-01
3.033333333333333215e+01,3.722557888983236141e-01
3.035416666666666430e+01,-3.983684336882418187e-01
3.037500000000000000e+01,-1.604615039610182425e-01
3.039583333333333215e+01,5.628687666949387935e-01
3.041666666666666430e+01,-2.110133609522761022e-01
3.043750000000000000e+01,-4.903963755560519222e-01
3.045833333333333215e+01,2.582625121010988511e-01
3.047916666666666430e+01,3.718757643682337743e-01
3.050000000000000000e+01,-3.961220786306697272e-01
3.052083333333333215e+01,-1.367135528691663104e-01
3.054166666666666430e+01,5.343136814984080774e-01
3.056250000000000000e+01,-2.029724132465842990e-01
3.058333333333333215e+01,-4.671476979309275301e-01
3.060416666666666430e+01,2.852014146510402637e-01
3.062500000000000000e+01,3.111928302583053529e-01
3.064583333333333215e+01,-4.386072298863559760e-01
3.066666666666666430e+01,-5.830649924989531052e-02
3.068750000000000000e+01,5.358174437235894150e-01
3.070833333333333215e+01,-2.384963473923805977e-01
3.072916666666666430e+01,-4.446134658430651032e-01
3.075000000000000000e+01,3.114876080788508972e-01
3.077083333333333215e+01,2.822513099741116860e-01
3.079166666666666430e+01,-4.882579221707247230e-01
3.081250000000000000e+01,-4.736573465862439769e-03
3.083333333333333215e+01,5.272154475029511289e-01
3.085416666666666430e+01,-2.246158748642458070e-01
3.087500000000000000e+01,-4.393950740882857087e-01
3.089583333333333215e+01,2.952244858935095806e-01
3.091666666666666430e+01,2.712147882389044917e-01
3.093750000000000000e+01,-4.836637323435101221e-01
3.095833333333333215e+01,2.603972938399917725e-02
3.097916666666666430e+01,5.192693564259599492e-01
3.100000000000000000e+01,-2.630378112711091454e-01
3.102083333333333215e+01,-4.099595803682276607e-01
3.104166666666666430e+01,3.486832025630755005e-01
3.106250000000000000e+01,2.118620832324469294e-01
3.108333333333333215e+01,-5.104895706042704706e-01
3.110416666666666430e+01,4.413935370005493686e-02
3.112500000000000000e+01,5.084200537635141792e-01
3.114583333333333215e+01,-2.377752462159449798e-01
3.116666666666666430e+01,-4.396730329363398027e-01
3.118750000000000000e+01,2.787967230957600906e-01
3.120833333333333215e+01,2.901207986025785557e-01
3.122916666666666430e+01,-4.324452455177223431e-01
3.125000000000000000e+01,-3.805779196654687779e-02
3.127083333333333215e+01,5.259386204048301927e-01
3.129166666666666430e+01,-2.356379912012256661e-01
3.131250000000000000e+01,-4.584068975584255079e-01
3.133333333333333215e+01,3.257541313778666847e-01
3.135416666666666430e+01,2.450920781036653451e-01
3.137500000000000000e+01,-5.143359960077393822e-01
3.139583333333333215e+01,2.504548263856672119e-02
3.141666666666666430e+01,5.365737879708053493e-01
3.143750000000000000e+01,-2.465105686488465730e-01
3.145833333333333215e+01,-4.325026931628505600e-01
3.147916666666666430e+01,3.454257914919030004e-01
3.150000000000000000e+01,2.437135167787048973e-01
3.152083333333333215e+01,-5.121127578070652220e-01
3.154166666666666430e+01,9.229830523171918266e-02
3.156250000000000000e+01,5.162865918372757656e-01
3.158333333333333215e+01,-2.291372167875139476e-01
3.160416666666666430e+01,-4.231052505032174005e-01
3.162500000000000000e+01,3.421664476616599337e-01
3.164583333333333215e+01,2.676031311796189249e-01
3.166666666666666430e+01,-4.908400071272721044e-01
3.168750000000000000e+01,3.937261798247927713e-02
3.170833333333333215e+01,5.264111136189606466e-01
3.172916666666666430e+01,-2.212413600502601552e-01
3.175000000000000000e+01,-4.363352845065068819e-01
3.177083333333333215e+01,3.364136284916006692e-01
3.179166666666666430e+01,2.673667191054042713e-01
3.181250000000000000e+01,-4.817852129465785560e-01
3.183333333333333215e+01,5.055915726042740921e-02
3.185416666666666430e+01,5.161184253514712328e-01
3.187500000000000000e+01,-2.263790951107699512e-01
3.189583333333333215e+01,-4.179560619404437682e-01
3.191666666666666430e+01,3.465203486493942941e-01
3.193750000000000000e+01,2.424890815503669694e-01
3.195833333333333215e+01,-4.994424094544211989e-01
3.197916666666666430e+01,7.495332751076959343e-02
3.200000000000000000e+01,5.105400481831096071e-01
3.202083333333332860e+01,-2.314101764787007964e-01
3.204166666666666430e+01,-4.220059710711911993e-01
3.206250000000000000e+01,3.422998190720411560e-01
3.208333333333332860e+01,2.490534681301535824e-01
3.210416666666666430e+01,-5.030714149202356600e-01
3.212500000000000000e+01,8.141000774513697247e-02
3.214583333333332860e+01,5.206593489550667142e-01
3.216666666666666430e+01,-2.222100004025385489e-01
3.218750000000000000e+01,-4.155672018620466535e-01
3.220833333333332860e+01,3.442873715232981358e-01
3.222916666666666430e+01,2.270914020107592801e-01
3.225000000000000000e+01,-5.121833385216355561e-01
3.227083333333332860e+01,1.073034300054508394e-01
3.229166666666666430e+01,5.121023566216891254e-01
3.231250000000000000e+01,-2.359964134072959629e-01
3.233333333333332860e+01,-4.075054703324949568e-01
3.235416666666666430e+01,3.642010772840431621e-01
3.237500000000000000e+01,2.119874554255300192e-01
3.239583333333332860e+01,-5.373651009693252156e-01
3.241666666666666430e+01,1.464577208867114677e-01
3.243750000000000000e+01,5.218264177227901479e-01
3.245833333333332860e+01,-2.287142987501260549e-01
3.247916666666666430e+01,-4.149026468467457152e-01
3.250000000000000000e+01,3.564939346879453241e-01
3.252083333333332860e+01,2.235409047493889800e-01
3.254166666666666430e+01,-5.210848510683120383e-01
3.256250000000000000e+01,1.286912838253514713e-01
3.258333333333332860e+01,4.971905227065869237e-01
3.260416666666666430e+01,-2.611220773847461318e-01
3.262500000000000000e+01,-3.653226736845717193e-01
3.264583333333332860e+01,4.090049811724998929e-01
3.266666666666666430e+01,1.257533546170112315e-01
3.268750000000000000e+01,-5.362495143690226840e-01
3.270833333333332860e+01,2.307395584920967635e-01
3.272916666666666430e+01,4.404809361494568254e-01
3.275000000000000000e+01,-3.081931865693612327e-01
3.277083333333332860e+01,-2.877181648726497842e-01
3.279166666666666430e+01,4.853072082317195779e-01
3.281250000000000000e+01,-2.256384499508597152e-02
3.283333333333332860e+01,-5.234806346555952450e-01
3.285416666666666430e+01,2.384344126662427121e-01
3.287500000000000000e+01,4.250361471223969012e-01
3.289583333333332860e+01,-3.529427574623861252e-01
3.291666666666666430e+01,-2.291191156083289826e-01
3.293750000000000000e+01,5.265139435596331019e-01
3.295833333333332860e+01,-1.109609175757227395e-01
3.297916666666666430e+01,-5.281197396069703398e-01
3.300000000000000000e+01,2.248346615507702262e-01
3.302083333333332860e+01,4.057204915112810895e-01
3.304166666666666430e+01,-3.243314264980093897e-01
3.306250000000000000e+01,-2.368651476107014320e-01
3.308333333333332860e+01,5.120184485659584617e-01
3.310416666666666430e+01,-1.125126098328596280e-01
3.312500000000000000e+01,-4.947960704818826772e-01
3.314583333333332860e+01,2.584475536044493760e-01
3.316666666666666430e+01,3.689660378616628211e-01
3.318750000000000000e+01,-3.952844716603500785e-01
3.320833333333332860e+01,-1.561192734816428951e-01
3.322916666666666430e+01,5.391842514867641878e-01
3.325000000000000000e+01,-2.059203862001733054e-01
3.327083333333332860e+01,-4.716383009186888020e-01
3.329166666666666430e+01,2.637857959556260679e-01
3.331250000000000000e+01,3.241248453026980281e-01
3.333333333333332860e+01,-4.238655834412312085e-01
3.335416666666666430e+01,-7.157268154497045676e-02
3.337500000000000000e+01,5.099981449952982748e-01
3.339583333333332860e+01,-2.710234129598957376e-01
3.341666666666666430e+01,-3.981790419508837719e-01
3.343750000000000000e+01,3.531614014181558847e-01
3.345833333333332860e+01,1.952209844472265476e-01
3.347916666666666430e+01,-5.379555958815340766e-01
3.350000000000000000e+01,1.434846354465776075e-01
3.352083333333332860e+01,5.049977634329001486e-01
3.354166666666666430e+01,-2.642936713721542596e-01
3.356250000000000000e+01,-3.921789247471256790e-01
3.358333333333332860e+01,3.498371554387477711e-01
3.360416666666666430e+01,1.813575372779722694e-01
3.362500000000000000e+01,-5.232437215802503427e-01
3.364583333333332860e+01,1.612852459751551726e-01
3.366666666666666430e+01,4.687942013198010960e-01
3.368750000000000000e+01,-3.044186255117803386e-01
3.370833333333332860e+01,-3.175565104077036072e-01
3.372916666666666430e+01,4.295866372565761981e-01
3.375000000000000000e+01,5.118594172923120189e-02
3.377083333333332860e+01,-5.275920088518123441e-01
3.379166666666666430e+01,2.163872307070948964e-01
3.381250000000000000e+01,4.241836652827045695e-01
3.383333333333332860e+01,-3.419447365155670049e-01
3.385416666666666430e+01,-2.349837141172052835e-01
3.387500000000000000e+01,5.108321861420848098e-01
3.389583333333332860e+01,-9.278876737408722764e-02
3.391666666666666430e+01,-5.057867576854107039e-01
3.393750000000000000e+01,2.507975801763254742e-01
3.395833333333332860e+01,3.828159662402274011e-01
3.397916666666666430e+01,-3.830400823630016882e-01
3.400000000000000000e+01,-1.691640793212461080e-01
3.402083333333332860e+01,5.433281638336429076e-01
3.404166666666666430e+01,-1.938186838955770208e-01
3.406250000000000000e+01,-4.847315112256882497e-01
3.408333333333332860e+01,2.632748812034945152e-01
3.410416666666666430e+01,3.534777135123039482e-01
3.412500000000000000e+01,-4.104837666496361503e-01
3.414583333333332860e+01,-1.122105709436379273e-01
3.416666666666666430e+01,5.278078321621287872e-01
3.418750000000000000e+01,-2.297859025425216806e-01
3.420833333333332860e+01,-4.460011563250221855e-01
3.422916666666666430e+01,3.155232891691491792e-01
3.425000000000000000e+01,2.721998559055210931e-01
3.427083333333332860e+01,-4.785339226210463814e-01
3.429166666666666430e+01,2.324154527112987090e-04
3.431250000000000000e+01,5.519936034539033587e-01
3.433333333333332860e+01,-2.061241105447755295e-01
3.435416666666666430e+01,-4.879075036793215636e-01
3.437500000000000000e+01,2.516754299291256158e-01
3.439583333333332860e+01,3.911437668038799664e-01
3.441666666666666430e+01,-3.745077893750193287e-01
3.443750000000000000e+01,-1.780636526386770169e-01
3.445833333333332860e+01,5.326247909951618009e-01
3.447916666666666430e+01,-1.633840629010403223e-01
3.450000000000000000e+01,-5.036134507147832506e-01
3.452083333333332860e+01,2.605240564223898492e-01
3.454166666666666430e+01,3.655802227598048404e-01
3.456250000000000000e+01,-3.745316648081223332e-01
3.458333333333332860e+01,-1.677053890707616290e-01
3.460416666666666430e+01,5.494447264242603435e-01
3.462500000000000000e+01,-2.109360419309336820e-01
3.464583333333332860e+01,-4.719343758523135701e-01
3.466666666666666430e+01,2.734851303530773659e-01
3.468750000000000000e+01,3.512403711745879509e-01
3.470833333333332860e+01,-4.194869493414709050e-01
3.472916666666666430e+01,-1.006829013495819380e-01
3.475000000000000000e+01,5.202715210576602800e-01
3.477083333333332860e+01,-2.161475555734147513e-01
3.479166666666666430e+01,-4.453124185869762885e-01
3.481250000000000000e+01,3.076299740101023916e-01
3.483333333333332860e+01,2.545154983203282151e-01
3.485416666666666430e+01,-4.787119194306271308e-01
3.487500000000000000e+01,4.111164464737557256e-02
3.489583333333332860e+01,5.171941329432724332e-01
3.491666666666666430e+01,-2.461820116838871753e-01
3.493750000000000000e+01,-3.984519109906027867e-01
3.495833333333332860e+01,3.538845239878627424e-01
3.497916666666666430e+01,2.036443647617920683e-01
3.500000000000000000e+01,-5.638920367847526371e-01
3.502083333333332860e+01,1.743111411973578828e-01
3.504166666666666430e+01,4.965010004680409650e-01
3.506250000000000000e+01,-2.475984626878053596e-01
3.508333333333332860e+01,-3.991323653575693520e-01
3.510416666666666430e+01,3.561239792407854265e-01
3.512500000000000000e+01,1.798992429758869971e-01
3.514583333333332860e+01,-5.248603564084506345e-01
3.516666666666666430e+01,1.346898891507683771e-01
3.518750000000000000e+01,4.962008424778755478e-01
3.520833333333332860e+01,-2.708635865386882502e-01
3.522916666666666430e+01,-3.677193453004328205e-01
3.525000000000000000e+01,3.911145186580877731e-01
3.527083333333332860e+01,1.521704571043166199e-01
3.529166666666666430e+01,-5.571090386817796336e-01
3.531250000000000000e+01,2.106792739179871865e-01
3.533333333333332860e+01,4.693267843743670342e-01
3.535416666666666430e+01,-2.772507947204106982e-01
3.537500000000000000e+01,-3.477991481449184685e-01
3.539583333333332860e+01,4.158341083878967503e-01
3.541666666666666430e+01,8.702046714803825245e-02
3.543750000000000000e+01,-5.266704567914984869e-01
3.545833333333332860e+01,2.287461244280722672e-01
3.547916666666666430e+01,4.395890077414822961e-01
3.550000000000000000e+01,-3.299526813443836026e-01
3.552083333333332860e+01,-2.674760158295768075e-01
3.554166666666666430e+01,4.847655746836493362e-01
3.556250000000000000e+01,-1.873882291947741308e-02
3.558333333333332860e+01,-5.445069721926499851e-01
3.560416666666666430e+01,2.165876227858287706e-01
3.562500000000000000e+01,4.427634053759586519e-01
3.564583333333332860e+01,-2.972062236032961269e-01
3.566666666666666430e+01,-3.052867045415048608e-01
3.568750000000000000e+01,4.614109860681600006e-01
3.570833333333332860e+01,-3.173895590029424119e-04
3.572916666666666430e+01,-5.107786930749450560e-01
3.575000000000000000e+01,2.531625444558009419e-01
3.577083333333332860e+01,3.973716425113536510e-01
3.579166666666666430e+01,-3.899742361327613316e-01
3.581250000000000000e+01,-1.693141254322441114e-01
3.583333333333332860e+01,5.272919376645515133e-01
3.585416666666666430e+01,-1.831321828969728893e-01
3.587500000000000000e+01,-4.810994440880745904e-01
3.589583333333332860e+01,2.724544476719660824e-01
3.591666666666666430e+01,3.308796030187842740e-01
3.593750000000000000e+01,-4.122419997711188056e-01
3.595833333333332860e+01,-1.006865541963516963e-01
3.597916666666666430e+01,5.431272036129145553e-01
3.600000000000000000e+01,-2.333106812524582963e-01
3.602083333333332860e+01,-4.429782327023837896e-01
3.604166666666666430e+01,3.187196642161547189e-01
3.606250000000000000e+01,2.774065965186002236e-01
3.608333333333332860e+01,-5.048801113102846516e-01
3.610416666666666430e+01,5.108893358720070776e-02
3.612500000000000000e+01,5.090143993978879511e-01
3.614583333333332860e+01,-2.321482432656298278e-01
3.616666666666666430e+01,-4.302317748887301008e-01
3.618750000000000000e+01,3.366131821435089377e-01
3.620833333333332860e+01,2.256241056497045039e-01
3.622916666666666430e+01,-5.172586202984071901e-01
3.625000000000000000e+01,9.994466672773778815e-02
3.627083333333332860e+01,5.106258591785666212e-01
3.629166666666666430e+01,-2.725620380570450418e-01
3.631250000000000000e+01,-3.853404561591483590e-01
3.633333333333332860e+01,3.726339126645689115e-01
3.635416666666666430e+01,1.761909697595087088e-01
3.637500000000000000e+01,-5.651353184088210302e-01
3.639583333333332860e+01,2.022202093500147513e-01
3.641666666666666430e+01,4.749296331793360082e-01
3.643750000000000000e+01,-2.675388016960760784e-01
3.645833333333332860e+01,-3.649220332186066118e-01
3.647916666666666430e+01,4.004917705051824761e-01
3.650000000000000000e+01,1.068161886843966568e-01
3.652083333333332860e+01,-5.175612636013983137e-01
3.654166666666666430e+01,2.364537495352398433e-01
3.656250000000000000e+01,4.178612209151839063e-01
3.658333333333332860e+01,-3.499515025133460577e-01
3.660416666666666430e+01,-2.184408541628535261e-01
3.662500000000000000e+01,5.322915721287223567e-01
3.664583333333332860e+01,-1.214221838028597122e-01
3.666666666666666430e+01,-5.111482220093267470e-01
3.668750000000000000e+01,2.451413156842829344e-01
3.670833333333332860e+01,4.215870219673997221e-01
3.672916666666666430e+01,-3.197790704835014597e-01
3.675000000000000000e+01,-2.471629117558423461e-01
3.677083333333332860e+01,5.128790717822877543e-01
3.679166666666666430e+01,-1.584687693084872451e-01
3.681250000000000000e+01,-5.665349805665578220e-01
3.683333333333332860e+01,2.468338739582920383e-01
3.685416666666666430e+01,4.399616638147867964e-01
3.687500000000000000e+01,-3.509167373549149094e-01
3.689583333333332860e+01,-3.359495522665555955e-01
3.691666666666666430e+01,4.970597650280342839e-01
3.693750000000000000e+01,5.531441167073811171e-02
3.695833333333332860e+01,-6.578512125682751677e-01
3.697916666666666430e+01,4.457856119310457665e-02
3.700000000000000000e+01,7.795256970161268395e-01
3.702083333333332860e+01,8.775815516495591440e-02
3.704166666666666430e+01,-7.216880256811948335e-01
3.706250000000000000e+01,-4.001053006938704026e-04
3.708333333333332860e+01,7.995730909698827160e-01
3.710416666666666430e+01,7.811603972629532766e-02
3.712500000000000000e+01,-6.772895965506179339e-01
3.714583333333332860e+01,8.425037508408358966e-02
3.716666666666666430e+01,7.268868555722990399e-01
3.718750000000000000e+01,-1.840983123454853487e-02
3.720833333333332860e+01,-7.604692212279434704e-01
3.722916666666666430e+01,1.519988188074611335e-02
3.725000000000000000e+01,7.720253805044330342e-01
3.727083333333332860e+01,1.361835368675284874e-02
3.729166666666666430e+01,-7.165510661664262759e-01
3.731250000000000000e+01,7.013892366147383983e-02
3.733333333333332860e+01,7.573538671917319220e-01
3.735416666666666430e+01,-1.624427860642171928e-02
3.737500000000000000e+01,-7.466525826121017673e-01
3.739583333333332860e+01,2.551534807754646250e-02
3.741666666666666430e+01,7.825493477229752415e-01
3.743750000000000000e+01,6.767663931927209164e-03
3.745833333333332860e+01,-7.334465318121223820e-01
3.747916666666666430e+01,3.118283745987415756e-02
3.750000000000000000e+01,7.965592567101483779e-01
3.752083333333332860e+01,1.575919927792190922e-02
3.754166666666666430e+01,-7.314835972922969498e-01
3.756250000000000000e+01,2.368154737741853810e-02
3.758333333333332860e+01,8.033932537069486957e-01
3.760416666666666430e+01,3.590423153036101378e-02
3.762500000000000000e+01,-7.213788222216394042e-01
3.764583333333332860e+01,2.580028555855157224e-02
3.766666666666666430e+01,8.005050942763178856e-01
3.768750000000000000e+01,3.368733066962215084e-02
3.770833333333332860e+01,-7.089516964659083875e-01
3.772916666666666430e+01,3.830912536214514663e-02
3.775000000000000000e+01,7.789934957516355674e-01
3.777083333333332860e+01,8.776277760856349142e-03
3.779166666666666430e+01,-7.275474026086257151e-01
3.781250000000000000e+01,2.503689764676569895e-02
3.783333333333332860e+01,7.842975687119260186e-01
3.785416666666666430e+01,1.648077219107932367e-02
3.787500000000000000e+01,-7.225450361150732581e-01
3.789583333333332860e+01,3.036147437841921204e-02
3.791666666666666430e+01,7.933075996152739728e-01
3.793750000000000000e+01,2.141755093023917089e-02
3.795833333333332860e+01,-7.188808092117559001e-01
3.797916666666666430e+01,3.207376815550172511e-02
3.800000000000000000e+01,7.955505269254585787e-01
3.802083333333332860e+01,3.267292762722240340e-02
3.804166666666666430e+01,-7.118501611901990600e-01
3.806250000000000000e+01,3.488484966058891246e-02
3.808333333333332860e+01,7.818481168510711399e-01
3.810416666666666430e+01,2.052739932371433484e-02
3.812500000000000000e+01,-7.174203343206612127e-01
3.814583333333332860e+01,2.113081518436815687e-02
3.816666666666666430e+01,7.829662348842818531e-01
3.818750000000000000e+01,2.656724151182340843e-02
3.820833333333332860e+01,-7.129672183337140146e-01
3.822916666666666430e+01,2.496890106608487536e-02
3.825000000000000000e+01,7.930848175743659967e-01
3.827083333333332860e+01,3.318600416890754579e-02
3.829166666666666430e+01,-7.159493624265588219e-01
3.831250000000000000e+01,2.859253779082679414e-02
3.833333333333332860e+01,7.970794233989021427e-01
3.835416666666666430e+01,3.079663611991353966e-02
3.837500000000000000e+01,-7.270914640592095468e-01
3.839583333333332860e+01,1.610429464634793861e-02
3.841666666666666430e+01,8.027696327812606780e-01
3.843750000000000000e+01,4.113932061869804424e-02
3.845833333333332860e+01,-7.223782485541516696e-01
3.847916666666666430e+01,2.282346858333630935e-02
3.850000000000000000e+01,7.946849342939210636e-01
3.852083333333332860e+01,2.851385089733476930e-02
3.854166666666666430e+01,-7.234739910278314978e-01
3.856250000000000000e+01,2.221971415183812693e-02
3.858333333333332860e+01,7.924419368254240759e-01
3.860416666666666430e+01,3.181243792854382413e-02
3.862500000000000000e+01,-7.090196717154018113e-01
3.864583333333332860e+01,2.884430988766253923e-02
3.866666666666666430e+01,7.910537881541428451e-01
3.868750000000000000e+01,3.511078403447071006e-02
3.870833333333332860e+01,-7.026228185225968925e-01
3.872916666666666430e+01,3.486317823191095733e-02
3.875000000000000000e+01,7.866484067718058082e-01
3.877083333333332860e+01,2.697273800846075598e-02
3.879166666666666430e+01,-7.161815202330468200e-01
3.881250000000000000e+01,2.850568178709139699e-02
3.883333333333332860e+01,7.982800517477410818e-01
3.885416666666666430e+01,3.671912385684647506e-02
3.887500000000000000e+01,-7.098606367956826757e-01
3.889583333333332860e+01,4.133510435157658480e-02
3.891666666666666430e+01,7.853294506664754149e-01
3.893750000000000000e+01,1.655402653671073088e-02
3.895833333333332860e+01,-7.276012264509028604e-01
3.897916666666666430e+01,2.539972753152675011e-02
3.900000000000000000e+01,7.920317867673508649e-01
3.902083333333332860e+01,1.819137584991895040e-02
3.904166666666666430e+01,-7.264952871132845935e-01
3.906250000000000000e+01,2.671385031936723831e-02
3.908333333333332860e+01,7.918829083155378701e-01
3.910416666666666430e+01,1.897375896627156999e-02
3.912500000000000000e+01,-7.199635693666415204e-01
3.914583333333332860e+01,3.224356896583671639e-02
3.916666666666666430e+01,7.955375532866789667e-01
3.918750000000000000e+01,2.529716955343849771e-02
3.920833333333332860e+01,-7.138657094599898389e-01
3.922916666666666430e+01,4.067344952619450504e-02
3.925000000000000000e+01,7.801642244583947283e-01
3.927083333333332860e+01,6.651044228153740745e-03
3.929166666666666430e+01,-7.315064586695642079e-01
3.931250000000000000e+01,2.521323534710639969e-02
3.933333333333332860e+01,7.873787546114630054e-01
3.935416666666666430e+01,1.929998447461389599e-02
3.937500000000000000e+01,-7.164077611508080645e-01
3.939583333333332860e+01,3.870980989367076019e-02
3.941666666666666430e+01,7.696770846647813524e-01
3.943750000000000000e+01,6.103626449774079976e-04
3.945833333333332860e+01,-7.352269042180999969e-01
3.947916666666666430e+01,3.927371878646168657e-03
3.950000000000000000e+01,7.676063714598553300e-01
3.952083333333332860e+01,1.707107611401195713e-02
3.954166666666666430e+01,-7.400252646548575175e-01
3.956250000000000000e+01,-8.057914346171007880e-03
3.958333333333332860e+01,7.598451524718548011e-01
3.960416666666666430e+01,2.499023511150305632e-03
3.962500000000000000e+01,-7.428292770348381424e-01
3.964583333333332860e+01,1.119553906999914972e-03
3.966666666666666430e+01,7.727620483050956501e-01
3.968750000000000000e+01,1.096082687623614604e-02
3.970833333333332860e+01,-7.361400728478529887e-01
3.972916666666666430e+01,1.654278316971749541e-02
3.975000000000000000e+01,7.835241946621145370e-01
3.977083333333332860e+01,1.256298637906375082e-02
3.979166666666666430e+01,-7.304857026949854726e-01
3.981250000000000000e+01,2.611938094636365171e-02
3.983333333333332860e+01,7.882835141409436641e-01
3.985416666666666430e+01,9.166783362093811061e-03
3.987500000000000000e+01,-7.364661741221281144e-01
3.989583333333332860e+01,1.575913614317595024e-02
3.991666666666666430e+01,7.878726204142680878e-01
3.993750000000000000e+01,1.929420387024111117e-02
3.995833333333332860e+01,-7.307286085419828492e-01
3.997916666666666430e+01,1.493212905931315393e-02
4.000000000000000000e+01,7.931735012257621342e-01
4.002083333333332860e+01,3.285356585407708807e-02
4.004166666666666430e+01,-7.250212904204423880e-01
4.006250000000000000e+01,1.823021308069908142e-02
4.008333333333332860e+01,7.896775535528566259e-01
4.010416666666666430e+01,3.224313794773092656e-02
4.012500000000000000e+01,-7.091705133641482695e-01
4.014583333333332860e+01,3.254652851128211899e-02
4.016666666666666430e+01,7.883188765239192985e-01
4.018750000000000000e+01,2.062691461129462223e-02
4.020833333333332860e+01,-7.166166162282099350e-01
4.022916666666666430e+01,3.784902613739707378e-02
4.025000000000000000e+01,7.804775419134435399e-01
4.027083333333332860e+01,6.578178236307574700e-03
4.029166666666666430e+01,-7.342264203048869398e-01
4.031250000000000000e+01,1.317048180544999614e-02
4.033333333333332860e+01,7.815228540443579508e-01
4.035416666666666430e+01,2.210567026489898557e-02
4.037500000000000000e+01,-7.345008190833560713e-01
4.039583333333332860e+01,5.343874949435861721e-03
4.041666666666666430e+01,7.676635392054130813e-01
4.043750000000000000e+01,4.980523338891318375e-03
4.045833333333332860e+01,-7.488224023549805430e-01
4.047916666666666430e+01,-4.042011175399123912e-03
4.050000000000000000e+01,7.620903485811154621e-01
4.052083333333332860e+01,1.667868932926586112e-03
4.054166666666666430e+01,-7.425760712202865710e-01
4.056250000000000000e+01,8.898067776669654760e-03
4.058333333333332860e+01,7.741751084011593287e-01
4.060416666666666430e+01,1.055109048240945868e-02
4.062500000000000000e+01,-7.317392074629738286e-01
4.064583333333332860e+01,1.629035281403315438e-02
4.066666666666666430e+01,7.848008556332182195e-01
4.068750000000000000e+01,2.208180107649238000e-02
4.070833333333332860e+01,-7.206027416124334284e-01
4.072916666666666430e+01,2.728207138629851203e-02
4.075000000000000000e+01,7.888178630338630315e-01
4.077083333333332860e+01,2.298197486249273225e-02
4.079166666666666430e+01,-7.113797263959351636e-01
4.081250000000000000e+01,3.375090669434832602e-02
4.083333333333332860e+01,7.830572177911926390e-01
4.085416666666666430e+01,1.620390412275876657e-02
4.087500000000000000e+01,-7.179016246195487616e-01
4.089583333333332860e+01,3.185600112021061414e-02
4.091666666666666430e+01,7.929522898255897401e-01
4.093750000000000000e+01,2.791788233445449685e-02
4.095833333333332860e+01,-7.099948416935382145e-01
4.097916666666666430e+01,4.392682867382374789e-02
4.100000000000000000e+01,7.660166853083359984e-01
4.102083333333332860e+01,-5.270285684794984160e-03
4.104166666666666430e+01,-7.484240307485995336e-01
4.106250000000000000e+01,-4.109218123737962136e-03
4.108333333333332860e+01,7.726521856797585741e-01
4.110416666666666430e+01,1.374937265540229769e-02
4.112500000000000000e+01,-7.503877891630572616e-01
4.114583333333332860e+01,-8.040133167185881113e-03
4.116666666666666430e+01,7.533100906427364629e-01
4.118750000000000000e+01,-8.603181791012604052e-03
4.120833333333332860e+01,-7.791970474725000706e-01
4.122916666666666430e+01,-3.477447752563564420e-02
4.125000000000000000e+01,7.146699188542606773e-01
4.127083333333332860e+01,-4.714894274111061656e-02
4.129166666666666430e+01,-7.872523760263877568e-01
4.131250000000000000e+01,-3.977351683541413552e-02
4.133333333333332860e+01,7.088470368044438308e-01
4.135416666666666430e+01,-5.555211518336544696e-02
4.137500000000000000e+01,-7.657608551751318160e-01
4.139583333333332860e+01,-1.066786878960862550e-02
4.141666666666666430e+01,7.298292269321443593e-01
4.143750000000000000e+01,-4.120527363706941171e-02
4.145833333333332860e+01,-8.016662510032681599e-01
4.147916666666666430e+01,-5.640436874457815941e-02
4.150000000000000000e+01,6.901673693977130597e-01
4.152083333333332860e+01,-6.995449692522159868e-02
4.154166666666666430e+01,-7.471097720970225620e-01
4.156250000000000000e+01,-2.920468434813500158e-03
4.158333333333332860e+01,7.416832599558217387e-01
4.160416666666666430e+01,-2.718303734366545044e-02
4.162500000000000000e+01,-7.918104150296816357e-01
4.164583333333332860e+01,-4.350009321518361061e-02
4.166666666666666430e+01,6.973303039196182551e-01
4.168750000000000000e+01,-7.264006685049217982e-02
4.170833333333332860e+01,-7.527601281635570851e-01
4.172916666666666430e+01,-4.645937165896674159e-03
4.175000000000000000e+01,7.384891061260372425e-01
4.177083333333332860e+01,-2.998734371346922778e-02
4.179166666666666430e+01,-7.979422559252151714e-01
4.181250000000000000e+01,-5.445504918997509658e-02
4.183333333333332860e+01,6.934896668477081860e-01
4.185416666666666430e+01,-6.917594065456128538e-02
4.187500000000000000e+01,-7.403991151133600956e-01
4.189583333333332860e+01,-2.227321368123896805e-03
4.191666666666666430e+01,7.510079480190416934e-01
4.193750000000000000e+01,-5.294699858641005452e-03
4.195833333333332860e+01,-7.842502369150654573e-01
4.197916666666666430e+01,-4.202393236674925592e-02
4.200000000000000000e+01,7.102716544667626586e-01
4.202083333333332860e+01,-3.721741328987851483e-02
4.204166666666666430e+01,-7.821003391585327202e-01
4.206250000000000000e+01,-2.628195099186850237e-02
4.208333333333332860e+01,7.155651284644042320e-01
4.210416666666666430e+01,-2.033040859828094682e-02
4.212500000000000000e+01,-7.689644352462984278e-01
4.214583333333332860e+01,-8.092756767742403934e-03
4.216666666666666430e+01,7.279558365807100584e-01
4.218750000000000000e+01,-1.443464414344614033e-02
4.220833333333332860e+01,-7.706430748984507417e-01
4.222916666666666430e+01,1.798929490388068153e-04
4.225000000000000000e+01,7.363052978718453989e-01
4.227083333333332860e+01,-1.050396717792309587e-02
4.229166666666666430e+01,-7.623348996132367494e-01
4.231250000000000000e+01,-5.929963190328485512e-03
4.233333333333332860e+01,7.305642494272862608e-01
4.235416666666666430e+01,-2.605587963429192855e-02
4.237500000000000000e+01,-7.834254773037379049e-01
4.239583333333332860e+01,-4.319860705163042214e-02
4.241666666666666430e+01,6.989021370974503045e-01
4.243750000000000000e+01,-6.963311943830299833e-02
4.245833333333332860e+01,-7.647322616500713544e-01
4.247916666666666430e+01,-1.269851450070202947e-02
4.250000000000000000e+01,7.409257513554645680e-01
4.252083333333332860e+01,-4.040610368540417663e-02
4.254166666666666430e+01,-8.028647137311599735e-01
4.256250000000000000e+01,-4.624544473441061232e-02
4.258333333333332860e+01,7.141316313466000709e-01
4.260416666666666430e+01,-6.203612244317327495e-02
4.262500000000000000e+01,-7.656862205653096609e-01
4.264583333333332860e+01,-1.542773648004566733e-02
4.266666666666666430e+01,7.556342192765802546e-01
4.268750000000000000e+01,-1.867297016319413583e-02
4.270833333333332860e+01,-7.636725060272867571e-01
4.272916666666666430e+01,-2.119684410663486007e-03
4.275000000000000000e+01,7.606056174627449096e-01
4.277083333333332860e+01,-4.210195110540188024e-03
4.279166666666666430e+01,-7.471769139128510151e-01
4.281250000000000000e+01,1.758986334052842215e-02
4.283333333333332860e+01,7.855167915756904318e-01
4.285416666666666430e+01,4.108476955122331020e-02
4.287500000000000000e+01,-7.001856488350995944e-01
4.289583333333332860e+01,6.217729818467235270e-02
4.291666666666666430e+01,7.409611156385581543e-01
4.293750000000000000e+01,-1.624035814376201259e-03
4.295833333333332860e+01,-7.511427497090770178e-01
4.297916666666666430e+01,1.808926432114682514e-02
4.300000000000000000e+01,7.737590851242055479e-01
4.302083333333332860e+01,2.538245411840681087e-02
4.304166666666666430e+01,-7.374456712192241081e-01
4.306250000000000000e+01,2.645195600942751302e-02
4.308333333333332860e+01,7.760749004098349557e-01
4.310416666666666430e+01,3.277379926389528686e-02
4.312500000000000000e+01,-7.451821187944396296e-01
4.314583333333332860e+01,2.215748544808540665e-02
4.316666666666666430e+01,7.831016998176464350e-01
4.318750000000000000e+01,4.300651718265136036e-02
4.320833333333332860e+01,-7.350290014134220895e-01
4.322916666666666430e+01,2.734189580436283129e-02
4.325000000000000000e+01,7.807160865627675861e-01
4.327083333333332860e+01,4.199290719806844652e-02
4.329166666666666430e+01,-7.309430456422437716e-01
4.331250000000000000e+01,2.754908969594471735e-02
4.333333333333332860e+01,7.750474509684692759e-01
4.335416666666666430e+01,3.305096553911449075e-02
4.337500000000000000e+01,-7.351704561059642096e-01
4.339583333333332860e+01,3.537485846500784681e-02
4.341666666666666430e+01,7.810337119162495956e-01
4.343750000000000000e+01,3.368137215519895200e-02
4.345833333333332860e+01,-7.280213398834639582e-01
4.347916666666666430e+01,4.328081670327232899e-02
4.350000000000000000e+01,7.761560202531867514e-01
4.352083333333332860e+01,3.159314057114398500e-02
4.354166666666666430e+01,-7.165487300587275454e-01
4.356250000000000000e+01,5.231623003763941071e-02
4.358333333333332860e+01,7.620485670753948115e-01
4.360416666666666430e+01,1.395055846214665607e-02
4.362500000000000000e+01,-7.423396684916074850e-01
4.364583333333332860e+01,2.773022934460805944e-02
4.366666666666666430e+01,7.705600179745604184e-01
4.368750000000000000e+01,3.085629279373389156e-02
4.370833333333332860e+01,-7.340377485159113036e-01
4.372916666666666430e+01,2.201602952659995061e-02
4.375000000000000000e+01,7.727151252063184650e-01
4.377083333333332860e+01,3.534053233041409281e-02
4.379166666666666430e+01,-7.399555727594107069e-01
4.381250000000000000e+01,2.641674221047210502e-02
4.383333333333332860e+01,7.876607333068195160e-01
4.385416666666666430e+01,3.998292449178833530e-02
4.387500000000000000e+01,-7.433845636759834896e-01
4.389583333333332860e+01,3.313173908598290862e-02
4.391666666666666430e+01,7.917030979299444216e-01
4.393750000000000000e+01,3.919656603920901317e-02
4.395833333333332860e+01,-7.367830673554579546e-01
4.397916666666666430e+01,4.037741529817157060e-02
4.400000000000000000e+01,7.881184356659689527e-01
4.402083333333332860e+01,3.935592983417338098e-02
4.404166666666666430e+01,-7.203651993835115119e-01
4.406250000000000000e+01,3.523980241241303490e-02
4.408333333333332860e+01,7.728152407491877263e-01
4.410416666666666430e+01,2.041188455705211791e-02
4.412500000000000000e+01,-7.349477986937080765e-01
4.414583333333332860e+01,3.228318134309710041e-03
4.416666666666666430e+01,7.469513316867909536e-01
4.418750000000000000e+01,-1.662213419570246487e-02
4.420833333333332860e+01,-7.790642290594910202e-01
4.422916666666666430e+01,-3.725086201142682740e-02
4.425000000000000000e+01,7.032454215392471841e-01
4.427083333333332860e+01,-5.428705222864479985e-02
4.429166666666666430e+01,-7.599015055554625420e-01
4.431250000000000000e+01,-1.651006031601481849e-02
4.433333333333332860e+01,7.471351662224596790e-01
4.435416666666666430e+01,-2.380678466126762149e-02
4.437500000000000000e+01,-7.699412234199456417e-01
4.439583333333332860e+01,-1.935857718697694962e-02
4.441666666666666430e+01,7.445439156366656652e-01
4.443750000000000000e+01,-2.938502309986093519e-02
4.445833333333332860e+01,-7.643410540961803612e-01
4.447916666666666430e+01,-7.147187669374860386e-03
4.450000000000000000e+01,7.434016972541238610e-01
4.452083333333332860e+01,-3.505111889193707198e-02
4.454166666666666430e+01,-7.796916451447037932e-01
4.456250000000000000e+01,-2.362538511563092025e-02
4.458333333333332860e+01,7.448057249025799020e-01
4.460416666666666430e+01,-2.550741262898356676e-02
4.462500000000000000e+01,-7.687923130215814638e-01
4.464583333333332860e+01,-1.484015255147924650e-02
4.466666666666666430e+01,7.456856370726974159e-01
4.468750000000000000e+01,-2.395876231161184200e-02
4.470833333333332860e+01,-7.597478286481026410e-01
4.472916666666666430e+01,-1.340591320124751018e-02
4.475000000000000000e+01,7.473719450702851486e-01
4.477083333333332860e+01,-1.797645163830857706e-02
4.479166666666666430e+01,-7.573906620647505861e-01
4.481250000000000000e+01,-1.115462051039392555e-02
4.483333333333332860e+01,7.581760578072672674e-01
4.485416666666666430e+01,-1.818387393059867074e-03
4.487500000000000000e+01,-7.476721595385577013e-01
4.489583333333332860e+01,-4.082000670538044051e-03
4.491666666666666430e+01,7.630017350741273852e-01
4.493750000000000000e+01,4.619626565940337937e-03
4.495833333333332860e+01,-7.363677106233849079e-01
4.497916666666666430e+01,3.388212785624122869e-04
4.500000000000000000e+01,7.665664487845804675e-01
4.502083333333332860e+01,1.149866387340323093e-02
4.504166666666666430e+01,-7.327963486781114977e-01
4.506250000000000000e+01,4.659416644144570574e-03
4.508333333333332860e+01,7.790399509598705530e-01
4.510416666666666430e+01,1.982632530177250163e-02
4.512500000000000000e+01,-7.347425654026020769e-01
4.514583333333332860e+01,8.715233286209406183e-03
4.516666666666666430e+01,7.859626934189063441e-01
4.518750000000000000e+01,2.193540134123758700e-02
4.520833333333332860e+01,-7.396510341760640372e-01
4.522916666666666430e+01,3.793019166089983685e-03
4.525000000000000000e+01,7.820084132829665524e-01
4.527083333333332860e+01,1.412253680487021712e-02
4.529166666666666430e+01,-7.312159022365229966e-01
4.531250000000000000e+01,2.151027259773274913e-02
4.533333333333332860e+01,7.809165846627922347e-01
4.535416666666666430e+01,8.060394471821802354e-03
4.537500000000000000e+01,-7.335953108467130335e-01
4.539583333333332860e+01,2.047182257427690444e-02
4.541666666666666430e+01,7.881815672051061261e-01
4.543750000000000000e+01,1.744056463184634476e-02
4.545833333333332860e+01,-7.273795092919190797e-01
4.547916666666666430e+01,2.348393512700897023e-02
4.550000000000000000e+01,7.953037564407602344e-01
4.552083333333332860e+01,3.114115127303793140e-02
4.554166666666666430e+01,-7.155821992791712161e-01
4.556250000000000000e+01,2.884993871376756447e-02
4.558333333333332860e+01,7.970334823876423780e-01
4.560416666666666430e+01,3.775888526723678029e-02
4.562500000000000000e+01,-7.045312324714484431e-01
4.564583333333332860e+01,3.225462558228467391e-02
4.566666666666666430e+01,7.923831222547186304e-01
4.568750000000000000e+01,3.756670711945450658e-02
4.570833333333332860e+01,-7.119094695306606990e-01
4.572916666666666430e+01,2.663913856372893130e-02
4.575000000000000000e+01,7.975138787343976077e-01
4.577083333333332860e+01,3.833497781917813430e-02
4.579166666666666430e+01,-7.051130640373577396e-01
4.581250000000000000e+01,4.136329941601291083e-02
4.583333333333332860e+01,7.751101732239025210e-01
4.585416666666666430e+01,5.998527592265018304e-03
4.587500000000000000e+01,-7.266324186056892787e-01
4.589583333333332860e+01,2.549623057017427752e-02
4.591666666666666430e+01,7.774445464273069817e-01
4.593750000000000000e+01,7.125868499799903333e-04
4.595833333333332860e+01,-7.339048854727416860e-01
4.597916666666666430e+01,2.326924412876871240e-02
4.600000000000000000e+01,7.868906665417302326e-01
4.602083333333332860e+01,1.914566712482226873e-02
4.604166666666666430e+01,-7.222680324971335608e-01
4.606250000000000000e+01,3.182559652102462389e-02
4.608333333333332860e+01,7.954968056781227537e-01
4.610416666666666430e+01,2.557930481701548020e-02
4.612500000000000000e+01,-7.166784693693677433e-01
4.614583333333332860e+01,3.352884758894472683e-02
4.616666666666666430e+01,7.937020240423156014e-01
4.618750000000000000e+01,3.156562168803114798e-02
4.620833333333332860e+01,-7.149931713318312676e-01
4.622916666666666430e+01,3.836685946803267133e-02
4.625000000000000000e+01,7.915860349468427648e-01
4.627083333333332860e+01,3.302107363827347375e-02
4.629166666666666430e+01,-7.115446594264188684e-01
4.631250000000000000e+01,3.057757210699399431e-02
4.633333333333332860e+01,7.895972923623709727e-01
4.635416666666666430e+01,3.063334306362502923e-02
4.637500000000000000e+01,-7.081401526752044706e-01
4.639583333333332860e+01,3.058882433776921594e-02
4.641666666666666430e+01,7.879478274490721024e-01
4.643750000000000000e+01,2.863175610232426838e-02
4.645833333333332860e+01,-7.125090342009066102e-01
4.647916666666666430e+01,3.023159405332331851e-02
4.650000000000000000e+01,7.975117010091099523e-01
4.652083333333332860e+01,3.635964355874238274e-02
4.654166666666666430e+01,-7.110664916479987330e-01
4.656250000000000000e+01,3.498577557548990247e-02
4.658333333333332860e+01,7.895039476614402751e-01
4.660416666666666430e+01,2.327722380420207959e-02
4.662500000000000000e+01,-7.230571046941820512e-01
4.664583333333332860e+01,2.449330775632890811e-02
4.666666666666666430e+01,7.986831557941117543e-01
4.668750000000000000e+01,3.448128370838532408e-02
4.670833333333332860e+01,-7.143772111788480039e-01
4.672916666666666430e+01,3.338533412094449315e-02
4.675000000000000000e+01,7.927881280435113975e-01
4.677083333333332860e+01,2.678821211139506553e-02
4.679166666666666430e+01,-7.159860557976219786e-01
4.681250000000000000e+01,2.942266274928240222e-02
4.683333333333332860e+01,7.967944565098372678e-01
4.685416666666666430e+01,2.935757416873827075e-02
4.687500000000000000e+01,-7.153294678080446278e-01
4.689583333333332860e+01,3.496706426399162626e-02
4.691666666666666430e+01,7.911975033828051451e-01
4.693750000000000000e+01,2.344965801089496371e-02
4.695833333333332860e+01,-7.231224905360547073e-01
4.697916666666666430e+01,2.477324158555591072e-02
4.700000000000000000e+01,7.908871067698366453e-01
4.702083333333332860e+01,2.669198136421535583e-02
4.704166666666666430e+01,-7.119906436901620728e-01
4.706250000000000000e+01,3.018682731638255845e-02
4.708333333333332860e+01,7.915145339495658350e-01
4.710416666666666430e+01,2.961447489720708814e-02
4.712500000000000000e+01,-7.092224175371510952e-01
4.714583333333332860e+01,3.464098252887712337e-02
4.716666666666666430e+01,7.881006498794937976e-01
4.718750000000000000e+01,2.418613758755913667e-02
4.720833333333332860e+01,-7.207436236644666483e-01
4.722916666666666430e+01,2.799682623974378282e-02
4.725000000000000000e+01,8.001886244261608994e-01
4.727083333333332860e+01,3.446464913084595905e-02
4.729166666666666430e+01,-7.131021089115556766e-01
4.731250000000000000e+01,3.622209688942268357e-02
4.733333333333332860e+01,7.890270449457481572e-01
4.735416666666666430e+01,1.995502196657700233e-02
4.737500000000000000e+01,-7.248896113930005658e-01
4.739583333333332860e+01,2.437132574126119056e-02
4.741666666666666430e+01,7.960018587837849324e-01
4.743750000000000000e+01,3.260133382379309941e-02
4.745833333333332860e+01,-7.127577886313405386e-01
4.747916666666666430e+01,3.445787392765370383e-02
4.750000000000000000e+01,7.860593221165960154e-01
4.752083333333332860e+01,2.248900676277290622e-02
4.754166666666666430e+01,-7.133341769721273096e-01
4.756250000000000000e+01,2.838835722054416921e-02
4.758333333333332860e+01,7.860718264552224444e-01
4.760416666666666430e+01,2.463203944725286809e-02
4.762500000000000000e+01,-7.097018154392142897e-01
4.764583333333332860e+01,3.390799938219385412e-02
4.766666666666666430e+01,7.852031680100348687e-01
4.768750000000000000e+01,1.750239514184606660e-02
4.770833333333332860e+01,-7.233808803791621500e-01
4.772916666666666430e+01,2.933855534209706128e-02
4.775000000000000000e+01,7.944245172889223827e-01
4.777083333333332860e+01,1.941605238867702421e-02
4.779166666666666430e+01,-7.267960505463401111e-01
4.781250000000000000e+01,2.615295676412171533e-02
4.783333333333332860e+01,7.965587474306071725e-01
4.785416666666666430e+01,2.355739361665293297e-02
4.787500000000000000e+01,-7.229191740457262538e-01
4.789583333333332860e+01,2.981305570850700803e-02
4.791666666666666430e+01,8.032992563242842277e-01
4.793750000000000000e+01,3.923753528775208999e-02
4.795833333333332860e+01,-7.079660776831633306e-01
4.797916666666666430e+01,4.841227141055531868e-02
4.800000000000000000e+01,7.740932203762266317e-01
4.802083333333332860e+01,1.858592447162443761e-02
4.804166666666666430e+01,-7.219764209399706090e-01
4.806250000000000000e+01,3.560431109902034708e-02
4.808333333333332860e+01,7.947253409296446414e-01
4.810416666666666430e+01,5.343941286708223104e-02
4.812500000000000000e+01,-6.866314884291446763e-01
4.814583333333332860e+01,7.634276901263778448e-02
4.816666666666666430e+01,7.343373743074572690e-01
4.818750000000000000e+01,-6.536038057827570080e-03
4.820833333333332860e+01,-7.459956470688872132e-01
4.822916666666666430e+01,1.619795412374711030e-02
4.825000000000000000e+01,7.737578659019939131e-01
4.827083333333332860e+01,2.900609150618749243e-02
4.829166666666666430e+01,-7.201292892876924867e-01
4.831250000000000000e+01,5.308348999043616123e-02
4.833333333333332860e+01,7.881951967871476672e-01
4.835416666666666430e+01,3.295385571569522942e-02
4.837500000000000000e+01,-7.205818775864147874e-01
4.839583333333332860e+01,5.493175636645891702e-02
4.841666666666666430e+01,7.987310475321144354e-01
4.843750000000000000e+01,4.713797759187182690e-02
4.845833333333332860e+01,-7.028241617251089757e-01
4.847916666666666430e+01,7.073139058025568193e-02
4.850000000000000000e+01,7.563442083879677869e-01
4.852083333333332860e+01,9.570115500494441596e-03
4.854166666666666430e+01,-7.318860634083473871e-01
4.856250000000000000e+01,2.270346657828795078e-02
4.858333333333332860e+01,7.826093754305784023e-01
4.860416666666666430e+01,4.194424151659956190e-02
4.862500000000000000e+01,-6.988447860129808342e-01
4.864583333333332860e+01,6.655412861210940889e-02
4.866666666666666430e+01,7.496929091137998213e-01
4.868750000000000000e+01,7.025424630873189358e-03
4.870833333333332860e+01,-7.319063020535717667e-01
4.872916666666666430e+01,2.499367519740114396e-02
4.875000000000000000e+01,7.796431764474531789e-01
4.877083333333332860e+01,3.918190425317680248e-02
4.879166666666666430e+01,-7.037360316480265610e-01
4.881250000000000000e+01,6.670380764977149046e-02
4.883333333333332860e+01,7.684052914357782926e-01
4.885416666666666430e+01,1.474005284208004807e-02
4.887500000000000000e+01,-7.399459273302079199e-01
4.889583333333332860e+01,4.212117899004239052e-02
4.891666666666666430e+01,8.030974396068067955e-01
4.893750000000000000e+01,4.661690855069330897e-02
4.895833333333332860e+01,-7.092332953195384926e-01
4.897916666666666430e+01,6.795551035250962935e-02
4.900000000000000000e+01,7.461316788234049202e-01
4.902083333333332860e+01,-3.210290245299202150e-03
4.904166666666666430e+01,-7.573138992486145860e-01
4.906250000000000000e+01,1.112026851307176822e-02
4.908333333333332860e+01,7.454259817053133785e-01
4.910416666666666430e+01,-4.409563689089485150e-03
4.912500000000000000e+01,-7.689407198741247118e-01
4.914583333333332860e+01,-1.232712754973608327e-02
4.916666666666666430e+01,7.278582156671878911e-01
4.918750000000000000e+01,-3.057161709981601194e-02
4.920833333333332860e+01,-7.955630269165432367e-01
4.922916666666666430e+01,-5.411069117093714187e-02
4.925000000000000000e+01,6.837316683417006269e-01
4.927083333333332860e+01,-7.306295988275882114e-02
4.929166666666666430e+01,-7.227386629058424328e-01
4.931250000000000000e+01,1.656061674064451816e-02
4.933333333333332860e+01,7.608904198465651358e-01
4.935416666666666430e+01,-7.189738483191127072e-03
4.937500000000000000e+01,-7.761913513516024432e-01
4.939583333333332860e+01,-2.679852249546624265e-02
4.941666666666666430e+01,7.232351332540254418e-01
4.943750000000000000e+01,-5.304081192804965816e-02
4.945833333333332860e+01,-7.847009659422476968e-01
4.947916666666666430e+01,-3.501963812333522275e-02
4.950000000000000000e+01,7.269814269697443265e-01
4.952083333333332860e+01,-4.238015412490458989e-02
4.954166666666666430e+01,-7.929784976833045285e-01
