0.000000000000000000e+00,0.000000000000000000e+00
2.083333333333333218e-02,-6.727257434973414607e-02
4.166666666666666435e-02,1.837656572033179864e-02
6.250000000000000000e-02,-4.041815324497121525e-02
8.333333333333332871e-02,-1.133572995768901553e-01
1.041666666666666574e-01,1.790810411790935697e-02
1.250000000000000000e-01,4.430501688626924117e-02
1.458333333333333148e-01,-1.249570563477849783e-01
1.666666666666666574e-01,-4.035084124072034484e-02
1.875000000000000000e-01,1.174223144006494440e-01
2.083333333333333148e-01,-6.459750975096260894e-02
2.291666666666666574e-01,-1.332140218238950236e-01
2.500000000000000000e-01,1.280912947381377398e-01
2.708333333333333148e-01,5.029448786899073931e-02
2.916666666666666297e-01,-1.829897764157683571e-01
3.125000000000000000e-01,6.112858552699049208e-02
3.333333333333333148e-01,1.676922009025775540e-01
3.541666666666666297e-01,-1.763110401677054351e-01
3.750000000000000000e-01,-5.487585535125003022e-02
3.958333333333333148e-01,2.355513411265161561e-01
4.166666666666666297e-01,-9.799027763842863004e-02
4.375000000000000000e-01,-1.905690162971954704e-01
4.583333333333333148e-01,2.408001896536234310e-01
4.791666666666666297e-01,4.097101035952820103e-02
5.000000000000000000e-01,-3.002430873860061356e-01
5.208333333333332593e-01,1.101088937943421886e-01
5.416666666666666297e-01,2.215958823045885151e-01
5.625000000000000000e-01,-2.747667083918901021e-01
5.833333333333332593e-01,-7.983410368532337098e-02
6.041666666666666297e-01,3.488218374740235106e-01
6.250000000000000000e-01,-1.469179203149784119e-02
6.458333333333332593e-01,-2.780375750407909075e-01
6.666666666666666297e-01,1.840004597656083041e-01
6.875000000000000000e-01,1.642510102940351602e-01
7.083333333333332593e-01,-3.254014571479760809e-01
7.291666666666666297e-01,-4.538990652224297873e-02
7.500000000000000000e-01,3.266892574324826715e-01
7.708333333333332593e-01,-8.201776466551008449e-02
7.916666666666666297e-01,-2.472408816965115941e-01
8.125000000000000000e-01,2.717330258364035744e-01
8.333333333333332593e-01,9.131386599701739326e-02
8.541666666666666297e-01,-3.662339182797477166e-01
8.750000000000000000e-01,-2.213656068552552481e-02
8.958333333333332593e-01,3.067656183775502865e-01
9.166666666666666297e-01,-1.240905631995067454e-01
9.375000000000000000e-01,-2.131432742801350200e-01
9.583333333333332593e-01,2.732044247482328103e-01
9.791666666666666297e-01,5.203326810089815846e-02
1.000000000000000000e+00,-3.422157266275391851e-01
1.020833333333333259e+00,5.824817422451203375e-02
1.041666666666666519e+00,2.501754720700032353e-01
1.062500000000000000e+00,-2.467449049993338805e-01
1.083333333333333259e+00,-1.135175036114872138e-01
1.104166666666666519e+00,3.634445090322585559e-01
1.125000000000000000e+00,3.250198194812403685e-02
1.145833333333333259e+00,-3.203768475437762109e-01
1.166666666666666519e+00,9.290401472721643295e-02
1.187500000000000000e+00,2.298597940699285136e-01
1.208333333333333259e+00,-2.668112099561986694e-01
1.229166666666666519e+00,-6.920530080997841504e-02
1.250000000000000000e+00,3.427332458531114900e-01
1.270833333333333259e+00,-3.467054736338892607e-02
1.291666666666666519e+00,-2.817140469729082497e-01
1.312500000000000000e+00,2.177556865101668016e-01
1.333333333333333259e+00,1.447459104400479757e-01
1.354166666666666519e+00,-3.332043538502744151e-01
1.375000000000000000e+00,-5.162359977322802940e-02
1.395833333333333259e+00,3.110153911741135868e-01
1.416666666666666519e+00,-8.968259845503195882e-02
1.437500000000000000e+00,-2.514946264037141166e-01
1.458333333333333259e+00,2.702122859264198818e-01
1.479166666666666519e+00,1.023726624877871333e-01
1.500000000000000000e+00,-3.812372068810810921e-01
1.520833333333333259e+00,-6.626034261222543686e-02
1.541666666666666519e+00,3.427060657675289335e-01
1.562500000000000000e+00,-3.917719256373770886e-02
1.583333333333333259e+00,-2.840825814432065277e-01
1.604166666666666519e+00,1.927529319506721683e-01
1.625000000000000000e+00,1.608720303970768151e-01
1.645833333333333259e+00,-3.314447558577859332e-01
1.666666666666666519e+00,-6.968089444938432853e-02
1.687500000000000000e+00,3.315052093943657296e-01
1.708333333333333259e+00,-4.593031734365619900e-02
1.729166666666666519e+00,-2.633099683502836963e-01
1.750000000000000000e+00,2.323410752893736997e-01
1.770833333333333259e+00,1.267689061004538820e-01
1.791666666666666519e+00,-3.544712667225734526e-01
1.812500000000000000e+00,-4.921343784417414602e-02
1.833333333333333259e+00,3.304874303961726212e-01
1.854166666666666519e+00,-7.490241189382348952e-02
1.875000000000000000e+00,-2.564124813810130243e-01
1.895833333333333259e+00,2.478359830146804055e-01
1.916666666666666519e+00,1.091772507581316720e-01
1.937500000000000000e+00,-3.610984775795801349e-01
1.958333333333333259e+00,-3.892722085782235331e-02
1.979166666666666519e+00,3.049258340557129410e-01
2.000000000000000000e+00,-1.059231185348981086e-01
2.020833333333333037e+00,-2.232827891303490186e-01
2.041666666666666519e+00,2.650869520679484115e-01
2.062500000000000000e+00,4.608569658869213215e-02
2.083333333333333037e+00,-3.380123133568951888e-01
2.104166666666666519e+00,5.394992135333487315e-02
2.125000000000000000e+00,2.531017760243505776e-01
2.145833333333333037e+00,-2.447970239293536798e-01
2.166666666666666519e+00,-1.221359881219510335e-01
2.187500000000000000e+00,3.487576882506817633e-01
2.208333333333333037e+00,2.403133258662859539e-02
2.229166666666666519e+00,-3.254394320056642753e-01
2.250000000000000000e+00,9.418256817760090049e-02
2.270833333333333037e+00,2.207352845829264609e-01
2.291666666666666519e+00,-2.685021737220172899e-01
2.312500000000000000e+00,-7.220959394293213762e-02
2.333333333333333037e+00,3.405078520835896350e-01
2.354166666666666519e+00,-4.599558262046118950e-02
2.375000000000000000e+00,-2.746509376504664424e-01
2.395833333333333037e+00,2.283907255141413573e-01
2.416666666666666519e+00,1.306245914035310263e-01
2.437500000000000000e+00,-3.734082902703864670e-01
2.458333333333333037e+00,-7.628297439085041098e-02
2.479166666666666519e+00,3.436957108880236977e-01
2.500000000000000000e+00,-3.428079077503129457e-02
2.520833333333333037e+00,-2.865926038650536967e-01
2.541666666666666519e+00,1.970006609404193476e-01
2.562500000000000000e+00,1.440336919132494398e-01
2.583333333333333037e+00,-3.347202435136026888e-01
2.604166666666666519e+00,-5.337780618676557509e-02
2.625000000000000000e+00,3.281483149260056575e-01
2.645833333333333037e+00,-8.303303865953987062e-02
2.666666666666666519e+00,-2.525057839242323965e-01
2.687500000000000000e+00,2.596578906739714365e-01
2.708333333333333037e+00,9.475405326309055409e-02
2.729166666666666519e+00,-3.660846836693383843e-01
2.750000000000000000e+00,-2.769550201567760883e-02
2.770833333333333037e+00,3.207375933525300482e-01
2.791666666666666519e+00,-1.065690127255467801e-01
2.812500000000000000e+00,-2.253285228943990304e-01
2.833333333333333037e+00,2.824774200945884273e-01
2.854166666666666519e+00,8.859492177021580095e-02
2.875000000000000000e+00,-3.673496480576133871e-01
2.895833333333333037e+00,-2.341748919115371752e-03
2.916666666666666519e+00,3.096196287878144604e-01
2.937500000000000000e+00,-1.392099126206054194e-01
2.958333333333333037e+00,-2.158399174499318618e-01
2.979166666666666519e+00,3.154615531232917158e-01
3.000000000000000000e+00,1.122503361640394826e-01
3.020833333333333037e+00,-3.795608539191562825e-01
3.041666666666666519e+00,-6.242464032159472653e-02
3.062500000000000000e+00,3.515701762433458000e-01
3.083333333333333037e+00,-2.654163728337205486e-02
3.104166666666666519e+00,-2.878122008015593369e-01
3.125000000000000000e+00,1.856936625106960226e-01
3.145833333333333037e+00,1.720793178921986577e-01
3.166666666666666519e+00,-3.359669337712265502e-01
3.187500000000000000e+00,-7.137444371008866417e-02
3.208333333333333037e+00,3.487808416109748899e-01
3.229166666666666519e+00,-2.133648395875134551e-02
3.250000000000000000e+00,-3.204045017884876723e-01
3.270833333333333037e+00,1.248025126097348503e-01
3.291666666666666519e+00,1.569235871270868721e-01
3.312500000000000000e+00,-3.577830491957203485e-01
3.333333333333333037e+00,-1.513298888455530400e-01
3.354166666666666519e+00,3.012813377085779010e-01
3.375000000000000000e+00,-6.158761594160511166e-05
3.395833333333333037e+00,-3.242589150981348145e-01
3.416666666666666519e+00,6.599788702535280827e-02
3.437500000000000000e+00,1.429339758895528667e-01
3.458333333333333037e+00,-2.401472325252298479e-01
3.479166666666666519e+00,-2.346318693295901259e-02
3.500000000000000000e+00,2.158504769642837773e-01
3.520833333333333037e+00,-2.336402624543013062e-01
3.541666666666666519e+00,-1.277774018191038530e-01
3.562500000000000000e+00,3.431723445374246784e-01
3.583333333333333037e+00,-5.462495235622089051e-03
3.604166666666666519e+00,-3.525838404321303132e-01
3.625000000000000000e+00,9.662375454794386309e-02
3.645833333333333037e+00,2.345574331480737018e-01
3.666666666666666519e+00,-3.066279349241713970e-01
3.687500000000000000e+00,-1.473861554029982646e-01
3.708333333333333037e+00,3.903070430676046088e-01
3.729166666666666519e+00,8.419304428103091542e-02
3.750000000000000000e+00,-3.818812908430104236e-01
3.770833333333333037e+00,-4.067299549356617749e-02
3.791666666666666519e+00,3.086017021292375428e-01
3.812500000000000000e+00,-1.237304377680785161e-01
3.833333333333333037e+00,-2.318303614184276662e-01
3.854166666666666519e+00,2.813713479830356468e-01
3.875000000000000000e+00,6.952419713224389231e-02
3.895833333333333037e+00,-3.832148406848954192e-01
3.916666666666666519e+00,-1.779386382592385019e-02
3.937500000000000000e+00,3.063447407956513824e-01
3.958333333333333037e+00,-1.462593719541830928e-01
3.979166666666666519e+00,-2.198190358849284598e-01
4.000000000000000000e+00,3.085039883654245862e-01
4.020833333333333037e+00,9.937206536901815879e-02
4.041666666666666075e+00,-3.854306216036241239e-01
4.062500000000000000e+00,-5.196471461283180826e-02
4.083333333333333037e+00,3.336631361428092357e-01
4.104166666666666075e+00,-6.070364019028368086e-02
4.125000000000000000e+00,-2.662899400119730364e-01
4.145833333333333037e+00,2.582392722982819189e-01
4.166666666666666075e+00,1.145658346321606902e-01
4.187500000000000000e+00,-3.694079887151325292e-01
4.208333333333333037e+00,-4.064791487703722783e-02
4.229166666666666075e+00,3.309752091031516463e-01
4.250000000000000000e+00,-9.019022739238941044e-02
4.270833333333333037e+00,-2.329483547561708168e-01
4.291666666666666075e+00,2.705194530891323890e-01
4.312500000000000000e+00,8.068972287151071621e-02
4.333333333333333037e+00,-3.626543644982962999e-01
4.354166666666666075e+00,4.668943416764381737e-03
4.375000000000000000e+00,2.926223734395417830e-01
4.395833333333333037e+00,-1.621613756578231813e-01
4.416666666666666075e+00,-1.803026997462443548e-01
4.437500000000000000e+00,3.106374798380665547e-01
4.458333333333333037e+00,5.760622774199941620e-02
4.479166666666666075e+00,-3.312734677314655984e-01
4.500000000000000000e+00,5.924410803611868115e-02
4.520833333333333037e+00,2.668123930912867925e-01
4.541666666666666075e+00,-2.514431798908478566e-01
4.562500000000000000e+00,-1.262122181757399098e-01
4.583333333333333037e+00,3.649392076503344962e-01
4.604166666666666075e+00,5.371332178970295024e-02
4.625000000000000000e+00,-3.406033776063332463e-01
4.645833333333333037e+00,5.385517744755174974e-02
4.666666666666666075e+00,2.548960882832687069e-01
4.687500000000000000e+00,-2.316377378230919382e-01
4.708333333333333037e+00,-1.205353524240065921e-01
4.729166666666666075e+00,3.490424188986731568e-01
4.750000000000000000e+00,3.067625049878780485e-02
4.770833333333333037e+00,-3.161515010171372375e-01
4.791666666666666075e+00,1.033455741056785726e-01
4.812500000000000000e+00,2.358618312747705614e-01
4.833333333333333037e+00,-2.840040084011353771e-01
4.854166666666666075e+00,-9.319011407506905265e-02
4.875000000000000000e+00,3.622829785720501072e-01
4.895833333333333037e+00,2.666538454868921937e-02
4.916666666666666075e+00,-4.062734375928187536e-01
4.937500000000000000e+00,-2.692716252139781830e-02
4.958333333333333037e+00,2.162150245625998890e-01
4.979166666666666075e+00,-2.809174363693657250e-01
5.000000000000000000e+00,-1.485172631325837322e-01
5.020833333333333037e+00,2.869059198686746415e-01
5.041666666666666075e+00,-6.771069966528231454e-02
5.062500000000000000e+00,-2.806878459964824435e-01
5.083333333333333037e+00,1.742136300866028442e-01
5.104166666666666075e+00,9.788728520600786798e-02
5.125000000000000000e+00,-3.020519969131185700e-01
5.145833333333333037e+00,1.937032935780369503e-02
5.166666666666666075e+00,2.365770898722323601e-01
5.187500000000000000e+00,-2.021828163956735924e-01
5.208333333333333037e+00,-1.195781872029022530e-01
5.229166666666666075e+00,2.830498712023669095e-01
5.250000000000000000e+00,-7.778261219784432523e-02
5.270833333333333037e+00,-2.502451666884684123e-01
5.291666666666666075e+00,2.645861177279902332e-01
5.312500000000000000e+00,9.089789872190945363e-02
5.333333333333333037e+00,-3.820435536162187784e-01
5.354166666666666075e+00,-3.082955096292461228e-02
5.375000000000000000e+00,3.140076683225809795e-01
5.395833333333333037e+00,-1.021308800184390631e-01
5.416666666666666075e+00,-2.221746822956621736e-01
5.437500000000000000e+00,2.626356143252153164e-01
5.458333333333333037e+00,3.942108791151099911e-02
5.479166666666666075e+00,-3.283178875944614550e-01
5.500000000000000000e+00,8.821876356884728043e-02
5.520833333333333037e+00,2.361731865207237213e-01
5.541666666666666075e+00,-2.836819858924690685e-01
5.562500000000000000e+00,-9.770412534752948019e-02
5.583333333333333037e+00,3.689596810639651503e-01
5.604166666666666075e+00,2.731952686550953580e-02
5.625000000000000000e+00,-3.295429545005784666e-01
5.645833333333333037e+00,9.960458080558687310e-02
5.666666666666666075e+00,2.361651231471252332e-01
5.687500000000000000e+00,-2.758900529228006659e-01
5.708333333333333037e+00,-9.694773335667195013e-02
5.729166666666666075e+00,3.645949008735007713e-01
5.750000000000000000e+00,2.115502575739358626e-02
5.770833333333333037e+00,-3.172345492885864093e-01
5.791666666666666075e+00,1.042504818985219295e-01
5.812500000000000000e+00,2.390529106253400649e-01
5.833333333333333037e+00,-2.796121165269099818e-01
5.854166666666666075e+00,-9.743643578334604261e-02
5.875000000000000000e+00,3.590385380960134931e-01
5.895833333333333037e+00,2.090025953826890603e-02
5.916666666666666075e+00,-3.155647077392160771e-01
5.937500000000000000e+00,1.184838331983901760e-01
5.958333333333333037e+00,2.148590456957174544e-01
5.979166666666666075e+00,-2.810579840369286098e-01
6.000000000000000000e+00,-7.314791362545847164e-02
6.020833333333333037e+00,3.564695316948808257e-01
6.041666666666666075e+00,-1.368955089050982732e-02
6.062500000000000000e+00,-2.865161761840926413e-01
6.083333333333333037e+00,1.757517196986341235e-01
6.104166666666666075e+00,1.849832446018050414e-01
6.125000000000000000e+00,-3.172261811443821689e-01
6.145833333333333037e+00,-7.565349635612494961e-02
6.166666666666666075e+00,3.407461970011556041e-01
6.187500000000000000e+00,-2.072787070133952358e-02
6.208333333333333037e+00,-2.812355709554787975e-01
6.229166666666666075e+00,1.999411246830732347e-01
6.250000000000000000e+00,1.516237055501331588e-01
6.270833333333333037e+00,-3.241261870869255324e-01
6.291666666666666075e+00,-3.335056873813424527e-02
6.312500000000000000e+00,3.262961195590817765e-01
6.333333333333333037e+00,-9.740731260055301988e-02
6.354166666666666075e+00,-2.265916392024200920e-01
6.375000000000000000e+00,2.718387857150343923e-01
6.395833333333333037e+00,7.856268068322513898e-02
6.416666666666666075e+00,-3.591309801933387780e-01
6.437500000000000000e+00,9.879281344910673113e-03
6.458333333333333037e+00,2.871777006073958916e-01
6.479166666666666075e+00,-1.731691499256398092e-01
6.500000000000000000e+00,-1.703666752636597836e-01
6.520833333333333037e+00,3.521664659185521629e-01
6.541666666666666075e+00,1.139633657972614067e-01
6.562500000000000000e+00,-3.421559512729254182e-01
6.583333333333333037e+00,-1.896831612631955100e-02
6.604166666666666075e+00,3.593237025123485751e-01
6.625000000000000000e+00,-2.130219397245036728e-02
6.645833333333333037e+00,-2.509782406540229660e-01
6.666666666666666075e+00,2.144870098017173099e-01
6.687500000000000000e+00,1.896415917683444974e-01
6.708333333333333037e+00,-2.999206865525175791e-01
6.729166666666666075e+00,-5.761406549283776268e-02
6.750000000000000000e+00,3.245818465674883413e-01
6.770833333333333037e+00,-3.143980891900477470e-02
6.791666666666666075e+00,-2.430870653637484669e-01
6.812500000000000000e+00,2.113767502725907299e-01
6.833333333333333037e+00,1.218565249957546115e-01
6.854166666666666075e+00,-3.031221681700232429e-01
6.875000000000000000e+00,2.548792130416499546e-02
6.895833333333333037e+00,2.854920956861167758e-01
6.916666666666666075e+00,-2.071366009143041920e-01
6.937500000000000000e+00,-1.493735845949328844e-01
6.958333333333333037e+00,3.406247642353951166e-01
6.979166666666666075e+00,6.100600915626253062e-02
7.000000000000000000e+00,-3.390756585446526028e-01
7.020833333333333037e+00,4.359911668929727924e-02
7.041666666666666075e+00,2.598073011466452975e-01
7.062500000000000000e+00,-2.272503948230065740e-01
7.083333333333333037e+00,-1.299862075031280595e-01
7.104166666666666075e+00,3.468939521537343085e-01
7.125000000000000000e+00,2.618169186678265259e-02
7.145833333333333037e+00,-3.250176316416055755e-01
7.166666666666666075e+00,9.635554643847754619e-02
7.187500000000000000e+00,2.223365802678446412e-01
7.208333333333333037e+00,-2.756905798197091251e-01
7.229166666666666075e+00,-7.713814557493658963e-02
7.250000000000000000e+00,3.460629073716603443e-01
7.270833333333333037e+00,-2.973635543173380746e-02
7.291666666666666075e+00,-2.909004930829051094e-01
7.312500000000000000e+00,1.878056197710901154e-01
7.333333333333333037e+00,1.517293857697761261e-01
7.354166666666666075e+00,-3.283661587698220030e-01
7.375000000000000000e+00,-5.393837457855388262e-02
7.395833333333333037e+00,3.278637604684235818e-01
7.416666666666666075e+00,-8.563417629717384738e-02
7.437500000000000000e+00,-2.505618026702085555e-01
7.458333333333333037e+00,2.642126291925019910e-01
7.479166666666666075e+00,8.414476540294624218e-02
7.500000000000000000e+00,-3.710047096315065573e-01
7.520833333333333037e+00,-1.946883795295206721e-02
7.541666666666666075e+00,3.124191238658198255e-01
7.562500000000000000e+00,-1.243349981140478011e-01
7.583333333333333037e+00,-2.157438375363182059e-01
7.604166666666666075e+00,2.904365274144777853e-01
7.625000000000000000e+00,9.183609710483875421e-02
7.645833333333333037e+00,-3.607657894322785497e-01
7.666666666666666075e+00,-9.120825215146677323e-03
7.687500000000000000e+00,3.083190806072575452e-01
7.708333333333333037e+00,-1.224260684819575840e-01
7.729166666666666075e+00,-2.088033296864212351e-01
7.750000000000000000e+00,2.918192597442376135e-01
7.770833333333333037e+00,8.610817113272561940e-02
7.791666666666666075e+00,-3.434598716615853142e-01
7.812500000000000000e+00,2.046507529211272214e-02
7.833333333333333037e+00,2.881801379062958191e-01
7.854166666666666075e+00,-1.813331939885984845e-01
7.875000000000000000e+00,-1.683369545864533690e-01
7.895833333333333037e+00,3.299697715182682289e-01
7.916666666666666075e+00,6.693972239549283998e-02
7.937500000000000000e+00,-3.516110678504250631e-01
7.958333333333333037e+00,1.434013341697382149e-02
7.979166666666666075e+00,2.912461723626751375e-01
8.000000000000000000e+00,-1.780027613516973473e-01
8.020833333333332149e+00,-1.863867394247332721e-01
8.041666666666666075e+00,3.205650258079209003e-01
8.062500000000000000e+00,7.294770979933085098e-02
8.083333333333332149e+00,-3.560951034201701448e-01
8.104166666666666075e+00,4.257044806915688540e-03
8.125000000000000000e+00,2.891322387549124517e-01
8.145833333333332149e+00,-1.645344894535606395e-01
8.166666666666666075e+00,-1.828636169981285864e-01
8.187500000000000000e+00,3.056189653100350734e-01
8.208333333333332149e+00,4.140094745831324197e-02
8.229166666666666075e+00,-3.333561601425616416e-01
8.250000000000000000e+00,6.435091246738222637e-02
8.270833333333332149e+00,2.479863286981813797e-01
8.291666666666666075e+00,-2.485845148043025477e-01
8.312500000000000000e+00,-1.123401275113670161e-01
8.333333333333332149e+00,3.577656908651450918e-01
8.354166666666666075e+00,2.877676389128036583e-02
8.375000000000000000e+00,-3.220454953869509307e-01
8.395833333333332149e+00,1.013129660204175053e-01
8.416666666666666075e+00,2.298326268487300705e-01
8.437500000000000000e+00,-2.712592518542404907e-01
8.458333333333332149e+00,-7.438720612859550663e-02
8.479166666666666075e+00,3.658724086670499531e-01
8.500000000000000000e+00,-5.772407585916128347e-03
8.520833333333332149e+00,-2.947534991884501743e-01
8.541666666666666075e+00,1.684750584450680488e-01
8.562500000000000000e+00,1.910488625571213905e-01
8.583333333333332149e+00,-3.297850333460824457e-01
8.604166666666666075e+00,-9.199039054034519047e-02
8.625000000000000000e+00,3.625878439066894110e-01
8.645833333333332149e+00,1.694633497024311541e-02
8.666666666666666075e+00,-3.185248011338575047e-01
8.687500000000000000e+00,1.172328618549426382e-01
8.708333333333332149e+00,2.149526362212542674e-01
8.729166666666666075e+00,-2.821584506387376790e-01
8.750000000000000000e+00,-7.446217288355960751e-02
8.770833333333332149e+00,3.508969219853931287e-01
8.791666666666666075e+00,-2.098546268659162717e-02
8.812500000000000000e+00,-2.773887860709387532e-01
8.833333333333332149e+00,1.930151594904166990e-01
8.854166666666666075e+00,1.591635257465955355e-01
8.875000000000000000e+00,-3.331978904438398503e-01
8.895833333333332149e+00,-5.566812609769034026e-02
8.916666666666666075e+00,3.325913173891823504e-01
8.937500000000000000e+00,-6.082828574836818269e-02
8.958333333333332149e+00,-2.634021245387522248e-01
8.979166666666666075e+00,2.596710357264551128e-01
9.000000000000000000e+00,1.113137800471953875e-01
9.020833333333332149e+00,-3.709276392313184401e-01
9.041666666666666075e+00,-4.662085171928143090e-02
9.062500000000000000e+00,3.346375409692197156e-01
9.083333333333332149e+00,-6.586216198981731385e-02
9.104166666666666075e+00,-2.495656667878558554e-01
9.125000000000000000e+00,2.440290199132415516e-01
9.145833333333332149e+00,1.105739991762481056e-01
9.166666666666666075e+00,-3.557231865721264263e-01
9.187500000000000000e+00,-1.568432832109600827e-02
9.208333333333332149e+00,3.084882515119689028e-01
9.229166666666666075e+00,-1.340125837653892704e-01
9.250000000000000000e+00,-2.102139523632898799e-01
9.270833333333332149e+00,3.097097592194557603e-01
9.291666666666666075e+00,8.762184032616127105e-02
9.312500000000000000e+00,-3.664038966468917691e-01
9.333333333333332149e+00,-1.399527816748979969e-02
9.354166666666666075e+00,3.161053091060942455e-01
9.375000000000000000e+00,-1.256273867067189132e-01
9.395833333333332149e+00,-2.147531754255614933e-01
9.416666666666666075e+00,2.866761848786540945e-01
9.437500000000000000e+00,7.135931000911843736e-02
9.458333333333332149e+00,-3.513036368792693542e-01
9.479166666666666075e+00,1.012548829904225123e-02
9.500000000000000000e+00,2.859246133832187287e-01
9.520833333333332149e+00,-1.794037757716332449e-01
9.541666666666666075e+00,-1.794433573905357404e-01
9.562500000000000000e+00,3.204856564491096460e-01
9.583333333333332149e+00,5.826979438598256511e-02
9.604166666666666075e+00,-3.465798872486973714e-01
9.625000000000000000e+00,3.299213773166764785e-02
9.645833333333332149e+00,2.699905945438969557e-01
9.666666666666666075e+00,-2.361786470629554380e-01
9.687500000000000000e+00,-1.440024963755773824e-01
9.708333333333332149e+00,3.550951333075088590e-01
9.729166666666666075e+00,5.598973779867943978e-02
9.750000000000000000e+00,-3.416918027314237438e-01
9.770833333333332149e+00,4.140739699967821430e-02
9.791666666666666075e+00,2.613615885333058220e-01
9.812500000000000000e+00,-2.365275910131604542e-01
9.833333333333332149e+00,-1.333301719818366093e-01
9.854166666666666075e+00,3.536721161341194186e-01
9.875000000000000000e+00,4.694787615792594959e-02
9.895833333333332149e+00,-3.409700816742475826e-01
9.916666666666666075e+00,5.076594982543214396e-02
9.937500000000000000e+00,2.587100604833871831e-01
9.958333333333332149e+00,-2.471527617349454919e-01
9.979166666666666075e+00,-1.357911761995217459e-01
1.000000000000000000e+01,3.661406134209266305e-01
1.002083333333333215e+01,5.795247339188158708e-02
1.004166666666666607e+01,-3.502629934200875983e-01
1.006250000000000000e+01,2.306381604930074491e-02
1.008333333333333215e+01,2.778285800892642543e-01
1.010416666666666607e+01,-2.118643246221041387e-01
1.012500000000000000e+01,-1.614557478187175210e-01
1.014583333333333215e+01,3.379827709020777338e-01
1.016666666666666607e+01,6.064546959100669543e-02
1.018750000000000000e+01,-3.450943872282505875e-01
1.020833333333333215e+01,3.046329511326162365e-02
1.022916666666666607e+01,2.779503257328090893e-01
1.025000000000000000e+01,-2.137742552084381797e-01
1.027083333333333215e+01,-1.625063668602431122e-01
1.029166666666666607e+01,3.470231813904932627e-01
1.031250000000000000e+01,7.215438865601164764e-02
1.033333333333333215e+01,-3.666908561650790155e-01
1.035416666666666607e+01,-1.208102184893200537e-03
1.037500000000000000e+01,2.986106778052927124e-01
1.039583333333333215e+01,-1.647822027453951232e-01
1.041666666666666607e+01,-2.038426422541902427e-01
1.043750000000000000e+01,3.257543152923925156e-01
1.045833333333333215e+01,9.596891292512010896e-02
1.047916666666666607e+01,-3.825859341389096224e-01
1.050000000000000000e+01,-5.199049539361866312e-02
1.052083333333333215e+01,3.350372368193610395e-01
1.054166666666666607e+01,-6.001215747800703326e-02
1.056250000000000000e+01,-2.700050619347972303e-01
1.058333333333333215e+01,2.338206723428983835e-01
1.060416666666666607e+01,1.269792007456115313e-01
1.062500000000000000e+01,-3.631599396942386537e-01
1.064583333333333215e+01,-5.838722044098287878e-02
1.066666666666666607e+01,3.409740783671911801e-01
1.068750000000000000e+01,-5.832378471428467659e-02
1.070833333333333215e+01,-2.586335508674560968e-01
1.072916666666666607e+01,2.512610775053130130e-01
1.075000000000000000e+01,1.187665338536527670e-01
1.077083333333333215e+01,-3.792919766692364192e-01
1.079166666666666607e+01,-5.207531548853738812e-02
1.081250000000000000e+01,3.454063657366990281e-01
1.083333333333333215e+01,-4.838525207207278189e-02
1.085416666666666607e+01,-2.770657417443058712e-01
1.087500000000000000e+01,2.384186051974407361e-01
1.089583333333333215e+01,1.370059934168540439e-01
1.091666666666666607e+01,-3.645516537173575378e-01
1.093750000000000000e+01,-6.944420831673103756e-02
1.095833333333333215e+01,3.544015894694619861e-01
1.097916666666666607e+01,-2.012916001908049424e-02
1.100000000000000000e+01,-2.840574074804780302e-01
1.102083333333333215e+01,1.908833342294017354e-01
1.104166666666666607e+01,1.738466464127649269e-01
1.106250000000000000e+01,-3.423279916807092649e-01
1.108333333333333215e+01,-8.045459980846925152e-02
1.110416666666666607e+01,3.573520361098230236e-01
1.112500000000000000e+01,-2.453644337968463596e-03
1.114583333333333215e+01,-3.014588716155832682e-01
1.116666666666666607e+01,1.573877300796399092e-01
1.118750000000000000e+01,1.887273637282678163e-01
1.120833333333333215e+01,-3.064377025487659001e-01
1.122916666666666607e+01,-6.394594641162165694e-02
1.125000000000000000e+01,3.462985974593828509e-01
1.127083333333333215e+01,-4.646700477206699986e-02
1.129166666666666607e+01,-2.684449032552178593e-01
1.131250000000000000e+01,2.335651619722766137e-01
1.133333333333333215e+01,1.411276024668203233e-01
1.135416666666666607e+01,-3.641932929429947396e-01
1.137500000000000000e+01,-7.051424820420970629e-02
1.139583333333333215e+01,3.431666794421326383e-01
1.141666666666666607e+01,-2.423829186738524211e-02
1.143750000000000000e+01,-2.828795699690445087e-01
1.145833333333333215e+01,2.006511997905161548e-01
1.147916666666666607e+01,1.497182339252062233e-01
1.150000000000000000e+01,-3.314015116965863816e-01
1.152083333333333215e+01,-4.185916183680760128e-02
1.154166666666666607e+01,3.296039318598557033e-01
1.156250000000000000e+01,-8.329373990990118770e-02
1.158333333333333215e+01,-2.395044977263829367e-01
1.160416666666666607e+01,2.577159396905071009e-01
1.162500000000000000e+01,9.176903135466607520e-02
1.164583333333333215e+01,-3.597092652741615826e-01
1.166666666666666607e+01,-1.334823005074337043e-02
1.168750000000000000e+01,2.985673347662088917e-01
1.170833333333333215e+01,-1.345233440008108960e-01
1.172916666666666607e+01,-2.071861490302000508e-01
1.175000000000000000e+01,2.973404906842413986e-01
1.177083333333333215e+01,7.378153193775272012e-02
1.179166666666666607e+01,-3.506692573670873170e-01
1.181250000000000000e+01,1.618689311687071530e-02
1.183333333333333215e+01,2.947654762335115697e-01
1.185416666666666607e+01,-1.734625936626932319e-01
1.187500000000000000e+01,-1.817257492186206136e-01
1.189583333333333215e+01,3.140498742079489425e-01
1.191666666666666607e+01,7.250145410039843252e-02
1.193750000000000000e+01,-3.540864896471465073e-01
1.195833333333333215e+01,2.319608264001637998e-02
1.197916666666666607e+01,2.907435861439243707e-01
1.200000000000000000e+01,-1.855277685692442446e-01
1.202083333333333215e+01,-1.811924758980925088e-01
1.204166666666666607e+01,3.454939057572204986e-01
1.206250000000000000e+01,1.072078857241605121e-01
1.208333333333333215e+01,-3.796650316867614672e-01
1.210416666666666607e+01,-6.239768734695438912e-02
1.212500000000000000e+01,3.533776959758907488e-01
1.214583333333333215e+01,-2.596860201778261601e-02
1.216666666666666607e+01,-2.814924713636699494e-01
1.218750000000000000e+01,1.995067306285918107e-01
1.220833333333333215e+01,1.655279491160596139e-01
1.222916666666666607e+01,-3.499714612185983453e-01
1.225000000000000000e+01,-7.870308124304370434e-02
1.227083333333333215e+01,3.580184028256738760e-01
1.229166666666666607e+01,-4.806355105277826389e-03
1.231250000000000000e+01,-3.039264722325012436e-01
1.233333333333333215e+01,1.601233496613068130e-01
1.235416666666666607e+01,1.865185342209064734e-01
1.237500000000000000e+01,-3.090407577218261537e-01
1.239583333333333215e+01,-3.391521319477286411e-02
1.241666666666666607e+01,3.502736208986511057e-01
1.243750000000000000e+01,-7.647122871833345048e-02
1.245833333333333215e+01,-2.466345318259415276e-01
1.247916666666666607e+01,2.632021797137171770e-01
1.250000000000000000e+01,1.037490031401562263e-01
1.252083333333333215e+01,-3.679807650877641167e-01
1.254166666666666607e+01,-2.875418479333402555e-02
1.256250000000000000e+01,3.170871066478687661e-01
1.258333333333333215e+01,-9.429072270256666499e-02
1.260416666666666607e+01,-2.239956341608507762e-01
1.262500000000000000e+01,2.656392781457905805e-01
1.264583333333333215e+01,5.290738210352896598e-02
1.266666666666666607e+01,-3.322577830407692501e-01
1.268750000000000000e+01,6.643342200194501945e-02
1.270833333333333215e+01,2.569807584615221296e-01
1.272916666666666607e+01,-2.611925548620230852e-01
1.275000000000000000e+01,-1.066067060958781898e-01
1.277083333333333215e+01,3.633968075542228782e-01
1.279166666666666607e+01,3.505622740117220193e-02
1.281250000000000000e+01,-3.230226208695475831e-01
1.283333333333333215e+01,9.203666122734344146e-02
1.285416666666666607e+01,2.251992835366332102e-01
1.287500000000000000e+01,-2.562499035136465153e-01
1.289583333333333215e+01,-6.706488663438547881e-02
1.291666666666666607e+01,3.367969827989162335e-01
1.293750000000000000e+01,-5.713033107142984068e-02
1.295833333333333215e+01,-2.558115156708899995e-01
1.297916666666666607e+01,2.513332011931777021e-01
1.300000000000000000e+01,1.152683459202042959e-01
1.302083333333333215e+01,-3.667033214084132187e-01
1.304166666666666607e+01,-3.565227194978903835e-02
1.306250000000000000e+01,3.252872626837477466e-01
1.308333333333333215e+01,-8.083766233648292943e-02
1.310416666666666607e+01,-2.360562103859481509e-01
1.312500000000000000e+01,2.614218549648666956e-01
1.314583333333333215e+01,7.257100782695269370e-02
1.316666666666666607e+01,-3.392022634017466398e-01
1.318750000000000000e+01,4.055718049925405300e-02
1.320833333333333215e+01,2.760796212017220252e-01
1.322916666666666607e+01,-2.319735653399731534e-01
1.325000000000000000e+01,-1.324919461121564224e-01
1.327083333333333215e+01,3.576428183614600576e-01
1.329166666666666607e+01,5.759041491290262105e-02
1.331250000000000000e+01,-3.377334879849798188e-01
1.333333333333333215e+01,4.937406701560898004e-02
1.335416666666666607e+01,2.568353233481718290e-01
1.337500000000000000e+01,-2.335757787954065856e-01
1.339583333333333215e+01,-1.279020449007576277e-01
1.341666666666666607e+01,3.475097479037648762e-01
1.343750000000000000e+01,3.480176738206253173e-02
1.345833333333333215e+01,-3.322350478145476016e-01
1.347916666666666607e+01,7.974000719380336388e-02
1.350000000000000000e+01,2.369909978236598436e-01
1.352083333333333215e+01,-2.537088047069978591e-01
1.354166666666666607e+01,-8.589851611984777868e-02
1.356250000000000000e+01,3.465379002297287458e-01
1.358333333333333215e+01,-2.293790918025573333e-02
1.360416666666666607e+01,-2.822237990587785905e-01
1.362500000000000000e+01,1.971693313786111457e-01
1.364583333333333215e+01,1.660575655003059259e-01
1.366666666666666607e+01,-3.403258619851642353e-01
1.368750000000000000e+01,-7.000825616049288769e-02
1.370833333333333215e+01,3.440983954841099202e-01
1.372916666666666607e+01,-2.508335979679521266e-02
1.375000000000000000e+01,-2.725829801297801058e-01
1.377083333333333215e+01,2.119222024291201878e-01
1.379166666666666607e+01,1.463645237210596806e-01
1.381250000000000000e+01,-3.318496923049812919e-01
1.383333333333333215e+01,-3.926013895983937463e-02
1.385416666666666607e+01,3.331781711590927619e-01
1.387500000000000000e+01,-8.070650430897186034e-02
1.389583333333333215e+01,-2.397265454313433075e-01
1.391666666666666607e+01,2.584012247251098460e-01
1.393750000000000000e+01,9.822854089984200954e-02
1.395833333333333215e+01,-3.485848791148918879e-01
1.397916666666666607e+01,-1.117406603075132843e-03
1.400000000000000000e+01,2.939558381072778781e-01
1.402083333333333215e+01,-1.502902541747049847e-01
1.404166666666666607e+01,-1.883554056779098707e-01
1.406250000000000000e+01,3.061956800594086703e-01
1.408333333333333215e+01,5.456739346015715419e-02
1.410416666666666607e+01,-3.319210580667021349e-01
1.412500000000000000e+01,6.839491717844881080e-02
1.414583333333333215e+01,2.584607569702690455e-01
1.416666666666666607e+01,-2.558540625032073024e-01
1.418750000000000000e+01,-1.009241202663827552e-01
1.420833333333333215e+01,3.669629228915677333e-01
1.422916666666666607e+01,3.680307049186704038e-02
1.425000000000000000e+01,-3.214548772172902691e-01
1.427083333333333215e+01,9.462852135387822550e-02
1.429166666666666607e+01,2.464934146788627656e-01
1.431250000000000000e+01,-2.639270275146362588e-01
1.433333333333333215e+01,-8.760991587563460303e-02
1.435416666666666607e+01,4.244344548998787436e-01
1.437500000000000000e+01,1.351651454346072256e-01
1.439583333333333215e+01,-3.258476016454994184e-01
1.441666666666666607e+01,-2.260259145708243267e-02
1.443750000000000000e+01,3.683974598857074900e-01
1.445833333333333215e+01,1.434878737745171051e-03
1.447916666666666607e+01,-2.685139591953650262e-01
1.450000000000000000e+01,1.737592637566219844e-01
1.452083333333333215e+01,2.146577811214684939e-01
1.454166666666666607e+01,-2.706868393198904599e-01
1.456250000000000000e+01,-5.737694289322681218e-02
1.458333333333333215e+01,3.332497523120344640e-01
1.460416666666666607e+01,-3.561844399381630666e-02
1.462500000000000000e+01,-2.344661460078242277e-01
1.464583333333333215e+01,2.174147983116517802e-01
1.466666666666666607e+01,1.164462911088872676e-01
1.468750000000000000e+01,-3.175602343112694514e-01
1.470833333333333215e+01,1.027346552632990573e-02
1.472916666666666607e+01,2.916441902833101230e-01
1.475000000000000000e+01,-1.721387620926007056e-01
1.477083333333333215e+01,-1.872306188319808884e-01
1.479166666666666607e+01,3.218443168602687088e-01
1.481250000000000000e+01,8.151797483168177205e-02
1.483333333333333215e+01,-3.647741526942444024e-01
1.485416666666666607e+01,-2.153851505689075019e-02
1.487500000000000000e+01,3.118898370331828485e-01
1.489583333333333215e+01,-1.233525258020552462e-01
1.491666666666666607e+01,-2.211970701031211739e-01
1.493750000000000000e+01,2.836208442498509008e-01
1.495833333333333215e+01,7.513562750573032911e-02
1.497916666666666607e+01,-3.559942330390996057e-01
1.500000000000000000e+01,3.083924630965739766e-03
1.502083333333333215e+01,2.944778243029229081e-01
1.504166666666666607e+01,-1.596249503497556566e-01
1.506250000000000000e+01,-1.909664280178107187e-01
1.508333333333333215e+01,3.049662339511597375e-01
1.510416666666666607e+01,6.991816476705214889e-02
1.512500000000000000e+01,-3.506299955863174667e-01
1.514583333333333215e+01,1.805529498757707518e-02
1.516666666666666607e+01,2.796886923543340231e-01
1.518750000000000000e+01,-2.035051131770939659e-01
1.520833333333333215e+01,-1.717721954220943203e-01
1.522916666666666607e+01,3.440227927952359543e-01
1.525000000000000000e+01,7.162938561366583023e-02
1.527083333333333215e+01,-3.606287922938260504e-01
1.529166666666666607e+01,-5.488498897638915963e-04
1.531250000000000000e+01,2.943299761408860737e-01
1.533333333333333215e+01,-1.699753787670008620e-01
1.535416666666666607e+01,-1.900836355626052132e-01
1.537500000000000000e+01,3.108175964616678444e-01
1.539583333333333215e+01,6.412296730719002635e-02
1.541666666666666607e+01,-3.483311898889441816e-01
1.543750000000000000e+01,2.585443127788711326e-02
1.545833333333333215e+01,2.648292409356363120e-01
1.547916666666666607e+01,-2.207269805376353977e-01
1.550000000000000000e+01,-1.478844169257307328e-01
1.552083333333333215e+01,3.445861422462052071e-01
1.554166666666666607e+01,4.599029016620692634e-02
1.556250000000000000e+01,-3.380665232153127198e-01
1.558333333333333215e+01,5.584611703479747113e-02
1.560416666666666607e+01,2.529602574135390025e-01
1.562500000000000000e+01,-2.561943548410634541e-01
1.564583333333333215e+01,-1.131099663970371871e-01
1.566666666666666607e+01,3.564861543071125016e-01
1.568750000000000000e+01,2.052161718237721644e-02
1.570833333333333215e+01,-3.218050494616849777e-01
1.572916666666666607e+01,1.022431831697044879e-01
1.575000000000000000e+01,2.120150062840696625e-01
1.577083333333333215e+01,-2.715324755605728058e-01
1.579166666666666607e+01,-5.956239640568106175e-02
1.581250000000000000e+01,3.342922768804685862e-01
1.583333333333333215e+01,-5.689300964348775747e-02
1.585416666666666607e+01,-2.603084334038402448e-01
1.587500000000000000e+01,2.482657231159948186e-01
1.589583333333333215e+01,1.167198550830688131e-01
1.591666666666666607e+01,-3.493688709669668935e-01
1.593750000000000000e+01,-2.200366162764499922e-02
1.595833333333333215e+01,3.208054626140840471e-01
1.597916666666666607e+01,-1.151429299817058327e-01
1.600000000000000000e+01,-2.141107698435923412e-01
1.602083333333333215e+01,2.831001020506900279e-01
1.604166666666666430e+01,7.642512800506662263e-02
1.606250000000000000e+01,-3.545429711585037502e-01
1.608333333333333215e+01,1.305730079910383257e-02
1.610416666666666430e+01,2.805808198875351378e-01
1.612500000000000000e+01,-1.821002107303074657e-01
1.614583333333333215e+01,-1.754067878885938736e-01
1.616666666666666430e+01,3.257595172982369336e-01
1.618750000000000000e+01,7.320093592848964104e-02
1.620833333333333215e+01,-3.333378884972432177e-01
1.622916666666666430e+01,5.029798703939558635e-02
1.625000000000000000e+01,2.663463817435984815e-01
1.627083333333333215e+01,-2.372025518567497659e-01
1.629166666666666430e+01,-1.039068960215063786e-01
1.631250000000000000e+01,3.552835570228053408e-01
1.633333333333333215e+01,1.745476334455520195e-02
1.635416666666666430e+01,-2.953821283575651657e-01
1.637500000000000000e+01,1.631167561961283097e-01
1.639583333333333215e+01,1.905109431164087042e-01
1.641666666666666430e+01,-3.161783003579589080e-01
1.643750000000000000e+01,-6.110801567465329320e-02
1.645833333333333215e+01,3.733188607326278774e-01
1.647916666666666430e+01,-6.324809713779355747e-03
1.650000000000000000e+01,-2.936466896558315165e-01
1.652083333333333215e+01,1.803170880137900944e-01
1.654166666666666430e+01,1.902958848109951306e-01
1.656250000000000000e+01,-3.325728424222273993e-01
1.658333333333333215e+01,-8.016739637102054949e-02
1.660416666666666430e+01,3.668679170681610202e-01
1.662500000000000000e+01,1.170016010876262502e-02
1.664583333333333215e+01,-3.028500975772961956e-01
1.666666666666666430e+01,1.572412886600342841e-01
1.668750000000000000e+01,1.968044131570177990e-01
1.670833333333333215e+01,-3.141829305330154920e-01
1.672916666666666430e+01,-7.156959015556652037e-02
1.675000000000000000e+01,3.689789018551551392e-01
1.677083333333333215e+01,-1.932552123633746177e-03
1.679166666666666430e+01,-2.965541964760526339e-01
1.681250000000000000e+01,1.704014218747208487e-01
1.683333333333333215e+01,1.894073477742704847e-01
1.685416666666666430e+01,-3.268985364171470565e-01
1.687500000000000000e+01,-7.604246708929573995e-02
1.689583333333333215e+01,3.625274506586415590e-01
1.691666666666666430e+01,3.999727405557207405e-03
1.693750000000000000e+01,-2.943090260272315239e-01
1.695833333333333215e+01,1.662226307918704959e-01
1.697916666666666430e+01,1.898577667702783245e-01
1.700000000000000000e+01,-3.169283647862212172e-01
1.702083333333333215e+01,-6.751133836958878032e-02
1.704166666666666430e+01,3.695100275519417332e-01
1.706250000000000000e+01,-2.317762424271840871e-03
1.708333333333333215e+01,-2.941026689922344728e-01
1.710416666666666430e+01,1.742179055480570504e-01
1.712500000000000000e+01,1.967828428167964772e-01
1.714583333333333215e+01,-3.294947706555738653e-01
1.716666666666666430e+01,-8.697371283805621633e-02
1.718750000000000000e+01,3.735337706202643826e-01
1.720833333333333215e+01,3.049943544671751550e-02
1.722916666666666430e+01,-3.158596230072395761e-01
1.725000000000000000e+01,1.186643783628246185e-01
1.727083333333333215e+01,2.274551150949705169e-01
1.729166666666666430e+01,-2.831539114975849536e-01
1.731250000000000000e+01,-7.676893377159177412e-02
1.733333333333333215e+01,3.682764062831265228e-01
1.735416666666666430e+01,7.385903217000611143e-03
1.737500000000000000e+01,-2.915495350559299537e-01
1.739583333333333215e+01,1.641229968861133148e-01
1.741666666666666430e+01,1.899906219563515797e-01
1.743750000000000000e+01,-3.114682773683726258e-01
1.745833333333333215e+01,-5.789352837246941608e-02
1.747916666666666430e+01,3.522191119968229867e-01
1.750000000000000000e+01,-2.821248895253103406e-02
1.752083333333333215e+01,-2.750389305518635696e-01
1.754166666666666430e+01,2.163979679855411176e-01
1.756250000000000000e+01,1.568684501669066478e-01
1.758333333333333215e+01,-3.401104050218982655e-01
1.760416666666666430e+01,-5.667936201173273680e-02
1.762500000000000000e+01,3.442339701129045193e-01
1.764583333333333215e+01,-3.750765234144953775e-02
1.766666666666666430e+01,-2.557568284232273337e-01
1.768750000000000000e+01,2.331310613250057173e-01
1.770833333333333215e+01,1.346493233979174642e-01
1.772916666666666430e+01,-3.509092858208912036e-01
1.775000000000000000e+01,-3.818680375703942254e-02
1.777083333333333215e+01,3.368343900147802716e-01
1.779166666666666430e+01,-5.489665542444827073e-02
1.781250000000000000e+01,-2.563202809976536933e-01
1.783333333333333215e+01,2.413945529642925747e-01
1.785416666666666430e+01,1.295599279033381457e-01
1.787500000000000000e+01,-3.543023696589600036e-01
1.789583333333333215e+01,-4.247140589931408527e-02
1.791666666666666430e+01,3.353087065545105605e-01
1.793750000000000000e+01,-6.345929540901801280e-02
1.795833333333333215e+01,-2.483100165339835463e-01
1.797916666666666430e+01,2.514534508735515317e-01
1.800000000000000000e+01,1.139748675069442441e-01
1.802083333333333215e+01,-3.581351511045101632e-01
1.804166666666666430e+01,-2.162251648334978515e-02
1.806250000000000000e+01,3.243116218394870298e-01
1.808333333333333215e+01,-9.526927028648368712e-02
1.810416666666666430e+01,-2.251991296272792820e-01
1.812500000000000000e+01,2.866956677370077200e-01
1.814583333333333215e+01,9.866686519054573834e-02
1.816666666666666430e+01,-3.609899059225011864e-01
1.818750000000000000e+01,-1.058752260518813770e-02
1.820833333333333215e+01,3.216069353424415578e-01
1.822916666666666430e+01,-1.099482438597270129e-01
1.825000000000000000e+01,-2.078955737284594596e-01
1.827083333333333215e+01,2.730460769255784181e-01
1.829166666666666430e+01,5.166466414504905513e-02
1.831250000000000000e+01,-3.279063919850927489e-01
1.833333333333333215e+01,8.603840568918674769e-02
1.835416666666666430e+01,2.418470569297696549e-01
1.837500000000000000e+01,-2.669406561179573090e-01
1.839583333333333215e+01,-7.207592750115177083e-02
1.841666666666666430e+01,3.764803918440052799e-01
1.843750000000000000e+01,7.280363313553306348e-03
1.845833333333333215e+01,-3.023116303102625357e-01
1.847916666666666430e+01,1.519812217027917134e-01
1.850000000000000000e+01,2.066778240143314349e-01
1.852083333333333215e+01,-3.102164211154252449e-01
1.854166666666666430e+01,-7.464767159877794267e-02
1.856250000000000000e+01,3.615989235554869508e-01
1.858333333333333215e+01,-5.972420504861852830e-03
1.860416666666666430e+01,-2.892074867563651508e-01
1.862500000000000000e+01,1.788712996386366272e-01
1.864583333333333215e+01,1.808403057581919327e-01
1.866666666666666430e+01,-3.256895073547551034e-01
1.868750000000000000e+01,-6.778130045287977801e-02
1.870833333333333215e+01,3.615721052948523973e-01
1.872916666666666430e+01,-1.115244878369525683e-02
1.875000000000000000e+01,-2.837053933578244092e-01
1.877083333333333215e+01,1.918658343931535226e-01
1.879166666666666430e+01,1.773655869182130806e-01
1.881250000000000000e+01,-3.349322108507615803e-01
1.883333333333333215e+01,-6.220933207793322151e-02
1.885416666666666430e+01,3.527220112923868944e-01
1.887500000000000000e+01,-3.159683247930245020e-02
1.889583333333333215e+01,-2.723711331679236070e-01
1.891666666666666430e+01,2.346400779392373015e-01
1.893750000000000000e+01,1.433539830783145397e-01
1.895833333333333215e+01,-3.526056165742594839e-01
1.897916666666666430e+01,-5.384666753188893651e-02
1.900000000000000000e+01,3.423766806166974042e-01
1.902083333333333215e+01,-4.221606455199616859e-02
1.904166666666666430e+01,-2.544449206755239334e-01
1.906250000000000000e+01,2.365231394522893660e-01
1.908333333333333215e+01,1.333793523137069004e-01
1.910416666666666430e+01,-3.547579785567769872e-01
1.912500000000000000e+01,-4.315801745504344034e-02
1.914583333333333215e+01,3.424061191979349550e-01
1.916666666666666430e+01,-4.497451465613444554e-02
1.918750000000000000e+01,-2.628910910583995841e-01
1.920833333333333215e+01,2.424302995294901897e-01
1.922916666666666430e+01,1.380948935029738811e-01
1.925000000000000000e+01,-3.469147097629742826e-01
1.927083333333333215e+01,-4.224341121852392966e-02
1.929166666666666430e+01,3.337278573421474381e-01
1.931250000000000000e+01,-6.211133946587527044e-02
1.933333333333333215e+01,-2.369435364263455801e-01
1.935416666666666430e+01,2.513609619261640837e-01
1.937500000000000000e+01,1.087894510312896190e-01
1.939583333333333215e+01,-3.522290604278844328e-01
1.941666666666666430e+01,-2.016698248052495313e-02
1.943750000000000000e+01,3.273213407758285842e-01
1.945833333333333215e+01,-8.298139570626777983e-02
1.947916666666666430e+01,-2.364902698655108049e-01
1.950000000000000000e+01,2.718679670572706764e-01
1.952083333333333215e+01,9.793141409019767707e-02
1.954166666666666430e+01,-3.521852021433724556e-01
1.956250000000000000e+01,-2.362320683795271492e-04
1.958333333333333215e+01,3.110188972206776592e-01
1.960416666666666430e+01,-1.330332528314214224e-01
1.962500000000000000e+01,-1.866484677790339886e-01
1.964583333333333215e+01,2.922117030136502924e-01
1.966666666666666430e+01,5.063806400183340495e-02
1.968750000000000000e+01,-3.268008138654684980e-01
1.970833333333333215e+01,8.893745728868845957e-02
1.972916666666666430e+01,2.472362785229808013e-01
1.975000000000000000e+01,-2.631439673883547714e-01
1.977083333333333215e+01,-8.813245675786945954e-02
1.979166666666666430e+01,3.613235626643005460e-01
1.981250000000000000e+01,1.462329635923093063e-02
1.983333333333333215e+01,-3.024636992949089609e-01
1.985416666666666430e+01,1.398762793657440939e-01
1.987500000000000000e+01,2.097606208506018755e-01
1.989583333333333215e+01,-2.849292851513152147e-01
1.991666666666666430e+01,-5.804366325063153864e-02
1.993750000000000000e+01,3.772308237648174800e-01
1.995833333333333215e+01,1.043545974996518133e-02
1.997916666666666430e+01,-2.566923848007471864e-01
2.000000000000000000e+01,1.973485776415285775e-01
2.002083333333333215e+01,1.615048297924243648e-01
2.004166666666666430e+01,-2.892404919220125104e-01
2.006250000000000000e+01,2.094753971534335513e-02
2.008333333333333215e+01,2.931042565691811541e-01
2.010416666666666430e+01,-1.877484489750178565e-01
2.012500000000000000e+01,-1.562189483856896155e-01
2.014583333333333215e+01,3.603633708699971461e-01
2.016666666666666430e+01,7.863621122754982373e-02
2.018750000000000000e+01,-3.625605279509817036e-01
2.020833333333333215e+01,6.905703462945833593e-03
2.022916666666666430e+01,3.041782948885060067e-01
2.025000000000000000e+01,-1.613590546777754486e-01
2.027083333333333215e+01,-1.859152685489023904e-01
2.029166666666666430e+01,3.081868973523285149e-01
2.031250000000000000e+01,6.613128989615046915e-02
2.033333333333333215e+01,-3.507021966504560440e-01
2.035416666666666430e+01,3.068031162924689248e-02
2.037500000000000000e+01,2.767630601987324801e-01
2.039583333333333215e+01,-2.074303428473943112e-01
2.041666666666666430e+01,-1.516051435803494329e-01
2.043750000000000000e+01,3.412852394553230195e-01
2.045833333333333215e+01,5.794100652398770368e-02
2.047916666666666430e+01,-3.304964571007710794e-01
2.050000000000000000e+01,5.277583310584033072e-02
2.052083333333333215e+01,2.626982514348510378e-01
2.054166666666666430e+01,-2.452046638952423141e-01
2.056250000000000000e+01,-1.196589954780171161e-01
2.058333333333333215e+01,3.566369588618384934e-01
2.060416666666666430e+01,3.925393222415879402e-02
2.062500000000000000e+01,-3.349398463994540665e-01
2.064583333333333215e+01,7.070500724795997227e-02
2.066666666666666430e+01,2.468271023632484518e-01
2.068750000000000000e+01,-2.461065373974316017e-01
2.070833333333333215e+01,-1.141777125108749957e-01
2.072916666666666430e+01,3.479229578636064968e-01
2.075000000000000000e+01,2.662024365179660457e-02
2.077083333333333215e+01,-3.049647103607946996e-01
2.079166666666666430e+01,1.133273225451766897e-01
2.081250000000000000e+01,2.191510963799614964e-01
2.083333333333333215e+01,-2.846128814436280630e-01
2.085416666666666430e+01,-7.973114778935180835e-02
2.087500000000000000e+01,3.484706471434840247e-01
2.089583333333333215e+01,-2.054823061361815695e-02
2.091666666666666430e+01,-2.887730866548215425e-01
2.093750000000000000e+01,1.784565252326993368e-01
2.095833333333333215e+01,1.669720222447448887e-01
2.097916666666666430e+01,-3.210332120101709874e-01
2.100000000000000000e+01,-6.807609050375029724e-02
2.102083333333333215e+01,3.418998674050731101e-01
2.104166666666666430e+01,-4.231160378030279778e-02
2.106250000000000000e+01,-2.797658150455276660e-01
2.108333333333333215e+01,1.994483417331571751e-01
2.110416666666666430e+01,1.612131305493440525e-01
2.112500000000000000e+01,-3.333186753034144689e-01
2.114583333333333215e+01,-7.246575795998472236e-02
2.116666666666666430e+01,3.324201550939261951e-01
2.118750000000000000e+01,-4.359493647292156382e-02
2.120833333333333215e+01,-2.728063516012184109e-01
2.122916666666666430e+01,2.194850493136487057e-01
2.125000000000000000e+01,1.307691107241249484e-01
2.127083333333333215e+01,-3.401587270929811169e-01
2.129166666666666430e+01,-3.781681173329615175e-02
2.131250000000000000e+01,3.195178527778897992e-01
2.133333333333333215e+01,-1.042321945308301023e-01
2.135416666666666430e+01,-2.287198972681900311e-01
2.137500000000000000e+01,2.782613914708422787e-01
2.139583333333333215e+01,7.607687194151907528e-02
2.141666666666666430e+01,-3.660364216346349009e-01
2.143750000000000000e+01,-2.624521796248613370e-03
2.145833333333333215e+01,2.947212252227612295e-01
2.147916666666666430e+01,-1.595251982473156471e-01
2.150000000000000000e+01,-1.861305459665344997e-01
2.152083333333333215e+01,3.087971384720235579e-01
2.154166666666666430e+01,5.360870743634321700e-02
2.156250000000000000e+01,-3.400812064332311979e-01
2.158333333333333215e+01,4.929398544633611934e-02
2.160416666666666430e+01,2.575374367554829069e-01
2.162500000000000000e+01,-2.515560684682575099e-01
2.164583333333333215e+01,-1.201074712930073618e-01
2.166666666666666430e+01,3.548250709028136773e-01
2.168750000000000000e+01,6.731441089584122572e-04
2.170833333333333215e+01,-3.409181857911698921e-01
2.172916666666666430e+01,1.199387324839837343e-01
2.175000000000000000e+01,2.087999106795697668e-01
2.177083333333333215e+01,-3.174543788761033936e-01
2.179166666666666430e+01,-1.159992708178332332e-01
2.181250000000000000e+01,3.725865922935321928e-01
2.183333333333333215e+01,3.486910040483809370e-02
2.185416666666666430e+01,-3.437502793580364813e-01
2.187500000000000000e+01,4.560984118169769674e-02
2.189583333333333215e+01,2.576051829247546499e-01
2.191666666666666430e+01,-2.396222284694843330e-01
2.193750000000000000e+01,-1.376002709705215210e-01
2.195833333333333215e+01,3.397999865825950261e-01
2.197916666666666430e+01,3.322524571197643661e-02
2.200000000000000000e+01,-3.250035898216089847e-01
2.202083333333333215e+01,7.904597224956511070e-02
2.204166666666666430e+01,2.285630955672562359e-01
2.206250000000000000e+01,-2.547358872299176902e-01
2.208333333333333215e+01,-8.720033006489330552e-02
2.210416666666666430e+01,3.392720013820909597e-01
2.212500000000000000e+01,-3.212482959132745286e-02
2.214583333333333215e+01,-2.885463306449200793e-01
2.216666666666666430e+01,1.852990324357791652e-01
2.218750000000000000e+01,1.629591787111113743e-01
2.220833333333333215e+01,-3.236427350793121271e-01
2.222916666666666430e+01,-6.254775790919991918e-02
2.225000000000000000e+01,3.344462728947180663e-01
2.227083333333333215e+01,-5.311569044301650555e-02
2.229166666666666430e+01,-2.619042711450734195e-01
2.231250000000000000e+01,2.414941880181327716e-01
2.233333333333333215e+01,1.308679748294572787e-01
2.235416666666666430e+01,-3.691711096773696021e-01
2.237500000000000000e+01,-5.583311995528750238e-02
2.239583333333333215e+01,3.376152484329754122e-01
2.241666666666666430e+01,-5.525343589834424973e-02
2.243750000000000000e+01,-2.663874112311124809e-01
2.245833333333333215e+01,2.561379688907535757e-01
2.247916666666666430e+01,1.170348089836174554e-01
2.250000000000000000e+01,-3.705385648648242269e-01
2.252083333333333215e+01,-5.207336918357818867e-02
2.254166666666666430e+01,3.384217818391560550e-01
2.256250000000000000e+01,-5.434512768765942248e-02
2.258333333333333215e+01,-2.550466148295695845e-01
2.260416666666666430e+01,2.385557304637667131e-01
2.262500000000000000e+01,1.248126134664355735e-01
2.264583333333333215e+01,-3.630327931896562554e-01
2.266666666666666430e+01,-4.787961776996929597e-02
2.268750000000000000e+01,3.329307919893171319e-01
2.270833333333333215e+01,-6.364636307750598521e-02
2.272916666666666430e+01,-2.643041560717775962e-01
2.275000000000000000e+01,2.513806989609359555e-01
2.277083333333333215e+01,1.203075815017346506e-01
2.279166666666666430e+01,-3.616610788369394869e-01
2.281250000000000000e+01,-5.177000713451507252e-02
2.283333333333333215e+01,3.322074720536337122e-01
2.285416666666666430e+01,-6.765554240673959940e-02
2.287500000000000000e+01,-2.582247309740968166e-01
2.289583333333333215e+01,2.451486533575254478e-01
2.291666666666666430e+01,1.119211297613434408e-01
2.293750000000000000e+01,-3.630826652493452378e-01
2.295833333333333215e+01,-4.721636831246089905e-02
2.297916666666666430e+01,3.244028597987453910e-01
2.300000000000000000e+01,-8.266778775763872211e-02
2.302083333333333215e+01,-2.542772575812330960e-01
2.304166666666666430e+01,2.634303229890027076e-01
2.306250000000000000e+01,8.750819502085577239e-02
2.308333333333333215e+01,-3.700694746298914262e-01
2.310416666666666430e+01,-2.881489904110268174e-02
2.312500000000000000e+01,3.129205207488808260e-01
2.314583333333333215e+01,-1.198194980557172884e-01
2.316666666666666430e+01,-2.262351559510723531e-01
2.318750000000000000e+01,2.776015722623378923e-01
2.320833333333333215e+01,7.197434285992521108e-02
2.322916666666666430e+01,-3.526448194634052569e-01
2.325000000000000000e+01,1.227796948891790585e-02
2.327083333333333215e+01,2.732251126462382218e-01
2.329166666666666430e+01,-2.013822804642412811e-01
2.331250000000000000e+01,-1.624072101975954086e-01
2.333333333333333215e+01,3.335196340211749599e-01
2.335416666666666430e+01,5.670557493132832860e-02
2.337500000000000000e+01,-3.429334387431464681e-01
2.339583333333333215e+01,4.751897176163843994e-02
2.341666666666666430e+01,2.604250789743956518e-01
2.343750000000000000e+01,-2.291730357271350438e-01
2.345833333333333215e+01,-1.276075985844968841e-01
2.347916666666666430e+01,3.505852136594194146e-01
2.350000000000000000e+01,3.055713617837435558e-02
2.352083333333333215e+01,-3.162526553661539341e-01
2.354166666666666430e+01,1.050339406348803628e-01
2.356250000000000000e+01,2.342906547701460451e-01
2.358333333333333215e+01,-5.140901606532183310e-02
2.360416666666666430e+01,5.780386875298343385e-02
2.362500000000000000e+01,2.733030347130920301e-01
2.364583333333333215e+01,-1.530925195932264504e-02
2.366666666666666430e+01,-6.450334643962812864e-02
2.368750000000000000e+01,2.753685715768926512e-01
2.370833333333333215e+01,3.809441842396410483e-02
2.372916666666666430e+01,-1.947100995547956792e-01
2.375000000000000000e+01,2.535533621098179369e-01
2.377083333333333215e+01,1.510501094310664760e-01
2.379166666666666430e+01,-3.414820149014889950e-01
2.381250000000000000e+01,-5.271159928534441264e-03
2.383333333333333215e+01,3.714297682946516854e-01
2.385416666666666430e+01,-7.328964052712955146e-02
2.387500000000000000e+01,-2.708209444221557627e-01
2.389583333333333215e+01,2.856341031568834232e-01
2.391666666666666430e+01,1.581760158302252528e-01
2.393750000000000000e+01,-4.168132927359575191e-01
2.395833333333333215e+01,-1.693165456864472729e-01
2.397916666666666430e+01,4.286438643586292785e-01
2.400000000000000000e+01,1.738878329283002622e-01
2.402083333333333215e+01,-4.309480810154363573e-01
2.404166666666666430e+01,-1.867791874508608063e-01
2.406250000000000000e+01,4.324823244522211230e-01
2.408333333333333215e+01,1.793926378793734289e-01
2.410416666666666430e+01,-4.339556324304603141e-01
2.412500000000000000e+01,-1.766170253810291912e-01
2.414583333333333215e+01,4.220788531400734844e-01
2.416666666666666430e+01,1.524795072594526124e-01
2.418750000000000000e+01,-4.101073158800361274e-01
2.420833333333333215e+01,-1.238077484257423810e-01
2.422916666666666430e+01,3.824430812739221253e-01
2.425000000000000000e+01,6.698761217737675411e-02
2.427083333333333215e+01,-3.513562296875470947e-01
2.429166666666666430e+01,3.234444775104450276e-02
2.431250000000000000e+01,2.739343910953196959e-01
2.433333333333333215e+01,-2.169257707913513356e-01
2.435416666666666430e+01,-1.527789730805936830e-01
2.437500000000000000e+01,3.580706347758658703e-01
2.439583333333333215e+01,7.267294667596285729e-02
2.441666666666666430e+01,-3.494938391105665287e-01
2.443750000000000000e+01,1.833030848142841451e-02
2.445833333333333215e+01,2.820044960133760714e-01
2.447916666666666430e+01,-1.947039732692996961e-01
2.450000000000000000e+01,-1.555009526785149365e-01
2.452083333333333215e+01,3.211935437684889649e-01
2.454166666666666430e+01,3.942449361595304347e-02
2.456250000000000000e+01,-3.320178790724661044e-01
2.458333333333333215e+01,7.623445712723858625e-02
2.460416666666666430e+01,2.476379665474008340e-01
2.462500000000000000e+01,-2.521376552169564134e-01
2.464583333333333215e+01,-1.117129881637057287e-01
2.466666666666666430e+01,3.614464924487200692e-01
2.468750000000000000e+01,3.055805127344657368e-02
2.470833333333333215e+01,-3.213832472276715313e-01
2.472916666666666430e+01,9.184185012707068996e-02
2.475000000000000000e+01,2.376268339208294222e-01
2.477083333333333215e+01,-2.753592757414591308e-01
2.479166666666666430e+01,-8.491032622975974720e-02
2.481250000000000000e+01,3.581669742852810479e-01
2.483333333333333215e+01,-1.956013510214571482e-03
2.485416666666666430e+01,-3.025753699300510746e-01
2.487500000000000000e+01,1.576907342926965327e-01
2.489583333333333215e+01,1.877135923750199165e-01
2.491666666666666430e+01,-3.069033366882356617e-01
2.493750000000000000e+01,-6.861038211425923850e-02
2.495833333333333215e+01,3.535086617237277462e-01
2.497916666666666430e+01,-2.450768759762012028e-02
2.500000000000000000e+01,-2.814332363327174402e-01
2.502083333333333215e+01,1.924125894046672114e-01
2.504166666666666430e+01,1.627857768983995701e-01
2.506250000000000000e+01,-3.278778953385474426e-01
2.508333333333333215e+01,-4.227773366873388561e-02
2.510416666666666430e+01,3.305848016805817413e-01
2.512500000000000000e+01,-7.648084343891814463e-02
2.514583333333333215e+01,-2.518819330655204247e-01
2.516666666666666430e+01,2.511532282911569380e-01
2.518750000000000000e+01,9.542767133729943008e-02
2.520833333333333215e+01,-3.546969602649593933e-01
2.522916666666666430e+01,-1.651101226376422426e-02
2.525000000000000000e+01,3.168653304813724425e-01
2.527083333333333215e+01,-1.268033599124850919e-01
2.529166666666666430e+01,-2.211828908471689670e-01
2.531250000000000000e+01,2.894749523573640904e-01
2.533333333333333215e+01,8.704832025805653295e-02
2.535416666666666430e+01,-3.719394830223534121e-01
2.537500000000000000e+01,-1.500927518369626901e-02
2.539583333333333215e+01,3.048905544315614891e-01
2.541666666666666430e+01,-1.355041654694779107e-01
2.543750000000000000e+01,-2.116315619663346470e-01
2.545833333333333215e+01,3.046435418604213075e-01
2.547916666666666430e+01,8.294858778242264474e-02
2.550000000000000000e+01,-3.607604636130132825e-01
2.552083333333333215e+01,-3.971652110026813176e-03
2.554166666666666430e+01,3.062164121005864770e-01
2.556250000000000000e+01,-1.446468566228646391e-01
2.558333333333333215e+01,-1.922313651771052068e-01
2.560416666666666430e+01,2.977490795387378042e-01
2.562500000000000000e+01,6.519613827319556409e-02
2.564583333333333215e+01,-3.531877462206780560e-01
2.566666666666666430e+01,2.247697649512442331e-02
2.568750000000000000e+01,2.843978869621116568e-01
2.570833333333333215e+01,-1.836973302056623125e-01
2.572916666666666430e+01,-1.812990016959742379e-01
2.575000000000000000e+01,3.261217488492600958e-01
2.577083333333333215e+01,7.722446746879360613e-02
2.579166666666666430e+01,-3.453869408741713221e-01
2.581250000000000000e+01,1.321194040565076833e-02
2.583333333333333215e+01,2.843761856920740128e-01
2.585416666666666430e+01,-1.867902905708945238e-01
2.587500000000000000e+01,-1.656351262429688886e-01
2.589583333333333215e+01,3.211004093145851668e-01
2.591666666666666430e+01,5.315454324937651798e-02
2.593750000000000000e+01,-3.443760536613825196e-01
2.595833333333333215e+01,5.394513158762165306e-02
2.597916666666666430e+01,2.614695439872655736e-01
2.600000000000000000e+01,-2.430036640624221866e-01
2.602083333333333215e+01,-1.293004820731526450e-01
2.604166666666666430e+01,3.680574322387676900e-01
2.606250000000000000e+01,5.840837445888374946e-02
2.608333333333333215e+01,-3.332322070441783857e-01
2.610416666666666430e+01,4.925270678557125414e-02
2.612500000000000000e+01,2.531006524026280236e-01
2.614583333333333215e+01,-2.348117896104090496e-01
2.616666666666666430e+01,-1.045032614023996276e-01
2.618750000000000000e+01,3.324357159240644566e-01
2.620833333333333215e+01,-1.383123228911176117e-02
2.622916666666666430e+01,-2.913412392255311789e-01
2.625000000000000000e+01,1.897431947968789001e-01
2.627083333333333215e+01,1.660109142356613610e-01
2.629166666666666430e+01,-3.285880437352201033e-01
2.631250000000000000e+01,-6.536947018357419648e-02
2.633333333333333215e+01,3.430581874590256097e-01
2.635416666666666430e+01,-3.793287519650473394e-02
2.637500000000000000e+01,-2.710850272430566643e-01
2.639583333333333215e+01,2.165961984077987568e-01
2.641666666666666430e+01,1.503316444954455322e-01
2.643750000000000000e+01,-3.547087638228665352e-01
2.645833333333333215e+01,-6.970164373720016959e-02
2.647916666666666430e+01,3.472471175786810971e-01
2.650000000000000000e+01,-2.205142314499142220e-02
2.652083333333333215e+01,-2.922473423088884359e-01
2.654166666666666430e+01,1.805575898338686591e-01
2.656250000000000000e+01,1.784825198822856951e-01
2.658333333333333215e+01,-3.186710490165506338e-01
2.660416666666666430e+01,-6.636064443243350208e-02
2.662500000000000000e+01,3.481427461851678284e-01
2.664583333333333215e+01,-2.583768217198056938e-02
2.666666666666666430e+01,-2.800251593690107899e-01
2.668750000000000000e+01,2.093609106715854651e-01
2.670833333333333215e+01,1.678439028299134328e-01
2.672916666666666430e+01,-3.476035105102767142e-01
2.675000000000000000e+01,-7.015037245157917933e-02
2.677083333333333215e+01,3.597693369978746114e-01
2.679166666666666430e+01,-2.746051978894825663e-03
2.681250000000000000e+01,-2.916222988864017318e-01
2.683333333333333215e+01,1.782252144162176366e-01
2.685416666666666430e+01,1.842576873845891694e-01
2.687500000000000000e+01,-3.173018073872284628e-01
2.689583333333333215e+01,-6.274622865124196425e-02
2.691666666666666430e+01,3.513962353172331854e-01
2.693750000000000000e+01,-2.489008800247341502e-02
2.695833333333333215e+01,-2.655006297147645689e-01
2.697916666666666430e+01,2.220046872421994055e-01
2.700000000000000000e+01,1.468143872491235458e-01
2.702083333333333215e+01,-3.439968903725766913e-01
2.704166666666666430e+01,-4.470502114998570198e-02
2.706250000000000000e+01,3.364270736202071288e-01
2.708333333333333215e+01,-5.977785467775659223e-02
2.710416666666666430e+01,-2.501363825612050173e-01
2.712500000000000000e+01,2.580980723232265128e-01
2.714583333333333215e+01,1.131078261498377202e-01
2.716666666666666430e+01,-3.521012781657637536e-01
2.718750000000000000e+01,-1.766106332903993881e-02
2.720833333333333215e+01,3.129438376761879415e-01
2.722916666666666430e+01,-1.118789336432739479e-01
2.725000000000000000e+01,-2.122313347643591808e-01
2.727083333333333215e+01,2.795852763500537574e-01
2.729166666666666430e+01,5.999104497635801558e-02
2.731250000000000000e+01,-3.408161415147783480e-01
2.733333333333333215e+01,4.456156266854804926e-02
2.735416666666666430e+01,2.724395362331416548e-01
2.737500000000000000e+01,-2.365683273772166140e-01
2.739583333333333215e+01,-1.329226783626644703e-01
2.741666666666666430e+01,3.582358795259553697e-01
2.743750000000000000e+01,5.789813274371694019e-02
2.745833333333333215e+01,-3.444257006042736324e-01
2.747916666666666430e+01,4.771851936678200845e-02
2.750000000000000000e+01,2.659364729724283949e-01
2.752083333333333215e+01,-2.336714546462261011e-01
2.754166666666666430e+01,-1.310202490107746920e-01
2.756250000000000000e+01,3.580392195700798919e-01
2.758333333333333215e+01,4.189772176768091771e-02
2.760416666666666430e+01,-3.249261746643872240e-01
2.762500000000000000e+01,8.205425694949619597e-02
2.764583333333333215e+01,2.471026254919465315e-01
2.766666666666666430e+01,-2.589457704016736583e-01
2.768750000000000000e+01,-9.394424442155346888e-02
2.770833333333333215e+01,3.525702589318072677e-01
2.772916666666666430e+01,1.458815774078964234e-02
2.775000000000000000e+01,-3.063844120890553691e-01
2.777083333333333215e+01,1.347647223214294421e-01
2.779166666666666430e+01,2.017858069451528569e-01
2.781250000000000000e+01,-2.866892021848012617e-01
2.783333333333333215e+01,-5.785752531395843556e-02
2.785416666666666430e+01,3.426913523946238938e-01
2.787500000000000000e+01,-5.069875261843245773e-02
2.789583333333333215e+01,-2.624892128505030842e-01
2.791666666666666430e+01,2.385022182353034037e-01
2.793750000000000000e+01,1.371433230478165677e-01
2.795833333333333215e+01,-3.580896128688447755e-01
2.797916666666666430e+01,-5.906779532688305467e-02
2.800000000000000000e+01,3.346625923650240475e-01
2.802083333333333215e+01,-4.491376472829330946e-02
2.804166666666666430e+01,-2.703250883638974034e-01
2.806250000000000000e+01,2.391749793241288724e-01
2.808333333333333215e+01,1.346984420243793890e-01
2.810416666666666430e+01,-3.638582281372194638e-01
2.812500000000000000e+01,-7.075229379154673870e-02
2.814583333333333215e+01,3.556607865284180936e-01
2.816666666666666430e+01,-1.559901041346747896e-02
2.818750000000000000e+01,-2.872880696861359606e-01
2.820833333333333215e+01,1.769252826026427861e-01
2.822916666666666430e+01,1.777752068789466289e-01
2.825000000000000000e+01,-3.199484295828639580e-01
2.827083333333333215e+01,-6.973527837909332394e-02
2.829166666666666430e+01,3.377495003251068661e-01
2.831250000000000000e+01,-3.028141837589926055e-02
2.833333333333333215e+01,-2.799753431419196303e-01
2.835416666666666430e+01,2.121534927296046535e-01
2.837500000000000000e+01,1.521352941546887383e-01
2.839583333333333215e+01,-3.428302462222846403e-01
2.841666666666666430e+01,-6.747964396711558788e-02
2.843750000000000000e+01,3.557044410612017482e-01
2.845833333333333215e+01,-1.262417031328236239e-02
2.847916666666666430e+01,-2.948895128780052444e-01
2.850000000000000000e+01,1.626021983871928644e-01
2.852083333333333215e+01,1.964786923215006420e-01
2.854166666666666430e+01,-3.206760273898837665e-01
2.856250000000000000e+01,-8.603738678186989564e-02
2.858333333333333215e+01,3.579720790323438484e-01
2.860416666666666430e+01,5.674174638757856215e-03
2.862500000000000000e+01,-3.060081724600633990e-01
2.864583333333333215e+01,1.459701706724423897e-01
2.866666666666666430e+01,1.946245780641950862e-01
2.868750000000000000e+01,-2.971452461014807422e-01
2.870833333333333215e+01,-6.111610776881953866e-02
2.872916666666666430e+01,3.482505758952266772e-01
2.875000000000000000e+01,-4.166664542291559359e-02
2.877083333333333215e+01,-2.656916663895960706e-01
2.879166666666666430e+01,2.366651025244373707e-01
2.881250000000000000e+01,1.412320080861120264e-01
2.883333333333333215e+01,-3.654258242475519891e-01
2.885416666666666430e+01,-6.605041723315124846e-02
2.887500000000000000e+01,3.427993764298953305e-01
2.889583333333333215e+01,-2.975760791674847416e-02
2.891666666666666430e+01,-2.679046767299123055e-01
2.893750000000000000e+01,2.208790492971021979e-01
2.895833333333333215e+01,1.327907772366863082e-01
2.897916666666666430e+01,-3.323406793224477074e-01
2.900000000000000000e+01,-1.890578768400114074e-02
2.902083333333333215e+01,3.182607968292341383e-01
2.904166666666666430e+01,-1.117566070893674657e-01
2.906250000000000000e+01,-2.155217774648765794e-01
2.908333333333333215e+01,2.836673158159737085e-01
2.910416666666666430e+01,8.628184304419428408e-02
2.912500000000000000e+01,-3.524293112612538748e-01
2.914583333333333215e+01,7.844718958440244361e-03
2.916666666666666430e+01,3.050267774211316563e-01
2.918750000000000000e+01,-1.650158076644354099e-01
2.920833333333333215e+01,-1.839076846906618767e-01
2.922916666666666430e+01,3.120782800791236378e-01
2.925000000000000000e+01,6.065331007873925317e-02
2.927083333333333215e+01,-3.546091996252942469e-01
2.929166666666666430e+01,2.606269616628675845e-02
2.931250000000000000e+01,2.672078733279917850e-01
2.933333333333333215e+01,-2.303116950949457564e-01
2.935416666666666430e+01,-1.491849111228772951e-01
2.937500000000000000e+01,3.480637141045516136e-01
2.939583333333333215e+01,4.905756840548891606e-02
2.941666666666666430e+01,-3.471977217005817740e-01
2.943750000000000000e+01,3.223512187742966217e-02
2.945833333333333215e+01,2.651914969427850988e-01
2.947916666666666430e+01,-2.296449750942758383e-01
2.950000000000000000e+01,-1.542579658792339048e-01
2.952083333333333215e+01,3.401478532664644616e-01
2.954166666666666430e+01,4.787667943372914126e-02
2.956250000000000000e+01,-3.457888592275035755e-01
2.958333333333333215e+01,4.751162949896392540e-02
2.960416666666666430e+01,2.534940314511494042e-01
2.962500000000000000e+01,-2.439731858186582891e-01
2.964583333333333215e+01,-1.268522984510211948e-01
2.966666666666666430e+01,3.619348961087185956e-01
2.968750000000000000e+01,4.095212372677675683e-02
2.970833333333333215e+01,-3.419775239795471711e-01
2.972916666666666430e+01,5.067137394755943935e-02
2.975000000000000000e+01,2.627899474144478886e-01
2.977083333333333215e+01,-2.409746900347389809e-01
2.979166666666666430e+01,-1.351207455230591936e-01
2.981250000000000000e+01,3.527765404080818734e-01
2.983333333333333215e+01,4.446299522462865417e-02
2.985416666666666430e+01,-3.433998501014470794e-01
2.987500000000000000e+01,5.459340639873799805e-02
2.989583333333333215e+01,2.549605093126968702e-01
2.991666666666666430e+01,-2.490673643542885840e-01
2.993750000000000000e+01,-1.273114380763810116e-01
2.995833333333333215e+01,3.699566476636957368e-01
2.997916666666666430e+01,5.913710079348455384e-02
3.000000000000000000e+01,-3.514487768021707370e-01
3.002083333333333215e+01,1.703369446512781327e-02
3.004166666666666430e+01,2.862682018405304230e-01
3.006250000000000000e+01,-1.928650054679489356e-01
3.008333333333333215e+01,-1.743739874736973117e-01
3.010416666666666430e+01,3.285532287664981177e-01
3.012500000000000000e+01,6.677931547243354249e-02
3.014583333333333215e+01,-3.490969690831783323e-01
3.016666666666666430e+01,2.268348058848246307e-02
3.018750000000000000e+01,2.768709987798710914e-01
3.020833333333333215e+01,-2.069297371202667435e-01
3.022916666666666430e+01,-1.700666249782195050e-01
3.025000000000000000e+01,3.506506505493209302e-01
3.027083333333333215e+01,9.140127871344438937e-02
3.029166666666666430e+01,-3.715449852494230876e-01
3.031250000000000000e+01,-4.107646800610731397e-02
3.033333333333333215e+01,3.255053417203456756e-01
3.035416666666666430e+01,-8.340190415151443881e-02
3.037500000000000000e+01,-2.508567275200836999e-01
3.039583333333333215e+01,2.671942820706623700e-01
3.041666666666666430e+01,9.594459334145771789e-02
3.043750000000000000e+01,-3.740661519916699262e-01
3.045833333333333215e+01,-3.696432067587390735e-02
3.047916666666666430e+01,3.249040800118906946e-01
3.050000000000000000e+01,-8.907837639799220941e-02
3.052083333333333215e+01,-2.380307273314235528e-01
3.054166666666666430e+01,2.666576883692984845e-01
3.056250000000000000e+01,9.452226081359688115e-02
3.058333333333333215e+01,-3.598891225623995216e-01
3.060416666666666430e+01,-1.461169564713798996e-02
3.062500000000000000e+01,3.016469243715468318e-01
3.064583333333333215e+01,-1.339171408054604107e-01
3.066666666666666430e+01,-2.087989727390849870e-01
3.068750000000000000e+01,2.978211144563233659e-01
3.070833333333333215e+01,7.349375911155670016e-02
3.072916666666666430e+01,-3.595797506503105034e-01
3.075000000000000000e+01,3.487298031322916270e-03
3.077083333333333215e+01,2.928268097206600529e-01
3.079166666666666430e+01,-1.713469448885193147e-01
3.081250000000000000e+01,-1.887741114030676570e-01
3.083333333333333215e+01,3.142252524599712937e-01
3.085416666666666430e+01,7.623513739779463894e-02
3.087500000000000000e+01,-3.543686924003600081e-01
3.089583333333333215e+01,1.774056984414518201e-03
3.091666666666666430e+01,2.819298481642116827e-01
3.093750000000000000e+01,-1.784340884829147544e-01
3.095833333333333215e+01,-1.816365793602909284e-01
3.097916666666666430e+01,3.208341461454649601e-01
3.100000000000000000e+01,5.396179641011228378e-02
3.102083333333333215e+01,-3.453855452626412026e-01
3.104166666666666430e+01,3.989932167661114359e-02
3.106250000000000000e+01,2.646334279246443377e-01
3.108333333333333215e+01,-2.162474878280615243e-01
3.110416666666666430e+01,-1.755029900073247218e-01
3.112500000000000000e+01,3.299179103240869604e-01
3.114583333333333215e+01,6.450293900336739883e-02
3.116666666666666430e+01,-3.706003969950386612e-01
3.118750000000000000e+01,-1.916552694467305029e-02
3.120833333333333215e+01,2.991111570120402741e-01
3.122916666666666430e+01,-1.391797984738202820e-01
3.125000000000000000e+01,-2.246608985918001067e-01
3.127083333333333215e+01,2.769782496650125547e-01
3.129166666666666430e+01,7.954557161842029656e-02
3.131250000000000000e+01,-3.530053104375487916e-01
3.133333333333333215e+01,4.152265850618008791e-03
3.135416666666666430e+01,2.749514587719364411e-01
3.137500000000000000e+01,-1.814803314943062018e-01
3.139583333333333215e+01,-1.689585726797787624e-01
3.141666666666666430e+01,3.238088897190486981e-01
3.143750000000000000e+01,6.233494713442228052e-02
3.145833333333333215e+01,-3.392855013050321555e-01
3.147916666666666430e+01,4.574232247218362746e-02
3.150000000000000000e+01,2.795874992663088254e-01
3.152083333333333215e+01,-2.134509044027195213e-01
3.154166666666666430e+01,-1.450724159063509489e-01
3.156250000000000000e+01,3.456898161994135799e-01
3.158333333333333215e+01,7.207174908290236992e-02
3.160416666666666430e+01,-3.446691431643120751e-01
3.162500000000000000e+01,2.836292265702916593e-02
3.164583333333333215e+01,2.903481408472722292e-01
3.166666666666666430e+01,-1.831069496330203772e-01
3.168750000000000000e+01,-1.710877777809756140e-01
3.170833333333333215e+01,3.277489397491572531e-01
3.172916666666666430e+01,7.887012370494372870e-02
3.175000000000000000e+01,-3.405248895031494638e-01
3.177083333333333215e+01,2.995956618713646602e-02
3.179166666666666430e+01,2.931461013665957460e-01
3.181250000000000000e+01,-1.844122035402886439e-01
3.183333333333333215e+01,-1.586190259137914560e-01
3.185416666666666430e+01,3.298826051649719204e-01
3.187500000000000000e+01,7.071029014160101767e-02
3.189583333333333215e+01,-3.420975391511794084e-01
3.191666666666666430e+01,4.132588691206839915e-02
3.193750000000000000e+01,2.808114653549276807e-01
3.195833333333333215e+01,-2.005101279176113027e-01
3.197916666666666430e+01,-1.542771038698151909e-01
3.200000000000000000e+01,3.343646508049793464e-01
3.202083333333332860e+01,6.613474096452653939e-02
3.204166666666666430e+01,-3.441684857304649348e-01
3.206250000000000000e+01,3.649030520767854169e-02
3.208333333333332860e+01,2.861783518170395446e-01
3.210416666666666430e+01,-2.033015401244926967e-01
3.212500000000000000e+01,-1.540455262714797158e-01
3.214583333333332860e+01,3.462017981754645368e-01
3.216666666666666430e+01,7.345096045127458284e-02
3.218750000000000000e+01,-3.385708332473897353e-01
3.220833333333332860e+01,3.998396263701597952e-02
3.222916666666666430e+01,2.759543012560958797e-01
3.225000000000000000e+01,-2.158540072212586924e-01
3.227083333333332860e+01,-1.399955517077275391e-01
3.229166666666666430e+01,3.490227780444689620e-01
3.231250000000000000e+01,6.548839077951318366e-02
3.233333333333332860e+01,-3.395958727583777703e-01
3.235416666666666430e+01,5.573564445330747574e-02
3.237500000000000000e+01,2.711706232743315570e-01
3.239583333333332860e+01,-2.354297728253621491e-01
3.241666666666666430e+01,-1.268699045260087699e-01
3.243750000000000000e+01,3.696116606386554149e-01
3.245833333333332860e+01,6.614289715809057446e-02
3.247916666666666430e+01,-3.366687136240942291e-01
3.250000000000000000e+01,4.930494752494962718e-02
3.252083333333332860e+01,2.709196068531983248e-01
3.254166666666666430e+01,-2.287624718825589931e-01
3.256250000000000000e+01,-1.297938918455696089e-01
3.258333333333332860e+01,3.498135401038758863e-01
3.260416666666666430e+01,4.254849425277590358e-02
3.262500000000000000e+01,-3.236658718761128983e-01
3.264583333333332860e+01,1.015197196174029703e-01
3.266666666666666430e+01,2.359906083129827414e-01
3.268750000000000000e+01,-2.711794370348956096e-01
3.270833333333332860e+01,-7.567135347730585826e-02
3.272916666666666430e+01,3.555225238095487961e-01
3.275000000000000000e+01,-6.524549356122733013e-03
3.277083333333332860e+01,-2.921555846761656472e-01
3.279166666666666430e+01,1.720720418748986624e-01
3.281250000000000000e+01,1.778564721065376830e-01
3.283333333333332860e+01,-3.144629114818392468e-01
3.285416666666666430e+01,-6.098029166108392962e-02
3.287500000000000000e+01,3.498452016569545409e-01
3.289583333333332860e+01,-4.182789332198572074e-02
3.291666666666666430e+01,-2.691891009333762796e-01
3.293750000000000000e+01,2.319910636022962658e-01
3.295833333333332860e+01,1.423597439599067482e-01
3.297916666666666430e+01,-3.614058491806017015e-01
3.300000000000000000e+01,-6.596989817853576854e-02
3.302083333333332860e+01,3.403466606806191397e-01
3.304166666666666430e+01,-3.240502452467758365e-02
3.306250000000000000e+01,-2.714686034410440651e-01
3.308333333333332860e+01,2.150418648188204274e-01
3.310416666666666430e+01,1.374968913791995706e-01
3.312500000000000000e+01,-3.390883750764306925e-01
3.314583333333332860e+01,-4.214917924921435244e-02
3.316666666666666430e+01,3.246134024658888229e-01
3.318750000000000000e+01,-8.642637233947453312e-02
3.320833333333332860e+01,-2.478503084146171931e-01
3.322916666666666430e+01,2.600260541024191907e-01
3.325000000000000000e+01,9.207475312406215862e-02
3.327083333333332860e+01,-3.687794859970391914e-01
3.329166666666666430e+01,-2.984864704674394797e-02
3.331250000000000000e+01,3.011144908311225166e-01
3.333333333333332860e+01,-1.225030032573311556e-01
3.335416666666666430e+01,-2.146184628208929746e-01
3.337500000000000000e+01,2.768992602559248173e-01
3.339583333333332860e+01,4.433786204931938757e-02
3.341666666666666430e+01,-3.400958526249804326e-01
3.343750000000000000e+01,5.178658157949206364e-02
3.345833333333332860e+01,2.579046891957069709e-01
3.347916666666666430e+01,-2.422038622688720277e-01
3.350000000000000000e+01,-1.287063590552188774e-01
3.352083333333332860e+01,3.563265833427138318e-01
3.354166666666666430e+01,4.270435715380271890e-02
3.356250000000000000e+01,-3.413060990832931241e-01
3.358333333333332860e+01,5.523297858392978155e-02
3.360416666666666430e+01,2.476617616411144196e-01
3.362500000000000000e+01,-2.410762459829215998e-01
3.364583333333332860e+01,-1.134163308242670531e-01
3.366666666666666430e+01,3.461645613127843912e-01
3.368750000000000000e+01,3.183317642644123424e-03
3.370833333333332860e+01,-3.099137371554378517e-01
3.372916666666666430e+01,1.300982901460092656e-01
3.375000000000000000e+01,2.022350552197217377e-01
3.377083333333332860e+01,-2.949627973138740922e-01
3.379166666666666430e+01,-7.634465611769791771e-02
3.381250000000000000e+01,3.378463258861694185e-01
3.383333333333332860e+01,-3.641192640017842930e-02
3.385416666666666430e+01,-2.744709864844993019e-01
3.387500000000000000e+01,2.108576947540498625e-01
3.389583333333332860e+01,1.420515371719374143e-01
3.391666666666666430e+01,-3.416900990678663486e-01
3.393750000000000000e+01,-5.159322049627607099e-02
3.395833333333332860e+01,3.295755958122896789e-01
3.397916666666666430e+01,-7.795488657115062781e-02
3.400000000000000000e+01,-2.526266260583870937e-01
3.402083333333332860e+01,2.542713054269038486e-01
3.404166666666666430e+01,9.961892282913148433e-02
3.406250000000000000e+01,-3.638645927684944770e-01
3.408333333333332860e+01,-3.088272181351636725e-02
3.410416666666666430e+01,3.166957945385177053e-01
3.412500000000000000e+01,-1.049630621314349144e-01
3.414583333333332860e+01,-2.304870252776014539e-01
3.416666666666666430e+01,2.725961837614434558e-01
3.418750000000000000e+01,7.386634920066631471e-02
3.420833333333332860e+01,-3.569706210887678699e-01
3.422916666666666430e+01,1.098235585546269988e-02
3.425000000000000000e+01,2.900165344216159014e-01
3.427083333333332860e+01,-1.729372375203649947e-01
3.429166666666666430e+01,-1.876431980962970369e-01
3.431250000000000000e+01,3.335360710622613523e-01
3.433333333333332860e+01,9.854302005992771063e-02
3.435416666666666430e+01,-3.727639412936054608e-01
3.437500000000000000e+01,-4.294328321769008694e-02
3.439583333333332860e+01,3.381598714374302039e-01
3.441666666666666430e+01,-6.665515824706147452e-02
3.443750000000000000e+01,-2.527928884203889393e-01
3.445833333333332860e+01,2.509612371974372369e-01
3.447916666666666430e+01,1.135740229565791459e-01
3.450000000000000000e+01,-3.686603476482133157e-01
3.452083333333332860e+01,-3.752117921179370930e-02
3.454166666666666430e+01,3.289607294399594095e-01
3.456250000000000000e+01,-7.981329684854993056e-02
3.458333333333332860e+01,-2.509136155691323311e-01
3.460416666666666430e+01,2.700488827436742789e-01
3.462500000000000000e+01,9.802249732914597447e-02
3.464583333333332860e+01,-3.660654649193282872e-01
3.466666666666666430e+01,-2.327866192072541862e-02
3.468750000000000000e+01,3.218621212575860091e-01
3.470833333333332860e+01,-1.102471724659627728e-01
3.472916666666666430e+01,-2.196215306207602302e-01
3.475000000000000000e+01,2.791458032761293118e-01
3.477083333333332860e+01,7.488674668146327873e-02
3.479166666666666430e+01,-3.551225855271152310e-01
3.481250000000000000e+01,1.671689676667181823e-02
3.483333333333332860e+01,2.818172596847590139e-01
3.485416666666666430e+01,-1.852717508431671600e-01
3.487500000000000000e+01,-1.661645909078341421e-01
3.489583333333332860e+01,3.286798703915831399e-01
3.491666666666666430e+01,5.983718858248671113e-02
3.493750000000000000e+01,-3.332124414385415068e-01
3.495833333333332860e+01,5.576918086445009637e-02
3.497916666666666430e+01,2.666618047877577502e-01
3.500000000000000000e+01,-2.551395019351399562e-01
3.502083333333332860e+01,-1.189300783377107429e-01
3.504166666666666430e+01,3.685788440506355124e-01
3.506250000000000000e+01,5.282120002257545410e-02
3.508333333333332860e+01,-3.375988602093499269e-01
3.510416666666666430e+01,5.289082477514195357e-02
3.512500000000000000e+01,2.506927129597606441e-01
3.514583333333332860e+01,-2.326671025879215593e-01
3.516666666666666430e+01,-1.209706583955287296e-01
3.518750000000000000e+01,3.497825876815170432e-01
3.520833333333332860e+01,3.503786776449174800e-02
3.522916666666666430e+01,-3.226710363126505943e-01
3.525000000000000000e+01,9.042772224215456234e-02
3.527083333333332860e+01,2.487769264546084158e-01
3.529166666666666430e+01,-2.730327410575360547e-01
3.531250000000000000e+01,-9.365217991605084835e-02
3.533333333333332860e+01,3.668893166312227616e-01
3.535416666666666430e+01,2.590692882061490510e-02
3.537500000000000000e+01,-3.168993673525085097e-01
3.539583333333332860e+01,1.093896035729966520e-01
3.541666666666666430e+01,2.190918034948385884e-01
3.543750000000000000e+01,-2.687252801573287164e-01
3.545833333333332860e+01,-6.279557062137985923e-02
3.547916666666666430e+01,3.528341779157060376e-01
3.550000000000000000e+01,-2.264542536683755714e-02
3.552083333333332860e+01,-2.842467540726950626e-01
3.554166666666666430e+01,1.870802937421283674e-01
3.556250000000000000e+01,1.827184099761554048e-01
3.558333333333332860e+01,-3.337847981733855218e-01
3.560416666666666430e+01,-8.363975947821739032e-02
3.562500000000000000e+01,3.551185784780733212e-01
3.564583333333332860e+01,1.820083741827238644e-03
3.566666666666666430e+01,-2.997681648073032834e-01
3.568750000000000000e+01,1.554746875087616442e-01
3.570833333333332860e+01,1.843389934105301720e-01
3.572916666666666430e+01,-2.995890929928685109e-01
3.575000000000000000e+01,-4.739188275898742475e-02
3.577083333333332860e+01,3.353921158775906020e-01
3.579166666666666430e+01,-7.590755465280663028e-02
3.581250000000000000e+01,-2.448615930870586821e-01
3.583333333333332860e+01,2.581588650274381780e-01
3.585416666666666430e+01,1.010968856056164711e-01
3.587500000000000000e+01,-3.613183167916416139e-01
3.589583333333332860e+01,-2.428312701483309466e-02
3.591666666666666430e+01,3.091429233219348816e-01
3.593750000000000000e+01,-1.119272444681475021e-01
3.595833333333332860e+01,-2.230639383542465382e-01
3.597916666666666430e+01,2.859851436495304822e-01
3.600000000000000000e+01,7.699076043594266228e-02
3.602083333333332860e+01,-3.511347074485296482e-01
3.604166666666666430e+01,2.014406993360784437e-02
3.606250000000000000e+01,2.888359223119288943e-01
3.608333333333332860e+01,-1.948581587709703467e-01
3.610416666666666430e+01,-1.609570572533101651e-01
3.612500000000000000e+01,3.331799065264482440e-01
3.614583333333332860e+01,6.443366754213142311e-02
3.616666666666666430e+01,-3.505665792606179054e-01
3.618750000000000000e+01,3.403942987445007784e-02
3.620833333333332860e+01,2.718167605879703852e-01
3.622916666666666430e+01,-2.165412558829148959e-01
3.625000000000000000e+01,-1.447433419529333687e-01
3.627083333333332860e+01,3.434421229161151445e-01
3.629166666666666430e+01,4.157920659153585552e-02
3.631250000000000000e+01,-3.302079670172367032e-01
3.633333333333332860e+01,7.465052345328831995e-02
3.635416666666666430e+01,2.539901867453028261e-01
3.637500000000000000e+01,-2.687399417516052047e-01
3.639583333333332860e+01,-9.796590345919709009e-02
3.641666666666666430e+01,3.706027900711747480e-01
3.643750000000000000e+01,3.077495017158271562e-02
3.645833333333332860e+01,-3.249601527758202435e-01
3.647916666666666430e+01,9.767062326979797371e-02
3.650000000000000000e+01,2.258891084079631684e-01
3.652083333333332860e+01,-2.640375370847853898e-01
3.654166666666666430e+01,-6.155915365933406491e-02
3.656250000000000000e+01,3.430566477813787318e-01
3.658333333333332860e+01,-4.318661433758508306e-02
3.660416666666666430e+01,-2.612905265050728398e-01
3.662500000000000000e+01,2.375174952772347581e-01
3.664583333333332860e+01,1.389946462797465587e-01
3.666666666666666430e+01,-3.556483791989875631e-01
3.668750000000000000e+01,-5.582714542920380607e-02
3.670833333333332860e+01,3.504649240364436924e-01
3.672916666666666430e+01,-2.368642887494382121e-02
3.675000000000000000e+01,-2.786295463072957501e-01
3.677083333333332860e+01,2.060582190549707371e-01
3.679166666666666430e+01,1.129916901857818123e-01
3.681250000000000000e+01,-4.016663711019299865e-01
3.683333333333332860e+01,-8.017199423268345226e-02
3.685416666666666430e+01,3.603778571798278429e-01
3.687500000000000000e+01,-3.269693189957184609e-02
3.689583333333332860e+01,-3.402118934751827140e-01
3.691666666666666430e+01,1.632464096160548550e-01
3.693750000000000000e+01,2.344928116400045726e-01
3.695833333333332860e+01,-3.726302113120927850e-01
3.697916666666666430e+01,-2.375570293434421387e-01
3.700000000000000000e+01,4.837052563317305598e-01
3.702083333333332860e+01,3.711241841481306980e-01
3.704166666666666430e+01,-3.928469709643708785e-01
3.706250000000000000e+01,-2.873563802303397141e-01
3.708333333333332860e+01,4.906210521939716740e-01
3.710416666666666430e+01,3.903640775860666157e-01
3.712500000000000000e+01,-3.628668510571458894e-01
3.714583333333332860e+01,-2.212778634909846054e-01
3.716666666666666430e+01,4.742422771385055302e-01
3.718750000000000000e+01,2.978056015081456676e-01
3.720833333333332860e+01,-4.557073060592511382e-01
3.722916666666666430e+01,-2.958420861877020802e-01
3.725000000000000000e+01,4.719839167871122676e-01
3.727083333333332860e+01,3.262107479428223433e-01
3.729166666666666430e+01,-4.233009911330894437e-01
3.731250000000000000e+01,-2.450039849686470594e-01
3.733333333333332860e+01,4.828932873824748340e-01
3.735416666666666430e+01,2.940488355814934174e-01
3.737500000000000000e+01,-4.524564560595739082e-01
3.739583333333332860e+01,-2.795195641073818793e-01
3.741666666666666430e+01,4.786551186420070492e-01
3.743750000000000000e+01,3.170958459457012824e-01
3.745833333333332860e+01,-4.256342112551569912e-01
3.747916666666666430e+01,-2.660595496554721828e-01
3.750000000000000000e+01,4.900779727944972186e-01
3.752083333333332860e+01,3.284342736054530754e-01
3.754166666666666430e+01,-4.219987908209131278e-01
3.756250000000000000e+01,-2.697809963790485099e-01
3.758333333333332860e+01,4.901669600946769734e-01
3.760416666666666430e+01,3.425092952965044790e-01
3.762500000000000000e+01,-4.119021394660592472e-01
3.764583333333332860e+01,-2.702316149416668645e-01
3.766666666666666430e+01,4.929781161123574229e-01
3.768750000000000000e+01,3.424747831570775780e-01
3.770833333333332860e+01,-4.103132230630416322e-01
3.772916666666666430e+01,-2.592902489847875303e-01
3.775000000000000000e+01,4.880013958068846192e-01
3.777083333333332860e+01,3.202889176393904358e-01
3.779166666666666430e+01,-4.310902842177022354e-01
3.781250000000000000e+01,-2.744073301771701168e-01
3.783333333333332860e+01,4.825313150459195066e-01
3.785416666666666430e+01,3.244683626435328483e-01
3.787500000000000000e+01,-4.229284354680842295e-01
3.789583333333332860e+01,-2.680051766001239066e-01
3.791666666666666430e+01,4.909807258990694367e-01
3.793750000000000000e+01,3.319831359580334151e-01
3.795833333333332860e+01,-4.189451972017342873e-01
3.797916666666666430e+01,-2.651768280369753983e-01
3.800000000000000000e+01,4.909311915009234584e-01
3.802083333333332860e+01,3.379228065337654408e-01
3.804166666666666430e+01,-4.105389790666743033e-01
3.806250000000000000e+01,-2.617369438522097469e-01
3.808333333333332860e+01,4.884941237563874550e-01
3.810416666666666430e+01,3.285801706306702430e-01
3.812500000000000000e+01,-4.237052601800436746e-01
3.814583333333332860e+01,-2.753360563468192357e-01
3.816666666666666430e+01,4.855100405944461350e-01
3.818750000000000000e+01,3.336222554133223550e-01
3.820833333333332860e+01,-4.183145689842737158e-01
3.822916666666666430e+01,-2.706058668644232279e-01
3.825000000000000000e+01,4.903966167562280321e-01
3.827083333333332860e+01,3.398788607662618921e-01
3.829166666666666430e+01,-4.117500164995981371e-01
3.831250000000000000e+01,-2.650417671991927016e-01
3.833333333333332860e+01,4.884026083054204825e-01
3.835416666666666430e+01,3.369555680351170035e-01
3.837500000000000000e+01,-4.161121001433051303e-01
3.839583333333332860e+01,-2.752728972693713194e-01
3.841666666666666430e+01,4.873585080875378894e-01
3.843750000000000000e+01,3.454483987763281028e-01
3.845833333333332860e+01,-4.134229314440642233e-01
3.847916666666666430e+01,-2.760718107913061048e-01
3.850000000000000000e+01,4.828965211929331924e-01
3.852083333333332860e+01,3.333709080015215265e-01
3.854166666666666430e+01,-4.178824330073876991e-01
3.856250000000000000e+01,-2.730168919045275477e-01
3.858333333333332860e+01,4.891056174331698814e-01
3.860416666666666430e+01,3.394822448937483417e-01
3.862500000000000000e+01,-4.134885172591779012e-01
3.864583333333332860e+01,-2.667983908995215647e-01
3.866666666666666430e+01,4.945427711794241898e-01
3.868750000000000000e+01,3.429809624154697145e-01
3.870833333333332860e+01,-4.093955065453863118e-01
3.872916666666666430e+01,-2.610768899679683508e-01
3.875000000000000000e+01,4.927054138541193673e-01
3.877083333333332860e+01,3.350312730578797193e-01
3.879166666666666430e+01,-4.170979097218614484e-01
3.881250000000000000e+01,-2.675498523972669740e-01
3.883333333333332860e+01,4.910705214185551726e-01
3.885416666666666430e+01,3.412074518686905034e-01
3.887500000000000000e+01,-4.083537063050618476e-01
3.889583333333332860e+01,-2.574440616934544623e-01
3.891666666666666430e+01,4.913632033205950211e-01
3.893750000000000000e+01,3.262142236168666942e-01
3.895833333333332860e+01,-4.256165112822958285e-01
3.897916666666666430e+01,-2.725053847811066410e-01
3.900000000000000000e+01,4.837791822038903788e-01
3.902083333333332860e+01,3.267672566393008404e-01
3.904166666666666430e+01,-4.239035013341695413e-01
3.906250000000000000e+01,-2.713893690925027746e-01
3.908333333333332860e+01,4.884757261971980347e-01
3.910416666666666430e+01,3.299730551677821921e-01
3.912500000000000000e+01,-4.214655912717845121e-01
3.914583333333332860e+01,-2.664124421927474007e-01
3.916666666666666430e+01,4.924609677282343334e-01
3.918750000000000000e+01,3.345449890323336506e-01
3.920833333333332860e+01,-4.145853561614352145e-01
3.922916666666666430e+01,-2.585135893737587898e-01
3.925000000000000000e+01,4.862881595870689466e-01
3.927083333333332860e+01,3.170817136396694158e-01
3.929166666666666430e+01,-4.322767391486672661e-01
3.931250000000000000e+01,-2.745799126577035398e-01
3.933333333333332860e+01,4.836240835718927933e-01
3.935416666666666430e+01,3.268092106230625626e-01
3.937500000000000000e+01,-4.195265836717146923e-01
3.939583333333332860e+01,-2.616179268493374899e-01
3.941666666666666430e+01,4.806398694010356465e-01
3.943750000000000000e+01,3.080567770519553328e-01
3.945833333333332860e+01,-4.435978747974848035e-01
3.947916666666666430e+01,-2.944037053930619319e-01
3.950000000000000000e+01,4.658150931809260653e-01
3.952083333333332860e+01,3.183933031449337481e-01
3.954166666666666430e+01,-4.391009369902163506e-01
3.956250000000000000e+01,-3.005015630205095656e-01
3.958333333333332860e+01,4.605871510450142425e-01
3.960416666666666430e+01,3.100025654699083422e-01
3.962500000000000000e+01,-4.426297254002304893e-01
3.964583333333332860e+01,-2.946276529944737987e-01
3.966666666666666430e+01,4.643633774914500689e-01
3.968750000000000000e+01,3.150960503404754975e-01
3.970833333333332860e+01,-4.344793718535164828e-01
3.972916666666666430e+01,-2.828184234488070325e-01
3.975000000000000000e+01,4.799784028905965672e-01
3.977083333333332860e+01,3.226772615758162210e-01
3.979166666666666430e+01,-4.288834066969784420e-01
3.981250000000000000e+01,-2.734702703831055626e-01
3.983333333333332860e+01,4.815530531285125981e-01
3.985416666666666430e+01,3.205678187381413302e-01
3.987500000000000000e+01,-4.307738241429699411e-01
3.989583333333332860e+01,-2.798235819432572935e-01
3.991666666666666430e+01,4.800776780385385134e-01
3.993750000000000000e+01,3.275389251876510421e-01
3.995833333333332860e+01,-4.241305694885704192e-01
3.997916666666666430e+01,-2.779628375095394288e-01
4.000000000000000000e+01,4.817727947080966411e-01
4.002083333333332860e+01,3.368361096395187104e-01
4.004166666666666430e+01,-4.192612046721668762e-01
4.006250000000000000e+01,-2.776982980613966756e-01
4.008333333333332860e+01,4.888219847005941254e-01
4.010416666666666430e+01,3.409306177726609821e-01
4.012500000000000000e+01,-4.124322695138782358e-01
4.014583333333332860e+01,-2.635774129795895870e-01
4.016666666666666430e+01,4.930330382038237147e-01
4.018750000000000000e+01,3.321903608683298703e-01
4.020833333333332860e+01,-4.196763361537318993e-01
4.022916666666666430e+01,-2.625085696715001582e-01
4.025000000000000000e+01,4.839175741221355409e-01
4.027083333333332860e+01,3.166802633252179255e-01
4.029166666666666430e+01,-4.332746144727825932e-01
4.031250000000000000e+01,-2.829587402541955399e-01
4.033333333333332860e+01,4.767131652249603224e-01
4.035416666666666430e+01,3.269893198705118298e-01
4.037500000000000000e+01,-4.311812732069641996e-01
4.039583333333332860e+01,-2.897734308664567937e-01
4.041666666666666430e+01,4.666724344408306191e-01
4.043750000000000000e+01,3.114368307137271863e-01
4.045833333333332860e+01,-4.452739545881083671e-01
4.047916666666666430e+01,-3.011202155222236776e-01
4.050000000000000000e+01,4.567269679383760828e-01
4.052083333333332860e+01,3.059766903701393037e-01
4.054166666666666430e+01,-4.426252799376597657e-01
4.056250000000000000e+01,-2.906559089765277104e-01
4.058333333333332860e+01,4.725243500985008005e-01
4.060416666666666430e+01,3.186258705276570069e-01
4.062500000000000000e+01,-4.321540202623883609e-01
4.064583333333332860e+01,-2.807687825952731586e-01
4.066666666666666430e+01,4.791299598694604978e-01
4.068750000000000000e+01,3.277757145428699115e-01
4.070833333333332860e+01,-4.209925074539326850e-01
4.072916666666666430e+01,-2.701760292669284080e-01
4.075000000000000000e+01,4.903008042285983414e-01
4.077083333333332860e+01,3.335669776828091848e-01
4.079166666666666430e+01,-4.181645622677818697e-01
4.081250000000000000e+01,-2.644241822369723938e-01
4.083333333333332860e+01,4.904673998502508958e-01
4.085416666666666430e+01,3.275440366968036532e-01
4.087500000000000000e+01,-4.234613750313098723e-01
4.089583333333332860e+01,-2.670593983442191011e-01
4.091666666666666430e+01,4.913616977044779066e-01
4.093750000000000000e+01,3.351765154889119191e-01
4.095833333333332860e+01,-4.118965827710567851e-01
4.097916666666666430e+01,-2.555537073478222343e-01
4.100000000000000000e+01,4.792239818315271460e-01
4.102083333333332860e+01,3.038250839843568141e-01
4.104166666666666430e+01,-4.468091925603610015e-01
4.106250000000000000e+01,-2.981035598362182792e-01
4.108333333333332860e+01,4.628779247117729145e-01
4.110416666666666430e+01,3.183178382665141637e-01
4.112500000000000000e+01,-4.413110294872788497e-01
4.114583333333332860e+01,-3.055282192481991732e-01
4.116666666666666430e+01,4.476802294691928363e-01
4.118750000000000000e+01,2.980091255786299076e-01
4.120833333333332860e+01,-4.704069643320585303e-01
4.122916666666666430e+01,-3.343927077972461692e-01
4.125000000000000000e+01,4.180825962926473238e-01
4.127083333333332860e+01,2.546644987578265962e-01
4.129166666666666430e+01,-4.921187724806104224e-01
4.131250000000000000e+01,-3.325493543684308051e-01
4.133333333333332860e+01,4.159740531159001886e-01
4.135416666666666430e+01,2.476568745127354365e-01
4.137500000000000000e+01,-4.824365665898042721e-01
4.139583333333332860e+01,-3.125384262845511962e-01
4.141666666666666430e+01,4.339814300347413223e-01
4.143750000000000000e+01,2.648642254573405630e-01
4.145833333333332860e+01,-4.950915803785747027e-01
4.147916666666666430e+01,-3.551510592403759325e-01
4.150000000000000000e+01,3.913690326803829223e-01
4.152083333333332860e+01,2.346795580348521870e-01
4.154166666666666430e+01,-4.744783181450609177e-01
4.156250000000000000e+01,-3.051398626916586032e-01
4.158333333333332860e+01,4.427503249418716091e-01
4.160416666666666430e+01,2.828385280141532121e-01
4.162500000000000000e+01,-4.832638094634118531e-01
4.164583333333332860e+01,-3.486177556521075083e-01
4.166666666666666430e+01,3.991102382001097126e-01
4.168750000000000000e+01,2.381405932281119853e-01
4.170833333333332860e+01,-4.779510968342883803e-01
4.172916666666666430e+01,-3.073850154098014542e-01
4.175000000000000000e+01,4.413360336580240961e-01
4.177083333333332860e+01,2.764042131271067237e-01
4.179166666666666430e+01,-4.901255220188656114e-01
4.181250000000000000e+01,-3.508143848815279409e-01
4.183333333333332860e+01,3.975663083507510187e-01
4.185416666666666430e+01,2.309471882520011121e-01
4.187500000000000000e+01,-4.737676103582038056e-01
4.189583333333332860e+01,-2.920709665157460444e-01
4.191666666666666430e+01,4.560575244087697877e-01
4.193750000000000000e+01,2.881138352621015475e-01
4.195833333333332860e+01,-4.774192877913567834e-01
4.197916666666666430e+01,-3.307127213910491248e-01
4.200000000000000000e+01,4.164604029981543443e-01
4.202083333333332860e+01,2.581997083307694396e-01
4.204166666666666430e+01,-4.854376953723527066e-01
4.206250000000000000e+01,-3.237755002918550895e-01
4.208333333333332860e+01,4.219793205760479227e-01
4.210416666666666430e+01,2.760559645872067147e-01
4.212500000000000000e+01,-4.672592498762784263e-01
4.214583333333332860e+01,-3.111479241583990918e-01
4.216666666666666430e+01,4.346256549791981394e-01
4.218750000000000000e+01,2.889901747712735336e-01
4.220833333333332860e+01,-4.636412166567634996e-01
4.222916666666666430e+01,-3.083473748508169798e-01
4.225000000000000000e+01,4.414958231370135211e-01
4.227083333333332860e+01,2.944638584186785035e-01
4.229166666666666430e+01,-4.579647271115101503e-01
4.231250000000000000e+01,-3.092668089425604228e-01
4.233333333333332860e+01,4.386991494708512018e-01
4.235416666666666430e+01,2.827469786612223368e-01
4.237500000000000000e+01,-4.831437514449413717e-01
4.239583333333332860e+01,-3.404656980140960965e-01
4.241666666666666430e+01,4.058018976067333528e-01
4.243750000000000000e+01,2.424280053171572469e-01
4.245833333333332860e+01,-4.888662627522756265e-01
4.247916666666666430e+01,-3.129890092433463833e-01
4.250000000000000000e+01,4.366734120732279623e-01
4.252083333333332860e+01,2.714368197281614714e-01
4.254166666666666430e+01,-4.927996970698147461e-01
4.256250000000000000e+01,-3.431400226776958329e-01
4.258333333333332860e+01,4.081328961308230419e-01
4.260416666666666430e+01,2.479828360752102112e-01
4.262500000000000000e+01,-4.802859590969171810e-01
4.264583333333332860e+01,-3.134669168917465498e-01
4.266666666666666430e+01,4.468969672775029434e-01
4.268750000000000000e+01,2.899265609840105951e-01
4.270833333333332860e+01,-4.606645800554255432e-01
4.272916666666666430e+01,-3.037059055514693684e-01
4.275000000000000000e+01,4.520338429421322246e-01
4.277083333333332860e+01,2.998067813840769036e-01
4.279166666666666430e+01,-4.439654084565124448e-01
4.281250000000000000e+01,-2.856224468598310695e-01
4.283333333333332860e+01,4.760759361748946317e-01
4.285416666666666430e+01,3.352201424114431560e-01
4.287500000000000000e+01,-4.016487991580418582e-01
4.289583333333332860e+01,-2.423541833529153644e-01
4.291666666666666430e+01,4.697725819537121872e-01
4.293750000000000000e+01,2.968633666444562280e-01
4.295833333333332860e+01,-4.481248570588811653e-01
4.297916666666666430e+01,-2.891982230084222394e-01
4.300000000000000000e+01,4.717155153723052718e-01
4.302083333333332860e+01,3.264555284168816351e-01
4.304166666666666430e+01,-4.309303765759577853e-01
4.306250000000000000e+01,-2.759060866930315159e-01
4.308333333333332860e+01,4.777264746904522630e-01
4.310416666666666430e+01,3.293926449280462077e-01
4.312500000000000000e+01,-4.348448919803165058e-01
4.314583333333332860e+01,-2.774015344215998713e-01
4.316666666666666430e+01,4.844685324948190264e-01
4.318750000000000000e+01,3.348325919568944098e-01
4.320833333333332860e+01,-4.263059811204492622e-01
4.322916666666666430e+01,-2.658006081972925649e-01
4.325000000000000000e+01,4.883821794599532140e-01
4.327083333333332860e+01,3.367892780233869843e-01
4.329166666666666430e+01,-4.214844887262770845e-01
4.331250000000000000e+01,-2.702208257354070664e-01
4.333333333333332860e+01,4.785193959754266979e-01
4.335416666666666430e+01,3.317160445634392829e-01
4.337500000000000000e+01,-4.262248322057193839e-01
4.339583333333332860e+01,-2.700102053057247264e-01
4.341666666666666430e+01,4.846186793937636850e-01
4.343750000000000000e+01,3.364379591851620610e-01
4.345833333333332860e+01,-4.211724626151645001e-01
4.347916666666666430e+01,-2.652702732605337621e-01
4.350000000000000000e+01,4.822361516904350998e-01
4.352083333333332860e+01,3.331557474230451010e-01
4.354166666666666430e+01,-4.127299208748562709e-01
4.356250000000000000e+01,-2.567493393766506760e-01
4.358333333333332860e+01,4.776296109491919850e-01
4.360416666666666430e+01,3.222325677645110353e-01
4.362500000000000000e+01,-4.344563574218027746e-01
4.364583333333332860e+01,-2.781916783417035521e-01
4.366666666666666430e+01,4.753195416114146532e-01
4.368750000000000000e+01,3.274302273128486540e-01
4.370833333333332860e+01,-4.274621641477496237e-01
4.372916666666666430e+01,-2.757728577511791013e-01
4.375000000000000000e+01,4.731375553861820737e-01
4.377083333333332860e+01,3.254911853529032228e-01
4.379166666666666430e+01,-4.340992852980012362e-01
4.381250000000000000e+01,-2.749588551796302571e-01
4.383333333333332860e+01,4.867833347737000604e-01
4.385416666666666430e+01,3.378277130944293827e-01
4.387500000000000000e+01,-4.303811639084820229e-01
4.389583333333332860e+01,-2.720924287492176852e-01
4.391666666666666430e+01,4.921013952566040128e-01
4.393750000000000000e+01,3.419051655963663006e-01
4.395833333333332860e+01,-4.252099209452631090e-01
4.397916666666666430e+01,-2.671274444716777996e-01
4.400000000000000000e+01,4.909034485194625486e-01
4.402083333333332860e+01,3.410155527552094501e-01
4.404166666666666430e+01,-4.161829263511740429e-01
4.406250000000000000e+01,-2.673288080767233232e-01
4.408333333333332860e+01,4.788172450088747922e-01
4.410416666666666430e+01,3.252760758028414578e-01
4.412500000000000000e+01,-4.344020365444445364e-01
4.414583333333332860e+01,-2.927633983207702517e-01
4.416666666666666430e+01,4.512827764343252390e-01
4.418750000000000000e+01,2.904269339627880697e-01
4.420833333333332860e+01,-4.775118419289041682e-01
4.422916666666666430e+01,-3.321689909384015760e-01
4.425000000000000000e+01,4.060299418413801931e-01
4.427083333333332860e+01,2.482078524482402848e-01
4.429166666666666430e+01,-4.756628874984363264e-01
4.431250000000000000e+01,-3.128036128834046359e-01
4.433333333333332860e+01,4.398963504734865193e-01
4.435416666666666430e+01,2.840446907709412994e-01
4.437500000000000000e+01,-4.689072486353049740e-01
4.439583333333332860e+01,-3.177730048967601917e-01
4.441666666666666430e+01,4.429856069914861472e-01
4.443750000000000000e+01,2.830117742730193786e-01
4.445833333333332860e+01,-4.684050075386148038e-01
4.447916666666666430e+01,-3.085334374084087727e-01
4.450000000000000000e+01,4.444341632293151712e-01
4.452083333333332860e+01,2.773496152442251894e-01
4.454166666666666430e+01,-4.751567038154327349e-01
4.456250000000000000e+01,-3.220151012438998706e-01
4.458333333333332860e+01,4.355123234681346212e-01
4.460416666666666430e+01,2.811315856299192451e-01
4.462500000000000000e+01,-4.672481555166021483e-01
4.464583333333332860e+01,-3.138088429189584971e-01
4.466666666666666430e+01,4.455821554898660164e-01
4.468750000000000000e+01,2.864289909269968071e-01
4.470833333333332860e+01,-4.648736182484267676e-01
4.472916666666666430e+01,-3.115092311157980909e-01
4.475000000000000000e+01,4.480279437393950293e-01
4.477083333333332860e+01,2.911989472900047282e-01
4.479166666666666430e+01,-4.598061385329745843e-01
4.481250000000000000e+01,-3.078161520752213942e-01
4.483333333333332860e+01,4.521461330488338870e-01
4.485416666666666430e+01,3.028441189729795813e-01
4.487500000000000000e+01,-4.464236906201211053e-01
4.489583333333332860e+01,-2.997886015319881636e-01
4.491666666666666430e+01,4.616326989101400269e-01
4.493750000000000000e+01,3.114816182062911665e-01
4.495833333333332860e+01,-4.410196796344334480e-01
4.497916666666666430e+01,-2.950047236179669241e-01
4.500000000000000000e+01,4.664517392599789591e-01
4.502083333333332860e+01,3.174455154928497169e-01
4.504166666666666430e+01,-4.347292734823036131e-01
4.506250000000000000e+01,-2.895363112120066251e-01
4.508333333333332860e+01,4.721169211425064738e-01
4.510416666666666430e+01,3.251355612846185128e-01
4.512500000000000000e+01,-4.268517581618960222e-01
4.514583333333332860e+01,-2.835639374189753426e-01
4.516666666666666430e+01,4.730653318372006755e-01
4.518750000000000000e+01,3.264731467500796569e-01
4.520833333333332860e+01,-4.305997987659404558e-01
4.522916666666666430e+01,-2.921317414110626842e-01
4.525000000000000000e+01,4.719762082962388750e-01
4.527083333333332860e+01,3.222171297033962212e-01
4.529166666666666430e+01,-4.310317396753564623e-01
4.531250000000000000e+01,-2.784161984700299630e-01
4.533333333333332860e+01,4.779171361677081453e-01
4.535416666666666430e+01,3.176764615067118047e-01
4.537500000000000000e+01,-4.313588427506445111e-01
4.539583333333332860e+01,-2.770527535269902142e-01
4.541666666666666430e+01,4.820786140282766752e-01
4.543750000000000000e+01,3.263251516918412864e-01
4.545833333333332860e+01,-4.239145101762844536e-01
4.547916666666666430e+01,-2.727064049977334648e-01
4.550000000000000000e+01,4.872453315200186985e-01
4.552083333333332860e+01,3.370118467727509781e-01
4.554166666666666430e+01,-4.131676621238735692e-01
4.556250000000000000e+01,-2.666400361321215051e-01
4.558333333333332860e+01,4.945340681704295527e-01
4.560416666666666430e+01,3.444963321198890593e-01
4.562500000000000000e+01,-4.081405006516687362e-01
4.564583333333332860e+01,-2.627993958597705237e-01
4.566666666666666430e+01,4.941664278993207482e-01
4.568750000000000000e+01,3.430400213609028359e-01
4.570833333333332860e+01,-4.117124905648177347e-01
4.572916666666666430e+01,-2.680197830536210635e-01
4.575000000000000000e+01,4.933160610054345696e-01
4.577083333333332860e+01,3.440246563347526543e-01
4.579166666666666430e+01,-4.063247116720278829e-01
4.581250000000000000e+01,-2.559817692114809695e-01
4.583333333333332860e+01,4.885579163525919366e-01
4.585416666666666430e+01,3.186459091391045106e-01
4.587500000000000000e+01,-4.329969858876319133e-01
4.589583333333332860e+01,-2.746034066898532799e-01
4.591666666666666430e+01,4.810775042246524524e-01
4.593750000000000000e+01,3.136569949114198508e-01
4.595833333333332860e+01,-4.357656489364190033e-01
4.597916666666666430e+01,-2.757444233698549407e-01
4.600000000000000000e+01,4.810849324633765800e-01
4.602083333333332860e+01,3.259103306322903570e-01
4.604166666666666430e+01,-4.214105895020454629e-01
4.606250000000000000e+01,-2.674975700424713221e-01
4.608333333333332860e+01,4.931738779096195291e-01
4.610416666666666430e+01,3.355013635597434707e-01
4.612500000000000000e+01,-4.155086367033899997e-01
4.614583333333332860e+01,-2.629233678862277213e-01
4.616666666666666430e+01,4.895962841675769450e-01
4.618750000000000000e+01,3.360591459858273122e-01
4.620833333333332860e+01,-4.131945452442333799e-01
4.622916666666666430e+01,-2.615439658276943469e-01
4.625000000000000000e+01,4.934296909504951589e-01
4.627083333333332860e+01,3.380027314065310318e-01
4.629166666666666430e+01,-4.120791230599198940e-01
4.631250000000000000e+01,-2.652250309657315785e-01
4.633333333333332860e+01,4.925932232516871956e-01
4.635416666666666430e+01,3.386318054233057318e-01
4.637500000000000000e+01,-4.137733130195841991e-01
4.639583333333332860e+01,-2.654746443398805500e-01
4.641666666666666430e+01,4.918860869476349151e-01
4.643750000000000000e+01,3.366937626022479257e-01
4.645833333333332860e+01,-4.151608419752834678e-01
4.647916666666666430e+01,-2.657102531426995817e-01
4.650000000000000000e+01,4.928523151827448601e-01
4.652083333333332860e+01,3.417306952126839548e-01
4.654166666666666430e+01,-4.083738738703133198e-01
4.656250000000000000e+01,-2.607870141508699113e-01
4.658333333333332860e+01,4.904477208960040802e-01
4.660416666666666430e+01,3.315399130899532310e-01
4.662500000000000000e+01,-4.205508739122212347e-01
4.664583333333332860e+01,-2.713981695095295521e-01
4.666666666666666430e+01,4.890595302871219019e-01
4.668750000000000000e+01,3.396335717346641303e-01
4.670833333333332860e+01,-4.103280646397555742e-01
4.672916666666666430e+01,-2.627006225648753635e-01
4.675000000000000000e+01,4.923244431504421037e-01
4.677083333333332860e+01,3.354763610765290061e-01
4.679166666666666430e+01,-4.167670411140975695e-01
4.681250000000000000e+01,-2.670730649479757801e-01
4.683333333333332860e+01,4.933109530718224889e-01
4.685416666666666430e+01,3.384581545290723525e-01
4.687500000000000000e+01,-4.131806560545756568e-01
4.689583333333332860e+01,-2.617145264626419277e-01
4.691666666666666430e+01,4.879278733237240040e-01
4.693750000000000000e+01,3.299357333194583575e-01
4.695833333333332860e+01,-4.204139379105060748e-01
4.697916666666666430e+01,-2.717671328361728200e-01
4.700000000000000000e+01,4.891675780310285049e-01
4.702083333333332860e+01,3.356249781424440748e-01
4.704166666666666430e+01,-4.165874561701512491e-01
4.706250000000000000e+01,-2.666212964995904322e-01
4.708333333333332860e+01,4.934923104718573761e-01
4.710416666666666430e+01,3.385282497485277986e-01
4.712500000000000000e+01,-4.131523426668879395e-01
4.714583333333332860e+01,-2.620997999323080307e-01
4.716666666666666430e+01,4.900338875929657334e-01
4.718750000000000000e+01,3.315434179627425593e-01
4.720833333333332860e+01,-4.188098053483551020e-01
4.722916666666666430e+01,-2.684062134142362055e-01
4.725000000000000000e+01,4.917520183217751750e-01
4.727083333333332860e+01,3.405966855600159882e-01
4.729166666666666430e+01,-4.093153308670807178e-01
4.731250000000000000e+01,-2.602182539216548740e-01
4.733333333333332860e+01,4.900535741510747556e-01
4.735416666666666430e+01,3.290125506120946675e-01
4.737500000000000000e+01,-4.229088266997851342e-01
4.739583333333332860e+01,-2.722269098655298869e-01
4.741666666666666430e+01,4.878449616148174961e-01
4.743750000000000000e+01,3.377597207804323709e-01
4.745833333333332860e+01,-4.113375030945998212e-01
4.747916666666666430e+01,-2.623367249021217873e-01
4.750000000000000000e+01,4.912685942428982599e-01
4.752083333333332860e+01,3.320144982616226592e-01
4.754166666666666430e+01,-4.201261616292653045e-01
4.756250000000000000e+01,-2.689276663074187113e-01
4.758333333333332860e+01,4.912185919521903088e-01
4.760416666666666430e+01,3.345585240415713812e-01
4.762500000000000000e+01,-4.169561796017919875e-01
4.764583333333332860e+01,-2.638089085303083614e-01
4.766666666666666430e+01,4.900237302593701827e-01
4.768750000000000000e+01,3.277801185776847426e-01
4.770833333333332860e+01,-4.231400198536676704e-01
4.772916666666666430e+01,-2.683866689699345720e-01
4.775000000000000000e+01,4.870877131656543568e-01
4.777083333333332860e+01,3.288263942766800341e-01
4.779166666666666430e+01,-4.223059066120709026e-01
4.781250000000000000e+01,-2.707856816546807543e-01
4.783333333333332860e+01,4.891879416113131818e-01
4.785416666666666430e+01,3.333014289871751856e-01
4.787500000000000000e+01,-4.181790442740793701e-01
4.789583333333332860e+01,-2.665366102361166334e-01
4.791666666666666430e+01,4.925039114755391800e-01
4.793750000000000000e+01,3.435126765579714636e-01
4.795833333333332860e+01,-4.053829246834972366e-01
4.797916666666666430e+01,-2.523558376973760176e-01
4.800000000000000000e+01,4.863346688680807439e-01
4.802083333333332860e+01,3.216842459356428208e-01
4.804166666666666430e+01,-4.257083004774271373e-01
4.806250000000000000e+01,-2.677546442953611106e-01
4.808333333333332860e+01,4.932765792254771853e-01
4.810416666666666430e+01,3.499344769746879358e-01
4.812500000000000000e+01,-3.925535135103657147e-01
4.814583333333332860e+01,-2.322355156048434566e-01
4.816666666666666430e+01,4.757291109693526643e-01
4.818750000000000000e+01,2.908929072702863827e-01
4.820833333333332860e+01,-4.516827922640107573e-01
4.822916666666666430e+01,-2.898254978522363245e-01
4.825000000000000000e+01,4.726362360267803986e-01
4.827083333333332860e+01,3.275808468693970354e-01
4.829166666666666430e+01,-4.161628283408167484e-01
4.831250000000000000e+01,-2.553507886981090103e-01
4.833333333333332860e+01,4.927205291882983396e-01
4.835416666666666430e+01,3.332156192623814128e-01
4.837500000000000000e+01,-4.189513888693516819e-01
4.839583333333332860e+01,-2.567373439409679214e-01
4.841666666666666430e+01,5.036323228756884873e-01
4.843750000000000000e+01,3.467560037802250861e-01
4.845833333333332860e+01,-4.023201705472514433e-01
4.847916666666666430e+01,-2.386829971927868499e-01
4.850000000000000000e+01,4.816776987059041559e-01
4.852083333333332860e+01,3.043138931637212607e-01
4.854166666666666430e+01,-4.355785029011429721e-01
4.856250000000000000e+01,-2.801620506294844049e-01
4.858333333333332860e+01,4.792540846274664368e-01
4.860416666666666430e+01,3.374084914730675067e-01
4.862500000000000000e+01,-4.005369719407401163e-01
4.864583333333332860e+01,-2.398052761882745187e-01
4.866666666666666430e+01,4.754491054413927387e-01
4.868750000000000000e+01,3.011674116058915551e-01
4.870833333333332860e+01,-4.357769325637428359e-01
4.872916666666666430e+01,-2.786051377602225543e-01
4.875000000000000000e+01,4.786245691307930983e-01
4.877083333333332860e+01,3.359017690184646909e-01
4.879166666666666430e+01,-4.047411954245330179e-01
4.881250000000000000e+01,-2.435504131966896857e-01
4.883333333333332860e+01,4.874137004657828065e-01
4.885416666666666430e+01,3.154824763904464646e-01
4.887500000000000000e+01,-4.343135180285173647e-01
4.889583333333332860e+01,-2.700863882483424128e-01
4.891666666666666430e+01,4.971298835762074653e-01
4.893750000000000000e+01,3.471168670350537333e-01
4.895833333333332860e+01,-4.078926371428956976e-01
4.897916666666666430e+01,-2.442139097242188583e-01
4.900000000000000000e+01,4.756315431462425636e-01
4.902083333333332860e+01,2.972339695358767742e-01
4.904166666666666430e+01,-4.616038681595497906e-01
4.906250000000000000e+01,-2.998353357153473731e-01
4.908333333333332860e+01,4.504525150661207178e-01
4.910416666666666430e+01,2.940077366513698109e-01
4.912500000000000000e+01,-4.647537074098222476e-01
4.914583333333332860e+01,-3.154018500789792512e-01
4.916666666666666430e+01,4.305173359738003747e-01
4.918750000000000000e+01,2.727861926278336568e-01
4.920833333333332860e+01,-4.908969656413115779e-01
4.922916666666666430e+01,-3.495003191913061968e-01
4.925000000000000000e+01,3.894402295269081549e-01
4.927083333333332860e+01,2.314053327085985323e-01
4.929166666666666430e+01,-4.647920398574689749e-01
4.931250000000000000e+01,-2.795876468814038063e-01
4.933333333333332860e+01,4.644913873996392439e-01
4.935416666666666430e+01,3.034378858298625303e-01
4.937500000000000000e+01,-4.703791952981055680e-01
4.939583333333332860e+01,-3.258583603727478462e-01
4.941666666666666430e+01,4.210850527884284489e-01
4.943750000000000000e+01,2.571709382487621376e-01
4.945833333333332860e+01,-4.893759064021971916e-01
4.947916666666666430e+01,-3.315583742066485762e-01
4.950000000000000000e+01,4.223934868958174604e-01
4.952083333333332860e+01,2.658521963545639188e-01
4.954166666666666430e+01,-4.905358658431833163e-01
